stock_code,trade_date,ma5,ma10,ma20,ma60,vol_ma5,kd_k,kd_d,macd_dif,macd_macd,macd_osc,rsi6,rsi12,bb_upper,bb_mid,bb_lower,bias20,ma_alignment,rs_rating
0050,2026-08-26,104.52000122070312,105.01500015258789,103.64449996948242,104.29899991353354,44193101.2,50.277123107079674,52.0888278070598,0.5529644667760323,0.42247202575529247,0.1304924410207398,63.29974042839241,56.97215126487851,109.33015041087727,103.64449996948242,97.95884952808758,2.2244277114932336,交叉混雜,87.0
0051,2026-08-26,142.35,142.81100006103514,140.34499893188476,141.77083358764648,24059.8,56.45345187983997,63.51503211391258,1.002862810004558,0.7267864789468232,0.27607633105773477,68.1232155062633,59.234909313940484,150.25997544421986,140.34499893188476,130.43002241954966,2.9249335905084535,交叉混雜,84.0
0052,2026-08-26,60.92999954223633,61.18500022888183,60.422500419616696,60.979166666666664,8248983.6,48.57837370054336,46.18148123308074,0.2823283380705206,0.18962473254276319,0.09270360552775742,64.84069527358325,57.099620108294694,63.84309985989227,60.422500419616696,57.00190097934112,2.279777910343865,交叉混雜,10.0
0053,2026-08-26,238.37999572753907,239.30499725341798,234.8124984741211,236.26499888102214,77722.0,54.70137351158986,58.82767996923478,1.9973623720802323,1.6132293311489556,0.38413304093127665,58.78512413723939,55.94479357633887,251.14988997064202,234.8124984741211,218.47510697760018,2.3795562240819472,交叉混雜,88.0
0055,2026-08-26,43.997999572753905,43.92599983215332,43.896999740600585,42.419833056132,323444.4,74.19820139543268,72.85111237070171,0.4522417329068702,0.4855916645715742,-0.03334993166470401,62.7052393314194,59.29808864408769,44.91492591570841,43.896999740600585,42.87907356549276,1.533134287538045,多排,84.0
0056,2026-08-26,52.51999969482422,52.670000076293945,51.71599998474121,51.65666669209798,17099711.0,53.10889305650413,54.531033066985046,0.5283957920882187,0.4413690379165635,0.08702675417165523,70.56758948834515,61.72549722646894,55.05655407900226,51.71599998474121,48.37544589048016,3.062880448578188,交叉混雜,81.0
0057,2026-08-26,312.0300048828125,313.7450012207031,309.6675003051758,310.0450002034505,21827.2,48.85516365482893,48.08349782381909,1.8987206508788859,1.6502925020935222,0.24842814878536368,62.26901657396675,56.38098339056518,326.34592093395145,309.6675003051758,292.98907967640014,1.9964981124099248,交叉混雜,87.0
0061,2026-08-26,24.322000122070314,24.576000213623047,24.694000053405762,24.918666712443034,100914.4,28.954035746346918,30.471378321637317,-0.14681784161085076,-0.08941304708480567,-0.05740479452604509,46.196556089572766,45.70688665455618,25.36569533020346,24.694000053405762,24.022304776608063,-0.9880913984717403,空排,63.0
00929,2026-08-26,28.55800018310547,28.84900035858154,28.59250020980835,,18158954.4,35.31390669174587,36.214564485581775,-0.07434874263847746,-0.1009894341711288,0.026640691532651334,60.581694889044485,56.10976320299161,30.27872809843938,28.59250020980835,26.90627232117732,1.390223164791502,,
1101,2026-08-26,24.65,24.38999996185303,24.299999809265138,24.053333282470703,34703069.0,42.993976872035994,50.8981545807805,0.1535109121326208,0.14480718500048242,0.008703727132138378,43.78015237932641,50.08763210527067,24.969642806161914,24.299999809265138,23.630356812368362,-2.3547514228648863e-06,多排,55.0
1102,2026-08-26,34.87000045776367,34.025000381469724,33.385000228881836,34.27083346048991,12092209.6,91.57239833612188,85.90626448712791,0.30677140943751624,-0.011081002711885377,0.31785241214940163,77.9388774689721,66.04410440741495,35.38318382257773,33.385000228881836,31.38681663518594,4.837501153350314,交叉混雜,50.0
1103,2026-08-26,13.260000038146973,13.184999942779541,13.147499895095825,13.389166577657063,343027.0,59.208462115117854,51.36810200954717,-0.022693260257083736,-0.05461772571701315,0.03192446545992941,66.73858527761509,55.37428952134634,13.343445639202727,13.147499895095825,12.951554150988922,1.1599185917919108,交叉混雜,47.0
1104,2026-08-26,26.769999694824218,26.639999771118163,26.657499885559083,27.31833333969116,682394.6,71.24951686359995,59.932502238496454,-0.06982460923818934,-0.12195537533765635,0.05213076609946701,55.069957418998534,50.84428863267994,27.070798533767768,26.657499885559083,26.2442012373504,0.34699471007416477,交叉混雜,38.0
1108,2026-08-26,11.760000038146973,11.765000057220458,11.867500114440919,12.885833326975504,158313.2,29.33939489058915,32.29664332353625,-0.24901507852667137,-0.2962127640086975,0.04719768548202613,41.674863422367075,35.20234280812592,12.154545185057207,11.867500114440919,11.58045504382463,-0.9900999646752827,空排,12.0
1109,2026-08-26,13.560000038146972,13.585000038146973,13.600000095367431,14.161666711171469,126716.6,47.641538325196244,39.803688718383235,-0.12381717966938588,-0.1614564351559284,0.03763925548654251,63.366028759517164,50.658955985042645,13.794665718215096,13.600000095367431,13.405334472519765,0.7352920087976228,空排,27.0
1110,2026-08-26,15.989999961853027,16.035000038146972,16.04999985694885,15.826666529973348,129400.4,33.80319384499843,36.868834614918704,0.030772245006996712,0.0651449411811626,-0.034372696174165884,49.05066870221586,50.07433222723176,16.447359488278288,16.04999985694885,15.652640225619413,-0.31152559124294116,交叉混雜,55.0
1201,2026-08-26,12.339999961853028,12.294999980926514,12.227499961853027,12.378333282470702,333187.0,46.87435960389049,62.72954173796894,-0.013417411128815004,-0.029493217038178733,0.01607580590936373,45.28985883048836,47.48946483276592,12.473467334899784,12.227499961853027,11.981532588806271,0.18401176215225984,交叉混雜,26.0
1203,2026-08-26,44.68000030517578,44.55000038146973,46.05750045776367,44.76666685740153,9261.2,50.35649272181935,39.31978556999695,-0.40849172244818277,-0.19112812293285453,-0.21736359951532824,52.79795623215722,48.23508343079176,49.75604573266514,46.05750045776367,42.3589551828622,-1.97036079436611,交叉混雜,67.0
1210,2026-08-26,52.679998779296874,52.54999961853027,53.670000076293945,55.43666674296061,1078373.2,51.64731232020314,45.18740399255033,-0.9773221355188397,-0.9662169493868744,-0.011105186131965317,38.15435066277769,37.215317473006195,56.84098749707682,53.670000076293945,50.49901265551107,-2.1799889596250153,交叉混雜,52.0
1213,2026-08-26,7.207999992370605,7.29500002861023,7.394999980926514,7.745833325386047,1025.0,18.893841415463623,21.56563929095892,-0.11394512616775376,-0.09637448696374486,-0.017570639204008906,31.26371264688484,38.159485136484975,7.815701026806465,7.394999980926514,6.974298935046562,-2.6369191638178413,空排,7.0
1215,2026-08-26,109.8,109.1,107.725,111.3,673623.8,58.08761328114242,68.70555004232888,-0.20823083847930945,-0.6463537248889053,0.43812288640959585,45.651312045735736,48.15284466430061,112.54245728957275,107.725,102.90754271042724,0.71942446043166,交叉混雜,12.0
1216,2026-08-26,77.61999969482422,76.90999984741211,75.75,76.19666684468588,12655041.4,74.72725315966889,79.20331126681009,0.3418968545529566,0.10470654086799225,0.23719031368496435,52.71089992281963,53.39602903577338,79.03857670028036,75.75,72.46142329971964,1.78217620346019,交叉混雜,60.0
1217,2026-08-26,10.020000076293945,9.980000019073486,9.914999961853027,9.926499938964843,454522.6,79.64976890325107,79.75185452181859,0.02665663285766051,0.01195420354634845,0.014702429311312062,58.08257414159351,56.53428838621929,10.090259158760684,9.914999961853027,9.73974076494537,0.8572873270196855,交叉混雜,48.0
1218,2026-08-26,14.669999885559083,14.675,15.175,16.70083341598511,1409835.8,33.301790673285055,30.54943941457956,-0.510782401491884,-0.5178162286746013,0.007033827182717278,36.98883485092957,35.34856285902667,16.38046996583154,15.175,13.969530034168463,-4.448105436573316,空排,9.0
1219,2026-08-26,11.289999771118165,11.199999904632568,11.069999933242798,11.879166587193806,470832.6,80.81465790096692,75.413650854351,-0.0995466995930947,-0.20663535737682615,0.10708865778373144,78.71893782647605,64.06076194721754,11.678189445700832,11.069999933242798,10.461810420784763,6.142728734037181,交叉混雜,25.0
1220,2026-08-26,10.939999961853028,10.949999904632568,11.05999984741211,11.40666659673055,67425.0,41.138269040483465,34.73448918242887,-0.1261424521055261,-0.1293573159918666,0.0032148638863404855,45.72751143513262,38.97150067257152,11.312565542464203,11.05999984741211,10.807434152360017,-0.9945754038388304,空排,24.0
1225,2026-08-26,24.86999969482422,24.69499969482422,24.71249990463257,27.436666615804036,85681.2,52.741791462352325,48.01838403203607,-0.5110523498773105,-0.7414730024696611,0.23042065259235056,73.92353624211503,56.71692797043569,25.991016340728805,24.71249990463257,23.433983468536333,4.400604295901754,交叉混雜,21.0
1227,2026-08-26,29.059999847412108,28.954999923706055,28.995000171661378,29.23916680018107,506913.0,48.51846262956865,54.14608777293533,-0.10751705394433131,-0.12144442563181249,0.013927371687481177,42.89191100008423,45.21649838632375,29.60448644284369,28.995000171661378,28.385513900479065,-0.5000854951998532,交叉混雜,47.0
1229,2026-08-26,41.99000091552735,41.560000610351565,41.10750026702881,41.17269617716472,1726118.6,68.44873909662722,68.25441998491095,0.2702239709178116,0.16760010352752827,0.10262386739028331,58.572335958028624,56.61833876351956,42.53772968235376,41.10750026702881,39.67727085170386,1.9278750926281407,交叉混雜,50.0
1231,2026-08-26,81.54000091552734,81.4900001525879,81.1150001525879,85.86151504516602,216916.0,33.89225991604608,44.230970774708396,-1.2319153657413437,-1.4510847618206204,0.21916939607927666,42.04105155584276,41.52636381100837,83.13935284803297,81.1150001525879,79.09064745714282,-0.14177421237941937,交叉混雜,19.0
1232,2026-08-26,157.0,155.6,155.075,150.9,105487.8,63.472045825374614,58.29896023357315,1.1472495544609274,1.0957535165919527,0.05149603786897461,60.27359534457856,56.76384056211387,158.46655297451238,155.075,151.6834470254876,1.2413348379816291,多排,63.0
1233,2026-08-26,28.279999923706054,28.004999732971193,28.314999866485596,28.26249993642171,39645.4,59.26391159052353,45.76133069385416,-0.0799318826657931,-0.12029400245193547,0.040362119786142375,68.75766250501984,56.75694648822181,29.297532008282232,28.314999866485596,27.33246772468896,0.8299465713687044,交叉混雜,40.0
1234,2026-08-26,33.44000015258789,33.52999992370606,33.575,33.948333485921225,65947.0,24.802370336545692,29.213752268424134,-0.09909813600187789,-0.08922662726309223,-0.009871508738785659,45.48578954936619,45.84946476452632,34.072890673072706,33.575,33.0771093269273,-0.5212166019987984,空排,31.0
1235,2026-08-26,37.01000061035156,36.54000015258789,36.525000190734865,36.923333676656085,27885.8,65.71063795972974,53.487274443969504,0.04358455072976852,-0.13301169839941704,0.17659624912918556,64.7151579418847,58.597605374135576,37.98553463335772,36.525000190734865,35.064465748112006,4.038329367727949,交叉混雜,19.0
1236,2026-08-26,25.529999923706054,25.44499988555908,25.167500019073486,24.994166564941406,30232.4,72.4110843869949,72.3081862599897,0.2774584372238351,0.2380290752475201,0.039429361976315025,67.02276985215545,63.17197337918941,26.070870528881485,25.167500019073486,24.264129509265487,1.7184875814779565,多排,63.0
1240,2026-08-26,57.1,56.94000015258789,56.04500026702881,56.73333346048991,7832.4,91.93746226640336,91.43939546749935,0.33940146406902727,0.13486280696721836,0.2045386571018089,77.01847056084456,66.74210215421422,58.1501066024823,56.04500026702881,53.93989393157532,2.4177022970722333,交叉混雜,48.0
1256,2026-08-26,180.7,179.55,179.925,183.33333333333334,27412.4,75.83707854142818,58.20743077565709,-0.8061784649202934,-1.4366721206201736,0.6304936556998801,68.99610984613389,56.45782282618284,186.38357243473385,179.925,173.46642756526617,2.264832569126018,交叉混雜,72.0
1264,2026-08-26,254.0,256.2,256.3,263.15,26592.6,14.782255131064272,28.675801225855807,-1.9961863504561563,-1.819664659507424,-0.17652169094873238,22.091383892787476,28.717719028130773,260.4345781939879,256.3,252.16542180601212,-1.6777214202106947,空排,25.0
1268,2026-08-26,180.5,180.55,178.1,172.36666666666667,12922.8,60.31049122561858,59.553578873532075,2.5264956405970906,2.6975317153455296,-0.17103607474843896,54.58735904492348,57.99936030287546,188.32689951471943,178.1,167.87310048528056,1.3475575519371172,交叉混雜,70.0
1294,2026-08-26,55.36000061035156,56.31000022888183,56.575,60.159722264607744,20736.4,18.153734712518762,20.846132071366718,-0.8405671037572873,-0.7622300270370717,-0.07833707672021561,41.62322563981506,41.930200238825925,59.24717541810472,56.575,53.90282458189529,-2.0768863881946027,空排,19.0
1295,2026-08-26,45.99999923706055,46.14499969482422,46.28249988555908,48.042985916137695,59141.0,43.03121833833663,29.640416630322598,-0.5178736175103182,-0.63731088065826,0.11943726314794179,54.904916212192774,48.36281947305746,47.20717655417152,46.28249988555908,45.35782321694665,0.4699402905606234,空排,3.0
1301,2026-08-26,58.41999969482422,58.43999977111817,56.8399995803833,55.86749973297119,24112201.8,51.169485105693646,49.59619647445045,0.3540393701455997,0.18037671563256133,0.1736626545130384,63.17429879891447,56.952848900030126,60.684011050384704,56.8399995803833,52.995988110381894,5.735395703385772,交叉混雜,84.0
1303,2026-08-26,190.7,193.8,184.275,167.63166669209798,70724324.8,49.91533156166954,47.30990395636124,5.635033248728774,5.462797513625089,0.17223573510368517,67.00068119491871,60.85548010999577,215.29702104108816,184.275,153.25297895891185,12.33211233211233,交叉混雜,98.0
1304,2026-08-26,11.990000152587891,11.970000076293946,11.782500076293946,12.790000009536744,2399182.8,51.996737023326276,44.62791045561168,-0.15990181253206615,-0.2471347676303149,0.08723295509824874,63.31267438743498,53.33392542698768,12.48233095119394,11.782500076293946,11.082669201393951,3.967748106759197,交叉混雜,58.0
1305,2026-08-26,11.980000114440918,11.915000057220459,11.630000066757201,12.474999984105429,1682351.2,63.39412918043865,62.81174436823633,-0.058493907903807596,-0.16038444032880692,0.10189053242499932,65.48813610839889,56.91375792503185,12.40554734643828,11.630000066757201,10.854452787076124,5.331039808116471,交叉混雜,55.0
1307,2026-08-26,30.829999923706055,30.61999969482422,31.057499885559082,32.94416659673055,478220.2,48.91069435344442,40.76227128257936,-0.4382301674386646,-0.5111335617728969,0.07290339433423232,50.93247128818914,45.46091315639367,32.35497780433628,31.057499885559082,29.76002196678189,-0.6681139977588384,交叉混雜,42.0
1308,2026-08-26,13.839999771118164,13.63499994277954,13.357499980926514,13.869999996821086,1549231.8,58.9252406269932,57.42913312414619,0.024205534300467235,-0.08334051295710634,0.10754604725757358,67.16841590080404,59.45362966164448,14.326642057956334,13.357499980926514,12.388357903896694,5.932993739362816,交叉混雜,63.0
1309,2026-08-26,13.139999961853027,12.984999942779542,12.862499904632568,14.22916669845581,1925607.0,63.84521840197871,54.56077928843908,-0.23825581539552054,-0.37488047578395045,0.1366246603884299,65.91138786389233,53.81566361369894,13.461512217800873,12.862499904632568,12.263487591464262,4.567540594662898,交叉混雜,54.0
1310,2026-08-26,8.122000122070313,8.142000102996827,7.945000052452087,9.135333355267843,3188596.0,32.75257928912914,38.576116298205555,-0.25037137405626986,-0.33227398761781557,0.08190261356154571,56.71285957265058,46.69053631561865,8.646292193015071,7.945000052452087,7.243707911889103,3.3354308866630857,交叉混雜,37.0
1312,2026-08-26,12.080000114440917,11.935000038146972,11.82000002861023,12.941666650772095,4136302.2,62.718725022192444,49.351194419683054,-0.12140319992465542,-0.2588887301801215,0.13748553025546606,81.9874299756797,64.93594313263887,12.621577498020544,11.82000002861023,11.018422559199914,9.983079260013444,交叉混雜,73.0
1313,2026-08-26,11.739999961853027,11.689999961853028,11.357500028610229,11.774166679382324,2381451.0,67.15909021321667,61.85612774727545,0.02555996402039895,-0.04872370265596957,0.07428366667636851,62.546243080002654,56.051888541080686,12.390265758360362,11.357500028610229,10.324734298860095,5.216815136802687,交叉混雜,71.0
1314,2026-08-26,7.985999965667725,7.873999977111817,7.7829999923706055,8.177333323160807,22736644.0,58.3936668059154,58.31332852863322,-0.04945108823924116,-0.10244312091450133,0.052992032675260176,57.08282752365422,52.03927734030469,8.136990725105484,7.7829999923706055,7.429009259635726,2.7881280719788233,交叉混雜,58.0
1315,2026-08-26,66.24000091552735,65.78000030517578,64.79000034332276,63.51666679382324,24154.2,87.47965945185342,82.33901416416406,0.7372797258371548,0.5791198919429841,0.15815983389417076,76.51582195116676,68.06919428662633,67.10598668765113,64.79000034332276,62.4740139989944,2.484953193432222,多排,59.0
1316,2026-08-26,11.119999885559082,10.744999980926513,10.382000064849853,10.436333386103312,6380882.0,68.62590000666039,69.4235104604345,0.25254924077724716,0.11080843586850081,0.14174080490874635,73.22211776129795,67.88208439690298,11.417223759710405,10.382000064849853,9.346776369989302,9.805428119067756,交叉混雜,33.0
1319,2026-08-26,82.61999969482422,82.33999938964844,78.55499954223633,81.6233331044515,1442453.0,48.03050053298953,61.946467189033385,1.766745055207096,1.2397134589080994,0.5270315962989967,60.94829501926669,62.915458341077795,87.72094881861585,78.55499954223633,69.38905026585681,4.512760425870461,交叉混雜,21.0
1321,2026-08-26,32.74999923706055,32.32999935150146,32.159999752044676,31.575,166965.8,72.71650160077093,59.551803290254526,0.30604024289807796,0.17729572902084462,0.12874451387723335,86.48062410952194,73.60275955979516,33.2086074254508,32.159999752044676,31.11139207863855,4.94403065987037,多排,59.0
1323,2026-08-26,21.560000228881837,21.510000038146973,20.932500076293945,20.286666679382325,10605.8,59.22569381772586,65.07159791078811,0.3948419481597547,0.37340657480883804,0.021435373350916664,52.655166078304305,61.34265359238485,22.60999034424903,20.932500076293945,19.25500980833886,2.2333669677888692,多排,66.0
1324,2026-08-26,10.055999946594238,10.076999950408936,10.039999961853027,10.30083335240682,9035.0,44.26047807649094,41.43327844975336,-0.04742757919462548,-0.06370750965149075,0.016279930456865266,62.59149744546052,53.51796875543491,10.189243735482584,10.039999961853027,9.89075618822347,1.0956141144939213,交叉混雜,42.0
1325,2026-08-26,26.2,26.135000038146973,26.267499923706055,25.899166774749755,153472.8,24.630550914613302,25.565843950606244,0.010279263903836267,0.08207675763408301,-0.07179749373024674,45.50391971349845,48.11906843140993,27.046348144874568,26.267499923706055,25.488651702537542,-0.8280220320823773,交叉混雜,31.0
1326,2026-08-26,58.8,58.94000015258789,58.49500007629395,59.017499860127764,21370634.2,49.62172292040937,43.8891173082815,-0.5407639388933134,-0.577695271455222,0.036931332561908614,58.714077851237754,52.50135258315289,61.022719859014984,58.49500007629395,55.96728029357291,3.2566910797509188,交叉混雜,90.0
1336,2026-08-26,16.770000076293947,17.039999961853027,16.09500002861023,15.359166685740153,279908.6,34.57355796796133,47.783124157402064,0.45736739965873596,0.47273975851050337,-0.01537235885176741,48.4417356868833,54.22292874537608,18.372556506163924,16.09500002861023,13.817443551056533,3.137622565777049,交叉混雜,69.0
1337,2026-08-26,4.6379999160766605,4.642999935150146,4.655999946594238,4.890333342552185,273596.6,56.479244881798024,45.053450212537825,-0.058488602998576944,-0.07116958871456555,0.012680985715988607,56.61018413192174,47.97067892168007,4.750568112624177,4.655999946594238,4.561431780564299,0.5154613835839996,空排,34.0
1338,2026-08-26,14.539999961853027,14.6,14.952499961853027,16.093333292007447,57666.0,25.482781461622615,22.925813450117488,-0.4074327560933284,-0.40508483153261354,-0.0023479245607148647,36.604151448608455,33.6455785435073,15.728776394138473,14.952499961853027,14.176223529567581,-3.0262495436044112,空排,8.0
1339,2026-08-26,45.49999923706055,45.569999313354494,45.15999984741211,44.53083330790202,93167.6,36.8497769249835,38.09138181760297,0.31790633730550155,0.32031569657420933,-0.002409359268707778,61.86728502319798,58.89749917323393,46.55759065116964,45.15999984741211,43.76240904365458,1.527897761382576,交叉混雜,53.0
1340,2026-08-26,5.211999893188477,5.1729999542236325,5.139999985694885,5.376833311716715,139269.0,52.094251599105206,43.7985049473196,-0.015188937032249328,-0.04748291129798641,0.03229397426573708,70.03355200549602,58.832634938992115,5.319120580481343,5.139999985694885,4.960879390908428,3.3073921703848637,交叉混雜,20.0
1341,2026-08-26,59.71999969482422,59.920000076293945,59.37000007629395,59.633333396911624,2600.6,59.42778214440327,55.50399025347187,0.21569019307809612,0.17526029200237497,0.04042990107572114,55.43998135734403,54.02137686010821,61.07830802090661,59.37000007629395,57.661692131681285,0.8927091947176604,交叉混雜,44.0
1342,2026-08-26,103.3,102.8,102.1,108.6283332824707,104000.0,58.66076786984423,55.06097330008807,-1.2114036374574226,-1.6227332107572177,0.411329573299795,56.077598223714304,48.05312096629681,105.8980603453497,102.1,98.30193965465028,1.3712047012732673,交叉混雜,71.0
1402,2026-08-26,29.29000053405762,28.385000228881836,27.775,27.82416664759318,25210745.8,63.82758074133527,71.67393954783583,0.43369994877807727,0.24643740782509543,0.18726254095298184,49.376779924206,53.84693512233506,29.774079144954158,27.775,25.77592085504584,2.4302457711591523,交叉混雜,64.0
1409,2026-08-26,24.5,24.575,23.630000019073485,25.3083332379659,7079163.4,41.06702873165129,46.00847414448565,0.13473515795065438,-0.028585176041466542,0.16332033399212093,65.21749325553557,56.517100425778246,26.57160692503896,23.630000019073485,20.68839311310801,5.162930010205209,交叉混雜,88.0
1410,2026-08-26,25.129999542236327,25.474999809265135,25.64749984741211,25.699166584014893,68302.2,14.273818639946295,20.361990743643112,-0.24308217436109203,-0.13708553229421372,-0.10599664206687831,23.72635597246476,37.60693586880757,26.50434560777296,25.64749984741211,24.79065408705126,-3.3044180344817424,空排,12.0
1413,2026-08-26,9.354000091552734,9.36299991607666,9.373000001907348,9.466333389282227,21902.4,49.86866589794528,43.2164784971488,-0.04589037893961034,-0.044616552468121254,-0.0012738264714890896,52.6753950924977,49.193885798589164,9.567351922287449,9.373000001907348,9.178648081527248,0.18137566853671358,空排,37.0
1414,2026-08-26,19.780000305175783,19.830000114440917,19.529999923706054,18.54999992052714,405653.8,37.20523867135532,54.44264569334639,0.2971369162772355,0.37438523987421596,-0.07724832359698047,39.02355062728358,47.38357274714971,20.668974349889712,19.529999923706054,18.391025497522396,-1.6897038507718516,交叉混雜,71.0
1416,2026-08-26,11.9,11.844999980926513,11.369999980926513,11.176666673024496,473165.8,59.67933806281316,72.2138949241403,0.2504474524316258,0.19621373816855234,0.05423371426307347,56.51121899407182,62.367251421457105,12.398744707463083,11.369999980926513,10.341255254389944,3.781883997622578,多排,57.0
1417,2026-08-26,8.271999931335449,8.269000053405762,8.266500091552734,8.497500038146972,98001.2,54.70588680554137,54.822337308858785,-0.06312227782366975,-0.07560580815925436,0.012483530335584608,46.88086853968856,44.12782256253142,8.349920426697079,8.266500091552734,8.18307975640839,-0.0786289554093162,交叉混雜,49.0
1418,2026-08-26,17.769999694824218,17.814999771118163,17.952499771118163,18.288333320617674,11068.0,32.1451301633042,26.164247063756925,-0.15728637235364218,-0.15022842257147623,-0.007057949782165951,42.2904585150399,42.26349512398606,18.302650133108177,17.952499771118163,17.60234940912815,-0.8494668486388586,空排,27.0
1419,2026-08-26,65.58000030517579,64.88000030517578,65.43000030517578,66.08666623433432,93638.2,56.52963369028462,51.35266733169318,-0.31604707570899393,-0.3973877621648832,0.08134068645588927,49.57510628777993,48.19282651535031,68.24282897521111,65.43000030517578,62.61717163514046,-0.351525838087761,交叉混雜,60.0
1423,2026-08-26,35.45,35.38999977111816,35.50499954223633,37.80166670481364,4599.0,57.395863037241305,54.62830560601491,-0.38651736683608817,-0.4786398108998581,0.0921224440637699,51.854687470698224,46.575824857770414,36.114485757418365,35.50499954223633,34.89551332705429,-0.014081234476230053,交叉混雜,26.0
1432,2026-08-26,15.030000114440918,15.055000114440919,15.092500114440918,15.628333377838135,48433.8,9.758968093267319,16.003496081679028,-0.07984419425607037,-0.09283276920329528,0.012988574947224912,38.808329412759704,41.268726589013866,15.265020110558629,15.092500114440918,14.919980118323208,-0.6128879492431587,空排,24.0
1434,2026-08-26,17.83000030517578,17.690000152587892,17.535000228881835,17.615833473205566,2278052.8,52.75912204339254,55.64004626470424,-0.009889719401524388,-0.04557973718197058,0.03569001778044619,59.097915602963866,53.41118317697177,18.069199145100068,17.535000228881835,17.0008013126636,2.081547675415765,交叉混雜,70.0
1435,2026-08-26,23.139999389648438,23.809999847412108,23.467500019073487,21.76416670481364,12059.4,27.764828596890048,35.43861217906299,0.08205168031917509,0.2921907311248419,-0.2101390508056668,48.987257962445696,49.56467153313121,25.836882353229463,23.467500019073487,21.09811768491751,-0.7137563944894084,交叉混雜,79.0
1436,2026-08-26,38.55,37.93499984741211,37.18249988555908,42.007499885559085,128009.2,82.19498601716161,82.88453408963801,-0.6365794379051337,-1.1186992939497922,0.48211985604465846,59.099810559040016,49.913246950881444,39.36261881494453,37.18249988555908,35.00238095617363,3.408864065841475,交叉混雜,4.0
1437,2026-08-26,32.01999969482422,31.809999847412108,31.167500019073486,30.53416659037272,82323.0,64.5072904628604,72.64558763413477,0.37333024412873783,0.29778160021216615,0.07554864391657168,56.440088541335975,58.36073869555156,32.94255364787343,31.167500019073486,29.392446390273538,2.029354993502821,多排,62.0
1438,2026-08-26,22.420000076293945,22.395000076293947,22.535000133514405,22.16166664759318,27623.4,71.55857633638325,63.53161071965212,0.06086699820028585,0.07514252149771407,-0.01427552329742822,60.31804713071382,55.06996746712093,23.10448724787753,22.535000133514405,21.96551301915128,0.0665591455836513,交叉混雜,15.0
1439,2026-08-26,29.559999847412108,29.234999656677246,28.80499973297119,26.293333307902017,53410.2,92.1074150158934,88.40691374203553,0.849409435612241,0.8783658297511521,-0.028956394138911046,67.84344301097653,65.78811309378123,30.28251575878518,28.80499973297119,27.3274837071572,2.7599397877742438,多排,65.0
1440,2026-08-26,13.670000076293945,13.580000114440917,13.14500002861023,13.315833346048992,1313692.2,52.323381028088164,61.11022021817209,0.18992774834097226,0.13170656566298533,0.05822118267798693,59.71606112257582,59.10911077950354,14.419404072040036,13.14500002861023,11.870595985180424,4.222136017093524,交叉混雜,62.0
1441,2026-08-26,8.961999893188477,8.91599998474121,8.92750005722046,9.114333343505859,5714.0,45.394660627539224,36.619369027068885,-0.03978396132970552,-0.06461013258303643,0.024826171253330906,59.66246715681951,54.075593189429604,9.091768681406128,8.92750005722046,8.763231433034791,1.4841821511843594,交叉混雜,27.0
1442,2026-08-26,30.31999969482422,30.074999809265137,29.802499866485597,28.780833276112876,159129.2,63.424540621957355,68.66407566189271,0.3203839173042944,0.3363507008855526,-0.015966783581258193,49.16258256199086,54.114576140125465,30.773920327909487,29.802499866485597,28.831079405061708,0.8304651344140268,多排,40.0
1443,2026-08-26,25.070000076293944,24.98499984741211,25.45749988555908,26.200000031789145,5926.2,63.871416403577015,47.5835321793579,-0.3287966436247629,-0.32499966958820814,-0.0037969740365547677,49.61354822647484,44.924900457196145,26.6260685171925,25.45749988555908,24.28893125392566,-1.207896566477993,交叉混雜,33.0
1444,2026-08-26,7.3199999809265135,7.258999967575074,7.210999989509583,7.631999985376994,1498212.0,36.12705982187944,43.9855669413523,-0.10517800254119436,-0.13288052785637894,0.02770252531518458,47.35597520811539,45.776871782514625,7.433417363264247,7.210999989509583,6.988582615754919,0.402160333528907,交叉混雜,73.0
1445,2026-08-26,10.470000076293946,10.339999961853028,10.429999923706054,10.994999996821086,57200.4,44.22857101788874,37.20716753818938,-0.15289360575750877,-0.21182856943407055,0.058934963676561786,58.89544284283703,48.60265376523198,10.848518690528492,10.429999923706054,10.011481156883617,0.6711416759921969,交叉混雜,10.0
1446,2026-08-26,13.610000038146973,13.705000019073486,13.752500057220459,15.163333384195964,107897.0,9.225391568152167,20.547009323338006,-0.28879710766999267,-0.33615974777274427,0.047362640102751596,27.55272465993454,30.872225017964936,14.066179229665664,13.752500057220459,13.438820884775254,-1.472458575844742,空排,8.0
1447,2026-08-26,6.979999923706055,6.913999938964844,6.93699996471405,7.221999994913737,1197302.6,32.15447439873061,34.5265114523839,-0.1171457566244154,-0.1319647458101923,0.014818989185776898,47.3802097918829,45.88484641646456,7.211310537466014,6.93699996471405,6.662689391962086,-0.24506109999390138,交叉混雜,78.0
1449,2026-08-26,12.450000190734864,12.330000019073486,12.36749997138977,13.375833368301391,278148.2,63.01222223923007,48.36815980678,-0.15212615382041683,-0.23331825696803118,0.08119210314761435,65.03618643869979,51.95060511802924,12.900885302890707,12.36749997138977,11.834114639888835,1.8799305487593139,交叉混雜,67.0
1451,2026-08-26,17.33000030517578,17.35500011444092,17.442499923706055,17.188333129882814,83937.8,43.816922344751816,42.53594595255487,-0.00019797291168188735,0.0315746138376601,-0.03177258674934199,47.9384125096595,48.347254707657875,17.685885915326217,17.442499923706055,17.199113932085893,-0.5303112663948644,交叉混雜,52.0
1452,2026-08-26,11.5,11.500000095367431,11.387500047683716,11.32666662534078,78066.0,59.45402535200617,65.71726300478078,0.028438106080058034,0.02091229171633166,0.007525814363726374,54.30896719878715,52.95649482846721,11.68640166114548,11.387500047683716,11.088598434221952,0.9879249338766618,交叉混雜,57.0
1453,2026-08-26,11.289999961853027,11.269999885559082,11.192499923706055,11.303333298365276,20249.4,53.214390246944134,40.25456072314705,0.022529171599892095,-0.001788554229416395,0.02431772582930849,69.12541255512535,59.852869931316846,11.417923357322358,11.192499923706055,10.967076490089752,1.853917321765867,交叉混雜,37.0
1454,2026-08-26,12.359999847412109,12.434999942779541,12.659999990463257,12.774166663487753,20944.0,36.951767865924054,31.80944378580901,-0.130474074988296,-0.09501225206582913,-0.03546182292246687,43.77151254835526,41.993686229741456,13.189746707080369,12.659999990463257,12.130253273846145,-2.053715419659094,空排,34.0
1455,2026-08-26,9.98799991607666,9.95299997329712,9.50950002670288,9.570999987920125,1209212.8,55.82817161081346,69.13874089797014,0.20815950327307498,0.16438848542462534,0.04377101784844964,54.80424496089892,58.36309998614407,10.698935441219092,9.50950002670288,8.32006461218667,4.106415592101175,交叉混雜,73.0
1456,2026-08-26,13.710000038146973,13.71500005722046,13.867500114440919,14.050833384195963,46608.6,36.78349801277043,31.734493793768227,-0.06108529928036255,-0.060235388311397395,-0.0008499109689651535,59.483913626988766,53.66552029350843,14.34353084278149,13.867500114440919,13.391469386100347,0.9554705928655634,空排,68.0
1457,2026-08-26,14.420000076293945,14.41500015258789,14.315000104904176,14.379166666666666,71074.8,72.12878089396727,63.81235880201923,0.03735841154874997,0.0200851600307426,0.01727325151800737,60.35133133582777,57.016910116222085,14.603553580891958,14.315000104904176,14.026446628916393,1.2923499388061155,交叉混雜,38.0
1459,2026-08-26,14.769999885559082,14.364999961853027,14.094999933242798,15.142777633666991,118177.0,87.02114412049677,74.31911663539415,-0.08002640103716807,-0.2713409057861477,0.19131450474897965,73.06738395374796,58.65413931882516,15.92196190468217,14.094999933242798,12.268037961803426,6.420717070191506,交叉混雜,40.0
1460,2026-08-26,6.6959999084472654,6.646999931335449,6.653499937057495,7.014999993642172,173755.4,60.49768912363579,52.9992338034933,-0.07406978421798804,-0.10374056050832063,0.029670776290332587,54.436988286621485,48.23595167097189,6.79555623991579,6.653499937057495,6.5114436341992,0.6988783745026454,交叉混雜,58.0
1463,2026-08-26,17.6,17.635000038146973,17.715000057220458,17.705833371480306,11090.6,38.120475091474475,39.638229816429536,-0.050902809985490904,-0.03383951962532741,-0.01706329036016349,50.778144577167645,48.13028673962647,17.96016338065362,17.715000057220458,17.469836733787297,-0.36692316387371726,交叉混雜,40.0
1464,2026-08-26,10.300000190734863,10.225000095367431,10.267500066757203,10.41333335240682,142130.8,69.53753559575948,52.677354777777964,-0.036073000488945794,-0.05717302945514952,0.021100028966203728,63.463368932820224,53.50735025413148,10.448941690624698,10.267500066757203,10.086058442889707,0.8035092688202947,交叉混雜,42.0
1465,2026-08-26,12.1,12.1,12.27000002861023,12.54249997138977,147128.6,32.249044405867025,36.31034563151468,-0.15843628736982218,-0.14190527251532584,-0.016531014854496345,32.38041171165773,36.73764446859018,12.679621142347742,12.27000002861023,11.860378914872719,-2.2004892255962933,交叉混雜,39.0
1466,2026-08-26,16.089999961853028,16.284999752044676,16.204999876022338,16.070833237965903,293814.2,15.768210929578036,24.813721278045858,-0.1064329025739923,-0.04682918129326238,-0.05960372128072992,40.95705992039602,45.12714552214921,17.084533129393275,16.204999876022338,15.3254666226514,-1.26504089843077,交叉混雜,64.0
1467,2026-08-26,8.370000076293945,8.416000175476075,8.96000008583069,8.57200002670288,256564.2,10.364348672203775,12.026321325986181,-0.22400493967129442,-0.0979617052378672,-0.12604323443342724,30.84599627226841,37.77873683476778,10.206046332837307,8.96000008583069,7.713953838824072,-8.258926470013249,交叉混雜,71.0
1468,2026-08-26,13.110000038146973,13.190000057220459,13.442500019073487,12.762500015894572,58222.6,48.873089351351794,49.83378660691902,-0.011792612243521461,0.07901546602049944,-0.0908080782640209,28.425708703511816,41.60665525224055,14.10999735466084,13.442500019073487,12.775002683486134,-3.663754577716528,交叉混雜,57.0
1470,2026-08-26,23.83000030517578,23.71500015258789,23.460000133514406,22.67666680018107,12618.8,82.27269321680205,72.69805564095793,0.33028757581281454,0.3107204079778924,0.019567167834922128,66.60358229559102,62.514518951147075,24.19599210576807,23.460000133514406,22.72400816126074,2.0886642226614653,多排,66.0
1471,2026-08-26,9.908000183105468,9.677000045776367,9.569499969482422,10.246999947230021,784126.2,54.179535173190445,58.50115348958389,-0.0282051172573059,-0.12807611239279984,0.09987099513549394,57.540987477033596,54.249867135407754,10.049126182980276,9.569499969482422,9.089873755984568,3.3491862151880722,交叉混雜,46.0
1472,2026-08-26,88.04000091552734,88.33000030517579,88.62500038146973,88.92500025431315,41053.6,43.910717496768704,38.60604327620769,-0.19401768494523708,-0.17471371390276763,-0.019303971042469448,59.859829431686606,52.356805455926036,90.00893042698844,88.62500038146973,87.24107033595102,0.19746422514506515,空排,44.0
1473,2026-08-26,20.0,19.950000190734862,19.920000076293945,20.204999987284342,24133.0,69.99592585018145,63.8373066012,-0.037893047427974835,-0.06548663513782027,0.027593587709845435,58.988207538996235,52.38749325396725,20.192222930658406,19.920000076293945,19.647777221929484,0.6526062262485066,交叉混雜,22.0
1474,2026-08-26,10.050000190734863,10.032000064849854,10.05900011062622,10.26050000190735,42038.4,69.95312230937996,64.13959318102557,-0.06769287226605947,-0.07567761036639857,0.007984738100339103,49.73261578103852,45.74516558605821,10.208229876296459,10.05900011062622,9.909770344955982,-0.08947131715258307,交叉混雜,37.0
1475,2026-08-26,26.34000015258789,25.91500015258789,26.512500095367432,26.855000019073486,5800.0,60.231394365561016,47.972315859891154,-0.21928407294198848,-0.24728616693942496,0.028002093997436472,59.01744038435684,51.896689551496756,27.941108053229637,26.512500095367432,25.083892137505227,0.33003408123545186,交叉混雜,26.0
1476,2026-08-26,317.0,317.2,331.55,333.375,915092.8,48.48785425080055,36.739370701052465,-6.330453785964835,-4.67797164909333,-1.6524821368715052,38.626975283811234,39.83365888606633,365.848841471926,331.55,297.25115852807403,-4.690091992158049,空排,14.0
1477,2026-08-26,200.4,203.4,212.625,218.21666666666667,1470359.6,25.49939201174419,26.983735453220707,-5.826183546269164,-4.067931617890366,-1.7582519283787974,27.659454426666613,31.815855007974704,235.37738564705734,212.625,189.87261435294266,-7.818930041152264,空排,7.0
1503,2026-08-26,200.6,200.3,197.45,215.56666666666666,1032117.6,45.57933601151563,50.8032676020249,-1.9017947532234132,-3.1272621057375254,1.2254673525141122,53.71666460158026,49.28587413615317,206.22736322953102,197.45,188.67263677046896,1.5446948594580965,交叉混雜,54.0
1504,2026-08-26,71.81999969482422,71.48000030517578,68.59500045776367,69.51500002543132,9841537.0,48.991405201596066,62.33104550752451,1.2306212943559132,0.846827379760193,0.3837939145957202,59.70960680480706,58.820234123406706,75.2429833633416,68.59500045776367,61.94701755218576,4.380782850504827,交叉混雜,48.0
1506,2026-08-26,10.239999961853027,10.209999942779541,10.3,10.368833367029826,92148.6,37.29457342324042,33.553905860374456,-0.07276998252672762,-0.06591386064439247,-0.006856121882335142,49.65363561908302,46.90087642787127,10.573380559745145,10.3,10.026619440254857,-0.4854368932038904,交叉混雜,31.0
1512,2026-08-26,6.527999973297119,6.585999965667725,6.6124999761581424,6.801833327611288,63624.2,16.314183099285238,19.885586369549706,-0.07068359578223227,-0.06649571979774793,-0.004187875984484335,43.85678125894766,42.08194239088549,6.764521371270163,6.6124999761581424,6.460478581046122,-1.0964085378679662,空排,20.0
1513,2026-08-26,165.6,167.1,162.525,167.60833333333332,1577633.4,34.93188180976928,41.73618304446736,0.8870190351028668,0.3919123095355401,0.4951067255673267,56.644466361125566,54.45006808868285,174.75729117411908,162.525,150.29270882588094,2.445777572681122,交叉混雜,57.0
1514,2026-08-26,101.4,101.2,100.45,112.5877451578776,760963.4,51.308958798166344,49.28197278110039,-1.9392437229504083,-2.660467563434503,0.7212238404840949,52.12213926780302,46.49614929099498,105.20615974529052,100.45,95.69384025470949,1.045296167247384,交叉混雜,25.0
1515,2026-08-26,33.79999923706055,33.0649995803833,31.567499828338622,32.32833334604899,3061559.6,55.24219473530346,53.68120794577603,0.0985298342532488,-0.2639090763459624,0.3624389105992112,62.26222680672724,55.20146134540411,35.731793193531956,31.567499828338622,27.403206463145292,8.814440994419774,交叉混雜,83.0
1516,2026-08-26,14.9,14.85,15.094999933242798,17.58166651725769,3663.2,29.856371402053764,37.94171510579727,-0.5567996800036603,-0.6695138922448982,0.1127142122412379,42.1451907103685,39.93086065449433,15.999316974028988,15.094999933242798,14.190682892456609,-2.6167613496160196,交叉混雜,11.0
1517,2026-08-26,11.429999923706054,11.439999866485596,11.514999961853027,11.069166628519694,257163.2,23.71891466176078,21.131958912230427,0.04089554752916236,0.09739851683122884,-0.05650296930206648,45.62234856572177,48.788867657037834,12.070451555780169,11.514999961853027,10.959548367925885,-0.9987003361157404,交叉混雜,62.0
1519,2026-08-26,720.2,718.3,701.95,742.85,1181197.4,62.848807582955196,66.97133947820785,1.1439683641183365,-3.6314999510536348,4.775468315171971,59.36704655831324,54.30761883727198,750.860121651859,701.95,653.0398783481411,2.856328798347454,交叉混雜,31.0
1521,2026-08-26,25.659999465942384,25.634999656677245,25.39749984741211,25.804999923706056,6257.8,48.800606387338306,47.1256978092536,0.05579388619788617,-0.008802571041641151,0.06459645723952731,65.05216035880653,58.29947290978387,26.02029030338085,25.39749984741211,24.77470939144337,1.9785403056882616,交叉混雜,48.0
1522,2026-08-26,28.15999984741211,28.029999923706054,28.12750005722046,29.482500076293945,232473.2,64.02939356352633,48.83342335379934,-0.22599122020898577,-0.33149868795426185,0.10550746774527608,58.3465434562151,50.601522756317294,29.12406002352877,28.12750005722046,27.130940090912148,0.7910419475482348,交叉混雜,6.0
1524,2026-08-26,27.47000045776367,27.24000015258789,26.957500076293947,28.15,244520.0,78.40653172191415,71.82947062438362,0.03357352372336564,-0.11779942240174861,0.15137294612511426,75.8654771499588,60.404814919047645,28.01792482785395,26.957500076293947,25.897075324733944,2.383382373578423,交叉混雜,28.0
1525,2026-08-26,67.71999969482422,67.53000030517578,67.90000038146972,66.90500049591064,20009.8,87.1640607565661,75.8537010522428,0.12908641497929807,0.17435775484732222,-0.045271339868024146,58.072121886609565,54.463578852749066,69.1481561447583,67.90000038146972,66.65184461818114,0.29454799930450454,交叉混雜,56.0
1526,2026-08-26,16.55,16.830000114440917,17.589999866485595,15.959166606267294,256902.4,10.813220994756715,14.028616464944339,-0.034116579539219316,0.24522527088888535,-0.27934185042810467,32.602081626216176,42.76376907353018,19.39163615613659,17.589999866485595,15.788363576834598,-7.049457046207555,交叉混雜,47.0
1527,2026-08-26,32.70999984741211,32.795000076293945,32.78750019073486,33.271666781107584,67774.6,25.620828136854605,35.65467639965816,-0.17089343569155346,-0.17063666883699619,-0.00025676685455727766,37.58495349527136,41.155941475784395,33.5300957248917,32.78750019073486,32.04490465657802,-0.7243643226616798,交叉混雜,47.0
1528,2026-08-26,18.690000152587892,18.86000003814697,18.54749984741211,21.734166526794432,509217.2,38.51621735792595,35.79060463211185,-0.47254582775444476,-0.6600352053242441,0.18748937756979933,62.4371374256006,49.76921672625934,20.055888858606217,18.54749984741211,17.039110836218,2.9788410222561996,交叉混雜,30.0
1529,2026-08-26,17.060000228881837,16.989999961853027,17.03749990463257,19.006756083170572,193874.4,69.1386072932219,62.21582833600419,-0.40618697092476097,-0.520869039126804,0.11468206820204307,49.369372119891956,41.45576227800721,17.355180932296022,17.03749990463257,16.719818876969114,0.07336365369299222,交叉混雜,14.0
1530,2026-08-26,29.310000228881837,29.104999923706053,28.45999984741211,29.131865374247234,28950.4,40.199152302418995,52.58296483689657,0.2004190642012169,0.10626970684528253,0.09414935735593438,50.20391266632694,52.442425535752456,30.09790617931865,28.45999984741211,26.82209351550557,1.7217179134029377,交叉混雜,36.0
1531,2026-08-26,13.119999885559082,13.054999923706054,12.99249997138977,12.969999933242798,171133.2,80.99714186148042,78.61091704738892,0.04984612823288259,0.02675670992212145,0.023089418310761143,78.68104636905117,64.79104648587645,13.19322216647291,12.99249997138977,12.791777776306631,1.597073991397286,多排,65.0
1532,2026-08-26,23.00999984741211,22.60999984741211,22.182499885559082,22.747499847412108,305404.0,86.13983830605743,85.19353023916923,0.12256215398407733,-0.02912318873782833,0.15168534272190565,71.98818210147823,62.21693200820726,23.37514169560999,22.182499885559082,20.989858075508174,3.910737545258419,交叉混雜,50.0
1533,2026-08-26,31.660000228881835,31.630000114440918,32.064999675750734,34.827499834696454,80446.2,35.953105330292246,31.602494387702162,-0.6679291881470917,-0.7778250540668692,0.10989586591977751,51.26854049196818,43.506889490880816,33.4215038717213,32.064999675750734,30.708495479780172,-0.670510826306358,交叉混雜,33.0
1535,2026-08-26,46.05999984741211,46.010000228881836,45.97000007629394,48.24916674296061,26117.2,47.572677506954136,41.46886332470577,-0.43212620132622703,-0.5958833916523616,0.16375719032613456,64.03810095576817,48.282196744001126,46.420029211609055,45.97000007629394,45.51997094097883,0.7178576467672885,交叉混雜,28.0
1536,2026-08-26,49.62999954223633,50.225,50.08250007629395,50.23000005086263,770428.8,20.633692945394422,23.773516387103065,-0.16657196848768763,-0.04792491912378401,-0.11864704936390362,46.99416755621338,47.9635522967006,53.553018521216906,50.08250007629395,46.61198163137099,-0.36439584712629863,交叉混雜,22.0
1537,2026-08-26,119.9,123.05,124.75,125.85,122824.2,11.29480032410404,21.77336766560706,-1.6750955766521827,-0.833150518339794,-0.8419450583123886,16.288673554528486,24.984404021956223,131.17773595239154,124.75,118.32226404760846,-4.208416833667335,空排,35.0
1539,2026-08-26,15.80999984741211,15.864999866485595,16.007499933242798,15.95166662534078,29693.2,23.999746507978713,23.182423458760955,-0.07342019169785807,-0.026051672837108276,-0.047368518860749796,39.262770885805274,43.047360058065124,16.435807449486628,16.007499933242798,15.579192416998968,-1.6086205485970198,交叉混雜,32.0
1540,2026-08-26,19.200000381469728,19.155000495910645,19.472500133514405,21.159166622161866,79673.2,44.97515807211069,29.391846027449407,-0.512900190572033,-0.5809149060547839,0.06801471548275095,55.448850440928595,41.91873016439795,20.386412811586485,19.472500133514405,18.558587455442325,-0.3723225804957109,交叉混雜,17.0
1541,2026-08-26,21.710000228881835,21.75500030517578,21.66750020980835,21.651666831970214,10832.0,43.79629408220627,45.54142590545284,0.01098835803192344,0.015248324560244646,-0.004259966528321207,48.93403437946484,49.81001071463427,22.352892644604694,21.66750020980835,20.982107775012004,0.14999678235328698,交叉混雜,35.0
1558,2026-08-26,102.4,100.37999954223633,96.61499977111816,93.19333318074544,133800.0,82.40825660884899,83.22965034518846,2.8417931710535953,2.118202307424264,0.7235908636293313,69.2471489442041,69.29248853641175,105.55227215709392,96.61499977111816,87.6777273851424,6.60870490504369,多排,65.0
1560,2026-08-26,684.4,701.1,685.85,693.3833333333333,663137.8,30.039728358359795,38.44277218266821,1.6399029969894627,3.3054738473672405,-1.6655708503777777,47.329945661312216,49.426922665553285,753.9745762903196,685.85,617.7254237096804,0.3134796238244481,交叉混雜,90.0
1563,2026-08-26,64.2,63.25,60.430000114440915,62.71333332061768,1389434.8,74.60886240413322,71.80896937252197,1.0491372088231117,0.3989210347985125,0.6502161740245992,71.54628321205585,61.48280754668441,68.38992598919103,60.430000114440915,52.4700742396908,9.05179778434392,交叉混雜,81.0
1565,2026-08-26,94.76000061035157,94.81000061035157,94.05000038146973,94.65,46231.0,45.17845810361853,43.76369615841767,0.16687550479797153,0.05268234261353753,0.114193162184434,58.598936522743415,54.85178520470403,96.72896342202591,94.05000038146973,91.37103734091355,1.0101006004008959,交叉混雜,18.0
1568,2026-08-26,28.820000076293944,29.09000015258789,28.467500019073487,33.83166666030884,148729.2,31.78148673101185,41.147733344471625,-0.6272109322600485,-0.8881728638332262,0.2609619315731777,49.50048920926746,46.200040197968676,30.470202457168952,28.467500019073487,26.464797580978022,1.1679958470687004,交叉混雜,60.0
1569,2026-08-26,44.74999923706055,43.984999084472655,42.664999389648436,45.374999809265134,354002.2,77.7323427186837,72.68039738135616,0.26947531881231157,-0.2594870202838348,0.5289623390961464,64.2261037324398,57.80467554557785,46.825477073676964,42.664999389648436,38.50452170561991,5.707252125411837,交叉混雜,16.0
1570,2026-08-26,33.30999984741211,33.53000030517578,33.572500228881836,38.37916685740153,35238.0,35.894806881009536,34.012409698546534,-1.048064916192125,-1.2594371423296,0.21137222613747508,40.82603048641517,36.39185376193053,34.46308036629522,33.572500228881836,32.68192009146845,-0.6627500282785844,空排,43.0
1580,2026-08-26,106.7,107.3,109.725,117.28333333333333,45285.2,4.720262242840932,9.641915274314215,-2.6205210954322524,-2.571302589589917,-0.049218505842335336,9.794630937827435,17.449572816928665,114.99132799266023,109.725,104.45867200733976,-3.394850763271811,空排,11.0
1582,2026-08-26,73.8,73.7400001525879,72.15000038146972,79.80499992370605,263595.8,58.00219320328942,54.4071475380496,-0.42509797932834203,-1.0673656924824517,0.6422677131541097,65.96221085238685,55.49932980520957,78.80622107487906,72.15000038146972,65.49377968806039,3.8115053775044263,交叉混雜,33.0
1583,2026-08-26,50.68284378051758,49.86142158508301,49.690710830688474,50.13273684183756,118608.4,31.76568472475155,40.293252362682175,0.044498307700585826,0.05783809000202152,-0.01333978230143569,48.415341789804536,49.148545050540456,52.3302126285388,49.690710830688474,47.051209032838145,-0.2831748455106116,交叉混雜,39.0
1584,2026-08-26,18.0,17.98500003814697,17.7625,18.905833339691164,255067.4,46.23515666585002,47.18833909697613,-0.19876338298128005,-0.2843901645330289,0.08562678155174885,58.419458478587686,50.587112742034535,18.532923472127372,17.7625,16.992076527872626,2.181560132471635,交叉混雜,16.0
1586,2026-08-26,18.129999923706055,18.495000267028807,18.387500190734862,19.185845279693602,367033.8,11.170974191235342,21.69942611508363,-0.15240036155030623,-0.14663877858716168,-0.005761582963144551,37.87700321340088,41.95370675332657,19.105593876284303,18.387500190734862,17.66940650518542,-1.5635611490571264,交叉混雜,5.0
1587,2026-08-26,24.11999969482422,24.160000038146972,24.185000038146974,26.125,128167.6,37.57414879056303,38.04311733230169,-0.4172186222662049,-0.5209455219780091,0.10372689971180427,48.7797404900936,42.9033814910901,24.79119603998909,24.185000038146974,23.57880403630486,-0.14471953508990912,空排,3.0
1590,2026-08-26,1445.0,1455.5,1470.0,1387.9166666666667,612702.6,40.91352012971534,32.92885839254262,15.085254489115414,23.670999939870185,-8.585745450754771,55.711476375832824,53.80572097143602,1613.3068110916458,1470.0,1326.6931889083542,0.3401360544217687,交叉混雜,84.0
1591,2026-08-26,35.89000015258789,35.795000839233396,36.2225004196167,34.42416664759318,194675.6,30.326875091576476,35.72857505445812,0.01730607643551707,0.17492658830296207,-0.157620511867445,40.47253815275087,47.01254507908708,37.978834472813666,36.2225004196167,34.466166366419735,-2.132651384438639,交叉混雜,7.0
1593,2026-08-26,31.910000228881835,31.80500011444092,31.252500152587892,30.83500010172526,19787.4,48.61635259322983,46.79359345729267,0.40259896630488967,0.3498880400241351,0.05271092628075458,69.43213731123734,66.83977395027244,32.88392676663395,31.252500152587892,29.621073538541836,2.2318233963557117,多排,62.0
1595,2026-08-26,63.10000076293945,63.45000038146973,61.11500015258789,67.3733331044515,118372.0,44.0245966388847,35.15787347066531,0.16884132123601603,-0.4996799190468663,0.6685212402828824,69.39468024605503,58.50321199477054,71.50776593763212,61.11500015258789,50.72223436754367,6.847750779221279,交叉混雜,83.0
1597,2026-08-26,132.2,137.4,135.775,140.94166666666666,1324458.4,19.71407202388579,22.791106964262628,-0.8495284443254718,0.08646978692732743,-0.9359982312527992,35.60884430981389,44.401965906146614,159.36910051151443,135.775,112.18089948848558,-3.1485914196280653,交叉混雜,80.0
1598,2026-08-26,20.479999923706053,20.26499996185303,20.257499980926514,20.050000127156576,233408.4,59.27834996667579,53.79570069472365,0.137491025495045,0.11323963791995695,0.024251387575088046,53.467666191714954,53.571549559911446,20.891846242640153,20.257499980926514,19.623153719212876,0.9502691950842315,多排,48.0
1599,2026-08-26,23.05,23.220000076293946,23.529999923706054,23.493333339691162,12894.4,14.49525451014182,14.65929381589165,-0.15181422415841794,-0.07731546284459132,-0.07449876131382663,28.69566578525071,38.382905932805436,24.284913478381135,23.529999923706054,22.775086369030973,-2.252443371969961,交叉混雜,20.0
1603,2026-08-26,30.929999923706056,30.760000038146973,29.912500190734864,30.70249996185303,106766.2,81.72728190151894,81.77363524498062,0.29438124925343345,0.09886042421699942,0.19552082503643403,67.87770960116627,61.46407991070262,31.805666329198306,29.912500190734864,28.01933405227142,3.635603183721766,交叉混雜,23.0
1604,2026-08-26,23.289999389648436,23.204999732971192,23.20999984741211,23.310833263397218,168864.0,80.72948408490316,70.1883947653279,-0.010689928060735099,-0.03458024096523602,0.023890312904500922,69.21439286896549,54.800308788279246,23.454087947030953,23.20999984741211,22.965911747793267,0.3877612677299161,交叉混雜,43.0
1605,2026-08-26,37.90999908447266,38.0299991607666,36.3424994468689,35.97833325068156,18310057.0,49.533582767014266,47.71592833023729,1.0723864272195982,0.907772282204874,0.16461414501472416,69.53825634413393,62.844521358416415,42.31500393559552,36.3424994468689,30.36999495814228,6.8996328414836885,交叉混雜,78.0
1608,2026-08-26,36.31999969482422,36.249999618530275,34.85500011444092,33.945000076293944,2940618.2,58.94764797306842,48.90348884050475,1.0751045191869082,0.9468489355059255,0.12825558368098267,68.23003575961887,63.17617684984214,40.39071151523014,34.85500011444092,29.3192887136517,6.010617247510911,多排,69.0
1609,2026-08-26,37.25999984741211,37.34000015258789,36.51750011444092,37.589999961853025,1809447.4,50.18918540228108,48.242643359241235,0.13784576767923795,0.0033748384768030708,0.1344709292024349,66.4573390684526,56.343681877329,39.40600328458535,36.51750011444092,33.62899694429649,3.1012566793698326,交叉混雜,49.0
1611,2026-08-26,12.109999847412109,12.089999961853028,11.957499980926514,12.67999997138977,582972.8,43.37381770793145,58.77764402990164,-0.07031953831119253,-0.108272958428174,0.03795342011698147,42.31998683754444,44.880782465777365,12.37207004488745,11.957499980926514,11.542929916965578,-0.06272357661167072,交叉混雜,44.0
1612,2026-08-26,34.62000045776367,34.55,33.062500190734866,34.460833136240645,389700.2,63.50171782323099,71.15013871800215,0.5603803104723966,0.3196357008444983,0.24074460962789823,70.3640142973079,64.86441564837654,36.92389814206549,33.062500190734866,29.201102239404243,4.801516297877881,交叉混雜,39.0
1614,2026-08-26,30.809999847412108,30.749999809265137,30.88999996185303,31.52416664759318,20041.4,71.85883003670625,52.85102926262028,-0.1615740023322232,-0.2008770095082435,0.03930300717602031,64.93443172753541,49.86152983696589,31.299878125726234,30.88999996185303,30.480121797979823,0.19424021094373944,交叉混雜,33.0
1615,2026-08-26,44.3,44.09500007629394,43.22749996185303,44.183819961547854,65194.8,68.80194895847299,60.41026202457908,0.1727001267954904,-0.02416607020709023,0.19686619700258062,65.64240412232843,58.792971115227026,45.40983947941496,43.22749996185303,41.04516044429109,2.828062696582606,交叉混雜,43.0
1616,2026-08-26,19.479999923706053,19.35500011444092,19.319999980926514,20.927499961853027,187266.8,59.55261310191627,49.83132642718907,-0.23204168722226726,-0.35354133518586,0.12149964796359275,59.325116709377774,50.17003989156962,20.270568013747663,19.319999980926514,18.369431948105365,1.449277436954658,交叉混雜,5.0
1617,2026-08-26,17.40999984741211,17.745000076293945,17.80500011444092,18.86833340326945,143673.6,14.594097670623116,16.836294351172352,-0.4792620250599384,-0.44207682394334324,-0.03718520111659518,37.755272285724985,41.17008367382725,19.707878641568936,17.80500011444092,15.902121587312903,-2.2746447251194657,空排,72.0
1618,2026-08-26,39.380000305175784,39.55000038146973,39.28499984741211,40.12416667938233,340435.4,34.40861828592344,35.336050052829854,0.06336981582040835,0.03714539201238181,0.026224423808026538,54.83399644270146,52.41776633473579,41.802956673298596,39.28499984741211,36.76704302152562,0.9291120781074441,交叉混雜,31.0
1623,2026-08-26,199.7,203.55,207.1,216.35,93258.8,19.619985919639056,16.262613711836103,-4.984238429027499,-4.245892215109565,-0.738346213917934,38.947711018652015,37.49718812369271,218.12437490768573,207.1,196.07562509231425,-3.186866248189278,空排,22.0
1626,2026-08-26,9.612000274658204,9.600000190734864,9.633500099182129,10.082833369572958,70401.0,53.08145484662444,44.1728667536798,-0.1225771218050209,-0.15965362616253762,0.03707650435751672,63.759225863293935,49.44829694420558,9.841879743099208,9.633500099182129,9.42512045526505,0.8979100737646064,交叉混雜,23.0
1702,2026-08-26,32.869999694824216,32.58499984741211,33.027499771118165,32.56833318074544,113353.6,57.25374498954666,44.934787482924584,-0.10658077945518585,-0.08070262756617408,-0.02587815188901177,49.993413960922354,47.85691165767703,34.15862605341922,33.027499771118165,31.896373488817115,-0.6888215445740852,交叉混雜,34.0
1707,2026-08-26,90.19999847412109,89.89999847412109,89.73499908447266,93.46499964396159,404723.8,59.688984927802856,62.27322824644975,-0.5524526813409807,-0.8353083791230823,0.2828556977821016,45.67483012021105,45.933110646259465,91.24186056700759,89.73499908447266,88.22813760193773,-0.03900611421138472,交叉混雜,9.0
1708,2026-08-26,50.539999389648436,49.88999938964844,49.437499618530275,51.28333314259847,4841115.8,51.13572070675595,54.61340947831585,-0.29215091346730304,-0.5165438955970736,0.22439298212977055,50.254667166102664,48.92324773348272,51.692056010570596,49.437499618530275,47.182943226489954,1.3400735488299242,交叉混雜,88.0
1709,2026-08-26,33.81999969482422,32.80999984741211,29.312499904632567,25.378333314259848,14269433.6,84.86995480592671,81.63237722066067,2.5993504582627835,1.99840619976502,0.6009442584977636,77.91778414018191,74.36785809020589,37.62519600136871,29.312499904632567,20.99980380789643,26.567159385330303,多排,95.0
1710,2026-08-26,15.570000076293946,15.280000019073487,14.594999933242798,15.213333209355673,5895487.2,67.53828107568906,72.771498228443,0.1498216123801548,-0.01490907496637333,0.16473068734652813,58.27837177240992,55.277168460832655,16.482047398618565,14.594999933242798,12.70795246786703,6.885922938155381,交叉混雜,76.0
1711,2026-08-26,41.039999389648436,39.93499984741211,37.38999977111816,40.94750003814697,4847787.8,77.01345327807944,75.39063986021702,0.7264392346918314,-0.1264331750508058,0.8528724097426372,79.4482467128073,66.1617233545372,44.47553710481985,37.38999977111816,30.304462437416475,15.271459582659878,交叉混雜,91.0
1712,2026-08-26,39.68000030517578,39.420000839233396,39.24500045776367,39.37916685740153,970756.4,77.35288636336612,74.75638459063691,0.09435309777482104,-0.005188113977523671,0.0995412117523447,57.51601240244777,55.70116475705999,40.01612389619574,39.24500045776367,38.47387701933161,1.0319813056216014,交叉混雜,40.0
1713,2026-08-26,44.17000122070313,44.4950008392334,44.93000030517578,47.540833409627275,77548.0,15.593285579066292,22.077158926489545,-0.8934192214571368,-0.8816967171396026,-0.011722504317534188,37.08477842609284,37.230126754911005,47.06871552531255,44.93000030517578,42.791285085039014,-2.292452197420134,空排,34.0
1714,2026-08-26,16.75999984741211,16.76999988555908,15.982499980926514,16.379999971389772,9839281.6,46.73410364127818,55.270868720618395,0.30153218056270603,0.2431240236084211,0.05840815695428492,52.20026041737138,53.79257719876569,18.735158634805526,15.982499980926514,13.229841327047502,4.176440722041934,交叉混雜,94.0
1717,2026-08-26,71.41999969482421,71.88999938964844,68.95999946594239,70.08697045644125,5501795.0,30.786479836493037,35.80927050307906,1.1969466311004595,0.8531178121412039,0.34382881895925566,60.399498496835356,56.80887024289285,80.19591851553089,68.95999946594239,57.724080416353885,4.843392708355469,交叉混雜,86.0
1718,2026-08-26,10.639999961853027,10.674999904632568,10.272999906539917,11.150499900182089,12953820.6,40.8947698765743,42.832715701276044,-0.13276938967498175,-0.22134904250551996,0.0885796528305382,57.24585721680559,50.45559190664628,11.623260609997457,10.272999906539917,8.922739203082378,4.643240512018486,交叉混雜,91.0
1720,2026-08-26,57.15999984741211,56.590000534057616,56.64000053405762,57.189241854349774,188706.8,76.95288038674542,62.88732536492154,-0.0511179680722762,-0.18631609344659222,0.13519812537431602,67.86075667368186,55.85823192435006,57.639789060220245,56.64000053405762,55.640212007894995,0.9887009597485881,交叉混雜,61.0
1721,2026-08-26,19.639999771118163,19.7,19.722500038146972,22.373333263397218,333971.0,40.13770310186709,34.73847955403612,-0.572776313095325,-0.7374780162117052,0.16470170311638022,59.382697268719724,48.55852062292708,20.746154215958754,19.722500038146972,18.69884586033519,1.660535927393235,空排,72.0
1722,2026-08-26,45.62999954223633,45.62000007629395,45.63249969482422,46.948333168029784,3152203.8,36.65496113453194,52.02400629192649,-0.34032466496612557,-0.310608021375886,-0.029716643590239566,27.938792785657,35.32724622051501,46.69935695919736,45.63249969482422,44.56564243045108,-2.3722138059564872,交叉混雜,35.0
1723,2026-08-26,87.7000015258789,86.43000106811523,85.24000091552735,85.48666712443034,555303.0,66.55775241276066,65.3880488402049,0.7566904857024355,0.36871153482011254,0.3879789508823229,63.58923700856103,57.886170035996955,89.36101277163097,85.24000091552735,81.11898905942373,3.3552293851193156,交叉混雜,68.0
1725,2026-08-26,31.2,30.995000267028807,30.522500133514406,31.908333365122477,27410.0,71.29597558269612,65.49944135174178,0.10713584899961504,-0.0813245176179785,0.18846036661759352,67.20654556982518,58.23566319001638,31.921174389105428,30.522500133514406,29.123825877923384,3.2025550404118994,交叉混雜,66.0
1726,2026-08-26,77.68000183105468,77.55000076293945,77.45000076293945,77.99833348592122,11202.4,58.50763066127981,53.03089468339303,-0.0319685171460975,-0.10536412484630288,0.07339560770020538,58.08059709315578,53.04663080818756,78.18269607923109,77.45000076293945,76.71730544664781,0.45190740525575146,交叉混雜,55.0
1727,2026-08-26,91.61999969482422,87.39999923706054,80.03999996185303,85.47166690826415,4876324.6,83.99949242305854,80.00022884913734,3.2880943166615566,1.0880073316622538,2.2000869849993028,79.28493744017433,68.0536241282777,99.12963766025042,80.03999996185303,60.95036226345563,18.690654729231497,交叉混雜,93.0
1730,2026-08-26,51.60000076293945,51.490000534057614,51.40000057220459,51.979999987284344,52386.4,48.73782694953296,46.57624410192646,0.003325393996995274,-0.0797591689332403,0.08308456293023557,68.06613470317963,60.14672167808134,51.85883256503935,51.40000057220459,50.94116857936983,0.9727644904827107,交叉混雜,46.0
1731,2026-08-26,21.019999694824218,20.925,20.842500019073487,21.024166679382326,79539.2,57.90903928631897,50.598148650330955,0.05234404912109625,0.0187039068825545,0.03364014223854175,59.53078002092203,57.02908020765058,21.329461475134796,20.842500019073487,20.35553856301218,0.9955581998185062,交叉混雜,44.0
1732,2026-08-26,26.45999984741211,26.324999809265137,26.45249996185303,26.493333371480308,107004.4,61.99074660773081,48.519327675305405,-0.04272229554523932,-0.06294641548006083,0.02022411993482151,66.91441228421442,55.67600811621477,27.113022564746945,26.45249996185303,25.791977358959112,1.124657550613341,交叉混雜,42.0
1733,2026-08-26,32.21999969482422,31.644999694824218,31.6125,30.704166603088378,128428.6,82.78806573103589,75.91260758447125,0.2797742287740981,0.20824461470674385,0.07152961406735422,71.38517605849667,62.006922188783975,32.81376040003309,31.6125,30.411239599966912,2.174770223995401,多排,66.0
1734,2026-08-26,32.49000015258789,32.13500003814697,31.92750015258789,31.041163444519043,201874.4,79.99671321974361,78.98488680888724,0.3387197137124396,0.2990326186193304,0.03968709509310919,72.13701494897074,67.99799023268396,32.621440043466194,31.92750015258789,31.233560261709584,1.6365221450299252,多排,70.0
1735,2026-08-26,20.310000228881837,20.335000038146973,20.144999980926514,21.460000006357827,46134.4,37.17047656015431,38.055000600083716,-0.14726949565359604,-0.2387483820323464,0.09147888637875037,55.02858326951162,50.533326785782585,21.345832914425365,20.144999980926514,18.944167047427662,1.2658209870697243,交叉混雜,67.0
1736,2026-08-26,128.6,130.9,132.475,127.10833333333333,320212.0,13.307671471422315,20.989253636834086,-0.6886496823230459,0.6438502467869913,-1.3324999291100372,38.00239431879006,44.60600322774686,145.38144473856138,132.475,119.5685552614386,-3.755425551990937,交叉混雜,42.0
1737,2026-08-26,31.530000305175783,31.809999847412108,31.904999828338624,31.88333330154419,440622.4,28.147502406965515,46.91055936121814,-0.16366533139155592,-0.02600465064754046,-0.13766068074401547,22.02088304229592,28.749123602488908,32.813381861421725,31.904999828338624,30.996617795255524,-3.149977167264207,交叉混雜,43.0
1742,2026-08-26,17.66999969482422,17.69499988555908,17.77499990463257,16.33333331743876,82065.4,34.08515221954232,45.16003663968677,0.315067248908818,0.4187252806952277,-0.1036580317864097,46.60171862042265,54.365794493996255,18.56540329068909,17.77499990463257,16.984596518576048,-0.9845261552841621,交叉混雜,73.0
1752,2026-08-26,31.839999771118165,31.854999923706053,31.84249973297119,32.20666650136312,55687.4,49.03861152264841,48.47368857363848,-0.04590651245955968,-0.05290875811607732,0.007002245656517643,46.59204508425944,47.51282025428501,32.15584289391197,31.84249973297119,31.529156572030416,-0.13347097830588206,交叉混雜,29.0
1760,2026-08-26,58.5,58.489999771118164,58.70999946594238,60.32000001271566,61560.4,24.347430535599663,26.52021683329641,-0.557486389191375,-0.5934685687167516,0.03598217952537652,41.30750474944269,41.455977266652035,59.60183318017199,58.70999946594238,57.818165751712776,-0.6983482074798438,交叉混雜,31.0
1762,2026-08-26,35.93000030517578,35.39500007629395,34.58749980926514,36.1599999109904,134756.2,71.82107977787253,64.99274609236832,0.17729106374052606,-0.07476180228861098,0.252052866029137,61.96222469561764,56.66328718530344,37.82394930763846,34.58749980926514,31.35105031089182,3.9392872025671344,交叉混雜,74.0
1773,2026-08-26,158.6,157.7,156.775,167.275,251147.6,57.88421487389091,49.924033715204516,-1.7876413226295824,-2.643726728019013,0.8560854053894307,56.83501379022632,50.04157368905299,164.76496080617264,156.775,148.78503919382737,1.738159783128684,交叉混雜,53.0
1776,2026-08-26,17.00999984741211,17.039999961853027,16.960000038146973,18.139166673024494,31208.2,54.92931258501717,47.488063756009495,-0.2269300914683967,-0.30394198677432627,0.07701189530592956,55.2405875704586,46.4106678654335,17.32215695791441,16.960000038146973,16.597843118379537,0.8254737205652162,交叉混雜,60.0
1780,2026-08-26,24.910000228881835,24.43000011444092,23.89999990463257,25.311666615804036,100400.8,79.50203505232894,85.05289536597638,0.14308487217860488,-0.08983065523964812,0.232915527418253,53.42322280675155,55.1214026160256,25.381464492114176,23.89999990463257,22.418535317150962,2.5104606600903465,交叉混雜,53.0
1781,2026-08-26,10.889999961853027,10.939999961853028,11.142500019073486,11.609166717529297,10805.2,25.9116252077136,20.759002950819585,-0.19560799395865303,-0.18407922038015118,-0.01152877357850185,18.709463029199696,29.759354175462775,11.660873124176227,11.142500019073486,10.624126913970745,-2.6250808804403407,空排,33.0
1783,2026-08-26,40.42000045776367,40.39500045776367,40.33250007629395,39.82083333333333,39125.8,55.236424998511666,53.44485870971188,0.11413498501968888,0.1369552782674934,-0.02282029324780452,52.223297775104115,52.38036140275749,41.01635576037154,40.33250007629395,39.648644392216355,0.2913300351409886,多排,44.0
1784,2026-08-26,61.65999984741211,61.22999992370605,60.26499977111816,63.83999989827474,58931.2,68.34089925583334,62.00734070866331,-0.1927886467355222,-0.6313316124702576,0.4385429657347354,64.56013092862025,55.55774919678593,63.90875514322049,60.26499977111816,56.621244399015836,3.2108205412267083,交叉混雜,10.0
1785,2026-08-26,102.4,103.15,105.59000015258789,123.47833340962728,3280393.0,35.61950464779696,30.065134118141284,-4.3901097434221725,-5.004643450648633,0.6145337072264603,48.53740920191511,44.079225551414694,118.51128357224773,105.59000015258789,92.66871673292805,-1.9793542471518475,空排,84.0
1786,2026-08-26,49.66999969482422,49.779999542236325,49.98249988555908,52.42166665395101,90769.6,27.98030494028847,29.43426958184493,-0.5621076636013953,-0.6128476478413496,0.050739984239954294,46.46127787133814,45.21690714693462,51.691693415258136,49.98249988555908,48.27330635586002,-0.7652706693618131,空排,6.0
1788,2026-08-26,130.0,130.15,130.15,130.79166666666666,5106.8,27.328132988172033,35.59716523379841,-0.10112514273728834,-0.10029840133561974,-0.000826741401668607,38.46064574329906,43.46379731650588,131.01450472586956,130.15,129.28549527413045,-0.499423741836347,交叉混雜,40.0
1789,2026-08-26,19.22000045776367,19.015000343322754,19.012500095367432,19.841666603088377,363366.2,63.80849692681251,65.26738432883545,-0.16361329422878512,-0.2323282420166634,0.06871494778787829,48.796584802692415,47.192232761114695,19.54450239073651,19.012500095367432,18.480497799998354,0.19723414335314865,交叉混雜,55.0
1795,2026-08-26,195.3,189.9,187.875,192.0,1735924.2,66.89402492675339,64.1874769901331,1.1135080833102222,-0.33455889006697503,1.4480669733771974,64.46319280214263,57.806585692829074,200.84815041071658,187.875,174.90184958928342,3.792415169660679,交叉混雜,21.0
1796,2026-08-26,29.370000076293945,29.914999961853027,30.33499994277954,32.229999955495195,28006.6,12.363917778091517,19.25001869149573,-0.6911224498749888,-0.6460317007507778,-0.04509074912421107,36.765507499775524,39.652080399308986,31.776891818979482,30.33499994277954,28.893108066579597,-3.4119027778846194,空排,4.0
1799,2026-08-26,30.04000015258789,30.050000190734863,30.86500015258789,32.04583349227905,75161.4,17.819777177578075,12.656013897776791,-0.783648190813139,-0.7534051305272751,-0.030243060285863876,44.579798969115615,41.5097747445461,32.80654071491441,30.86500015258789,28.923459590261363,-2.154541993717369,空排,22.0
1802,2026-08-26,58.18000030517578,57.81000022888183,54.80249996185303,60.71750005086263,37535732.2,65.09471421108096,60.37418719636128,0.40584210879914906,-0.466523685268778,0.872365794067927,74.84920933765197,61.732134198998736,64.06103713147871,54.80249996185303,45.54396279222735,10.761371844699713,交叉混雜,82.0
1805,2026-08-26,10.199999809265137,10.111999893188477,10.031499910354615,10.21399998664856,65453.8,84.53220947067052,83.62362959824002,0.027825853734118056,-0.006633138419778792,0.03445899215389685,63.291939872698144,56.85906741231219,10.294380638233278,10.031499910354615,9.768619182475952,1.679707924201788,交叉混雜,29.0
1806,2026-08-26,8.022000312805176,7.994000196456909,7.99350004196167,8.153666671117147,196746.0,75.55629638789685,70.91664642320444,-0.037497460792497606,-0.05105596286357057,0.013558502071072967,52.76632954964756,48.24889855009785,8.079895836896947,7.99350004196167,7.907104247026393,0.3315245594906973,交叉混雜,30.0
1808,2026-08-26,35.75999984741211,34.369999694824216,33.5274998664856,31.961666615804038,3445255.2,67.80214401022641,72.82622179745478,1.0401726679526178,0.7692076855526621,0.2709649823999557,57.15490312822529,60.01051977553418,36.40362165823429,33.5274998664856,30.651378074736904,5.137574052266953,多排,70.0
1809,2026-08-26,38.32000045776367,38.704999923706055,37.98999996185303,44.89916677474976,869864.6,42.57416841982153,32.73660197063944,-0.7734879568875215,-1.1248883260668028,0.3514003691792813,63.702111220872446,52.932316229157166,43.88572574362424,37.98999996185303,32.09427418008182,5.027642974318951,交叉混雜,89.0
1810,2026-08-26,25.36999969482422,25.85999984741211,25.14499988555908,24.162500031789143,4880147.2,26.04705316492169,35.08031875849034,0.07715420033482445,0.19007539706921212,-0.11292119673438766,47.60254725343976,49.2006972789078,27.141549396916826,25.14499988555908,23.148450374201335,0.8152734016450679,交叉混雜,81.0
1813,2026-08-26,11.5,11.484999942779542,11.509999895095826,11.779999955495198,7546.0,71.45163117946207,69.08566298235253,-0.0788402158649717,-0.09816317615442881,0.01932296028945711,51.19956406280328,44.331841814625264,11.677331914798506,11.509999895095826,11.342667875393145,-0.0868800624410631,交叉混雜,25.0
1815,2026-08-26,110.8,102.52000045776367,91.4600004196167,92.62500012715658,89080228.6,85.70321670400307,82.63732952985751,7.100034762072454,3.738785077472601,3.361249684599853,84.2251875437997,76.16283173959968,121.36309952410991,91.4600004196167,61.556901315123504,29.564836492810304,交叉混雜,80.0
1817,2026-08-26,40.05,39.88999977111816,39.2125,39.211666679382326,37307.8,69.8264978493318,69.2516094452026,0.3606673517903687,0.24352293332253822,0.11714441846783047,80.33328538163295,72.90852740440016,40.73664739174839,39.2125,37.688352608251606,2.390823145371776,多排,57.0
1903,2026-08-26,48.74000015258789,48.070000076293944,47.627499961853026,48.06666660308838,182254.2,62.02197812429071,62.08051378823923,0.1571418651607388,-0.04184990991599576,0.19899177507673457,63.18144320020522,58.501230796456476,49.03405450302034,47.627499961853026,46.22094542068571,2.2518519803589117,交叉混雜,35.0
1904,2026-08-26,25.530000305175783,25.085000038146973,23.7875,22.724166584014892,2856348.4,66.36781270392271,72.90794492919831,0.9449058989595542,0.8178339358840843,0.12707196307546997,65.58722566318954,67.48654375412895,27.29956573299717,23.7875,20.275434267002833,6.56857753639401,多排,83.0
1905,2026-08-26,13.539999961853027,13.469999885559082,13.317499876022339,14.379999987284343,1139833.2,63.84611896278697,55.615005043888104,-0.15440714270924083,-0.24094468995531237,0.08653754724607154,56.60087824347294,50.119042841937976,13.992836080984464,13.317499876022339,12.642163671060214,2.1212728220558823,交叉混雜,67.0
1906,2026-08-26,11.550000190734863,11.480000114440918,11.310000085830689,11.24416667620341,121307.4,55.55983883826572,47.78822147564282,0.12458585788641408,0.09564207583779596,0.02894378204861811,61.788012366697636,58.113409260636814,11.91489261392378,11.310000085830689,10.705107557737598,2.564105158605204,多排,56.0
1907,2026-08-26,30.67000045776367,30.085000228881835,29.98750009536743,28.225000031789143,1132395.8,66.11233813661592,65.89180856766527,0.5737630746626081,0.5932925009559831,-0.019529426293374952,50.56396556887679,55.89264372150029,31.39868710773528,29.98750009536743,28.57631308299958,0.8753644144985652,多排,76.0
1909,2026-08-26,11.079999923706055,10.989999961853027,10.51700005531311,10.163500054677327,3256555.0,69.71174789794543,71.19189900200115,0.2906043571215182,0.23563751136523473,0.054966845756283494,63.24817209064546,63.50426616010974,11.616934812352357,10.51700005531311,9.417065298273863,5.543408986311539,多排,73.0
2002,2026-08-26,19.270000076293947,19.13000030517578,19.150000190734865,18.969999980926513,31076100.8,44.87649190055939,42.09736802338247,0.07324781087958243,0.08010940958268092,-0.006861598703098493,55.799292474533246,54.521797337582676,19.745597854502655,19.150000190734865,18.554402526967074,0.7832848294082764,交叉混雜,53.0
2006,2026-08-26,81.85999908447266,81.77000045776367,81.84500045776367,73.61333338419597,1370603.4,43.41270689817854,43.23774013821715,2.0379343743572633,2.6186252473767406,-0.5806908730194773,45.614616163848076,53.73498092269291,89.16259974896394,81.84500045776367,74.52740116656341,-0.7880793034564684,交叉混雜,78.0
2007,2026-08-26,7.067999935150146,7.028999996185303,7.044000029563904,7.2229999780654905,132579.6,54.05774484262768,45.27930389438805,-0.03126529435279224,-0.04295536101781961,0.011690066665027372,55.15098598067876,50.67565820559042,7.161231234339646,7.044000029563904,6.926768824788161,0.5110717488793032,交叉混雜,38.0
2008,2026-08-26,30.75999984741211,30.78499984741211,30.83249988555908,30.54583314259847,38559.0,40.492429230476134,32.79220259039773,0.04656005441371036,0.08151261308071403,-0.03495255866700367,57.159949194638536,53.5107357405223,31.318379437027968,30.83249988555908,30.346620334090193,0.5432582990760697,交叉混雜,69.0
2009,2026-08-26,40.880000305175784,40.01500053405762,39.11000022888184,38.98083330790202,3352686.0,66.35704665991425,53.569719547262395,0.8411566289029295,0.5153840340401499,0.32577259486277965,72.99852966769592,65.81777256247646,43.18257938091572,39.11000022888184,35.037421076847956,8.028636544981007,多排,63.0
2010,2026-08-26,22.789999771118165,22.719999885559083,22.305000019073486,22.581666787465412,707229.8,59.92542856919442,61.14175042881768,0.25490503328306957,0.2082167879095815,0.04668824537348806,55.50825051757917,57.237589972382395,23.98300007199408,22.305000019073486,20.62699996615289,1.9950682831023774,交叉混雜,60.0
2012,2026-08-26,14.939999961853028,14.999999904632569,15.16499991416931,15.317500019073487,66903.8,43.705266143970775,39.863307245232285,-0.17173309176031282,-0.1497684288884523,-0.021964662871860524,37.84385607174834,39.9682290489867,15.715693215853523,15.16499991416931,14.614306612485098,-1.7474467335237915,空排,35.0
2013,2026-08-26,41.82000045776367,41.46500015258789,41.19750003814697,41.87666683197021,64316.8,71.26485777698292,57.02041122161512,0.12347753117812488,-0.024926059676375366,0.14840359085450025,78.14894661499328,64.23373899538701,42.16512101657645,41.19750003814697,40.22987905971749,1.9479336394440259,交叉混雜,51.0
2014,2026-08-26,17.329999923706055,17.185000038146974,17.160000133514405,17.392500082651775,2040616.4,51.10176728663103,46.10089320128551,0.011118641193096579,-0.00952733355516749,0.02064597474826407,53.31726582746748,51.85857828348254,17.908753229188683,17.160000133514405,16.411247037840127,0.8158455854129982,交叉混雜,57.0
2015,2026-08-26,64.7,63.95,64.43500003814697,63.1050001780192,102678.4,83.07443363504214,65.99623363874325,0.2407221227253018,0.22398613231116232,0.01673599041413948,61.51148269664541,55.576178043461624,66.55684184832027,64.43500003814697,62.31315822797366,0.5664670030181664,交叉混雜,53.0
2017,2026-08-26,9.125999641418456,8.97999973297119,8.898499822616577,9.097666581471762,580928.2,61.68746261516624,61.42562705190045,0.03518355937928774,-0.004233949358736916,0.03941750873802466,59.763676197061365,55.83617589995853,9.287737800008323,8.898499822616577,8.509261845224831,2.3768032620860176,交叉混雜,52.0
2020,2026-08-26,21.829999923706055,21.610000228881837,21.42000017166138,21.45416685740153,223512.0,76.90395858314992,76.75620816607018,0.13257595251070597,0.06350619408235553,0.06906975842835045,60.1280740720554,57.91099151807779,22.08125879000616,21.42000017166138,20.758741553316597,1.7740385730804362,交叉混雜,41.0
2022,2026-08-26,7.726000022888184,7.680999994277954,7.67649998664856,7.7869999806086225,281818.4,45.130236752378174,45.409663733210834,-0.016435040759437136,-0.023687385460953385,0.007252344701516249,42.4157451046918,46.141822761203834,7.878935135889718,7.67649998664856,7.4740648374074015,-0.21494351937925626,交叉混雜,43.0
2023,2026-08-26,13.929999923706054,13.849999904632568,13.794999885559083,13.794999885559083,942555.6,60.00286270520051,61.63431433834393,0.03599044535800289,0.020860169629196363,0.015130275728806524,54.76858766606225,54.10022047546634,14.028734056080616,13.794999885559083,13.56126571503755,0.7611434131370076,交叉混雜,44.0
2024,2026-08-26,13.460000038146973,13.405000019073487,13.470000076293946,13.80500005086263,5685.2,71.75850771164588,53.46536904520983,-0.08413083308517066,-0.11051764940755848,0.02638681632238782,54.115169577309494,49.11170356105169,13.764511314469473,13.470000076293946,13.175488838118419,0.2227165815600201,交叉混雜,20.0
2025,2026-08-26,12.95999984741211,12.804999923706054,12.522499895095825,12.79916664759318,551889.2,80.10435123746393,75.81835829956009,0.20830458853148848,0.11080494515150821,0.09749964337998027,84.94405043379442,69.72416539086572,13.368216676310949,12.522499895095825,11.6767831138807,7.406667374240089,交叉混雜,76.0
2027,2026-08-26,50.41999969482422,49.97999992370605,47.652499771118165,43.65916665395101,10905030.0,67.0569547602417,72.90158761217668,2.0348145873978893,1.9536899284345373,0.08112465896335208,53.843899419053386,60.68310171656616,53.0011322225464,47.652499771118165,42.30386731968993,4.296733648089251,多排,79.0
2028,2026-08-26,15.810000038146972,15.730000114440918,15.55750002861023,15.978333409627279,67596.2,72.8958542161783,73.05852277435241,0.008038106018810609,-0.0481392105160858,0.05617731653489641,58.76524675566731,54.25331167292676,16.0444617042212,15.55750002861023,15.070538352999261,1.5587347689453694,交叉混雜,31.0
2029,2026-08-26,22.260000228881836,21.904999923706054,21.335000133514406,20.92916669845581,506490.2,86.5868023415551,87.2474619257187,0.4351800554399823,0.3110894184161902,0.12409063702379208,78.5110792318442,73.8671918043365,22.76442745241117,21.335000133514406,19.905572814617642,4.991795070780887,多排,62.0
2030,2026-08-26,22.829999923706055,21.934999847412108,20.2125,18.910833231608073,4379927.4,86.46883513227627,84.6424958484515,1.355405988426437,1.0193219521061385,0.3360840363202984,79.66107503887493,77.41320750368621,24.848500090143325,20.2125,15.576499909856672,15.52257455272593,多排,88.0
2031,2026-08-26,46.279998779296875,45.51499938964844,43.57999954223633,41.00416641235351,1175530.6,75.62012920969013,71.86982693203662,1.6843740851277929,1.529182274887745,0.1551918102400478,70.51659932897668,67.28159912044073,50.13538235216451,43.57999954223633,37.02461673230815,6.81505214782251,多排,75.0
2032,2026-08-26,17.27999954223633,17.029999923706054,16.722499990463255,16.798333247502644,439302.4,65.68076365992684,57.08907273727645,0.2490637804225777,0.17659068215421048,0.07247309826836723,62.75890789294368,59.55002157550885,18.227045615949002,16.722499990463255,15.217954364977508,3.4534265027755175,交叉混雜,64.0
2033,2026-08-26,22.65999984741211,22.295000076293945,19.737500047683717,17.059999958674112,618254.4,67.83945841937835,72.2761663046093,1.877041771336856,1.6492741837633837,0.22776758757347215,62.40622798367052,67.26260411089996,26.072023222964372,19.737500047683717,13.402976872403062,15.516145317178745,多排,88.0
2034,2026-08-26,20.390000534057616,20.14000015258789,19.722500133514405,19.999999936421712,1245661.6,69.51573137088508,72.20393228794768,0.18084993995427467,0.09570737353477052,0.08514256641950416,54.06643391802057,55.91497995766848,21.230889571308676,19.722500133514405,18.214110695720134,2.421095835682781,交叉混雜,51.0
2038,2026-08-26,12.829999923706055,12.735000038146973,12.63250002861023,13.087500015894571,218573.0,51.032394927777744,47.03363349975541,-0.009846651893086644,-0.05849702697230261,0.04865037507921596,53.8991394225645,51.86460371477054,13.247466673082892,12.63250002861023,12.017533384137566,1.325946263568398,交叉混雜,26.0
2049,2026-08-26,350.9,362.55,355.75,338.06666666666666,4690522.0,21.858375136765694,27.67041447399348,5.391853317675441,8.727786211692205,-3.3359328940167643,41.69337679147693,49.11033761624892,409.6353558858716,355.75,301.8646441141284,-1.6163035839775124,交叉混雜,83.0
2059,2026-08-26,14059.0,13724.5,11865.5,8877.25,513032.4,74.1236894838654,76.25104949854823,1599.6547752376591,1478.4037622302103,121.25101300744882,72.00958798707839,74.47707446911856,16550.588214638796,11865.5,7180.411785361205,20.433188656188108,多排,99.0
2061,2026-08-26,50.46999969482422,50.779999542236325,53.79999980926514,55.78166624704997,1269078.2,31.40700184931626,24.76687311954526,-1.8658256165683582,-1.464304834894379,-0.4015207816739792,43.76205534930233,43.94222196460948,62.60029893302857,53.79999980926514,44.99970068550171,-5.390331400868909,空排,96.0
2062,2026-08-26,19.219999694824217,18.974999618530273,18.864999866485597,18.97666670481364,116933.4,83.99813892221363,73.15428036068602,0.08019379186250575,0.003365650948048162,0.07682814091445758,70.79119960230568,61.362832622483594,19.40507776740215,18.864999866485597,18.324921965569043,2.040817048710244,交叉混雜,37.0
2063,2026-08-26,24.2,24.320000076293944,24.150000190734865,24.328333473205568,35802.0,21.92519022076821,36.22690772130356,0.020370502558151315,0.0291099563120517,-0.008739453753900384,39.007981103862626,45.593896569064896,24.839011634640002,24.150000190734865,23.460988746829727,-0.41408262063982565,交叉混雜,34.0
2064,2026-08-26,12.599999809265137,12.505000019073487,12.182499980926513,13.128333266576131,58614.2,63.35430564070862,61.179532417386625,-0.022258627605841852,-0.13452858398426037,0.11226995637841852,76.38583815064004,59.9114905133858,12.99118642803684,12.182499980926513,11.373813533816186,4.658321526468221,交叉混雜,45.0
2065,2026-08-26,36.34000015258789,36.124999618530275,34.664999866485594,33.59249992370606,43666.2,43.757712295129465,49.520524053235576,1.0304499700883696,0.9024102141133639,0.12803975597500572,69.32714464805544,67.38445426117042,39.076121933337724,34.664999866485594,30.253877799633468,5.726241647306129,多排,71.0
2066,2026-08-26,54.71999969482422,56.420000076293945,58.689999961853026,62.51999988555908,121861.6,10.97739806056521,15.622347877134068,-2.240144128758793,-1.6241477620940241,-0.6159963666647688,23.475032284873237,30.74505288816826,65.07184930139154,58.689999961853026,52.308150622314514,-8.672689540024367,空排,35.0
2067,2026-08-26,5.199999904632568,5.591999959945679,5.981499981880188,6.34833333492279,38884.4,11.714817804782214,19.303969999426172,-0.3739013708223302,-0.23184559207027305,-0.14205577875205716,21.485174739045377,23.903808856553255,7.0770657599622275,5.981499981880188,4.885934203798149,-17.24484118933017,空排,2.0
2069,2026-08-26,20.670000076293945,20.285000228881835,19.67500009536743,19.090000089009603,609211.2,77.30488578431856,72.63969540850276,0.569620586202344,0.4166440238219964,0.15297656238034762,89.13404337163112,80.47562029636832,21.507886916151826,19.67500009536743,17.842113274583035,9.275730092943046,多排,78.0
2070,2026-08-26,67.17999877929688,65.1699993133545,59.53499965667724,60.0741662979126,349526.6,63.13664407958282,67.44016316887657,3.0429805498072184,2.0867074103772105,0.9562731394300079,65.38871075974137,63.91994017863814,74.91814439259443,59.53499965667724,44.151854920760066,13.714617180902572,交叉混雜,82.0
2072,2026-08-26,150.9,151.1,152.95,157.93333333333334,291527.8,18.829811703931277,23.326611829316498,-0.7978719247551282,-0.5996274081418941,-0.19824451661323417,39.26379121116403,44.64707700665384,161.15718555515448,152.95,144.7428144448455,-2.5825433148087535,空排,4.0
2073,2026-08-26,26.059999465942383,26.114999771118164,26.52999973297119,26.57083336512248,1600.0,63.045882179556095,47.84022518888221,-0.21078191829849757,-0.20176517045228254,-0.009016747846215034,52.06544866796804,49.35536051419009,28.256998549874893,26.52999973297119,24.80300091606749,-0.490011744249493,空排,49.0
2101,2026-08-26,33.14000015258789,32.76999988555908,33.36999979019165,33.08416662216187,1224419.4,61.25622777259477,51.88906831281258,-0.11409345405486704,-0.07155354174781071,-0.042539912307056324,47.04096689423709,47.6203991341089,35.41666585282988,33.36999979019165,31.32333372755342,-1.2586126158012294,交叉混雜,47.0
2102,2026-08-26,18.75,18.724999809265135,18.83249988555908,18.650833225250246,229660.8,42.43134353243643,38.887494745286475,-0.04219886290185926,-0.014837588512533664,-0.027361274389325594,46.80088822250461,47.12729016570374,19.275308145837055,18.83249988555908,18.389691625281106,-0.7035662998794384,交叉混雜,46.0
2103,2026-08-26,28.179999923706056,27.845000076293946,25.842500019073487,23.545833269755047,4806037.8,69.96687927798318,70.3123067849017,1.4345203064860854,1.3188476289756998,0.11567267751038557,65.08996111579813,64.46020265534086,31.734981889077517,25.842500019073487,19.950018149069457,9.316049063169652,多排,90.0
2104,2026-08-26,10.45,10.380000019073487,10.15149998664856,10.379666630427042,3302813.6,62.536900239322506,63.40537774955092,0.05661700019771487,0.011214551886317632,0.04540244831139724,62.22134905224223,58.0076077640541,10.858823348091446,10.15149998664856,9.444176625205673,4.418070190721006,交叉混雜,43.0
2105,2026-08-26,31.420000076293945,31.11000003814697,31.067499923706055,31.72583335240682,3645399.6,61.995888359899155,56.47223332972382,-0.04252186560277238,-0.10896192652117659,0.06644006091840421,49.684470158543206,49.60295087430591,32.13583572563745,31.067499923706055,29.999164121774662,0.5874308416902511,交叉混雜,39.0
2106,2026-08-26,17.439999771118163,17.469999694824217,17.862499809265138,17.749166584014894,1271665.0,23.2051815337247,21.370164683473075,-0.1434209193531899,-0.05499564644654057,-0.08842527290664934,33.380333895896825,39.34597543732114,18.75567588778603,17.862499809265138,16.969323730744247,-3.149058520425157,交叉混雜,30.0
2107,2026-08-26,26.6,26.19500026702881,25.832500076293947,25.775,383242.0,79.9549448905183,78.32185232807451,0.2561008320851492,0.1164051332316775,0.13969569885347172,85.20810965450413,74.93019527365658,26.834222263085874,25.832500076293947,24.83077788950202,3.7452788460628246,多排,66.0
2108,2026-08-26,30.239999771118164,29.85,29.09000015258789,28.831666819254558,1075156.2,53.42524808725341,58.24642170855877,0.5233227469848956,0.4273291444836711,0.09599360250122446,53.482700777894514,55.479061377525696,31.744212032726168,29.09000015258789,26.435788272449614,3.1282222160151982,多排,75.0
2109,2026-08-26,14.800000190734863,14.725000095367431,14.602499961853027,14.585833326975505,64894.8,65.44713491964774,68.4955327146434,0.06354458683715691,0.04309080917446425,0.020453777662692664,55.940933799954045,56.67243096626735,14.958612308026872,14.602499961853027,14.246387615679183,1.0101012739756599,多排,47.0
2114,2026-08-26,88.6,88.38000030517578,88.05999984741212,88.85999997456868,20485.8,66.99004467288076,69.47435710921638,0.07419924409815337,-0.07683502684470456,0.15103427094285793,73.85729031480965,62.30268616220743,89.07026342255692,88.05999984741212,87.04973627226731,1.2945685927838146,交叉混雜,46.0
2115,2026-08-26,23.95999984741211,23.51499996185303,22.8875,21.958333365122478,115119.0,66.43937926410926,72.58516344992705,0.5787342346071895,0.4798786911912709,0.09885554341591862,73.54713130025527,73.50562069080024,24.530947657016224,22.8875,21.244052342983775,4.860731840524307,多排,51.0
2201,2026-08-26,29.000000381469725,28.815000152587892,28.190000152587892,28.05999994277954,2725683.8,52.71890521661973,63.3804845661776,0.29305052119946495,0.2167804000273195,0.07627012117214546,51.367665271283684,54.93617417883055,29.638992525230023,28.190000152587892,26.74100777994576,1.8091543369670473,多排,29.0
2204,2026-08-26,54.45999984741211,53.40999984741211,52.479999732971194,54.569999885559085,1166883.6,70.53119431293507,73.93852344179822,0.0882307316598272,-0.31241098933810474,0.40064172099793194,57.94293886017505,54.76279559671875,55.254773183449714,52.479999732971194,49.705226282492674,2.7057961130582453,交叉混雜,41.0
2206,2026-08-26,63.74000091552735,62.75000076293945,62.5350004196167,62.524999936421715,581466.2,79.00246271419944,77.63870630434039,0.2805803118282171,0.07432353612299224,0.20625677570522483,49.974788517601375,51.866344493045155,65.4515777193821,62.5350004196167,59.61842311985129,0.7435829171873372,多排,56.0
2207,2026-08-26,518.0,516.1,518.95,493.93333333333334,163987.0,59.82686539490838,47.06001412170386,5.362035488946219,5.91240434764477,-0.5503688586985511,61.91147646972073,57.75926668888122,545.786542251169,518.95,492.11345774883114,0.7804220059735917,交叉混雜,54.0
2208,2026-08-26,19.220000076293946,19.35499973297119,19.13249988555908,19.049166615804037,1606656.6,14.49143538671768,21.941229208283502,-0.030018106019028323,-0.02941164457908774,-0.0006064614399405831,50.137658275375586,49.600476268699815,19.903196183684003,19.13249988555908,18.36180358743416,0.6141388482620923,交叉混雜,54.0
2211,2026-08-26,83.9,82.94000015258788,85.16999969482421,90.57666676839193,522985.6,48.56482734427746,40.54858182145645,-1.8953418393085286,-2.0621939843185295,0.1668521450100009,40.79693065258049,38.40398835153838,90.44400734797384,85.16999969482421,79.89599204167459,-2.4304346931081575,交叉混雜,21.0
2221,2026-08-26,62.4,57.9,51.91999988555908,49.11916656494141,1486804.4,91.90289870251141,90.19009860668032,4.40062676129849,2.3664630220954512,2.0341637392030387,91.51297168068933,82.35171622983995,67.52193701198398,51.91999988555908,36.31806275913418,33.85978457856389,多排,95.0
2227,2026-08-26,48.63999938964844,48.58499946594238,49.104999732971194,49.55583330790202,38835.0,39.15975645492814,34.05782429093616,-0.38341748432358713,-0.32502146484543704,-0.058396019478150096,37.96026210588903,38.68887000460498,50.47992626745335,49.104999732971194,47.73007319848904,-1.6393452811081795,交叉混雜,28.0
2228,2026-08-26,74.92000122070313,75.7400001525879,76.31499977111817,81.58833287556966,112747.8,26.733639689938613,34.825024210408884,-1.5937608824257552,-1.6132049015300869,0.01944401910433169,27.790655133892045,33.44290591171864,79.43995889759712,76.31499977111817,73.19004064463921,-3.033479365866802,空排,10.0
2230,2026-08-26,23.64000015258789,24.220000076293946,24.57750015258789,24.74750000635783,68091.0,32.25220525438009,26.07167880047659,-0.08973060890592777,0.06960862844220383,-0.1593392373481316,44.20190806987807,46.6589605372514,27.61731940791299,24.57750015258789,21.537680897262792,-2.96002346292962,空排,1.0
2231,2026-08-26,92.26000061035157,95.2400001525879,96.21500015258789,100.29666684468587,246981.2,11.576809709046433,18.403853773151365,-2.595260813640664,-2.0925100612678635,-0.5027507523728003,34.131575876207265,40.230526501502275,104.02626723910203,96.21500015258789,88.40373306607376,-4.588678578005831,空排,45.0
2233,2026-08-26,175.5,185.6,192.8,233.4,1528205.2,20.778480955922852,17.055984721865375,-12.94947626404084,-12.006463815358515,-0.9430124486823246,33.7811130650482,36.124991258526094,221.07571023818818,192.8,164.52428976181184,-9.23236514522822,空排,3.0
2236,2026-08-26,122.1,123.75,129.05,143.125,188974.6,41.176961827136616,39.1814621837808,-6.675624533754586,-6.520749091156291,-0.15487544259829544,27.258633811429902,30.86939838156249,141.19344094129505,129.05,116.90655905870497,-6.237892289810159,空排,65.0
2237,2026-08-26,27.620000076293945,27.370000076293945,,,183075.4,57.10033284421217,56.35330862217435,0.17244797327188977,0.09068497751726973,0.08176299575462004,64.84695126332889,67.91567568419248,,,,,,
2239,2026-08-26,19.90999984741211,19.574999618530274,19.60999975204468,21.11666663487752,25213.2,68.87419228454804,62.29824628302107,-0.21468636442051192,-0.35376304606365655,0.13907668164314463,56.14329601012843,50.24049379098487,20.325688703815427,19.60999975204468,18.89431080027393,1.2238685999984433,交叉混雜,6.0
2241,2026-08-26,34.220000457763675,33.560000038146974,33.32999973297119,38.44999990463257,503673.8,63.40920035415847,56.96309099662066,-0.6877677697074915,-1.1452468589431422,0.4574790892356506,56.917700040243076,50.477942420249065,36.02080219537143,33.32999973297119,30.639197270570946,3.2103264370843507,交叉混雜,61.0
2243,2026-08-26,40.32999954223633,40.079999923706055,40.84749984741211,45.63083340326945,131227.2,34.30547664524604,26.885283577359502,-1.7696609299181674,-2.001317407361176,0.23165647744300877,49.99657130464955,41.96270045854569,43.46172787392352,40.84749984741211,38.2332718209007,-0.4835016152052587,交叉混雜,98.0
2247,2026-08-26,225.6,224.1,226.275,229.55833333333334,14082.8,69.96867963082927,56.06580245264005,-0.7474848308715139,-0.8979328525948921,0.15044802172337823,52.0091778191042,48.94088956317685,232.10121119097272,226.275,220.4487888090273,-0.3425035907634541,交叉混雜,27.0
2248,2026-08-26,64.32000045776367,61.970000457763675,60.205000495910646,59.000000127156575,137479.8,72.23637787007395,71.15554474526772,1.2291839552175006,0.6918981275624434,0.5372858276550572,59.82918231177528,58.19241404104095,66.10824682434355,60.205000495910646,54.30175416747774,5.805166079628553,多排,80.0
2250,2026-08-26,60.540000915527344,60.410000228881835,59.49500026702881,61.951666768391924,44523.6,54.15920041885441,47.88472671139024,-0.17037969231285643,-0.46872890415745405,0.2983492118445976,67.88315658223183,56.13213782726792,62.802710443071504,59.49500026702881,56.18729009098611,3.2019518451970175,交叉混雜,19.0
2254,2026-08-26,59.84000015258789,59.45999984741211,60.23000030517578,60.41333351135254,49601.2,48.25725760593256,38.9743989110016,-0.24477327387450032,-0.24575996109731865,0.0009866872228183332,61.965318544885974,55.480306480801076,62.24060493087488,60.23000030517578,58.219395679476676,1.1124044783469016,交叉混雜,46.0
2258,2026-08-26,31.600000381469727,31.525000190734865,31.15500020980835,31.80333331425985,310478.2,38.6215761760752,51.06970756978174,-0.03694386661905824,-0.08499447552265949,0.048050608903601244,50.04518632867996,49.799711777506154,32.677774817557065,31.15500020980835,29.63222560205963,0.7863887243524783,交叉混雜,25.0
2301,2026-08-26,283.6,276.5,259.675,230.09166666666667,40531573.8,82.30636891579348,72.40918067184914,18.479253088121425,15.098674183367518,3.380578904753907,80.49657766431285,73.19610959128865,313.6616211496652,259.675,205.6883788503348,18.22470395686916,多排,92.0
2302,2026-08-26,42.89000015258789,43.505000305175784,42.48000030517578,42.68000020980835,3127186.2,35.68291000639765,36.836773032993456,0.3738053972561417,0.3847180278225248,-0.010912630566383086,59.054283898921824,54.82867915033346,48.46052979330192,42.48000030517578,36.499470817049634,4.755178155161417,交叉混雜,95.0
2303,2026-08-26,120.7,120.5,120.05,137.46666666666667,104630491.4,55.87633355444582,46.11879422476639,-3.380594852033184,-4.807447641017944,1.4268527889847604,56.947453120936665,48.93196137727163,127.72703341827616,120.05,112.37296658172383,2.457309454394005,交叉混雜,93.0
2305,2026-08-26,27.539999771118165,28.05499973297119,28.45749979019165,31.198333295186362,3416919.8,40.46208680729005,26.89644129922908,-0.9696442597306216,-1.1815959216362417,0.2119516619056201,67.13054773477634,54.37343428496448,32.264733026492415,28.45749979019165,24.650266553890887,6.474565441282877,空排,95.0
2308,2026-08-26,1737.0,1792.5,1734.25,1908.1666666666667,6659337.4,23.731511834867185,32.09669791843164,-17.240120133370965,-20.865390509036036,3.625270375665071,46.02986620318249,47.32808985922865,1937.7787384337264,1734.25,1530.7212615662736,0.6198644947383595,交叉混雜,87.0
2312,2026-08-26,31.479999923706053,32.15500011444092,31.879999923706055,33.67333326339722,8891960.0,23.763277583944422,28.981452853598036,-0.24631219968126317,-0.22900622008282828,-0.017305979598434884,49.088652885518265,48.374964819794556,34.5499892555271,31.879999923706055,29.21001059188501,-0.094101450150949,交叉混雜,78.0
2313,2026-08-26,216.5,213.95,206.45,224.37614466349285,22444905.4,63.361690405322406,54.31972407532443,1.0797750442479241,-1.2570628990529347,2.336837943300859,66.57790113476747,56.88192116871579,241.41750371115168,206.45,171.4824962888483,7.289900702349243,交叉混雜,92.0
2314,2026-08-26,11.460000228881835,11.310000133514404,11.57000002861023,13.281666707992553,173549.2,41.757292768609126,33.038483751122655,-0.369740562767106,-0.48985857992924375,0.12011801716213777,54.22871155104054,46.35717362872289,12.439603393053169,11.57000002861023,10.70039666416729,0.2592943196656242,交叉混雜,2.0
2316,2026-08-26,157.1,159.1,157.125,175.76666666666668,1578828.4,33.555999534205455,30.21169186522523,-2.895706010752974,-3.7312682144882836,0.8355622037353094,54.11985575819189,49.3129054341764,175.34261726865896,157.125,138.90738273134104,1.8297533810660305,交叉混雜,85.0
2317,2026-08-26,245.0,249.55,252.95,253.59166666666667,24675752.8,19.175040484919776,20.05106901647877,-1.2552141408979764,0.48673016479524417,-1.7419443056932207,42.48669126107144,45.687869981563125,272.6233857092051,252.95,233.27661429079487,-2.549911049614544,空排,59.0
2321,2026-08-26,15.029999923706054,15.194999980926514,15.12000002861023,14.565833330154419,2494.8,48.797543662653354,49.070019952332274,0.05227987163496195,0.1380196473598459,-0.08573977572488395,34.2938699385908,43.867820833988894,15.819172663584519,15.12000002861023,14.42082739363594,-2.4470901316806333,交叉混雜,38.0
2323,2026-08-26,10.79000015258789,10.920000171661377,10.531000089645385,10.915833361943562,4387166.6,33.50547464063273,44.311387795510605,0.08216060980293527,0.03676491367151352,0.04539569613142175,54.26405616846109,53.62969477643291,11.564011141578884,10.531000089645385,9.497989037711886,3.029154772660185,交叉混雜,68.0
2324,2026-08-26,40.119999694824216,40.464999771118165,38.552499771118164,37.39166653951009,75315889.6,44.806033912299526,49.60952309736416,1.1841201589871773,1.0356671856123354,0.14845297337484187,58.107334885815234,58.31938768299416,43.42524656205806,38.552499771118164,33.67975298017827,5.700020081520385,交叉混雜,82.0
2327,2026-08-26,549.2,579.0,567.325,765.4083333333333,26394586.4,16.93635189213319,25.600725582594748,-40.63449654696569,-44.98410511692585,4.349608569960161,29.716904570832625,37.35016164149756,655.7916306402748,567.325,478.8583693597253,-5.69779227074429,交叉混雜,94.0
2328,2026-08-26,45.10000076293945,45.26500053405762,44.607500076293945,48.17250003814697,1465057.6,42.809403244017005,44.20365562398421,-0.37862352727498205,-0.5712205182584461,0.19259699098346406,53.714164606855874,50.05661991623596,48.5436046624473,44.607500076293945,40.67139549014059,1.7766103194070837,交叉混雜,29.0
2329,2026-08-26,43.42000045776367,43.679999923706056,43.37249965667725,48.84333318074544,1492215.8,41.99016865209768,39.98908733098577,-0.9201869899176316,-1.2485010967019314,0.32831410678429984,58.416640694360574,49.03350744349129,46.85953966155898,43.37249965667725,39.885459651795514,1.7926148489391016,交叉混雜,19.0
2330,2026-08-26,2395.0,2393.5,2379.25,2383.8333333333335,12889065.8,58.497067354100615,52.52173244930563,7.451381276746815,4.583698498150959,2.8676827785958565,58.97837762453069,54.35026483322924,2477.5125377027493,2379.25,2280.9874622972507,1.5025743406535672,交叉混雜,86.0
2331,2026-08-26,19.729999923706053,19.8,19.45,20.446666622161864,1227090.0,32.80188603237829,38.92891466538026,-0.030393284679337995,-0.09738582898236532,0.06699254430302733,51.81708262590482,50.764636096549864,20.834880612617535,19.45,18.065119387382463,1.542416452442163,交叉混雜,38.0
2332,2026-08-26,20.310000228881837,21.050000190734863,21.782500171661376,20.42166665395101,10839053.0,10.66859447311495,10.898395775062632,-0.3642470757137275,-0.018889903564575386,-0.3453571721491521,35.428939516606576,42.15683431520787,24.096138142546287,21.782500171661376,19.468862200776464,-6.34684054739368,交叉混雜,79.0
2337,2026-08-26,122.7,125.75,122.5400001525879,137.51333338419596,32945088.0,28.28874872952443,33.8478887796794,-2.030550909298526,-2.350702936707349,0.320152027408823,46.130907198610714,47.26980817050863,145.63115960184783,122.5400001525879,99.44884070332797,0.3753875035411381,交叉混雜,97.0
2338,2026-08-26,38.6,38.87000045776367,38.705000495910646,44.84083366394043,699239.0,42.879215332695026,36.91367655035672,-1.2160435248380566,-1.5735915225631183,0.35754799772506174,62.95133107590565,48.885089714292455,41.90695776334957,38.705000495910646,35.503043228471725,2.4415476498136304,交叉混雜,33.0
2340,2026-08-26,32.36000022888184,31.520000076293947,31.049999904632568,34.13583326339722,4321630.4,70.3455895340497,56.13955447575367,-0.0740428561141826,-0.6013963190794688,0.5273534629652862,77.72485879544445,62.29227440864622,35.18063041185487,31.049999904632568,26.919369397410264,11.75523629474252,交叉混雜,77.0
2342,2026-08-26,39.45999984741211,39.74500007629395,37.70250015258789,44.01000010172526,2085636.8,44.38848227713398,45.077377944486805,-0.4793761010321447,-1.1326246572161311,0.6532485561839865,71.95503722955806,57.540570919361286,43.57199920693467,37.70250015258789,31.833001098241102,10.337506281438694,交叉混雜,82.0
2344,2026-08-26,179.0,178.15,168.4,174.26666666666668,102212086.2,53.429390058805915,53.0001085816922,4.327177382483313,3.113389410830578,1.213787971652735,61.00100850081054,56.992606470471195,204.47535972027794,168.4,132.32464027972208,7.779097387173393,交叉混雜,98.0
2345,2026-08-26,2048.0,2145.0,2184.5,2323.1666666666665,2169284.4,14.280413016379306,19.5710072740775,-64.74796203239339,-46.28818616990199,-18.459775862491398,27.20021874774625,37.27687115745805,2451.7255109158114,2184.5,1917.2744890841884,-8.44586861982147,空排,86.0
2347,2026-08-26,87.4,88.05000076293945,90.275,89.85000025431314,2137958.2,28.58981799810112,26.191524706230318,-0.6514941877748015,-0.19296639703287333,-0.4585277907419282,43.193199574708196,45.06010814469686,96.85115222129502,90.275,83.69884777870499,-3.0739407366380567,交叉混雜,79.0
2348,2026-08-26,71.41999969482421,70.63000030517578,71.00785751342774,73.57928606669108,360340.8,55.529911929463125,55.63737985757638,-0.8908703901224442,-1.0735494432639634,0.18267905314151922,51.56792213727029,47.45928370088235,75.40089499935388,71.00785751342774,66.6148200275016,0.2705889764074579,交叉混雜,42.0
2349,2026-08-26,11.019999885559082,11.160000038146972,10.992500019073486,12.18250002861023,1069848.4,21.494989347588387,26.94280590852172,-0.16895133800331585,-0.22605018143845934,0.05709884343514349,54.45507554065801,48.85680774802151,11.632627565386048,10.992500019073486,10.352372472760923,1.4327914412872826,交叉混雜,31.0
2351,2026-08-26,197.1,186.05,174.1,184.725,5484836.6,89.31366190794941,79.63583490623238,7.1582636161578534,1.4063563606418932,5.7519072555159605,90.69464984274707,75.96570160880387,211.4667457000267,174.1,136.73325429997328,25.789775990809883,交叉混雜,94.0
2352,2026-08-26,28.60999984741211,28.73500003814697,28.572500038146973,30.328333441416422,3771040.4,30.470109821630913,37.794364257961135,-0.3429228691000006,-0.3699728626803346,0.027049993580333997,39.1095089850022,43.5770645696159,29.987262054976895,28.572500038146973,27.15773802131705,-1.3036985727892159,交叉混雜,50.0
2353,2026-08-26,31.04000015258789,31.19499988555908,30.542499828338624,32.40250005722046,9109880.2,35.972592848971075,38.729619836365345,0.07276731163102212,-0.04500931573857063,0.11777662736959275,59.38957811204401,54.66035208087618,32.79083850274531,30.542499828338624,28.29416115393194,2.643858746564908,交叉混雜,61.0
2354,2026-08-26,60.560000610351565,61.05000038146973,59.98000011444092,57.86333344777425,3594135.8,41.099851211929405,40.4529745570101,1.0311143476258664,1.1471577090474288,-0.11604336142156235,61.7202482543466,59.37428127458501,65.77240900800525,59.98000011444092,54.18759122087659,2.3674581672701667,交叉混雜,48.0
2355,2026-08-26,41.86000137329101,41.960000610351564,40.942500305175784,47.742500178019206,1203751.2,48.571294882022684,48.37776458145744,-0.7776345057524665,-1.262776961662686,0.48514245591021954,61.951938339377875,50.74129964277168,45.292366865064416,40.942500305175784,36.59263374528715,3.559873505133419,交叉混雜,50.0
2356,2026-08-26,65.61999969482422,66.35999984741211,65.40499973297119,65.89999968210856,11195211.6,26.525216198076464,29.53357972922668,0.5661549382590323,0.6157916354628874,-0.04963669720385511,55.08716222252246,53.49782920450115,70.62902369888333,65.40499973297119,60.18097576705905,1.5212931686721287,交叉混雜,83.0
2357,2026-08-26,925.8,933.5,873.45,792.1666666666666,1959585.0,43.24570713197429,51.126571625199,47.25913597502927,45.636386751514586,1.6227492235146812,68.81089187512822,66.75865351030515,1008.4283218462292,873.45,738.4716781537709,8.42063083175911,交叉混雜,89.0
2359,2026-08-26,148.7,157.35,147.625,141.28333333333333,8169727.0,24.7911781425001,40.1228103688924,3.0536567040363707,4.49271189329874,-1.439055189262369,37.9059024795252,47.04339469027545,176.95232693688845,147.625,118.29767306311155,-1.7781541066892466,交叉混雜,66.0
2360,2026-08-26,2046.0,2161.5,2085.25,2119.6666666666665,1571615.4,23.1309465097611,37.06202495531276,2.382767529382818,23.740154243466772,-21.357386714083955,27.86930077058095,41.149173919822005,2373.5567627956243,2085.25,1796.9432372043757,-6.246253446828917,交叉混雜,94.0
2362,2026-08-26,48.24999923706055,48.19000015258789,47.32500019073486,45.42916679382324,820526.0,54.64472720821625,49.41537825721822,1.1383597824377887,1.1444214159068693,-0.006061633469080618,63.197798717211754,59.52670175040719,52.342705269055486,47.32500019073486,42.30729511241424,3.8563155367959983,多排,75.0
2363,2026-08-26,50.82000045776367,51.71000022888184,51.90750026702881,58.964166450500485,2303155.4,22.529718201828658,22.279931930515993,-1.7878567012452677,-1.964065595058619,0.17620889381335125,46.27996908735102,42.81894466255161,57.09577466191612,51.90750026702881,46.7192258721415,-0.9776982874135072,空排,25.0
2364,2026-08-26,77.51999969482422,80.5400001525879,76.5,71.74999987284342,573766.0,27.036194986414994,43.67053470313469,1.97653170489275,2.6927445104729832,-0.7162128055802333,35.04212494084136,46.77889299511145,87.77699166571021,76.5,65.22300833428979,-1.9607843137254901,交叉混雜,62.0
2365,2026-08-26,30.379999923706055,30.544999885559083,30.077499866485596,31.86166664759318,1522613.4,43.219390315879295,46.24578798250454,-0.1466054416731133,-0.250689468638418,0.10408402696530472,56.27838093430957,51.712113997754464,32.66257345746072,30.077499866485596,27.492426275510475,1.9034153589427691,交叉混雜,14.0
2367,2026-08-26,42.949999237060545,43.13999938964844,41.98499984741211,49.858333079020184,3807293.2,49.96843514062482,42.38052948686685,-0.8419191121581093,-1.4243081923708174,0.5823890802127081,67.16001214613392,54.1075295463665,48.04445039514866,41.98499984741211,35.925549299675566,6.109323327308616,交叉混雜,67.0
2368,2026-08-26,989.8,1009.4,958.7,1096.8833333333334,6091130.8,43.77409665813079,46.86680564912809,-0.047360514576894275,-11.092967621801023,11.045607107224129,63.0149982619155,56.63124512389584,1129.4014630098002,958.7,787.9985369901998,8.480233649734009,交叉混雜,86.0
2369,2026-08-26,31.420000076293945,31.70999984741211,31.974999809265135,35.41000006993612,4849142.0,40.647202689009404,36.04549463999774,-0.9317395452160611,-1.0665980795576502,0.13485853434158912,52.506719386878636,47.12536136185162,35.458570306162834,31.974999809265135,28.491429312367433,0.07818667985611873,空排,80.0
2371,2026-08-26,27.59000015258789,27.175000190734863,26.30250015258789,27.135833326975504,6475216.0,80.68758280283417,80.9303769278583,0.32921548176967974,0.09868468123021835,0.2305308005394614,67.01289517443544,60.54207900362101,28.654761267925558,26.30250015258789,23.95023903725022,5.123085098850591,交叉混雜,17.0
2373,2026-08-26,53.380001068115234,53.32000045776367,53.40500049591064,55.22833360036214,24081.0,41.3541513760238,32.21496004416585,-0.32024240940782533,-0.42876185904634584,0.1085194496385205,57.79335822914601,47.62034291650779,53.856780328801904,53.40500049591064,52.95322066301938,0.17788503549706486,交叉混雜,35.0
2374,2026-08-26,67.85999908447266,68.78000030517578,68.49500045776367,71.67499987284343,2381783.8,35.781298498357685,33.121722811637596,-0.5518214935800501,-0.6120209391658765,0.06019944558582646,58.63413579876761,52.450437930557875,74.38396460602131,68.49500045776367,62.606036309506024,1.7592473646621303,交叉混雜,26.0
2375,2026-08-26,122.6,126.05,123.475,158.29166666666666,1924677.8,29.487617810540165,36.26547088692959,-6.6128782369521275,-8.095997069336727,1.4831188323845996,43.84321989543143,42.48639555649397,136.37328629988085,123.475,110.57671370011914,-0.7896335290544599,交叉混雜,78.0
2376,2026-08-26,344.3,356.7,349.2,344.425,3428521.4,17.855092890595238,23.61671523608344,1.9669712831365018,3.933829743449886,-1.966858460313384,49.34078444328363,50.49471153668348,388.6039805630203,349.2,309.7960194369797,0.08591065292096546,交叉混雜,77.0
2377,2026-08-26,143.1,148.65,149.65,143.98333333333332,7246486.0,18.26206062667712,21.191698598530152,-0.12308257813103296,1.4924444254619975,-1.6155270035930305,46.00273967573537,47.62937872525098,166.91907793229342,149.65,132.3809220677066,-2.439024390243906,交叉混雜,80.0
2379,2026-08-26,719.8,724.0,729.4,738.9,1985353.0,46.639919439849166,40.785430675046904,-4.384331101929092,-3.6415526312998163,-0.7427784706292759,56.020483242612194,51.07926732920422,779.116670930585,729.4,679.683329069415,0.9048533040855529,空排,84.0
2380,2026-08-26,19.400000381469727,19.60500011444092,19.382499980926514,20.473041248321532,73091.4,28.125435710287608,33.54673371652752,-0.11155100302196885,-0.1241201758192383,0.012569172797269448,43.17930360958084,46.280274969896425,20.42692158418663,19.382499980926514,18.3380783776664,-0.6836062481976108,交叉混雜,66.0
2382,2026-08-26,326.3,327.55,315.075,347.4166666666667,7558876.0,54.69332711547649,60.081338552336234,-1.131794013993499,-4.075087451896598,2.9432934379030993,60.8751157920006,53.783115590028935,346.7630767880644,315.075,283.3869232119356,4.5782750138855866,交叉混雜,71.0
2383,2026-08-26,5702.0,5880.0,5516.25,5256.583333333333,1834523.4,39.603630678307375,48.97862001632976,194.57751411473964,204.06003013607332,-9.48251602133368,55.32151747194867,56.27909680528263,6528.183402218904,5516.25,4504.316597781096,5.506458191706322,交叉混雜,98.0
2385,2026-08-26,106.2,106.2,105.2,111.03333333333333,1340881.0,62.35908792302835,64.03837697481926,-0.2848266356539,-0.7283976901644079,0.44357105451050793,57.23592562664979,52.59378080321557,108.21574813968483,105.2,102.18425186031517,1.2357414448669173,交叉混雜,14.0
2387,2026-08-26,36.42000045776367,36.375000381469725,37.00250034332275,38.81666660308838,180665.0,52.30401958438793,37.822955758587355,-0.6245163248135768,-0.6601764966170949,0.035660171803518104,42.92206918504652,38.91494328892813,38.48342325283929,37.00250034332275,35.521577433806215,-1.62826514925651,交叉混雜,27.0
2388,2026-08-26,73.16000061035156,74.17000045776368,75.57000045776367,73.22500025431314,2153574.8,26.72432512724607,24.715389567628662,-0.19459259181097366,0.35294952605152313,-0.5475421178624968,51.64742430540668,49.995240996021316,84.07513117000762,75.57000045776367,67.06486974551972,-1.4159063798890619,交叉混雜,78.0
2390,2026-08-26,10.320000076293946,10.270000076293945,10.350000095367431,11.455833387374877,415803.8,43.706692347901075,31.12110017646989,-0.2325632685612895,-0.3014021621982934,0.0688388936370039,67.22298651421896,51.67652612832435,10.711284426594993,10.350000095367431,9.988715764139869,2.415461679214801,交叉混雜,55.0
2392,2026-08-26,43.29999923706055,42.33499946594238,39.389999580383304,38.42083314259847,4208651.8,77.82828061246002,71.91279796474477,1.9774752942740221,1.3452525595404323,0.6322227347335898,75.43527795534,70.16020150049118,46.859699709669044,39.389999580383304,31.920299451097563,14.115260832155727,多排,65.0
2393,2026-08-26,65.51999969482422,64.80999946594238,63.194999885559085,66.52999973297119,1520017.6,75.40863489367138,75.22065212080693,0.039308378990398296,-0.47924004617863825,0.5185484251690365,63.07058451955502,55.98701634475983,67.56931378944792,63.194999885559085,58.82068598167025,4.438642486779869,交叉混雜,65.0
2395,2026-08-26,666.0,675.8,646.15,558.0083333333333,2356225.0,46.85373692585239,49.82241870210258,30.650208452817083,34.27510620757185,-3.6248977547547696,60.737890567883376,62.76096889427577,738.49779796764,646.15,553.8022020323599,5.238721659057497,交叉混雜,93.0
2397,2026-08-26,62.99999923706055,64.1300006866455,62.63999977111816,60.618333180745445,167555.8,23.236089540838552,34.09097302074132,1.078161787530746,1.4244867023764995,-0.34632491484575345,42.05611842704516,51.36101659816825,71.64769198591804,62.63999977111816,53.63230755631828,0.2554269899856485,交叉混雜,47.0
2399,2026-08-26,46.87000045776367,46.19500045776367,42.87500009536743,44.897500133514406,6887920.4,81.93130248989402,78.24876993499721,1.6143621207148513,0.8615949048395168,0.7527672158753345,76.0653762843697,65.32640781973518,52.62441366269991,42.87500009536743,33.12558652803496,13.702623653795282,交叉混雜,93.0
2401,2026-08-26,25.470000076293946,25.905000114440917,26.280000114440917,28.85500011444092,1684268.8,26.153201938984363,25.846723834120606,-0.8050771195395292,-0.7949640066316035,-0.010113112907925714,45.87586940669695,43.300728587644954,28.669978902177398,26.280000114440917,23.890021326704435,-2.016743196852881,空排,64.0
2402,2026-08-26,54.85999984741211,54.34000015258789,54.070000076293944,60.72166684468587,1007476.2,64.58527526885752,50.9490360385332,-1.0603984371058317,-1.6448955953443343,0.5844971582385026,65.61551556587258,52.95069184085129,57.84476338181433,54.070000076293944,50.295236770773556,3.939339159681953,交叉混雜,54.0
2404,2026-08-26,1072.0,1098.0,1108.75,1188.5,811501.2,24.067117526514064,26.886489509014154,-23.124244851771437,-21.437452239764298,-1.6867926120071388,47.28169984496913,44.49849201037905,1187.9482854678754,1108.75,1029.5517145321246,-1.6910935738444193,空排,66.0
2405,2026-08-26,15.490000152587891,15.619999980926513,15.787499952316285,17.1475000222524,663448.2,19.967934280507514,20.075506689520658,-0.3102043602326656,-0.3195396297347966,0.009335269502130983,45.3716782246573,42.931107096649946,16.57280887988616,15.787499952316285,15.002191024746407,-1.5043532053761084,空排,32.0
2406,2026-08-26,28.529999923706054,29.01499996185303,30.177499961853027,34.043333212534584,2632464.8,28.989230211752997,20.95251266869203,-1.3647696152070345,-1.3397476066845362,-0.025022008522498362,44.19599818584232,40.138558877798374,33.3569528714705,30.177499961853027,26.99804705223556,-3.901913555932362,空排,67.0
2408,2026-08-26,514.8,512.0,473.775,434.8,65504134.8,49.46522385129748,55.013624021938625,26.123938881340337,24.76540667178245,1.358532209557886,59.062573952499235,58.92069630167385,586.2436973994846,473.775,361.3063026005153,9.334599757268752,多排,99.0
2409,2026-08-26,25.6,25.929999923706056,25.347500038146972,26.79666665395101,73567791.8,32.287745451869085,36.003895507232244,-0.09065799091054316,-0.1508633404053189,0.06020534949477574,49.289487985173025,49.27995653663639,27.706909825675147,25.347500038146972,22.988090250618797,1.39067254862208,交叉混雜,92.0
2412,2026-08-26,136.4,136.2,136.875,139.35,5067615.0,49.87712084932743,47.544205965205414,-0.6268597550353263,-0.6872826438496611,0.060422888814334774,39.7184903826881,42.260728619842546,139.5479640555225,136.875,134.2020359444775,-0.6392694063926941,交叉混雜,53.0
2413,2026-08-26,43.529999542236325,43.90499992370606,42.44999980926514,46.62833334604899,380874.8,37.25354826226389,40.191017877848296,0.08242468449505935,-0.176853216574981,0.25927790107004034,59.09352731163441,54.330184927039994,48.13469779246456,42.44999980926514,36.765301826065716,4.240283153881181,交叉混雜,86.0
2414,2026-08-26,52.14000015258789,52.380000305175784,54.38000011444092,57.596666526794436,169456.8,19.018164512163704,21.543429996225946,-1.5887838604386815,-1.476081339899066,-0.11270252053961549,35.322949892231065,38.32384192028097,59.99973871281534,54.38000011444092,48.76026151606649,-4.560497578784363,空排,73.0
2415,2026-08-26,30.45999984741211,29.904999923706054,30.38499984741211,32.10166676839193,200565.4,57.19383093007106,43.82260734468536,-0.6262476791737974,-0.7815151694365092,0.1552674902627118,55.74828104982968,47.93253430749433,32.011458490953174,30.38499984741211,28.758541203871044,0.7075877411134078,交叉混雜,72.0
2417,2026-08-26,43.50999984741211,44.195000076293944,42.95250015258789,43.91833324432373,818760.4,31.524300756274936,42.643216400541746,0.32948733231879856,0.28894801610090803,0.04053931621789053,51.75497961437659,52.45407367784167,47.48849367201879,42.95250015258789,38.416506633156985,1.9731076921295287,交叉混雜,60.0
2419,2026-08-26,24.70999984741211,24.664999771118165,24.44749994277954,26.655000019073487,226926.0,64.31117789584553,54.145026022315335,-0.31387723301499904,-0.504089486038146,0.19021225302314693,66.70480215036768,54.47125059412608,25.7975385771533,24.44749994277954,23.09746130840578,3.487061238475587,交叉混雜,36.0
2420,2026-08-26,56.380000305175784,57.06000022888183,56.125,58.896666590372725,654769.8,22.58758556680245,37.14485904392295,-0.4112530720843708,-0.3491255374605377,-0.06212753462383308,17.681632470567394,30.484853574418594,59.41125511125522,56.125,52.83874488874478,-4.855231134291481,交叉混雜,34.0
2421,2026-08-26,144.4,145.6,143.875,142.925,1056245.8,40.88606168720189,34.23231675278687,1.769943398812444,1.848797612455487,-0.07885421364304301,63.984233407154136,57.935362726529775,159.95988993467165,143.875,127.79011006532836,2.8670721112076456,交叉混雜,44.0
2423,2026-08-26,74.54000091552734,75.01000061035157,74.00000038146973,75.4116662343343,70337.8,27.971192418362673,37.6368558969005,-0.044583628773295914,-0.0740007737014465,0.02941714492815059,50.27115877225195,50.020330525637306,78.50122836262071,74.00000038146973,69.49877240031876,0.6756751566929345,交叉混雜,78.0
2424,2026-08-26,8.192000198364259,8.361999988555908,8.373999953269958,9.537499992052714,11894.0,29.857247844532523,31.173979617343477,-0.28942409216227816,-0.3471693595569076,0.05774526739462943,37.54825052647343,40.10938155365234,9.065950342816652,8.373999953269958,7.682049563723264,-3.272027386305848,空排,1.0
2425,2026-08-26,37.97999954223633,38.95499954223633,43.2625,41.510833231608075,1205735.2,16.775169237801826,13.271397956102888,-1.6627539025173093,-0.7995751678912164,-0.8631787346260928,33.08582707642057,38.490478176568786,53.44571053787479,43.2625,33.07928946212522,-11.93297087750109,交叉混雜,75.0
2426,2026-08-26,86.04000091552734,77.36999969482422,69.1474998474121,69.71083329518636,52252184.4,90.27202685377122,82.85335699823949,6.492857825679096,2.8902883122077467,3.602569513471349,88.95203194328731,78.39816107188422,94.29396610695485,69.1474998474121,44.00103358786936,44.329156183501404,交叉混雜,99.0
2427,2026-08-26,22.329999923706055,22.315000152587892,22.237499904632568,23.11833324432373,180203.2,46.02645422330701,43.32313017631532,-0.22277247749919127,-0.3076121689005594,0.08483969140136816,59.20172059601724,50.63226191754613,23.05884322112186,22.237499904632568,21.416156588143274,1.4052808713576594,交叉混雜,37.0
2428,2026-08-26,253.7,254.6,240.675,271.7083333333333,1888191.6,30.239980765684543,48.163642357854634,-1.0520354767488698,-3.5627253375703205,2.5106898608214507,45.83161018735956,48.47785729017349,275.7197458333823,240.675,205.63025416661768,3.04352342370416,交叉混雜,76.0
2429,2026-08-26,32.66000061035156,33.29500045776367,32.22250032424927,38.66416680018107,215438.4,30.19684947337462,34.38306512536405,-1.4341610025700646,-1.8898423459616152,0.45568134339155053,52.69328184387397,46.12552832551493,35.22924303913886,32.22250032424927,29.215757609359677,3.0335958688921503,交叉混雜,2.0
2430,2026-08-26,17.7,17.429999923706056,17.18000011444092,17.844166628519694,66349.0,90.31317435981529,83.6509643857594,0.01614253604399707,-0.10898810640550749,0.12513064244950456,74.84855998129257,62.97727339581813,17.90285967865835,17.18000011444092,16.45714055022349,3.3178107203850304,交叉混雜,17.0
2431,2026-08-26,10.310000228881837,10.275000095367432,10.288000059127807,10.849333333969117,92796.6,57.11310143729281,52.95273535812085,-0.11220637692025193,-0.1470872835442381,0.034880906623986185,55.53776445707497,48.30963402852814,10.58807722965705,10.288000059127807,9.987922888598565,0.602646986640627,交叉混雜,24.0
2432,2026-08-26,27.529999923706054,27.664999961853027,28.004999923706055,28.23666664759318,6804.0,29.033830391046948,19.68157344829231,-0.19397139669714747,-0.14618636756186,-0.04778502913528748,51.273006771768266,46.28359771327979,28.84410946163199,28.004999923706055,27.16589038578012,-0.9105514172496018,空排,61.0
2433,2026-08-26,41.76999969482422,41.79499969482422,41.81749973297119,42.704999669392905,18204.4,39.37058740835802,41.93815442292053,-0.16098767057210495,-0.19783801244143517,0.03685034186933023,44.476780205912384,42.94826318469629,42.01822237067931,41.81749973297119,41.616777095263075,-0.16141503772874388,空排,30.0
2434,2026-08-26,51.08000030517578,51.420000076293945,52.46750030517578,52.42666695912679,947024.0,34.133865352349986,28.297882000408396,-1.7719945139305935,-1.666315277346456,-0.10567923658413747,49.848074959521455,46.66424243055805,58.14119546976185,52.46750030517578,46.79380514058972,-0.8910283555659787,交叉混雜,90.0
2436,2026-08-26,63.34000015258789,65.31999931335449,63.04999980926514,65.91666673024496,2780762.4,20.9238980260916,27.890722349160256,0.22034913620218788,0.20166849527592123,0.018680640926266645,46.47606020296633,49.80360130703674,72.87488637411488,63.04999980926514,53.22511324441539,1.0309293507385515,交叉混雜,67.0
2438,2026-08-26,17.970000076293946,18.179999923706056,17.992499828338623,19.979999828338624,34967.8,21.690005854407445,29.566089545907097,-0.2979184089723219,-0.3878803546551585,0.08996194568283661,47.93911282434934,46.27024634802703,19.231036623220533,17.992499828338623,16.753963033456714,0.041684989484140504,交叉混雜,4.0
2439,2026-08-26,82.28000030517578,81.13999938964844,81.07499923706055,86.1,1428142.0,84.9156175401657,70.8303223008949,-0.7102795837825226,-1.1965828732924255,0.48630328950990287,60.70847071272089,50.96776907086896,83.25614086406787,81.07499923706055,78.89385761005323,1.3876012602752912,交叉混雜,13.0
2440,2026-08-26,13.989999961853027,13.925,14.644999980926514,16.094166723887124,169605.4,40.597870429656105,27.241202839395022,-0.5557916898298512,-0.5534469070659485,-0.0023447827639027086,47.51687831226257,41.27997914847398,16.245624854890046,14.644999980926514,13.04437510696298,-3.3799956506720603,交叉混雜,44.0
2441,2026-08-26,114.1,116.3,116.22999992370606,125.94499994913737,2563037.8,25.104585179228707,26.635005727213255,-2.339428656919395,-2.299510713305183,-0.03991794361421208,47.459602206893926,46.486066647688936,132.847695432196,116.22999992370606,99.61230441521614,-0.6280649782201118,交叉混雜,80.0
2442,2026-08-26,19.679999923706056,19.514999771118163,19.407499980926513,19.426666704813638,1451207.6,63.335450966141266,63.38137654278174,0.1012677070445207,0.059809398542372494,0.04145830850214821,62.06887945024641,58.39385333955859,19.91561789065452,19.407499980926513,18.899382071198506,1.7647817565894242,交叉混雜,36.0
2444,2026-08-26,10.999999809265137,11.014999866485596,11.002499866485596,11.979999907811482,82351.8,41.03621226937494,35.218196018272664,-0.161976350243064,-0.2187414258291169,0.0567650755860529,59.30853012624848,49.803994351483574,11.427352681554558,11.002499866485596,10.577647051416635,1.3406021707300524,交叉混雜,36.0
2449,2026-08-26,237.9,240.95,240.35,280.75,10576614.6,42.32665523287413,38.843463708756545,-9.42856945303717,-11.451767373311922,2.023197920274752,55.67097034101492,46.77826512311747,264.3173022876482,240.35,216.3826977123518,1.5186186810900792,交叉混雜,58.0
2450,2026-08-26,28.25,28.214999771118165,28.327499866485596,29.029999891916912,51583.8,43.58720836436214,36.9326066494418,-0.16214233094412478,-0.1895611302701024,0.027418799325977627,49.433765875248675,42.967295048608825,28.69381154999362,28.327499866485596,27.961188182977573,-0.2735852682053533,交叉混雜,41.0
2451,2026-08-26,302.4,295.75,291.7,281.675,9375666.0,54.37654642823215,55.539104810754964,8.053485970233112,6.938420842386458,1.1150651278466537,54.62003064487702,56.193497713023014,314.1227328256014,291.7,269.27726717439856,2.8453890983887598,多排,89.0
2453,2026-08-26,51.99999847412109,51.81999969482422,52.214999771118165,54.285000038146975,129037.4,34.310599749311294,29.507399649893863,-0.38182863728918903,-0.5031002199575578,0.1212715826683688,53.89696669783107,47.68397962766591,53.64737028866342,52.214999771118165,50.782629253572914,-0.22024571004725493,交叉混雜,31.0
2454,2026-08-26,3788.0,3915.5,3876.75,3984.75,5943874.0,24.08986045573647,25.82781057777173,2.51674936989275,13.723866642694944,-11.207117272802193,58.340912312774215,53.60277192463324,4317.064182087471,3876.75,3436.435817912529,1.8894692719417037,交叉混雜,95.0
2455,2026-08-26,409.6,404.25,376.725,358.68333333333334,7932757.8,66.38702228320953,62.9017637837439,21.017937725534807,17.161607321098124,3.856330404436683,66.13416296646474,62.697583062405585,461.525369289168,376.725,291.92463071083205,13.876169619749145,多排,95.0
2457,2026-08-26,22.929999923706056,23.164999771118165,22.937499809265137,26.174166456858316,834340.0,36.348971216424474,37.798669413695336,-0.5331620793985365,-0.6747149972681876,0.14155291786965107,50.644886478216954,45.57445365851357,24.717173116085483,22.937499809265137,21.15782650244479,0.7084493670009768,交叉混雜,22.0
2458,2026-08-26,140.5,142.3,146.125,161.48333333333332,1924085.8,28.72135369732041,30.524041777639667,-6.2563281037582215,-6.202895328485466,-0.05343277527275525,36.6986367780419,36.70864396470547,158.51291856269003,146.125,133.73708143730997,-4.533789563729684,空排,56.0
2459,2026-08-26,67.05999908447265,66.7,65.7599998474121,65.60666643778482,77271.0,74.16991529530101,74.2446751501702,0.5819265566201466,0.43338797479165303,0.14853858182849355,68.91259438689487,64.03535151672824,68.19345043905898,65.7599998474121,63.32654925576522,2.341854026640959,多排,55.0
2460,2026-08-26,28.779999923706054,29.00999984741211,29.822499752044678,32.56416654586792,162246.4,29.658392123667486,24.20437915972487,-0.9417456714450267,-0.9594623142568108,0.01771664281178409,49.48598568540901,43.55149676607126,32.155438757385305,29.822499752044678,27.48956074670405,-2.0873467827342176,空排,78.0
2461,2026-08-26,18.179999923706056,18.005000114440918,17.41750011444092,17.4549999554952,398552.0,72.22438311194365,64.86313691310207,0.39312446768398246,0.2986771627415058,0.09444730494247666,71.50388509962195,65.71228205531094,19.02611988201647,17.41750011444092,15.808880346865367,4.7796749251567485,交叉混雜,70.0
2462,2026-08-26,19.720000076293946,19.60999984741211,19.612499904632568,22.0325000445048,126501.2,60.78596477639303,52.24242630514749,-0.3785991544514147,-0.5479342045157967,0.169335050064382,78.15577271412045,55.02878641686018,20.05004704372273,19.612499904632568,19.174952765542404,2.995542950483915,交叉混雜,29.0
2464,2026-08-26,186.1,186.4,175.8,164.68333333333334,10216147.8,45.87642137526358,43.9684266747861,8.645837439160516,7.974962275477515,0.670875163683001,63.51093591428615,61.71093748520747,215.9515549938113,175.8,135.64844500618872,8.361774744027297,交叉混雜,96.0
2465,2026-08-26,88.76000061035157,90.7400001525879,86.71500015258789,81.44000027974447,3127977.8,25.52096931535425,28.643866554572305,2.5341287109203563,2.7376336142952846,-0.20350490337492833,55.588589786212175,55.038172243190864,103.62706693556498,86.71500015258789,69.8029333696108,4.710837677428073,交叉混雜,84.0
2466,2026-08-26,101.31999969482422,97.50999908447265,95.88499946594239,83.26083316802979,2613113.4,73.1657172237854,68.09338209278391,2.598131207286741,2.143828382579252,0.4543028247074892,62.11367742559351,58.12735075766656,104.53328019580444,95.88499946594239,87.23671873608033,6.898889889869804,多排,94.0
2467,2026-08-26,551.2,553.8,531.5,559.7333333333333,850442.2,39.56894428532805,42.7008351643874,3.1890794949455312,-0.4499691222243707,3.6390486171699017,60.38677496250649,55.27095878406358,600.2872387185758,531.5,462.71276128142415,6.867356538099719,交叉混雜,95.0
2468,2026-08-26,34.30999984741211,34.70999946594238,34.32999963760376,36.44166644414266,174703.0,18.774858843250087,25.07970830167671,-0.29042266803838857,-0.27589600701229644,-0.014526661026092125,41.831917924184594,44.73888890794102,36.523386684432424,34.32999963760376,32.1366125907751,-0.8156143416806625,交叉混雜,24.0
2471,2026-08-26,49.00999984741211,49.30499954223633,49.04999980926514,51.26916650136312,67902.6,40.890877116605836,41.46315156028236,-0.36091094649775357,-0.47045302311859266,0.10954207662083909,59.78864141938766,49.90179647548709,50.61977902939871,49.04999980926514,47.48022058913157,0.8154963409373104,交叉混雜,46.0
2472,2026-08-26,219.6,229.95,231.6,309.4916666666667,1258422.6,18.883989529671922,22.284799083171883,-18.245825039983487,-19.942047097460836,1.6962220574773497,31.36209303011327,35.74547437666776,257.41227778036125,231.6,205.78772221963874,-5.656303972366146,空排,90.0
2474,2026-08-26,204.5,204.2,196.775,200.55833333333334,2058942.8,67.27739809912367,65.42754249110901,3.3951836565816507,2.4154289389126777,0.9797547176689729,78.77449818574166,66.91163026468216,217.84749391979878,196.775,175.70250608020123,4.688095540592044,交叉混雜,60.0
2476,2026-08-26,119.6,119.9,120.6,122.94166666666666,1708823.0,52.4278389557864,38.193390433233915,-0.3025891428629137,-0.5279092157644439,0.22532007290153022,68.8782403997136,58.284833749324235,131.3976605653367,120.6,109.8023394346633,4.477611940298512,空排,80.0
2477,2026-08-26,20.800000381469726,20.920000076293945,21.3625,21.642499987284342,60155.8,17.453845460061242,16.890611016189435,-0.2227688399779062,-0.14200165789236344,-0.08076718208554276,42.25231510428332,42.11470349610263,22.39913153236464,21.3625,20.325868467635363,-2.3990619942903413,空排,30.0
2478,2026-08-26,122.7,125.35,121.42000007629395,159.94833335876464,6745372.2,32.441726500293484,38.48945523537493,-6.103138738728688,-7.788179887420822,1.6850411486921333,40.91572530284313,42.799849133048056,136.69593184614342,121.42000007629395,106.14406830644447,-0.7577006059264253,交叉混雜,92.0
2480,2026-08-26,159.2,159.0,157.225,157.14166666666668,113520.8,43.257541570774094,53.665154448799456,0.5234452035066113,0.3926090038824407,0.1308361996241706,40.751332763327554,47.40177030101184,164.47595275046407,157.225,149.97404724953591,-0.4611225950071517,多排,55.0
2481,2026-08-26,138.3,139.3,135.025,157.0,19215048.8,45.552651114407624,38.05274679311703,-2.9501797935681964,-4.993285036223957,2.043105242655761,69.24542363162365,56.31761031152715,153.6047711163723,135.025,116.44522888362772,10.349935197185701,交叉混雜,92.0
2482,2026-08-26,16.019999694824218,15.944999885559081,16.064999961853026,16.970833396911623,97512.2,58.12545271413538,44.248698173408904,-0.3089002274221322,-0.3618730303290393,0.05297280290690709,56.441586293768296,46.260524074557345,16.476799514883844,16.064999961853026,15.65320040882221,0.5290983932716,交叉混雜,35.0
2483,2026-08-26,35.71999969482422,36.81999969482422,36.59499969482422,43.01666653951009,701811.6,17.73075350755661,21.560917394619146,-1.9171524801521684,-2.1434720541126837,0.22631957396051527,41.10430396363647,41.80054386191578,40.24175711741203,36.59499969482422,32.948242272236406,-2.58231500703897,交叉混雜,91.0
2484,2026-08-26,75.26000061035157,74.49000091552735,71.60000038146973,72.61166674296061,18137340.8,61.30761950466563,53.825609611312586,1.0506898835564726,0.357959845402896,0.6927300381535766,58.31125872442066,55.472197721582084,82.2605052855709,71.60000038146973,60.93949547736855,7.960897541787252,交叉混雜,97.0
2485,2026-08-26,41.66999969482422,41.79999961853027,40.94249973297119,49.28666674296061,3169635.6,46.081773254982515,41.42203340819465,-0.9990267509670048,-1.5913778475314284,0.5923510965644236,62.44275721507408,52.80870511634538,46.51501464251523,40.94249973297119,35.36998482342715,5.269582353840639,交叉混雜,91.0
2486,2026-08-26,253.2,243.1,229.475,239.94166666666666,14800097.2,84.41029802018626,75.18181256991329,6.851476072142475,2.206475228412028,4.645000843730447,77.85162529816284,65.32206349856361,273.27174945881137,229.475,185.67825054118862,15.263100555616083,交叉混雜,95.0
2488,2026-08-26,48.66999969482422,49.06999969482422,49.27499980926514,51.155833371480306,70804.4,16.303773585252323,24.655847015638678,-0.4625027496434697,-0.44482967977109245,-0.017673069872377267,37.14357637982689,40.94923965411758,50.91062295337875,49.27499980926514,47.63937666515153,-1.4713355149892287,空排,47.0
2489,2026-08-26,37.560000610351565,34.59000034332276,32.49500026702881,37.52833344141642,54526132.4,83.52017083002369,73.93631940872507,1.1199406795742064,-0.36055373936007146,1.480494418934278,88.53218134688571,73.99599680784843,40.74496999334129,32.49500026702881,24.24503054071632,30.020002008952574,交叉混雜,92.0
2491,2026-08-26,40.72999954223633,38.81000022888183,34.002500247955325,34.5625,2259764.0,89.54705441721731,83.90902247270512,2.939475084286144,1.6326044294182287,1.3068706548679154,85.95788481188553,76.86747954516929,47.01150412358632,34.002500247955325,20.99349637232433,37.63693521294739,交叉混雜,98.0
2492,2026-08-26,267.4,282.75,268.6,381.9166666666667,19604696.4,24.108321019100917,34.6035586537388,-17.281991638620354,-21.653236835658966,4.371245197038611,40.422610080197394,42.39271351144011,325.5723848156154,268.6,211.62761518438464,-1.1541325390915944,交叉混雜,92.0
2493,2026-08-26,176.8,188.9,199.875,227.0,1539795.2,14.503816032300143,15.837765902891224,-13.414826710456623,-10.39105634256581,-3.0237703678908137,38.15334541071134,40.06888759025665,248.4947653115229,199.875,151.2552346884771,-10.193871169480925,空排,87.0
2495,2026-08-26,37.84000091552734,38.16000061035156,37.63750009536743,44.07166655858358,849055.4,38.96097189028481,35.89457282143912,-0.8843105343218554,-1.2857369656963828,0.4014264313745275,60.011136606053235,49.66095221061623,41.50747598616732,37.63750009536743,33.767524204567536,2.6901399613310133,交叉混雜,78.0
2497,2026-08-26,45.39999923706055,45.659999465942384,46.31749973297119,54.53999996185303,142599.6,29.42374840905734,25.088749091993463,-2.0815193872846507,-2.380264419975199,0.2987450326905483,42.14119916609069,38.67532281758801,48.90903960463461,46.31749973297119,43.72595986130778,-1.764991067489021,空排,30.0
2498,2026-08-26,40.55,40.35999984741211,40.20249996185303,42.76750011444092,3444403.0,47.29856103068914,44.6302733635102,-0.3831490553858572,-0.5863968617989228,0.2032478064130656,58.060007908520795,50.637814244027766,41.56147666125938,40.20249996185303,38.84352326244668,1.486224179527312,交叉混雜,28.0
2501,2026-08-26,23.00999984741211,22.949999809265137,22.64499988555908,23.554999987284344,1251302.6,51.103153047695024,60.74272220350252,0.01785552090823117,-0.06490554063848829,0.08276106154671946,51.68197926469308,51.5744630586017,23.45148659151605,22.64499988555908,21.83851317960211,1.1260752230509325,交叉混雜,61.0
2504,2026-08-26,31.639999771118163,31.15999984741211,31.075000095367432,32.51166661580404,2107326.6,70.36368015343783,61.168197473995335,-0.05465105228735112,-0.27341125385618376,0.21876020156883264,76.81278941224927,60.93856567626893,32.14098108216868,31.075000095367432,30.00901910856619,3.1375676225290325,交叉混雜,25.0
2505,2026-08-26,17.450000381469728,17.740000343322755,17.81750020980835,18.04250011444092,236889.4,21.856398234368285,34.44349930615206,-0.11815669702835407,-0.05407504812094004,-0.06408164890741402,28.543328606655024,37.154643688351605,18.360663246195617,17.81750020980835,17.274337173421085,-2.6238238969194487,空排,37.0
2506,2026-08-26,8.603999900817872,8.591999912261963,8.595999956130981,8.773666604359944,101550.2,48.20994794760091,45.575744714601214,-0.03576946816582627,-0.04599694242658223,0.010227474260755959,54.71509232909736,49.377176715120775,8.702306441457798,8.595999956130981,8.489693470804164,0.27919880817336395,交叉混雜,37.0
2509,2026-08-26,14.829999923706055,14.414999866485596,13.812499952316283,13.50916666984558,163523.0,83.28866753058902,82.78662203167003,0.4330906717535914,0.28555435569422916,0.14753631605936224,83.96655634475638,77.18062971164989,15.267391742710691,13.812499952316283,12.357608161921876,9.683255535430416,多排,71.0
2511,2026-08-26,8.322000122070312,8.29700002670288,8.333000087738037,8.310166692733764,416816.6,61.84452772644963,52.94123641095619,-0.020977098511442804,-0.01883674686292783,-0.002140351648514973,47.896822131337885,47.7090126303353,8.536867971746092,8.333000087738037,8.129132203729982,-0.3960146004526431,交叉混雜,52.0
2514,2026-08-26,11.990000152587891,11.980000114440918,12.197500038146973,12.865000009536743,168950.8,59.17558299843075,41.92413467581366,-0.22483966760181495,-0.23976367495420206,0.014924007352387109,54.31433327576592,44.47645718984495,12.788195432932376,12.197500038146973,11.60680464336157,-0.7993413106974567,交叉混雜,19.0
2515,2026-08-26,11.979999923706055,11.940000057220459,11.930000019073486,12.365425491333008,4642242.8,52.18686948440461,48.56826686593074,-0.09135501427546266,-0.12706782397745292,0.035712809701990256,49.069159038221166,46.30133733437026,12.138755777420913,11.930000019073486,11.721244260726058,0.1676428345320685,交叉混雜,32.0
2516,2026-08-26,14.29000015258789,14.135000038146973,14.05750002861023,13.780000003178914,118259.0,48.99457556602935,47.91616995996428,0.11205575124344591,0.08518069669780243,0.026875054545643484,62.78581068811411,59.67828777773697,14.391967611197732,14.05750002861023,13.723032446022728,1.7250589481137477,多排,59.0
2520,2026-08-26,36.14000015258789,35.93500022888183,35.277499961853025,34.81999998092651,1472149.0,60.8557101340775,73.46996225142183,0.346763535713869,0.31935207109322966,0.027411464620639314,43.54963699661199,50.34947022910744,36.99719306318395,35.277499961853025,33.5578068605221,0.6307137364823859,多排,67.0
2524,2026-08-26,35.05999984741211,34.88499984741211,34.86249980926514,35.83583323160807,51730.2,46.238992603331276,39.711293131880296,-0.22602613137037508,-0.3026588826509831,0.07663275128060804,51.21899988470857,48.63563475995792,35.880689284527385,34.86249980926514,33.84431033400289,0.2509887533970256,交叉混雜,30.0
2527,2026-08-26,43.00000076293945,43.82500038146973,44.37249984741211,42.524999936421715,631475.2,12.966089715858232,18.78695696919045,-0.35035363430982613,0.17847436404006595,-0.528827998349892,21.477721164024558,38.030291053590865,48.17367289055464,44.37249984741211,40.571326804269574,-6.022872485577394,交叉混雜,84.0
2528,2026-08-26,20.520000076293947,20.38499984741211,20.19749994277954,21.329166634877524,231324.2,75.73932137411404,64.32295184613349,-0.17363976104789458,-0.28253382376790004,0.10889406272000546,63.31168145876199,52.34807637501689,21.161851765458792,20.19749994277954,19.23314812010029,2.487935742460805,交叉混雜,14.0
2530,2026-08-26,19.559999847412108,19.475,19.55,19.55916665395101,566641.2,56.21441483004111,52.581794874232784,-0.053465239349037574,-0.05970232132119966,0.006237081972162085,51.927553730755896,50.141972547250376,20.399148250916447,19.55,18.700851749083554,-3.9025036001818044e-06,交叉混雜,19.0
2534,2026-08-26,17.289999771118165,17.074999809265137,17.07249984741211,17.256666564941405,280391.2,81.89517941096092,72.29346116619831,0.0307246099513776,-0.01691904072107569,0.04764365067245329,62.784151007705006,56.55788758216672,17.4256436071996,17.07249984741211,16.71935608762462,1.3325487871239956,交叉混雜,26.0
2535,2026-08-26,91.01999969482422,90.26999969482422,89.69000015258788,89.56500027974447,190276.6,61.03334165195503,60.01862838572943,0.6476950131731343,0.5738914223966138,0.07380359077652043,50.188198871589876,52.207597435992604,93.15282359806443,89.69000015258788,86.22717670711134,0.6801236460387349,多排,80.0
2536,2026-08-26,20.920000076293945,20.929999923706056,19.980000019073486,20.180833371480308,1189031.0,52.594692338369725,57.83025491223047,0.4479712000771343,0.3303161428704616,0.11765505720667269,75.73129225385838,67.35965144490578,22.676664454937903,19.980000019073486,17.28333558320907,5.855853845544903,交叉混雜,35.0
2537,2026-08-26,11.529999732971191,11.354999828338624,11.177499914169312,11.062500015894573,861646.8,66.43637987786542,71.33561839434292,0.13618846362323644,0.1011172734925602,0.03507119013067625,54.02905819984457,56.787446284521444,11.69607582194211,11.177499914169312,10.658924006396514,1.9906034987207357,多排,69.0
2538,2026-08-26,9.072000122070312,9.082000064849854,9.186500024795532,9.699999984105428,330464.2,20.642763398649905,21.867172256376428,-0.17471121017103464,-0.18348387720066478,0.008772667029630143,29.4829563926436,29.002516358504536,9.508485595429828,9.186500024795532,8.864514454161235,-1.812437452593002,空排,22.0
2539,2026-08-26,35.25999984741211,37.56614723205566,40.05557365417481,39.63102467854818,1529647.6,20.635806121315913,23.092578417253925,-1.5575930173251251,-0.7075237200366993,-0.8500692972884258,24.871284379280468,30.19260395982363,47.00488005229337,40.05557365417481,33.10626725605624,-13.245531570665278,交叉混雜,12.0
2540,2026-08-26,47.019998931884764,46.324999237060545,50.00249977111817,52.43583329518636,571620.4,53.763660856005586,50.86531305496787,-2.0764503556560854,-1.978378293214168,-0.09807206244191735,39.519906497025026,38.455204179516016,61.91699735801597,50.00249977111817,38.088002184220365,-7.304637395562344,交叉混雜,31.0
2542,2026-08-26,48.10999984741211,47.58500022888184,45.917499732971194,44.44083315531413,7596513.2,74.25391850412639,84.07082680369693,1.148118296662588,0.9666504013770769,0.1814678952855111,59.28314521730651,65.01838759649124,49.56272447160344,45.917499732971194,42.27227499433895,3.7730751956942554,多排,76.0
2543,2026-08-26,38.70000076293945,38.715000534057616,38.37000045776367,40.43916670481364,522209.2,28.336792950616147,31.083113422020837,-0.16003931820544182,-0.23004461359995376,0.07000529539451195,44.96909735093199,47.711102512847056,40.74052136506614,38.37000045776367,35.99947955046121,0.20849701386853334,交叉混雜,5.0
2545,2026-08-26,34.58999938964844,34.19999961853027,33.542500019073486,35.56583312352498,226252.4,76.10236379763685,67.74546451556287,0.0367062380909573,-0.24207668094514764,0.27878291903610497,69.79664469799295,59.53267465403051,35.53386939674814,33.542500019073486,31.55113064139884,3.898035192082034,交叉混雜,32.0
2546,2026-08-26,110.1,107.73000030517578,102.86410675048828,96.84636891682943,393920.2,51.23212873102257,66.31087310044035,3.5026148422424654,3.163097159822721,0.33951768241974456,45.95272417614724,52.56076465662314,116.49764905015093,102.86410675048828,89.23056445082563,2.076422298297541,多排,77.0
2547,2026-08-26,10.15,10.15,10.282500076293946,10.670000028610229,704915.6,40.030788859963806,42.60245389467869,-0.1256435042495454,-0.12477039731351657,-0.0008731069360288363,41.245330725235746,41.942161467894785,10.674894784608828,10.282500076293946,9.890105367979064,-1.7748572182845694,交叉混雜,40.0
2548,2026-08-26,96.37999877929687,94.92999954223633,95.44500007629395,96.91166661580404,1167747.0,59.19335422337737,52.38339441566492,-0.495396778540794,-0.8780212854016186,0.3826245068608246,52.36667076566164,49.18818546355615,99.23111021839694,95.44500007629395,91.65888993419097,0.267166296552365,交叉混雜,34.0
2596,2026-08-26,34.25,33.59000015258789,32.33000030517578,31.340833282470705,88254.4,88.30057680668554,90.60814839667808,0.9162351840365233,0.6566331214678489,0.25960206256867435,94.48413313325561,82.34894048007007,35.4910128296529,32.33000030517578,29.16898778069866,8.258582337213198,多排,75.0
2597,2026-08-26,169.2,168.1,166.25,170.275,159794.0,64.08429111222522,58.68978597293382,1.0114392156513077,0.45031508832396056,0.5611241273273471,68.69918415793936,61.1612211302445,172.00371733385677,166.25,160.49628266614323,2.857142857142857,交叉混雜,62.0
2601,2026-08-26,7.08799991607666,6.775999927520752,6.51199996471405,6.35283329486847,9886059.6,56.59988775645039,59.386281896768445,0.18633544305832128,0.10248830471665238,0.0838471383416689,55.286265811668905,57.1106207127263,7.346129839538466,6.51199996471405,5.677870089889635,6.5724830286482145,多排,80.0
2603,2026-08-26,245.1,237.0,222.575,209.25833333333333,25340073.4,72.41692404129118,83.37951349127309,11.046537138232594,9.262528538157305,1.784008600075289,43.87722274843396,56.38802132252776,257.66477208907435,222.575,187.48522791092563,4.009884308660007,多排,74.0
2605,2026-08-26,36.46999969482422,35.18499984741211,33.477499866485594,31.849166488647462,31964204.4,62.61466258377567,71.23946324944684,1.3403350287667308,1.0698440900295028,0.27049093873722807,46.93539138764863,55.57535025822734,38.18007178014482,33.477499866485594,28.774927952826367,4.099764358477412,多排,79.0
2606,2026-08-26,73.1,70.41000061035156,67.54000072479248,64.92166659037272,21992910.6,74.36263560544685,81.4447576652862,2.672330913518877,1.8665429725195306,0.8057879409993465,56.474939699740915,60.58659773934583,75.88175345335716,67.54000072479248,59.1982479962278,7.195736969103152,多排,74.0
2607,2026-08-26,52.039999389648436,51.070000076293944,49.4475004196167,48.500833384195964,789946.8,66.53628450663375,73.72282204729028,1.190705735794289,0.9056582466923676,0.28504748910192135,63.794040200104064,67.03230512048263,53.41307162376557,49.4475004196167,45.48192921546784,4.353097803201509,多排,38.0
2608,2026-08-26,28.720000076293946,28.604999923706053,28.695000076293944,29.149166774749755,225745.8,52.47662869225812,44.949206081921034,-0.12520418647440934,-0.16236223635320585,0.037158049878796506,59.28195984870499,48.58671284809056,29.198566125456804,28.695000076293944,28.191434027131084,0.1916707564377868,交叉混雜,33.0
2609,2026-08-26,62.17999954223633,58.37999992370605,54.65999984741211,52.396666526794434,163999712.4,72.8590134654486,82.21196806004724,2.9109579990917283,1.9577023357358416,0.9532556633558866,49.43561003696462,58.38037375312438,64.85585020975014,54.65999984741211,44.46414948507407,7.025247280108977,多排,63.0
2610,2026-08-26,20.41999969482422,20.23499984741211,20.97750005722046,21.27333339055379,24895841.0,59.74666776760591,42.885355302001656,-0.28773764921215417,-0.28926156262589797,0.0015239134137438048,61.205654750986845,50.3555435073276,23.070967616659917,20.97750005722046,18.884032497781003,-0.8461485862268784,交叉混雜,61.0
2611,2026-08-26,16.270000076293947,15.694999980926514,14.657499980926513,14.219999965031942,4401657.0,55.61288218419378,69.97204859700459,0.603444744929627,0.4416242581587376,0.16182048677088934,46.864587206393516,54.82459488491772,17.104684248759327,14.657499980926513,12.2103157130937,5.065663575438916,多排,65.0
2612,2026-08-26,60.9,58.35,55.91499996185303,54.42166690826416,3096230.0,79.00301533223616,82.65873429345561,2.1632809593117344,1.3186750161413432,0.8446059431703912,66.6182085531498,67.03728012828007,63.19359882993982,55.91499996185303,48.63640109376623,9.98837528741346,多排,68.0
2613,2026-08-26,23.809999847412108,22.63499984741211,21.45749979019165,21.58416659037272,5086279.2,67.45441188347777,71.79188545931903,0.7391702429263951,0.361288557383621,0.3778816855427741,54.01884132080477,58.44574180862589,24.70327035910651,21.45749979019165,18.21172922127679,7.654669031053059,交叉混雜,45.0
2614,2026-08-26,18.559999847412108,18.329999732971192,18.19000005722046,18.397500069936118,1006659.2,64.96776520737369,63.425102942390474,0.07810499719704467,0.0019023516474569405,0.07620264554958772,64.47382640047059,59.695696774681835,18.697418527833307,18.19000005722046,17.68258158660761,2.253987481910531,交叉混雜,47.0
2615,2026-08-26,121.5,109.66999969482421,97.71499977111816,86.96666641235352,78316916.8,81.62171437640183,86.75947543138196,10.238038688762401,6.9682461862933955,3.2697925024690058,68.06969464586903,74.4076980056945,129.08862440232983,97.71499977111816,66.34137513990649,21.271043624384586,多排,88.0
2616,2026-08-26,13.479999923706055,13.435000038146972,13.39750008583069,13.560833390553793,68128.4,55.38640401737356,60.11409755903271,-0.028213197012357583,-0.045601186748668227,0.017387989736310644,51.82554043211958,49.52126230330975,13.582389729158294,13.39750008583069,13.212610442503085,0.39186208694241165,交叉混雜,44.0
2617,2026-08-26,31.440000152587892,30.460000038146973,29.625,29.639166736602782,3653403.2,70.02635494808635,75.56850927722925,0.5880966295479588,0.307973035307034,0.2801235942409248,55.492216835571135,60.13290928512384,32.10513164183861,29.625,27.144868358161393,4.135022384707938,交叉混雜,62.0
2618,2026-08-26,42.53000030517578,41.885000228881836,42.47000026702881,41.61666692097982,19863941.6,75.69084013349598,67.29907662079142,0.15492363106643836,0.13573647367538944,0.019187157391048926,60.95147298933363,55.234170150547754,44.619271702068986,42.47000026702881,40.32072883198863,1.1302107202558425,交叉混雜,75.0
2630,2026-08-26,50.83000030517578,51.15500030517578,49.73750038146973,48.72500025431315,3636330.2,36.46030942277541,44.376798401917824,0.10192660477313353,0.09144705577105332,0.010479549002080216,47.64637090537977,49.36991326460885,53.551860151986176,49.73750038146973,45.92314061095328,1.3319952537381616,交叉混雜,60.0
2633,2026-08-26,26.189999771118163,26.059999847412108,25.974999713897706,26.017499923706055,2046639.0,90.63736985064966,77.70421100130847,0.04729583972370577,-0.008466472025671825,0.0557623117493776,76.23426901811445,61.23524376413976,26.347049312822026,25.974999713897706,25.602950114973385,1.2512012579116711,交叉混雜,49.0
2634,2026-08-26,69.0,69.26999969482422,65.36499996185303,58.739166768391925,39322138.2,45.211482348952856,55.33403194489574,2.3679688785197612,2.4544654752844624,-0.08649659676470112,51.17404728651061,54.57595156081005,74.38480927859128,65.36499996185303,56.34519064511478,4.184194161805564,交叉混雜,85.0
2636,2026-08-26,72.68000030517578,70.89000015258789,68.40499992370606,68.64166641235352,2315924.8,58.45583812360277,72.03714354457512,1.5271546257796444,0.928769225091135,0.5983854006885094,44.511938313924404,52.95922764097261,74.79989176053842,68.40499992370606,62.01010808687371,2.3317010131903944,交叉混雜,58.0
2637,2026-08-26,96.13999938964844,91.90999908447266,88.22999992370606,81.93500010172527,18188604.0,55.09425046529931,69.35790178756987,3.7036107370952465,3.167603886025158,0.5360068510700886,47.445373623532575,54.82254959610802,100.07942307769552,88.22999992370606,76.3805767697166,3.592884058612715,多排,82.0
2640,2026-08-26,156.2,154.3,150.45,153.025,23371.2,81.35582130528395,83.98878567415605,1.5589463666170218,0.43359048605096917,1.1253558805660526,68.15091708162196,61.753730658918585,159.55118557921728,150.45,141.3488144207827,3.6889332003988113,交叉混雜,71.0
2641,2026-08-26,18.650000381469727,18.160000228881835,17.629999923706055,17.9174999554952,11870369.8,64.2885253069245,70.74298598321829,0.3213380284003513,0.16654804209455265,0.15478998630579865,50.061566340501074,55.73370432918502,19.122931186296327,17.629999923706055,16.137068661115784,3.233130128758254,交叉混雜,43.0
2642,2026-08-26,20.570000076293944,20.400000190734865,20.35000009536743,20.732500012715658,53575.0,68.00503429112732,60.69554152976334,-0.00940172187647903,-0.06914305861366461,0.05974133673718558,63.572542418073205,56.91372568931673,20.744701980442965,20.35000009536743,19.955298210291897,1.719904992293823,交叉混雜,22.0
2645,2026-08-26,175.7,179.95,183.85,191.00833333333333,2000229.8,16.16512613692941,17.401417747228386,-5.903451496246873,-4.928190414843241,-0.975261081403632,46.63886912378665,44.04881369725886,199.8930342319754,183.85,167.80696576802458,-3.1819418003807423,空排,69.0
2646,2026-08-26,21.20999984741211,20.92999973297119,21.03999967575073,21.104999828338624,3255288.8,75.4864134880935,66.49061582662915,-0.02149873072307429,-0.06910362674176655,0.047604896018692264,59.70021415585121,53.43738866886043,21.758624040173743,21.03999967575073,20.32137531132772,0.7604614527305709,交叉混雜,39.0
2701,2026-08-26,10.679999732971192,10.644999980926514,10.63250002861023,10.655000098546346,60629.0,68.91818054801581,61.17976493342025,-0.006724256862614908,-0.015154443592775098,0.00843018673016019,58.058782763797126,53.041454386926766,10.746170431428597,10.63250002861023,10.518829625791861,0.6348439263886883,交叉混雜,50.0
2702,2026-08-26,12.550000190734863,12.394999980926514,12.439999961853028,12.783333349227906,32580.0,79.51757583401358,63.25180734648997,-0.06758549028394256,-0.1272215020514793,0.059636011767536745,75.39084094546686,60.03155027703558,12.755561589614741,12.439999961853028,12.124438334091314,2.491961729080227,交叉混雜,56.0
2704,2026-08-26,46.07999954223633,46.05999984741211,46.214999771118165,45.290833155314125,97520.6,44.276729061460685,42.66547520122893,0.07715215882161175,0.15837878572172573,-0.08122662690011398,50.81995613389613,50.66336029823416,47.75057878373595,46.214999771118165,44.67942075850038,-0.35702809666729646,交叉混雜,65.0
2705,2026-08-26,15.889999771118164,15.849999809265137,15.987499904632568,16.082499949137368,73314.8,49.27975423904438,41.89010082110221,-0.08709479981853185,-0.0777271920840883,-0.009367607734443548,50.22343684598359,47.2130306515905,16.37258360412599,15.987499904632568,15.602416205139146,-0.5473043729428887,交叉混雜,50.0
2706,2026-08-26,12.520000076293945,12.494999980926513,12.494999980926513,12.519166644414266,146742.6,43.548609618191996,41.325914772604364,-0.01725219807842393,-0.023782496960218627,0.006530298881794697,64.43845678832994,56.277014679706554,12.606921432659508,12.494999980926513,12.383078529193519,0.8403393413645078,交叉混雜,51.0
2707,2026-08-26,180.8,179.35,178.925,179.225,153748.4,50.24858025630051,51.247666828619025,0.40968747127325855,0.1577581140273629,0.25192935724589566,52.445332941103054,52.99519545689286,182.37806881057753,178.925,175.4719311894225,0.6008103954170678,交叉混雜,48.0
2712,2026-08-26,14.520000076293945,14.460000038146973,14.540000057220459,14.827500025431315,7602.2,48.50227230554094,44.993674915928615,-0.09668931271551884,-0.10930308516654703,0.012613772451028196,37.92124035651874,43.16697385865745,14.935501225234065,14.540000057220459,14.144498889206853,-1.3067377923178178,交叉混雜,18.0
2718,2026-08-26,49.710000610351564,49.25,46.697499465942386,47.88416652679443,89991.4,66.25376368949212,75.24416336439907,0.9038628362804744,0.45325515330542065,0.4506076829750537,69.75759909882441,65.64458340447491,52.180438256423535,46.697499465942386,41.214560675461236,5.894322669256698,交叉混雜,46.0
2719,2026-08-26,20.65,20.825,21.185000038146974,23.23499994277954,22871.2,24.60563108171749,25.700604223946634,-0.6548135893747435,-0.6766280932612931,0.021814503886549597,6.721149577411637,25.84968046461252,22.033590169935742,21.185000038146974,20.336409906358206,-4.177487842779523,空排,3.0
2722,2026-08-26,22.15,21.914999961853027,21.879999923706055,22.417500050862632,74799.6,41.18222313883851,40.272251517228725,-0.026749693699571253,-0.11082905423329091,0.08407936053371966,61.63943447672037,55.35033036097522,22.54125898533836,21.879999923706055,21.21874086207375,1.6910424021211499,交叉混雜,23.0
2723,2026-08-26,74.87999877929687,68.79999885559081,65.35499954223633,65.44833335876464,1238258.2,90.82570583939508,82.4074784317465,3.189728865923726,1.104632453421023,2.085096412502703,92.99330935129949,84.76756263477294,77.75677723704823,65.35499954223633,52.95322184742443,21.49032527276793,交叉混雜,76.0
2724,2026-08-26,10.799999809265136,10.70999984741211,10.727499866485596,11.61833332379659,64099.8,74.21857593968276,63.67690079859968,-0.19001462323608642,-0.2577422521870187,0.06772762895093226,56.61091444651472,49.3737915566312,11.062281750745433,10.727499866485596,10.39271798222576,1.60801448791991,交叉混雜,2.0
2726,2026-08-26,8.434000015258789,8.515000057220458,8.61200008392334,9.145833333333334,43800.0,25.76741131176884,26.83013756284707,-0.16461092903723973,-0.1572615196036199,-0.007349409433619836,24.702850770220493,31.2328176253194,8.914592453685652,8.61200008392334,8.309407714161027,-2.8100347887364423,空排,3.0
2727,2026-08-26,236.4,234.25,232.975,236.775,232681.8,66.85911470473637,62.32675135095255,1.0057121077117017,0.3564239642041808,0.6492881435075208,51.757743537206515,52.70893794787934,242.16581349128273,232.975,223.78418650871726,0.869191973387705,交叉混雜,61.0
2729,2026-08-26,158.9,159.45,160.15,159.825,39722.0,29.59495399741118,34.169276883077956,-0.49422356251346855,-0.018081237179579907,-0.47614232533388867,33.89107764089829,38.248096675938996,163.99023025625277,160.15,156.30976974374724,-2.591320636902907,交叉混雜,29.0
2731,2026-08-26,145.6,144.45,145.1,148.91666666666666,256962.4,64.33636014733194,54.974530450165105,-0.5317566254635437,-0.8794045767483046,0.3476479512847609,56.59541647851814,51.01137248680515,147.7872016358307,145.1,142.41279836416928,0.2756719503790529,交叉混雜,24.0
2732,2026-08-26,64.28000030517578,63.900000381469724,63.77000007629395,64.48500016530355,14674.6,47.79793711755769,48.986302315164394,-0.027675435864580322,-0.1312808614580727,0.10360542559349237,49.28634294922083,49.853145299954456,64.98412807293495,63.77000007629395,62.555872079652936,0.3606710419176464,交叉混雜,39.0
2734,2026-08-26,14.989999961853027,14.974999904632568,14.854999923706055,15.124999984105427,50880.2,41.34194599764169,46.38397444291583,-0.004805968176004427,-0.033742486872832524,0.028936518696828097,55.58392708603249,52.03751862396393,15.329508160306275,14.854999923706055,14.380491687105835,0.9761028410545427,交叉混雜,22.0
2736,2026-08-26,11.989999961853027,11.699999904632568,11.614999914169312,11.812500015894573,168959.2,70.22306427111916,54.727007332101465,0.07116044380099318,-0.03538872367109818,0.10654916747209137,87.8780136830692,74.03990247506137,12.161857016718592,11.614999914169312,11.068142811620032,5.467069225338883,交叉混雜,26.0
2739,2026-08-26,37.539999389648436,36.68999977111817,35.54999980926514,35.83833338419596,212642.0,76.26813030195582,73.92651007161422,0.6679629749167617,0.283083238348688,0.3848797365680737,81.84512975668282,72.40201939328924,38.39086633862235,35.54999980926514,32.709133279907924,7.032347232654139,交叉混雜,64.0
2740,2026-08-26,30.729999923706053,30.439999961853026,31.30250015258789,31.280833435058593,2959.4,86.93842265026343,72.38055967397473,-0.5206072101612449,-0.6025465476045557,0.08193933744331083,60.74392679097829,50.64477808318138,34.04600496309556,31.30250015258789,28.558995342080216,0.3114750114754767,交叉混雜,48.0
2743,2026-08-26,59.02000045776367,57.7,57.38500003814697,62.531666628519694,74478.0,76.04241995120236,67.40847460313282,-0.5508119969022331,-1.239050538191606,0.6882385412893728,74.19544646178502,60.39405718697768,59.843305314784565,57.38500003814697,54.926694761509374,5.253988822388601,交叉混雜,9.0
2745,2026-08-26,88.85999908447266,88.4599998474121,88.14499969482422,98.48999977111816,85130.4,52.617060276549054,50.15702270469422,-2.0937012925934653,-2.782139500371861,0.6884382077783959,55.32100338359153,42.66892876758198,90.15704343614043,88.14499969482422,86.13295595350802,1.0834406745740208,交叉混雜,14.0
2748,2026-08-26,38.6,38.48000030517578,38.38000011444092,39.37916666666667,65012.2,56.54088463746392,56.77138300393539,-0.19194235029263496,-0.26910359651270044,0.07716124622006548,54.211014551083835,48.15619084040848,38.83929003060758,38.38000011444092,37.92071019827426,0.5732109406570816,交叉混雜,32.0
2751,2026-08-26,54.4,54.15999984741211,53.13999996185303,52.624166615804036,3035.4,72.35252071820656,74.81805366356528,0.6786469123493006,0.4758428427132738,0.20280406963602682,74.8967586475305,66.9040967707853,55.9530519636023,53.13999996185303,50.32694796010376,4.064733302141684,多排,39.0
2752,2026-08-26,179.2,179.3,177.425,177.45,3013.8,40.78142333416428,49.846466618525184,0.7756365112445849,0.5946351729606417,0.18100133828394316,54.399351929004425,56.1214712741271,182.47501302762447,177.425,172.37498697237555,0.8876990277582012,交叉混雜,34.0
2753,2026-08-26,184.3047607421875,183.70238037109374,182.27619018554688,182.2170633951823,188055.0,44.070429140052575,65.79687985686192,0.9025167711998279,1.0915888603110109,-0.189072089111183,31.204358882284282,41.92408341193835,188.34779671342974,182.27619018554688,176.20458365766402,-1.7973769268558357,多排,44.0
2754,2026-08-26,69.26000061035157,69.21999969482422,70.03999977111816,68.99666659037273,13430.8,19.333371033573723,23.16975160974879,-0.05524222693593117,0.15836782720122716,-0.21361005413715833,41.26870611132918,45.64058711682643,73.17915799023407,70.03999977111816,66.90084155200225,-1.7704122264598812,交叉混雜,27.0
2755,2026-08-26,102.1,102.95,102.95,107.20902442932129,22343.8,36.538221231621684,41.38789018377134,-1.0054628565506647,-1.0979328207530736,0.09246996420240894,46.72712814270076,43.65892792686943,104.72408241664671,102.95,101.1759175833533,-0.43710539096649137,交叉混雜,53.0
2756,2026-08-26,62.21999969482422,60.42999954223633,58.59499969482422,59.29333318074544,7272.8,78.12876582825808,73.65099984886191,0.994510436642841,0.3331861428222276,0.6613242938206134,74.5147436913146,70.88444648059584,63.655673449906125,58.59499969482422,53.53432593974231,5.981737004098795,交叉混雜,14.0
2762,2026-08-26,83.34000091552734,83.03000030517578,84.00000038146973,84.56333325703939,42874.2,64.1489533497564,51.798022839452315,-0.3698642044196845,-0.3994367119444224,0.02957250752473789,66.92943945536365,54.844043543262295,87.95926645023431,84.00000038146973,80.04073431270515,0.9523841269702656,交叉混雜,63.0
2801,2026-08-26,23.93000030517578,23.829999923706055,23.942500019073485,23.528333346048992,9368027.0,70.45203108791236,69.72414487346583,0.01876494484597302,0.0247610396467797,-0.005996094800806682,54.42549955791188,51.748335936528505,25.327105380103387,23.942500019073485,22.557894658043583,0.03132815645815118,交叉混雜,74.0
2812,2026-08-26,18.929999923706056,18.874999809265137,18.99766616821289,19.718388684590657,7188335.4,78.39434980963436,70.50744636793621,-0.26130395031286824,-0.3167872253896799,0.05548327507681167,53.93586226044164,44.20982414935778,20.15249410861693,18.99766616821289,17.84283822780885,0.01228483418144097,交叉混雜,38.0
2816,2026-08-26,37.65999984741211,35.825,34.78249988555908,34.180833435058595,1080748.4,85.82989170007902,80.48386077737372,1.0440359967584385,0.5273274397803329,0.5167085569781056,86.54995544820305,80.41402728901943,38.335893400378936,34.78249988555908,31.229106370739228,12.125350760633305,多排,82.0
2820,2026-08-26,16.429999923706056,16.35,16.369999980926515,16.90249999364217,1744306.6,72.58040713844909,62.42172838084798,-0.07468381753039921,-0.13183877003691372,0.057154952506514506,74.32797971520874,60.03990420439526,16.681870237132273,16.369999980926515,16.058129724720757,1.7104437259010359,交叉混雜,51.0
2832,2026-08-26,60.82000045776367,59.910000228881835,59.26000003814697,57.091666793823244,209805.6,68.58467407825937,71.24347405302174,0.9621092849960746,0.8574722718461663,0.10463701314990836,60.34134900027552,62.209797156161166,61.492204650899474,59.26000003814697,57.027795425394466,1.923728462703497,多排,76.0
2834,2026-08-26,16.429999923706056,16.40999984741211,16.675467109680177,17.342655754089357,23680828.2,33.76523863048021,36.69800348003771,-0.3077246014306212,-0.31251631125617413,0.004791709825552937,33.917611642564296,33.773897125653306,17.75090199410716,16.675467109680177,15.600032225253194,-1.9517697829376897,交叉混雜,57.0
2836,2026-08-26,12.070000267028808,12.005000114440918,11.962500047683715,12.251666704813639,596652.0,72.27421925269348,70.14703251299137,-0.06759128686026372,-0.09497578435514853,0.027384497494884807,52.92535586405533,48.518612248729816,12.198419436418604,11.962500047683715,11.726580658948826,0.7314536485046094,交叉混雜,53.0
2838,2026-08-26,20.239999771118164,20.13499984741211,20.284999942779542,20.797468249003092,1360681.2,53.41252450814808,49.073773024382874,-0.1545118428705372,-0.19199641979993004,0.03748457692939283,45.566912800884154,44.6488566815027,20.884210170833494,20.284999942779542,19.68578971472559,-0.6655179917677172,交叉混雜,69.0
2845,2026-08-26,13.560000038146972,13.475,13.367500019073486,13.174166711171468,11114800.4,68.21302980242854,69.46303901321136,0.0882819865269795,0.07497280974416723,0.013309176782812265,48.72619258260191,53.45878801882239,13.73638889772143,13.367500019073486,12.998611140425542,0.6171669352828566,多排,64.0
2849,2026-08-26,14.429999923706054,14.364999961853027,14.569999885559081,14.54833329518636,91983.0,61.65318870756108,47.8045259746814,-0.08647700117623991,-0.07471176846156546,-0.011765232714674445,53.7886264991919,49.65477851390902,15.301544789262865,14.569999885559081,13.838454981855298,-0.4804384770686309,交叉混雜,64.0
2850,2026-08-26,165.1,162.95,161.375,150.91666666666666,228542.4,59.08623257611296,65.8340620357139,3.5331709732257366,3.7364949282051243,-0.2033239549793877,53.159586369070205,56.72675404091276,167.7482582760078,161.375,155.0017417239922,1.3168086754453912,多排,84.0
2851,2026-08-26,44.76999969482422,41.88999977111816,38.54750003814697,37.63083343505859,9411276.2,74.26293223948173,79.97161918772709,2.2908563498918397,1.3683318378178608,0.9225245120739789,72.0603691555403,71.73277324267238,46.84515150078812,38.54750003814697,30.249848575505826,19.203581859956927,多排,90.0
2852,2026-08-26,29.390000534057616,28.315000343322755,27.552500247955322,27.129166666666666,1217574.6,92.92709930187041,89.69510346492774,0.6966091675736372,0.3875007426050262,0.309108424968611,96.70291931632394,88.15924252278879,29.808830766919492,27.552500247955322,25.296169728991153,8.701571521307036,多排,68.0
2855,2026-08-26,46.61000061035156,46.70999984741211,45.71999969482422,48.19250011444092,2631353.0,44.06699556313303,49.56331105351986,0.17821698568221223,0.00969255741883264,0.1685244282633796,57.90320666894546,54.324686941086846,49.22404292928901,45.71999969482422,42.21595646035942,2.5809314062359285,交叉混雜,90.0
2880,2026-08-26,39.42999954223633,39.30999984741211,41.42111396789551,39.28203805287679,13258869.8,43.57592228356156,32.31365876071018,-0.30988959001344796,0.05847069518764568,-0.36836028520109365,44.02385863025596,44.30081865828537,45.853809481810316,41.42111396789551,36.9884184539807,-4.1551591448990175,交叉混雜,82.0
2881,2026-08-26,135.1,131.7,129.75,127.39166666666667,25802115.8,80.81460939756965,74.64305412031894,2.788065806301489,1.6028681777153508,1.1851976285861383,71.9207762298379,66.32406238477924,138.44664182011567,129.75,121.05335817988433,7.89980732177264,多排,87.0
2882,2026-08-26,100.61999969482422,99.96999969482422,99.68999938964843,99.82000020345052,18621624.6,57.102639052606435,48.90222537666679,0.9164456459003958,0.6264192058794813,0.2900264400209145,66.05451100821786,59.59932000731109,103.43890909271768,99.68999938964843,95.94108968657919,3.320293540592867,交叉混雜,85.0
2883,2026-08-26,31.499999618530275,31.339999771118165,31.02499990463257,29.900833320617675,39364085.0,73.76695421116881,63.805333657427695,0.513416750359962,0.45752033568339506,0.055896414676566974,73.65075406172048,65.934039901032,32.55590901254552,31.02499990463257,29.494090796719615,5.88234834842343,多排,92.0
2884,2026-08-26,38.2,37.95999984741211,37.90250015258789,35.82916685740153,24753988.4,75.76298593120373,71.91417557237246,0.6212420893702983,0.6266583047712924,-0.005416215400994018,60.42122625328153,60.55522974238773,39.006786278131905,37.90250015258789,36.798214027043876,1.5764127564321466,多排,77.0
2885,2026-08-26,62.78000030517578,64.54730682373047,66.15365295410156,65.77288443247477,17348525.6,13.218138034350519,18.786169330712518,-0.8154759419359436,-0.21149757259170304,-0.6039783693442407,38.540766849370286,41.522826306620836,71.88876414171487,66.15365295410156,60.41854176648825,-4.767163736656559,交叉混雜,87.0
2886,2026-08-26,46.78000030517578,46.76499977111816,48.80249996185303,46.84833348592122,22652397.0,50.255553538060795,40.36521321956251,-0.40083786252934317,-0.050861356520250076,-0.3499765060090931,38.210156843398295,42.20648326198142,53.34034956407868,48.80249996185303,44.26465035962738,-4.308179295234909,交叉混雜,73.0
2887,2026-08-26,36.85000076293945,36.86500091552735,36.05250072479248,33.81031354268392,37370320.0,69.04682791681864,68.36028215596191,0.8083989414467325,0.807688485292272,0.0007104561544605259,61.98329632686476,60.10601674616255,38.236286824217444,36.05250072479248,33.86871462536752,3.737607028629169,交叉混雜,93.0
2889,2026-08-26,15.689999961853028,15.655000019073487,15.522500038146973,15.37000002861023,7083688.4,71.69421505204083,72.30095344968716,0.06856044617484436,0.04731566573156573,0.021244780443278627,65.89270895764348,60.17584784512427,15.891674032827597,15.522500038146973,15.153326043466349,1.7877284709674752,多排,54.0
2890,2026-08-26,39.32999954223633,39.57499961853027,39.49249954223633,38.184133275349936,13797452.8,31.076127307684366,36.52987822440936,0.19293643369006475,0.30210521149947944,-0.1091687778094147,50.87101732151292,51.65914167310528,40.547449349714284,39.49249954223633,38.43754973475838,-0.10761228027976898,交叉混雜,86.0
2891,2026-08-26,64.23999938964843,65.05,65.21000022888184,66.87666683197021,32083068.0,44.859769734231435,44.91524015770143,-0.2393205155986351,-0.1439234924310407,-0.09539702316759441,48.33625960482683,48.05079746345245,67.39887211278558,65.21000022888184,63.02112834497809,-0.782093664851374,空排,80.0
2892,2026-08-26,33.54000015258789,33.49000015258789,34.30750026702881,33.18999989827474,26374948.6,54.22395521129724,47.43546617544524,-0.12232453550055311,0.011806180588855644,-0.13413071608940874,40.76536507479944,44.31979367497738,36.73373280219684,34.30750026702881,31.881267731860774,-2.6451905096159156,交叉混雜,75.0
2897,2026-08-26,10.239999961853027,10.189999866485596,10.184999895095824,10.35499997138977,2264803.8,88.4958445104809,78.97996291150585,-0.023744179793553144,-0.043590063408165194,0.01984588361461205,59.339229717725146,52.249976478192025,10.30682803645802,10.184999895095824,10.063171753733629,0.638194458258892,交叉混雜,64.0
2901,2026-08-26,23.889999771118163,23.725,23.869999980926515,23.854166634877522,4589.2,69.17209231832022,57.23566483187747,-0.04785415160656825,-0.04984982805819041,0.001995676451622158,51.36448279637709,49.64990331575426,24.404494191513788,23.869999980926515,23.335505770339243,-0.08378550260900439,交叉混雜,49.0
2903,2026-08-26,22.699999618530274,22.249999809265137,22.17249984741211,22.574166584014893,2532971.6,70.72425552841179,65.91353334370255,0.07410590377682524,-0.029978654573115444,0.10408455834994068,57.16404112574411,55.40206337508381,22.951483308164843,22.17249984741211,21.393516386659375,1.4770556087121405,交叉混雜,56.0
2904,2026-08-26,12.899999809265136,12.819999885559081,13.007499933242798,13.669166644414267,36836.6,68.94926159293878,57.02224371320336,-0.21731716545711066,-0.25346130586309085,0.036144140405980185,55.794929171229086,41.17503505328285,13.4620385119966,13.007499933242798,12.552961354488996,-0.44205361731896026,交叉混雜,13.0
2905,2026-08-26,17.45,17.385000228881836,16.960000133514406,15.765833377838135,1110114.4,55.82557528013731,58.596558145242305,0.4579363032149324,0.45644677067572165,0.0014895325392107472,57.58071383745403,60.6175619078615,18.143927546396988,16.960000133514406,15.776072720631822,2.889154631884492,多排,80.0
2906,2026-08-26,13.949999809265137,13.739999866485595,13.437499904632569,13.483333237965901,370463.6,80.04827403060594,81.82828532735294,0.14769875148589584,0.055707133320838945,0.0919916181650569,66.52275889861923,62.298967280241946,14.247876577324552,13.437499904632569,12.627123231940585,4.186047251047866,交叉混雜,64.0
2908,2026-08-26,21.960000228881835,21.875000190734863,21.830000114440917,21.608333365122476,209395.2,59.910686202495405,48.50591755874957,0.07266571040687708,0.060655488675782715,0.012010221731094367,62.12408979418129,56.35437229361464,22.197638374037812,21.830000114440917,21.462361854844023,0.7787443182220825,多排,62.0
2910,2026-08-26,24.310000610351562,24.135000228881836,24.512500095367432,23.666666762034097,10203.2,45.94307610846141,34.89497796698532,0.010538439604989236,0.05065760121120455,-0.040119161606215314,54.32010350776214,51.08798288639576,25.952483722499604,24.512500095367432,23.07251646823526,-0.25496922869891536,交叉混雜,71.0
2911,2026-08-26,6.633999919891357,6.741999912261963,6.805999994277954,7.369833358128866,121223.2,27.617006299410196,25.036190066273775,-0.1505855922444006,-0.14166863881542704,-0.008916953428973556,35.349788216352536,38.05990819016511,7.137846548800345,6.805999994277954,6.474153439755563,-3.026742430481595,空排,70.0
2912,2026-08-26,222.9,219.25,220.45,229.30833333333334,2286003.0,78.5932161602328,64.6430138040525,-2.443069018530963,-3.5212549141315255,1.0781858956005625,63.704959570554756,50.11863829752177,228.2291895126484,220.45,212.6708104873516,1.3835336811068322,交叉混雜,50.0
2913,2026-08-26,11.270000076293945,11.125,11.040000009536744,11.125833304723104,1622895.4,81.85986350560047,73.54599587976422,0.0395447756414935,-0.00326377256231402,0.04280854820380752,69.3537158165539,59.5970751577917,11.345390308977404,11.040000009536744,10.734609710096084,2.3550741030210327,交叉混雜,29.0
2915,2026-08-26,60.01999969482422,59.689999389648435,56.05999984741211,52.90416666666667,3214752.8,60.9451607620249,76.36091677171552,2.2850155031618584,2.0757631697913745,0.20925233337048388,50.79652362664393,61.730239444036016,64.25149640881057,56.05999984741211,47.868503286013656,4.709241745831391,多排,75.0
2916,2026-08-26,40.19000091552734,40.3200008392334,40.427500534057614,40.870833524068196,13025.8,16.244373615849184,21.142556907719637,-0.10728791989433972,-0.0923250775428649,-0.014962842351474825,34.17066401186841,43.18453913971695,41.37366981959167,40.427500534057614,39.48133124852356,-0.6864114884988567,空排,21.0
2923,2026-08-26,25.269999694824218,25.214999771118165,27.619999885559082,28.060833263397218,151069.0,44.60674215165855,30.555181661966564,-1.5194908774058327,-1.3292052542633432,-0.19028562314248942,57.380906222193495,47.798684696179336,34.94554302853754,27.619999885559082,20.294456742580625,-3.149890981766279,交叉混雜,73.0
2924,2026-08-26,16.7,16.8,16.965000057220458,17.51000018119812,7316.0,52.53133605986255,65.56448383839981,-0.32699107945513006,-0.2478888581902526,-0.07910222126487745,22.76948925571199,33.18748041219074,18.305110113338696,16.965000057220458,15.624890001102218,-8.045975073072722,空排,12.0
2926,2026-08-26,30.09000015258789,30.16500015258789,30.342500114440917,32.329999987284346,9642.8,13.311188188932665,24.156825882871914,-0.4960838295972927,-0.56146077773948,0.06537694814218731,32.07094629158631,34.57926383381107,30.88566322291946,30.342500114440917,29.79933700596237,-1.6231349793644538,空排,9.0
2929,2026-08-26,5.696000003814698,5.725999975204468,5.679999971389771,5.788999994595845,58546.8,31.302036392131946,37.050888161300534,-0.01970300534466407,-0.018181602029898693,-0.001521403314765378,39.20891624928548,44.602825218833296,5.9378452897427225,5.679999971389771,5.422154653036819,-0.5281668340395945,交叉混雜,9.0
2937,2026-08-26,48.24000015258789,48.09500007629394,46.73750019073486,47.677500089009605,4606.0,85.80271854552035,88.48344175147722,0.36409578680488863,0.11642414376951539,0.24767164303537326,70.1134729900901,62.81467252242086,49.58592971811026,46.73750019073486,43.88907066335947,3.2361589796045003,交叉混雜,63.0
2939,2026-08-26,19.65,19.5,19.307500171661378,19.759166781107584,6200.6,41.46107019781355,43.46335612993029,0.04589180358686207,-0.028655562021387596,0.07454736560824966,56.26898231513347,53.17444250912649,20.499259102991633,19.307500171661378,18.115741240331122,2.0328918181452047,交叉混雜,13.0
2945,2026-08-26,40.1,40.06500015258789,40.60499992370605,41.46083342234294,7489.0,49.239955772554964,30.179182211200807,-0.36593195468722683,-0.3712204366487579,0.0052884819615310885,58.14727926040505,47.89604319869288,41.966848112732414,40.60499992370605,39.24315173467969,-0.3817243222702443,交叉混雜,54.0
2947,2026-08-26,61.87999954223633,62.12999992370605,62.229999732971194,69.05090910593668,14198.2,15.810378520466996,13.100272548634049,-1.4026636575006677,-1.7091478371046431,0.30648417960397545,34.83854831179286,35.48323697134744,63.317924028043066,62.229999732971194,61.14207543789932,-1.0123754805615213,空排,6.0
3002,2026-08-26,17.0,16.979999923706053,16.70249996185303,18.825833241144817,70220.2,28.365093297279188,29.650268891178875,-0.30182075678725795,-0.46188538146308056,0.1600646246758226,61.24418365570143,50.16090290976884,17.721516460842693,16.70249996185303,15.683483462863366,2.9786008215696476,交叉混雜,32.0
3003,2026-08-26,64.74000091552735,65.84000091552734,63.685000038146974,63.9733331044515,329543.2,25.024282259934186,29.43980695025827,0.9159772630388261,0.9416150173748123,-0.02563775433598625,53.94572613833597,54.19246408242964,73.55388268574819,63.685000038146974,53.816117390545756,3.0069850590045473,交叉混雜,77.0
3004,2026-08-26,120.0,122.4,124.775,133.69166666666666,182560.4,13.043432499518184,15.857597228911374,-4.206985086000628,-3.823465787073075,-0.38351929892755354,25.25692272042798,34.25060427063973,132.7120881575711,124.775,116.83791184242894,-4.628330995792431,空排,56.0
3005,2026-08-26,116.2,116.85,115.5,109.93666661580404,1690408.0,24.889870535334527,35.993741477213604,1.4352172581659204,1.8058587734872122,-0.37064151532129186,44.59319256833709,52.01202634526408,119.9009568337619,115.5,111.0990431662381,0.0,交叉混雜,57.0
3006,2026-08-26,265.9,264.7,248.85,229.86666666666667,12514904.0,66.38863617176182,60.46846664735121,13.115419682792691,12.21312024256001,0.9022994402326816,59.09746570517717,59.07275263813168,316.1874065122014,248.85,181.5125934877986,8.700020092425158,多排,96.0
3008,2026-08-26,5704.0,5370.0,4834.5,4443.083333333333,2420910.2,92.05514389339123,87.74552724062482,444.19393742340253,305.9750701419771,138.21886728142545,84.96265983158742,78.35866586541269,6196.174279005541,4834.5,3472.825720994458,30.10652601096287,多排,96.0
3010,2026-08-26,127.8,128.3,123.825,124.33333333333333,401334.6,48.28994941466897,49.85255827360958,2.2813170495976465,1.8133350351681707,0.46798201442947573,57.30130859981218,57.96824289481183,137.05683959044913,123.825,110.59316040955088,3.775489602261253,交叉混雜,64.0
3011,2026-08-26,10.670000076293945,10.75999994277954,11.134999990463257,12.772500069936116,312569.6,33.42881383674853,27.796061131948584,-0.48905486521398345,-0.5034020398237626,0.01434717460977919,37.62738460053214,34.351229708876275,11.98853757425124,11.134999990463257,10.281462406675274,-4.355638727870404,空排,9.0
3013,2026-08-26,84.43999938964843,84.62000045776367,83.70499992370605,97.12333335876465,553092.2,56.15610902731852,43.00237759997337,-1.830033530807114,-2.7861433458865354,0.9561098150794214,67.70050158247034,52.90108674349803,91.31647894463008,83.70499992370605,76.09352090278203,4.055908910470643,交叉混雜,5.0
3014,2026-08-26,130.4,131.1,130.575,140.5,391239.4,39.69556128827503,38.827468173096506,-1.3412976251946134,-1.7844183630486175,0.4431207378540041,54.449209562506944,48.755900644272025,138.3567262325195,130.575,122.7932737674805,0.7084051311506885,交叉混雜,46.0
3015,2026-08-26,53.2,53.910000228881835,54.53000011444092,58.79166685740153,201815.4,22.50467843074778,18.958887928993178,-1.139690063774296,-1.1165219971596947,-0.023168066614601246,46.76038052960048,44.76427416526261,58.74830553730342,54.53000011444092,50.31169469157841,-1.5220967353008656,空排,50.0
3016,2026-08-26,100.34000091552734,102.17000045776368,98.8300006866455,110.78666699727377,3956106.0,37.32847914855171,37.35485215049772,-1.205305302551423,-1.879506573168141,0.674201270616718,56.65233192394887,51.85201310404749,116.21070239893244,98.8300006866455,81.44929897435857,4.725285116774803,交叉混雜,91.0
3017,2026-08-26,2950.0,3046.5,2846.75,2554.9166666666665,2765511.4,47.5486030798715,51.559879252892905,147.21782243369853,152.86884072216827,-5.651018288469743,63.832720093576086,61.90375837994506,3421.6483891913144,2846.75,2271.8516108086856,8.720470712215684,交叉混雜,93.0
3018,2026-08-26,13.619999885559082,13.624999904632569,13.92999997138977,12.741500012079875,90335.4,32.59138081387253,42.07974983321761,0.07070973571189043,0.2348004860112334,-0.16409075029934297,42.310773036788525,46.527822264617086,15.628420361955207,13.92999997138977,12.231579580824334,-5.599428244519071,交叉混雜,72.0
3019,2026-08-26,134.8,136.5,134.05,141.475,1897272.0,36.36811756504534,40.93492840856548,-0.5460146141385565,-0.8802290588236339,0.33421444468507744,55.56865827961153,51.50618682429683,143.69583357015748,134.05,124.40416642984253,1.8276762402088687,交叉混雜,29.0
3021,2026-08-26,20.120000076293945,20.22000026702881,20.42750005722046,25.00916668574015,75719.4,32.08566009104057,24.838972355468204,-0.8347145417586397,-1.0048151749883523,0.17010063322971258,47.204576225552835,39.92970660363411,21.508666166556708,20.42750005722046,19.34633394788421,-0.8689269696402188,空排,45.0
3022,2026-08-26,92.5,93.6,95.75,88.73333358764648,1587967.0,24.724947933912375,21.988081352005466,0.7900563799590685,1.956444232517843,-1.1663878525587745,44.7242960646476,48.64769453086744,110.38053745143661,95.75,81.11946254856339,-2.8720626631853787,交叉混雜,84.0
3023,2026-08-26,318.6,315.65,311.6,314.4,380944.8,58.2354726397499,57.22018044629817,2.748822907678857,1.7380351939214862,1.0107877137573709,52.94902600474077,53.583203263295,335.40535101279,311.6,287.79464898721005,1.7329910141206601,交叉混雜,78.0
3024,2026-08-26,14.25,13.894999885559082,13.25,12.895833317438761,1467300.2,86.18892057555452,84.27532133575802,0.4066602650173152,0.24197805107085615,0.16468221394645907,85.24547089026984,73.94470163366665,14.885140253421865,13.25,11.614859746578135,10.943394786906692,多排,72.0
3025,2026-08-26,56.12000045776367,56.48000030517578,55.49500026702881,61.499999872843425,136511.8,44.059554041178956,53.139411649600866,-0.6024744045026793,-0.9768860933128949,0.3744116888102156,56.46318773608552,50.035311882223276,58.828703357039444,55.49500026702881,52.16129717701817,1.810973471727853,交叉混雜,44.0
3026,2026-08-26,648.0,662.5,602.7,714.1583333333333,7916928.2,32.8467311581097,46.85919510516133,-3.9495520940408824,-9.942136258874942,5.99258416483406,41.55995606852221,46.83861330335226,778.3861435988374,602.7,427.0138564011626,2.8704164592666257,交叉混雜,99.0
3027,2026-08-26,18.1,18.029999923706054,18.172500133514404,19.738333415985107,114844.0,40.2443874116296,35.76517001492388,-0.3277050409452791,-0.3953928602636836,0.06768781931840451,56.74632978682799,47.51293226043003,18.763195761123725,18.172500133514404,17.581804505905083,0.42646782730059,交叉混雜,13.0
3028,2026-08-26,66.45999908447266,66.79999923706055,66.84999923706054,72.00033817291259,507547.4,33.39942491562172,32.85519041914253,-0.8863306032586706,-1.051904514917762,0.1655739116590913,48.16344201320328,47.364059026351086,73.7564413095115,66.84999923706054,59.94355716460959,-0.37397272369878193,空排,84.0
3029,2026-08-26,111.4,110.7,109.025,104.9183334350586,620365.6,63.5963278690235,62.308174540354116,1.8911252929811297,1.885176576204272,0.00594871677685771,51.50048214164663,55.10846013133055,114.55458549888434,109.025,103.49541450111568,1.3529007108461308,多排,58.0
3030,2026-08-26,285.2,289.85,289.425,307.9916666666667,525356.8,26.170239610346755,25.95139108083711,-3.9064585192114123,-3.881600180274349,-0.02485833893706335,48.20654420503506,47.1297935294042,315.6432640237876,289.425,263.2067359762124,-0.6651118597218661,交叉混雜,80.0
3031,2026-08-26,23.870000076293945,23.280000114440917,22.812500190734863,26.848333326975503,1239276.4,73.80149802160265,62.29859706512088,-0.44754609220041175,-0.9471396613266112,0.49959356912619945,78.97015619437158,60.48193303631441,25.044061973746274,22.812500190734863,20.58093840772345,10.02739801253313,交叉混雜,67.0
3032,2026-08-26,79.5,79.92000045776368,80.12999992370605,80.93166656494141,221700.0,24.814494171561464,24.172403502767846,-0.019230017359774365,0.060116497935829925,-0.0793465152956043,54.227250636541434,51.34190526229853,86.06263920780003,80.12999992370605,74.19736063961207,0.336954452052827,空排,25.0
3033,2026-08-26,45.85,46.339999771118165,46.87249965667725,48.791666666666664,3639796.8,23.066282603328006,23.702327233558076,-0.7409076955684029,-0.608892977754503,-0.13201471781389984,40.515801856459255,43.24201289667727,50.97570472730844,46.87249965667725,42.76929458604606,-2.5014644030634003,空排,78.0
3034,2026-08-26,542.8,531.2,530.95,515.5583333333333,3667786.8,75.24271929342464,60.99484938719231,9.23378131568279,6.653957995060185,2.579823320622606,74.3142715848899,64.4630228416688,566.345360980604,530.95,495.55463901939606,5.4713249835200966,多排,81.0
3035,2026-08-26,172.5,173.3,170.325,191.76666666666668,1777719.6,46.21339866796448,40.74351717008116,-4.037873777987528,-5.503503183131487,1.4656294051439591,65.78854663725491,52.42880876590461,186.92327194556282,170.325,153.72672805443716,5.093204168501401,交叉混雜,51.0
3036,2026-08-26,201.7,204.1,208.725,215.5,4701525.0,15.127800046465097,21.466307332641023,-2.772090943337929,-1.5352750490646274,-1.2368158942733016,33.04106637822193,42.087840043462435,232.93999100709067,208.725,184.51000899290932,-5.138339920948614,空排,65.0
3037,2026-08-26,1106.0,1094.5,1005.9,944.2333333333333,15017814.2,61.70697553752842,65.92297356384128,61.84669410476499,52.25741304014696,9.589281064618035,70.04917417196617,66.06709617003497,1242.3642178338796,1005.9,769.4357821661202,12.83427776120887,多排,99.0
3038,2026-08-26,20.530000305175783,20.505000114440918,20.58750009536743,21.58999999364217,78636.8,57.635582893496036,50.101879434303115,-0.17866542761220217,-0.22755659666409384,0.04889116905189167,46.79445850804611,44.29308259245557,21.084729132751995,20.58750009536743,20.090271057982868,-0.4250156403745241,交叉混雜,30.0
3040,2026-08-26,38.300000762939455,38.06500053405762,37.50250034332275,37.59666690826416,63282.4,53.706957287576856,62.621911610580895,0.25177605792509894,0.16898677967719533,0.08278927824790361,50.57811244229567,53.56958286773073,39.729954898836176,37.50250034332275,35.275045787809326,1.3265773005074522,交叉混雜,15.0
3041,2026-08-26,22.449999618530274,22.6399995803833,22.58249979019165,24.904999828338624,403631.8,32.33428412906746,29.68241691967254,-0.4626503829490609,-0.561926343910659,0.09927596096159808,58.53083982006483,48.88874023008843,24.35577379153267,22.58249979019165,20.809225788850632,1.4059551922437008,交叉混雜,23.0
3042,2026-08-26,185.5,185.45,176.25,190.54166666666666,19893548.4,46.201730399831625,52.322017626019615,2.432557201317138,0.871337937144633,1.5612192641725051,55.25533601564611,53.9421282479538,205.33336475140314,176.25,147.16663524859686,5.815602836879433,交叉混雜,91.0
3043,2026-08-26,21.370000076293945,21.214999961853028,20.575000095367432,21.640833441416422,84394.0,66.55564424600057,62.20008098907814,0.16092438757470617,-0.03694007570157882,0.19786446327628499,80.14323119807483,66.42286675870739,22.220887987912935,20.575000095367432,18.92911220282193,8.140947250880949,交叉混雜,55.0
3044,2026-08-26,468.4,477.7,438.625,461.8,3604732.4,44.325636893089325,49.9312783389133,13.074943840107949,8.775450646540097,4.2994931935678515,64.40894059475546,61.19312417318387,537.7553633977411,438.625,339.4946366022588,10.458820176688516,交叉混雜,78.0
3045,2026-08-26,115.1,112.75,111.95,114.20833333333333,10589557.8,93.88407931206848,85.43251570099883,0.5820751844371301,-0.10930634122197748,0.6913815256591076,71.39361267764133,62.76645685232765,116.66168759575606,111.95,107.23831240424394,2.7244305493523866,交叉混雜,61.0
3046,2026-08-26,57.6,58.85,57.314999961853026,55.7716667175293,202242.6,17.151821271182097,29.449174273318093,0.858685798792429,1.1677987296221652,-0.30911293082973623,41.58499324865374,50.06835600241244,63.89959854056922,57.314999961853026,50.73040138313683,-0.026172423977079362,交叉混雜,72.0
3047,2026-08-26,13.820000076293946,13.935000133514404,14.092500066757202,15.160000038146972,368702.6,32.11798622647333,29.121638659686113,-0.3192041314829144,-0.32930120303158844,0.010097071548674064,45.23887227905521,42.01495586303522,14.854958056266769,14.092500066757202,13.330042077247635,-1.3659779834311845,空排,15.0
3048,2026-08-26,55.94000015258789,56.96000022888184,55.76000003814697,60.02666676839193,1155641.4,27.3314057155823,29.594065535070232,0.11127299889515285,0.03828131097170494,0.07299168792344791,50.92451401096679,51.02471610099685,64.57115343492129,55.76000003814697,46.948846641372654,1.1477788509578435,交叉混雜,82.0
3049,2026-08-26,12.479999923706055,11.705000019073486,11.061499977111817,12.411833302179973,17678559.6,81.34962312959735,68.83182788482652,0.3161933124511904,-0.07623522241314222,0.39242853486433266,86.22584578984014,73.37676460768306,13.18397397484101,11.061499977111817,8.939025979382624,21.592910880943318,交叉混雜,89.0
3050,2026-08-26,11.630000114440918,11.55,11.40750002861023,12.099166679382325,293638.0,82.6731757844771,74.93999132317582,-0.03638598496816847,-0.11052246654921254,0.07413648158104406,69.51125775999229,55.57940481700711,11.845527967745097,11.40750002861023,10.969472089475362,2.564100634856999,交叉混雜,29.0
3051,2026-08-26,22.850000381469727,22.9,22.644999980926514,24.817500019073485,322499.2,47.700749898042,43.16659095212425,-0.23718042566830633,-0.3919132040323073,0.15473277836400096,61.03839422413688,52.23614696755447,24.16708291685585,22.644999980926514,21.122917044997177,2.450875612631516,交叉混雜,46.0
3052,2026-08-26,11.20999984741211,11.229999923706055,10.932499980926513,10.838333304723104,309594.8,64.33750948103956,69.5038681989475,0.14165151501787854,0.11236422080079368,0.029287294217084855,63.4561668343066,63.80413252321652,11.571804640076783,10.932499980926513,10.293195321776244,2.9041849497133865,交叉混雜,51.0
3054,2026-08-26,52.34000091552734,51.42500038146973,50.035000038146975,58.89999987284342,84461.6,59.09767220291336,60.442472585604335,-0.9025707298892627,-1.712758952193072,0.8101882223038093,58.146906821640556,51.51715595553925,54.24902532806175,50.035000038146975,45.8209747482322,4.72669428585758,交叉混雜,89.0
3055,2026-08-26,113.8,115.0,109.5849998474121,120.08833338419596,1302682.2,55.00863557946308,44.01383448885956,-2.721348230943889,-4.511099675707402,1.789751444763513,72.33237708941127,57.476600441794744,128.29084240087755,109.5849998474121,90.87915729394668,15.891773670517695,交叉混雜,92.0
3056,2026-08-26,14.22999973297119,14.109999942779542,14.08250002861023,14.450833336512249,829909.6,65.73013516103632,66.25697099797871,-0.03379095658174691,-0.07230344946315427,0.03851249288140736,54.58444923065563,51.15325682994802,14.330173178172558,14.08250002861023,13.834826879047903,0.8343673383006718,交叉混雜,22.0
3057,2026-08-26,16.910000228881835,16.86500015258789,16.10999999046326,17.826666657129923,78436.8,51.24561138522101,59.60966529461129,0.07413919702077365,-0.1067717587727791,0.18091095579355276,53.89964514753653,52.890106249802436,18.226501643978246,16.10999999046326,13.99349833694827,4.593422665701621,交叉混雜,40.0
3058,2026-08-26,8.160000038146972,8.171000003814697,8.190499925613404,8.8618332862854,250716.2,22.379197793546357,24.920501954298636,-0.1419103399624717,-0.16747174386544597,0.02556140390297426,42.783331430562775,40.40782497594029,8.327916015132029,8.190499925613404,8.053083836094778,-0.7386583446913926,空排,23.0
3059,2026-08-26,39.34000015258789,39.76499977111816,39.60249977111816,43.915833155314125,1035530.4,31.259831818834094,32.11220774196393,-0.7766977871658298,-0.9365228684435514,0.15982508127772155,55.015812894459394,46.29710443367521,41.886880139077306,39.60249977111816,37.31811940315902,0.6249572739936777,交叉混雜,38.0
3060,2026-08-26,27.36999969482422,27.77999973297119,28.06749963760376,31.650833129882812,527298.6,21.844689538405177,22.963023812670812,-0.9062719758883446,-0.9711149755247998,0.06484299963645512,34.726099106280316,38.146744791846224,30.07387739696038,28.06749963760376,26.06112187824714,-2.5563347836397767,空排,52.0
3062,2026-08-26,20.61999969482422,20.684999656677245,20.46749963760376,22.98666658401489,705988.6,42.96292717907809,42.42544965600909,-0.382560053835757,-0.5497611658612714,0.16720111202551446,59.23887816792742,48.945855539335376,21.8256231116592,20.46749963760376,19.109376163548315,1.8688200837351996,交叉混雜,8.0
3064,2026-08-26,19.47000045776367,19.5350004196167,19.327500343322754,19.087500254313152,694.0,35.22563271975388,51.190597966383066,0.1268141260398572,0.1513879502776297,-0.02457382423777249,11.861305469982597,35.828277441562776,20.50781053897595,19.327500343322754,18.14719014766956,-1.9531733213173579,交叉混雜,2.0
3066,2026-08-26,23.770000457763672,23.515000343322754,22.61750030517578,23.08083356221517,586274.6,64.21014570523607,58.19846724618215,0.29900914908647636,0.09243779115091028,0.20657135793556608,70.92161431421749,60.10008714323257,25.58916918059257,22.61750030517578,19.645831429758992,8.76533679471321,交叉混雜,86.0
3071,2026-08-26,24.489999771118164,24.580000114440917,25.097500038146972,28.660000069936117,115797.6,35.883881515895695,29.14152599381794,-0.8367155126130115,-0.9569241569979634,0.12020864438495193,38.348592834561266,35.27342377595342,26.528537240391586,25.097500038146972,23.666462835902358,-2.3807153590548906,空排,40.0
3073,2026-08-26,22.45,22.545000076293945,22.317499923706055,21.958333333333332,31049.6,29.52476022902295,30.44883141008708,0.15698050315459966,0.18410148434016713,-0.027120981185567467,51.37957563167252,52.55608243135413,23.309189135158263,22.317499923706055,21.325810712253848,0.8177442675829908,交叉混雜,17.0
3078,2026-08-26,53.5,53.27999992370606,53.2,54.134999974568686,560918.2,34.55244340439007,43.54812398914452,-0.06699340380905028,-0.10424186401449176,0.03724846020544148,41.36164171197211,46.49914162656181,55.2895736652173,53.2,51.11042633478271,-0.5639069062426627,交叉混雜,11.0
3081,2026-08-26,2921.0,2820.5,2482.75,2098.060611979167,4411106.8,78.47185330742646,73.34491746815866,288.67235771203786,240.7874166610485,47.88494105098937,73.31434654637027,69.86367803904318,3413.847117440094,2482.75,1551.652882559906,28.083778068673848,多排,99.0
3083,2026-08-26,23.27999954223633,23.38499984741211,24.242499828338623,26.399166584014893,36200.0,18.938329618526943,16.127097685317597,-0.7695122656840248,-0.7553575420384677,-0.014154723645557032,35.351457682738,31.52922660086601,26.136055492799738,24.242499828338623,22.34894416387751,-3.8878028171679158,空排,8.0
3086,2026-08-26,26.55,26.529999923706054,26.875,31.01166674296061,76566.4,18.661384749709352,18.440513221719677,-0.933833715833579,-1.1098000774970656,0.17596636166348656,48.238438543955496,41.386766115416265,28.06994537437173,26.875,25.68005462562827,-1.02325439453125,交叉混雜,76.0
3088,2026-08-26,124.6,127.05,129.175,136.49166666666667,475942.8,11.830811334415856,15.253706909501574,-3.1527832913035354,-2.4223335707989793,-0.7304497205045561,37.55744483625103,41.962100631373374,144.188239770983,129.175,114.16176022901703,-3.2320495451906415,空排,81.0
3090,2026-08-26,166.5,168.7,158.3,220.53333333333333,8399919.6,33.725335196981646,42.817623252741406,-7.826757688660308,-11.824122190840873,3.997364502180565,50.50539376675536,46.6471041781261,192.90209911491047,158.3,123.69790088508957,5.180037902716354,交叉混雜,88.0
3092,2026-08-26,24.20999984741211,23.999999809265137,23.6125,26.878333314259848,161311.8,54.81417829427362,47.80873547837949,-0.40019005273891395,-0.6907615074889858,0.29057145475007184,62.17740705704867,51.42773630002114,24.931939695040892,23.6125,22.29306030495911,3.3350963198741033,交叉混雜,64.0
3093,2026-08-26,46.44000091552734,47.20000038146973,46.65250015258789,55.372500038146974,298086.2,44.30008675537728,36.531574343030606,-1.30436450766166,-1.742819326377722,0.4384548187160622,64.57714427321277,53.81025821901684,51.39929725534702,46.65250015258789,41.90570304982876,5.460587539830378,交叉混雜,88.0
3094,2026-08-26,37.24000015258789,37.25,36.367499923706056,36.93166681925456,1335748.2,56.554953764667616,48.72741556459361,0.26364685866377613,0.01605513161225184,0.2475917270515243,64.25794298781061,56.248915429415256,39.63009056094653,36.367499923706056,33.104909286465585,5.038841941507467,交叉混雜,84.0
3095,2026-08-26,35.82999954223633,36.46999969482422,37.24500007629395,38.36666666666667,6961.2,25.961031172159245,27.997741572766245,-0.7497710448149988,-0.5064634812289013,-0.2433075635860975,20.69170855111112,30.58711525309286,39.58501845156571,37.24500007629395,34.90498170102219,-6.027654911250401,空排,60.0
3105,2026-08-26,377.6,378.9,364.25,405.8666666666667,17793514.0,53.320702679357204,44.16590972439435,1.5030156024815255,-2.7306847131453664,4.233700315626892,63.84207453346451,57.07597039234342,434.83365697226895,364.25,293.66634302773105,10.363761153054222,交叉混雜,96.0
3114,2026-08-26,33.51999969482422,33.375,33.70249996185303,38.74166679382324,202305.6,48.781169365496815,36.0540334233234,-0.6278084981218157,-0.8596180077786633,0.23180950965684755,57.81072403458165,50.43212102950959,38.91457843107416,33.70249996185303,28.490421492631896,1.7728633658743764,交叉混雜,81.0
3118,2026-08-26,31.54000015258789,31.625000190734863,31.75999984741211,31.890833218892414,6306.8,38.98459936657527,30.93331614529569,-0.10257645404519522,-0.0735765169617576,-0.02899993708343762,53.08810123396601,48.963308569409854,32.305410516172394,31.75999984741211,31.214589178651828,-0.18891399483916105,空排,41.0
3122,2026-08-26,25.520000076293947,25.580000114440917,25.282500171661376,27.99166663487752,32431.6,23.08311800402813,33.80272829803502,-0.4263455630756603,-0.6130643997227143,0.18671883664705402,49.27069205541091,45.403202471280764,26.86173202408734,25.282500171661376,23.703268319235413,0.8602781641920663,交叉混雜,31.0
3128,2026-08-26,21.900188446044922,21.940094184875488,21.80254716873169,23.062515608469646,108101.6,34.795728605142216,48.04894228926863,-0.21911641177138108,-0.23706612108489586,0.017949709313514778,27.210714479829605,36.33224354640732,22.72844203276452,21.80254716873169,20.876652304698858,-4.139642690445874,交叉混雜,9.0
3130,2026-08-26,212.5,212.15,207.875,213.91666666666666,52532.0,60.87433603979717,68.51603351877718,0.8647488816825444,-0.08144072476289266,0.946189606445437,59.993551078010626,58.66431281597061,216.94127643639052,207.875,198.80872356360948,1.984365604329525,交叉混雜,37.0
3131,2026-08-26,2342.0,2420.0,2410.75,2951.75,338165.0,33.71699303650068,29.35175955228921,-131.97083363951424,-153.42577535461405,21.454941715099807,58.85326307080162,48.60930511293923,2638.491196606107,2410.75,2183.008803393893,3.079954371046355,交叉混雜,81.0
3135,2026-08-26,175.8,168.9,166.675,175.94166666666666,3479630.2,79.37725388674978,65.36495650513429,2.699743230841875,0.10176401075580038,2.5979792200860747,72.04227536799542,61.37320003578712,188.89465701568642,166.675,144.4553429843136,10.09449527523623,交叉混雜,96.0
3138,2026-08-26,94.48000030517578,95.65,94.6150001525879,113.0,95297.0,33.53806174272321,33.52750004914022,-3.003820389128265,-4.005319394348421,1.0014990052201558,55.264769359002344,47.65104542867671,103.32053958038117,94.6150001525879,85.90946072479463,1.780904609683952,交叉混雜,8.0
3141,2026-08-26,72.81999969482422,72.53999938964844,72.89500007629394,72.20333360036214,553389.0,55.03516656091571,40.54308382600422,0.8353937380824874,0.6981057892158686,0.13728794886661877,72.19357437243707,61.61289285292949,82.3854872251777,72.89500007629394,63.40451292741018,6.454487129299364,交叉混雜,83.0
3147,2026-08-26,219.1,223.85,228.675,254.59166666666667,347898.6,20.08090046036162,18.264222345733057,-5.135635511546809,-4.483218671023327,-0.6524168405234825,46.34143462333375,45.949625014507355,257.399233304777,228.675,199.95076669522305,-3.1376407565322015,空排,78.0
3149,2026-08-26,65.41999969482421,66.13000030517578,65.85000038146973,79.0059986114502,4263946.6,40.65167957344494,32.943810442782755,-2.413116041326404,-2.992522870922467,0.579406829596063,59.30600837653281,48.37690999726583,69.78392898123022,65.85000038146973,61.916071781709235,2.3538361965527823,交叉混雜,87.0
3150,2026-08-26,17.06999969482422,17.169999885559083,16.88249988555908,17.85166654586792,17800.0,17.969227969377506,26.83587183426999,-0.06423977768708156,-0.11174793642386745,0.04750815873678589,51.14653000489727,49.85044833374737,18.3425916121475,16.88249988555908,15.422408158970661,1.2883192500222693,交叉混雜,23.0
3152,2026-08-26,252.8,238.5,231.325,278.33709920247395,532348.0,83.015039013339,69.04834928382411,-0.3232124720908871,-7.458959854342722,7.135747382251835,76.73580029332591,63.07744170130941,262.4753569296124,231.325,200.1746430703876,13.044418026585976,交叉混雜,46.0
3158,2026-08-26,83.12000122070313,83.0099998474121,83.04999961853028,83.31999994913737,3667.8,22.897608437728945,28.79091759701108,-0.014272150693415142,-0.037380209395223254,0.023108058701808112,48.4516435685911,49.24466393712578,84.45899430163763,83.04999961853028,81.64100493542293,-0.06020423691744739,交叉混雜,17.0
3162,2026-08-26,64.24000091552735,63.60000076293945,63.08000030517578,73.48166688283284,1338529.0,58.149970291292114,44.84086762687488,-1.3554264261757538,-2.4992144987549603,1.1437880725792064,78.53923613799424,62.44480892132425,69.40608634263772,63.08000030517578,56.75391426771384,10.970196038912237,交叉混雜,69.0
3163,2026-08-26,759.0,736.8,693.6,761.9666666666667,3714054.8,76.85927625305354,73.25197760110322,12.909812540154235,-0.9633554108978579,13.873167951052093,63.93429429440879,57.90769891536659,839.7987112046364,693.6,547.4012887953636,12.31257208765859,交叉混雜,95.0
3164,2026-08-26,15.989999961853027,15.94000015258789,16.152499961853028,16.279999860127766,13728.0,62.23017617097112,48.084698096866774,-0.10202547314764843,-0.10639354271065901,0.004368069563010585,67.13918948238802,56.35423912279679,16.714895898351543,16.152499961853028,15.590104025354513,1.2227235417621451,交叉混雜,32.0
3167,2026-08-26,708.0,705.2,655.2,748.5916666666667,5926169.2,44.89725801249577,52.905365177770115,3.1295993282503787,-5.80772406239189,8.93732339064227,54.99751161100956,53.01419937613148,824.1130576735659,655.2,486.2869423264342,8.974358974358967,交叉混雜,96.0
3168,2026-08-26,41.80999984741211,41.744999694824216,41.79000015258789,43.92499993642171,10057.8,51.526315044737885,40.20883389073474,-0.4063028388251695,-0.5037895312289905,0.09748669240382102,53.42329464954437,48.37969840639412,43.215556300328224,41.79000015258789,40.36444400484756,0.5025121958490877,交叉混雜,34.0
3169,2026-08-26,100.12000122070313,100.41000061035156,100.62000045776367,104.35000025431314,54954.2,26.20074527141123,25.249081174924367,-0.7790864800392967,-0.8725536237479171,0.09346714370862041,54.18132276719267,49.76351323409271,105.26830373977168,100.62000045776367,95.97169717575565,0.3776580605322525,空排,52.0
3176,2026-08-26,37.37000045776367,35.78500061035156,34.205000495910646,34.09583339691162,1153483.0,85.69617068609213,79.77965047981833,1.0653470102005471,0.4339541989915504,0.6313928112089967,84.29686356082024,73.91743039163634,38.697907524241536,34.205000495910646,29.712093467579756,15.480191279992509,多排,79.0
3178,2026-08-26,59.960000610351564,59.35,58.11000003814697,62.94500020345052,35400.2,67.08945628189274,59.70454559759149,-0.6050599680748974,-1.1584986933423536,0.5534387252674562,65.00528282670984,55.42054746156474,61.97612813142499,58.11000003814697,54.24387194486895,5.317502534441603,交叉混雜,56.0
3188,2026-08-26,24.1,23.85499973297119,23.467499828338624,23.745833365122476,124165.0,78.69633090206835,77.57008951985226,0.16781845856350586,0.054135672879939395,0.11368278568356646,70.9016441855322,62.798377416773896,24.460779752314693,23.467499828338624,22.474219904362556,2.6952191659007236,交叉混雜,32.0
3189,2026-08-26,825.8,846.1,808.95,764.1166666666667,13528504.6,34.72079409614342,39.43155818547751,23.985714430291864,27.284253169454324,-3.29853873916246,53.324533216524834,54.560168642103385,972.1218177421034,808.95,645.7781822578967,3.5910748501143397,交叉混雜,99.0
3191,2026-08-26,18.00999984741211,18.16999969482422,18.274999713897706,18.777499961853028,11244.2,42.28717158240572,39.971465210781034,-0.10700801832795648,-0.08305624915512805,-0.02395176917282843,41.600897487577996,44.617523753582,19.25667361717558,18.274999713897706,17.293325810619834,-1.5047864197151024,空排,52.0
3205,2026-08-26,48.14000015258789,48.39500007629395,48.4375,50.75916659037272,17607.0,31.846383912631637,33.71926293970495,-0.5505882610259007,-0.559210874609391,0.008622613583490257,35.21282026076456,38.596046460458396,49.98393018736823,48.4375,46.89106981263177,-1.8322596396169355,空排,36.0
3206,2026-08-26,34.37000045776367,34.705000686645505,34.03750028610229,36.08333339691162,28137.2,53.05403364086209,56.820660699142785,-0.1614094362333205,-0.30697401503669375,0.14556457880337326,49.27556536064339,48.7054723444871,36.0547616106909,34.03750028610229,32.020238961513684,1.21190003193503,交叉混雜,36.0
3207,2026-08-26,40.460000610351564,41.130000305175784,41.24000015258789,54.284999974568684,90943.2,18.619412117205066,26.262969898800435,-2.7849186859796475,-3.2947235473984784,0.5098048614188309,40.952465695855395,36.9438959626881,44.09059584363636,41.24000015258789,38.38940446153942,-2.6430616456740808,空排,2.0
3209,2026-08-26,51.720000457763675,52.160000228881835,54.33499984741211,58.82833347320557,1472418.4,21.58103925121094,19.15754251892871,-1.775340775405077,-1.6699378240052143,-0.10540295139986267,38.07210251121873,38.32616721234916,59.95274372872725,54.33499984741211,48.717255966096964,-4.481454547476503,空排,73.0
3211,2026-08-26,344.6,366.4,353.85,391.775,6528118.2,28.85464230632237,33.05888417406906,-7.5783039969633705,-6.0974684803819725,-1.480835516581398,52.01584549481799,48.99001178764158,428.1602316394989,353.85,279.53976836050117,1.879327398615226,交叉混雜,70.0
3213,2026-08-26,127.9,130.9,131.075,129.95833333333334,196453.2,15.91445217537356,20.94229910094396,-0.12132836999072083,0.9175460957874799,-1.0388744657782008,25.821581017422545,41.48524588798361,142.0259672728288,131.075,120.12403272717115,-3.490368109860759,交叉混雜,73.0
3217,2026-08-26,136.5,137.0,140.225,159.09166666666667,315620.0,24.173197302487118,23.455408262426452,-5.217758074624982,-5.663780491478674,0.44602241685369215,33.07115052257544,34.161360765104135,149.18969684226036,140.225,131.26030315773963,-3.0130147976466355,空排,9.0
3218,2026-08-26,136.0,135.5,137.3,136.85833333333332,146387.2,34.55801223639615,31.028816149720058,-0.5378447776775204,-0.1697334415676747,-0.3681113361098457,47.46544128452111,47.48782581956549,145.34199503919461,137.3,129.2580049608054,-0.9468317552804161,交叉混雜,33.0
3219,2026-08-26,73.7,72.4599998474121,69.24499969482422,71.07666664123535,362340.8,58.42502731050179,49.80240520773002,1.6562868559094994,0.7904209391960851,0.8658659167134143,66.00748327989031,61.014360422887854,80.94393890047378,69.24499969482422,57.54606048917465,9.033143667763378,交叉混雜,69.0
3221,2026-08-26,48.83999938964844,48.419999313354495,47.37999992370605,53.08916664123535,3017060.0,60.73705398504064,51.091352173566875,-0.3614351144764498,-0.9222504373572991,0.5608153228808492,64.71565837700143,55.30823295549677,51.810443828568594,47.37999992370605,42.94955601884351,6.162936509194687,交叉混雜,92.0
3224,2026-08-26,34.87000045776367,35.115000534057614,35.275000190734865,36.430833435058595,33358.6,44.30821289389337,33.36959825834664,-0.28754045062387235,-0.35912996285671756,0.07158951223284521,55.86634529632329,50.96715323577893,36.84058391531988,35.275000190734865,33.70941646614985,0.6378449554884269,空排,15.0
3226,2026-08-26,52.7,52.37999954223633,51.62999992370605,48.47666670481364,20000.0,97.77227256086405,94.07409918837263,1.3631604226205951,1.3869838910090426,-0.02382346838844751,93.30050688839259,82.45154083287593,53.744709596367116,51.62999992370605,49.51529025104499,2.459813294692123,多排,71.0
3227,2026-08-26,195.8,197.15,199.45,209.58333333333334,644705.8,36.30683693552718,28.75705621568867,-2.573616598812947,-2.443652333330372,-0.12996426548257523,48.26431588998513,46.52003579772848,213.4834187604153,199.45,185.41658123958467,-1.2283780396089188,空排,31.0
3228,2026-08-26,144.0,144.4,143.5,162.825,130136.0,47.79526561939255,34.571444609761365,-3.763016444232562,-5.555419141461636,1.7924026972290736,76.19332594577907,59.836940526637996,153.89230484541395,143.5,133.10769515458605,8.710801393728223,交叉混雜,48.0
3229,2026-08-26,59.18000030517578,55.97999992370605,51.60000019073486,45.21333351135254,3353906.6,79.5224647911821,79.9723132767619,4.344898120907352,3.6209551791748815,0.7239429417324708,66.33492708796555,65.74396864443335,63.77136428099163,51.60000019073486,39.428636100478094,16.472864829392904,多排,97.0
3230,2026-08-26,42.32000045776367,42.410000228881835,41.02250003814697,40.683333237965904,644770.8,34.86343772357276,39.370542542382935,0.15077495778237449,-0.030303869752008647,0.18107882753438315,55.413539938911136,52.56536724151816,45.683590759898784,41.02250003814697,36.36140931639516,3.9673386220208764,交叉混雜,70.0
3231,2026-08-26,178.0,183.05,184.55,167.40833333333333,28394747.2,18.45674421965856,22.01352872637312,3.099843281700572,5.472379798313721,-2.372536516613149,47.46403120434917,51.45556996494114,202.75902032105168,184.55,166.34097967894834,-2.1945272283933956,交叉混雜,83.0
3232,2026-08-26,19.809999847412108,19.695000076293944,19.645000076293947,21.279999923706054,14008.2,51.38233038652781,50.34431390599723,-0.2863498043010786,-0.389662736624597,0.1033129323235184,51.06068098737077,44.41200734930811,20.040899877476594,19.645000076293947,19.2491002751113,0.5344867564177767,交叉混雜,15.0
3234,2026-08-26,165.29080505371093,154.74540252685546,132.63270111083983,124.55923372904459,5527670.6,95.49155845185825,93.01938115634624,15.552723819960676,9.907025619843278,5.645698200117398,91.16260445949008,80.99866996616294,185.68121181900835,132.63270111083983,79.58419040267131,37.97502310314009,多排,98.0
3236,2026-08-26,43.81999969482422,44.725,43.400000190734865,53.06000016530355,1860207.2,33.005065589147875,39.1935258331679,-1.3715624980629428,-1.8552874502095509,0.48372495214660804,49.09358720044985,46.7972809364952,48.87914736487727,43.400000190734865,37.92085301659246,1.4976936485462171,交叉混雜,87.0
3257,2026-08-26,49.50999908447265,49.89499931335449,50.3649995803833,56.84083283742269,143726.4,25.63531169180228,24.262181016533837,-1.618112959234871,-1.8635198822994121,0.24540692306454104,47.13867280716277,41.78666897351698,52.887551376418415,50.3649995803833,47.84244778434818,-1.1218114723122392,空排,9.0
3259,2026-08-26,11.222000122070312,12.201000118255616,13.445500087738036,15.23766663869222,148213.8,41.31817198666671,25.870116791162296,-1.028222039720898,-0.8988877283832577,-0.1293343113376404,57.84876556548407,47.43110174645725,16.778483222458423,13.445500087738036,10.112516953017652,-3.685249899516818,空排,4.0
3260,2026-08-26,419.3,408.95,405.775,404.78333333333336,16119973.2,55.705753065236216,54.01572389050112,5.4112004160606375,3.116034227964456,2.2951661880961813,53.956498128000064,54.196096174139136,433.65911168049803,405.775,377.8908883195019,2.5198693857433363,多排,94.0
3264,2026-08-26,209.6,214.0,206.925,217.4,3210223.0,32.567131950715975,30.986190361401253,0.238619298175621,-0.5337224431492582,0.7723417413248792,61.200943730933105,54.575844873689604,240.45154093950725,206.925,173.39845906049277,5.352180741814661,交叉混雜,92.0
3265,2026-08-26,169.9,172.55,163.8,170.325,1754052.6,41.991282326738485,45.80908797165054,2.1652495939359255,1.2707113710031823,0.8945382229327432,58.01021796680826,55.19967446458191,188.49689944315406,163.8,139.10310055684596,5.921855921855915,交叉混雜,82.0
3266,2026-08-26,13.989999961853027,13.930000019073486,13.897499942779541,13.627500009536742,18418.0,92.28139447976139,83.01139286038166,0.07610675176492343,0.0751295455599147,0.0009772062050087266,58.612960650106906,55.98910479589002,14.132525023780547,13.897499942779541,13.662474861778536,0.7375431382801525,多排,60.0
3268,2026-08-26,17.860000228881837,18.345000076293946,19.53000020980835,20.32416674296061,51653.2,13.141236052240355,12.587447679009788,-0.7033067220686959,-0.5108855586494063,-0.1924211634192896,34.05612551864503,35.68810963450723,22.311594073398886,19.53000020980835,16.748406346217813,-8.090114848413519,空排,57.0
3272,2026-08-26,13.95999984741211,13.980000019073486,13.92999997138977,15.219166660308838,27684.2,20.157698016494933,24.155245186037362,-0.24435176772851008,-0.3211338857528425,0.07678211802433244,51.00534035511687,44.32045129874037,14.329209605431991,13.92999997138977,13.53079033734755,0.5025127692318678,交叉混雜,5.0
3276,2026-08-26,14.320000076293946,14.410000038146972,14.692500019073487,15.530000003178914,85603.0,24.22280474109204,21.392585692503513,-0.41567392632172684,-0.39985121214193936,-0.015822714179787478,37.59855538704631,38.49498809552294,15.408685040959176,14.692500019073487,13.976314997187798,-2.6714298303834516,空排,54.0
3284,2026-08-26,20.689999771118163,21.024999809265136,20.934999847412108,23.154166603088377,87342.2,19.631025845315502,23.308261819718634,-0.604772607869144,-0.6916632962630589,0.0868906883939149,52.10252953536108,45.895858128013536,22.135482275508377,20.934999847412108,19.73451741931584,0.31048556513807224,交叉混雜,69.0
3285,2026-08-26,36.959999084472656,37.079999923706055,37.339999961853025,39.652499961853025,20686.0,24.90319335250584,26.10650897247885,-0.5487619918434063,-0.5810571274701403,0.03229513562673392,46.333608583316824,45.26364774661083,38.97243522759172,37.339999961853025,35.70756469611433,-0.910551585967789,空排,80.0
3287,2026-08-26,37.98000030517578,37.72000007629394,33.94500017166138,32.68999989827474,393757.2,71.95286008482192,81.2444058371893,2.1297502715597716,1.7127347140690379,0.4170155574907337,55.08453483582233,64.14656814464323,42.43232181556101,33.94500017166138,25.457678527761747,9.589042789269092,多排,67.0
3288,2026-08-26,21.429999923706056,21.565000152587892,22.630000114440918,22.51333328882853,36817.2,32.28530131769372,32.53917280652107,-0.4211732802972925,-0.2381315937470487,-0.1830416865502438,43.522875752097114,45.20552057290194,25.82545762044041,22.630000114440918,19.434542608441426,-4.9933721110316265,交叉混雜,83.0
3289,2026-08-26,136.4,136.9,138.825,154.89166666666668,410123.8,48.483453458045524,35.26568534532736,-3.981436762539488,-4.7640055807840085,0.7825688182445205,62.49348974265442,50.8514234328206,147.53841977701782,138.825,130.11158022298216,1.9268863677291637,空排,61.0
3290,2026-08-26,49.97999954223633,51.589999771118165,52.464999771118165,59.61666685740153,373383.4,14.495801373177189,17.45077194850641,-2.4997052511453575,-2.3681279495715097,-0.13157730157384773,29.588215853480648,32.11414565141523,56.86309779989182,52.464999771118165,48.06690174234451,-4.984277724969367,空排,66.0
3293,2026-08-26,724.8,735.8,758.25,756.3333333333334,3379783.8,14.08640914302541,21.357053478853874,-8.757110668157111,-1.3095540983519114,-7.447556569805199,23.05786064427764,34.0460800136036,816.0768741021134,758.25,700.4231258978866,-7.418397626112759,交叉混雜,39.0
3294,2026-08-26,30.470000076293946,30.75,30.405000019073487,34.3316668510437,157767.6,32.995122044287925,30.86478946743286,-0.6276446218309708,-0.8436085089315977,0.21596388710062686,56.37831771783559,47.58150263509764,32.61380996237168,30.405000019073487,28.19619007577529,1.4635762608685563,交叉混雜,6.0
3296,2026-08-26,24.010000228881836,23.870000076293945,23.36000003814697,25.342500082651775,8171.6,80.07804479922254,79.0405983046219,-0.24757051159048515,-0.4375789034472367,0.19000839185675156,53.667733844865886,49.499024829159914,24.800979576236912,23.36000003814697,21.91902050005703,2.7397258596228866,交叉混雜,70.0
3297,2026-08-26,27.15999984741211,27.414999961853027,27.105000019073486,29.615000025431314,19484.6,23.229726240581343,24.19452253403289,-0.46878591294758465,-0.5753494282165189,0.10656351526893426,52.53528866296125,47.39490559712526,29.15923840504304,27.105000019073486,25.05076163310393,1.2728306350237728,交叉混雜,5.0
3303,2026-08-26,52.84000015258789,52.72000007629394,53.6,55.14500013987223,247801.0,27.40748519704779,28.922154248039025,-0.5514570172996187,-0.49269353781943337,-0.05876347948018534,36.47325774429191,43.01230964857303,56.615747686990055,53.6,50.58425231300995,-2.6119388751129633,交叉混雜,65.0
3305,2026-08-26,108.1,110.2,109.24500007629395,123.50999997456869,854553.4,25.461830961224415,28.518586668441557,-2.239361135279651,-2.592095466892749,0.35273433161309775,47.273048647383675,45.65094867723949,121.75107831978794,109.24500007629395,96.73892183279996,-0.2242666265026741,交叉混雜,36.0
3306,2026-08-26,44.68000030517578,44.50999984741211,44.062499809265134,46.16083335876465,46425.6,60.75988834289973,58.960871943106625,-0.18289797131807717,-0.3856479387764232,0.20274996745834606,58.77684615305866,51.47843026998396,45.46057217050392,44.062499809265134,42.664427448026345,1.4468106812684065,交叉混雜,34.0
3308,2026-08-26,20.95999984741211,20.410000038146972,19.98499994277954,20.75749994913737,443152.8,68.88067902669839,53.449757106726054,0.26179590198829317,-0.09565656751371937,0.35745246950201254,86.65890953496317,74.55912344834128,21.90418292292654,19.98499994277954,18.065816962632542,15.086315065563758,交叉混雜,77.0
3310,2026-08-26,68.42000122070313,68.68000030517578,68.29999961853028,67.74333330790202,10226.2,38.02243917990168,34.12685384222797,0.25275542315765165,0.29581225880549367,-0.04305683564784202,52.89054437953275,52.712689543037946,70.68150726924029,68.29999961853028,65.91849196782027,0.7320694524453245,交叉混雜,48.0
3311,2026-08-26,32.03000030517578,32.000000190734866,32.08250007629395,35.461666679382326,78470.6,49.91772333971588,36.27466676392446,-0.6424383063819974,-0.8303970700967267,0.1879587637147293,63.80845215146305,48.66865429659044,32.85456179917702,32.08250007629395,31.310438353410873,1.301332261242782,交叉混雜,35.0
3312,2026-08-26,51.4,52.53999977111816,49.83250007629395,54.50749994913737,564421.8,29.549174372270258,38.40852140202364,0.31301189225222004,0.024984372375806738,0.2880275198764133,54.82897969383588,53.03201318267552,57.83961964184947,49.83250007629395,41.82538051073843,3.9482248688192314,交叉混雜,74.0
3313,2026-08-26,10.450000190734864,10.350000095367431,10.320000076293946,11.18583337465922,114272.0,49.76230844776335,37.37682967753502,-0.17949529253023755,-0.2607053565357258,0.08121006400548825,65.9185688886024,51.261657467198226,10.588328344333274,10.320000076293946,10.051671808254618,2.7131812316452315,交叉混雜,16.0
3317,2026-08-26,65.5400001525879,66.97000007629394,67.04500026702881,79.23833357493082,513899.8,24.605955247604772,20.743394669215284,-3.21752588271238,-3.5958879288907344,0.37836204617835456,50.719809979014954,43.050454757293274,72.49698216129656,67.04500026702881,61.593018372761065,-0.21627077421493016,空排,76.0
3321,2026-08-26,18.14000015258789,18.2,18.502499961853026,20.599999968210856,97684.8,36.37628428350335,27.572361004789876,-0.4590707490452637,-0.526056505117622,0.06698575607235835,55.032674062588285,47.033682312083485,20.00389414206828,18.502499961853026,17.001105781637772,-0.2837411107786053,空排,58.0
3322,2026-08-26,11.19000015258789,11.280000019073487,11.242499923706054,12.918333355585734,178768.6,32.86176133493466,29.437822695676203,-0.32909245164249157,-0.3995576099582281,0.07046515831573652,52.42678271997848,44.34802773766134,11.71853066048189,11.242499923706054,10.766469186930218,0.5114544578075849,交叉混雜,12.0
3323,2026-08-26,29.739999771118164,30.24499969482422,30.032500076293946,32.54250014623006,173090.2,20.431711672400304,25.692951465178872,-0.45382943133762055,-0.4809440485077568,0.027114617170136246,47.37134964287521,46.09853969411545,33.051610486365355,30.032500076293946,27.013389666222537,-0.2747001186877993,交叉混雜,9.0
3324,2026-08-26,1021.4,1012.4,993.95,993.25,2197118.2,62.56083954496415,48.689891882294205,20.85082529451097,14.61208412252608,6.2387411719848895,70.62259768814101,62.330632051706736,1114.3519146551753,993.95,873.5480853448247,7.148246893706922,多排,72.0
3325,2026-08-26,11.260000038146973,11.344999980926513,11.6125,12.375833304723104,80448.0,22.74701994867034,21.29698436281943,-0.29607921469483856,-0.2836171233024027,-0.01246209139243587,32.535504912126555,35.08129604851891,12.23139117920629,11.6125,10.993608820793712,-3.121636167922503,空排,10.0
3332,2026-08-26,62.24000015258789,62.34000015258789,62.48500022888184,64.37666670481364,2234.4,49.86007999686599,43.96843106328831,-0.5444815823233782,-0.6212746346070488,0.07679305228367062,55.71585731346034,48.599110240115095,64.61179647848788,62.48500022888184,60.35820397927579,0.34408343325609553,空排,49.0
3338,2026-08-26,61.14000015258789,62.119999694824216,62.269999504089355,67.95833333333333,143812.6,26.29537374673491,24.442017715835213,-1.2530643375675865,-1.326844683202655,0.07378034563506852,51.1372414502987,46.32466006307163,67.24238580029063,62.269999504089355,57.29761320788808,-0.43359483899084383,空排,52.0
3339,2026-08-26,39.320001220703126,38.7450008392334,37.865000343322755,40.27000020345052,1431794.6,60.01224777165169,44.802708981453364,0.4870463447022928,-0.04077295008602186,0.5278192947883147,78.20891449050347,64.66772675360409,43.179538549074834,37.865000343322755,32.550462137570676,13.297243197949793,交叉混雜,79.0
3346,2026-08-26,20.40999984741211,20.38499984741211,20.257499980926514,22.82833334604899,192148.8,50.20707507982823,40.841179473061516,-0.35912222378539127,-0.516773827619801,0.15765160383440968,64.94100213182057,53.093923462448075,21.843051662564093,20.257499980926514,18.671948299288935,3.665309242367458,交叉混雜,56.0
3349,2026-08-26,23.780000305175783,23.360000228881837,23.052500247955322,21.4900000890096,130651.0,68.30370188477497,74.84062538409401,0.36505755720034827,0.3542536479711834,0.010803909229164854,40.28739305648837,48.85561402330678,24.296633803245943,23.052500247955322,21.808366692664702,-0.22774209908089627,多排,73.0
3354,2026-08-26,20.760000228881836,20.650000190734865,20.497500133514404,24.211666679382326,132049.2,53.74859097900121,43.80592864961143,-0.593084954975847,-0.9268418981566916,0.3337569431808446,79.5765106557586,59.80910280299119,21.822751328315896,20.497500133514404,19.17224893871291,8.305893978951017,交叉混雜,43.0
3356,2026-08-26,62.48000030517578,63.29000015258789,60.28999977111816,59.51499996185303,380322.4,35.956184704659805,50.37185602416465,1.2051684848926598,1.0504014974353149,0.15476698745734496,53.271029193378645,56.323336110937646,67.07074712763826,60.28999977111816,53.509252414598066,3.3338853434616746,交叉混雜,73.0
3357,2026-08-26,211.1,218.9,213.2,253.21666666666667,793188.6,16.744552784512372,24.363373915654517,-5.730740224548583,-6.744871372031811,1.0141311474832282,44.12240065602403,45.19684557096256,243.05649889581719,213.2,183.3435011041828,-0.7973733583489628,交叉混雜,75.0
3360,2026-08-26,15.530000114440918,15.829999923706055,15.96749987602234,17.41416670481364,296662.8,15.726173395571855,17.947536866143327,-0.5642738498328654,-0.5689202452310053,0.004646395398139824,44.850537695670894,42.74595098428713,17.153060121462204,15.96749987602234,14.781939630582473,-1.9884155939079815,空排,68.0
3362,2026-08-26,194.8,186.2,180.275,175.19166666666666,13753796.8,72.566380412405,60.82776474699125,7.355631406081386,4.5410871699456585,2.8145442361357276,78.67418673432508,68.28603677326892,202.16822173401295,180.275,158.38177826598707,16.488697822770764,多排,94.0
3363,2026-08-26,608.2,602.1,584.425,621.7333333333333,2864579.8,60.119447019467515,48.87959460472448,7.37725837471578,1.7022748898372075,5.674983484878572,63.155927998055105,57.258165223875025,687.524989790187,584.425,481.325010209813,9.68045514822262,交叉混雜,83.0
3372,2026-08-26,14.969999885559082,15.194999980926514,15.392500066757203,17.99764189720154,193498.2,17.16870920243234,19.72575069712639,-0.6442110452746039,-0.7075580339693005,0.06334698869469657,32.88066570523621,35.96840914194159,16.547933419082067,15.392500066757203,14.237066714432338,-3.199613097878557,空排,10.0
3373,2026-08-26,16.64000015258789,16.595000076293946,16.49000005722046,16.652499961853028,34897.4,42.83087212022493,43.61759595472543,-0.006658132338586142,-0.0231563980207775,0.016498265682191357,51.404459079184925,50.41677024327761,16.893406759432978,16.49000005722046,16.086593355007942,0.66707291611622,交叉混雜,39.0
3374,2026-08-26,312.0,310.8,309.375,307.35,14751778.8,48.47965215374579,37.33327537530212,-1.9884024133589264,-2.7816266395024303,0.7932242261435039,69.09568693016571,56.98619835759258,350.26364853412815,309.375,268.48635146587185,8.767676767676766,多排,93.0
3376,2026-08-26,188.1,188.8,184.8,194.84166666666667,1729362.2,56.83693666892911,52.29133592122462,0.11684755117877899,-0.9273087718071265,1.0441563229859054,65.17179001989581,57.127628252134286,200.4924386753306,184.8,169.10756132466943,4.707792207792201,交叉混雜,37.0
3379,2026-08-26,29.150000381469727,29.320000076293944,28.36500005722046,32.08916657765706,77661.0,32.885712519564294,36.91278350527739,-0.38177683948628527,-0.6519884215340074,0.2702115820477221,58.9262630466973,51.10434471922526,32.121552160596316,28.36500005722046,24.6084479538446,4.001409978811616,交叉混雜,2.0
3380,2026-08-26,27.409999465942384,27.519999504089355,27.86999969482422,31.5450000445048,702999.8,47.71953939561621,37.83237233717384,-0.9007257846175847,-1.05232761960412,0.15160183498653534,53.897002553145015,44.893563181573285,29.505590668661483,27.86999969482422,26.234408720986956,-0.251167773699949,空排,20.0
3388,2026-08-26,91.84000091552734,90.59000091552734,81.5400001525879,83.33000005086264,2994630.2,68.5248775935063,72.85793840326168,4.137237290168883,2.5229412953581907,1.6142959948106927,66.4574167692692,65.00088328468337,102.40300279028257,81.5400001525879,60.676997514893216,15.648764870360313,交叉混雜,79.0
3390,2026-08-26,21.6,21.755000114440918,22.197500228881836,25.185000133514404,129372.8,29.920589881845576,23.01554182312169,-0.8043379448787071,-0.897524971832339,0.0931870269536319,46.571429947014465,39.02937396402209,23.576850212116803,22.197500228881836,20.81815024564687,-1.790746650400249,空排,31.0
3402,2026-08-26,120.9,122.75,124.65,136.45,137656.2,21.506033393967606,19.19661574780978,-4.008097212447225,-4.131048062857759,0.12295085041053344,46.706936706339086,42.43924493727871,134.63999499499187,124.65,114.66000500500816,-1.724829522663462,空排,35.0
3406,2026-08-26,677.6,665.0,592.825,618.275,3438453.0,81.64777645394032,79.71296220604978,36.551971483408124,20.30632101570226,16.245650467705865,84.90229917261397,75.05073362790553,757.738781301498,592.825,427.9112186985021,24.657360941255842,交叉混雜,89.0
3413,2026-08-26,285.7,290.0,299.225,317.18333333333334,776262.8,17.329720555504075,14.156376770922435,-10.339105276510736,-9.357938467103445,-0.9811668094072914,31.919242696528116,36.80439253298348,325.857933708,299.225,272.592066292,-4.085554348734237,空排,34.0
3416,2026-08-26,176.9,179.3,180.075,177.28333333333333,155334.4,19.33233183696923,21.0430140348695,0.06483610282657537,1.01591813027207,-0.9510820274454945,52.45317385673619,50.64815786531571,197.2468098239977,180.075,162.90319017600228,-0.3193113980285929,交叉混雜,69.0
3419,2026-08-26,12.089999961853028,12.065000057220459,12.017500066757203,13.018333355585733,82681.8,52.69845282777187,55.13474308273473,-0.17134093204687062,-0.23156889708684603,0.060227965039975406,43.512421346487024,42.9700226004676,12.29522573178674,12.017500066757203,11.739774401727665,-0.1456215241105858,交叉混雜,23.0
3430,2026-08-26,116.1,116.6,112.41000022888184,125.90666669209799,409364.4,44.12414583527274,49.237871535522764,-1.210196528032057,-2.31028450876121,1.1000879807291528,55.16011579353149,51.11070116913297,127.41482641481348,112.41000022888184,97.40517404295021,4.0832664013631375,交叉混雜,88.0
3432,2026-08-26,14.780000114440918,14.944999980926514,15.41499991416931,17.127500025431313,20406.0,21.16633514030132,21.086113073363546,-0.6290867590837834,-0.6174503337159054,-0.011636425367878012,44.4855431674242,39.80439600220672,16.694843332569995,15.41499991416931,14.135156495768625,-3.6652580982517065,空排,20.0
3434,2026-08-26,30.25,30.5,30.364999866485597,30.34916664759318,39558.0,29.175200634980733,44.330089312496256,0.055139861609212915,0.16150774969182008,-0.10636788808260716,36.761787016211954,44.754618422316696,31.69683656240614,30.364999866485597,29.033163170565054,-1.8606969600176146,交叉混雜,34.0
3437,2026-08-26,17.809999847412108,17.554999923706056,17.42249994277954,19.571666590372722,620568.2,63.00705397840001,53.129969229750216,-0.2573371348189042,-0.4979077977126659,0.24057066289376172,73.50527627696955,58.174183059133426,18.760791816046286,17.42249994277954,16.084208069512798,6.47151268752495,交叉混雜,62.0
3438,2026-08-26,58.16000061035156,58.2,57.9875,63.4616668065389,56394.0,55.448807246677504,40.695662485282284,-0.46542322758259047,-0.9752175500291049,0.5097943224465145,75.09883567408309,60.75818929245063,64.3622757419321,57.9875,51.6127242580679,7.781849536538052,交叉混雜,74.0
3441,2026-08-26,111.16000061035156,98.67000045776368,91.66500053405761,79.00166670481364,26496719.2,89.218595682641,79.33024258172662,9.983040929785602,6.398137932750943,3.584902997034659,91.29352336100514,79.84364246540314,117.60227454257799,91.66500053405761,65.72772652553724,36.36611495306429,多排,98.0
3443,2026-08-26,5658.0,5597.5,4980.0,4605.833333333333,2207840.4,71.5305610165122,68.98758248059625,391.61597781563887,308.411706193133,83.20427162250587,74.0225568193961,69.0985627070816,6456.870802887324,4980.0,3503.1291971126752,22.991967871485944,多排,98.0
3444,2026-08-26,84.5,80.80999984741212,75.42000007629395,83.0150000890096,1100017.0,74.55543203926452,79.38952870501706,2.1213785386693473,0.02216842272233943,2.099210115947008,79.20435308133928,68.79411721490958,90.48164159047796,75.42000007629395,60.35835856210993,17.47546855541557,交叉混雜,79.0
3447,2026-08-26,27.350000381469727,27.225000190734864,27.282499980926513,33.08249994913737,45006.0,54.37598117824736,45.63708091938277,-1.0934615677886583,-1.4334320088134753,0.339970441024817,55.858125679895096,44.392280495641295,28.437022308435477,27.282499980926513,26.12797765341755,1.1637511253190929,交叉混雜,2.0
3450,2026-08-26,544.6,545.6,497.775,495.0833333333333,12745680.0,60.84146045381405,62.374268860943566,25.0095557739578,19.255655670091848,5.753900103865952,65.3929615404578,61.078308296806945,631.2892314511861,497.775,364.26076854881387,16.317613379538955,交叉混雜,94.0
3455,2026-08-26,238.9,240.75,213.275,219.66666666666666,1178660.6,51.086478165544655,61.65311036167145,10.47000938949455,6.820660950001649,3.6493484394929006,64.597000318006,62.16347679735981,278.4609485988875,213.275,148.0890514011125,14.171843863556438,交叉混雜,94.0
3465,2026-08-26,29.379999923706055,29.44499988555908,29.730000019073486,32.048094749450684,17400.0,19.09225903821085,24.42664169617221,-0.5675676352572623,-0.6460525604382886,0.07848492518102634,24.20076068992512,33.05155056137414,30.44037453407992,29.730000019073486,29.019625504067054,-1.614530840112812,空排,10.0
3466,2026-08-26,24.480000305175782,24.73500003814697,24.86000003814697,29.320833269755045,75187.6,26.064244896809022,23.963943392621623,-1.1907323093818576,-1.383207489901175,0.19247518051931745,41.571202762802756,34.41732458604933,25.871824749057026,24.86000003814697,23.848175327236916,-1.0458554154395918,空排,4.0
3467,2026-08-26,46.49000015258789,46.20999984741211,45.71749992370606,55.080833435058594,21091.6,79.13475600044369,73.92000790047344,-1.5123105772252572,-2.240406668405761,0.7280960911805039,72.84375991062662,53.5847796718968,47.818947251139726,45.71749992370606,43.61605259627239,5.43008879176732,交叉混雜,29.0
3479,2026-08-26,129.5,130.45,133.65,137.05833333333334,343498.0,34.1068183708222,25.86633675566695,-2.660707547337438,-2.0817509047577434,-0.5789566425796946,47.07157839665122,44.79481904830944,144.61453613390046,133.65,122.68546386609957,-1.9827908716797646,空排,75.0
3481,2026-08-26,46.24000015258789,47.81500015258789,47.839999961853025,54.49333324432373,144554747.0,24.82224528930452,29.501946794006194,-1.5996698558000588,-1.651312844443632,0.051642988643573196,44.432817023167814,43.63002525918952,52.958757601578455,47.839999961853025,42.721242322127594,-1.9648796754257114,空排,96.0
3483,2026-08-26,71.41999816894531,72.05999908447265,73.15499954223633,83.18999977111817,188716.0,24.607559065311232,22.11179324053264,-2.4468136355464196,-2.7894932983105862,0.3426796627641666,49.028706864402544,42.010068198650586,76.74766881354199,73.15499954223633,69.56233027093066,-1.305450891900783,空排,6.0
3484,2026-08-26,50.16000061035156,50.68999977111817,50.33000011444092,49.67166652679443,161292.6,21.89627660738222,28.054464515645137,0.2602961972695681,0.3669495034731532,-0.1066533062035851,47.77249103343909,50.648720102528735,53.77771378020531,50.33000011444092,46.88228644867653,-0.059608339583066966,交叉混雜,63.0
3485,2026-08-26,232.6,221.15,212.525,261.89166666666665,292939.6,71.89703988360682,63.03351972350119,-2.7248038738149205,-9.098298613580328,6.373494739765407,69.32101409254722,57.882240301993306,243.34105015845626,212.525,181.70894984154376,12.927890836372189,交叉混雜,94.0
3489,2026-08-26,22.54000015258789,23.83499984741211,24.314999961853026,22.67500006357829,384879.4,27.324832323140996,32.67391389432449,0.14020175864808593,0.5276444635276912,-0.3874427048796053,37.65598048041411,44.08584230487526,28.104472635960505,24.314999961853026,20.525527287745547,-7.053257590268985,交叉混雜,69.0
3490,2026-08-26,52.77000045776367,47.410000228881835,38.52500009536743,33.89250008265177,3691220.0,89.24034061607726,90.5852822867277,6.348980103498668,4.166640450596596,2.1823396529020727,82.61298368884465,82.22098251383062,59.115506647206544,38.52500009536743,17.93449354352832,46.658013913396545,多排,95.0
3491,2026-08-26,1285.0,1295.0,1238.85,1348.95,1173950.0,32.58816368754431,34.96985123706258,6.431777695014489,-2.288713921108359,8.720491616122848,56.44686917801009,53.30153122502069,1481.4363058572599,1238.85,996.26369414274,4.936029382088234,交叉混雜,92.0
3492,2026-08-26,20.079999923706055,20.50999984741211,21.242499923706056,22.131666628519692,72842.8,17.65595197976512,19.262488581072095,-0.622952906670097,-0.4832052971764742,-0.13974760949362275,25.074042380727647,29.119321497383638,23.123226304306385,21.242499923706056,19.361773543105727,-5.849122881810439,空排,15.0
3494,2026-08-26,7.0980000495910645,7.114000082015991,7.07400004863739,7.582666714986165,53190.8,45.035182864830006,46.60699246129206,-0.09190222803336212,-0.1229126277410214,0.031010399707659272,50.73605714584545,41.317509799089144,7.216666469453368,7.07400004863739,6.931333627821412,0.5089070487630086,交叉混雜,8.0
3498,2026-08-26,193.0,179.0,144.4900001525879,128.08000005086262,1203497.0,95.14527075220592,93.488819373346,22.35241911206026,15.431063929058134,6.921355183002127,82.39179523720308,78.72306166665071,223.20632982316937,144.4900001525879,65.77367048200642,41.53228582188308,多排,98.0
3499,2026-08-26,12.570000076293946,12.710000038146973,12.810000038146972,13.914999993642171,22726.8,37.28401461434805,41.143537297671635,-0.32975150017695576,-0.3411466767954596,0.011395176618503866,11.829689499854922,24.639487552292493,13.237477414337233,12.810000038146972,12.382522661956711,-2.810306228023332,空排,14.0
3501,2026-08-26,39.99000015258789,39.91500015258789,39.430000114440915,40.50000006357829,84017.0,56.46484204700985,58.288043445943,-0.016377523774934843,-0.1541045311038985,0.13772700732896365,60.272547572121375,54.13160207963442,40.91692599027433,39.430000114440915,37.9430742386075,1.5724045671320253,交叉混雜,22.0
3504,2026-08-26,80.35999908447266,78.71999969482422,76.1149995803833,76.31166636149088,2744099.2,69.08413071123925,61.64611558103765,2.405637312645837,1.4645242033387298,0.941113109307107,78.05666934874864,67.02874025352253,85.50777987296865,76.1149995803833,66.72221928779794,12.067271263234316,交叉混雜,84.0
3508,2026-08-26,23.030000305175783,21.45500030517578,19.082500171661376,18.283333396911623,814213.0,72.2782057768836,80.54261528220172,1.5136297108361667,1.0377990101721473,0.47583070066401945,58.06806691528393,62.90857156883261,24.951085301521125,19.082500171661376,13.213915041801627,15.026860031352088,多排,36.0
3511,2026-08-26,19.59000015258789,19.789999961853027,19.727499961853027,22.323333326975504,93666.4,31.704243721262035,25.866558532079765,-0.47278986281073543,-0.5834569446515727,0.11066708184083729,58.39751623334543,47.21178506072529,20.971633141945073,19.727499961853027,18.48336678176098,1.1278712534110988,交叉混雜,49.0
3512,2026-08-26,19.530000305175783,19.625000381469725,19.650000286102294,20.101666768391926,17604.0,36.37678001500262,57.31741966825578,-0.11653462751938548,-0.10460004577791412,-0.011934581741471356,14.708904046017707,32.65931354832965,19.9346976119206,19.650000286102294,19.365302960283987,-1.5267170496925961,空排,30.0
3515,2026-08-26,219.6,221.9,214.575,221.625,237746.0,34.34939813729184,41.17507399706655,2.373907506132042,1.6811836501309243,0.6927238560011177,54.613805646323016,54.71455322103261,237.78859628820123,214.575,191.36140371179874,2.7612722824187403,交叉混雜,25.0
3516,2026-08-26,25.970000076293946,25.660000228881835,25.762500190734862,25.989166704813638,41848.2,52.68219723418296,44.33468622289267,0.05362777584749878,-0.02784780493047343,0.0814755807779722,69.82733186255702,58.198556270623605,27.369679380033414,25.762500190734862,24.15532100143631,2.8626872539737818,交叉混雜,79.0
3518,2026-08-26,27.800000381469726,28.025000381469727,27.225,28.647499879201252,185276.2,33.37502502464005,36.85657438681025,-0.018998095786468383,-0.1236573332652965,0.10465923747882812,49.63352930123099,50.21733719803799,30.102956614917066,27.225,24.347043385082937,1.7447227288868747,交叉混雜,68.0
3520,2026-08-26,18.00999984741211,18.125,18.20249996185303,17.283333206176756,294557.8,31.489938151829886,32.26815728031258,0.20472848211596428,0.31324815657379784,-0.10851967445783356,39.75126090089043,48.42848479395926,18.701420218867337,18.20249996185303,17.70357970483872,-2.2112387069688366,交叉混雜,75.0
3521,2026-08-26,12.2,12.260000038146973,12.247499990463258,12.435833390553793,19003.4,22.96527298920394,24.465877321958693,-0.06974133262122528,-0.07329263706091961,0.0035513044396943277,42.74422371105056,45.276898693414765,12.505987353780478,12.247499990463258,11.989012627146037,-1.2043242221545971,交叉混雜,41.0
3522,2026-08-26,11.570000076293946,11.639999866485596,11.767499971389771,12.441666634877523,46243.2,24.148006464606908,33.03679241296958,-0.2679138352911288,-0.27359578693133935,0.00568195164021057,29.651920739377644,36.828208414662306,12.247932982344324,11.767499971389771,11.287066960435219,-2.6981105833572987,空排,19.0
3523,2026-08-26,14.95,14.999999904632569,15.344999933242798,16.423333247502644,9248.0,37.95454697860162,40.1389455579336,-0.2562055112622055,-0.23907798828792687,-0.01712752297427861,43.638836554169956,45.524030414902995,16.279091208086168,15.344999933242798,14.410908658399428,-2.899969479625046,空排,35.0
3526,2026-08-26,280.3,282.9,288.85,310.425,207563.4,24.783190403422786,20.271343079054834,-7.488748558496127,-7.485262969343867,-0.003485589152259827,34.287681375597145,37.42371801542769,306.7799807731729,288.85,270.92001922682715,-3.236974208066478,空排,40.0
3527,2026-08-26,50.94000091552734,51.19000091552734,51.24250030517578,58.0825003306071,46674.6,33.52847636313706,31.34193164060629,-1.4922656202113274,-1.8308160388613508,0.33855041865002344,52.976912405435804,44.08891627005016,52.88831695380276,51.24250030517578,49.596683656548805,0.3073644333612201,空排,24.0
3528,2026-08-26,83.76000061035157,85.69000015258788,86.61000022888183,97.80833358764649,113798.0,17.605836913115215,20.98017413351017,-1.9347374437986957,-1.8551780833214542,-0.07955936047724155,34.283862651752955,39.78263775139098,93.49121769119523,86.61000022888183,79.72878276656843,-3.128967435447738,空排,43.0
3529,2026-08-26,2234.0,2351.5,2470.75,2720.3333333333335,713417.0,21.55226768957675,17.307036279881167,-100.87791290945052,-84.91655187022647,-15.961361039224045,56.6067186962698,48.542189292986386,2895.1291130333266,2470.75,2046.3708869666734,-2.458767580694121,空排,40.0
3530,2026-08-26,57.64000015258789,56.75999984741211,55.51999988555908,61.37666625976563,236589.8,65.37231499839031,56.92933562584532,-0.21711972583401007,-1.1850658902627238,0.9679461644287137,87.91065506899369,69.37741869419061,60.18096987423847,55.51999988555908,50.85902989687969,11.49135744501196,交叉混雜,49.0
3532,2026-08-26,363.8,361.5,327.225,363.69166666666666,10039387.0,70.05566321472052,69.39932358247555,2.715089041325598,-5.65691825253431,8.372007293859909,69.72501703126153,58.11937343322844,405.7404862364561,327.225,248.70951376354395,16.73924669569867,交叉混雜,98.0
3533,2026-08-26,1608.0,1651.5,1793.5,2011.9166666666667,1180247.6,21.119201798203235,17.448505659825486,-108.12090304574485,-93.36332779864705,-14.757575247097805,29.909863642523973,33.59430248882262,2129.233290135582,1793.5,1457.7667098644176,-9.673822135489267,空排,42.0
3535,2026-08-26,87.08000030517579,88.81000061035157,86.43499984741212,102.90999984741211,364073.2,36.749022243538136,37.86641748500611,-2.0471549229307584,-2.8870038895218384,0.83984896659108,59.38286628689997,50.78225818393665,97.51903902672353,86.43499984741212,75.3509606681007,3.661709530047207,交叉混雜,60.0
3537,2026-08-26,54.95999984741211,55.54999961853027,53.68499984741211,65.14083340962728,351046.0,39.26466731360556,42.17178066511177,-1.1790830228227591,-1.8596096855536637,0.6805266627309046,54.49203927113122,49.523736850945,59.95515367164166,53.68499984741211,47.414846023182555,3.567101857412595,交叉混雜,60.0
3540,2026-08-26,23.889999771118163,22.2,21.26500005722046,23.161133162180583,2118489.0,80.11376604510104,71.88755013341219,0.48429247846347323,-0.1378419234009851,0.6221344018644583,73.98378001203734,68.19316322879732,24.714195044487198,21.26500005722046,17.81580506995372,14.037149940030192,交叉混雜,16.0
3541,2026-08-26,21.84000015258789,21.910000038146972,21.435000038146974,21.75666675567627,15221.6,25.492234724903494,42.78160815680667,0.07988809057511759,0.04003937519029685,0.03984871538482074,40.40098755882373,48.450370746738756,22.68404163657898,21.435000038146974,20.18595843971497,0.7697706696016248,交叉混雜,25.0
3543,2026-08-26,42.95,42.404999542236325,38.67249946594238,33.349166584014895,3642753.2,75.20356363752299,75.99738082900943,3.1478462886525307,2.818431001109105,0.32941528754342553,72.48095142638215,71.97941152884246,47.63807576747928,38.67249946594238,29.70692316440548,16.62033511394629,多排,71.0
3545,2026-08-26,50.05999984741211,49.69000015258789,49.71750011444092,52.88250001271566,425959.2,64.18050429807535,56.929996559093475,-0.4267387431411649,-0.7073511370484491,0.2806123939072842,59.96685412665491,51.82646814036874,52.55136957330929,49.71750011444092,46.883630655572546,1.5738922587779085,交叉混雜,24.0
3546,2026-08-26,71.84000091552734,72.23000030517578,73.33000030517579,75.54698422749837,88235.8,36.379625843015134,32.33774175357385,-0.7766690937608587,-0.6395582130189873,-0.1371108807418714,42.85646949124059,42.67316729675756,76.18295789244806,73.33000030517579,70.47704271790352,-1.8137192140198488,空排,45.0
3548,2026-08-26,77.36000061035156,76.34000015258789,75.30000038146973,81.53833363850912,157174.2,73.18006331806967,57.983357427268054,-0.10890037564904276,-1.0287000855039385,0.9197997098548958,78.73332591908131,63.010833815064,81.590177132825,75.30000038146973,69.00982363011445,7.3041203750665,交叉混雜,19.0
3550,2026-08-26,23.2,23.220000076293946,22.667499923706053,26.160833485921223,1040221.0,50.92665212836238,42.610725904873846,-0.26485242659806474,-0.5340965413065634,0.2692441147084986,68.58068688515316,54.952386099797664,25.5922175987337,22.667499923706053,19.742782248678406,5.657883946399131,交叉混雜,86.0
3551,2026-08-26,174.8,174.95,174.625,189.74166666666667,167403.0,45.84438691106084,42.218829561661344,-3.4519809960984276,-4.334363960758577,0.8823829646601498,51.36878497547028,46.189235844162724,185.0520649854365,174.625,164.1979350145635,0.5010737294201861,交叉混雜,38.0
3552,2026-08-26,45.29000015258789,45.22000007629394,45.099999809265135,47.31833318074544,65233.8,33.84053143342042,43.46362211833845,-0.4052731490029373,-0.5197226380020985,0.11444948899916119,36.34231084989338,42.24668918815154,46.248912457423714,45.099999809265135,43.95108716110656,-1.2195134690257778,交叉混雜,6.0
3555,2026-08-26,165.0,164.6,159.0,173.4,54508.2,52.0085734483433,44.81944955524422,0.9879633365894733,-0.8462425223923251,1.8342058589817984,68.83020183430769,60.45903748219548,178.65491769185775,159.0,139.34508230814225,10.062893081761008,交叉混雜,93.0
3556,2026-08-26,62.599999237060544,62.90999984741211,62.3149995803833,67.153333346049,403819.0,29.84932338011701,35.90593353922684,-0.5911625232067337,-0.713816417628405,0.1226538944216713,43.43891851362407,45.679266290432125,67.30310181054192,62.3149995803833,57.326897350224684,-0.34502304053595656,交叉混雜,83.0
3557,2026-08-26,24.41999969482422,24.489999961853027,25.13999996185303,25.622499974568687,18099.6,11.543439003941824,10.06367631188915,-0.41762977602752827,-0.3513475309016997,-0.06628224512582859,43.528540476035964,41.54914730384347,26.918704578407603,25.13999996185303,23.361295345298455,-2.3468604840403264,空排,11.0
3558,2026-08-26,127.0,127.45,126.525,131.48333333333332,86265.6,45.78704040046843,38.331118466587505,-0.6120092398163735,-0.918389064067318,0.30637982425094457,61.35379338320897,54.29872957578637,135.17902249032534,126.525,117.87097750967469,2.7464927879865595,交叉混雜,25.0
3563,2026-08-26,671.4,681.0,668.15,694.45,235146.2,35.96464239579261,34.223222307010005,-1.4701994742946454,-2.5976653022553355,1.1274658279606902,56.34734336237665,52.393297732084584,739.1170790986181,668.15,597.1829209013819,2.5218887974257314,交叉混雜,76.0
3564,2026-08-26,45.34000015258789,45.97999992370605,45.49499988555908,47.495833206176755,51869.8,18.347018234389168,24.079043530488946,-0.443748582395429,-0.37124123403751,-0.072507348357919,37.70376588544276,44.60271410399387,49.53048670158742,45.49499988555908,41.45951306953074,-1.197931913376312,交叉混雜,29.0
3567,2026-08-26,25.20999984741211,25.364999961853027,25.67750005722046,27.54916655222575,17256.0,26.31040201102821,25.316984193279083,-0.602139384921486,-0.6412823281681629,0.03914294324667689,40.89923334258092,37.84046716149996,26.625337253158566,25.67750005722046,24.729662861282353,-1.6648819249062665,空排,32.0
3570,2026-08-26,162.8,163.05,163.425,169.25,10409.0,27.94776628773981,33.7523603104253,-0.9493408089807645,-1.036463378991617,0.08712257001085244,34.89599871645625,41.29526029347364,165.55930624742726,163.425,161.29069375257276,-0.871959614502072,空排,26.0
3576,2026-08-26,17.120000076293945,17.289999961853027,17.122499847412108,17.469166580835978,5821058.4,34.06464920285132,35.47739575996723,-0.06807268525889398,-0.058435522365247655,-0.009637162893646328,50.285975813990326,49.34654791777479,18.294306927407032,17.122499847412108,15.950692767417184,0.4526261715169976,交叉混雜,90.0
3577,2026-08-26,114.3,119.55,124.925,128.70833333333334,248468.6,14.774781293448026,14.521233795051405,-4.6760581832367905,-2.940413630042803,-1.7356445531939872,31.6013823934629,38.744002141602714,143.97141145921285,124.925,105.87858854078715,-7.544526716029616,空排,81.0
3580,2026-08-26,78.03999938964844,79.70999908447266,77.83999938964844,88.06500002543132,133454.2,26.941633446961433,31.26154022219639,-1.517473518470993,-2.0002925986873015,0.48281908021630837,54.82405126473613,49.544445366637,86.19310066384284,77.83999938964844,69.48689811545404,2.3895138401569658,交叉混雜,65.0
3581,2026-08-26,105.1,109.55,109.84000015258789,129.96666666666667,265463.0,21.63938575926548,21.950310132570177,-4.861725188237145,-5.430830446264096,0.5691052580269513,55.066725608998986,48.37548594560365,126.62412741169834,109.84000015258789,93.05587289347744,0.6008738587902847,空排,90.0
3583,2026-08-26,707.0,710.2,699.0,775.55,610908.0,49.471813459997115,40.44427731307867,-10.955602387858676,-16.548501806335025,5.59289941847635,64.72833233497474,54.274358983846156,764.4217089351878,699.0,633.5782910648122,5.436337625178827,交叉混雜,91.0
3587,2026-08-26,248.8,248.2,246.9,270.7583333333333,381742.8,62.32363385066613,47.40445934535762,-3.134794727733521,-5.319189582408804,2.1843948546752827,65.48269554541595,54.44865280301451,279.29655602228456,246.9,214.50344397771545,4.495747266099634,交叉混雜,68.0
3588,2026-08-26,52.31999969482422,53.070000076293944,52.99500007629395,58.83083362579346,122745.4,22.069702071935392,19.40720196989693,-1.3225036974195206,-1.56396407219694,0.24146037477741933,58.84361259032354,49.018300337579824,57.86401128639804,52.99500007629395,48.12598886618986,1.519009641678812,交叉混雜,55.0
3591,2026-08-26,21.329999923706055,20.975,20.88000020980835,22.926666704813638,545827.0,69.39535552562853,54.53926955037261,-0.2068347598186513,-0.48912725416052866,0.28229249434187736,78.35421242942526,60.057566609471905,22.856547302936214,20.88000020980835,18.903453116680488,7.040230636448198,交叉混雜,63.0
3592,2026-08-26,224.9,226.7,232.1,251.925,170807.8,35.51548232736755,29.71847324482067,-5.9105581125001265,-6.056592364170104,0.14603425166997752,47.432789874147694,41.629256321816314,249.26360899356928,232.1,214.9363910064307,-1.9819043515725956,空排,23.0
3593,2026-08-26,11.020000076293945,11.190000057220459,11.902500009536743,14.365833441416422,8536.6,27.13218209874319,27.81759081415852,-0.9144457682188545,-0.9200576160656211,0.005611847846766604,22.136449616338496,24.677737080404768,13.479464042224503,11.902500009536743,10.325535976848983,-9.262758394610495,空排,10.0
3594,2026-08-26,50.98000030517578,51.589999771118165,53.25,51.312500127156575,500353.8,22.89975115551779,22.634317668574663,-0.5025422148873346,0.05518201935434415,-0.5577242342416788,40.394055226347255,45.1954741823087,60.49852104374712,53.25,46.00147895625288,-4.225352112676056,交叉混雜,74.0
3596,2026-08-26,160.5,161.95,169.15,181.70833333333334,1002113.2,10.961701135910989,10.057381189637443,-6.325524490191583,-5.758408233309178,-0.5671162568824046,24.934874835981717,31.8699167970355,186.92668490793076,169.15,151.37331509206925,-5.704995566065625,空排,14.0
3597,2026-08-26,26.6,26.66500015258789,26.56750020980835,26.730000082651774,20620.4,28.394131795643858,36.45839733068239,0.002924855767524548,0.0394455811033133,-0.036520725335788755,34.13804502624613,43.75585378927531,27.542597898025214,26.56750020980835,25.592402521591488,-1.3832669388037577,交叉混雜,37.0
3605,2026-08-26,112.8,119.9,109.50499992370605,90.98500010172526,9766701.8,29.94677666639599,40.03607773665708,6.949937086952787,8.14108805115211,-1.1911509641993234,47.51455364576768,55.19665163117641,141.33146860219745,109.50499992370605,77.67853124521467,3.648235312613425,交叉混雜,90.0
3607,2026-08-26,14.060000038146972,14.069999980926514,14.087500047683715,15.409166685740153,130402.4,47.45024773590288,37.74628234993601,-0.24434631214665004,-0.31574555904067514,0.0713992468940251,64.03588603618064,48.79818408421755,14.488649927778496,14.087500047683715,13.686350167588934,1.1535045378260946,空排,52.0
3609,2026-08-26,20.979999923706053,22.81999988555908,23.870000076293945,26.039999993642173,211703.0,5.622662576927405,15.20637995815549,-1.4492810208156648,-0.94832949888713,-0.5009515219285348,13.605699650122489,24.37962551404638,27.821468876112267,23.870000076293945,19.918531276475623,-18.30749921376804,空排,2.0
3611,2026-08-26,186.5,187.25,186.8,191.45,29663.2,17.601566447950525,30.761361579245637,-0.9606330477189999,-1.0121931263049746,0.05156007858597467,34.47831198520649,41.27719663167488,191.1576913250252,186.8,182.4423086749748,-0.695931477516066,交叉混雜,42.0
3615,2026-08-26,36.94000015258789,37.010000228881836,35.92250032424927,44.47666699091594,353881.0,49.56662046883683,43.77557358310865,-1.0030113050773792,-1.6509743043853675,0.6479629993079883,70.35277715699802,55.21968404523321,39.56962997292593,35.92250032424927,32.27537067557261,8.0102968524962,交叉混雜,80.0
3617,2026-08-26,253.5,252.8,238.7,223.88333333333333,743844.8,54.82579882677152,68.63246331437361,9.587356752871187,9.020097710083112,0.5672590427880753,50.91502063549342,58.244894206623236,272.56567894677886,238.7,204.83432105322112,4.315039798910772,多排,75.0
3622,2026-08-26,51.85999984741211,51.464999771118165,52.6375,54.73083318074544,668386.8,61.00292189658616,46.16612633064189,-0.6274477187431344,-0.8342157358700145,0.2067680171268801,63.356671714383054,54.02655032823501,57.074530577266955,52.6375,48.20046942273305,1.6385656613630912,交叉混雜,27.0
3623,2026-08-26,21.7,21.649999809265136,21.039999866485594,22.47416655222575,21439.0,65.81260735896008,64.02922377737829,-0.009163134110472981,-0.16152149827144732,0.15235836416097434,62.70108518258876,54.33336825488838,22.796072019395936,21.039999866485594,19.283927713575252,3.1368864098956943,交叉混雜,35.0
3624,2026-08-26,88.38000030517578,88.85,80.97000007629394,109.14500001271566,5030498.0,49.18285021069374,49.32022810449527,-1.9621707999850173,-4.562721937737549,2.6005511377525314,68.81450537243848,56.46057324931883,102.7015763676426,80.97000007629394,59.23842378494528,16.33938107877274,交叉混雜,90.0
3625,2026-08-26,11.830000114440917,13.380000019073487,14.969999980926513,16.037499984105427,1158502.6,17.753853537972958,15.52498019046499,-1.2824512609299035,-0.8723201805448371,-0.4101310803850664,36.53703734280237,34.99969218085445,19.35890916950065,14.969999980926513,10.581090792352375,-16.499665892275047,空排,5.0
3628,2026-08-26,67.31999969482422,68.63000030517578,66.66000118255616,69.89833393096924,44243.2,36.62339600191371,47.41747544348227,-0.1213926884309302,-0.2800329727794716,0.15864028434854138,49.652681818539925,49.742795425803585,71.82155821395385,66.66000118255616,61.498444151158466,1.4101369260265146,交叉混雜,61.0
3629,2026-08-26,14.520000076293945,14.310000038146972,13.95750002861023,14.624999984105427,4894.8,68.35201282284385,54.488073148418025,0.17875440075147608,-0.06894128059316842,0.2476956813446445,74.44278342275732,65.55179198492917,15.654021249487293,13.95750002861023,12.260978807733167,17.14132436292548,交叉混雜,12.0
3630,2026-08-26,25.610000228881837,25.510000228881836,25.817500114440918,27.916666762034097,544829.0,37.265403646971016,25.541089392134545,-0.3731316503906328,-0.4993197863471131,0.12618813595648032,69.23946937066901,54.2490760146261,26.747284771935533,25.817500114440918,24.887715456946303,2.0625554940191777,交叉混雜,42.0
3631,2026-08-26,39.64000015258789,39.22000007629394,35.857500076293945,34.22749999364217,220244.4,57.052728176649794,64.6068565521853,1.9123282277411846,1.484700832574389,0.4276273951667957,68.0067590049222,70.33221880608369,43.45232358789877,35.857500076293945,28.262676564689123,11.273796112343964,多排,85.0
3632,2026-08-26,7.18199987411499,7.252999973297119,7.637999963760376,7.979666678110759,4358.4,2.841652029011828,4.487780516316868,-0.260834524440674,-0.21870374333347956,-0.042130781107194454,19.883347676846824,32.275724984977245,8.553885490183196,7.637999963760376,6.722114437337556,-6.520032726336944,空排,6.0
3645,2026-08-26,65.38000030517578,66.7599998474121,67.42999992370605,79.20333321889241,742057.4,25.19585326705667,23.650317675105512,-2.641515328369465,-3.01947340655008,0.3779580781806149,51.37253247300033,44.6681988863531,72.88993974261895,67.42999992370605,61.97006010479314,-0.9342976014549148,空排,28.0
3646,2026-08-26,23.570000076293944,23.350000190734864,23.310000133514404,23.38750015894572,29018.4,42.356345217163856,43.477844289862304,0.040290143794159405,0.011844490702082277,0.02844565309207713,45.70517768118118,48.84854191241896,23.795148171350395,23.310000133514404,22.824852095678413,-0.04290388844519022,交叉混雜,28.0
3652,2026-08-26,33.66000061035156,35.16500015258789,33.96000022888184,34.56833346684774,102846.2,18.148042238880134,27.9670236748575,0.2277060378037561,0.46718238467485385,-0.23947634687109776,41.59232807276624,47.643565314015135,40.011585520738905,33.96000022888184,27.90841493702477,-0.9128348083439912,交叉混雜,65.0
3653,2026-08-26,5416.0,5252.0,4642.75,3892.5,1534471.2,85.14806198777717,84.85760479385556,493.11747978777476,424.0046509332678,69.11282885450697,73.12677083577843,71.07869478394242,6109.9437948270315,4642.75,3175.556205172968,23.310537935490817,多排,96.0
3661,2026-08-26,3809.0,3885.0,3706.5,3914.1666666666665,1415470.4,30.77082921171567,31.424991469663176,39.252445148259085,14.317734046148853,24.93471110211023,64.8748686012679,57.83398516443877,4433.201994956446,3706.5,2979.7980050435544,7.783623364359908,交叉混雜,56.0
3663,2026-08-26,61.4,62.27999992370606,61.92000026702881,70.73166694641114,222384.8,26.265497771855863,21.291622270163344,-2.007717128335898,-2.393742621967011,0.38602549363111294,54.99873929623435,46.870880811758894,67.52661292596129,61.92000026702881,56.313387608096335,1.2596907179375072,交叉混雜,49.0
3664,2026-08-26,5.496000003814697,5.78600001335144,6.097499990463257,6.688166642189026,14615.6,9.196504037808836,16.59471771356402,-0.31023704699083865,-0.2483533712695613,-0.06188367572127734,31.885750194784578,38.665710654849704,7.203405207430156,6.097499990463257,4.991594773496359,-11.767115656327,空排,1.0
3665,2026-08-26,2130.0,2163.0,2175.25,2082.1666666666665,2964683.4,26.497616581314123,35.30557263759147,4.173696531444875,31.01243189364257,-26.838735362197696,30.947890542827793,41.40127076926738,2404.676630859129,2175.25,1945.8233691408711,-8.056545224686818,交叉混雜,83.0
3666,2026-08-26,25.15999984741211,25.13499984741211,25.107499885559083,25.333333269755045,16205.8,76.66711379667888,74.77081528371319,-0.009814092382775641,-0.03429191646115308,0.02447782407837744,53.634907865304136,51.50121315939209,25.234302893331837,25.107499885559083,24.98069687778633,0.16927106707121797,交叉混雜,26.0
3669,2026-08-26,37.21999969482422,37.6,38.18999977111817,36.81833318074544,230406.6,24.579467784636826,29.357480044550787,-0.10189655880914472,0.23658413574316656,-0.3384806945523113,36.59183515739419,43.41119243044348,40.22743918597757,38.18999977111817,36.15256035625876,-4.42524163720016,交叉混雜,63.0
3672,2026-08-26,12.370000076293945,12.525000095367432,12.62000002861023,12.591666730244954,9462.2,35.49426340713937,34.615870999248074,-0.115194378870342,-0.07773675638929861,-0.037457622481043396,46.24967591028328,46.37437299984929,13.059377417918059,12.62000002861023,12.1806226393024,-1.3470698808216588,交叉混雜,58.0
3673,2026-08-26,65.09999923706054,63.199999237060545,61.40499973297119,71.50666669209798,8268266.0,76.01003610578262,67.01606257868269,-0.45064760589527,-1.6774656157220933,1.2268180098268233,72.00344765054032,59.67087014351595,69.09161809249929,61.40499973297119,53.718381373443094,10.740168220353638,交叉混雜,83.0
3675,2026-08-26,268.7,273.35,263.3,315.075,636694.2,36.603035781670584,35.88926400794074,-5.356906921986138,-9.188727582568584,3.831820660582446,61.3765172261022,52.9852605617517,308.6586874404028,263.3,217.9413125595972,6.912267375617162,交叉混雜,87.0
3679,2026-08-26,109.7,109.65,109.55,111.73333333333333,21811.0,43.98831962739531,46.798404036894794,-0.24633446037381646,-0.37830245417710745,0.131967993803291,57.770994351779336,51.249884216114154,110.62115284672112,109.55,108.47884715327888,0.4107713372889118,交叉混雜,36.0
3680,2026-08-26,469.4,468.8,449.425,484.125,775793.0,50.787388924192406,51.234602757063826,1.039821805659642,-3.7526370169993224,4.792458822658965,67.8367852245157,57.65498644196566,504.73206150783665,449.425,394.1179384921634,7.359403682483171,交叉混雜,76.0
3684,2026-08-26,53.78000030517578,53.9,52.285000228881835,54.01000010172526,35625.2,80.84034447195923,82.21655683660816,0.5365981656531673,0.2997994819385502,0.2367986837146171,68.7498485200972,61.55666363742406,56.76279317276766,52.285000228881835,47.80720728499601,3.0888424785832886,交叉混雜,45.0
3685,2026-08-26,36.43000106811523,36.73500022888184,36.89000015258789,33.738333288828535,301294.4,43.29904303665611,40.02617690639103,0.40201730365109967,0.6678803373572212,-0.2658630337061215,48.8479133540202,50.43095915558813,39.577318871014896,36.89000015258789,34.20268143416088,-0.6505790884149543,交叉混雜,89.0
3686,2026-08-26,14.430000114440919,14.434999942779541,14.527499961853028,15.89500002861023,47815.6,40.14716891211705,29.27619167109954,-0.3316282160666528,-0.3948891141215816,0.0632608980549288,50.702968940676,43.851841503352894,15.069887442541562,14.527499961853028,13.985112481164494,-0.18929590036302674,空排,13.0
3687,2026-08-26,63.0,64.12999954223633,64.84499950408936,71.86166693369547,48826.8,20.20809600355691,19.765772135891265,-2.1012523193284807,-2.1050709106499412,0.0038185913214605627,39.20849783511011,36.24478845929656,67.51054931038051,64.84499950408936,62.1794496977982,-2.5368166454317973,空排,20.0
3689,2026-08-26,107.0,107.9,107.05,114.56333338419596,469271.6,35.061922478609304,34.27528916734733,-1.2058024127312024,-1.5586933731802026,0.35289096044900026,56.34683278054543,50.07547502047056,114.47612741750547,107.05,99.62387258249453,1.3545072396076627,交叉混雜,32.0
3691,2026-08-26,99.46000061035156,103.73000030517578,107.875,131.61666666666667,243756.8,10.240400271397087,14.665074369346529,-6.905329288169,-6.65248518601548,-0.25284410215351993,30.380937929172404,33.158216968565924,123.98918144116355,107.875,91.76081855883645,-7.76361529548088,空排,51.0
3693,2026-08-26,534.8,531.8,510.05,504.40833333333336,686433.0,61.897313887664836,53.61354010167712,12.977255311154863,8.262722321222132,4.7145329899327315,71.68245589024914,61.86055341739686,583.0755182507411,510.05,437.024481749259,9.204979903930985,多排,86.0
3694,2026-08-26,50.880000305175784,51.64000015258789,53.00499992370605,59.25166664123535,459754.8,21.3523380190017,16.242508056233575,-2.3300335649372386,-2.3515739690067416,0.021540404069503083,46.27136884424897,41.2042292902172,57.656416764218946,53.00499992370605,48.35358308319316,-2.6506960694411448,空排,7.0
3701,2026-08-26,40.630000305175784,40.40499992370606,40.08500003814697,43.29666659037272,456218.2,63.325484915655345,49.344419980861986,-0.2371890553074394,-0.5199083376352491,0.28271928232780974,62.92562737603124,54.86831969692103,44.946243507693474,40.08500003814697,35.22375656860047,4.028940309980197,交叉混雜,41.0
3702,2026-08-26,109.0,110.75,115.7,112.33333333333333,9804593.4,27.170696178582446,27.318389253611734,-1.5696558616028113,-0.2751103525764099,-1.2945455090264013,38.540037341613036,43.239992982839574,132.18092996865082,115.7,99.21907003134918,-6.222990492653416,交叉混雜,83.0
3703,2026-08-26,19.779999923706054,19.75,20.05250005722046,20.755000019073485,1623214.8,50.75008365856925,42.27073720570029,-0.25933445294474566,-0.2530158196394482,-0.006318633305297472,39.66807082205177,37.448831678858774,20.775414712799535,20.05250005722046,19.329585401641385,-1.7578820260572916,交叉混雜,32.0
3704,2026-08-26,41.900000762939456,42.13499984741211,43.71000003814697,45.62999986012777,1377254.8,26.11977086548555,22.499011945852793,-1.0382233305414346,-0.8283267313772509,-0.20989659916418368,46.881621568340805,45.647307146757555,49.334719802560315,43.71000003814697,38.08528027373363,-3.340196835673275,空排,74.0
3705,2026-08-26,55.65999984741211,55.04000015258789,54.310000038146974,54.95833320617676,164900.6,83.50597461802397,85.16499586126221,0.32809410221079816,0.09894543465256875,0.2291486675582294,69.84348981316347,63.11406893243685,56.134857717273285,54.310000038146974,52.485142359020664,2.191124951237669,交叉混雜,51.0
3706,2026-08-26,91.01999969482422,91.28999862670898,90.84999961853028,89.56000022888183,5646330.8,43.00026094526231,42.37675017501918,0.48090378047182014,0.5617189902557476,-0.08081520978392742,53.62777112984852,52.88390454144175,95.01021240693946,90.84999961853028,86.6897868301211,0.7154654751777743,交叉混雜,68.0
3707,2026-08-26,62.47999954223633,63.30999946594238,61.13749961853027,72.00083332061767,3012016.6,37.59242047145193,34.773416298551126,-1.4128359479299917,-2.1791722284906427,0.7663362805606511,61.120783503828385,51.42024360822516,69.57132037525062,61.13749961853027,52.70367886180992,5.009196236058858,交叉混雜,68.0
3708,2026-08-26,102.8,102.65,99.56500015258788,105.86000010172526,315973.8,57.42419857701304,62.15212158105935,0.3567783971587062,-0.26070323002948304,0.6174816271881892,53.67171283292454,52.835814795923824,109.32383316600689,99.56500015258788,89.80616713916888,2.9478228724090743,交叉混雜,17.0
3709,2026-08-26,67.87999877929687,68.86999893188477,71.71999931335449,74.43666623433431,314553.0,17.854999165908055,15.581201504852986,-1.9166834316901031,-1.5294129274973591,-0.387270504192744,35.84912842381266,38.80904652412138,80.60087229992519,71.71999931335449,62.8391263267838,-4.907978804814167,空排,68.0
3710,2026-08-26,5.210000038146973,5.210000038146973,5.13650004863739,5.672000002861023,148894.4,51.128333028049084,60.179098431687564,-0.08905131888826201,-0.12328522796586051,0.034233909077598504,39.38505151250474,41.75379458373843,5.3210934458489145,5.13650004863739,4.951906651425865,0.26282578803095646,交叉混雜,5.0
3711,2026-08-26,590.4,599.6,595.2,615.8833333333333,11809172.4,36.14847675067293,40.56765766993578,-5.412386304727761,-4.847941914774074,-0.5644443899536871,43.548652422913484,46.62059420381167,651.7223756344908,595.2,538.6776243655092,-0.5376344086021582,交叉混雜,95.0
3712,2026-08-26,20.689999771118163,21.11000003814697,20.487499904632568,18.7,1944755.2,19.060198183220304,26.39159510994579,0.6635273896256564,0.8105742193304392,-0.14704682970478278,50.25654233947047,56.3867334193466,23.741303365286416,20.487499904632568,17.23369644397872,1.5253170659311042,交叉混雜,25.0
3713,2026-08-26,14.720000076293946,14.735000133514404,14.712500047683715,14.944166739781698,12825.6,60.176733475306065,69.67580096060712,0.019295875644717242,0.022830099633772596,-0.0035342239890553545,33.878930211435375,44.258068781249115,15.141544271935667,14.712500047683715,14.283455823431764,-1.4443503619031108,交叉混雜,11.0
3714,2026-08-26,58.81999969482422,58.05,56.185000038146974,59.90666675567627,10023086.4,68.66042305786208,59.01922605290302,0.6680372754885369,-0.1311348313387944,0.7991721068273312,75.56438839458043,63.75505677928512,64.46828069384078,56.185000038146974,47.901719382453166,12.129571873677959,交叉混雜,86.0
3715,2026-08-26,109.5,111.35,110.96500015258789,140.13833338419596,2181667.8,35.29847608886462,28.86881855623482,-5.4712479294758225,-6.877178611753084,1.405930682277262,57.43888744884224,47.26578922452914,126.65237627077461,110.96500015258789,95.27762403440117,2.2845039822702953,交叉混雜,17.0
3716,2026-08-26,36.08000030517578,35.385000228881836,34.457500267028806,34.60916690826416,891252.0,57.22311665059935,61.048107783009684,0.5117319240157627,0.3120662767166448,0.19966564729911795,59.588146428568194,59.18269345145977,37.45579328219662,34.457500267028806,31.459207251860988,4.1863200977186965,交叉混雜,60.0
3717,2026-08-26,22.479999923706053,22.445000076293944,22.604999923706053,23.254166730244954,912042.2,44.00363129667502,31.43486550458817,-0.1781101566775014,-0.24211366125481437,0.06400350457731296,60.335140383512275,51.28562431285234,24.05664147492752,22.604999923706053,21.153358372484586,0.8626379739554707,交叉混雜,
4102,2026-08-26,19.14000015258789,19.060000038146974,19.055000019073486,19.230000019073486,15333.6,90.42056645808745,83.07800168561283,-0.0861285159128542,-0.11532863000682064,0.029200114093966445,56.547346223457396,48.73997437320469,19.286471839280736,19.055000019073486,18.823528198866235,0.498554706700058,交叉混雜,48.0
4104,2026-08-26,71.61999969482422,71.54000091552734,71.0400001525879,70.43166669209798,74583.2,65.47964730295534,74.44057265166951,0.29781009911135925,0.2795065299183135,0.018303569193045766,48.80063573289994,54.15580824298716,72.45778301022762,71.0400001525879,69.62221729494817,0.5067586887918923,多排,35.0
4105,2026-08-26,78.26000061035157,77.4,76.825,76.29166628519694,701583.8,57.438875801494206,55.20712306277596,0.4156248899925856,0.2636579492394097,0.1519669407531759,61.7171536739568,58.10916097490116,79.16087542273848,76.825,74.48912457726152,1.789777999664412,多排,55.0
4106,2026-08-26,24.55,24.619999885559082,24.40999984741211,24.120833301544188,63743.0,51.50453164919804,49.80636727617338,0.09765364898243334,0.12487582209112823,-0.02722217310869489,48.58925504147945,51.02952118378756,25.45659826571375,24.40999984741211,23.363401429110468,0.5735329394657079,交叉混雜,65.0
4107,2026-08-26,114.0,114.1,114.05,115.75833333333334,40705.4,47.22826189060192,45.30680445337851,-0.525515918983956,-0.5502483105503554,0.024732391566399392,35.47733494734189,42.611003365873486,116.0208400559955,114.05,112.07915994400449,-0.48224462954844116,交叉混雜,42.0
4108,2026-08-26,11.170000267028808,11.100000095367431,11.132499980926514,11.72583327293396,252615.0,53.67623369166654,48.440436858048685,-0.1350359884072727,-0.18347842056484215,0.04844243215756944,59.2269632956753,51.666702568100625,11.42857085792368,11.132499980926514,10.83642910392935,1.5046055252219144,交叉混雜,18.0
4109,2026-08-26,11.239999961853027,11.225,11.232499980926514,11.663333288828532,89213.0,50.08781019312434,50.339698896309514,-0.08894227732693061,-0.11143768167859902,0.022495404351668413,43.44443326604865,44.066720360109386,11.382148682992517,11.232499980926514,11.082851278860511,-0.2893405004813232,交叉混雜,17.0
4111,2026-08-26,29.60999984741211,29.804999923706056,29.85250005722046,29.993333371480308,164562.6,39.806973552832474,56.82526565337126,-0.1506469818673004,-0.05242787020040447,-0.09821911166689594,19.09422620757576,27.366468272617638,30.562929721772846,29.85250005722046,29.142070392668074,-3.1906890105165733,空排,41.0
4113,2026-08-26,14.839999961853028,14.86500005722046,14.747499990463258,15.161666647593181,73666.4,68.42154658406119,63.854187977389834,0.0031947775441079074,-0.03205610942672031,0.03525088697082822,56.31457132115287,52.843725384169346,15.157217646149249,14.747499990463258,14.337782334777266,1.034071050453518,交叉混雜,18.0
4114,2026-08-26,30.379999923706055,30.19499988555908,29.72249984741211,29.401196002960205,1254557.0,36.434009611216354,55.13063859272009,0.2112702301621603,0.18787521079213038,0.023395019370029912,45.90098167555923,50.96032262631238,30.98552658256783,29.72249984741211,28.45947311225639,0.7654164915309164,多排,52.0
4116,2026-08-26,39.28000030517578,39.295000076293945,39.29500026702881,38.392500241597496,33832.8,28.73946737464594,24.720775788003543,0.21830604474068593,0.2722409225569712,-0.053934877816285254,56.3748037638506,54.89187919833381,40.55444872771974,39.29500026702881,38.035551806337885,0.26721277042005276,交叉混雜,45.0
4119,2026-08-26,52.060000610351565,52.61000022888184,51.377499961853026,47.142499860127764,77453.6,15.909958023684885,29.646759740044487,1.1616850688818943,1.4646251228036766,-0.30294005392178236,46.711183440153256,55.09441899523206,56.03452358130118,51.377499961853026,46.72047634240487,1.016985186927798,交叉混雜,66.0
4120,2026-08-26,47.560000610351565,47.97500038146973,48.15499992370606,46.81500002543132,15821.0,32.214829986993024,37.3268410016256,0.14374442781269892,0.3544676020688397,-0.2107231742561408,35.99358821501502,45.80884227860573,49.81882479631913,48.15499992370606,46.49117505109299,-1.4640206871219261,交叉混雜,56.0
4121,2026-08-26,13.15,13.059999942779541,13.014999914169312,13.322499990463257,17433.0,78.86756466135006,71.35795311542722,-0.029956349605207322,-0.0722852099652401,0.04232886036003278,63.566569611163914,54.687157340977215,13.282739216102954,13.014999914169312,12.74726061223567,1.4214360070369019,交叉混雜,19.0
4123,2026-08-26,32.45,32.58196086883545,35.44848051071167,37.2044934908549,1302064.6,22.845644743717855,19.561803637915613,-1.6335927479256185,-1.3139566980888022,-0.31963604983681626,25.41522104339346,27.22824818865972,41.69369853601675,35.44848051071167,29.20326248540659,-9.446052378969375,空排,17.0
4126,2026-08-26,77.54000091552734,77.38000030517578,76.87499961853027,78.54333356221517,25667.8,47.19260071340087,55.88612655568592,-0.07984484696662264,-0.24124098486713702,0.16139613790051438,49.571793380352815,49.66435340108123,78.34021137603625,76.87499961853027,75.40978786102428,0.5528499971856913,交叉混雜,34.0
4127,2026-08-26,86.74000091552735,87.11000137329101,84.74500122070313,75.83166720072428,137889.8,30.183458473347077,41.57492760902811,2.989948725480261,3.5990405443006344,-0.6090918188203736,44.67242899207242,52.31717784597429,96.95689798499595,84.74500122070313,72.53310445641031,0.654908045383443,交叉混雜,95.0
4128,2026-08-26,15.270000076293945,15.135000133514405,14.775,15.300833288828532,1457096.6,55.59507626155437,59.6049985672482,0.02000084179450745,-0.07663464069086967,0.09663548248537712,58.75484300197268,54.668010911906805,15.717281861374047,14.775,13.832718138625953,3.553300783315485,交叉混雜,20.0
4129,2026-08-26,87.28000030517578,86.8,85.71000061035156,89.06999994913737,220375.8,53.84498446108363,65.1906552835041,-0.4719300451321118,-0.7175080390593946,0.24557799392728286,35.145561948429275,41.313458151073505,89.27645178949341,85.71000061035156,82.1435494312097,-0.8283754582843942,交叉混雜,15.0
4131,2026-08-26,31.95999984741211,31.989999961853027,32.5899998664856,33.73916673660278,12582.0,68.58529463819335,49.0033539817495,-0.4631325565642399,-0.48838092520116444,0.025248368636924534,58.42340680297553,48.73714740020844,34.301447022406855,32.5899998664856,30.87855271056434,-0.2761579222286258,空排,38.0
4133,2026-08-26,20.789999771118165,20.774999809265136,20.952499866485596,20.969166723887124,88821.2,32.728184186500556,28.986102308268137,-0.11164110691251494,-0.0865704526153199,-0.025070654297195044,46.89872022201317,46.398498460237214,21.432055777442766,20.952499866485596,20.472943955528425,-0.7278397823496947,交叉混雜,26.0
4137,2026-08-26,88.82000122070312,90.15,92.65499992370606,99.40999984741211,230074.8,7.24576427707828,9.856414779347862,-2.464778846450642,-2.0941146215114386,-0.37066422493920337,14.510682617561656,23.025725960468193,98.63724472389694,92.65499992370606,86.67275512351517,-5.45572441179359,空排,19.0
4138,2026-08-26,51.31999969482422,51.05999984741211,51.069999885559085,51.13500010172526,29160.6,83.3409779471881,70.34357784662616,0.06487405629135168,-0.019475043594650666,0.08434909988600234,78.12889395884295,65.33853393908419,51.64710717845726,51.069999885559085,50.49289259266091,1.4294093462645214,交叉混雜,29.0
4139,2026-08-26,37.029999542236325,36.50499954223633,36.97999992370605,31.135000006357828,33080.6,44.232237505304845,42.244579794791555,0.828159089020545,1.1736102648182785,-0.34545117579773343,54.64108125038463,54.195420485232226,40.21132713812863,36.97999992370605,33.748672709283476,0.865330757205756,交叉混雜,89.0
4142,2026-08-26,17.99000015258789,17.619999885559082,17.35999975204468,17.35666653315226,2004746.0,62.24011845487215,58.388254527449924,0.20576835713182362,0.11088449471979765,0.09488386241202597,70.07895902284206,65.10806942573194,18.31729920258271,17.35999975204468,16.40270030150665,4.838715569657988,多排,53.0
4147,2026-08-26,64.05999984741212,63.6799991607666,61.49499950408936,61.429999860127765,1056245.0,54.44974036860113,48.589653830739536,1.0678580321962485,0.7057249047281046,0.36213312746814397,68.47723245054803,60.650856886962266,68.87847267043038,61.49499950408936,54.11152633774833,7.325799710935951,多排,74.0
4148,2026-08-26,31.920000076293945,31.925,31.50999994277954,30.973333263397215,18468.0,43.228249010793796,39.02593934411284,0.29083290291371355,0.2771502759574965,0.013682626956217081,60.134365992579156,57.55629037809044,33.16102840485713,31.50999994277954,29.85897148070195,2.1897836287302987,交叉混雜,25.0
4153,2026-08-26,33.30999984741211,33.13499984741211,32.752499961853026,31.47916660308838,6719.2,81.26846791978792,70.26398895369734,0.5234176698060296,0.5002925692369885,0.023125100569041046,78.40571169308109,72.66105425786608,33.97357553102448,32.752499961853026,31.531424392681572,2.4349264213002724,多排,46.0
4155,2026-08-26,14.630000114440918,14.720000076293946,14.604999923706055,15.085833311080933,147875.4,30.798690313947613,37.6500408156306,-0.12742572840842392,-0.13221453613224476,0.004788807723820843,45.42801256831479,44.26631487077884,15.01654422188488,14.604999923706055,14.19345562552723,-0.03423171696299354,交叉混雜,49.0
4157,2026-08-26,9.044000053405762,8.932000160217285,8.726500105857848,8.714000050226847,707553.4,59.747700882109164,58.25648169058964,0.11693701281565616,0.07226443469086075,0.044672578124795415,61.54691596988466,58.87372693197641,9.442167758499151,8.726500105857848,8.010832453216546,3.7070999937289706,多排,36.0
4160,2026-08-26,39.78000030517578,39.74000015258789,39.79250030517578,40.14583346048991,31892.0,25.967089129648972,28.700110384460626,-0.10818022093693713,-0.1397419375194764,0.031561716582539256,58.89096086175233,52.40514462017757,40.55702712357655,39.79250030517578,39.027973486775004,0.6471041776967099,交叉混雜,19.0
4161,2026-08-26,23.010000228881836,22.93000030517578,22.797500133514404,22.848333422342936,31272.2,59.462163369763275,52.89878313496327,0.08548526626456976,0.04908428890827969,0.03640097735629007,65.61327892177924,57.71633561813213,23.56285216422049,22.797500133514404,22.032148102808318,1.326900959244296,交叉混雜,35.0
4162,2026-08-26,59.45999984741211,59.92999954223633,61.454999923706055,61.375000190734866,195695.6,25.596357217471557,24.9290582996423,-1.068457229657497,-0.7224932596581632,-0.34596396999933376,44.68946385053852,42.534834583382406,65.59134698880308,61.454999923706055,57.31865285860902,-2.69302853909385,交叉混雜,43.0
4163,2026-08-26,140.1,142.3,137.725,128.04166666666666,82894.0,20.706349433084515,36.20118913589043,3.6660874709057794,4.578037857422631,-0.9119503865168515,38.50620536957171,49.99660825689583,156.2110544878115,137.725,119.2389455121885,-0.526411326919582,交叉混雜,80.0
4164,2026-08-26,26.460000228881835,26.340000343322753,26.280000114440917,28.117500019073486,250961.0,56.92753849544171,52.72209500201778,-0.2978781831023234,-0.40371852748152215,0.10584034437919876,53.70720288205898,48.479288194007026,27.11691178012266,26.280000114440917,25.443088448759173,0.8371380692582,交叉混雜,8.0
4166,2026-08-26,24.20999946594238,24.144999694824218,24.512499809265137,25.17666654586792,47043.0,71.31178216143317,52.91622952534671,-0.33396587406438627,-0.37383985503102335,0.03987398096663708,62.888990524179405,47.9558405880372,25.466646141184984,24.512499809265137,23.55835347734529,-0.050993612901170084,交叉混雜,42.0
4167,2026-08-26,20.500000381469725,19.860000228881837,18.997500324249266,19.80000022252401,1570128.2,68.96481917946598,71.94853549927271,0.2529263905226564,0.022089537187828745,0.23083685333482767,59.28535562360223,56.95383791109395,21.42529448239853,18.997500324249266,16.5697061661,6.329782435404205,交叉混雜,62.0
4168,2026-08-26,22.600000381469727,22.585000038146973,22.66750011444092,24.167500050862632,71777.2,49.858622429523166,46.18700511154732,-0.3139650137161176,-0.3842373894872885,0.0702723757711709,39.15711613506105,39.80666381134656,23.228772408464696,22.66750011444092,22.106227820417143,-0.7389439223349076,交叉混雜,27.0
4169,2026-08-26,159.4,154.6,156.775,191.70833333333334,170530.4,37.567631580587005,35.71832271372739,-12.814918969678871,-15.10444379243705,2.289524822758178,47.87889412051825,39.28154193625321,167.7844457052446,156.775,145.76555429475542,0.4624461808323995,交叉混雜,69.0
4171,2026-08-26,17.279999923706054,17.14499988555908,17.1,17.4125,61737.8,74.44032915351224,62.88241468407553,-0.07464602956532573,-0.13036490501912273,0.055718875453797,59.70343413359446,52.72721925510358,17.56791827596303,17.1,16.632081724036972,2.0467880873652144,交叉混雜,30.0
4173,2026-08-26,17.449999618530274,17.374999809265137,17.50999994277954,17.881666628519692,34696.0,57.589957511299176,50.05292090385253,-0.12292290653170568,-0.13825991454845024,0.015337008016744563,43.40631494874853,41.60253448518159,17.843403583878025,17.50999994277954,17.176596301681055,-0.6282143038762649,交叉混雜,19.0
4174,2026-08-26,26.519999694824218,26.3,26.157499980926513,27.727499993642173,279703.0,41.543169354113786,41.57793820236856,-0.33652953059581137,-0.46725860576586653,0.13072907517005516,51.889761041398266,48.2101229806798,27.237594720288097,26.157499980926513,25.07740524156493,0.9270749795683304,交叉混雜,4.0
4175,2026-08-26,51.04000015258789,50.69000053405762,50.33000011444092,51.47833334604899,8858.4,53.801524116466496,59.851730435450776,0.01385551826280107,-0.13482450271014443,0.1486800209729455,53.73680695867878,52.96836155636216,51.32915823462552,50.33000011444092,49.330841994256325,0.9338349325470628,交叉混雜,27.0
4178,2026-08-26,17.429999923706056,17.469999885559083,17.664999866485594,18.09416659673055,56400.0,39.109954051441676,29.125261105369916,-0.2572085327392024,-0.24822088343833,-0.008987649300872425,52.772273024241805,47.87026422209835,18.59014555061773,17.664999866485594,16.739854182353458,-0.3679563289393854,空排,11.0
4188,2026-08-26,12.200000190734864,11.154000091552735,10.500500059127807,10.461666679382324,390796.4,92.98520963351666,84.26476870519525,0.6646600260137969,0.18628790305720067,0.47837212295659626,95.47257908898857,89.06262337692736,13.148251873877106,10.500500059127807,7.852748244378509,39.04100089765089,多排,69.0
4190,2026-08-26,25.310000228881837,25.029999923706054,25.197500038146973,25.27666664123535,6130.2,78.07864623727588,64.43775312543914,-0.05777674917948872,-0.11828608216434984,0.06050933298486112,74.84736750299129,58.85891263685282,25.904216198013046,25.197500038146973,24.4907838782809,2.192677690312874,交叉混雜,31.0
4192,2026-08-26,19.88000030517578,19.545000267028808,19.347500133514405,19.98916676839193,17016.0,92.37450710921183,82.80187520936069,0.049926436026144216,-0.09816026271259999,0.1480866987387442,71.03751768944102,59.286672923798704,20.203731415001183,19.347500133514405,18.491268852027627,3.114100660381316,交叉混雜,26.0
4195,2026-08-26,14.229999923706055,14.389999961853027,14.765000009536744,15.838333320617675,43649.0,19.114899867551536,20.008059247482436,-0.5365532352602767,-0.534144415838633,-0.0024088194216436154,19.38539799939015,27.67279935650636,15.640454899436845,14.765000009536744,13.889545119636642,-3.8266183535839624,空排,4.0
4198,2026-08-26,41.220001220703125,41.615000534057614,41.46000022888184,40.38333358764648,5124.0,36.07969890833171,49.9758415676613,0.027645842364101725,0.2326597501903481,-0.20501390782624637,32.261749363546755,42.57415793455937,43.24136606634784,41.46000022888184,39.67863439141584,-3.1596688272335367,交叉混雜,61.0
4205,2026-08-26,69.44000091552735,69.48000030517578,69.44500045776367,71.49333305358887,4156.0,46.69102700164915,39.32868037430558,-0.44595224129996325,-0.5800655588553123,0.13411331755534905,58.09916387123471,46.79033234866034,70.31187499011403,69.44500045776367,68.5781259254133,0.3671920063325608,交叉混雜,24.0
4207,2026-08-26,20.729999923706053,20.83000030517578,20.400000286102294,19.915833536783854,51449.2,63.51029671921732,69.07065750226428,0.26703370083451716,0.26779677812671493,-0.0007630772921977669,51.50539954059278,57.27967503702434,21.505965273466302,20.400000286102294,19.294035298738287,1.4705905521066942,交叉混雜,66.0
4303,2026-08-26,52.20000076293945,50.060000610351565,46.91750011444092,46.04583314259847,1866927.2,86.51733134920455,86.95949091677232,2.180656692774093,1.3075968492991796,0.8730598434749135,90.30461330680141,78.86467706344753,54.81415461682951,46.91750011444092,39.02084561205233,13.816809070444725,多排,39.0
4304,2026-08-26,25.439999771118163,21.784999656677247,18.992499828338623,20.390000025431316,133108.2,84.46852146941181,82.82690758563528,1.8256208747250788,0.5755805853039564,1.2500402894211224,80.56256851659151,76.74619267675106,27.174718830357754,18.992499828338623,10.810280826319492,38.47571133220934,交叉混雜,83.0
4306,2026-08-26,15.229999923706055,15.25999994277954,14.774999952316284,15.189999977747599,530449.6,50.632770191805946,63.1689825111155,0.13435731683018481,0.06738310798234287,0.06697420884784194,53.47723926625616,55.31365121958974,15.885950201447745,14.774999952316284,13.664049703184823,2.538068815054045,交叉混雜,66.0
4401,2026-08-26,14.09000015258789,14.050000095367432,13.972500038146972,14.267499971389771,30793.6,47.42754099419323,50.448268423781236,-0.0798519466916261,-0.10174541974395199,0.02189347305232589,39.76398080784798,43.62730707637236,14.286179584992365,13.972500038146972,13.65882049130158,-0.16103223346148723,交叉混雜,32.0
4402,2026-08-26,14.860000038146973,15.255000019073487,15.86500005722046,16.057500076293945,12130.0,26.570260111365098,26.743883782183847,-0.3400413540204905,-0.19315419989136237,-0.14688715412912814,35.639175263131975,39.16342698272604,17.41626441562147,15.86500005722046,14.31373569881945,-6.082574441914335,空排,49.0
4406,2026-08-26,10.080000114440917,10.055000114440919,10.044000053405762,9.940166664123534,16600.0,83.42334432282462,70.11594084719472,0.038135759530669944,0.035433445789362125,0.0027023137413078185,66.72053259360885,57.16764777106935,10.311652606923591,10.044000053405762,9.776347499887933,1.0553520963848322,多排,55.0
4413,2026-08-26,19.55,19.425000190734863,17.125000047683717,15.962500047683715,38200.0,58.51517468997272,68.99755172599217,1.2983563071976683,1.045014918800788,0.25334138839688025,80.43702761521955,81.74921520849868,22.036908447384683,17.125000047683717,12.21309164798275,14.452556653398505,多排,67.0
4414,2026-08-26,8.419999885559083,8.475999927520752,8.423999977111816,8.515666675567626,126460.2,33.668884328371334,36.08264094757473,-0.025512224442215015,-0.028823628287267217,0.0033114038450522028,49.7321297698818,48.78309583271602,8.674674735138588,8.423999977111816,8.173325219085044,0.18992881428010852,交叉混雜,25.0
4416,2026-08-26,14.360000038146973,12.875000095367431,11.632500076293946,11.108000040054321,2294409.8,85.10933492902453,83.28206845852537,1.0552361231337244,0.5274038160352411,0.5278323070984833,95.47825603039777,87.80297809329684,15.24844064862365,11.632500076293946,8.016559503964242,30.66838349084953,多排,10.0
4417,2026-08-26,46.99999923706055,47.10999946594238,45.717499542236325,45.857499821980795,32636.8,32.06432476719588,48.420189059145585,0.6257047895207322,0.5041824649148087,0.12152232460592349,54.58387229335435,59.01259369852499,49.558863238575015,45.717499542236325,41.876135845897636,2.4771672624801013,交叉混雜,37.0
4420,2026-08-26,36.80999908447266,36.694999313354494,35.95749969482422,36.469166628519694,8454.6,83.71324056823482,80.91822026505882,0.2565867757081506,0.10595709213907786,0.15062968356907272,64.93381337735461,60.369093692708915,37.67957738607694,35.95749969482422,34.2354220035715,2.4820935461909768,交叉混雜,14.0
4426,2026-08-26,7.769999885559082,7.808999919891358,7.877499938011169,8.08933334350586,117186.8,19.31565240521576,17.96056922581748,-0.09936845895860813,-0.0879419338835261,-0.01142652507508203,24.801874168522687,33.740563505015686,8.062275779691355,7.877499938011169,7.692724096330983,-1.9993671730739875,空排,21.0
4430,2026-08-26,18.170000076293945,18.119999885559082,17.81500005722046,17.440833409627277,83116.0,36.96901368363933,44.67112381897188,0.23938385858934907,0.24136129053131133,-0.00197743194196226,50.11519913081557,53.428929082012694,18.802874026193077,17.81500005722046,16.82712608824784,1.038450419227252,多排,49.0
4432,2026-08-26,15.70999984741211,15.93499984741211,15.942499923706055,16.098333263397215,14070.4,13.979351694191728,21.516895122899925,-0.08637049544398678,-0.03728734400013049,-0.04908315144385629,36.489231657768514,42.37429339752733,16.605249219051903,15.942499923706055,15.279750628360206,-1.8347204426881765,空排,37.0
4433,2026-08-26,19.030000305175783,19.200000381469728,19.407500171661376,20.11000003814697,76871.8,14.615708121365659,21.396563263543463,-0.2805595829404339,-0.23978684802769157,-0.04077273491274236,24.555414337451793,30.610016919984474,20.105070544549346,19.407500171661376,18.709929798773405,-3.6454947956409427,空排,21.0
4438,2026-08-26,60.54000015258789,60.45,60.560000038146974,60.87666664123535,46352.2,50.48944858789315,47.04990558034423,-0.10183788875819744,-0.09178104298730651,-0.01005684577089093,52.69795538228762,49.96179844761543,61.4693664929619,60.560000038146974,59.650633583332045,0.0660476155035081,交叉混雜,29.0
4439,2026-08-26,97.55999908447265,100.97999954223633,101.48999977111816,97.0366667429606,105884.2,14.501285102458024,26.14663155820148,-0.27601641840207947,0.7555593971983197,-1.0315758156003991,34.02904700364466,40.54910182491782,107.77176999016943,101.48999977111816,95.2082295520669,-4.522611346527436,交叉混雜,60.0
4440,2026-08-26,17.55,17.570000076293944,17.545000076293945,17.492499955495198,39627.0,56.56546522414755,45.54476475056459,0.023379122038477362,0.016493283050903685,0.006885838987573677,61.39903754608758,54.93784016816412,17.960362498220242,17.545000076293945,17.12963765436765,0.8834464860159112,交叉混雜,49.0
4441,2026-08-26,179.1,188.45,187.775,189.075,62275.2,10.469810873807802,19.705940138832588,-1.3273221711581868,0.8723860035719995,-2.199708174730186,26.861414768209173,37.72544563233825,209.62731530548808,187.775,165.92268469451193,-6.00452669418187,交叉混雜,6.0
4442,2026-08-26,51.32000045776367,51.750000381469725,54.75500011444092,53.169166564941406,77800.4,33.415253346729685,22.726812537458123,-0.9766803828455934,-0.5938262542085372,-0.38285412863705626,46.584968320862544,45.20908942508714,67.01730495173975,54.75500011444092,42.49269527714209,-5.214133106738946,交叉混雜,43.0
4502,2026-08-26,15.689999771118163,15.69499979019165,15.697499847412109,15.743333260218302,19400.2,74.64892342602748,76.62624355119723,-0.012773289312459468,-0.010820595106351957,-0.0019526942061075109,37.51371337365064,41.74379410936253,15.766133098134056,15.697499847412109,15.628866596690163,-0.30259741578953714,空排,42.0
4503,2026-08-26,24.329999923706055,25.020000076293947,27.685000038146974,35.14666665395101,155286.0,15.20504718540429,14.89275243191306,-3.1413348018838505,-3.2014551573845154,0.06012035550066486,35.86276854280378,32.7458468322982,35.078318385747615,27.685000038146974,20.291681690546334,-11.3238244419965,空排,2.0
4506,2026-08-26,122.9,122.8,122.65,121.025,25947.0,66.23122832189469,58.89310408085745,0.38024285295556126,0.39408507376136814,-0.013842220805806882,53.49338239394434,53.51072587794745,123.95182058751554,122.65,121.34817941248447,0.28536485935588607,多排,58.0
4510,2026-08-26,43.81999969482422,44.84000015258789,41.65499992370606,42.451666577657065,877626.8,35.081515529095654,50.39781379086,1.0504876624331914,0.8969149387094142,0.15357272372377717,52.019890790712324,55.6262155346793,49.785313640134966,41.65499992370606,33.52468620727715,5.029408426674052,交叉混雜,40.0
4513,2026-08-26,16.539999771118165,16.69499988555908,17.05250005722046,17.454166634877524,253474.2,23.263063039236414,18.66913626351915,-0.45376938919649845,-0.3794686224890612,-0.07430076670743724,43.85271714213135,42.876038579865174,18.028784680731995,17.05250005722046,16.076215433708924,-2.360360283475017,空排,54.0
4523,2026-08-26,24.18000030517578,24.295000267028808,24.85000009536743,26.49000005722046,26045.0,17.961600291418584,20.518464190817728,-0.4571767133203757,-0.42876629291777413,-0.028410420402601555,38.23652944128357,38.91508096798781,26.187711993365223,24.85000009536743,23.51228819736964,-3.0181074890117214,空排,10.0
4526,2026-08-26,29.8,30.195000076293944,29.785000133514405,34.97083333333333,590707.4,25.020692231290532,25.925186372709817,-0.8640019417977562,-1.1032051551802806,0.23920321338252437,52.10778175802817,45.713947721493746,32.81452150690779,29.785000133514405,26.755478760121022,1.225447317037837,交叉混雜,15.0
4527,2026-08-26,41.00999984741211,41.00999984741211,40.384999656677245,40.125833129882814,16215.8,38.63802998102186,44.240575309314494,0.37707137494814447,0.3066430362548653,0.07042833869327919,70.19752856140727,65.95646508237087,42.1337136685975,40.384999656677245,38.63628564475699,2.0180787747696725,交叉混雜,47.0
4528,2026-08-26,15.069999885559081,15.1,15.147499895095825,15.45249999364217,10809.2,19.529329318320688,22.327151082462912,-0.09498466077763368,-0.09371864922007773,-0.0012660115575559433,43.62934689576418,42.73419663308506,15.308008771707394,15.147499895095825,14.986991018484256,-0.6436686254246365,空排,28.0
4529,2026-08-26,3.178000020980835,3.4000000238418577,3.7745000243186952,4.326666676998139,21802.4,6.270320796273523,10.202252952149554,-0.3275733808609549,-0.2582734424166716,-0.06929993844428328,11.454660423474223,21.4090103979796,4.6624894657549705,3.7745000243186952,2.8865105828824196,-18.13485509972774,空排,8.0
4530,2026-08-26,26.980000305175782,26.775,25.847500038146972,25.734166685740153,20262.2,73.28550665658219,76.69072324583664,0.4467146778103235,0.2590594395494087,0.1876552382609148,64.01001527274684,61.293272481961544,28.063108653243223,25.847500038146972,23.63189142305072,6.780154137678039,多排,53.0
4532,2026-08-26,24.059999847412108,23.85999984741211,23.927499961853027,24.823333295186362,431022.8,65.40006347304502,53.800609754176726,-0.2021934516991024,-0.28598818008523064,0.08379472838612823,56.15665788846674,48.281095481560314,24.519974897602616,23.927499961853027,23.335025026103438,0.5119601939309061,交叉混雜,52.0
4533,2026-08-26,25.75999984741211,26.51499996185303,25.622500038146974,27.72666660944621,416031.8,18.183563060873198,27.44437409698682,-0.23464564362839369,-0.2996081684498856,0.0649625248214919,42.965645715422845,46.21895537589345,28.669927534366195,25.622500038146974,22.575072541927753,0.4976093732586711,交叉混雜,34.0
4534,2026-08-26,29.710000228881835,30.695000076293944,31.835000133514406,33.350833320617674,428072.0,15.421918653916869,15.825727750987626,-1.2310146516403897,-0.8536012440219065,-0.3774134076184832,36.738020090368124,40.318514442939346,36.53786604643058,31.835000133514406,27.132134220598232,-5.921153958439953,空排,86.0
4536,2026-08-26,170.7,169.45,168.625,167.1,144570.8,62.82364539924315,63.57919825323906,0.9728883765792489,0.8669114740576045,0.10597690252164438,52.69601597860407,54.24490920511291,173.55476993164845,168.625,163.69523006835155,0.815418828762046,多排,54.0
4538,2026-08-26,17.5,17.479999923706053,17.44499988555908,18.1,12400.0,68.27678626826918,56.101806793386544,-0.1112727888475149,-0.1693108060376442,0.0580380171901293,68.8082945437294,56.551576182632225,17.718187788560734,17.44499988555908,17.17181198255743,1.748352630792488,交叉混雜,51.0
4540,2026-08-26,57.31999969482422,58.89000015258789,56.177499771118164,57.74499994913737,1244272.6,20.51453505869685,31.717601092397587,0.7604756095055478,0.819734748490786,-0.05925913898523816,44.05467300406286,50.30073079061729,67.10262668123838,56.177499771118164,45.25237286099795,1.4641097098178402,交叉混雜,72.0
4541,2026-08-26,67.6,69.52999954223633,66.64000015258789,60.60416685740153,2480055.4,29.784820166314077,38.6396395235456,1.360238839057729,1.8533604903035756,-0.4931216512458467,49.63096397073577,52.284476856947265,75.47090305849703,66.64000015258789,57.809097246678746,2.0408160928842647,交叉混雜,89.0
4542,2026-08-26,257.9,261.35,267.9,328.275,452660.6,38.118905468299914,27.80321815352533,-15.907618883596854,-18.083488612432554,2.1758697288357,58.3399156185167,46.7681663234702,311.65722496733935,267.9,224.14277503266058,1.1571481896230023,空排,97.0
4543,2026-08-26,31.45809555053711,31.669047546386718,31.47452383041382,34.259841187795004,69305.8,40.84677481050887,48.19460581589291,-0.46755932010794155,-0.5146669792262593,0.04710765911831771,28.69405082333624,37.33974932385386,33.13222259132883,31.47452383041382,29.816825069498805,-3.0962305757653343,交叉混雜,53.0
4545,2026-08-26,32.09000015258789,32.16999988555908,32.389999866485596,35.14249957402547,42201.8,47.183673058645915,42.010929137897094,-0.6116282541227989,-0.6946377167323472,0.08300946260954833,42.09802636939859,42.3036269709978,33.77662725471763,32.389999866485596,31.003372478253564,-1.2040749246471416,空排,28.0
4549,2026-08-26,101.38000030517578,100.4,95.52000045776367,100.08500022888184,36922.6,67.16746404729844,75.27618403922678,1.4749598709419303,0.512464358622591,0.9624955123193393,53.64565762461598,55.98572884706876,106.08520530027067,95.52000045776367,84.95479561525667,4.585428231914583,交叉混雜,20.0
4550,2026-08-26,24.370000076293945,24.455000114440917,24.45249996185303,24.781666628519694,21929.2,37.820659608312255,45.68804363859249,-0.10396522386673723,-0.1018857571265144,-0.0020794667402228295,37.08006098310593,43.0352089562972,24.963921916356718,24.45249996185303,23.94107800734934,-0.8281360276819858,交叉混雜,42.0
4551,2026-08-26,157.5,161.85,162.975,187.29166666666666,394617.6,22.907398658725015,23.18704466915335,-7.683997932198821,-8.022025919895723,0.33802798769690234,45.43795744518131,43.18506497125582,176.86734927652674,162.975,149.08265072347325,-2.4390243902438993,空排,71.0
4552,2026-08-26,17.420000076293945,17.494999885559082,17.565000152587892,19.230833339691163,110135.4,40.61408042905096,46.08918698814355,-0.41663416281150845,-0.44504275419433015,0.028408591382821702,21.134932870925113,27.75609285560192,18.015847839219,17.565000152587892,17.114152465956785,-3.2166248088796587,空排,8.0
4554,2026-08-26,29.975652313232423,30.932826042175293,30.7964129447937,30.85880438486735,119281.2,21.112185774806566,33.80505280804359,-0.35802595973595785,0.0073636559055021145,-0.36538961564146,20.29960579346671,30.409565199378278,33.437892669094154,30.7964129447937,28.154933220493245,-8.430891566847839,交叉混雜,37.0
4555,2026-08-26,46.23000030517578,47.47000007629394,45.95999984741211,47.21416670481364,121084.8,15.99637844487945,22.813455766149104,0.1084904245173135,0.23935507158854064,-0.13086464707122714,45.20890614046394,48.63070079097345,52.805174699275035,45.95999984741211,39.11482499554918,0.6309837979780208,交叉混雜,54.0
4556,2026-08-26,74.42000122070313,78.73000030517578,82.17999992370605,84.79500001271566,230089.2,17.707058988239538,15.53488415510399,-5.290496888162622,-3.7855874614839395,-1.5049094266786822,41.629177697547,41.05607411606896,96.24355443323707,82.17999992370605,68.11644541417503,-6.911657251130719,空排,97.0
4557,2026-08-26,52.29999923706055,51.75499954223633,50.63249969482422,49.464999961853025,14802.8,60.90908995690331,56.752328207896625,0.6933283531901111,0.4508648217024195,0.24246353148769162,70.47841918130719,63.092943218111515,53.53807933640347,50.63249969482422,47.72692005324497,4.873349714450518,多排,32.0
4558,2026-08-26,17.220000076293946,17.379999923706055,17.129999971389772,17.82583335240682,40600.0,34.91361356159048,38.32385257011993,-0.035841012235678704,-0.06939221223514469,0.033551199999465986,45.474766664466706,47.68955693181312,18.836766563844254,17.129999971389772,15.423233378935288,0.11675217264392629,交叉混雜,14.0
4560,2026-08-26,32.720000457763675,32.57500038146973,32.18000030517578,32.62166665395101,627105.8,51.338969873991786,61.305582666381795,0.029988260327804994,-0.004019250716839023,0.034007511044644015,27.45673332360552,36.38276044054372,33.53078981688696,32.18000030517578,30.829210793464604,-3.666874748245393,交叉混雜,39.0
4561,2026-08-26,44.95999984741211,46.34500007629394,42.58500003814697,41.274999936421715,349984.2,29.380179581383153,45.140611847924646,1.7646159860799244,1.766882597964232,-0.0022666118843075456,48.66858791336771,55.300092982634,53.06204746128618,42.58500003814697,32.10795261500777,4.849128768068892,交叉混雜,59.0
4562,2026-08-26,31.25999984741211,31.854999351501466,31.419999599456787,33.49499988555908,92519.0,16.706543675137464,21.447081865379246,-0.30752135497235145,-0.3225806243786475,0.015059269406296039,42.967553217981994,45.632614440413285,34.25352024513466,31.419999599456787,28.586478953778915,-0.3819235007193154,交叉混雜,7.0
4563,2026-08-26,39.95999984741211,39.64499969482422,39.4399995803833,41.379166475931804,53214.8,56.0456262298016,46.12619156407385,-0.1318707220750568,-0.3933166347728782,0.2614459126978214,73.60180678409372,59.55044808954126,41.52468107117887,39.4399995803833,37.35531808958773,4.462477690875898,交叉混雜,11.0
4564,2026-08-26,16.88000030517578,17.09000015258789,16.732500076293945,17.091666650772094,449093.8,24.86947448462294,31.970975075098732,-0.1388270634342419,-0.16894896634741405,0.030121902913172155,49.89950487718073,48.32193471186368,17.813569403822168,16.732500076293945,15.651430748765723,1.299869628888606,交叉混雜,62.0
4566,2026-08-26,66.51999969482422,70.17999954223633,69.94000034332275,66.85499998728434,1440421.2,13.478220089915734,19.72381173322971,-0.20450888848006343,0.8398866964765334,-1.0443955849565967,37.637957402033614,44.18496773353317,78.07010136455189,69.94000034332275,61.80989932209361,-4.632547010546148,交叉混雜,66.0
4569,2026-08-26,163.0,161.95,162.3,166.225,40923.8,62.00286497066598,40.90442140243778,0.0603531068890959,-0.7613343281118431,0.821687435000939,75.62275070282995,62.47831915869051,171.6830754693309,162.3,152.91692453066912,4.7443006777572325,交叉混雜,54.0
4571,2026-08-26,158.0,162.6,161.525,166.975,115126.8,16.648981941142736,19.940707979974015,-0.9763739196296228,-0.25628874126970574,-0.7200851783599171,38.40456313561464,44.56572702100349,179.99111405848754,161.525,143.05888594151247,-2.182324717535989,交叉混雜,18.0
4572,2026-08-26,140.1,140.1,140.425,144.01666666666668,12603.4,56.61136301564814,54.678805183803746,-1.0573933017683146,-1.2182275721624263,0.1608342703941117,52.41100627734849,47.09692501534014,142.70246396355174,140.425,138.1475360364483,0.05340929321701166,交叉混雜,36.0
4576,2026-08-26,201.2,209.5,208.225,209.38333333333333,1879251.8,17.206068971931263,21.83530686511691,-1.106815174556715,0.8128070094844261,-1.919622184041141,37.55278997542649,44.653362142924706,240.62460201185098,208.225,175.825397988149,-3.709929163164843,交叉混雜,84.0
4577,2026-08-26,76.42000122070313,77.07000045776367,75.20500049591064,82.58500003814697,242528.6,42.82254973131199,38.53080939480674,-0.648398201040294,-1.3706759265617028,0.7222777255214088,65.8405397847421,56.236911998847944,84.58257255870677,75.20500049591064,65.8274284331145,6.109969450897128,交叉混雜,87.0
4580,2026-08-26,78.81999969482422,78.74999923706055,79.6049991607666,80.99499969482422,25875.0,44.59904470221082,34.19474585136111,-0.6171866772628505,-0.6202032241085654,0.0030165468457149514,47.989682403233424,43.54966995611723,81.84292526654187,79.6049991607666,77.36707305499132,-0.7600014661701929,交叉混雜,45.0
4581,2026-08-26,48.32000045776367,48.14499969482422,49.43249988555908,50.01250006357829,5241.0,56.4838992350158,39.5020923852262,-0.6522759170329735,-0.5545300224839792,-0.0977458945489943,50.99969649453981,44.92105043229584,52.45822765977416,49.43249988555908,46.406772111344004,-1.5829633570863977,交叉混雜,40.0
4582,2026-08-26,23.470000076293946,24.01499996185303,25.80250015258789,26.323333295186362,161641.0,10.75241955047561,12.431206017046941,-1.099043963019092,-0.7682614918297093,-0.33078247118938275,15.626477330850946,26.198792734681916,29.93968419580805,25.80250015258789,21.66531610936773,-10.667574456932142,空排,52.0
4583,2026-08-26,471.0,480.9,485.2,566.0666666666667,55263.0,20.953806244466023,25.051920570438618,-24.279795499807733,-25.28821051028335,1.0084150104756162,37.80922051853769,37.12340338817941,525.274141813671,485.2,445.125858186329,-3.751030502885406,空排,3.0
4585,2026-08-26,297.7,301.1,299.275,308.1166666666667,208382.8,25.998976796960463,25.373578676766044,-1.7307894977137153,-1.6034867528832077,-0.12730274483050752,49.8714665269428,48.7502489748068,321.3287023983405,299.275,277.22129760165944,0.24225210926406243,交叉混雜,20.0
4588,2026-08-26,51.9,51.89999961853027,51.519999504089355,55.15166632334391,19280.0,53.49362082132404,48.35784199012558,-0.41994578172867847,-0.6949768140332532,0.2750310323045747,64.0116073042274,52.9204992650877,53.34335701872741,51.519999504089355,49.6966419894513,1.9021748939125238,交叉混雜,23.0
4590,2026-08-26,86.28000030517578,87.73000030517578,85.225,83.59666697184245,273702.2,17.288371892263143,28.437755536927135,0.573144333892813,0.7761614759878416,-0.20301714209502852,48.5619591870881,50.62455984786551,93.94928567073822,85.225,76.50071432926177,1.261370550610523,交叉混雜,69.0
4609,2026-08-26,4.504000091552735,4.669000053405762,4.828500080108642,5.096333416302999,24400.6,25.00177564203609,23.108578469675162,-0.15742305720805927,-0.12007644367951448,-0.03734661352854479,48.06690769441571,44.771535079008466,5.350410522291578,4.828500080108642,4.306589637925707,-4.525213688912723,空排,7.0
4702,2026-08-26,9.634000015258788,9.669000053405762,9.602500057220459,9.803666655222575,52930.6,29.488750289482205,38.27293612099684,-0.005469347004279257,-0.013919594692728618,0.008450247688449361,44.265382522960856,48.31451486246649,9.903856654476709,9.602500057220459,9.301143459964209,0.18224241847793235,交叉混雜,46.0
4707,2026-08-26,34.34000015258789,33.21500034332276,31.185000133514404,29.802499993642172,5074457.8,77.40959130572675,71.49997848713768,1.0346123530796447,0.6183316563740415,0.4162806967056032,66.39981285267174,58.61823887565525,38.386688463515085,31.185000133514404,23.983311803513722,13.19544359765376,多排,98.0
4711,2026-08-26,16.72000045776367,16.75500030517578,16.402500200271607,16.809166797002156,37049.4,38.353659173478974,47.63975480490885,0.08482107058298993,0.030878966431142383,0.05394210415184755,58.75150560338306,55.886726701718665,17.298382934400315,16.402500200271607,15.506617466142899,2.1185782379849543,交叉混雜,63.0
4714,2026-08-26,10.710000038146973,10.614999961853027,10.487499952316284,11.59341508547465,532237.0,55.12310131736621,52.79214238804533,-0.12243984999390634,-0.2279737687612777,0.10553391876737137,66.78925470323341,54.74763086282343,10.936914815603123,10.487499952316284,10.038085089029446,3.456499936129964,交叉混雜,4.0
4716,2026-08-26,17.020000457763672,17.155000305175783,17.145000076293947,18.940000025431313,346995.6,27.332145633514415,27.50090690401823,-0.45116144938608116,-0.526248999482699,0.07508755009661783,47.80190673947092,44.69614009174949,18.237510211920736,17.145000076293947,16.052489940667158,-0.26246541046354593,交叉混雜,73.0
4720,2026-08-26,17.95,18.23000011444092,18.739999961853027,21.784166717529295,500678.8,17.73640627364617,19.465087237389138,-0.8514159608510816,-0.8986888670353236,0.04727290618424196,44.13192536997456,38.9495938636014,20.46095391614271,18.739999961853027,17.019046007563343,-3.1483476228588714,空排,50.0
4721,2026-08-26,73.7,74.05000076293945,72.45500030517579,81.68499984741212,272648.2,40.817959696237324,39.49128239841516,-0.8463073282343458,-1.5420193843761625,0.6957120561418166,67.4300324759102,54.59627177815836,78.3646631401614,72.45500030517579,66.54533747019018,4.202608076735727,交叉混雜,45.0
4722,2026-08-26,206.3,206.95,205.575,235.975,525111.0,41.21152456183062,34.32092795461416,-4.972533421009246,-6.788906135887815,1.816372714878569,59.43041505089313,51.019288582430974,239.57387769045567,205.575,171.5761223095443,3.611820503465894,交叉混雜,82.0
4726,2026-08-26,24.559999465942383,24.434999656677245,24.47249984741211,25.071666717529297,72830.2,44.877292938529195,43.280193423413046,-0.1524004605512097,-0.1880977161992084,0.035697255647998694,41.66965560346497,44.708264217472326,24.997129794980562,24.47249984741211,23.947869899843656,-0.7048753148518413,交叉混雜,10.0
4728,2026-08-26,398.2,393.75,389.725,382.56666666666666,7603.2,53.06546486775188,55.389132983293266,4.590059561775433,3.3980281010823896,1.1920314606930438,73.58748234756129,67.59414906292221,402.4424765785672,389.725,377.00752342143284,2.6364744371030797,多排,56.0
4729,2026-08-26,18.940000152587892,19.13999996185303,19.292499923706053,20.83916664123535,79947.2,27.43521692614536,27.208458564621573,-0.32556571723553773,-0.3428735291135151,0.017307811877977364,43.67804989456615,44.071853445382,20.552105142227152,19.292499923706053,18.032894705184955,-1.5161328229248197,空排,15.0
4735,2026-08-26,38.53000030517578,38.275000381469724,35.22500028610229,32.46750014623006,157499.6,55.96879244715706,65.25293617164871,1.9962851141864206,1.8108426378809215,0.18544247630549915,57.72339393147345,63.42556621494543,42.66723402125133,35.22500028610229,27.782766550953255,8.445707459684307,多排,76.0
4736,2026-08-26,140.7,141.0,135.35,129.31666666666666,424093.8,38.34285584931311,61.25162712771598,3.236009920365376,3.2837977671341134,-0.047787846768737374,46.594375557050846,54.58533859319958,147.78974953208734,135.35,122.91025046791265,1.9578869597340274,交叉混雜,68.0
4737,2026-08-26,56.98000030517578,57.07000045776367,56.22000026702881,56.46000016530355,25444.0,56.79783336584599,59.012126244689256,0.13555204009880129,0.01712478639390082,0.11842725370490047,58.623290288487766,54.18545515158402,58.353048784251754,56.22000026702881,54.08695174980586,1.7431527770471795,交叉混雜,37.0
4739,2026-08-26,84.66000061035156,86.05,84.31999969482422,98.54166679382324,939583.0,35.64691573003512,33.63328064218078,-1.3612387487803659,-2.1443548598865982,0.7831161111062324,65.84033664702662,54.70917937766723,94.20131647432211,84.31999969482422,74.43868291532632,5.075899898941286,交叉混雜,72.0
4741,2026-08-26,41.43000106811523,42.255000305175784,42.65250015258789,52.838333447774254,51571.2,27.79017753532047,24.313338180828907,-1.9512539532387976,-2.2625680637829584,0.3113141105441608,48.0741051705965,42.34600410921511,45.93089311301335,42.65250015258789,39.374107192162434,-1.4125805365967221,空排,85.0
4743,2026-08-26,48.12999954223633,47.675,46.45249996185303,48.74833335876465,2132658.2,39.22326733349042,51.41745136584027,0.0015058563433996142,-0.3103287763872829,0.3118346327306825,52.969917419078385,51.79248125544338,50.548000829323485,46.45249996185303,42.35699909438257,2.9008111001864045,交叉混雜,17.0
4744,2026-08-26,27.990000534057618,28.355000305175782,28.585000038146973,29.260000038146973,41717.8,22.21867097987537,29.13805851647944,-0.39623283709296686,-0.32698617486530657,-0.0692466622276603,42.83014368795905,44.62886624740524,30.228199253638156,28.585000038146973,26.94180082265579,-2.2214422751796628,空排,27.0
4745,2026-08-26,11.869999885559082,11.90999994277954,11.824999904632568,13.467500034968058,20853.2,44.091441768449634,46.93650001358075,-0.3498568236433037,-0.4363644629329857,0.08650763928968197,40.1366218898003,39.842234138446216,12.712041294027747,11.824999904632568,10.937958515237389,-0.2114140727215636,交叉混雜,3.0
4746,2026-08-26,51.19000015258789,51.72500038146973,52.230000495910645,52.50333340962728,842110.8,17.271227030709287,29.13070708081198,-0.5312923958050391,-0.11920674907566882,-0.41208564672937026,26.93144683976007,35.70765092676697,55.849452032274726,52.230000495910645,48.61054895954656,-5.992728301878179,空排,18.0
4749,2026-08-26,757.0,768.4,772.25,849.7,294988.4,29.269757755988323,28.23916246712655,-17.804166272939483,-19.203788884097065,1.3996226111575822,40.379097013046454,42.24902413295753,840.4999277038464,772.25,704.0000722961536,-1.974749109744254,空排,21.0
4754,2026-08-26,38.220000457763675,38.24500007629395,37.492500114440915,37.430000114440915,14910.2,36.896328789445825,52.664498038666906,0.3654311979045062,0.2932372629915456,0.07219393491296056,60.26805032750485,62.32952617893122,39.24457415345305,37.492500114440915,35.74042607542878,1.887045799397174,交叉混雜,50.0
4755,2026-08-26,116.0,116.2,115.2,127.75,209627.0,48.4454419192018,43.857364285057244,-2.0549633580431816,-2.867950998411863,0.8129876403686813,58.68849852836994,49.67902495963934,122.90099105037068,115.2,107.49900894962933,1.9965277777777752,交叉混雜,27.0
4760,2026-08-26,254.8,256.55,246.2,298.46666666666664,225414.2,31.780383430486474,35.712338739294026,-4.050429536430755,-7.523539202266924,3.4731096658361684,55.965132747985265,50.86631526499741,283.3885664376072,246.2,209.01143356239274,4.386677497969135,交叉混雜,77.0
4763,2026-08-26,47.50000076293945,49.18000030517578,49.40750007629394,47.63749993642171,8564650.6,16.956751407189167,22.360832610337987,-0.2872008958339336,0.41769237291028544,-0.7048932687442191,27.576739345337714,36.9340853340727,53.36161443377014,49.40750007629394,45.45338571881774,-7.099121681928526,交叉混雜,35.0
4764,2026-08-26,215.7,218.78007965087892,234.41503982543946,277.132738494873,1187418.8,35.59365723879848,25.28340955138909,-18.028355306662718,-18.547393051125297,0.5190377444625796,56.266563836781216,46.509251972169906,275.5778558199123,234.41503982543946,193.2522238309666,-1.8834285670096884,空排,97.0
4766,2026-08-26,348.6,341.5,333.1,344.14166666666665,235085.2,69.87200493847625,73.2649980092428,3.2657121322241096,0.8035038968221867,2.462208235401923,58.421404808518695,57.46172068704346,360.5314456514124,333.1,305.66855434858763,3.8727108976283326,交叉混雜,53.0
4767,2026-08-26,27.60999984741211,27.469999885559083,26.930000019073486,27.107500076293945,14624.2,48.303883040322454,49.315609748686626,0.231321889872536,0.09756667303120839,0.1337552168413276,76.39766542492245,67.36207911011624,28.24285127207356,26.930000019073486,25.617148766073413,4.71593294826021,交叉混雜,59.0
4768,2026-08-26,317.36896362304685,311.98448181152344,303.66724090576173,341.1724136352539,408702.0,48.67065027030277,51.659550709854514,-2.714150971899187,-6.340143145493506,3.6259921735943195,54.969076814605344,52.03629334975185,340.3753129984559,303.66724090576173,266.95916881306755,4.884543703165328,交叉混雜,81.0
4770,2026-08-26,208.8,213.1,214.5,217.54166666666666,269055.0,20.248567034282843,20.449694177118573,-2.659449367214677,-1.6559977811727862,-1.0034515860418907,41.177014337475406,42.367928839925995,224.47892516095223,214.5,204.52107483904777,-2.331002331002331,空排,16.0
4771,2026-08-26,202.7,201.0,197.7,196.88333333333333,157041.2,70.74458160799846,59.639266066591915,2.286849625901283,1.3376952178996493,0.9491544080016336,75.63005761883626,64.84003626049576,213.4158987552159,197.7,181.98410124478409,5.715730905412246,多排,70.0
4772,2026-08-26,258.1,255.3,245.225,260.025,487096.8,64.76707462795623,63.74152964805393,2.443458692130122,-0.35152414626130984,2.7949828383914315,64.1465366401003,57.9240431999718,276.43646044576764,245.225,214.01353955423235,6.228973391783059,交叉混雜,30.0
4806,2026-08-26,9.262000274658202,9.288000106811523,9.7135000705719,9.98266668319702,9469.4,44.284032270613714,35.481889610278564,-0.23147912256752612,-0.18321595558791567,-0.048263166979610445,38.17731515722594,36.44803681664648,10.630320001438385,9.7135000705719,8.796680139705416,-4.462864409854126,空排,6.0
4807,2026-08-26,29.120000076293945,30.244999885559082,32.58250007629395,36.861666742960615,289066.6,15.029371173551537,17.08458952307924,-2.3289224927334153,-1.8878220910845558,-0.44110040164885955,18.25140166956875,26.39864929542287,39.176139739641634,32.58250007629395,25.98886041294626,-15.138495960143993,空排,86.0
4903,2026-08-26,35.58000030517578,35.69000015258789,36.77000007629395,38.53083324432373,478414.6,40.7154907359773,28.090965104791962,-0.7280733917252249,-0.7205694514434255,-0.007503940281799348,56.36263308715848,49.24455727829312,41.45686904012336,36.77000007629395,32.083131112464535,-0.5983161239513758,空排,48.0
4904,2026-08-26,102.0,101.2,101.825,103.16999994913736,4644490.2,79.29584321462733,68.88587022492567,-0.19533983958561407,-0.2726985815625535,0.07735874197693943,47.845191871071854,48.38707983967868,104.97518796431665,101.825,98.67481203568336,-0.3191750552418393,交叉混雜,68.0
4905,2026-08-26,90.28000030517578,88.24999923706055,77.50499954223633,72.48833312988282,50284.4,58.160755695381425,67.53736728062333,6.222239037967427,4.668842537494338,1.553396500473089,73.9421697507625,73.53459135078373,100.59142478908262,77.50499954223633,54.41857429539004,17.282758612678876,多排,82.0
4906,2026-08-26,34.939999389648435,35.159999465942384,34.692499828338626,38.800000031789146,3041428.0,51.56722889660389,39.8822820628108,-0.3953552425368443,-0.7083535726441073,0.31299833010726297,70.80616436285386,57.993059119304014,38.84489568724598,34.692499828338626,30.540103969431268,7.371910886549247,交叉混雜,75.0
4907,2026-08-26,47.45,47.15,45.825,42.299166425069174,104906.2,56.270673924817444,65.83541884902777,1.47245155109227,1.4968377004066775,-0.024386149314407524,55.28545843853576,59.072235968579214,49.73658861546747,45.825,41.91341138453254,3.327874466167138,多排,79.0
4908,2026-08-26,158.8,157.5,152.65,169.55833333333334,2781101.8,65.62021884751508,52.379775304085314,1.2400453914922878,-1.5785502458842473,2.818595637376535,72.88559022895382,62.377865848716134,177.4589542408852,152.65,127.8410457591148,16.279069767441857,交叉混雜,90.0
4909,2026-08-26,38.20999984741211,38.25999984741211,37.869999694824216,42.25499973297119,204482.0,42.495418420377305,40.57042824703122,-0.6116523449461084,-0.9106629841157426,0.2990106391696342,60.68014227271605,51.72080650101954,40.49425950662437,37.869999694824216,35.245739883024065,2.587797167135485,交叉混雜,5.0
4911,2026-08-26,28.979999923706053,28.594999885559083,28.635000038146973,31.201666641235352,23376.6,85.52665164129594,71.06110572372127,-0.7405666229284584,-0.9590114132281725,0.2184447902997141,56.301737884221,44.69368966462201,29.75048943269949,28.635000038146973,27.519510643594458,1.2746637379667576,交叉混雜,6.0
4912,2026-08-26,90.36000061035156,91.01000137329102,89.5050006866455,88.26833356221518,497602.4,43.02211700457487,47.18908921082452,0.9528473172744185,1.0598410406820946,-0.1069937234076761,46.40418568646447,51.80681991806138,96.52031449915239,89.5050006866455,82.48968687413861,0.4413170618436069,交叉混雜,42.0
4915,2026-08-26,60.23999938964844,60.25,61.295000076293945,67.36833356221517,1597963.6,55.30353715599966,48.38227962909153,-1.606289849527144,-1.8349777757476449,0.22868792622050083,44.29293314589192,38.847558689922685,64.95270977132935,61.295000076293945,57.63729038125853,-1.7864414911355666,空排,9.0
4916,2026-08-26,100.11999969482422,101.30999984741212,101.25499992370605,105.20333302815756,1557741.2,28.088186233570475,25.65675205399436,-0.6159777020089763,-0.5716929114030465,-0.044284790605929825,57.38574350024074,51.31273098398987,110.5895933297264,101.25499992370605,91.9204065176857,1.2295689864520616,交叉混雜,89.0
4919,2026-08-26,117.4,119.65,121.35,151.475,2478571.2,32.399790710059776,27.069807433588103,-6.932563944931061,-8.148185422200989,1.2156214772699272,54.854521518298355,45.50295042659115,133.1826043758669,121.35,109.51739562413309,0.12360939431397255,空排,87.0
4923,2026-08-26,52.01999969482422,52.0,48.3524995803833,51.36249980926514,210599.4,41.56931738191385,50.21721161973544,0.9832652222164171,0.39807885233048834,0.5851863698859288,66.47278411400688,59.583753131886525,58.2881079830055,48.3524995803833,38.4168911777611,10.025337313735879,交叉混雜,88.0
4924,2026-08-26,9.747999954223634,9.773999977111817,9.867500019073486,11.283999983469645,12600.0,42.15288347741641,35.5691465046186,-0.29085352382418783,-0.3617523102886908,0.07089878646450298,46.11998003952134,43.085977454274285,10.283439111308535,9.867500019073486,9.451560926838436,-1.2921231082733078,空排,12.0
4927,2026-08-26,34.529999542236325,33.909999465942384,32.89999961853027,40.414999643961586,2419348.8,72.39084367910812,60.64187295100908,-0.6754331739129356,-1.4770861261411112,0.8016529522281757,76.72770071567729,59.205442370439684,37.480507109310885,32.89999961853027,28.319492127749662,10.942250526477507,交叉混雜,58.0
4930,2026-08-26,16.150000381469727,16.13999996185303,16.13499984741211,16.74833329518636,19125.4,68.53682802499438,63.06700241990963,-0.11371450596003285,-0.1513780340196948,0.037663528059661944,53.88021854172425,48.427692063654,16.400765781211742,16.13499984741211,15.869233913612478,0.40285662313016884,交叉混雜,11.0
4931,2026-08-26,260.4,262.3,237.15,237.19166666666666,5510291.0,43.45355922548915,62.22901427117835,11.324674002984125,10.644164198937933,0.6805098040461921,48.10631225494857,53.872991835024884,308.08814948694067,237.15,166.21185051305932,6.261859582542692,交叉混雜,89.0
4933,2026-08-26,54.220000457763675,54.11000022888184,54.750000190734866,61.26333338419597,53870.0,59.117869018885585,44.822554250676205,-1.3753829680167087,-1.753183121952305,0.3778001539355964,63.91703100356917,50.16585373904576,57.46719646591914,54.750000190734866,52.032803915550595,1.3698626605521975,交叉混雜,18.0
4934,2026-08-26,14.35,14.330000019073486,14.275000047683715,15.872500038146972,323436.2,62.94408448862373,50.33094469807851,-0.312304043989732,-0.4302421857079384,0.11793814171820638,61.16159103619125,50.19835454962126,14.874561208727291,14.275000047683715,13.675438886640139,2.2767098612987153,交叉混雜,52.0
4935,2026-08-26,34.05,34.44000015258789,34.56500034332275,36.41916675567627,57858.8,16.54657457690351,23.01815717429078,-0.49472146988056664,-0.45024615000792617,-0.04447531987264047,17.04530033446541,31.310109166237964,35.514293771093726,34.56500034332275,33.615706915551776,-2.936499627312405,空排,19.0
4938,2026-08-26,89.08000030517579,90.57000122070312,89.0050006866455,86.80666669209798,5916992.0,21.080584625865566,30.29825028068575,1.0790334447478358,1.4256734739561108,-0.34664002920827497,45.75144190561157,51.46335843822681,95.23412721078041,89.0050006866455,82.77587416251059,-0.005618433354219885,交叉混雜,72.0
4939,2026-08-26,68.97999954223633,65.12000007629395,61.30249996185303,61.576666577657065,26748406.6,79.23817747713954,63.11406542048062,2.9342867461374595,1.2515999453013014,1.6826868008361582,86.8225513925249,73.89106724690184,74.7237906443139,61.30249996185303,47.881209279392166,28.542886669863428,交叉混雜,97.0
4942,2026-08-26,33.28000106811523,33.29500045776367,33.78750019073486,36.19666678110759,66482.2,33.89026580810662,35.08314193849616,-0.7932991531018629,-0.8405331496059708,0.04723399650410787,31.775235893266668,31.431845662798793,34.869834073414765,33.78750019073486,32.705166308054956,-1.88678849058732,空排,23.0
4943,2026-08-26,8.35200023651123,8.40300006866455,8.489999961853027,8.747333319981893,18147.0,50.734938784565365,55.07815278004652,-0.11865015080011787,-0.09902911677650086,-0.019621034023617007,33.66892489637917,40.089348393891854,8.917575616959164,8.489999961853027,8.06242430674689,-4.593634654129949,空排,8.0
4946,2026-08-26,92.34000091552734,88.59000015258789,82.45499992370605,93.71666641235352,27610.0,78.49314046158035,81.87952052768402,1.275158182124784,-0.6721016444675953,1.9472598265923793,57.38422539253372,56.798587641451824,99.33070302863379,82.45499992370605,65.57929681877832,9.27172222119799,交叉混雜,11.0
4949,2026-08-26,71.04000091552734,71.31000061035157,68.51000061035157,76.50000019073487,313446.6,44.545522647563075,45.13725743826915,-0.009919312937441305,-0.7948319850449366,0.7849126721074953,63.67030103732334,56.083851250489374,78.96751351262452,68.51000061035157,58.05248770807862,7.4295691408889715,交叉混雜,82.0
4951,2026-08-26,77.26000061035157,77.8,78.46499977111816,88.5483331044515,107239.2,35.11142585926879,26.859134110336683,-2.1055331414240612,-2.5920965010577404,0.48656335963367914,60.75189931658942,47.93397810950719,82.31496080813217,78.46499977111816,74.61503873410415,0.6818329579333887,空排,30.0
4952,2026-08-26,51.34000015258789,51.35000038146973,49.78250026702881,52.2925001780192,542027.0,54.0431668640564,57.53368934507274,0.21942082347036518,-0.13802136593628694,0.3574421894066521,62.21187490385843,55.90672355806975,54.221475886779686,49.78250026702881,45.34352464727793,4.253505242790164,交叉混雜,74.0
4953,2026-08-26,122.7,123.65,124.375,127.26666666666667,91743.2,29.82926451414078,28.975012928335232,-0.6124399595442469,-0.39510390760791964,-0.21733605193632727,43.75858037897748,46.150271527844424,130.34752481213656,124.375,118.40247518786344,-1.105527638190955,空排,62.0
4956,2026-08-26,34.76999969482422,32.42999973297119,30.994999980926515,34.50083328882853,4781071.0,81.05082986648888,67.40592324278089,0.7656344662729424,-0.31538979877516465,1.081024265048107,75.95897339797321,67.41268163243069,37.44765297465564,30.994999980926515,24.542346987197394,22.923047257837727,交叉混雜,84.0
4958,2026-08-26,446.6,463.4,458.2,524.9583333333334,16734341.0,22.733315098997927,27.351576795291557,-15.655146229833349,-15.79229041168482,0.1371441818514718,43.57468500906154,44.11903353626955,519.8239871273734,458.2,396.5760128726267,-1.8987341772151876,交叉混雜,95.0
4960,2026-08-26,21.1,21.13999996185303,20.742500209808348,24.16833349863688,1965672.2,51.43321631628319,41.98008967483338,-0.3959793042275592,-0.680298543347791,0.2843192391202318,67.57769962864153,55.441274602827804,22.935857002455872,20.742500209808348,18.549143417160824,6.303478433298661,交叉混雜,77.0
4961,2026-08-26,165.1,164.9,163.5,165.83333333333334,165056.2,51.89459608900886,48.02425867502427,0.521483452391692,0.4220533030350929,0.0994301493565991,51.9538101299717,51.56627538938441,179.66363690184454,163.5,147.33636309815546,1.2232415902140672,交叉混雜,55.0
4966,2026-08-26,565.0,569.3,577.7,625.1333333333333,663100.6,39.83554186182449,31.914486729584354,-13.081895302467501,-14.094381059253147,1.0124857567856456,56.74933079617033,48.44917848383857,618.10375177992,577.7,537.2962482200801,0.2250302925393724,空排,14.0
4967,2026-08-26,273.0,269.6,264.925,256.5416666666667,6089926.6,56.839115859313964,54.79954664940547,7.628398456599598,7.2796308357208295,0.34876762087876845,56.14262169156325,57.57534554547427,301.56445960300266,264.925,228.28554039699733,2.8592998018307023,多排,93.0
4968,2026-08-26,90.85999908447266,91.71999969482422,93.98499984741211,103.68500010172527,281552.0,34.24208187019792,27.444019721756135,-3.057300273278017,-3.2525898551511037,0.19528958187308687,53.2002266163513,44.297783612499806,100.90659937217156,93.98499984741211,87.06340032265267,-1.4736408741178018,空排,5.0
4971,2026-08-26,560.4,538.8,486.15,487.775,2844253.0,62.002265649567725,69.01811057275704,30.328468948836132,21.57593095826078,8.752537990575352,56.800500100893515,57.99529085680836,633.999888311369,486.15,338.30011168863103,13.13380643834208,交叉混雜,94.0
4972,2026-08-26,16.61999969482422,16.589999961853028,16.560000038146974,16.7341667175293,4830.0,47.55696143143979,46.69827482717037,-0.019449147004394263,-0.04158172739995172,0.02213258039555746,61.92401069551452,53.26871242571018,16.730448236174766,16.560000038146974,16.389551840119182,0.5434757257003612,交叉混雜,43.0
4973,2026-08-26,155.7,155.4,151.325,161.51666666666668,1849715.8,47.065056983850866,48.936851821063534,1.4014631669151925,0.8225154839882536,0.5789476829269389,51.541857309267485,52.01657541240884,174.47729896507775,151.325,128.17270103492223,2.4285478275235497,交叉混雜,98.0
4974,2026-08-26,68.82000122070312,69.06999969482422,68.625,70.31499989827473,97045.6,35.840726284278816,42.98276367145025,-0.10141167321084765,-0.13286623634794828,0.03145456313710063,44.63651353569457,47.60447854368521,71.15222029640186,68.625,66.09777970359814,-0.18214936247723132,交叉混雜,23.0
4976,2026-08-26,38.27000122070312,37.95500030517578,37.23750019073486,36.5466667175293,3790066.0,54.45661366195404,48.10085545019306,0.7657830412304065,0.560780309752368,0.2050027314780385,75.00269936338685,64.28297818736283,39.79481720988536,37.23750019073486,34.68018317158437,8.492786355005945,多排,81.0
4977,2026-08-26,155.5,152.7,143.125,156.04166666666666,4786414.6,67.9192623198596,60.81821148958668,3.4943933716444064,0.47119188892300795,3.0232014827213987,70.33661431510473,62.97919883047239,173.45454960013947,143.125,112.79545039986053,19.12663755458515,交叉混雜,76.0
4979,2026-08-26,579.4,558.5,511.55,483.34166666666664,13741725.6,70.91588970615493,64.13390473139182,37.057891653393085,28.629115553513664,8.428776099879421,69.67606085185707,65.40053663944485,654.1140760832551,511.55,368.9859239167449,17.681556055126574,多排,94.0
4989,2026-08-26,62.480001068115236,63.57000160217285,63.770000267028806,76.70142777760823,3658213.0,34.94273142415601,25.297739588884117,-2.901961851572601,-3.5971269537244837,0.6951651021518828,66.45174022764976,51.85251960319315,73.04999593250113,63.770000267028806,54.49000460155648,4.908266027510767,空排,74.0
4991,2026-08-26,474.1,476.8,455.45,488.26666666666665,4647758.6,47.18203879775431,49.27228962538627,5.602564342643973,3.362525854399718,2.240038488244255,56.96412624106133,54.43385572685941,556.9450867361472,455.45,353.95491326385275,7.476122516192779,交叉混雜,93.0
4994,2026-08-26,84.43999938964843,84.32999954223632,86.59999923706054,89.25999959309895,17214.8,42.49949897410396,33.099667721313935,-1.8145063447374525,-1.7274985854605274,-0.08700775927692517,50.440743800157115,44.31570498717099,92.77635610512796,86.59999923706054,80.42364236899313,-1.8475741930212661,交叉混雜,28.0
4995,2026-08-26,48.93000030517578,49.28499984741211,48.86000003814697,46.86166661580403,12966.2,41.69835897043334,39.14714801383123,0.5686488049036882,0.7132633329185091,-0.1446145280148209,60.77457419220643,57.64434189208463,51.49810114812518,48.86000003814697,46.22189892816876,1.7191991898007766,交叉混雜,71.0
4999,2026-08-26,18.90999984741211,18.85500011444092,18.757500171661377,19.725833384195962,29361.8,66.87571767796578,58.42574723069221,-0.13558216218375208,-0.20486018858787367,0.06927802640412159,58.97338657409394,51.73044381500855,19.359491915318916,18.757500171661377,18.155508428003838,1.5593712526846955,交叉混雜,16.0
5007,2026-08-26,56.300000762939455,56.179999923706056,56.249999809265134,56.243333371480304,12847.6,70.89608965153977,62.96989904406334,-0.013367161384842063,-0.021329151214739175,0.007961989829897112,56.091267631847465,52.78011365534992,56.73340993630109,56.249999809265134,55.766589682229174,0.26666971932871913,交叉混雜,53.0
5009,2026-08-26,34.18000030517578,33.54500045776367,33.150000190734865,33.98416665395101,2582857.0,52.04729072125038,57.648774156616476,0.12823828022267492,-0.019464467698888398,0.14770274792156332,48.45522183990332,50.72156386803248,34.79220703701707,33.150000190734865,31.507793344452658,1.2066336169659462,交叉混雜,44.0
5011,2026-08-26,17.910000228881835,17.89000015258789,17.830000019073488,20.169166723887127,161234.6,44.815231224396804,30.02833455991769,-0.4888557216282088,-0.6680926035245478,0.17923688189633902,73.44448481250882,57.55015671974003,19.003568413170484,17.830000019073488,16.65643162497649,7.403250690099425,交叉混雜,85.0
5013,2026-08-26,27.710000228881835,27.35999984741211,26.39749994277954,26.64666665395101,17680.6,87.13252519630188,80.12912028962685,0.5294540461643784,0.27903159462589777,0.25042245153848064,69.18462463070702,65.19221090778268,28.789696661590185,26.39749994277954,24.005303223968895,6.449476057886569,交叉混雜,48.0
5014,2026-08-26,10.15,10.140000152587891,10.42750005722046,10.843333307902018,141303.2,20.082062864513126,17.405489230347676,-0.2147948101068078,-0.1932913408188432,-0.021503469287964594,40.47056247122651,39.232006728514484,11.185249327327327,10.42750005722046,9.669750787113593,-2.6612365108359097,交叉混雜,41.0
5015,2026-08-26,21.55,21.699999809265137,21.605000019073486,22.33500010172526,12600.6,31.974534163606883,40.98913344050138,-0.09117647745258495,-0.08341232450699973,-0.007764152945585218,34.668435133958155,42.50267956490333,22.332576831995514,21.605000019073486,20.87742320615146,-1.1802806636363763,交叉混雜,11.0
5016,2026-08-26,24.75,24.63000030517578,24.33750009536743,24.510000133514403,11800.0,76.89516639298287,76.78620834880854,0.1547909579190332,0.07082084932038182,0.08397010859865137,86.29815685313636,72.81446505778987,25.10655643891065,24.33750009536743,23.568443751824212,3.133026330208149,交叉混雜,50.0
5201,2026-08-26,26.550000381469726,26.280000305175783,26.310000228881837,27.137500127156574,27517.0,43.973451496271245,44.631413265471686,-0.13269386896896407,-0.22864068746449,0.09594681849552594,51.82868178381881,49.50117126539729,27.198286843789294,26.310000228881837,25.42171361397438,0.5321190909908495,交叉混雜,7.0
5202,2026-08-26,11.949999809265137,11.989999866485595,12.03499994277954,13.604166618982951,98087.6,26.259983805535683,25.06601238125458,-0.303661287000347,-0.36628362396665237,0.06262233696630537,47.875293048319165,41.974933058470576,12.616377707408544,12.03499994277954,11.453622178150537,-0.29081797213085203,空排,11.0
5203,2026-08-26,58.94000015258789,59.400000381469724,62.275,66.13833344777426,63891.6,27.48847699010785,20.02427659775954,-2.0653018911779952,-1.8029446777995797,-0.26235721337841555,34.785185540790636,34.25549298372188,68.8983633307467,62.275,55.6516366692533,-4.937774768463341,空排,7.0
5205,2026-08-26,20.56999969482422,20.85999984741211,21.35,22.62583344777425,2881.4,18.744268842681898,31.10860012671271,-0.5357180818846139,-0.46988139746431407,-0.06583668442029983,19.290224811717053,25.655256538922686,22.596469085967485,21.35,20.10353091403252,-4.683838962671076,空排,6.0
5206,2026-08-26,22.920000076293945,22.769402503967285,22.009701251983643,21.693273067474365,215331.6,85.3177782797776,77.7783804426287,0.5445886020439836,0.3872053781962809,0.1573832238477027,83.13265455716385,74.87581528264192,24.1904393557592,22.009701251983643,19.828963148208086,8.134131238676183,多排,33.0
5209,2026-08-26,160.5,161.2,159.475,162.94166666666666,60759.6,26.14094474965657,42.50516048658304,0.42228410838131936,0.37704761631221684,0.04523649206910252,33.162384162165964,45.12958578614837,165.34620538148744,159.475,153.60379461851255,-0.6113810942153907,交叉混雜,39.0
5210,2026-08-26,28.89000015258789,28.845000076293946,28.564999961853026,29.576666609446207,86890.0,56.495693579737434,49.73920603021018,-0.04831994424483099,-0.1771485278037302,0.1288285835588992,73.36178294952036,58.16475432965374,29.439251730901603,28.564999961853026,27.69074819280445,3.2732366161232798,交叉混雜,72.0
5211,2026-08-26,19.41999969482422,19.379999923706055,19.517499732971192,19.959999879201252,12960.6,40.942097607341225,27.521598647426707,-0.14494998083224075,-0.16771288089687783,0.022762900064637076,53.75659339203517,49.299393825556635,20.450674461474257,19.517499732971192,18.584325004468127,0.16651468955551146,交叉混雜,31.0
5212,2026-08-26,46.69000015258789,46.625000381469725,46.86250038146973,47.01000003814697,5403.8,37.15890368720362,31.3620822636926,-0.1375405307308668,-0.1211476348529206,-0.016392895877946206,45.73972798158991,45.93571976900232,47.67157745126333,46.86250038146973,46.05342331167613,-0.5601534387022029,交叉混雜,43.0
5213,2026-08-26,21.410000228881835,21.190000152587892,21.19250020980835,22.273333422342937,154730.8,76.38375725318734,72.2333123178909,-0.1868239309690516,-0.30368479066017917,0.11686085969112758,55.1627231326282,48.21923751925437,21.716929606884914,21.19250020980835,20.668070812731788,0.7431882510421353,交叉混雜,18.0
5215,2026-08-26,40.15,40.20500030517578,39.2875,41.71333338419596,92523.2,58.21267880008335,65.92755434993497,-0.06097708662878887,-0.2751210764585121,0.2141439898297232,41.63385409736812,46.24763262429639,41.38056577663465,39.2875,37.194434223365356,0.1590797941357743,交叉混雜,41.0
5220,2026-08-26,19.86999969482422,19.964999961853028,20.160000038146972,20.80833339691162,13007.2,48.743794453964334,43.788193028969644,-0.23402715749855219,-0.220564307088419,-0.013462850410133176,38.775774478973446,38.1407191454387,20.732713039134758,20.160000038146972,19.587287037159186,-1.2896846186742206,空排,43.0
5222,2026-08-26,105.6,111.6821418762207,112.16607093811035,116.85535697937011,224438.2,14.45874085946029,25.46388622030683,-2.903387041481764,-1.879180429484238,-1.0242066119975262,32.10414394280056,37.4917543138674,124.14865577925104,112.16607093811035,100.18348609696966,-5.94303685807848,空排,13.0
5225,2026-08-26,59.859999084472655,60.26999931335449,65.49999942779542,70.57999960581462,172035.4,20.54069086274197,13.859973820826282,-3.4205996605438713,-3.0414162296684646,-0.37918343087540674,30.637580769955292,28.42954992154037,78.32087114491911,65.49999942779542,52.679127710671715,-8.244276337173204,空排,3.0
5227,2026-08-26,31.079999923706055,32.32500019073486,33.480000019073486,33.53154017130534,226674.6,20.720777371445475,21.494495147102608,-0.9383713907420628,-0.5100459814199432,-0.4283254093221196,40.767099577486384,41.50756461914761,37.06937018606317,33.480000019073486,29.8906298520838,-5.7646379358226465,空排,77.0
5228,2026-08-26,41.00000076293945,42.025000381469724,40.93000030517578,53.22749983469645,147527.6,23.281438853228433,30.576958948476292,-1.6662609968193038,-2.155635756766699,0.489374759947395,43.16280009660419,42.80483896257432,45.737494679121035,40.93000030517578,36.12250593123053,-0.07329288803616628,交叉混雜,88.0
5230,2026-08-26,17.639999771118163,17.684999656677245,17.630000019073485,18.91166664759318,76773.0,44.34589339177339,38.38053072223035,-0.24337517892100635,-0.3239743080710685,0.08059912915006212,64.66974307215096,51.8796935722028,18.27758662193274,17.630000019073485,16.98241341621423,2.098695295100515,交叉混雜,59.0
5234,2026-08-26,300.1,307.9,316.575,354.9916666666667,144818.0,12.158267925183313,16.708678142552472,-13.200507452020986,-12.649660242366872,-0.5508472096541137,33.00113420107043,35.665082646613314,348.94664938971493,316.575,284.20335061028504,-5.235726131248516,空排,17.0
5236,2026-08-26,136.5,137.1,140.275,153.36666666666667,69904.8,34.895926109114626,25.508825749052463,-4.095076692670972,-4.495685460409853,0.40060876773888143,55.51928979494995,44.524513568029754,149.50010875702404,140.275,131.04989124297597,-0.9089288896809877,空排,39.0
5243,2026-08-26,89.06000213623047,89.32000045776367,86.82000045776367,96.05500030517578,577822.4,57.847880363269354,51.9822785616002,-0.4339687889049344,-1.2623625356831898,0.8283937467782554,66.95273383984626,55.84148765045105,96.94794006286396,86.82000045776367,76.69206085266337,5.160104319710966,交叉混雜,53.0
5244,2026-08-26,34.119999694824216,33.63999977111816,32.88249979019165,34.454166348775225,148799.2,69.17627026273377,63.20835490074314,0.28386900662508197,-0.019722174636660893,0.30359118126174284,77.45726422511424,64.37342608656503,35.82319013753739,32.88249979019165,29.941809442845916,6.287541962866537,交叉混雜,23.0
5245,2026-08-26,23.3,23.38999996185303,23.164999866485594,24.984999879201254,15232.0,28.666703281449095,30.166344398150734,-0.273678990281514,-0.3580936989598548,0.08441470867834083,37.67325812697855,41.83516622888462,24.297812016624107,23.164999866485594,22.03218771634708,-0.06475393067894095,交叉混雜,24.0
5251,2026-08-26,25.059999465942383,25.249999809265137,25.342499923706054,28.369999853769936,14980.0,28.089666723194522,27.680670378414028,-0.6642728064208043,-0.7837647083071311,0.11949190188632675,50.8179102676749,42.750849407522644,26.373225457269,25.342499923706054,24.311774390143107,-0.16770518604500742,空排,8.0
5258,2026-08-26,47.91999969482422,48.13499984741211,50.097500038146975,50.67749970753987,231459.4,31.757024919960053,24.835993647464228,-1.0838377737222231,-0.8523348023134469,-0.23150297140877618,40.467033870529846,41.56244414107154,54.78078282560008,50.097500038146975,45.41421725069387,-4.087031886875293,空排,16.0
5263,2026-08-26,89.11999969482422,89.27000045776367,90.90500030517578,96.86078364054362,233312.6,44.97835925096143,32.27030226946346,-1.9071784962154084,-2.034314223098672,0.1271357268832638,49.890385888902664,44.04412696458209,94.76653781459649,90.90500030517578,87.04346279575506,-1.2155516745045858,空排,31.0
5269,2026-08-26,1422.0,1412.5,1397.25,1434.5,320677.0,63.07081474788046,58.364529608678374,-0.08460488492414697,-6.0870952923764445,6.002490407452298,63.25465233385141,56.22562775410275,1483.4245474695394,1397.25,1311.0754525304606,4.13311862587225,交叉混雜,56.0
5272,2026-08-26,17.04000015258789,17.315000152587892,17.505000114440918,19.491666762034097,52646.6,31.295310924927694,27.195122240860172,-0.5337659364474732,-0.5827246062323439,0.048958669784870734,42.841644787500776,38.61964692246491,18.412222602491624,17.505000114440918,16.59777762639021,-1.7423556098685924,空排,13.0
5274,2026-08-26,15426.0,16221.5,16044.25,15423.477197265625,183031.2,21.086896530041884,27.29142541444152,155.67380453431906,351.08084689270083,-195.40704235838177,40.424120466641,47.57998510665739,18214.14515875765,16044.25,13874.35484124235,-3.298689561680976,交叉混雜,94.0
5276,2026-08-26,19.13000030517578,19.205000114440917,19.07749996185303,18.945833237965903,31600.0,37.478072070297124,56.70769787018511,0.009676023625065255,0.07659855897914371,-0.06692253535407845,33.709104882101016,41.921634705179336,20.093930592241186,19.07749996185303,18.06106933146487,-3.8133905482269435,交叉混雜,67.0
5278,2026-08-26,24.479999923706053,24.455000114440917,24.444999980926514,24.311666615804036,78872.0,58.64426683682172,50.019833071169415,0.0761834981223437,0.06279568939616191,0.013387808726181796,76.8528144704326,62.38934911160368,25.109038720704994,24.444999980926514,23.780961241148034,1.8613198525619865,多排,28.0
5283,2026-08-26,58.74000091552735,57.900000381469724,55.925,54.261666742960614,100692.6,80.41507879149697,76.03893978680043,1.4569962736129227,1.0264175867745378,0.43057868683838496,75.88141789028464,72.04562655754927,60.382460705994305,55.925,51.46753929400569,6.392489941886461,多排,58.0
5284,2026-08-26,322.3491149902344,311.1245574951172,302.1872787475586,332.8374262491862,642033.2,56.506710107291156,58.976232947630706,2.4102151954772353,-2.3771329457587616,4.787348141235997,60.26712429199061,56.57306431565862,338.0730182964281,302.1872787475586,266.3015391986891,6.225517278692989,交叉混雜,61.0
5285,2026-08-26,78.25999908447265,78.21999969482422,76.84000053405762,86.43333371480306,811458.2,60.165644100877806,51.94972494935139,-0.9783112541298067,-1.871968504475374,0.8936572503455673,69.61769825522165,57.18201264031808,84.3719385136312,76.84000053405762,69.30806255448404,7.36595448542938,交叉混雜,84.0
5287,2026-08-26,154.6,154.5,150.525,149.05,61269.4,56.3074702286484,63.61409192223181,1.8965168847242353,1.4487231542760342,0.44779373044820114,57.15803826009306,62.293198627865756,159.3417006599032,150.525,141.7082993400968,2.308586613519345,多排,39.0
5288,2026-08-26,189.8,190.25,190.475,186.325,39251.2,40.716285824813475,41.74380900880617,0.7032092972402779,1.2890852637018213,-0.5858759664615434,48.83165739779842,50.19748111936038,196.98390078842982,190.475,183.96609921157017,-0.2493765586034883,交叉混雜,83.0
5289,2026-08-26,1528.0,1515.5,1473.0,1568.75,2189068.8,51.271441066768,52.90493654791772,18.997015833466094,8.651777931292148,10.345237902173945,50.61436198893894,52.2531128902333,1667.4059778158285,1473.0,1278.5940221841715,2.5118805159538358,交叉混雜,97.0
5291,2026-08-26,57.71999969482422,56.660000228881835,53.79250030517578,57.12391109466553,590024.8,62.12955396155989,55.81882459311665,1.0814033581352689,0.32063160600263757,0.7607717521326314,75.50278558209158,64.61500887596563,63.33256870841723,53.79250030517578,44.25243190193433,11.167911693643179,交叉混雜,90.0
5292,2026-08-26,214.5,205.15,186.55,188.24090855916342,432391.4,83.687826257112,86.77596511737158,10.276929758197213,6.0791323262782,4.197797431919012,75.421359302114,71.8537201170978,230.6621775763368,186.55,142.43782242366322,15.786652372018217,交叉混雜,81.0
5299,2026-08-26,99.01999969482422,99.85999984741211,101.05499992370605,107.62000007629395,197791.8,26.281699863651184,17.734235398734782,-1.4689904413439336,-1.7679737847426678,0.2989833433987341,59.689640506112895,49.957909777122374,106.28224620566645,101.05499992370605,95.82775364174564,-0.054425732272101866,空排,73.0
5301,2026-08-26,5.470000076293945,5.534000015258789,5.432500052452087,6.069500033060709,21810.6,42.49929855087119,47.81349518679378,-0.1046619664599513,-0.14979391547450982,0.045131949014558526,54.77746310930095,49.81428979852145,5.763360127390561,5.432500052452087,5.101639977513614,2.5310652164140484,交叉混雜,2.0
5302,2026-08-26,10.339999961853028,10.540000057220459,10.49350004196167,11.544666703542074,228493.6,20.180102240716472,23.29839574718487,-0.23539851384947674,-0.26160427865141767,0.026205764801940923,47.25929158907656,45.0241693107407,11.52694663067683,10.49350004196167,9.46005345324651,-0.41454455160417497,交叉混雜,44.0
5306,2026-08-26,95.19999847412109,94.90999908447266,93.94499931335449,89.85833307902018,71979.2,39.477399483230926,43.31796833904099,1.278143826749428,1.5178259647877426,-0.2396821380383145,48.484226042005574,53.955013108212,100.03501656611977,93.94499931335449,87.85498206058921,0.8036592052860619,多排,63.0
5309,2026-08-26,52.52000045776367,53.19000015258789,52.69750003814697,59.92416648864746,619487.6,35.99390520270015,36.130821530221034,-1.053651599232822,-1.3371115799025546,0.28345998066973266,53.30958393963957,47.39219233896967,57.931042949430775,52.69750003814697,47.463957126863164,0.953557046214204,交叉混雜,23.0
5312,2026-08-26,91.85999908447266,90.78000030517578,89.93500061035157,91.59000015258789,31558.8,81.52346983408651,75.46039726297514,0.286574101063394,-0.1157391550247045,0.4023132560880985,68.24525337621662,57.80118500829692,92.62632994692652,89.93500061035157,87.24367127377661,2.2961020466271638,交叉混雜,33.0
5314,2026-08-26,28.85,23.404610633850098,40.3448052406311,54.19660177230835,2793797.8,66.01015850087555,44.322228655720096,-8.257456315757402,-8.228326595899002,-0.02912971985839974,57.12665687744933,44.5686341558788,76.9179726767986,40.3448052406311,3.7716378044636087,-14.363202323095189,交叉混雜,1.0
5315,2026-08-26,19.220000076293946,19.104999923706053,19.15999984741211,20.6349999109904,80774.2,64.57545440721702,54.1616313373941,-0.2227772543792348,-0.32627571834904356,0.10349846396980877,58.29266288151727,47.50539577885202,19.454868179190324,19.15999984741211,18.865131515633895,0.46972940138121505,交叉混雜,19.0
5321,2026-08-26,76.78000030517578,72.14000015258789,63.304999923706056,56.08916670481364,729836.6,91.11335958469299,89.92237718552565,6.351075866855112,4.358938941589892,1.9921369252652203,82.0049415306347,77.27464220516035,83.58550441315262,63.304999923706056,43.0244954342595,25.74046057981747,多排,95.0
5324,2026-08-26,12.260000038146973,12.239999961853027,12.222499990463257,12.128333361943563,184744.2,70.1993000149576,67.29473353098888,0.04756736887165047,0.05162996056858359,-0.00406259169693312,43.119601158390346,49.760487430185584,12.453003016478617,12.222499990463257,11.991996964447898,-0.18408820794171807,多排,67.0
5328,2026-08-26,62.24000015258789,63.78999977111816,63.954999923706055,61.48749987284342,5105088.4,26.871012380358547,26.159142443877204,-0.18747218515743924,0.26583810573174804,-0.4533102908891873,44.719133905100556,47.606584968511775,69.3044615992698,63.954999923706055,58.60553824814231,-2.118679464000289,交叉混雜,97.0
5340,2026-08-26,78.07999877929687,77.85999984741211,73.7299997329712,80.9333334604899,2677427.0,53.5328563414874,53.94941278480989,0.6856659032795704,-0.3394055881171182,1.0250714913966887,65.69542394144645,58.28275233972484,86.86622482681511,73.7299997329712,60.59377463912728,9.317779419545714,交叉混雜,48.0
5344,2026-08-26,13.449999618530274,13.554999828338623,13.824999952316285,15.124166615804036,40520.4,9.64225735010612,18.704064060678675,-0.42561446513922974,-0.4443947093527688,0.018780244213539077,28.909693987599027,34.582460718292396,14.567329333826432,13.824999952316285,13.082670570806137,-3.0741434737929616,空排,28.0
5345,2026-08-26,21.979999923706053,22.010000038146973,22.320000076293944,25.093333276112876,14248.6,43.26842313381845,37.921898928586614,-0.49846513383070246,-0.5922109261944734,0.0937457923637709,59.15955028210436,52.089890944278785,23.97542206337489,22.320000076293944,20.664578089213,2.822583711881939,空排,59.0
5347,2026-08-26,152.0,155.2,153.7,168.25,8298844.2,28.96762587660544,35.51594643144377,-3.19545174180368,-3.599519701304666,0.40406795950098573,49.0962285847887,46.851720858971404,165.6313827671716,153.7,141.76861723282838,-0.13012361743655734,交叉混雜,79.0
5348,2026-08-26,16.469999694824217,16.585000038146973,16.65750026702881,16.494166771570843,1625.0,62.0457836217237,69.58042561923239,-0.03398260579104573,0.016097213936824208,-0.050079819727869936,39.39431508380459,44.91109733328346,17.117792188691894,16.65750026702881,16.197208345365723,-2.146186548025366,交叉混雜,41.0
5351,2026-08-26,118.3,123.75,110.15,96.15500005086263,18638825.8,28.13521550820256,43.383226462439005,7.929927900897852,8.651080342608404,-0.7211524417105526,48.053889505693434,55.33826575868405,150.0634593689302,110.15,70.2365406310698,6.218792555605987,交叉混雜,96.0
5353,2026-08-26,28.029999923706054,28.080000114440917,28.13499994277954,29.768333212534586,25529.2,41.39136312893617,38.8074656108231,-0.2115281084439964,-0.25439185276057186,0.04286374431657547,45.686572909279974,45.07040187473525,28.978614113989387,28.13499994277954,27.291385771569693,-0.30211731257105506,空排,66.0
5355,2026-08-26,5.905999946594238,5.789999961853027,5.720500016212464,6.132833337783813,42011.6,74.30623521464443,66.80708945717477,-0.026677855334161116,-0.06439505917543983,0.03771720384127872,56.10434905853849,52.153912888339356,6.325374018123622,5.720500016212464,5.115626014301306,3.3126445356626926,交叉混雜,10.0
5356,2026-08-26,25.95,25.964999961853028,25.339999866485595,26.192500019073485,119216.2,46.7172925814417,53.226240805325176,0.16720786310270697,0.039976424781900985,0.12723143832080597,71.81449481891849,64.30817572017594,26.84982745721747,25.339999866485595,23.83017227575372,3.1965262680051363,交叉混雜,54.0
5364,2026-08-26,8.545999908447266,8.596000003814698,8.678500032424926,8.692500019073487,33797.6,24.676721845664122,19.532283222079982,-0.05186088402363076,-0.034217957421217145,-0.017642926602413615,47.12661267706849,45.33671925461036,8.908765558476365,8.678500032424926,8.448234506373488,-1.134990013837092,空排,5.0
5381,2026-08-26,24.600000381469727,24.350000190734864,23.94000005722046,26.448333326975504,299542.6,69.16598823648309,57.93626616576226,-0.09577341270528095,-0.3520531545281621,0.25627974182288116,74.36787248377149,59.24417878336277,25.734318669245024,23.94000005722046,22.145681445195894,5.68086539928768,交叉混雜,30.0
5386,2026-08-26,236.3,241.75,249.525,280.23333231608075,798544.8,23.20513009398592,24.986068578684176,-7.838102513724863,-6.824680284470558,-1.0134222292543047,41.604007022547954,43.69863273201943,295.3018902854975,249.525,203.7481097145025,-5.019537120529007,空排,97.0
5388,2026-08-26,77.43999938964843,78.39000015258789,83.19000015258788,83.98666661580404,2774724.8,10.66707105608511,10.265529000589009,-2.3351672359977016,-1.4481285888559174,-0.8870386471417842,24.659354342532225,35.37206799987763,95.33437700609903,83.19000015258788,71.04562329907674,-7.080174408013685,空排,24.0
5392,2026-08-26,45.90999984741211,45.76999969482422,44.54499969482422,44.339166450500485,1494410.0,44.194559850978244,39.701312193446284,0.8067574208738648,0.6349434921750383,0.1718139286988265,67.14242531000356,60.2950716905834,51.02297013889297,44.54499969482422,38.06702925075547,6.072511670687203,多排,70.0
5398,2026-08-26,14.250000190734863,14.16500015258789,14.145000076293945,15.663333320617676,62013.4,64.2616339463784,53.008097985078734,-0.2536255040741935,-0.3799919951690415,0.126366491094848,67.22830296358808,52.37559325786467,14.466018198514922,14.145000076293945,13.823981954072968,2.5097201964743054,交叉混雜,6.0
5403,2026-08-26,92.6,92.25,92.31499977111817,93.21833356221516,19200.2,66.04438609235032,58.24509864055443,-0.22556703149604118,-0.3216066247911888,0.09603959329514761,53.681604459226406,49.64216201086043,93.6609894049354,92.31499977111817,90.96901013730093,0.3087241550230627,交叉混雜,30.0
5410,2026-08-26,36.48000030517578,36.15499992370606,35.70250015258789,39.600000063578285,211841.0,87.41757456429437,77.17304280086516,-0.4245083896025079,-0.8050716466201137,0.38056325701760574,69.77759424735477,54.4052901208656,37.59611124305653,35.70250015258789,33.80888906211925,3.634198842845081,交叉混雜,69.0
5425,2026-08-26,89.81999969482422,89.66000061035156,85.34000015258789,100.45333366394043,18106822.2,53.74408745478159,50.30995380438057,-0.9456794608690586,-2.672871750012675,1.7271922891436162,73.00533840407658,59.63188949690497,98.41024105423446,85.34000015258789,72.26975925094132,13.194279706351452,交叉混雜,85.0
5426,2026-08-26,27.780000305175783,27.785000228881835,27.01750020980835,29.57166681289673,649009.8,41.23788968995561,36.54370884251378,0.140995868567245,-0.03267926035202666,0.17367512891927167,64.97819138409226,56.305906249667615,31.053036048919246,27.01750020980835,22.981964370697455,5.487183413265774,交叉混雜,85.0
5432,2026-08-26,146.9,145.8,127.31500015258788,135.05500005086262,166157.4,56.33150277732235,70.41195383809206,6.194619059603269,3.563145896842436,2.6314731627608334,57.601816759389465,60.51367278252572,167.59351819072938,127.31500015258788,87.03648211444639,13.105289893111596,交叉混雜,63.0
5434,2026-08-26,522.4,525.9,516.875,512.8083333333333,474297.6,32.6776684910387,36.61706353809488,1.777784623760681,1.5661945081110975,0.2115901156495834,56.906838080640604,53.349652121563345,548.5806777249904,516.875,485.1693222750095,2.7327690447400244,交叉混雜,88.0
5438,2026-08-26,16.75999984741211,16.88499984741211,16.944999933242798,18.14666666984558,27529.4,9.392258309412819,16.163172709081223,-0.303169457166085,-0.3240193671019759,0.020849909935890865,35.463289987579614,40.25157938123311,17.75409274535163,16.944999933242798,16.135907121133965,-1.7409283911166684,空排,14.0
5439,2026-08-26,242.8,243.5,234.4,284.7416666666667,1823320.4,37.32237023632017,38.358692319261955,-5.890963670266785,-9.999298683656408,4.108335013389622,66.29006783322419,53.36032612775023,268.4720598607982,234.4,200.32794013920181,6.655290102389076,交叉混雜,9.0
5443,2026-08-26,103.4,104.75,100.23999977111816,104.12666664123535,602368.2,32.56934948388509,35.84255321220832,0.8722072941645678,0.5177084649194441,0.35449882924512366,52.99901477015947,52.822139663571164,117.4679326266401,100.23999977111816,83.01206691559622,3.750997842644841,交叉混雜,61.0
5450,2026-08-26,15.05,15.125,14.8125,14.964166736602783,64402.8,34.18983051945677,44.49102462454202,0.011549686027331418,0.008807190605001645,0.002742495422329773,47.9027782516115,49.39371082310664,15.84506179338833,14.8125,13.77993820661167,1.2658227848101267,交叉混雜,71.0
5452,2026-08-26,27.170000076293945,27.045000267028808,26.50250024795532,29.7441668510437,301379.0,64.17747859503757,60.32264142732595,-0.26286237625965114,-0.5683667875650509,0.30550441130539974,68.95024397097367,56.66642892891075,28.681460946288528,26.50250024795532,24.323539549622115,5.273085020281321,交叉混雜,53.0
5457,2026-08-26,27.14000015258789,27.160000038146972,27.539999961853027,31.117499796549478,193998.2,42.78051842625446,34.69406472508993,-0.9128776640502849,-1.0380332332506819,0.12515556920039694,42.82834619635494,38.85069176603833,28.9375915988218,27.539999961853027,26.142408324884254,-1.416123252951932,空排,8.0
5460,2026-08-26,16.35,16.13499994277954,16.05499987602234,16.119166549046835,40656.0,69.03652075000022,56.65549543400567,0.05099174051175481,-0.040641533456850114,0.09163327396860493,72.47827947686979,60.15758368425103,16.65578894562372,16.05499987602234,15.45421080642096,4.017445605094043,交叉混雜,69.0
5464,2026-08-26,70.05999755859375,71.86999816894532,67.74999885559082,78.2849999109904,378033.8,41.5669822040432,46.917555092559,-1.4996596008740681,-2.411339924103789,0.9116803232297208,63.950867105667214,53.23049538294136,77.65278863552454,67.74999885559082,57.84720907565709,8.04427776341081,交叉混雜,95.0
5465,2026-08-26,24.18000030517578,24.16500015258789,22.957500076293947,24.10666675567627,29077.4,64.47862492769015,70.91721836573001,0.3469798012560332,0.12479699587989931,0.2221828053761339,65.44036187143729,60.96743788288038,25.66485393122147,22.957500076293947,20.250146221366425,5.629968068869556,交叉混雜,12.0
5468,2026-08-26,26.690000152587892,28.10500011444092,27.159999942779542,26.592499860127766,202550.4,17.726409975847947,29.164125658157378,0.18724185069435606,0.5361105243594965,-0.3488686736651404,29.97749418154632,42.44466290366111,32.25288490502909,27.159999942779542,22.067114980529997,-5.7437391921811844,交叉混雜,87.0
5469,2026-08-26,71.31999969482422,72.86999969482422,71.73999996185303,77.82833296457926,982564.6,23.211315004904424,28.221005230188986,-0.8013055162803511,-0.9543955412045103,0.15309002492415924,50.82089945927508,48.19121647767425,78.96143042574782,71.73999996185303,64.51856949795824,0.7806009063319737,交叉混雜,18.0
5471,2026-08-26,56.939999389648435,57.28999977111816,55.70500011444092,57.26750005086263,1471722.6,46.97839238464751,46.790881764381496,0.22422142996200023,-0.023592303070863505,0.24781373303286375,65.75512076594187,57.138548908236274,61.115506361581325,55.70500011444092,50.29449386730052,5.017502701403829,交叉混雜,85.0
5474,2026-08-26,154.0,157.15,151.8,159.575,133124.2,31.82884287540341,46.05495611367612,0.5883517715465132,0.30488812774243323,0.28346364380407996,48.38168871039635,50.60363009294567,166.63026776917076,151.8,136.96973223082927,1.449275362318833,交叉混雜,41.0
5475,2026-08-26,172.2,172.6,148.675,192.63333333333333,1572322.0,69.57378348249107,73.97556830908621,2.4233823285270546,-3.4674491642226246,5.89083149274968,64.55810697341056,59.05500206283559,201.88093061521738,148.675,95.46906938478264,19.72423070455691,交叉混雜,93.0
5478,2026-08-26,98.84000091552734,99.0000015258789,99.17500114440918,101.25166714986166,37067.8,13.132819268348912,17.59851967874719,-0.3864346737762503,-0.40590957974135117,0.019474905965100875,41.685765569830494,44.14993277859115,100.49029495171041,99.17500114440918,97.85970733710795,-0.378117558179133,空排,48.0
5481,2026-08-26,20.79000015258789,20.020000076293947,19.937499904632567,20.5174999554952,407752.8,76.75884190156577,67.91132590214013,0.041969075829626945,-0.17050116880212943,0.21247024463175637,57.81077495048215,55.483499793274554,21.258135940659326,19.937499904632567,18.616863868605808,3.8244557339394176,交叉混雜,54.0
5483,2026-08-26,181.5,183.1,177.05,187.30833333333334,19808178.0,36.13868852789423,40.88508311825394,-3.0170635540740136,-3.81807684097994,0.8010132869059263,48.089635097761104,47.48256774227082,196.7741503052251,177.05,157.32584969477492,1.948602089805133,交叉混雜,88.0
5484,2026-08-26,40.42999954223633,40.339999771118165,40.68499984741211,44.7125,182998.4,38.16869858552961,32.25645713446446,-0.7551236788599525,-0.8766717333248204,0.12154805446486794,46.006246164365244,45.661527137130626,44.584000537222934,40.68499984741211,36.78599915760128,-0.9462962069448065,交叉混雜,45.0
5487,2026-08-26,29.870000457763673,29.450000381469728,29.22750015258789,28.549166679382324,68225.6,46.06281000084046,52.17670314540497,0.3101359396512251,0.29394167120069764,0.01619426845052746,51.0290871792062,53.23480021873929,30.460159109499887,29.22750015258789,27.994841195675892,0.9323405901615645,多排,59.0
5488,2026-08-26,12.329999732971192,12.494999980926513,12.78999991416931,13.548333342870077,225691.6,22.614138119336033,19.413336767064127,-0.4124759563925746,-0.37103941969985754,-0.041436536692717074,42.84598486398882,40.87258007014613,13.805977497989684,12.78999991416931,11.774022330348938,-2.658327655870485,空排,74.0
5489,2026-08-26,41.41999969482422,42.06500015258789,41.885000228881836,47.631666882832846,45446.6,18.879923753409738,26.214569700357835,-1.5272703580374483,-1.755984305163262,0.22871394712581372,40.99027195241114,40.93505386585194,43.97636199003021,41.885000228881836,39.79363846773346,-1.635429060998407,交叉混雜,55.0
5490,2026-08-26,29.279999923706054,29.95999984741211,31.04749994277954,30.257500076293944,558657.8,9.744850287654799,10.413185145467478,-0.5286786921129014,-0.19457138360296283,-0.3341073085099386,32.61034762475404,40.699145186346,34.43951482536122,31.04749994277954,27.65548506019786,-6.272645349541997,交叉混雜,64.0
5493,2026-08-26,78.46000061035156,78.9900001525879,78.12999992370605,84.9466667175293,42433.2,28.794392120040534,29.887434775028424,-0.9622909499122443,-1.3107000257238035,0.3484090758115592,59.41789695025029,49.93873322596282,82.738961497077,78.12999992370605,73.5210383503351,1.6254980204953424,交叉混雜,25.0
5498,2026-08-26,51.84000015258789,51.45,49.45750007629395,55.38583329518636,2437281.0,57.670141719071104,47.413753968103194,0.09516447123149874,-0.6876160462136879,0.7827805174451866,73.93698473003606,60.758572198092715,57.69248724119187,49.45750007629395,41.222512911396024,11.004400629205415,交叉混雜,85.0
5508,2026-08-26,53.17999954223633,52.869999694824216,52.51499996185303,54.29666652679443,187443.0,42.01276376161671,45.421534128611064,-0.07686155703976993,-0.17450118994194652,0.09763963290217659,47.916159660926944,48.88160045342124,55.244391331637246,52.51499996185303,49.78560859206881,0.54270070534998,交叉混雜,35.0
5511,2026-08-26,72.25999908447265,71.32999954223632,70.89999961853027,67.80396067301432,151095.2,52.55884934795461,49.03975993952409,0.7636062708287312,0.8589850916633706,-0.09537882083463933,45.40562396372577,51.67015766548606,73.05406555630276,70.89999961853027,68.74593368075779,0.4231274066657503,多排,80.0
5512,2026-08-26,7.784000015258789,7.766000032424927,7.746999955177307,7.870166683197022,650910.6,34.84291519921662,44.649374295301946,-0.013412693619029525,-0.015463059563222772,0.0020503659441932463,40.570697437882075,45.66067989600511,7.88798903229157,7.746999955177307,7.606010878063044,-0.21943895962538915,交叉混雜,52.0
5514,2026-08-26,14.570000076293946,14.485000133514404,14.130000019073487,13.89833335876465,15029.8,89.32270190485374,89.38116060932894,0.22568168386208143,0.16964349656789818,0.05603818729418325,70.32212590180565,66.54472020669404,14.932233962463483,14.130000019073487,13.32776607568349,2.9724003616025207,多排,32.0
5515,2026-08-26,53.900000762939456,52.955000686645505,48.097500801086426,43.924166997273765,624319.0,71.95871137886238,80.79551180743381,3.114846757399121,2.649048494695678,0.4657982627034434,58.516353628481276,65.035205008339,58.591482562337426,48.097500801086426,37.603519039835426,9.777012022770009,多排,91.0
5516,2026-08-26,11.90999984741211,11.90999994277954,11.9875,11.115833377838134,31108.2,37.59937870972673,33.049917883314244,0.2291231785016965,0.3073155354955587,-0.07819235699386218,49.947301074941336,53.71902930983505,13.327914491182533,11.9875,10.647085508817469,-0.3128274513857267,交叉混雜,43.0
5519,2026-08-26,27.89000015258789,27.820000076293944,27.870000076293945,29.92166649500529,115644.8,55.824817437838334,47.16708227536214,-0.3603580933230397,-0.4946666266427007,0.13430853331966103,57.26201348769202,44.32736580983868,28.130364385041425,27.870000076293945,27.609635767546465,0.2870494669053002,交叉混雜,41.0
5521,2026-08-26,10.870000076293945,10.78499994277954,10.451999998092651,10.393666648864746,1824462.2,62.6509434318574,68.75397051565083,0.16822262763861495,0.11555055614453305,0.0526720714940819,55.13846443509828,56.876478330211874,11.26873537559413,10.451999998092651,9.635264620591173,3.329508158301929,多排,16.0
5522,2026-08-26,63.87999954223633,63.199999237060545,63.84999942779541,67.68999951680502,401821.8,66.37546998878948,55.80820326940977,-0.7571146562642355,-0.9721396078507866,0.2150249515865511,54.34746346346489,47.22458818732785,65.86311478118776,63.84999942779541,61.836884074403066,0.07831182228911501,交叉混雜,45.0
5523,2026-08-26,30.350000381469727,30.350000381469727,30.350000286102294,30.382500076293944,9400.0,97.84279852470524,95.77045481885771,-0.00519776504167524,-0.0066723980090036845,0.0014746329673284448,48.30673199735047,48.04536299740053,30.406195291887506,30.350000286102294,30.29380528031708,3.142254766481192e-07,交叉混雜,52.0
5525,2026-08-26,22.309999847412108,22.085000038146973,22.27499990463257,22.200833225250243,88056.6,52.38536651968744,50.6628353378183,-0.05636475754593562,-0.06735577017620564,0.010991012630270025,50.537745523555145,49.145253569993464,23.246433907434266,22.27499990463257,21.303565901830872,-0.3366964849122996,交叉混雜,27.0
5529,2026-08-26,21.460000228881835,21.245000267028807,21.23000011444092,21.649166742960613,93825.2,77.00572119538268,70.76336282158982,-0.031420419322838455,-0.08412189503725112,0.052701475714412666,59.320691539425475,53.11949652557803,21.712755742252003,21.23000011444092,20.747244486629835,1.0362724790985114,交叉混雜,22.0
5530,2026-08-26,50.439999389648435,50.14999961853027,49.072499656677245,49.0824998219808,255734.6,70.3926479897533,70.51293503152738,0.6033962359386607,0.43391480540947175,0.1694814305291889,67.1761876296616,62.358042480759956,51.86995601317283,49.072499656677245,46.27504330018166,3.1127389640442003,交叉混雜,54.0
5531,2026-08-26,7.453999996185303,7.434999942779541,7.557999992370606,7.8339999993642175,455109.4,26.980876184591832,30.06861189896989,-0.11252315962457615,-0.11073619478796365,-0.0017869648366125035,37.26013056029653,38.16939958462025,7.912317857114308,7.557999992370606,7.203682127626903,-2.3551187894862284,交叉混雜,20.0
5533,2026-08-26,13.95999984741211,13.930000019073486,13.974999952316285,13.997500022252401,92800.0,72.71953235676882,65.59407668570252,-0.026554789299648718,-0.026529600935020537,-2.518836462818072e-05,49.94584802228209,48.13901684662729,14.203265738582859,13.974999952316285,13.74673416604971,-0.17889190079749892,交叉混雜,40.0
5534,2026-08-26,78.68000030517578,78.85000076293946,78.41500091552734,79.24666684468588,1936539.2,39.44844879572788,53.931572370208734,-0.251343357683794,-0.07278067294273996,-0.17856268474105405,35.86339491241053,39.95049644331422,81.00508289458357,78.41500091552734,75.82491893647112,-2.3146112608752802,交叉混雜,50.0
5536,2026-08-26,866.6,883.1,932.4,1116.45,1307079.6,27.181446535732533,18.61152531124204,-67.13051298802895,-66.02118196796297,-1.10933102006598,29.663295641342643,32.79735170134926,1069.3938915272865,932.4,795.4061084727134,-7.550407550407548,空排,70.0
5538,2026-08-26,37.3,36.14499969482422,35.160000038146975,33.99666659037272,97046.4,71.967212443707,64.07065180567035,0.9153513078252686,0.6131352149675721,0.30221609285769657,75.79383931818415,69.7253504445896,38.26001698442428,35.160000038146975,32.05998309186967,7.366325253250837,多排,75.0
5543,2026-08-26,24.40999984741211,24.314999961853026,25.482500076293945,27.845000139872234,5000.0,39.149951338595805,26.359932095246762,-0.9786389503746662,-1.0486235859420843,0.06998463556741807,57.13650882526425,45.70432027620198,28.542475510910077,25.482500076293945,22.422524641677814,-1.5010289166252313,交叉混雜,28.0
5546,2026-08-26,14.030000114440918,13.875000095367431,13.83500008583069,15.54833329518636,66663.4,56.34885883813847,47.87371979197469,-0.3350584147653848,-0.5066324206529002,0.17157400588751537,71.51669276625363,56.39237127352966,14.4342099402898,13.83500008583069,13.235790231371578,6.252256726187875,交叉混雜,4.0
5547,2026-08-26,19.879999923706055,19.910000038146972,19.87750005722046,19.913406785329183,12072.8,35.84569499898186,42.78953260272146,-0.015784306780009416,-0.014970968904498647,-0.0008133378755107688,44.03752857978314,46.80335958996615,20.26612092911817,19.87750005722046,19.488879185322748,-0.3898921893438008,交叉混雜,41.0
5548,2026-08-26,20.600000381469727,20.560000038146974,20.480000019073486,21.20890874862671,11326.2,51.378694933031625,58.02970765909869,-0.14633294909235062,-0.1924938375312,0.046160888438849385,43.15042393902682,43.91588084988905,20.823970576685277,20.480000019073486,20.136029461461696,-0.14648074270553818,交叉混雜,45.0
5601,2026-08-26,30.289999771118165,30.185000038146974,29.64749984741211,31.028333218892417,6208.0,79.01198091070663,80.03037807873883,-0.09067120261826744,-0.26419064902006106,0.17351944640179362,65.9110935573817,57.18507395035848,30.864258262547718,29.64749984741211,28.430741432276502,2.8754537717361806,交叉混雜,20.0
5603,2026-08-26,14.859999847412109,14.579999923706055,14.34749994277954,14.64916664759318,307533.2,45.19164076730638,59.78797636560496,0.080310106360864,0.0043783382337132595,0.07593176812715074,44.34199259110321,48.87228398628212,15.092641950733508,14.34749994277954,13.602357934825573,0.7144092482619572,交叉混雜,17.0
5604,2026-08-26,30.66999969482422,30.699999618530274,30.522499752044677,30.70249983469645,6729.0,42.38604338264654,51.31751527079597,0.03713852260099415,0.006858029793885935,0.030280492807108216,50.47334404896344,51.74894507767504,31.004245321377063,30.522499752044677,30.04075418271229,0.4177241953357877,交叉混雜,24.0
5607,2026-08-26,54.960000610351564,53.85000038146973,51.31750011444092,51.18083330790202,1656077.6,60.83497768056564,74.81772000168924,1.3406467539593834,0.9294355850094249,0.41121116894995846,58.94369220453018,62.32866837263999,57.18070182995914,51.31750011444092,45.454298398922695,5.61699350527675,多排,64.0
5608,2026-08-26,17.8,16.505000019073485,14.977500009536744,14.605833387374878,41634965.8,73.03258148787792,78.94892687982592,1.040044517041542,0.6389022095344652,0.4011423075070768,57.34980973245255,62.74884938531109,18.993058587463015,14.977500009536744,10.961941431610473,14.171259359582747,多排,65.0
5609,2026-08-26,78.83999938964844,78.15999984741211,78.4,78.90833333333333,232943.2,48.83489399351621,48.2166918036016,-0.015006268996373251,-0.08969463820154075,0.0746883692051675,43.04683871873111,46.53783782552965,79.87112586045465,78.4,76.92887413954536,-0.38265500749861214,交叉混雜,46.0
5701,2026-08-26,4.139999961853027,4.137999963760376,4.212999987602234,4.760999997456868,149282.2,44.00148659401708,39.20903599715759,-0.12520094832844197,-0.1341680035678533,0.008967055239411326,38.18495053224501,39.92351811598414,4.427633135482878,4.212999987602234,3.998366839721589,-3.631617499950917,交叉混雜,58.0
5703,2026-08-26,15.069999694824219,14.889999866485596,14.522499895095825,14.165833298365275,4841.0,68.72839904289299,81.56050118464941,0.2837150446419958,0.2360927757246631,0.047622268917332705,52.964379681437016,58.85329737125396,15.43237262725592,14.522499895095825,13.61262716293573,2.5994128157090115,多排,55.0
5704,2026-08-26,23.35999984741211,22.6,22.1375,21.670000012715658,97032.0,88.97354457259416,80.32129312841263,0.472209551832119,0.2716403017363861,0.2005692500957329,94.87566474081308,85.24365655777962,23.654725468426278,22.1375,20.62027453157372,6.154714850367028,多排,50.0
5706,2026-08-26,45.349999237060544,45.304999923706056,45.054999923706056,47.83249994913737,110668.6,43.80093369656645,48.56261278259212,-0.3169469870711268,-0.48098363208803174,0.16403664501690496,51.867926436516626,47.81416823186579,46.1703942969404,45.054999923706056,43.93960555047171,0.6547520828200507,交叉混雜,23.0
5864,2026-08-26,33.99000015258789,33.79500045776367,31.987500190734863,37.18416655858358,1826192.8,67.68315448202556,71.56675985367193,-0.06676786656812084,-0.5702703491118709,0.5035024825437501,61.85585326212787,54.9005881355546,36.31512021973727,31.987500190734863,27.65988016173246,6.916766108673405,交叉混雜,93.0
5871,2026-08-26,114.7,112.65,112.05,115.70833333333333,5498983.6,74.26243122696188,60.91868568717367,-0.2697668343022741,-0.9593152061470728,0.6895483718447987,67.4496445187346,56.85120017209863,117.15830077835437,112.05,106.94169922164562,3.5252119589469015,交叉混雜,64.0
5876,2026-08-26,43.67000122070313,43.19000053405762,43.56500034332275,43.215833536783855,4603007.8,70.70063161722044,65.99919658519458,-0.07950012781808624,-0.09237400270193781,0.012873874883851569,48.4111925852327,48.383628440994265,45.23520461499973,43.56500034332275,41.89479607164577,-0.37874168746364845,交叉混雜,65.0
5880,2026-08-26,24.979999542236328,24.8,25.42567071914673,25.011056995391847,10369829.6,74.37431362707677,61.59686934217257,-0.14679055327891177,-0.11324154177504582,-0.03354901150386595,49.645497493796995,46.823189974008976,27.565190565767505,25.42567071914673,23.286150872525955,-1.674176952296404,交叉混雜,62.0
5902,2026-08-26,34.75,34.76500053405762,34.54249992370605,34.465833282470705,10002.6,56.452735168619924,60.29441702735262,0.12454925182139931,0.10441603817021813,0.020133213651181175,51.12562288873349,54.68685478190501,35.13123263554672,34.54249992370605,33.95376721186538,0.4559624797894525,交叉混雜,22.0
5903,2026-08-26,185.5,185.2,185.775,187.675,9902.8,59.05862873453056,55.906052323890094,-0.6777105349908652,-0.8085229370571556,0.1308124020662904,51.16095150442311,45.248783564956085,189.46674042538487,185.775,182.08325957461514,-0.148028529134709,交叉混雜,44.0
5904,2026-08-26,75.12000122070313,76.96000061035156,108.52000007629394,467.9900000254313,6664537.2,15.399694112647094,18.406878024667563,-110.269884865138,-126.22393483008757,15.954049964949576,17.07986910169275,17.607155733988108,396.49547851241414,108.52000007629394,-179.45547835982623,-31.441207635852653,空排,1.0
5905,2026-08-26,7.926000022888184,7.934999990463257,8.040999960899352,8.331500029563903,215786.6,25.543744530165945,24.000982027113494,-0.13059026227381665,-0.12690790280881595,-0.0036823594650007008,33.53391926438454,35.89332017178353,8.28151689385794,8.040999960899352,7.800483027940764,-1.8778770693697142,空排,23.0
5906,2026-08-26,39.0,38.25999984741211,39.19000015258789,40.1241668065389,828.4,69.06057974280196,53.635512717267666,-0.09608795045541996,-0.3044485121895691,0.20836056173414913,76.45263442592268,61.466438251235935,42.137720687971814,39.19000015258789,36.24227961720397,3.342689059228296,交叉混雜,15.0
5907,2026-08-26,5.011999988555909,4.96399998664856,4.934499979019165,4.966000000635783,397706.6,75.03126994189685,78.16405992456603,0.02796901892623982,0.006506608393469748,0.021462410532770072,53.63001615826291,54.031852559042456,5.147199395524606,4.934499979019165,4.7218005625137245,1.5300486408691434,交叉混雜,31.0
6005,2026-08-26,30.5,30.525,31.766752624511717,35.597250874837236,3338239.2,42.74757938666467,34.24967413453282,-1.1667664838534115,-1.2426324800876034,0.07586599623419188,51.11353343226884,41.17774899236501,35.59799167882867,31.766752624511717,27.935513570194765,-2.7284910617922082,空排,65.0
6015,2026-08-26,15.8,15.855000019073486,15.634999990463257,17.149999952316286,891788.2,40.15186604588574,45.870490499498985,-0.1683341140365986,-0.2603874556709757,0.09205334163437712,57.32047457078118,51.43951931526567,16.494681618672406,15.634999990463257,14.77531836225411,2.3345059786337,交叉混雜,74.0
6016,2026-08-26,19.470000076293946,19.594999885559083,19.70999984741211,24.576296234130858,1561183.2,38.23697674236638,42.25361902272991,-0.9322859557552583,-1.1711675650450084,0.2388816092897501,54.302111746690926,43.89572977828764,21.010040442570308,19.70999984741211,18.409959252253913,0.2029434444320499,空排,75.0
6020,2026-08-26,20.55,20.595000076293946,20.780000019073487,21.89999993642171,12200.8,29.601329130900428,29.488662287738144,-0.28986356372239186,-0.32005965193195685,0.030196088209564986,47.65148471346797,43.83550348084436,21.347914124758233,20.780000019073487,20.21208591338874,-0.8662157720815347,空排,52.0
6021,2026-08-26,38.33999938964844,37.47000007629394,35.81249990463257,38.08916654586792,162967.2,75.19856421577722,65.19894413945808,0.5913593637235479,0.04195239288334647,0.5494069708402014,80.236197221851,67.12492116556373,39.96091433087212,35.81249990463257,31.66408547839301,9.738218057145042,交叉混雜,84.0
6023,2026-08-26,82.58000030517579,83.32999954223632,84.78999290466308,86.94492479960124,456669.6,28.539556164017696,22.78540345249217,-1.3322220937219527,-1.140358722947373,-0.1918633707745796,42.14747640355455,39.68401471301582,88.3635187097618,84.78999290466308,81.21646709956435,-2.111089815369755,空排,54.0
6024,2026-08-26,62.380000305175784,61.68999977111817,60.732516288757324,61.932505416870114,269204.4,70.98732467826557,71.1494921455174,0.10989661736815037,-0.13772363583166636,0.24762025319981673,61.907346343971575,55.92769567102035,63.7788324729565,60.732516288757324,57.68620010455815,2.910275778528657,交叉混雜,75.0
6026,2026-08-26,14.739999961853027,14.639999961853027,14.32249994277954,15.477499945958455,541654.0,76.52213488484962,73.48586493861359,-0.004523009429895808,-0.1264936341802551,0.1219706247503593,69.79236340896409,57.658937189277076,15.126748478967205,14.32249994277954,13.518251406591876,3.683019310857929,交叉混雜,64.0
6101,2026-08-26,38.439999389648435,37.56999969482422,36.48499946594238,39.60083300272624,208714.0,65.99056016735011,68.92363588702578,-0.03449648277185702,-0.45112778187109576,0.41663129909923874,50.28791447971955,50.79345247956008,39.47992505725846,36.48499946594238,33.4900738746263,3.0560477579821015,交叉混雜,48.0
6103,2026-08-26,32.490000534057614,30.995000267028807,29.8125,31.698333422342937,11498.6,92.48933530305935,83.86977410982891,0.8787229881796037,-0.17754097181144568,1.0562639599910493,86.52292131710593,77.84078507516183,35.3452623812551,29.8125,24.279737618744903,30.482185411753143,交叉混雜,57.0
6104,2026-08-26,96.30000152587891,94.29000091552734,93.41000061035156,97.46333351135254,661151.4,80.3939016839847,68.04557003576244,0.3202817038832819,-0.6032634764353189,0.9235451803186008,78.45169953345741,63.23301390536604,99.35922505214654,93.41000061035156,87.46077616855658,5.984369289286746,交叉混雜,43.0
6108,2026-08-26,24.190000152587892,23.600000190734864,20.760000038146973,19.05916674931844,5512068.0,55.484714448405754,71.76228716044795,1.6639717603800364,1.4476360631979655,0.2163356971820709,49.1857074034866,59.954127026411165,27.195068777248594,20.760000038146973,14.324931299045353,9.585741609809038,多排,85.0
6109,2026-08-26,10.8,10.975,11.075,11.841666682561238,78274.8,15.23483709424033,24.984049695190606,-0.28104847238216735,-0.2776283175368489,-0.003420154845318435,17.206143387955592,30.6188070068133,11.510889991081559,11.075,10.63911000891844,-2.934537246049655,空排,43.0
6111,2026-08-26,36.24000091552735,36.500000381469725,37.01000003814697,40.690833473205565,88591.0,30.065696647349164,30.945141953087283,-1.0919885088311219,-1.18156257679907,0.0895740679679482,35.12202770545154,34.72654263159518,38.414352978909385,37.01000003814697,35.605647097384555,-2.3236922760919896,空排,9.0
6112,2026-08-26,44.68000030517578,45.04000015258789,44.05500030517578,44.273333358764646,185314.2,38.46920287177947,39.60379799186552,0.5378144232996362,0.5362145985422193,0.0015998247574169344,61.14634023877092,57.96140223367666,49.39845723611495,44.05500030517578,38.71154337423661,3.279990205003934,交叉混雜,47.0
6113,2026-08-26,23.10999984741211,23.51499996185303,23.114999961853027,24.933333428700767,65847.2,20.241287493639007,22.98180404241358,-0.20430595692955933,-0.24803741631059958,0.043731459381040255,50.81280976162954,49.05054952815744,25.600558413377666,23.114999961853027,20.629441510328387,1.016657668200407,交叉混雜,52.0
6114,2026-08-26,25.299999618530272,25.789999771118165,26.082499980926514,28.38000005086263,22602.6,25.871921235008926,27.721289541214404,-0.7538624765921753,-0.7323242164776687,-0.021538260114506658,38.08980319517159,38.8144081357742,27.776537850485585,26.082499980926514,24.388462111367442,-3.5751954876954075,空排,13.0
6115,2026-08-26,44.26999969482422,44.64500007629395,44.93999977111817,46.66416695912679,295405.8,10.832034152656275,17.115190234680554,-0.5305388265506892,-0.48547083398351426,-0.04506799256717492,13.023514160548345,25.725815134247696,45.859152732439426,44.93999977111817,44.02084680979691,-2.2029350538959322,空排,35.0
6116,2026-08-26,14.110000038146973,14.049999904632568,13.759999895095826,15.835833390553793,25037899.6,53.585052093451644,47.24026231767868,-0.16212110267318636,-0.33161886456092526,0.1694977618877389,65.48712309579173,55.03834941922218,15.30224688651299,13.759999895095826,12.217752903678662,6.4680212952011065,交叉混雜,88.0
6117,2026-08-26,61.73999938964844,62.3,63.6850004196167,70.06833311716716,118859.0,38.37155586449478,26.835814084595,-1.885840021173152,-1.9967237444785575,0.11088372330540541,47.03339841362925,39.872852450739714,67.72181949926524,63.6850004196167,59.648181339968154,-1.860721381500827,空排,7.0
6118,2026-08-26,15.360000038146973,15.35,15.482500028610229,16.418333355585734,65901.8,30.800827125194008,31.366143923464804,-0.25844433727594485,-0.28828621462855686,0.029841877352612012,34.395819222711026,37.25766465446374,15.876233959516457,15.482500028610229,15.088766097704001,-1.5016956446348473,交叉混雜,18.0
6120,2026-08-26,12.59000015258789,12.640000152587891,12.857499980926514,13.627500025431315,913566.6,31.802588018132486,24.947640972736934,-0.21918345444705878,-0.2304645512923461,0.01128109684528733,50.599905788584806,46.0666029268526,13.615110244833204,12.857499980926514,12.099889717019824,-1.224967310091552,空排,50.0
6121,2026-08-26,393.5,401.9,391.875,400.81666666666666,490042.2,21.54460692094659,30.857158481893354,2.1014847521631737,2.4764683950420983,-0.3749836428789246,47.77610573534539,50.290703943201216,441.45733450269125,391.875,342.29266549730875,0.9250398724082934,交叉混雜,63.0
6122,2026-08-26,48.400000762939456,47.93500022888183,47.57250003814697,48.71250006357829,146316.0,84.29464735796464,79.67715696263049,-0.15833900529863598,-0.42503036992400933,0.26669136462537335,67.19308324961514,55.273747985082714,49.7992450753554,47.57250003814697,45.34575500093854,2.58027053009466,交叉混雜,58.0
6123,2026-08-26,43.24999923706055,43.21999969482422,42.910000038146975,43.05750007629395,27522.8,55.385241040689834,50.48311624873715,0.20987176396135965,0.16081474856714806,0.04905701539421159,69.36626370057257,60.860409056522265,44.074654426700036,42.910000038146975,41.745345649593915,1.6080131329776506,交叉混雜,36.0
6124,2026-08-26,26.85,27.054999923706056,26.639999866485596,28.510833295186362,3214.6,37.06584721744197,38.04631512859285,-0.13383898090184232,-0.23521526403001952,0.1013762831281772,58.603303312762634,52.20347824509185,28.460815377338882,26.639999866485596,24.81918435563231,1.914413493245854,交叉混雜,46.0
6125,2026-08-26,53.32000045776367,52.025,50.01500015258789,55.12333335876465,2703436.4,44.498170584251305,53.43750445719988,0.07764995364104266,-0.48973328310308323,0.5673832367441258,49.37280391433305,50.69022196922501,56.028765155487406,50.01500015258789,44.00123514968837,3.3689905132678075,交叉混雜,7.0
6126,2026-08-26,29.54000015258789,29.72000026702881,30.23500003814697,34.1549999554952,227390.2,30.85810361094552,21.5406729451045,-0.7918907821218113,-0.9177295760587905,0.12583879393697917,53.572022102798485,43.108712888924934,31.929293472767267,30.23500003814697,28.540706603526676,-0.9426137749229023,空排,29.0
6127,2026-08-26,48.64000015258789,49.61500015258789,49.12999992370605,65.9166664759318,1346121.6,31.266806307002756,30.90101083252052,-3.0873823265436116,-3.8392590082950138,0.7518766817514022,51.81899589824763,43.39688842123174,53.747061523088746,49.12999992370605,44.51293832432336,0.9566426850089608,交叉混雜,86.0
6128,2026-08-26,20.309999847412108,20.339999771118165,20.2625,20.427499930063885,51215.4,30.8422621577666,37.407667191085594,0.0027434098435392684,-0.0009566841875103888,0.0037000940310496573,49.99615039384799,50.147252184606174,20.61023690667277,20.2625,19.914763093327227,0.18506717858382524,交叉混雜,25.0
6129,2026-08-26,13.6,13.799999904632568,14.06749997138977,15.94749992688497,454283.2,20.69224752803213,18.69461531384762,-0.5831044965756469,-0.6099426682527811,0.026838171677134204,36.84268667546201,36.47011544953715,15.047443691578192,14.06749997138977,13.087556251201349,-3.323259931550282,空排,31.0
6130,2026-08-26,27.360000228881837,28.080000114440917,26.330000114440917,25.166666730244955,92933.8,24.325373474346186,42.96737624288363,0.7010435422128793,0.7293757803163985,-0.028332238103519147,44.57402211607988,53.829492614575365,30.393496202907322,26.330000114440917,22.266504025974513,2.7345200132556773,交叉混雜,27.0
6133,2026-08-26,22.35,22.425,21.704999923706055,22.62749989827474,364506.4,37.79019613956693,43.375058557028886,0.1393453021835036,0.0028999302455824036,0.1364453719379212,68.29725778349908,57.63234827414733,23.829766341230176,21.704999923706055,19.580233506181933,4.123475977468945,交叉混雜,67.0
6134,2026-08-26,28.129999542236327,28.06999969482422,27.252499866485596,30.437499968210854,71796.4,46.40348840234397,44.5582054871443,-0.07119918121049906,-0.3716154435818601,0.30041626237136104,73.41426674945518,58.281329501364034,30.108237010622933,27.252499866485596,24.39676272234826,5.678375848661224,交叉混雜,48.0
6136,2026-08-26,25.059999465942383,25.064999771118163,24.89749984741211,24.84916664759318,135290.4,51.96044087849397,49.34333862885316,0.1316162022516636,0.12270033892887525,0.008915863322788348,53.08519311124687,54.958790365443896,25.590680512623848,24.89749984741211,24.204319182200372,0.6125088486115117,交叉混雜,56.0
6138,2026-08-26,284.7,289.05,285.45,322.6333333333333,569991.0,35.46522876045624,34.69931849854637,-8.145097149632875,-10.005801641870892,1.8607044922380176,55.66616609855206,49.14315435217463,307.2140456765397,285.45,263.6859543234603,2.4697845507094103,交叉混雜,72.0
6139,2026-08-26,767.2,779.4,778.2,814.7666666666667,1307804.0,32.087651898193506,28.161022732705813,-9.656413569775168,-9.33091892678073,-0.3254946429944372,53.910525400793595,48.929758594032556,862.9450666162446,778.2,693.4549333837555,0.4883063479825179,交叉混雜,89.0
6140,2026-08-26,17.120000076293945,16.829999923706055,16.72999987602234,19.019999965031943,82408.0,64.24779975742246,54.99489520645465,-0.26149588350600084,-0.4620626811270756,0.20056679762107477,60.753114291788144,51.72548100186844,17.721755256016852,16.72999987602234,15.738244496027828,3.1081896463306666,交叉混雜,4.0
6141,2026-08-26,46.30999984741211,42.739999771118164,38.03750019073486,37.539999930063885,5147461.0,92.20184866801978,88.55847804913168,2.950859703743234,1.491438017735026,1.4594216860082079,88.20476201872168,75.65929254788992,50.24413617528951,38.03750019073486,25.83086420618021,32.23792043335323,多排,98.0
6142,2026-08-26,8.855999946594238,9.021999931335449,9.267000007629395,9.400833320617675,406370.0,18.83048046969715,13.983887452978262,-0.22281854399354017,-0.15446080762385517,-0.06835773636968501,36.64394136147824,39.32986029373944,9.929597904254194,9.267000007629395,8.604402111004596,-4.7156586118869575,空排,47.0
6143,2026-08-26,89.75999908447265,89.71999969482422,89.81500015258788,93.5400001525879,175019.4,37.47255920962708,35.794938723266156,-1.191686705103777,-1.4324543317219036,0.24076762661812667,53.06909639039484,47.344747417632675,94.48935399833233,89.81500015258788,85.14064630684344,0.42865534153563045,交叉混雜,15.0
6144,2026-08-26,13.25,13.380000019073487,13.449999952316285,14.014166673024496,25407.6,13.664199543587209,20.21088474957194,-0.18942207759168106,-0.14220830942082374,-0.04721376817085732,33.411070476424655,39.56929212983785,14.41681800515567,13.449999952316285,12.483181899476898,-4.460963367834283,空排,6.0
6146,2026-08-26,193.2,193.6,192.25,195.68333333333334,249689.2,58.57867809706039,61.26967429585535,0.009212446720965772,-0.41861028224448515,0.4278227289654509,48.76305702990162,49.96253267715686,197.02383218014197,192.25,187.47616781985803,0.3901170351105332,交叉混雜,51.0
6147,2026-08-26,166.3,164.7,155.175,193.925,19124390.0,73.31274898437857,65.23427974283388,-1.6578505254675235,-6.18694748706891,4.529096961601386,75.68731148212443,61.32089776754206,184.87928818945258,155.175,125.47071181054744,19.542452070243264,交叉混雜,96.0
6148,2026-08-26,27.519999694824218,27.854999923706053,27.772500038146973,30.69333333969116,78853.8,19.168037120946956,20.936864085279794,-0.5343777861089762,-0.6181743104612378,0.08379652435226159,50.880730489481685,45.6453021937762,29.676643578067694,27.772500038146973,25.86835649822625,0.09901592897939558,交叉混雜,11.0
6150,2026-08-26,60.8,60.35999984741211,59.00499992370605,60.77500006357829,159064.2,55.70968822906791,55.23014853087386,0.5470418261505969,0.1542208749001907,0.3928209512504062,64.37357027036356,58.462620599446176,63.60590402216478,59.00499992370605,54.404095825247325,4.0589807732727925,交叉混雜,33.0
6151,2026-08-26,36.07000045776367,36.60000038146973,35.57500038146973,38.0933334350586,75811.8,33.18043449354721,42.33298280206713,-0.12549027771242294,-0.3033946120590347,0.17790433434661174,59.08476842229683,53.10700385565075,38.20768951721678,35.57500038146973,32.94231124572268,2.6001394479593176,交叉混雜,64.0
6152,2026-08-26,13.920000076293945,14.095000076293946,13.462500047683715,13.5375,548963.0,28.072014088248213,29.705341264403167,0.2992102479976495,0.28934103846338277,0.009869209534266732,54.99954741039183,55.47254936454765,16.203202337584763,13.462500047683715,10.721797757782666,4.363975048989732,交叉混雜,74.0
6153,2026-08-26,16.690000152587892,16.760000038146973,16.2375,18.697500069936115,1638476.4,48.70990370081698,46.294510646879466,-0.19036114320857678,-0.3643625174567058,0.174001374248129,66.8538577827099,54.70293446700146,18.278107497638,16.2375,14.196892502362001,5.311780640306241,交叉混雜,61.0
6154,2026-08-26,13.870000076293945,13.890000057220458,13.75750002861023,13.783333349227906,17420.2,42.53435264252926,45.395793319443065,0.05595502920381357,0.051266755860853545,0.004688273342960021,49.94990006095574,52.95671212849867,14.153898279269024,13.75750002861023,13.361101777951434,0.6723630940732894,交叉混雜,55.0
6155,2026-08-26,56.119999694824216,58.37000007629395,56.010000228881836,69.2574997584025,894391.0,17.662618073505385,26.8923282504558,-1.7588570694349812,-2.2473289913798515,0.4884719219448703,43.88312815426845,44.35792075307204,63.75757096022218,56.010000228881836,48.26242949754149,0.16068245826010508,交叉混雜,85.0
6156,2026-08-26,20.879999542236327,21.204999923706055,21.18499994277954,23.4125,301926.2,22.6442043937937,27.050667044105975,-0.6917621213787299,-0.7456987376770537,0.0539366162983238,39.16005456889206,40.46606864219282,22.548085381103114,21.18499994277954,19.821914504455968,-1.81732691413206,交叉混雜,56.0
6158,2026-08-26,16.5,16.55,16.760000133514403,17.6125,27025.4,44.588343522480066,40.88057277116784,-0.3452668604332594,-0.36087360076353714,0.015606740330277757,23.4707003758639,31.61354770542492,17.4355898574317,16.760000133514403,16.084410409597105,-2.147974415968223,空排,12.0
6160,2026-08-26,15.45,14.75,14.432499980926513,15.619999980926513,325038.6,58.557998555481475,58.00001474697228,0.030055272096243257,-0.1948568508053492,0.22491212290159246,61.64009555219865,57.45082225489603,15.696276722456668,14.432499980926513,13.168723239396359,6.010741111760318,交叉混雜,20.0
6161,2026-08-26,50.619999694824216,50.86000022888184,51.32249984741211,52.03333326975505,73031.8,28.99084532902868,25.225354333528777,-0.22972301209288304,-0.10036620206941363,-0.1293568100234694,47.54944145515601,48.157547286162696,56.96150658747053,51.32249984741211,45.68349310735369,-1.0180731879877642,空排,58.0
6163,2026-08-26,42.06999969482422,42.70999984741211,41.63499984741211,45.49666659037272,306855.6,23.422521313581104,31.594648057862255,-0.334945368974509,-0.5326325250804553,0.19768715610594634,48.25832971799788,48.6519533075746,45.910031594218005,41.63499984741211,37.35996810060622,1.1168455107797621,交叉混雜,73.0
6164,2026-08-26,12.039999961853027,11.964999961853028,11.807499980926513,12.874166631698609,335090.4,63.25551890039852,57.74955412834491,-0.15643566651280594,-0.265644850262527,0.10920918374972105,70.12341960777027,53.897427443203036,12.403340940835237,11.807499980926513,11.21165902101779,3.7476182069725867,交叉混雜,65.0
6165,2026-08-26,47.769998931884764,47.86499938964844,48.634999656677245,48.95499979654948,207944.4,33.21246605298599,27.26493161897899,-0.452180705282899,-0.3307896677557341,-0.1213910375271649,44.89258866162468,44.678194891106266,51.141224351354126,48.634999656677245,46.128774962000364,-1.6140663886041084,空排,47.0
6166,2026-08-26,118.3,123.2,128.1,134.40833333333333,1168347.8,9.8779080268149,14.591836394077724,-4.682949884906137,-2.827816197689547,-1.8551336872165898,30.03103440633471,38.60005359325108,147.64104990984134,128.1,108.55895009015863,-8.274785323965647,空排,88.0
6167,2026-08-26,10.639999771118164,10.579999732971192,10.502499866485596,11.267499939600627,123881.4,60.59020002998183,56.85060043272341,-0.10131784007210598,-0.17243928400105538,0.0711214439289494,64.36268390800447,53.21686482572391,10.881522015088219,10.502499866485596,10.123477717882974,2.356583067467569,交叉混雜,22.0
6168,2026-08-26,26.85999984741211,25.73500003814697,24.770000076293947,26.534999942779542,5652154.8,81.33152020153514,68.99378232481214,0.47935515295003484,-0.1299541788756013,0.6093093318256362,87.09776155732663,70.47141336713585,28.67740199958032,24.770000076293947,20.862598153007575,17.278963050398858,交叉混雜,82.0
6169,2026-08-26,12.460000038146973,12.610000038146973,12.902500009536743,14.062499984105427,4033.0,21.416991024898955,18.409276414806122,-0.41181743748644273,-0.41752941544662253,0.005711977960179804,39.455753874766394,36.049910702515646,13.688211132365854,12.902500009536743,12.116788886707631,-3.119550546322335,空排,7.0
6170,2026-08-26,47.87000045776367,47.62999992370605,47.064999961853026,49.17666670481364,128130.4,84.02553433820438,80.86908440170598,0.014330605063157975,-0.2587884368005267,0.2731190418636847,79.23010784590363,64.64786002848345,48.447636564298854,47.064999961853026,45.6823633594072,3.1552093411476427,交叉混雜,41.0
6171,2026-08-26,23.970000076293946,23.789999961853027,23.719999885559083,23.735833326975506,60737.8,60.15799463210227,45.398746889618664,0.14348526626697122,0.037246508790982104,0.10623875747598913,81.21675637413827,68.91184308076492,24.873666962748892,23.719999885559083,22.566332808369275,6.239464100003666,交叉混雜,39.0
6173,2026-08-26,207.9,209.2,187.275,230.3,15782762.8,45.243102413048696,59.673323097192196,0.8286532720604782,-2.9842428536532664,3.8128961257137446,47.63855402314843,50.04090594766417,241.1749804706548,187.275,133.37501952934522,6.794820451208112,交叉混雜,97.0
6174,2026-08-26,44.85,44.839999771118165,43.079999923706055,48.62500006357829,1430600.2,55.12484296634487,52.33154714031273,-0.5730890465142977,-1.1486482768959467,0.575559230381649,56.21989226988345,51.33968196469457,47.74266208234729,43.079999923706055,38.41733776506482,5.153201757859965,交叉混雜,91.0
6175,2026-08-26,73.37999877929687,75.2599998474121,74.92000007629395,92.28833312988282,546091.4,18.024627283689682,21.97971643509168,-3.9810651078945227,-4.491297147488935,0.5102320395944124,38.08021637930046,38.25400441216377,81.05723780153234,74.92000007629395,68.78276235105555,-2.4292600111044758,交叉混雜,81.0
6176,2026-08-26,103.34000091552734,105.87000122070313,94.83500099182129,91.34000002543131,1834081.0,42.48158105911155,66.46587595477438,4.234947970142642,3.815351600385573,0.4195963697570688,40.15022264264245,53.41167027518686,118.3348132951177,94.83500099182129,71.33518868852488,3.8646058626548503,交叉混雜,16.0
6177,2026-08-26,47.64000015258789,47.945000076293944,47.882499885559085,46.94750003814697,2721711.8,55.28310042171394,51.31744785169884,0.22019691551001586,0.2867167107635492,-0.06651979525353335,58.39117536518485,55.57122039059573,49.079547092458434,47.882499885559085,46.685452678659736,1.080774064755744,交叉混雜,68.0
6179,2026-08-26,27.190000534057617,27.275000190734865,26.705000019073488,25.979166634877522,1492446.0,37.446880661011484,36.6308556993587,0.44415423449996183,0.39608339338237414,0.04807084111758769,64.4694498382709,58.92558610285708,29.41344683477947,26.705000019073488,23.996553203367505,4.662051087724207,交叉混雜,65.0
6180,2026-08-26,41.59000015258789,41.45999984741211,41.39249973297119,44.583333079020186,215532.4,65.38992000694586,56.317939718587766,-0.5766403387184909,-0.8019903336338937,0.22534999491540286,68.11882856320682,51.27177902371884,42.3380019223599,41.39249973297119,40.44699754358248,1.8300460175018851,交叉混雜,24.0
6182,2026-08-26,108.4,111.9,104.03499984741211,118.4633332570394,57680360.4,32.20162708840352,45.74657329960734,-2.5426823800105325,-3.6802399056024058,1.1375575255918733,48.525355542440565,47.723956258383794,124.6859111048232,104.03499984741211,83.38408859000101,4.291825019595998,交叉混雜,98.0
6183,2026-08-26,93.86000061035156,93.61000137329101,93.03500099182129,91.2050001780192,20477.2,72.39655599090335,63.36410547000895,0.7330438899493856,0.6617055603232568,0.07133832962612885,73.4847656979378,64.48876418501723,95.08107560887615,93.03500099182129,90.98892637476644,2.0046224691517622,多排,53.0
6184,2026-08-26,41.599999237060544,41.80999946594238,42.05999965667725,43.58499972025553,78007.8,12.680336899812215,14.082914770756371,-0.4034879660723192,-0.413893088294681,0.01040512222236184,23.34918305346504,27.474279193396015,42.709372204014656,42.05999965667725,41.41062710933984,-1.0936785218996727,空排,22.0
6185,2026-08-26,12.870000076293945,13.13499994277954,13.44749994277954,13.98083332379659,434947.2,17.885800887422732,16.545064395582035,-0.3185074406334998,-0.24662432399215675,-0.07188311664134303,31.997641938577942,31.611606396509487,14.281939435907082,13.44749994277954,12.613060449651998,-4.443201813364821,空排,23.0
6186,2026-08-26,33.12042083740234,33.18021087646484,35.99260559082031,39.960035196940105,482950.6,32.37252973328431,20.523704352833263,-2.20847581599552,-2.1440564718359156,-0.06441934415960437,35.988594001590585,27.7493641988752,43.33719163465335,35.99260559082031,28.648019546987268,-7.34208338996496,空排,4.0
6187,2026-08-26,1251.0,1275.0,1164.45,1090.7166666666667,2611888.8,58.3962529434221,61.074502809689704,64.71836198022697,56.414364909844146,8.303997070382827,64.10930649979923,60.63930395336464,1442.1529651302103,1164.45,886.7470348697898,13.358237794667005,交叉混雜,97.0
6188,2026-08-26,68.05999908447265,69.12999877929687,69.47999992370606,74.44833310445149,450891.2,21.692659580146362,19.82246264488798,-1.282973425757362,-1.2876063893077923,0.004632963550430302,44.754581815247,42.704866717607935,74.37708885159448,69.47999992370606,64.58291099581764,-1.2665536133437971,空排,6.0
6189,2026-08-26,48.619999694824216,48.46000022888184,48.33000011444092,50.412500063578285,321037.2,56.58329554276962,51.42406196458826,-0.1628384491950925,-0.2918496614533295,0.12901121225823703,50.52407864008301,49.55994512245055,50.514007975944196,48.33000011444092,46.145992252937646,0.45520199068629985,交叉混雜,47.0
6190,2026-08-26,66.17999877929688,66.33999938964844,66.11500053405761,74.29166685740152,1230006.6,44.808939227842615,36.262093231520105,-1.5151999661993898,-2.0145103493374883,0.4993103831380985,60.51073351922822,49.95733847514833,71.57037989124191,66.11500053405761,60.65962117687331,2.39733252874754,交叉混雜,74.0
6191,2026-08-26,81.83999938964844,83.55000076293945,83.64500007629394,92.9966667175293,1193134.4,23.29397156342738,23.735451224642997,-2.430308409060288,-2.5813496082726086,0.15104119921232062,44.34875043130288,40.78324706809496,88.69192762708207,83.64500007629394,78.59807252550581,-1.2493294293976724,空排,10.0
6192,2026-08-26,116.2,116.45,115.575,118.325,74432.8,32.95106341199778,35.71735762957933,-0.13838940013623358,-0.23974846007626108,0.1013590599400275,47.885409382500875,49.13230277574218,121.62979366418054,115.575,109.52020633581947,0.36772658446895706,交叉混雜,49.0
6194,2026-08-26,29.520000457763672,29.585000228881835,29.61500015258789,31.071666844685872,20417.6,40.733540138734746,28.9504276976457,-0.29394497172314615,-0.3719495813847122,0.07800460966156603,63.872616121873754,47.25048983304204,30.005815759866817,29.61500015258789,29.22418454530896,0.455849558387775,空排,24.0
6195,2026-08-26,27.85999984741211,27.849999809265135,27.7,26.90750001271566,11339.6,30.248230361579722,37.728447217039275,0.28560558161650107,0.3406413481927256,-0.055035766576224554,48.03758349627256,54.402693665169735,29.053747238955157,27.7,26.34625276104484,0.3610080760308577,多排,60.0
6196,2026-08-26,491.3,499.15,495.4,524.3833333333333,855712.0,36.82376691136076,33.37881146765805,-6.629789889821609,-6.6900651914631375,0.0602753016415285,53.52556856425163,49.09243104222217,531.4388679067424,495.4,459.3611320932575,0.9285425918449783,交叉混雜,91.0
6197,2026-08-26,297.3,300.2,300.275,323.15833333333336,703876.8,45.70019082811536,38.58580957400291,-4.2598136332084096,-5.077248699218708,0.8174350660102983,59.58162686716568,51.66660642836289,322.8942163296682,300.275,277.65578367033174,2.0730996586462487,空排,91.0
6198,2026-08-26,19.57999954223633,19.684999847412108,19.4875,20.14500001271566,48005.4,43.34785181076191,45.18358004129446,-0.08409455811513311,-0.14358524674974366,0.059490688634610545,60.055962209287266,52.55301301870589,20.27481670493226,19.4875,18.700183295067742,1.6035881311638034,交叉混雜,13.0
6199,2026-08-26,93.51999969482422,95.11999969482422,96.62499961853027,98.47166646321615,682427.4,10.990893776078233,14.501432251790177,-1.6760584644254664,-1.2087501057339365,-0.46730835869152987,31.555980242356483,39.610417377958576,102.098716478679,96.62499961853027,91.15128275838154,-4.372572428803521,空排,49.0
6201,2026-08-26,44.869999694824216,44.874999618530275,45.85,47.62250010172526,11344.0,50.504994423095496,39.9683613474002,-0.9149658535689724,-0.922528417952368,0.007562564383395531,43.955875462807306,35.70437697732305,48.92143074095706,45.85,42.778569259042946,-1.8538713195201777,空排,18.0
6202,2026-08-26,56.97999954223633,58.28999977111816,58.64499988555908,60.98083343505859,967912.0,27.942750971011364,25.802972788806855,-0.6851235300718486,-0.5610703007662525,-0.12405322930559604,54.1633861050382,49.714839667594845,65.97639656027877,58.64499988555908,51.31360321083939,-0.07673529120266592,空排,76.0
6203,2026-08-26,60.040000915527344,60.1,61.00999984741211,65.09999987284343,47980.4,20.161806671763138,18.51381836606256,-1.3683965115798031,-1.476426813698613,0.10803030211880982,30.062542777711712,31.219716718910135,63.95360992469121,61.00999984741211,58.066389770133014,-1.8193711265519497,空排,15.0
6204,2026-08-26,84.22000122070312,83.2400001525879,78.88500022888184,93.36666673024496,199489.4,53.56444487560842,58.41687338043767,-0.030520320945967683,-1.310895197060275,1.2803748761143072,53.970596998331715,52.50095113885423,93.13439899646481,78.88500022888184,64.63560146129886,5.850288087377724,交叉混雜,67.0
6205,2026-08-26,61.44000015258789,61.75,60.36000003814697,68.86500002543131,199606.6,42.04829788663716,36.86253836253951,-0.7531082031702283,-1.3940139274652898,0.6409057242950615,68.32787926503106,56.27348251705665,66.72582996132866,60.36000003814697,53.994170114965286,5.699137171536659,交叉混雜,76.0
6206,2026-08-26,140.3,143.6,141.8,133.8,1572262.2,24.57882117257505,27.5521960843546,2.51955049603572,3.564043742756176,-1.0444932467204562,50.5219439935434,52.283703174275594,159.7601898946718,141.8,123.83981010532821,0.14104372355429382,交叉混雜,79.0
6207,2026-08-26,103.5,104.75,103.12000007629395,126.25166664123535,2469116.2,44.78488252553853,34.08077082099682,-3.8804304059848107,-5.100372152010091,1.2199417460252802,67.14483045891481,53.23124835974529,114.98460415251034,103.12000007629395,91.25539600007755,7.156710549113571,交叉混雜,92.0
6208,2026-08-26,81.91999969482421,81.80999984741212,81.77999992370606,86.83333358764648,179507.8,60.85165345625206,49.24049565376033,-0.9451775947626544,-1.3142206561474779,0.36904306138482346,62.237427209458865,49.91516834323243,83.70665627013396,81.77999992370606,79.85334357727815,1.0026883726828402,交叉混雜,86.0
6209,2026-08-26,69.76000061035157,69.48999938964843,70.10499992370606,76.7933333714803,4435855.0,52.12031327180496,37.95475753135065,-0.9104345546582238,-1.2746785120537845,0.3642439573955607,65.5827687024439,55.288377549560664,78.78127675464265,70.10499992370606,61.428723092769474,4.842736010254124,交叉混雜,83.0
6210,2026-08-26,17.460000228881835,17.395000076293947,17.5875,19.232500012715658,6211.2,45.855200572175164,49.08730903513474,-0.452771540296137,-0.5307796518772515,0.07800811158111454,35.04927249021058,36.24814832250073,18.65169016851069,17.5875,16.523309831489307,-2.7718528416788746,交叉混雜,21.0
6213,2026-08-26,523.7,502.05,428.525,354.09166666666664,22680023.6,81.06890262117315,80.01811667561242,54.42892757932543,43.4129839091713,11.01594367015413,83.76429414726749,79.01242549365537,620.4933293506598,428.525,236.55667064934016,36.04807187445307,多排,99.0
6214,2026-08-26,180.4,176.05,161.575,146.73333333333332,2320073.2,89.19440753450033,88.99006014587272,10.610758850477907,8.568282727753934,2.042476122723974,86.9736738550113,78.71498843828705,193.52113064453766,161.575,129.6288693554623,12.33173448862758,多排,88.0
6215,2026-08-26,97.53999938964844,100.35,97.79999961853028,103.50666656494141,685328.2,19.47355664672421,23.099228415857596,-0.676691127525487,-0.6750939480931292,-0.0015971794323578203,47.38175916968305,48.025347646052346,110.62514068179212,97.79999961853028,84.97485855526844,0.6134988851625149,交叉混雜,10.0
6216,2026-08-26,22.00999984741211,22.13499984741211,22.052499771118164,22.484166622161865,134904.4,23.35875809066721,34.832431103352675,-0.11321753339715457,-0.05981269249772279,-0.05340484089943178,18.839338513184558,29.97157720668912,22.860665293448875,22.052499771118164,21.244334248787453,-4.772700519406002,交叉混雜,13.0
6217,2026-08-26,153.3,158.5,149.95,202.63333333333333,1619952.4,33.672106451774326,36.50233537618283,-7.931328053217413,-11.342642618550768,3.4113145653333543,59.6679137633579,49.85432210062123,188.02181579455845,149.95,111.87818420544154,7.36912304101368,交叉混雜,96.0
6218,2026-08-26,39.06999969482422,38.089999771118165,35.82999973297119,35.632499821980794,1256570.4,80.56835044453945,77.7324356871395,1.3335314956160715,0.7599148613461117,0.5736166342699598,80.71028011829975,70.03555998397243,41.88269842692216,35.82999973297119,29.777301039020212,12.754679952459917,多排,90.0
6219,2026-08-26,12.260000038146973,12.230000019073486,12.284999990463257,12.737500047683715,64200.0,50.01174228428653,45.19467018398391,-0.13560632070124612,-0.15093197952891793,0.015325658827671812,41.20690789891122,43.29515869415389,12.550766048893493,12.284999990463257,12.019233932033021,-0.6919021673919854,交叉混雜,12.0
6220,2026-08-26,25.699999618530274,25.704999732971192,25.699999809265137,30.974999872843423,116811.8,37.53321777317419,37.572457846201814,-1.0815134864254752,-1.364273354614653,0.28275986818917787,42.22439677197538,39.29322893886079,27.07458136273989,25.699999809265137,24.32541825579038,-0.5836598183573253,交叉混雜,47.0
6221,2026-08-26,22.929999923706056,22.579999923706055,21.80999994277954,22.404166666666665,105722.0,80.56470212542703,77.82242540908796,0.32529192614513747,0.11641853740011178,0.2088733887450257,78.07865979097596,67.61511193577383,23.654936225712106,21.80999994277954,19.965063659846976,6.373227069265025,交叉混雜,15.0
6222,2026-08-26,20.089999771118165,20.14000015258789,20.357500076293945,20.560833326975505,9402.0,25.346137941627397,29.921365952111433,-0.1686381049219925,-0.13973001365670049,-0.028908091265292007,27.908979595950086,38.03940882159406,21.072214169053353,20.357500076293945,19.642785983534537,-2.738552558732893,空排,47.0
6223,2026-08-26,5473.0,5662.5,5809.75,6107.166666666667,770224.0,22.221921860528386,29.63208933969043,-169.46967668563684,-98.5686294876553,-70.90104719798154,29.321602800310487,37.736800232427484,6847.371140676571,5809.75,4772.128859323429,-12.474719221997505,空排,95.0
6224,2026-08-26,76.74000091552735,70.75000038146973,63.09000034332276,69.3,2060105.4,91.89454735327197,90.75853852202714,3.911475430681662,1.157053600742186,2.754421829939476,88.57713625718492,75.84373374629136,82.04855950489969,63.09000034332276,44.13144118174583,26.01046056011636,交叉混雜,88.0
6225,2026-08-26,65.95999908447266,54.13147201538086,39.99073629379272,28.995245361328124,215898.8,86.21251077366195,89.41786950824836,11.226315491104174,7.4906973173171245,3.7356181737870493,78.01356158028094,78.24872859489794,75.28804779900305,39.99073629379272,4.693424788582391,72.53995898722684,多排,98.0
6226,2026-08-26,24.05,22.05,21.58249979019165,19.761666536331177,25836725.4,85.28416614705318,67.75003524243814,1.0718163379753385,0.39985863901005153,0.6719576989652869,85.275168102086,72.05510609705867,25.944690804717688,21.58249979019165,17.220308775665615,30.429745822693242,多排,98.0
6227,2026-08-26,118.4,120.05,120.8,120.31666666666666,211441.2,20.821604600080946,22.513674822427237,0.20104375653603768,0.8337733951318134,-0.6327296385957757,46.581191962436066,48.88969583789688,131.01557118994398,120.8,110.584428810056,-1.4900662251655605,交叉混雜,73.0
6228,2026-08-26,17.39000015258789,17.504999923706055,17.692499828338622,19.09250005086263,6200.0,37.104710838706325,28.51936610780071,-0.4075860154646769,-0.4154980173713127,0.007912001906635824,47.03364096678804,44.6733908340382,18.570460560844445,17.692499828338622,16.8145390958328,-1.6532441014346786,空排,3.0
6229,2026-08-26,23.439999389648438,23.814999771118163,23.517499923706055,25.15083335240682,35472.0,27.21730660997703,36.27676015993269,-0.24985226254591808,-0.31488514339520823,0.06503288084929015,50.8682325457435,47.54405708432918,24.766194143639648,23.517499923706055,22.26880570377246,0.5634089306008957,交叉混雜,41.0
6230,2026-08-26,107.3,108.4,108.6,119.925,20258.0,24.21751167366738,22.295137870958392,-2.6064152692571696,-3.0419038737881983,0.43548860453102867,51.822489896643354,45.79468678781931,112.33602659744261,108.6,104.86397340255738,-0.09208103130754541,空排,15.0
6231,2026-08-26,213.2,217.0,217.45,251.79166666666666,143030.2,21.79358778170009,21.38417470729361,-7.522538719634156,-8.581601692968247,1.0590629733340915,46.15516658112334,42.73295317748736,234.57154690501588,217.45,200.3284530949841,-1.3566337088985922,空排,29.0
6233,2026-08-26,21.3,21.36500015258789,21.080000019073488,23.100000031789143,102437.8,49.25780116029402,45.18305574096881,-0.3025032314162921,-0.4565988415621345,0.1540956101458424,63.64984002006524,52.23133504076243,22.792001092907306,21.080000019073488,19.36799894523967,3.178368028084851,交叉混雜,42.0
6234,2026-08-26,35.33000030517578,35.81000022888183,35.027500247955324,40.36250015894572,177323.4,38.00844714992214,34.899092039166405,-0.7903224383086567,-1.1175063979642648,0.3271839596556081,59.53883868471218,50.63400867850501,39.095924784225296,35.027500247955324,30.95907571168535,3.6328569840764,交叉混雜,70.0
6235,2026-08-26,38.08999938964844,38.22999954223633,38.31499977111817,40.21083329518636,228897.2,40.66046083979498,34.426711488212305,-0.4539600938263959,-0.5360848475940151,0.08212475376761919,56.60449512251654,49.67677431539961,40.57077619895449,38.31499977111817,36.05922334328184,0.7438306269226674,空排,6.0
6236,2026-08-26,15.230000114440918,15.164999961853027,16.022499656677248,17.395832951863607,1200.0,64.27553263841548,43.353104138841665,-0.5756903259790214,-0.5994266921516065,0.02373636617258512,69.47298635287515,47.609285546260864,17.96928434874571,16.022499656677248,14.075714964608784,-0.7645501062371574,交叉混雜,3.0
6237,2026-08-26,33.85999984741211,33.864999771118164,33.68999977111817,39.69749984741211,84813.6,49.338750832434684,41.833863516163404,-0.9826037799225347,-1.3462884799095451,0.3636846999870105,58.4564103048466,47.48944604268092,35.79678088216582,33.68999977111817,31.583218660070514,1.8106247256947787,交叉混雜,9.0
6239,2026-08-26,271.9,272.65,265.625,300.28333333333336,6955920.2,52.561569504933004,46.49006936788848,-3.132334132324388,-5.594905820965228,2.46257168864084,65.55830314311243,54.02115260005013,302.4358608115083,265.625,228.81413918849168,5.6000000000000005,交叉混雜,83.0
6240,2026-08-26,21.85999984741211,21.2,20.102499961853027,18.822499879201253,74268.8,75.22194018614205,82.93886077792467,0.9762672393563321,0.7121452344901104,0.2641220048662217,61.17879136232489,63.19957068574148,22.90709666813246,20.102499961853027,17.297903255573594,9.6878461828287,多排,74.0
6241,2026-08-26,18.259115600585936,17.120929718017578,16.410464906692503,15.320321607589722,67508.4,77.31471124764235,75.31596924083871,0.6484918510660087,0.4590112653960431,0.18948058566996562,48.92867279967159,53.84081203726603,20.111468696567165,16.410464906692503,12.709461116817842,4.811172996841556,多排,90.0
6243,2026-08-26,42.0,43.25499992370605,45.32499980926514,41.93916660944621,840913.4,17.12497865865833,15.123961836199872,-0.8614964921873138,-0.1306680546360522,-0.7308284375512617,39.90356234496384,43.76079700777955,51.13538089519132,45.32499980926514,39.514618723338955,-7.004960389955063,交叉混雜,79.0
6244,2026-08-26,24.66999969482422,25.13999996185303,24.22750005722046,26.248333422342935,1522317.4,26.719305886888968,38.19809212514287,-0.10171098747175478,-0.22368508143460844,0.12197409396285366,50.171868254671,49.84061685842871,26.969469475289625,24.22750005722046,21.485530639151296,2.1566399403384597,交叉混雜,61.0
6245,2026-08-26,81.75999908447265,82.99999923706055,82.35999946594238,81.82333323160807,311517.6,22.195106619985534,26.76692558736554,0.23345420947261175,0.5991775666399786,-0.3657233571673668,47.03501114079056,49.337610245675975,90.42588729296655,82.35999946594238,74.29411163891821,-0.1942721208568693,交叉混雜,66.0
6246,2026-08-26,12.35,12.395000076293945,12.430000066757202,14.144166692097981,11578.2,22.30721627829811,26.096737943035006,-0.380749953560235,-0.46276781956280677,0.08201786600257177,46.94640458169112,43.062209165146236,13.100742053167346,12.430000066757202,11.759258080347058,-0.6436016480919158,空排,19.0
6248,2026-08-26,17.770000076293947,17.980000305175782,17.785000228881835,18.022500197092693,162081.8,40.48027844116441,62.41993827050204,-0.06520717302253587,0.015614026544625764,-0.08082119956716163,19.54628103872541,30.161993937348726,18.730404819463722,17.785000228881835,16.839595638299947,-4.694964606108858,交叉混雜,17.0
6257,2026-08-26,199.6,202.6,200.65,218.30833333333334,3742556.6,33.301498726683725,30.6602455438029,-3.9613736748561905,-4.619282559522983,0.6579088846667922,57.32028007229971,48.9646077557224,218.26608117004037,200.65,183.03391882995965,1.6695738848741561,交叉混雜,91.0
6259,2026-08-26,29.760000228881836,30.870000267028807,30.35000009536743,32.8908332824707,346809.0,20.200987652730824,24.144250198457378,-0.7139065227591388,-0.7213320334302805,0.007425510671141722,49.49866142188255,46.560194299541116,33.204544273704904,30.35000009536743,27.495455917029958,9.426764241628055e-07,交叉混雜,89.0
6261,2026-08-26,79.2,78.44999923706055,77.6349998474121,87.70166651407878,489421.0,60.340579957818896,47.726246143242804,-1.4467202702992807,-2.496078115323695,1.049357845024414,76.68065106177475,58.94870732799221,82.8718238896963,77.6349998474121,72.3981758051279,6.652931299668031,交叉混雜,59.0
6263,2026-08-26,162.9,162.8,158.5,160.0,67369.8,66.79674344439994,64.1987112714115,1.8871282100929818,1.2312471201214465,0.6558810899715353,65.68036531330401,59.15011126583538,171.4696000831121,158.5,145.5303999168879,3.4700315457413247,交叉混雜,69.0
6264,2026-08-26,6.032000160217285,6.035000133514404,6.044500088691711,6.063333384195963,12620.0,85.13810525383613,83.28680059871655,-0.008057362945184998,-0.008247548418384595,0.00019018547319959653,54.65983056948463,48.68832843530283,6.070026031166616,6.044500088691711,6.018974146216806,-0.07444994247088756,空排,27.0
6265,2026-08-26,59.460000610351564,60.000000381469725,55.2625,53.6558334350586,7786922.4,40.065799067474906,45.90329042097786,2.7368179848725944,2.4247763852740642,0.3120415995985302,55.29191878834052,58.06131793100367,68.78911669907157,55.2625,41.735883300928435,8.029858878877087,交叉混雜,97.0
6266,2026-08-26,25.11999969482422,25.119999885559082,24.757499980926514,25.39083334604899,72066.8,61.559719072360664,64.13825423916636,0.022240078179358136,-0.05008571260396158,0.07232579078331972,51.89147603749444,52.02739833166762,25.76027230585368,24.757499980926514,23.75472765599935,1.181457159888428,交叉混雜,21.0
6269,2026-08-26,62.98000030517578,63.920000076293945,61.88000011444092,64.79500020345053,1948851.8,38.42761639461545,33.16870305904898,0.808628685082077,0.6996899945694275,0.10893869051264948,62.511883343363856,57.09725502091399,73.79365458976687,61.88000011444092,49.96634563911496,5.203617249070957,交叉混雜,64.0
6270,2026-08-26,29.59000015258789,29.989999771118164,29.59749984741211,33.15583321253459,115868.8,32.83883046054395,33.40575912903255,-0.5764657483093103,-0.6837944223196687,0.1073286740103584,46.775393584311026,45.42865959134099,31.909817720711338,29.59749984741211,27.28518197411288,0.1773790738705061,交叉混雜,76.0
6271,2026-08-26,197.3,196.65,189.45,218.28333333333333,2138903.0,61.00236079518864,51.590863509349745,-1.6840055915266987,-4.607058855923296,2.9230532643965974,73.3752603298143,57.83628936848776,218.1497157513877,189.45,160.75028424861227,8.471892319873325,交叉混雜,81.0
6272,2026-08-26,23.440000152587892,23.410000038146972,23.914999961853027,28.8375,76640.0,37.63214295128968,26.5290395383629,-1.1200215833182376,-1.3245821846967916,0.20456060137855392,51.31016274976265,41.26184120033053,25.235725189793314,23.914999961853027,22.59427473391274,-0.8990140048359642,交叉混雜,2.0
6274,2026-08-26,1507.0,1545.5,1462.0,1501.75,4510454.4,30.496627516615362,36.42438163175385,32.8917891183421,32.87011222754304,0.021676890799064097,53.16516606227508,53.52066771342753,1804.2895050438517,1462.0,1119.7104949561483,4.309165526675787,交叉混雜,98.0
6275,2026-08-26,44.369999694824216,44.19500045776367,43.71500015258789,46.353333218892416,189791.0,47.482659773314225,45.22112131325196,-0.20279365478156564,-0.46744365324281323,0.2646499984612476,56.124361308869084,52.05105016291202,46.16816099803063,43.71500015258789,41.26183930714515,2.138857074293443,交叉混雜,38.0
6276,2026-08-26,20.060000610351562,19.58000030517578,19.825000286102295,21.896666781107584,18806.0,68.71992207631648,58.460550705697415,-0.33584139271642854,-0.5810658637934251,0.24522447107699652,67.08559633786658,54.60003297092809,21.163302765750426,19.825000286102295,18.486697806454163,3.152587479533584,交叉混雜,2.0
6277,2026-08-26,80.89999847412109,82.78999862670898,80.42499885559081,76.05999959309896,459573.4,27.581504354653312,40.653946333726815,1.4380892285223297,1.8190101948679875,-0.38092096634565786,47.868320247099184,52.435289654539616,86.800568676768,80.42499885559081,74.04942903441363,0.7149532515898988,交叉混雜,78.0
6278,2026-08-26,185.2,178.85,167.7,182.925,9543259.2,78.4366753895961,76.0594276631808,4.207745879971611,0.26039855322775296,3.9473473267438584,77.0858582226065,66.51709039686318,200.09948017776483,167.7,135.30051982223515,18.366129994036978,交叉混雜,89.0
6279,2026-08-26,127.3,127.6,124.75,121.00833333333334,287401.8,51.854960564863255,58.29775294486063,2.283222140407517,2.369876355525728,-0.08665421511821103,52.00227173636348,57.72527910698161,135.94915410339343,124.75,113.55084589660657,1.8036072144288577,交叉混雜,56.0
6281,2026-08-26,51.65999984741211,51.52999992370606,51.564999961853026,51.52499987284342,24240.2,70.55470269935248,65.65287236882618,0.00191379567724681,-0.006946880426442096,0.008860676103688906,45.991062449447575,48.46761110219296,52.01115345734195,51.564999961853026,51.118846466364104,-0.12605442044237733,交叉混雜,23.0
6282,2026-08-26,44.56999969482422,45.72999992370605,46.07750015258789,52.77500006357829,5300841.4,21.47328210602395,19.91169970455606,-1.5337004135099122,-1.5954967430821438,0.06179632957223169,46.21530963389764,43.6143342615324,51.34961924551785,46.07750015258789,40.805381059657925,-1.795887688888461,空排,58.0
6283,2026-08-26,20.070000076293944,20.064999961853026,20.117500019073486,22.049166615804037,86220.0,50.36580234916987,55.25759997787114,-0.3894377239427804,-0.48861238462023276,0.09917466067745234,47.91246722761425,42.53922929363229,20.470345578997396,20.117500019073486,19.764654459149575,-0.3355326553942635,交叉混雜,13.0
6284,2026-08-26,76.28000030517578,77.32999954223632,76.18499984741212,89.23333333333333,650978.6,33.31795881223139,36.39666059141761,-2.200954837710242,-2.8777496321308407,0.6767947944205988,48.4436407576846,46.00092823333491,82.88559685347958,76.18499984741212,69.48440284134465,0.544724850745111,交叉混雜,18.0
6285,2026-08-26,234.7,237.95,239.925,252.59166666666667,2456727.8,28.671272591251174,28.65353005633106,-3.5897245537823324,-3.094570728135313,-0.4951538256470194,48.07846730683129,47.09169743819555,265.6467397299811,239.925,214.20326027001892,-1.2191309784307642,空排,86.0
6290,2026-08-26,226.7,222.15,216.675,265.60833333333335,5414130.6,77.72052478361368,65.82694844903406,-5.071678175773201,-10.619614181779665,5.547936006006465,70.51209497219853,57.331509115651215,239.10917271180983,216.675,194.2408272881902,10.534210222683738,交叉混雜,77.0
6291,2026-08-26,381.2,382.2,371.575,451.55,429372.4,51.641429367691785,46.235462848657704,-7.976601233730321,-13.529785899240117,5.5531846655097965,57.30688102689946,51.397118738711804,422.33789050706105,371.575,320.81210949293893,4.824059745677188,交叉混雜,90.0
6292,2026-08-26,61.619999694824216,62.62999992370605,60.575,59.01249980926514,142282.8,29.065472411110015,33.47461004041311,1.5822130145609066,1.673360074719592,-0.09114706015868546,59.28040714488142,58.46190576695451,69.12796162144758,60.575,52.022038378552416,3.177878662814688,交叉混雜,81.0
6294,2026-08-26,28.75999984741211,28.789999961853027,27.77499990463257,27.781666564941407,4127.0,49.497480067336795,60.12032147336482,0.37270870283931856,0.24827802859754372,0.12443067424177484,58.99163523119098,59.18141113611967,29.925764938894496,27.77499990463257,25.624234870370643,3.1503140122487054,交叉混雜,8.0
6405,2026-08-26,39.10000076293945,39.2450008392334,38.61250038146973,51.611666933695474,307269.4,53.386059552247985,44.933226836524845,-1.8378959242458421,-2.666532384229261,0.8286364599834188,70.97758464313972,54.20114711991467,42.913771557936286,38.61250038146973,34.31122920500317,7.866626388864691,交叉混雜,71.0
6409,2026-08-26,1021.0,1017.0,996.15,998.25,325389.0,47.18672184445643,44.43865906539328,8.778693261202193,5.352571335121489,3.426121926080704,58.868163370580625,55.03197532665354,1082.601142271224,996.15,909.698857728776,4.401947497866789,交叉混雜,76.0
6411,2026-08-26,78.54000091552734,78.56999969482422,77.44000015258788,88.11166623433431,211570.2,35.788535022816895,36.45039025203238,-1.4688174663500035,-2.2624371577450306,0.7936196913950271,66.18231680008984,52.86368038542254,81.95495786513561,77.44000015258788,72.92504244004016,3.82231581541662,交叉混雜,31.0
6412,2026-08-26,78.01999969482422,78.13999938964844,78.375,85.83833312988281,338538.4,43.9383132717388,39.495265762690124,-1.5456359301253713,-1.9013579696639558,0.3557220395385845,52.36079717941991,45.18691100383028,81.09790558613086,78.375,75.65209441386914,0.03189987352970495,空排,11.0
6414,2026-08-26,397.0,405.85,426.875,407.65833333333336,997813.4,16.85579857622645,18.47484908457804,-7.748755661211703,-0.859938436779882,-6.888817224431821,38.26729294715386,42.4861805219822,489.4090959628855,426.875,364.3409040371145,-6.764275256222548,交叉混雜,80.0
6415,2026-08-26,452.9,454.85,444.875,505.96666666666664,1639630.2,37.3104289211102,35.38223657834165,-6.302398067074705,-11.135880085622077,4.833482018547372,66.49252296311074,54.52691686179211,490.7694727780873,444.875,398.9805272219127,5.535262714245574,交叉混雜,85.0
6416,2026-08-26,100.28000030517578,97.73000030517578,97.35999984741211,92.01000035603842,896622.6,53.76667669120536,51.69449765582446,1.3448459865283695,1.414794488948242,-0.0699485024198725,55.80126009524969,54.269997015296575,107.24638636635969,97.35999984741211,87.47361332846454,2.608876009087534,多排,75.0
6417,2026-08-26,108.6,108.9,111.025,122.875,28600.0,32.751883561492605,30.92836576002353,-3.3676916008224964,-3.612099829026679,0.24440822820418262,34.54685917623402,37.84805791890484,117.77212414370312,111.025,104.27787585629689,-3.174960594460712,空排,32.0
6418,2026-08-26,32.98000030517578,32.32000026702881,31.869999980926515,31.836666774749755,63201.2,69.2173363087717,61.41181151124978,0.4433167830446365,0.2859199555014813,0.1573968275431552,64.63245709422048,58.64391920399313,34.78121233041717,31.869999980926515,28.958787631435865,4.957642870908482,多排,57.0
6419,2026-08-26,158.1,163.1,150.2,144.225,237497.6,24.604372754618332,42.39156334260199,5.40512284276187,5.665264529105849,-0.2601416863439798,44.540388459078144,51.893162147576206,183.86772622963485,150.2,116.53227377036514,2.862849533954735,交叉混雜,94.0
6423,2026-08-26,79.64000091552734,80.07000122070312,77.50500030517578,78.86333338419597,25621.8,60.62539765689614,60.015950083128715,1.0700541820084055,0.685253623876622,0.3848005581317835,64.54096130527896,58.61561133651995,86.56584373858891,77.50500030517578,68.44415687176266,4.251342150323156,交叉混雜,37.0
6425,2026-08-26,59.21999969482422,59.009999465942386,56.91999988555908,66.08166618347168,199153.0,58.19200798168914,52.22957951847475,-0.6574145640491267,-1.6840786344342793,1.0266640703851526,75.91914302288944,61.92929238234659,63.33596669911478,56.91999988555908,50.50403307200338,11.033030375977997,交叉混雜,18.0
6426,2026-08-26,250.5,240.2,212.1,198.6,2887046.2,80.86198673055537,79.90141273415041,19.627908075621917,14.338394524529065,5.289513551092853,77.55258527603245,72.28038268801082,286.7152235066508,212.1,137.48477649334924,26.355492692126358,多排,96.0
6431,2026-08-26,19.68000030517578,19.57000026702881,18.92750005722046,18.41833349863688,51628.2,58.693096233009186,68.93146252094805,0.4251949333065568,0.3987091787361195,0.02648575457043728,44.40796762741174,52.699751380871795,20.99770871227441,18.92750005722046,16.85729140216651,1.4397078583816456,多排,57.0
6432,2026-08-26,64.56000061035157,67.96000061035156,70.21500053405762,72.41833349863688,548384.0,10.037273682291527,11.720915161273581,-2.177324552245622,-1.1138893421547222,-1.0634352100909,29.920937328795063,37.42269050388662,78.7431644049266,70.21500053405762,61.68683666318864,-9.70590181064389,空排,89.0
6435,2026-08-26,257.3,259.0,253.5,294.8833333333333,451520.6,36.87575020783919,33.03657852653539,-7.062650082281436,-10.29385247133741,3.231202389055973,63.49368505576306,51.192936417649285,281.81588730172643,253.5,225.18411269827357,4.930966469428008,交叉混雜,93.0
6438,2026-08-26,144.3,144.6,143.45,149.0,187182.4,46.84287962964301,39.5155616733066,-0.7479247386469012,-1.2235104446577971,0.4755857060108959,60.47444348995434,52.73604401164802,154.0325079108992,143.45,132.86749208910078,2.126176368072507,交叉混雜,33.0
6441,2026-08-26,21.500000381469725,21.775,21.382500076293944,21.99666665395101,25774.4,9.81462733483025,18.758385270326112,0.009752685930891403,0.03747660989752868,-0.027723923966637275,39.116781197783915,46.83474339806114,24.27882729203654,21.382500076293944,18.48617286055135,-0.1519920248252385,交叉混雜,21.0
6442,2026-08-26,1558.0,1563.0,1454.0,1579.8333333333333,2152174.6,57.69096909056138,55.62776016078233,39.9691916726199,17.692194567387666,22.276997105232233,66.84312016445227,60.60274669077134,1772.2121106564393,1454.0,1135.7878893435607,13.13617606602476,交叉混雜,82.0
6443,2026-08-26,26.200000381469728,26.63000030517578,26.207500171661376,31.575000127156574,2849427.2,29.972244386591,28.23898877816317,-0.8583567768146843,-1.1350471045317052,0.27669032771702096,53.72266000641513,47.00763496703438,28.90550626941919,26.207500171661376,23.50949407390356,1.6884458417265584,交叉混雜,69.0
6446,2026-08-26,1465.0,1448.0,1352.0,1178.9032348632813,3035921.8,72.04332448407686,64.17409241469916,85.37420592126136,74.20597869768133,11.168227223580033,80.06658805061895,70.82760022574463,1646.6255428952488,1352.0,1057.3744571047512,17.233727810650887,多排,98.0
6449,2026-08-26,217.1,224.9,226.0,298.725,596757.8,22.547694631407694,23.99740068264161,-14.224704071016305,-15.966902567376328,1.7421984963600234,38.342847917250545,39.6454031634685,252.81319392427912,226.0,199.18680607572088,-5.3097345132743365,空排,62.0
6451,2026-08-26,426.8,428.9,418.025,489.525,4200381.4,49.93990710456855,43.74372346117874,-6.147674719104998,-10.994629590674643,4.846954871569645,61.7523453820569,54.616738601757774,492.0559145951181,418.025,343.99408540488184,9.084384905209024,交叉混雜,94.0
6456,2026-08-26,68.19999847412109,67.10999908447266,64.08499946594239,68.30166613260904,4530384.4,55.41505800370558,55.34423125133165,0.8236894832093355,0.2314401500360313,0.5922493331733043,58.1186497038817,55.37558744287095,75.05448184974914,64.08499946594239,53.11551708213563,7.045328931582774,交叉混雜,81.0
6461,2026-08-26,15.800000190734863,15.935000133514404,15.860000085830688,15.711666758855184,127535.8,37.765617231150486,36.71265389097845,0.03029676587456187,0.0459513262198207,-0.015654560345258826,56.772639565593984,52.90092031202462,16.401537835765843,15.860000085830688,15.31846233589553,0.8827232875893112,交叉混雜,36.0
6462,2026-08-26,99.56000061035157,99.35,98.54499969482421,106.52833315531413,348009.2,44.76081981289589,38.65016085078759,-1.069612802091143,-1.7298161140580008,0.6602033119668578,62.162416534788015,52.52332909154631,105.1999471867581,98.54499969482421,91.89005220289033,2.491247970752928,交叉混雜,12.0
6464,2026-08-26,78.91999969482421,78.65,78.27999992370606,76.64410247802735,49321.4,91.0253915697835,86.965104373326,0.465019136767566,0.4549664033102245,0.010052733457341534,58.12495149023577,56.68682709751425,80.296355064186,78.27999992370606,76.26364478322611,0.7920306627198775,多排,63.0
6465,2026-08-26,45.57999954223633,46.194999313354494,46.69249973297119,54.49593264261882,99562.0,24.792283110150045,18.825746113568783,-1.9468459897927346,-2.158200141645173,0.21135415185243822,23.590761604339903,29.836604936735654,48.37030440439848,46.69249973297119,45.014695061543904,-3.5176966435806802,空排,91.0
6469,2026-08-26,69.25999908447265,69.10999984741211,70.76109733581544,74.45869941711426,345947.6,43.29247902185736,38.69478349898158,-1.808891613860581,-1.8035386073403348,-0.005353006520246284,39.577344238726134,36.57911581381114,76.11719172120054,70.76109733581544,65.40500295043033,-2.771430005884071,交叉混雜,9.0
6470,2026-08-26,41.93000030517578,41.86500015258789,42.30000019073486,46.465833473205564,16216.4,65.68037723420773,47.250043324443396,-1.1256098487442827,-1.3221378302904623,0.19652798154617956,59.97576058282559,42.94379587796752,43.46438391512617,42.30000019073486,41.135616466343556,0.4728127857288839,交叉混雜,27.0
6472,2026-08-26,456.1,433.7,421.55,412.9916666666667,2496987.8,78.48194222309735,71.28386147486725,12.572770061518554,7.0547670098035855,5.5180030517149685,65.30793608221232,62.751908585080706,470.9845926186287,421.55,372.1154073813713,8.409441347408372,多排,51.0
6474,2026-08-26,39.2,39.28999977111816,38.57749938964844,37.91416657765706,81463.8,47.80857866159526,54.17596733377362,0.4716020053640051,0.44822503345365977,0.023376971910345323,63.08007030508088,61.66468315026321,40.61851975959156,38.57749938964844,36.53647901970532,2.5208991323918255,交叉混雜,59.0
6477,2026-08-26,36.66000061035156,37.07000045776367,35.97000007629394,35.72583316167196,1804838.0,37.59100129912776,45.34653815920239,0.06846039943616233,0.05923355116753258,0.009226848268629753,49.66327205232934,50.11230601569531,39.25303546051349,35.97000007629394,32.6869646920744,1.6124524868957486,交叉混雜,58.0
6482,2026-08-26,27.35999984741211,27.774999809265136,27.669999885559083,28.206666564941408,58810.0,37.54846498335849,51.66970417271132,-0.2826938259434364,-0.05429431379156724,-0.22839951215186916,21.81082704774704,30.29071930702426,29.69910380982247,27.669999885559083,25.640895961295694,-8.74593384737264,交叉混雜,5.0
6485,2026-08-26,59.92000045776367,61.18000030517578,61.35499992370605,74.52999998728434,125311.6,23.167141378771078,26.250010991519588,-2.5445454726292738,-2.9401257783075323,0.3955803056782585,42.43624570618759,41.671586090372294,68.29973625001742,61.35499992370605,54.41026359739468,-1.8824857993689559,空排,6.0
6486,2026-08-26,74.04000091552734,74.0099998474121,74.2099998474121,78.69333305358887,44203.6,56.803585773229685,47.25847660288653,-1.0438334455967748,-1.3161663241500468,0.27233287855327193,62.42097559500886,45.06153250715022,74.97199170551428,74.2099998474121,73.44800798930993,0.5255337926302226,交叉混雜,40.0
6488,2026-08-26,975.4,997.5,933.9,1039.4833333333333,8672671.8,35.0859750534849,48.81574040660874,-17.861844564960165,-26.898088539492385,9.03624397453222,44.6914537823085,46.52586976775053,1087.5885435582452,933.9,780.2114564417546,2.0451868508405635,交叉混雜,93.0
6491,2026-08-26,372.0,369.95,366.625,347.78333333333336,296682.6,47.39701747006667,46.801563813828366,6.70151104007175,7.12894603247155,-0.42743499239979954,60.977705084230976,59.33111018927962,399.2470380789,366.625,334.0029619211,2.42072962836686,多排,76.0
6492,2026-08-26,35.67000045776367,36.945000076293944,37.81750011444092,41.45500005086263,715561.6,25.912651094771213,24.444130981415526,-1.5751289445735281,-1.4316737267964073,-0.1434552177771209,34.55343738664381,32.659003814873685,41.03689394842956,37.81750011444092,34.59810628045228,-5.599257870281279,空排,15.0
6494,2026-08-26,54.15999984741211,54.49000015258789,52.837500381469724,57.39166673024496,84336.8,27.79765121181994,39.35568445429354,-0.11619025923169346,-0.44846541046260724,0.3322751512309138,50.18247156950271,50.295866073498054,58.68034325614922,52.837500381469724,46.994657506790226,2.200141206789503,交叉混雜,75.0
6496,2026-08-26,24.58000030517578,24.60500011444092,24.462500190734865,24.61000003814697,5177.2,59.94116690163693,57.294249555359386,0.018547879411681123,-0.018882727017394567,0.03743060642907569,61.76136949738181,55.61426481751003,25.15294242156561,24.462500190734865,23.77205795990412,1.9928485167236851,交叉混雜,42.0
6498,2026-08-26,75.24000244140625,75.26000213623047,74.44000015258788,86.45666720072428,60137.6,39.51971183250619,43.3633506620748,-1.958208795075734,-2.656293919652497,0.698085124576763,51.49497595848686,46.7780567403501,79.47436804810316,74.44000015258788,69.40563225707261,1.2896310737818384,交叉混雜,7.0
6499,2026-08-26,66.38000030517578,64.45000038146972,61.61999988555908,67.75333340962727,354898.8,73.42687294889166,65.05565509175082,0.4759744987359369,-0.8457003727242123,1.3216748714601492,74.22768395873341,64.73539886022894,69.80100634167317,61.61999988555908,53.43899342944499,16.682897856883944,交叉混雜,8.0
6504,2026-08-26,38.03000030517578,37.80000038146973,38.42500019073486,37.20333347320557,24022.8,65.06191684086168,48.70298205729095,0.014432129954052186,0.11356793911937943,-0.09913580916532724,55.57899020972221,52.04285792165611,40.04802507143033,38.42500019073486,36.801975310039396,-0.45543315514949506,交叉混雜,30.0
6505,2026-08-26,72.0000015258789,71.40000076293946,70.41499977111816,65.21499989827474,20371240.8,36.0850603304844,45.58957781188752,0.5827009847475892,0.9320260118292153,-0.34932502708162605,44.959387125674915,48.513095313194505,74.40302327036514,70.41499977111816,66.42697627187118,-0.16331281649384663,多排,87.0
6506,2026-08-26,17.549999618530272,17.404999923706054,17.062499809265137,18.04333324432373,48148.0,56.09918158459704,65.72635613711549,-0.019909780281324174,-0.13972976240610044,0.11981998212477626,62.28164513111481,55.232891562815055,17.968546903919318,17.062499809265137,16.156452714610957,2.857139535501659,交叉混雜,60.0
6508,2026-08-26,26.079999923706055,26.004999923706055,26.035000038146972,25.191666634877524,33120.0,41.61200131076769,42.3337866872351,0.0995786291675067,0.17595229975033252,-0.07637367058282582,42.255197120311834,47.76517704548361,26.75764188988866,26.035000038146972,25.312358186405284,-0.9026341491918475,交叉混雜,64.0
6509,2026-08-26,45.64999923706055,46.349999618530276,45.992499923706056,48.23500003814697,690195.4,18.880086990916613,26.727037001650004,-0.5834792387580876,-0.5001971323661121,-0.08328210639197553,39.988983992991955,43.014630836646816,49.87081681065344,45.992499923706056,42.114183036758675,-1.505681769406432,交叉混雜,71.0
6510,2026-08-26,2673.0,2748.0,2722.5,2966.5833333333335,251293.6,14.818313174742832,22.279076685897593,-39.56748673127595,-35.68127209952717,-3.8862146317487785,38.41365357026987,43.958589402055296,3029.30870089906,2722.5,2415.69129910094,-3.581267217630854,交叉混雜,83.0
6515,2026-08-26,6240.0,6399.0,6463.0,7519.0,192292.4,20.47035654576825,29.525274817796472,-234.4678231859616,-233.92731521637165,-0.5405079695899531,28.891232829042536,37.896922621780845,7336.7481270215685,6463.0,5589.2518729784315,-6.854401980504409,空排,96.0
6516,2026-08-26,57.76000061035156,58.31000022888183,58.99000015258789,57.98500003814697,18866.2,11.294080283265194,17.375291375859923,-0.12947866709139078,0.21704592179152282,-0.3465245888829136,19.07469589715616,37.05869269497958,62.513095934644014,58.99000015258789,55.466904370531765,-3.3734533775901134,交叉混雜,37.0
6517,2026-08-26,66.57999725341797,65.90999832153321,64.06999931335449,67.74333311716715,824951.0,58.973733242543105,51.900483966791704,0.19450748514891814,-0.5404316054111621,0.7349390905600802,75.28194291402389,63.181836692997344,69.38179150872898,64.06999931335449,58.75820711797999,11.128449682067584,交叉混雜,73.0
6523,2026-08-26,89.8,89.85,90.17500038146973,92.95666681925455,17028.2,56.9331755474169,54.93376726937609,-0.5419980492204957,-0.6586157370969201,0.11661768787642446,39.29470573186769,42.06452690257107,91.16734066345442,90.17500038146973,89.18266009948503,-0.6376511282685774,空排,12.0
6525,2026-08-26,138.8,142.75,138.05,148.70833333333334,1316894.0,27.35296120554845,32.60416122966628,-2.4759967179533646,-2.8845533748033,0.40855665684993525,52.67431292565161,48.73291571358442,155.96177207725248,138.05,120.13822792274753,2.4990945309670325,交叉混雜,90.0
6526,2026-08-26,580.4,590.0,590.0,624.8833333333333,236062.6,28.92185459785512,29.538905517619447,-7.021254900827444,-6.681041719082661,-0.3402131817447822,51.18942242593538,48.23681124024281,665.2903153064667,590.0,514.7096846935333,-0.1694915254237288,交叉混雜,66.0
6527,2026-08-26,75.28000030517578,75.0099998474121,73.81499938964843,72.18166643778483,16440.4,73.84138482877614,68.3426938708583,1.1167641014693714,1.0316919528990403,0.08507214857033119,64.76458337572791,62.038306977595276,79.34359469557687,73.81499938964843,68.28640408372,2.28273470742298,多排,51.0
6530,2026-08-26,83.33999938964844,83.34000015258789,79.59000015258789,84.42000007629395,916826.2,53.03287903927307,48.483802576117256,1.4598287525883649,0.620987550847619,0.8388412017407458,65.31585899754383,58.89590549008171,93.31633283824121,79.59000015258789,65.86366746693457,9.310214641545231,交叉混雜,75.0
6531,2026-08-26,881.4,877.7,846.4,902.5166666666667,3338658.0,55.58229424403909,43.44315347703852,7.224019890638942,-0.31813355381904906,7.542153444457991,62.684991333645506,56.169660641147466,1019.7720064819624,846.4,673.0279935180375,8.813799621928169,交叉混雜,93.0
6532,2026-08-26,88.42000122070313,87.67000122070313,81.42500095367431,82.57500025431315,548882.8,70.10921229478183,72.25391802675516,3.416400528780656,2.427321182931207,0.9890793458494489,67.64913484388475,64.9615428936894,99.34551239215148,81.42500095367431,63.50448951519715,9.917100339881914,交叉混雜,82.0
6533,2026-08-26,251.9,249.25,242.275,219.35,866720.6,72.99477346861678,67.36477949387256,9.493618416546866,8.876338213979148,0.6172802025677182,77.51473708179904,68.78861226058444,271.35650977039353,242.275,213.19349022960648,9.792591063873694,多排,71.0
6534,2026-08-26,92.24000091552735,92.45000076293945,93.39000053405762,92.1683334350586,41688.8,32.89884119985025,35.28259235330559,-0.27438993446737925,-0.031623045252196835,-0.2427668892151824,38.037369677058564,43.186008780928084,96.18766851443965,93.39000053405762,90.59233255367559,-1.5954588282022106,交叉混雜,50.0
6535,2026-08-26,79.13999938964844,81.96999969482422,85.62499961853027,95.4983331044515,309019.0,19.151753184449102,13.629556338270971,-4.292565659946348,-3.7676556225777156,-0.5249100373686324,25.25867754188154,27.917425846314913,94.99165383706247,85.62499961853027,76.25834539999806,-8.087594395491744,空排,1.0
6538,2026-08-26,198.2,192.65,169.1,141.10333328247071,3055551.4,81.48714606975031,83.78634479224493,17.37879184671391,14.441491783442277,2.937300063271632,75.80088058172554,73.4495539013595,220.4733496341393,169.1,117.72665036586066,19.45594322885867,多排,97.0
6541,2026-08-26,36.67999954223633,36.78999977111816,37.38499984741211,39.405833371480306,186894.4,41.99948454674434,36.248781590024564,-0.7331339829417658,-0.6940404250476037,-0.039093557894162134,46.532335935367634,43.79749761133309,39.377644501164234,37.38499984741211,35.39235519365999,-1.6985417948478798,空排,13.0
6546,2026-08-26,62.76000061035156,63.01000061035156,60.99000015258789,66.1799996693929,141438.4,35.58185536307447,35.88973537081925,0.03680948438447729,-0.4135648634074177,0.450374347791895,62.28858727274756,55.21477846316786,68.56972443361238,60.99000015258789,53.41027587156339,4.4433523587006825,交叉混雜,19.0
6547,2026-08-26,56.460000610351564,54.03000068664551,51.65250015258789,48.260833422342934,5996710.2,82.2494991850595,72.84388884823832,2.593636840067198,1.7346639136692326,0.8589729263979655,88.1403022136182,78.93362026747253,59.36643055259596,51.65250015258789,43.938569752579824,19.83931337886574,多排,89.0
6548,2026-08-26,71.06000061035157,71.90999984741211,71.69999961853027,79.0549996693929,2316424.4,42.36388914221766,32.15009670941082,-0.7318486222673783,-1.0244510208211473,0.2926023985537689,65.08604203431841,54.966276711186794,79.55285723788592,71.69999961853027,63.84714199917463,3.9051609433287817,交叉混雜,90.0
6550,2026-08-26,11.529999923706054,11.094999980926513,11.09500002861023,12.3024999777476,2604468.4,49.908661427048855,46.53809106977099,-0.219674255784156,-0.3748988055164863,0.1552245497323303,57.52814325205778,52.85957002132663,11.978116527213786,11.09500002861023,10.211883530006673,5.002249558259476,交叉混雜,1.0
6552,2026-08-26,25.120000457763673,24.925000381469726,24.625000190734863,27.618333339691162,64947.0,62.877145171255876,51.60330572640562,-0.38077769032008035,-0.6482805522515576,0.2675028619314772,66.27664373596248,51.64758198526758,25.78508175717157,24.625000190734863,23.464918624298154,2.9441631883018005,交叉混雜,19.0
6556,2026-08-26,59.95999984741211,59.369999694824216,61.91999969482422,67.33166643778483,9822.0,56.99506022165295,43.30099249426533,-1.8485247639183413,-2.1000300576539908,0.25150529373564945,55.58216623874826,45.9591853069597,68.53946078593553,61.91999969482422,55.300538603712916,-1.324291383631368,交叉混雜,20.0
6558,2026-08-26,24.88000030517578,25.15,25.25749988555908,28.129999955495197,109086.4,26.73978322371707,22.484873187751944,-0.6514594194236665,-0.7265368338540658,0.07507741443039928,51.4361086236157,45.45288888479933,27.4208973871982,25.25749988555908,23.094102383919964,-0.029693697290163558,空排,4.0
6560,2026-08-26,31.34000015258789,31.315000152587892,31.71250009536743,35.20833336512248,8201.0,53.37320305337583,49.474132143093755,-0.8565511135251,-0.9776499691872371,0.12109885566213707,33.13399646950671,35.635258385070244,33.09657296484254,31.71250009536743,30.328427225892327,-2.246748421678409,交叉混雜,8.0
6561,2026-08-26,322.5,321.8,323.925,332.03333333333336,22091.6,38.31271244503694,34.3564898738898,-1.887814319603649,-2.1147004500385256,0.2268861304348766,47.296195845659796,46.35197997856027,331.14540237976877,323.925,316.70459762023125,-0.5942733657482477,交叉混雜,21.0
6568,2026-08-26,127.2,129.25,132.125,153.13333333333333,52348.6,30.3116238949221,22.448579137448263,-5.620993228604334,-6.322174770858368,0.7011815422540337,56.62699600730583,45.056932050973224,143.97438372814668,132.125,120.27561627185331,-0.47303689687795647,空排,23.0
6569,2026-08-26,92.62000122070313,92.66000061035156,94.51500015258789,102.97833353678385,35598.0,38.58538354716415,36.16308054818013,-2.4397837567199474,-2.492425825908807,0.05264206918885961,35.20503665692566,35.53033408588446,98.90219404616715,94.51500015258789,90.12780625900862,-2.766755142027454,空排,26.0
6570,2026-08-26,53.21999969482422,54.45999984741211,54.68499984741211,53.344166628519694,94573.0,20.6649005124615,24.53522883317727,0.29089222826012673,0.772635475322704,-0.4817432470625773,31.91568464844353,45.16025847535763,60.0634268813293,54.68499984741211,49.30657281349492,-3.081283445394118,交叉混雜,74.0
6573,2026-08-26,17.479999923706053,17.095000076293946,17.03250002861023,19.024166695276897,436771.2,58.629658282255505,49.599713742234876,-0.4560356790988962,-0.7257717421621903,0.2697360630632941,69.05362063435477,54.2584024903209,18.533473085406662,17.03250002861023,15.531526971813795,7.441650998510166,交叉混雜,85.0
6574,2026-08-26,119.4,122.6,126.95,122.35833333333333,46432.0,20.413633983495114,17.394621625355377,-1.7196909809172922,0.1419252690138193,-1.8616162499311115,29.818665037453854,40.524924673513546,147.3225821942907,126.95,106.57741780570929,-6.656163844033086,交叉混雜,84.0
6576,2026-08-26,79.58000183105469,79.57999954223632,79.48499908447266,80.09999961853028,75182.6,52.39524737067181,54.13573571383443,-0.2881585259336248,-0.3032702987944586,0.015111772860833816,41.65481509403277,44.4698345955755,80.30392023379343,79.48499908447266,78.66607793515189,-0.23274332873583475,交叉混雜,51.0
6577,2026-08-26,80.61999969482422,80.37999954223633,79.88000030517578,79.0016668955485,39440.4,33.16074286279846,35.57943503010831,0.2614387916089669,0.3141136761317862,-0.05267488452281932,48.57194729955518,50.283425362040546,81.95095149142038,79.88000030517578,77.80904911893118,0.5257921194008991,多排,63.0
6578,2026-08-26,18.1,18.060000038146974,17.980000019073486,16.980000019073486,34200.8,44.796404458069844,47.324182396254756,0.32426833081033024,0.3930755849699159,-0.06880725415958566,41.386087319294795,51.86313291474986,19.47328301220624,17.980000019073486,16.48671702594073,-0.723023567663259,多排,41.0
6579,2026-08-26,147.3,150.2,157.05,161.03333333333333,364794.6,13.917982331736233,10.755279891251629,-4.523490859512407,-2.9520790599728106,-1.5714117995395962,23.496024137569094,36.52915623314466,176.7608038769014,157.05,137.33919612309862,-7.035975803884121,空排,68.0
6581,2026-08-26,108.3,107.95,108.15,107.91666666666667,10620.0,62.28493469207254,54.680539152452624,0.09360106119912359,0.05654659160957802,0.03705446958954557,58.46923573040229,54.5216978433478,109.27857618729264,108.15,107.02142381270737,0.3236245954692504,交叉混雜,52.0
6582,2026-08-26,32.470000457763675,31.985000228881837,31.872500133514404,32.155833371480306,36153.6,57.71339327878145,53.01114243008786,0.07385783935644952,-0.057367885347413286,0.1312257247038628,64.03607219924734,57.962096960624294,32.78813929439881,31.872500133514404,30.956860972629997,2.125654092738533,交叉混雜,54.0
6584,2026-08-26,591.2,595.6,542.825,600.9416666666667,354635.4,40.14256420429783,50.47619262552341,8.770473831589584,-0.7803871119228578,9.550860943512442,69.26747441477488,59.46172808438544,671.4674154493016,542.825,414.18258455069855,10.901303366646701,交叉混雜,90.0
6585,2026-08-26,114.8,116.2,116.025,123.28666661580404,148986.8,33.16434221444173,34.578079563536384,-1.6444965184202118,-1.5402691396121562,-0.10422737880805566,46.61909137936641,45.82963695214781,122.44433756215236,116.025,109.60566243784766,-0.8834302951950059,交叉混雜,77.0
6588,2026-08-26,107.5,100.46999969482422,95.53500022888184,92.49666659037273,4007199.0,84.09949964069479,74.01859465600283,5.516096295325752,3.102868693412805,2.4132276019129475,77.29009585073521,69.9078996277933,112.46324126325337,95.53500022888184,78.60675919451032,21.421468280827245,多排,96.0
6589,2026-08-26,50.55,50.22999992370605,49.24749984741211,47.50416653951009,611944.8,43.11326545679133,49.6775770537143,0.8434157087414746,0.8900125601959173,-0.0465968514544427,49.46776065623493,53.279930675789636,53.59230610631753,49.24749984741211,44.902693588506686,1.4264702121000374,多排,34.0
6590,2026-08-26,64.72000122070312,64.99000091552735,64.85000038146973,66.15833257039388,4424.4,38.17308354737314,43.63937662550562,-0.3514282372805866,-0.39924151941376707,0.04781328213318048,52.61292123672256,48.285392262927196,66.17902811985724,64.85000038146973,63.52097264308221,0.23130241734452542,交叉混雜,33.0
6591,2026-08-26,42.81999893188477,43.62999954223633,43.93499984741211,48.889166514078774,85777.8,11.661501063736013,17.197118492955198,-1.1218509274546449,-1.2047040878947033,0.08285316044005842,31.77682501295321,36.625938043046375,45.79626856290114,43.93499984741211,42.073731131923076,-3.0385828563275834,空排,3.0
6592,2026-08-26,61.3,61.160000228881835,60.9100004196167,61.39852778116862,357423.2,78.13555316387072,66.81500729900253,0.1810084073352911,0.06707976135774658,0.11392864597754453,67.56536072636875,59.22877154722542,62.18634438317406,60.9100004196167,59.63365645605934,1.6253506804169475,交叉混雜,56.0
6593,2026-08-26,32.390000915527345,32.30500049591065,32.347500514984134,33.4683336575826,7074.8,43.94341124721184,32.5213495784413,-0.2318044757640294,-0.3216427403751147,0.0898382646110853,57.07874272672198,51.12076723185885,32.74680987558008,32.347500514984134,31.94819115438819,0.9351603866723701,交叉混雜,12.0
6596,2026-08-26,95.58000030517579,94.80000076293945,91.68000068664551,91.89666684468587,114464.0,87.34801243560545,87.17507928724619,1.6235674766878532,0.9712616273943421,0.6523058492935111,71.77840079585047,66.33899217525372,98.87608078510404,91.68000068664551,84.48392058818699,4.82111447902663,交叉混雜,12.0
6597,2026-08-26,72.7,70.98999938964843,67.52999992370606,67.1533332824707,7801.0,95.33446602235598,93.17855528641505,2.2765632726124636,1.4889153165509432,0.7876479560615204,84.64528781585219,72.42162769582583,76.97013830541455,67.52999992370606,58.089861541997564,10.321338788936027,多排,64.0
6598,2026-08-26,28.020000076293947,27.960000038146973,28.802499961853027,26.1716667175293,169519.4,26.733353948240836,27.545503358719564,0.18832072255295884,0.45068782190761236,-0.2623670993546535,45.68776767036908,48.982861879793326,31.476049915275624,28.802499961853027,26.12895000843043,-3.133409754424283,交叉混雜,78.0
6603,2026-08-26,26.60999984741211,27.49000015258789,26.902500057220458,25.09750000635783,1020484.6,17.678346095454593,30.876626905442865,0.3861470827913287,0.6285402040115461,-0.2423931212202174,38.641091090401034,47.684699396501735,29.22277176387547,26.902500057220458,24.582228350565444,-2.239571857182111,交叉混雜,78.0
6605,2026-08-26,139.7,139.05,137.4,136.8,203935.2,60.596011701205704,72.11960492058553,1.453823522100123,1.3905304509686571,0.06329307113146587,45.200020542658514,51.95886290743286,143.15463200158314,137.4,131.64536799841687,0.4366812227074194,多排,41.0
6606,2026-08-26,25.75999984741211,26.270000076293947,26.250000095367433,25.775000031789144,70025.8,14.162770374169844,22.527419904730912,0.012132291859671795,0.15201975036935056,-0.13988745850967876,38.52370697501843,44.10190213309355,27.314746633423177,26.250000095367433,25.18525355731169,-1.714288977798144,交叉混雜,56.0
6609,2026-08-26,39.40999908447266,39.21499938964844,38.56999969482422,40.2875,73897.8,61.66004425151319,55.928425052849235,0.011781421599465602,-0.1964935119189168,0.20827493351838242,63.86891232005359,54.63057408413715,40.997994223675136,38.56999969482422,36.1420051659733,2.6704661328661934,交叉混雜,40.0
6612,2026-08-26,71.63428802490235,72.37714462280273,72.2235725402832,72.28285789489746,43607.0,39.31436702548265,46.48807045325388,-0.17907233895309105,0.21125088022956046,-0.3903232191826515,42.6240589064395,44.51121652607459,76.27035401936286,72.2235725402832,68.17679106120355,-2.5248972742066793,交叉混雜,29.0
6613,2026-08-26,252.6,257.35,267.025,307.06666666666666,197544.2,23.114246181874364,15.226029123910985,-14.832392631223684,-15.110190878744163,0.27779824752047944,49.853937889064895,41.96759699522918,298.9714601448971,267.025,235.07853985510286,-3.005336578971998,空排,78.0
6614,2026-08-26,35.94000015258789,35.92499961853027,36.009999656677245,38.426666768391925,12648.4,38.837976319715,37.16141390153713,-0.6052180334522532,-0.7289432147309741,0.1237251812787209,49.597560840140645,39.860390997156024,36.561170714247694,36.009999656677245,35.458828599106795,-0.027769110726415854,交叉混雜,8.0
6616,2026-08-26,8.431999969482423,8.53700008392334,8.66950011253357,9.023333326975505,18769.4,32.665222852640255,32.45833231471129,-0.1571990308009834,-0.13478266689879673,-0.02241636390218668,32.379197314634126,34.30539512001587,9.047777637984039,8.66950011253357,8.2912225870831,-3.454642402524424,空排,23.0
6617,2026-08-26,113.1,105.82999954223632,97.1,88.10499992370606,1420621.0,80.315672210614,67.50446883912878,6.952206682878767,4.28227245602832,2.6699342268504473,89.18218277423377,77.46109208443094,125.01943264420012,97.1,69.18056735579987,30.792996910401655,多排,91.0
6620,2026-08-26,75.52000122070312,76.44000091552735,80.76000099182129,84.88333384195964,195580.2,19.5987938909567,16.77786827430956,-3.336060168952983,-3.0564465453977014,-0.2796136235552815,45.04685256953497,41.58886781144467,92.95808723843412,80.76000099182129,68.56191474520845,-5.398711506187234,空排,34.0
6624,2026-08-26,42.47999954223633,41.80999984741211,41.472500038146975,41.80499979654948,4636.4,77.80817005435122,61.79981339288238,0.3473199958852007,0.0634143153620962,0.2839056805231045,69.42260391591762,60.0269260164808,45.02784766507084,41.472500038146975,37.917152411223114,5.973839827629486,交叉混雜,65.0
6625,2026-08-26,77.04000091552734,77.13000106811523,76.79500045776368,77.0816665649414,62203.2,66.80328494359733,57.21544077093952,0.17143449536462185,0.0796420545572524,0.09179244080736945,66.38895800516819,57.84847286425572,79.16896001361847,76.79500045776368,74.42104090190888,1.438897143731337,交叉混雜,45.0
6629,2026-08-26,111.0,111.2,108.825,109.68333333333334,16000.0,52.39778916643971,51.13563344903841,1.0833648030447875,0.8735222464333405,0.20984255661144702,57.90247686911147,57.5640874425898,117.435122561629,108.825,100.214877438371,2.4580748908798506,交叉混雜,57.0
6637,2026-08-26,62.41999969482422,61.99000015258789,61.86999988555908,63.21833324432373,60354.8,68.54593629311928,62.945608084286114,-0.20309774610740305,-0.4222953503180432,0.21919760421064016,61.392298408572444,53.20576833889843,62.97520257316805,61.86999988555908,60.76479719795012,1.1798910455993048,交叉混雜,17.0
6640,2026-08-26,992.4,1014.3,958.55,1009.3166666666667,221089.0,36.22700067003784,41.18224391784585,9.43559890224924,3.283907768335208,6.151691133914031,54.70723174808579,53.3343446008601,1130.1498711813842,958.55,786.9501288186158,5.889103333159464,交叉混雜,77.0
6641,2026-08-26,18.020000076293947,17.994999885559082,17.89000015258789,18.09750010172526,15200.0,56.69953526660342,57.46550394254247,0.025585242220795834,-0.007131142442827438,0.03271638466362327,59.75769019930683,54.9600264198196,18.38268335150103,17.89000015258789,17.397316953674753,1.1738414035254072,交叉混雜,26.0
6642,2026-08-26,77.64000091552734,80.12999954223633,79.12499961853027,80.43833363850912,170609.4,20.06342476946507,24.649450528810675,-0.057092242486191935,0.4185974369712295,-0.4756896794574214,45.56421954367459,47.86593219248136,88.79924664217799,79.12499961853027,69.45075259488254,-1.0426496944705823,交叉混雜,74.0
6643,2026-08-26,416.1,422.0,422.775,451.75,159202.8,39.13911363877471,32.016969867762434,-5.701521195793873,-6.667177498030938,0.9656563022370648,62.12397197094471,53.50034777714345,468.40909966934674,422.775,377.1409003306532,2.8916090118857602,空排,25.0
6645,2026-08-26,13.0,13.070000076293946,13.172500085830688,14.139166688919067,9701.6,34.625179676407484,36.08276391635811,-0.27337325623031816,-0.29918150942461397,0.025808253194295805,41.86240999672269,41.30255034228512,13.655337325070908,13.172500085830688,12.689662846590467,-1.6891271597324848,空排,18.0
6649,2026-08-26,35.449999237060545,35.239999771118164,35.71249961853027,37.441666793823245,26800.4,67.2164569778268,48.44136544144135,-0.5521232707071491,-0.6893378152574401,0.13721454455029103,72.279293584465,53.6365279045228,37.22694733459876,35.71249961853027,34.198051902461785,1.6450812035163045,交叉混雜,19.0
6651,2026-08-26,141.8,140.3,132.925,137.85833333333332,221357.2,55.20704189005047,56.04657863831519,3.0765557167641475,1.5351623079184553,1.5413934088456922,69.76827985552902,62.48582464807137,153.37847737774965,132.925,112.47152262225039,9.084069964265554,交叉混雜,88.0
6654,2026-08-26,164.7,168.6,167.8,178.99166666666667,4779.8,19.174514786005872,23.892073926887626,-2.4744786394733183,-1.8506656030531752,-0.6238130364201431,42.469382009350106,44.63280629687315,186.48407709366586,167.8,149.11592290633416,-1.6686531585220568,交叉混雜,92.0
6655,2026-08-26,115.4,115.75,117.125,119.69166666666666,2028.0,45.226000442860794,38.09598294653824,-1.1919323038818277,-1.1260933955357413,-0.06583890834608641,43.619706014695495,42.55889401044217,120.5412922345101,117.125,113.7087077654899,-1.3874066168623265,空排,38.0
6657,2026-08-26,30.00999984741211,30.2,30.379999923706055,33.83833325703939,66680.6,30.374654212527076,39.44133576728277,-0.9977895673939052,-1.1029556921433783,0.10516612474947307,40.37005458826764,39.33629432225641,31.539582288568454,30.379999923706055,29.220417558843657,-1.9091530220608186,空排,3.0
6658,2026-08-26,160.0,161.25,155.875,175.35,167298.4,27.14498049454194,32.34346520369911,-1.732499655609331,-2.9875227632908175,1.2550231076814864,54.72768895612911,50.93056533816017,175.88519477008714,155.875,135.86480522991286,3.608660785886127,交叉混雜,94.0
6661,2026-08-26,17.1,16.95999984741211,17.242500019073486,17.334166685740154,2235.4,70.19756181385199,63.45156888248188,-0.1466130812339621,-0.1492119981819769,0.0025989169480147845,44.43013928023165,44.73166586760066,18.02673675413249,17.242500019073486,16.458263284014482,-1.1164319663621647,交叉混雜,37.0
6662,2026-08-26,29.430000686645506,29.195000457763673,29.425000190734863,29.69666668574015,200.2,70.67470697568662,61.91140471184035,-0.1309550977957592,-0.17376518823420584,0.042810090438446635,51.18714016904414,48.78580597072802,30.906287410462596,29.425000190734863,27.94371297100713,-0.2548846517552517,交叉混雜,45.0
6664,2026-08-26,349.7,345.95,343.9,366.125,791693.2,49.82328519012373,46.23135293153442,-3.3036051839577567,-5.733080936001297,2.4294757520435404,55.45938477545771,51.561694777191725,370.8631327244408,343.9,316.93686727555917,2.791509159639437,交叉混雜,75.0
6666,2026-08-26,43.71999969482422,43.510000228881836,43.35250015258789,43.45416673024496,56328.0,63.94378087764533,61.618476221524475,0.0513501343954772,-0.09190008857745023,0.14325022297292744,58.360489157293486,54.50118556484071,45.25940522752491,43.35250015258789,41.44559507765088,1.7242334788125917,交叉混雜,55.0
6667,2026-08-26,219.45712890625,221.628564453125,224.5392822265625,248.73809407552082,84803.2,31.614874310302703,27.087429062943716,-6.495972099176242,-6.938810381871607,0.44283828269536496,46.47782467345241,42.338520671902955,235.8098632589574,224.5392822265625,213.26870119416762,-1.5762418902681503,空排,20.0
6668,2026-08-26,36.54000015258789,36.21000022888184,35.76250019073486,37.49083347320557,832519.0,53.34149760907434,40.59826585224728,0.12260517438047458,-0.18214888187683315,0.3047540562573077,75.91624960194868,63.993361215824585,38.00582308384781,35.76250019073486,33.519177297621916,9.192587287779704,交叉混雜,46.0
6669,2026-08-26,6435.0,6407.5,6150.0,5422.333333333333,940324.2,67.25242277725695,61.76164573018738,309.0664856511921,293.99412876170584,15.072356889486286,79.07263674251045,70.50531736073407,6991.133320679855,6150.0,5308.866679320145,11.463414634146343,多排,91.0
6670,2026-08-26,265.5,264.6,263.425,266.35833333333335,73488.4,42.61142641261999,45.70038539972153,0.44265032217907674,0.3745606140517719,0.06808970812730486,46.838079881825315,49.570432074299966,271.3075256438524,263.425,255.54247435614764,0.21827844737590912,交叉混雜,54.0
6671,2026-08-26,23.170000076293945,22.809999847412108,22.867499923706056,24.154166666666665,46677.6,61.427780683992495,52.755374058687934,-0.2112157073223635,-0.3539063487709964,0.14269064144863292,60.07669258043457,52.27162130448105,23.53735889055518,22.867499923706056,22.197640956856933,1.454032318105327,交叉混雜,5.0
6672,2026-08-26,272.7,275.3,251.075,251.89166666666668,3892973.6,52.441787633905676,60.56817210183264,9.840148323391531,7.551896177652479,2.288252145739053,61.19286993136764,59.66964627673722,314.66105855142564,251.075,187.48894144857434,11.122174649009265,交叉混雜,97.0
6674,2026-08-26,16.399999618530273,15.59499979019165,15.464999866485595,16.457499917348226,143488.8,61.34605153000727,54.452098370970134,0.027550637549451196,-0.20776855697016897,0.23531919451962016,67.89014365626015,61.09619498027182,16.70558518223764,15.464999866485595,14.22441455073355,6.692532443904946,交叉混雜,10.0
6679,2026-08-26,198.6,201.75,206.675,239.36666666666667,152597.0,24.196735524745055,19.954411836058306,-9.206635877719378,-9.988168443153867,0.7815325654344889,43.33243306487912,39.83493807643759,224.10236807137673,206.675,189.2476319286233,-2.987782750695542,空排,16.0
6683,2026-08-26,1110.0,1209.0,1160.5,1409.6833333333334,542379.6,19.336480575694058,28.219499851015684,-52.017846953858,-53.37440846318472,1.356561509326724,40.228680439746526,42.96386004389336,1436.4568997621175,1160.5,884.5431002378825,-3.4898750538560965,交叉混雜,93.0
6684,2026-08-26,46.37000045776367,46.96000022888184,47.420000076293945,51.05833339691162,53119.8,21.082345456349216,18.706782358465233,-1.068185247336558,-1.0914004279319105,0.023215180595352436,50.391810102988565,44.688714408635455,50.35695203909901,47.420000076293945,44.48304811348888,-0.8857023948085365,空排,42.0
6689,2026-08-26,61.42000045776367,61.58000030517578,61.125,63.65166657765706,49145.4,37.02581686611808,31.894542823828385,-0.16442512028007883,-0.29006393673987513,0.1256388164597963,57.65455163330637,52.237008943175795,65.51152180920859,61.125,56.73847819079142,1.4314928425357873,交叉混雜,36.0
6690,2026-08-26,163.8,164.2,163.475,167.03333333333333,27359.6,31.976015556117442,34.61137010766683,-0.1578175450254662,-0.33409317567529523,0.17627563064982904,46.81787311162477,48.758114002722344,167.64853819349898,163.475,159.301461806501,0.015292858235207638,交叉混雜,42.0
6691,2026-08-26,611.4,659.7818176269532,677.1909088134765,699.8469696044922,878910.4,19.956575011868885,25.878688142118257,-22.364039169771218,-12.070950025279277,-10.29308914449194,36.44087125172927,38.17988263000292,782.9374098604794,677.1909088134765,571.4444077664737,-7.411633582237144,空排,71.0
6692,2026-08-26,24.15,24.21500015258789,23.630000114440918,24.63333336512248,12640.0,48.24831862878056,59.307617312558094,0.030512608036254107,-0.1022277840930707,0.1327403921293248,56.6101116267234,53.59718064700949,25.148794712148657,23.630000114440918,22.11120551673318,2.623782829269576,交叉混雜,13.0
6693,2026-08-26,165.3,172.65,170.0,192.84166666666667,556951.2,18.6498546506787,22.846901654606114,-5.817631788136765,-5.835341206692368,0.017709418555602596,44.32636670941223,44.27215362008481,196.05863832933005,170.0,143.94136167066995,-1.4705882352941175,交叉混雜,93.0
6695,2026-08-26,47.620001220703124,48.66000061035156,49.222500038146975,53.375833129882814,241166.4,22.61863992538138,21.717701733944363,-1.3939379438642092,-1.3682017964464757,-0.025736147417733557,49.78941058650276,44.646038161417586,52.58004793706828,49.222500038146975,45.86495213922567,-1.56940276216942,空排,46.0
6698,2026-08-26,31.500000381469725,31.495000267028807,32.157500171661376,37.184166717529294,97562.8,43.41228244095686,31.021783391060044,-1.1768665320462972,-1.3722053360673971,0.19533880402109993,60.872766694167815,49.3097650615578,34.830026056575925,32.157500171661376,29.484974286746823,1.5315287307424006,交叉混雜,38.0
6703,2026-08-26,103.4,103.35,104.675,103.5371208190918,17945.2,57.63678607783291,52.870406788240246,-0.45188931026119405,-0.20018738126597763,-0.25170192899521643,35.910472974773555,42.07460604896436,107.84185133349284,104.675,101.50814866650715,-1.6001910675901572,交叉混雜,61.0
6706,2026-08-26,118.9,119.25,113.7900001525879,134.83166669209797,1186534.6,62.674266685575674,56.22049172568265,-0.6569592880241402,-2.652005328483265,1.9950460404591248,64.72031267585159,55.958419998994664,133.15822103361023,113.7900001525879,94.42177927156554,8.533262882846806,交叉混雜,73.0
6708,2026-08-26,38.17000045776367,38.44500045776367,38.55750045776367,39.09833348592122,19214.4,32.21889483291659,40.91211042890225,-0.19860076533903737,-0.12361960604004202,-0.07498115929899535,35.891924382687705,42.029088272240756,39.99836050149947,38.55750045776367,37.11664041402788,-3.002007179258688,空排,29.0
6712,2026-08-26,155.9,151.65,150.75,150.725,492627.8,54.949379723153214,48.317778226905006,1.212097224027815,0.07836850659960934,1.1337287174282056,63.0327305918974,58.666727307218665,160.17281665343364,150.75,141.32718334656636,4.809286898839138,多排,69.0
6715,2026-08-26,413.0,411.35,379.75,410.4583333333333,1694366.2,29.73777745945424,51.98149657602538,3.0679260995345317,3.047160527427817,0.020765572106714814,34.97733372064785,43.19599017680981,475.21754753097287,379.75,284.28245246902713,-5.727452271231074,交叉混雜,96.0
6716,2026-08-26,127.5,128.25,108.74500007629395,98.28000043233236,690344.8,53.76955882873205,71.29160497032673,10.571276270781652,9.436995334938597,1.134280935843055,48.65268439236104,58.804047475262045,153.80344016515653,108.74500007629395,63.68655998743138,11.729274830803554,交叉混雜,92.0
6719,2026-08-26,193.4,197.15,201.8,234.51666666666668,470707.0,22.599305579125968,19.774747316945295,-10.159200690925047,-10.732357013243085,0.573156322318038,43.54663731157723,39.178044370551845,218.47459460566287,201.8,185.12540539433715,-2.874132804757191,空排,34.0
6720,2026-08-26,135.9,136.25,136.2,140.10833333333332,16020.4,45.35271132792373,45.02549477353086,-0.9327261891888838,-0.9147865451443585,-0.017939644044525305,47.51707787306361,47.08181565515039,140.96168921818182,136.2,131.43831078181816,-0.5139500734214307,交叉混雜,38.0
6722,2026-08-26,32.57999954223633,32.529999542236325,32.787499809265135,34.91500002543132,20024.8,61.95407140274753,44.61374437521688,-0.478682276820642,-0.5915409190012606,0.11285864218061858,62.99862980581213,48.18200999706838,33.48476965263962,32.787499809265135,32.09022996589065,0.4956186187407864,交叉混雜,6.0
6725,2026-08-26,225.7,230.65,238.825,287.60833333333335,60507.4,18.748040429255923,15.406221516850758,-16.51786374920769,-17.256607303685428,0.7387435544777361,35.76936043213962,33.35194178991105,260.04136657220556,238.825,217.6086334277944,-4.951324191353497,空排,14.0
6727,2026-08-26,462.4,449.7,407.575,419.3,1340396.8,80.20709838155307,74.72409571791394,20.103378596870527,9.783620833155998,10.319757763714529,75.61380561787752,65.91114610759769,519.4764016186175,407.575,295.6735983813825,21.082009446114217,交叉混雜,96.0
6728,2026-08-26,108.8,107.3,106.7,108.725,17233.6,70.31886735285696,72.54216815522386,0.05305006146139135,-0.4669756486364696,0.5200257100978609,64.4688703380952,57.57260666838949,110.17017366468636,106.7,103.22982633531365,2.155576382380503,交叉混雜,25.0
6732,2026-08-26,151.3,152.7,153.8,168.61666666666667,76878.6,29.623067730490778,26.91982814435475,-5.5368704658368415,-6.1372698445200875,0.600399378683246,56.1420201807513,44.56848258499348,160.83674565929897,153.8,146.76325434070105,0.4551365409622813,空排,24.0
6733,2026-08-26,25.699999618530274,25.484999656677246,26.082499980926514,25.490833282470703,63430.4,58.19520137515364,44.137963879494265,-0.033916476249022054,-0.0025254029404142555,-0.0313910733086078,61.8312995931752,53.466327352781356,27.783668712914633,26.082499980926514,24.381331248938395,-0.12460747202044968,交叉混雜,18.0
6735,2026-08-26,63.04000015258789,63.15,64.00500011444092,77.22333342234293,60510.8,31.45701547886106,26.53506141144498,-2.78481110400395,-3.4626029716382694,0.6777918676343195,50.81349869599988,44.94350982695156,69.7696749193916,64.00500011444092,58.24032530949023,-0.6327656270536387,空排,42.0
6739,2026-08-26,973.4,991.7,982.3,1082.0833333333333,82156.2,24.958908226473955,24.09317378278523,-24.180384905883102,-26.295609862491528,2.115224956608426,50.944822898564965,47.72804034740281,1138.4067111406782,982.3,826.1932888593217,0.783874580067194,交叉混雜,77.0
6741,2026-08-26,56.23999938964844,55.50999984741211,55.50500011444092,58.52333329518636,408493.6,70.19810890785442,54.44455261440612,-0.27276949757013114,-0.7080267234034263,0.4352572258332952,71.44824529289033,58.94405838156285,57.3928828041576,55.50500011444092,53.617117424724235,3.2339413006371984,交叉混雜,13.0
6742,2026-08-26,43.77000045776367,43.63500061035156,43.59250011444092,52.79333362579346,217391.0,55.812257961483205,46.66306254493611,-1.4928095959287404,-2.0565768117423207,0.5637672158135802,57.38653455922128,48.033843404957,45.96010458991883,43.59250011444092,41.224895638963005,1.8523860969618673,交叉混雜,21.0
6743,2026-08-26,25.309999847412108,25.500000190734863,26.450000190734862,28.930833276112875,68448.6,27.373248937136918,20.619524858439853,-1.0695886784688788,-1.089741826846894,0.020153148378015073,51.02299310372835,42.40169817343359,29.914405501157017,26.450000190734862,22.985594880312707,-2.457470506567342,空排,26.0
6751,2026-08-26,41.150000762939456,41.30500030517578,41.16250019073486,43.607500076293945,3980.0,48.87994843867607,49.35019392562922,-0.2741813587929016,-0.38580476106959793,0.11162340227669632,41.328025901801475,44.734044125818876,42.62532869897656,41.16250019073486,39.69967168249316,-0.39477726081234754,交叉混雜,11.0
6752,2026-08-26,98.13864135742188,99.31932067871094,98.65966033935547,99.60488675435384,12085.6,27.355045693704987,28.466324068736213,-0.25361643417112134,0.0547847805209249,-0.30840121469204623,27.38113727845966,39.29327061366376,103.08808385419633,98.65966033935547,94.23123682451461,-2.1890003796151096,交叉混雜,17.0
6753,2026-08-26,142.0,144.65,139.325,136.50833333333333,1257549.0,25.683836314349126,33.366481102163526,1.3072398703738486,1.3640930112855103,-0.056853140911661715,55.18902326166282,53.42706362763525,154.8788961103168,139.325,123.7711038896832,3.3554638435313198,交叉混雜,72.0
6754,2026-08-26,42.310000610351565,41.970000457763675,42.09000015258789,43.25666675567627,3802.4,66.61183404279117,49.403597859055296,-0.12532282639364212,-0.26445226038878417,0.13912943399514205,70.70112243386059,59.35902992615369,42.96153841576811,42.09000015258789,41.21846188940767,2.1620333668641205,交叉混雜,38.0
6756,2026-08-26,99.6,98.9599998474121,97.89000015258789,97.56333325703939,90897.4,67.32147608672601,53.92696511436445,0.9842801102903564,0.5988924290212869,0.3853876812690695,67.41840025758918,58.85011862608124,106.02514809478423,97.89000015258789,89.75485221039155,4.198590091945625,多排,71.0
6757,2026-08-26,56.039999389648436,55.89999961853027,56.08500003814697,57.329999987284346,814735.6,67.03536833333729,63.9726851830835,-0.24607713786456742,-0.34906324197409216,0.10298610410952475,54.289952592865916,50.2763957235778,57.66550635881945,56.08500003814697,54.504493717474496,0.3833452772886505,交叉混雜,24.0
6761,2026-08-26,184.2,182.9,168.3,178.975,470084.8,61.4727182130039,68.80432512994098,5.3745589468945525,3.0111153382831417,2.363443608611411,67.0900589903338,62.348206470681596,206.08944436298603,168.3,130.510555637014,10.219845513963154,交叉混雜,77.0
6763,2026-08-26,41.900000762939456,42.01500015258789,42.12000026702881,44.47833353678386,90779.4,22.104471554283542,21.997388913825695,-0.43672153828001825,-0.49537191866087005,0.058650380380851797,43.693931410715145,43.5328632189542,43.77891508731552,42.12000026702881,40.461085446742096,-0.5223141969496,空排,14.0
6768,2026-08-26,65.41999816894531,65.30999870300293,66.23499927520751,74.99833291371664,338114.6,50.519262113691454,42.27167091646591,-1.7909630080457788,-2.13709653377882,0.3461335257330411,42.10127443951912,39.06628969864593,69.26764668507342,66.23499927520751,63.20235186534161,-1.7135967592759729,交叉混雜,3.0
6770,2026-08-26,69.24000091552735,71.0400001525879,66.78749961853028,69.92583281199137,135635453.6,26.54330085764938,32.49246248636762,1.006030529234934,0.6937463359791839,0.3122841932557502,55.71549622207269,54.1179609360937,81.28961844068316,66.78749961853028,52.2853807963774,5.858128170778809,交叉混雜,94.0
6771,2026-08-26,43.150000762939456,42.33500022888184,40.3375,40.125833129882814,73460.0,85.24269330434967,85.15062886027543,1.1573199112913315,0.6951921144443598,0.4621277968469717,90.77802184122564,82.21721486534928,44.745731633619656,40.3375,35.92926836638034,8.335917602576894,多排,42.0
6776,2026-08-26,53.35999984741211,53.59000015258789,53.73500003814697,55.488333257039386,46071.0,18.890718271920722,23.30477257119201,-0.372733379531077,-0.3984548987499205,0.025721519218843525,34.69753862718542,41.8822665790034,55.277758814356154,53.73500003814697,52.19224126193779,-1.1817280423840775,空排,36.0
6781,2026-08-26,1058.0,1075.5,1065.1,1092.7666666666667,349660.8,22.573786632630803,25.25367501154851,1.2322981968397926,4.318129206602937,-3.0858310097631447,42.75696292621495,47.81699794997498,1234.2811859640744,1065.1,895.9188140359255,-0.9482677682846598,交叉混雜,20.0
6782,2026-08-26,218.1,210.2,205.05,198.78333333333333,806130.6,75.48313504263098,58.521374801622386,7.320424848332067,3.7455668290951807,3.574858019236886,88.6228845640889,78.89061915854714,234.84385312796178,205.05,175.25614687203824,19.239209948792972,多排,81.0
6785,2026-08-26,97.91999969482421,98.7400001525879,98.23000030517578,109.92000007629395,69008.6,18.21180218557513,28.805640322975734,-3.033462018678634,-3.420315641541278,0.386853622862644,30.803205065585757,35.537425034308455,102.48656156809078,98.23000030517578,93.97343904226078,-2.371982868836562,交叉混雜,2.0
6788,2026-08-26,352.8,355.75,349.35,386.64166666666665,131388.2,47.907277152091616,46.60981252050391,-3.7416803850111933,-6.329413371921156,2.5877329869099626,62.5801400847017,52.14847802413765,382.467176335261,349.35,316.23282366473904,2.762272792328604,交叉混雜,72.0
6789,2026-08-26,427.7,433.0,433.5,478.5833333333333,797278.4,45.41563887122,34.84835974793368,-11.213126475579031,-13.62860781553778,2.415481339958749,64.94337180449705,53.19354286118451,468.3379708152716,433.5,398.6620291847284,4.1522491349480966,空排,85.0
6790,2026-08-26,38.22999954223633,38.054999923706056,38.2125,39.20416653951009,78488.6,47.67459309083511,45.866681931205136,-0.2542067611248058,-0.3096618900118634,0.055455128887057614,47.65753980598125,44.23489220078306,38.802660712373346,38.2125,37.62233928762665,-0.2944102738080598,交叉混雜,46.0
6791,2026-08-26,101.0,100.60999984741211,101.19500007629395,104.09833335876465,5330.8,66.38813581271037,47.57576052313051,-0.8601368173472252,-1.1133393014276312,0.2532024840804059,61.9627354794006,51.35138690293694,104.54445353116323,101.19500007629395,97.84554662142467,0.7954937725175507,交叉混雜,35.0
6792,2026-08-26,59.33999938964844,58.92999954223633,57.46999969482422,60.724166806538896,26074.6,75.01691907198831,65.45366435205116,0.5256005996201054,0.011656396981786166,0.5139442026383192,71.09506030066882,62.161147036878404,61.717152699503984,57.46999969482422,53.22284669014445,5.446317723886756,交叉混雜,46.0
6794,2026-08-26,74.38000183105468,71.97000045776367,73.66500053405761,77.64333368937174,50487.0,70.9154950285092,53.77429515010833,-0.8019755571777125,-1.614305275306561,0.8123297181288485,80.28090811332596,65.17949498431531,79.73382636473117,73.66500053405761,67.59617470338405,6.9707493117116455,交叉混雜,51.0
6796,2026-08-26,62.68000030517578,61.35999984741211,59.34499969482422,58.93833351135254,114511.4,48.00550247298084,59.12468986955717,1.1101170041123254,0.7673702141842785,0.34274678992804686,50.69001450986456,54.73203457393735,64.9673151486565,59.34499969482422,53.72268424099194,3.2942953109608575,多排,17.0
6799,2026-08-26,79.45999908447266,80.89999923706054,81.93999977111817,89.58333333333333,135246.4,27.335831645370227,24.25228905686734,-2.156996753206556,-2.210318748268625,0.053321995062068694,51.527348208687464,46.23876996512211,91.54249975412495,81.93999977111817,72.33749978811139,-1.0251419323205233,空排,21.0
6803,2026-08-26,269.7,269.2,269.675,276.94166666666666,34746.2,41.569803432940844,41.66100951570367,-1.33166593542569,-1.7380638351351538,0.40639789970946394,45.089686043273566,43.689455264734136,271.80930624746054,269.675,267.5406937525395,-0.25030128858811956,交叉混雜,33.0
6804,2026-08-26,18.36999969482422,18.63999996185303,18.70749988555908,17.218333292007447,55000.0,14.90602567997598,19.7707152479016,0.2637973500957642,0.46022159484714575,-0.19642424475138154,38.75643783410264,48.67207165882668,20.180511578047568,18.70749988555908,17.234488193070593,-2.1782742268682123,交叉混雜,59.0
6805,2026-08-26,1839.0,1851.5,1728.25,1651.25,1396935.2,61.09481166860485,54.86491982190119,92.92989088208788,78.52838332691434,14.401507555173538,70.38819799602281,65.54437077255861,2124.5257546005223,1728.25,1331.9742453994777,17.17054824244178,交叉混雜,85.0
6807,2026-08-26,35.900000762939456,36.85500068664551,36.59250068664551,34.59416681925456,13649.4,30.30153401029018,51.93971579738615,0.24053609114665875,0.7379447742347895,-0.4974086830881308,17.280639919134344,32.10395264573734,39.74298492565723,36.59250068664551,33.44201644763378,-7.767986973579215,交叉混雜,16.0
6811,2026-08-26,225.7,227.7,228.35,227.15,37639.2,31.115774647332564,31.95364833627547,-0.4771403602886721,0.3450697575093019,-0.822210117797974,45.70805739041599,47.934651760231056,242.97550044127942,228.35,213.72449955872057,-1.0291219619005887,交叉混雜,60.0
6821,2026-08-26,41.67999954223633,41.79499969482422,41.43499984741211,51.595833206176756,78422.6,34.93940800804713,31.68321841263093,-1.5451357653313664,-2.114317317775607,0.5691815524442405,53.52158256403825,45.56732763579009,44.1235910940331,41.43499984741211,38.74640860079111,1.3635818864934304,交叉混雜,22.0
6823,2026-08-26,62.63999938964844,62.51999931335449,63.43499946594238,65.92166646321614,79455.8,52.88522456439236,46.50757754955344,-0.8932663527049272,-0.9509229790950291,0.05765662639010194,36.22059611898142,41.86966794767088,66.91382223475976,63.43499946594238,59.956176697124995,-2.1045180153868177,交叉混雜,26.0
6829,2026-08-26,218.3,223.0,205.4,209.34166666666667,628590.6,50.720927328635355,50.89657291425476,5.470605109022387,3.192199478814996,2.2784056302073905,70.76713136300106,62.172863827341246,251.0549991498027,205.4,159.7450008501973,14.410905550146053,交叉混雜,91.0
6830,2026-08-26,469.7,445.4,419.6,452.23333333333335,3451009.8,77.83175140381502,70.38094687099343,16.983731018212666,2.9172222254387945,14.06650879277387,78.76855309455509,68.9425969854785,510.5283118436567,419.6,328.67168815634335,26.072449952335553,交叉混雜,96.0
6831,2026-08-26,572.0,616.2,607.525,697.8083333333333,976028.2,23.36938771388666,28.27831170471012,-23.85060460535624,-19.604864298799384,-4.245740306556854,37.970497535232916,41.981579052268096,721.1103377305725,607.525,493.93966226942746,-5.682893708077853,交叉混雜,95.0
6834,2026-08-26,90.95999908447266,95.64999923706054,93.5449993133545,99.4233331044515,1820097.2,18.838468664398977,23.439342333850554,-1.6206830545215922,-1.1132317335103399,-0.5074513210112523,41.876837910703394,45.26511722069773,110.74371117800689,93.5449993133545,76.3462874487021,-2.0792141252982326,交叉混雜,97.0
6835,2026-08-26,30.970000076293946,31.035000038146972,30.942499923706055,33.458333333333336,10000.8,26.782188625887493,31.095160962537978,-0.4404117522741444,-0.5844025430910963,0.14399079081695187,50.054134303460664,44.545010940680264,31.546238160575246,30.942499923706055,30.338761686836865,0.18582879998617022,交叉混雜,10.0
6838,2026-08-26,23.120000457763673,22.97000026702881,23.16500015258789,23.96083339055379,48729.2,62.77447889118695,49.37819423221366,-0.24138830517073373,-0.28992225009978473,0.048533944929051,56.07481729222118,48.290228600482266,23.73908986016036,23.16500015258789,22.59091044501542,0.15109264028065678,交叉混雜,18.0
6840,2026-08-26,84.25999908447265,82.62999954223633,73.625,67.2550002415975,363769.6,90.40547080254667,90.73736190270438,6.031617853407923,4.6741022935915515,1.3575155598163713,92.26010738058922,85.23995019158525,93.42546435495599,73.625,53.82453564504401,21.69779079676889,多排,87.0
6841,2026-08-26,53.48000030517578,53.130000305175784,54.07000026702881,58.539999898274736,207075.0,43.3256186942022,35.63781946142662,-1.3394035006043907,-1.5252587275664826,0.1858552269620919,44.175722800814256,39.961623394285056,56.778350149620245,54.07000026702881,51.361650384437375,-1.4240817942769641,交叉混雜,22.0
6843,2026-08-26,38.95,39.20500030517578,39.34500026702881,39.938333638509114,6400.6,51.07026662226636,50.97897072664262,-0.24885714283240645,-0.2081715571265262,-0.04068558570588024,23.754270296916886,37.68207915617008,40.12156509493421,39.34500026702881,38.568435439123405,-1.5122639801515518,空排,9.0
6854,2026-08-26,91.66000061035156,91.64000015258789,92.47999992370606,109.91500002543131,127889.2,48.756728130124884,37.640827808899786,-3.6488626485214724,-4.643170072150896,0.994307423629424,60.6325394538555,48.2879351878707,98.91693269604828,92.47999992370606,86.04306715136384,1.8598583758164862,交叉混雜,3.0
6855,2026-08-26,114.0,116.0,116.4,119.66666666666667,4094.6,28.379944944686194,40.9822228011309,-0.8436916958203682,-0.4819269386460531,-0.36176475717431505,28.085497735150682,36.71857389379037,120.62523745829118,116.4,112.17476254170883,-3.7800687285223415,空排,44.0
6859,2026-08-26,109.6,108.65,104.1199993133545,114.0016663869222,34452.4,54.156157653617,64.6919395878634,0.5314954644396721,-0.6297414305464464,1.1612368949861185,50.00873197299103,52.05560686006368,114.48707392268558,104.1199993133545,93.75292470402341,3.246255002819599,交叉混雜,35.0
6861,2026-08-26,190.7,198.95,201.8,263.4166666666667,292679.0,21.76966063138027,21.86062777692115,-14.147115843915316,-15.821680690284438,1.6745648463691225,44.651577846481246,40.25114241134025,227.58943071961818,201.8,176.01056928038184,-3.6174430128840487,空排,95.0
6862,2026-08-26,137.7,139.4,139.425,167.16666666666666,74847.0,34.559757126871276,31.661681546901214,-5.142366553048049,-6.320201746955369,1.1778351939073195,50.58105388488815,43.763976071336614,154.80535315452738,139.425,124.04464684547266,0.053792361484661017,空排,9.0
6863,2026-08-26,111.5,110.6,120.0,106.753333791097,97264.6,33.19370015854328,24.153289698000247,-0.7048531322694771,1.1293215319672592,-1.8341746642367363,42.65743555413889,45.01576784307364,141.23056386686926,120.0,98.76943613313074,-7.083333333333333,交叉混雜,39.0
6869,2026-08-26,67.25999908447265,66.58999938964844,66.92999992370605,71.46499977111816,317206.4,62.40226117087602,55.0832125395408,-0.6599850264773863,-1.022267940652947,0.3622829141755606,55.42822060623,50.93411482653549,70.23683582779789,66.92999992370605,63.62316401961421,1.2998702062505392,交叉混雜,4.0
6870,2026-08-26,260.6,261.55,255.975,259.9270779927572,12799.2,57.298519598548765,60.601204160046024,1.0179594858786913,0.8520154275793594,0.1659440582993319,44.49400918393932,49.17733811116535,274.7548183949557,255.975,237.19518160504433,0.7910928801640806,交叉混雜,81.0
6873,2026-08-26,68.71999969482422,68.89999923706054,73.16499977111816,80.8783332824707,311724.8,28.603487864969264,21.624611835497024,-3.783719054383951,-3.584992946429824,-0.19872610795412715,30.870928252496867,32.0068885767451,82.24204495679446,73.16499977111816,64.08795458544186,-6.7860354519346355,空排,2.0
6874,2026-08-26,79.36000061035156,78.41999969482421,77.98500022888183,80.95166664123535,17651.0,75.85837115860652,66.777820311973,-0.11437188766103645,-0.5645397266461338,0.4501678389850974,72.0937548910257,58.4351364433375,80.47394436347793,77.98500022888183,75.49605609428573,2.712057753454967,交叉混雜,65.0
6875,2026-08-26,32.24000015258789,32.59000015258789,32.72000007629394,34.958333269755045,34600.0,31.75204707127508,41.23219751155108,-0.7173858596978988,-0.7709586302030347,0.05357277050513587,42.059708027619486,38.8205868977695,33.64474789292632,32.72000007629394,31.795252259661563,-1.2836211438082838,空排,14.0
6877,2026-08-26,115.4,119.1,120.05,127.70833333333333,34139.0,23.22101694402697,26.961761943403737,-2.8998160978104153,-2.3701631125598923,-0.529652985250523,34.89039162817318,40.56834327123514,132.85583748468866,120.05,107.24416251531133,-3.7900874635568487,空排,66.0
6881,2026-08-26,216.0,209.6,204.8,225.69166666666666,5321.0,88.98557680101408,83.51233787295998,0.3520312529283558,-2.991895357265482,3.343926610193838,82.41201766850313,68.01921531045201,219.62671841465084,204.8,189.97328158534918,6.445312499999995,交叉混雜,25.0
6884,2026-08-26,30.59000015258789,30.73000011444092,30.857499980926512,32.3450000445048,3402.4,29.20440221789251,35.68680105391799,-0.39257486077226034,-0.39424258209267116,0.0016677213204108199,40.54392557535503,42.25100592831653,32.272187734423476,30.857499980926512,29.442812227429553,-1.3205840338295085,空排,7.0
6885,2026-08-26,21.2,20.845000076293946,20.807500171661378,21.650833384195963,162625.8,80.70519179135331,64.13620881550929,0.04279950158091239,-0.16668637195447114,0.20948587353538353,88.57759931271958,74.11315066710617,21.948264302030033,20.807500171661378,19.666736041292722,10.296770749020771,交叉混雜,28.0
6887,2026-08-26,36.96999969482422,36.63499984741211,36.57749977111816,36.06833318074544,27200.0,51.6479239695116,44.87849344182956,0.1390440208725039,0.054845894310508084,0.08419812656199581,58.49599160238105,53.84382823245971,37.946124050823286,36.57749977111816,35.20887549141304,1.9752565660949704,多排,11.0
6890,2026-08-26,164.2,165.05,167.975,196.78333333333333,341423.8,35.79285215961045,26.509094686455253,-5.031924368908307,-6.103127828445235,1.0712034595369282,65.17005170416203,54.23943800654058,180.5927610825364,167.975,155.35723891746358,4.182169965768719,空排,21.0
6894,2026-08-26,328.0,332.1,334.9,347.05833333333334,19290.4,27.184876151460525,29.488772191352595,-3.4311463702902643,-2.676337544406652,-0.7548088258836123,45.153949962367406,45.81594730681252,361.2710367438862,334.9,308.52896325611374,-1.7617199163929465,空排,79.0
6895,2026-08-26,135.0,126.7,121.825,136.7,65041.4,87.09893769943935,77.3950467240396,1.7971553180462791,-1.6477756023770858,3.444930920423365,80.2710535322044,69.05535190387153,138.44545347407845,121.825,105.20454652592156,14.09809152472809,交叉混雜,7.0
6899,2026-08-26,50.08000030517578,50.27999992370606,50.367500114440915,54.71749979654948,9450.0,31.71924336729357,25.792186294871474,-0.7813867673017327,-0.9805760961818394,0.19918932888010665,54.29309433468743,43.614129349793586,51.38744601965571,50.367500114440915,49.34755420922612,0.06452853797417793,空排,27.0
6901,2026-08-26,16.769999694824218,16.744999885559082,16.819999980926514,17.29583331743876,1569718.2,39.09714997576794,38.339811375515254,-0.20605814224197516,-0.20357482869259697,-0.0024833135493781966,50.64710562371385,48.58479528509846,17.88938276029684,16.819999980926514,15.750617201556189,-0.11891048685284115,交叉混雜,67.0
6902,2026-08-26,126.0,129.05,126.375,129.875,50814.2,25.398024707550206,38.36665539122625,0.29883652726225307,0.43588084264415805,-0.13704431538190498,42.346670327782874,47.97287636727628,135.1701840889118,126.375,117.5798159110882,-0.2967359050445104,交叉混雜,85.0
6903,2026-08-26,308.2,313.85,313.0,356.6666666666667,204007.4,23.64269072421538,26.232820073789647,-10.664267232173643,-12.102320121425056,1.4380528892514128,47.8470148005202,43.616950506526194,336.24469379177634,313.0,289.75530620822366,-0.3194888178913738,交叉混雜,87.0
6906,2026-08-26,71.86000061035156,72.4,71.45999946594239,80.31500027974447,8616.0,33.299100018140436,30.777751249601426,-0.9843998861621657,-1.4825820691852496,0.4981821830230839,56.637171092175954,49.63861457383766,75.22152214127388,71.45999946594239,67.6984767906109,1.5952966928330654,交叉混雜,5.0
6907,2026-08-26,187.0,183.3,180.7,173.6,1970999.4,42.33922161790889,42.131830105997814,1.1986643360085907,1.15033358487663,0.048330751131960614,54.65095026918749,52.22986307309777,203.50904714316061,180.7,157.89095285683936,3.7631433314886618,多排,
6908,2026-08-26,30.620000076293945,31.424999809265138,32.30249967575073,35.76249984105428,14602.0,17.6929739060606,20.85269015917125,-1.2887724807852692,-1.2346334918647837,-0.05413898892048552,39.958245004078684,35.269728318454625,34.78326189363454,32.30249967575073,29.821737457866924,-4.032194687176203,空排,2.0
6909,2026-08-26,40.3,40.295000076293945,40.41499996185303,46.4775000890096,135325.6,45.834979336924576,34.765578360734445,-1.3318729242190983,-1.732601120518192,0.4007281962990936,59.79762760005871,47.11948970401271,42.338839296913875,40.41499996185303,38.49116062679218,1.4474824661614336,交叉混雜,33.0
6910,2026-08-26,24.520000076293947,24.49000015258789,24.54250011444092,26.230000019073486,13830.0,31.721700453450435,31.995414792467166,-0.3066355892744568,-0.38443427936350144,0.07779869008904466,43.86794105258839,43.434928578663744,25.202862816582353,24.54250011444092,23.882137412299485,-0.5806274635679761,交叉混雜,4.0
6913,2026-08-26,140.1,143.25,138.75,129.55,185487.6,24.04116196547632,32.34859609296625,3.687181793259839,4.525848487685197,-0.838666694425358,50.338881044004296,56.059716788918124,159.42925479671277,138.75,118.07074520328723,1.6216216216216217,交叉混雜,70.0
6914,2026-08-26,137.55,142.675,144.9625,143.9125,199756.6,24.01083439274925,40.37813968763545,-2.9555147403249293,-0.21637215266555743,-2.739142587659372,3.366756173545113,9.1330911865073,160.65215046070045,144.9625,129.27284953929956,-16.875053893248257,交叉混雜,17.0
6916,2026-08-26,18.75,18.704999923706055,18.467500114440917,19.60583340326945,14228.4,47.19390857933875,47.629861360591825,-0.12961395581807977,-0.20080719359341836,0.07119323777533859,53.04224983114642,49.666255074462285,19.405737658839573,18.467500114440917,17.52926257004226,1.529713733902613,交叉混雜,57.0
6918,2026-08-26,74.28000030517578,74.13000030517578,72.78000068664551,73.07333335876464,32603.6,55.84653975533692,62.85615462344407,0.5407178336422334,0.3337133058073693,0.20700452783486406,62.48904012134076,58.5376147382718,76.28193961189329,72.78000068664551,69.27806176139772,2.363285651452456,交叉混雜,28.0
6919,2026-08-26,109.2,106.35,106.875,103.2283332824707,6298268.4,40.94980356463449,42.99982517255607,0.9359166222489677,0.8701916192192574,0.0657250030297103,50.69658093883383,51.54328018042445,113.37095015537082,106.875,100.37904984462918,0.5847953216374269,交叉混雜,28.0
6921,2026-08-26,68.58000030517579,69.68000030517578,65.97499980926514,67.40666643778484,9404.6,30.911458772137067,49.87908642271409,0.8888402659325436,0.6801459573134765,0.20869430861906713,44.76445712074265,50.51728344240961,75.10629446273151,65.97499980926514,56.84370515579877,2.008341411630583,交叉混雜,
6922,2026-08-26,202.8,201.3,194.725,186.05833333333334,316895.0,55.926642702605704,51.78498523447439,5.906898975378397,5.337929869269122,0.5689691061092743,63.23378623940218,59.58954206485177,222.09666225746489,194.725,167.3533377425351,6.560534086532292,多排,70.0
6923,2026-08-26,76.83999938964844,76.46999893188476,76.01999931335449,76.92166633605957,48410.4,59.8059905704976,63.04250305705578,-0.023500704742787093,-0.165630270866332,0.1421295661235449,54.96502522905241,51.899663236741596,78.06022679237778,76.01999931335449,73.9797718343312,1.0260507043523472,交叉混雜,21.0
6924,2026-08-26,114.3,114.45,111.475,119.11333338419597,33117.8,31.056758030322765,49.97457748670719,-0.037976278711880695,-0.3036560920244745,0.2656798133125938,35.5227377378513,44.520326460026496,123.516485307931,111.475,99.43351469206898,-1.771697690065032,交叉混雜,81.0
6925,2026-08-26,50.640000915527345,51.01000061035156,51.85000038146973,58.19000015258789,7220.0,24.45562250059613,23.033650824444162,-1.498685633855004,-1.6047882954647625,0.10610266160975845,43.68118986272205,39.691738622319036,55.07653542760657,51.85000038146973,48.62346533533288,-1.8322060725197855,空排,3.0
6928,2026-08-26,47.58999938964844,48.244999694824216,48.19999980926514,49.687499872843425,46423.4,12.399801625727985,18.486489934412194,-0.7757394828236741,-0.7213612363296845,-0.05437824649398959,44.03337590400276,44.7270167543681,50.568210339786475,48.19999980926514,45.8317892787438,-1.2448160529426167,交叉混雜,32.0
6931,2026-08-26,41.7,41.85999984741211,39.92499980926514,39.983333333333334,40419.2,35.68048733160917,44.72749301783687,0.7304110005074946,0.5169784362088291,0.21343256429866553,62.54542011508939,60.90197230408861,44.22781388010183,39.92499980926514,35.62218573842845,4.821537067131641,交叉混雜,24.0
6933,2026-08-26,196.3,194.15,180.675,164.46666666666667,499050.2,72.91302809572878,67.48344058914026,10.373466401275522,8.610025186250834,1.763441215024688,79.33764038682055,70.63847210705521,218.5935762002294,180.675,142.75642379977063,17.891241178912402,多排,82.0
6934,2026-08-26,73.27999877929688,72.90999984741211,73.14500007629394,72.92666664123536,13640.0,74.94514691370236,62.4640279674005,-0.3493876183161291,-0.5330287647578302,0.18364114644170115,70.34945905726728,56.18438258960852,75.56202266041794,73.14500007629394,70.72797749216994,2.399345748519258,交叉混雜,44.0
6936,2026-08-26,32.53000106811523,32.34000015258789,32.117499923706056,32.529166571299235,16757.0,55.426826719803906,59.52188304396367,0.07619667228333071,-0.0022280889113701213,0.07842476119470083,57.60812829262491,56.009741686148644,32.75184662378211,32.117499923706056,31.483153223630005,1.1909397593292093,交叉混雜,38.0
6937,2026-08-26,264.6,271.25,266.575,270.4166666666667,173361.6,27.634529681789445,30.083749924557416,-0.4682483745445438,0.008759833135849604,-0.4770082076803934,58.10335307044066,52.897752511126285,296.28283168051786,266.575,236.86716831948212,2.5977679827440725,交叉混雜,69.0
6944,2026-08-26,712.0,729.1,738.85,752.3076914469401,145604.8,21.053220540890955,19.277487495840152,-11.206516203586261,-7.215103515597152,-3.9914126879891096,43.719943046771924,44.74656691252468,804.2629393283788,738.85,673.4370606716212,-2.5512620965013224,空排,86.0
6945,2026-08-26,101.2,102.09000015258789,99.95,101.95000012715657,161428.2,17.34601829132528,22.553943821901306,-0.1150185564215036,-0.33162417856442966,0.21660562214292606,50.84428032245786,50.53030501311244,113.80344414177961,99.95,86.0965558582204,1.5507753876938442,交叉混雜,13.0
6947,2026-08-26,70.41999969482421,71.60999984741211,73.65499954223633,81.95166702270508,120576.0,15.851549542359212,14.363518855406115,-2.524838914931607,-2.3753860550253103,-0.14945285990629653,36.13384470822252,37.765239325529265,81.97908614264233,73.65499954223633,65.33091294183032,-4.011951140261208,空排,28.0
6949,2026-08-26,1272.0,1164.5,1040.25,927.9833333333333,477790.4,94.24486976924969,89.15506182353971,106.45935270385144,62.17421300543721,44.28513969841423,96.13879756436293,86.92246848339383,1390.2418044153233,1040.25,690.2581955846767,43.234799327084836,多排,98.0
6951,2026-08-26,71.6,71.7099998474121,71.46000061035156,70.99217936197917,24375.8,47.679229854662005,51.43981972948471,0.13422264470597156,0.1684522566766427,-0.03422961197067115,46.767914914581894,49.89905262099963,72.3967362019572,71.46000061035156,70.52326501874592,0.05597451624237595,交叉混雜,59.0
6952,2026-08-26,37.66999969482422,37.48499984741211,37.19249973297119,36.16666660308838,5775.2,49.729544217494876,43.47540960968914,0.4839041807376745,0.4840656767846938,-0.00016149604701931608,62.93586595044953,59.302318379049844,40.208993829186994,37.19249973297119,34.17600563675539,2.84331592289112,多排,34.0
6953,2026-08-26,228.5,227.65,220.325,225.525,22146.8,57.54108488332355,59.88800030818845,2.389336680676422,0.75224137972307,1.637095300953352,68.2811216630381,60.48893719376642,239.8274289985132,220.325,200.82257100148678,5.752865085668904,交叉混雜,70.0
6955,2026-08-26,112.21354827880859,116.8067741394043,118.27838706970215,122.51779568990072,11935.8,18.139897101586605,21.32579526419306,-2.58246553415718,-0.8147130522889852,-1.7677524818681947,31.34025615692559,33.6164418013534,132.34109971612477,118.27838706970215,104.21567442327952,-11.226384970803768,空排,3.0
6957,2026-08-26,217.1,216.55,215.1,210.46666666666667,44458.8,65.86888935119673,60.61306412294155,0.08593057040400254,0.15496770255063014,-0.0690371321466276,62.89723390153244,53.41268755721118,223.58279993496956,215.1,206.61720006503043,2.0455602045560233,多排,80.0
6958,2026-08-26,17.7,17.564999961853026,17.940384578704833,17.51096159617106,20878.6,70.92467283559529,54.739715149458945,-0.06270453787561792,-0.03559350498521997,-0.027111032890397943,57.648027785411564,52.38003433599416,19.09296862914168,17.940384578704833,16.787800528267987,-0.22510643513459924,交叉混雜,53.0
6961,2026-08-26,51.20000076293945,51.260000228881836,51.35500011444092,53.82166678110759,11068.6,37.0919398876276,40.60375348848833,-0.5269569219526886,-0.6235309031902566,0.096573981237568,30.763486137198214,33.429962169286185,52.07603796591539,51.35500011444092,50.63396226296645,-1.0807143922570208,空排,10.0
6962,2026-08-26,31.360000228881837,31.30500030517578,31.547500228881837,34.46750020980835,1533823.8,48.96836837708409,36.98216235382595,-0.6248151944658389,-0.7772298375442592,0.15241464307842034,59.230192198467094,49.97250021668456,34.237144278715405,31.547500228881837,28.85785617904827,1.4343442993429243,交叉混雜,10.0
6965,2026-08-26,74.86000061035156,74.88000106811523,75.82000045776367,78.36166699727376,4224.0,56.177123799789165,44.7236278485381,-0.9621632537983373,-0.9936361350990244,0.03147288130068704,45.535458859892444,42.50495599836255,78.51001943483803,75.82000045776367,73.12998148068931,-1.2133987421923822,空排,28.0
6967,2026-08-26,73.07999877929687,72.86999969482422,70.89499931335449,71.3612710316976,53079.4,60.097539323335205,64.05104988646728,0.6048352191460964,0.31292096840495864,0.29191425074113775,51.75636630088204,52.60839812777706,75.99957912116298,70.89499931335449,65.790419505546,2.546015448719654,交叉混雜,73.0
6968,2026-08-26,42.28745040893555,42.96872520446777,43.40936279296875,43.271454366048175,31200.2,5.770447417289522,10.671418014226353,-0.388587663948897,-0.07914889345482623,-0.30943877049407076,14.13474246353779,29.160077103751547,45.3748430550588,43.40936279296875,41.4438825308787,-4.9744171626461045,交叉混雜,15.0
6969,2026-08-26,34.30999984741211,33.61499996185303,33.50749998092651,29.21749998728434,164101.6,51.931776834414755,49.93429591128107,1.1108550953968361,1.2944203790773519,-0.18356528368051572,53.139215987169685,54.69908663869484,36.49876323783852,33.50749998092651,30.516236724014504,1.7682563412127168,多排,62.0
6971,2026-08-26,26.10999984741211,25.914999771118165,25.7875,26.782499980926513,23634.0,74.0408321968188,67.35608268519059,-0.13945160552167124,-0.2754247344960212,0.13597312897434993,76.24020046618112,57.50750025059764,26.347457604773965,25.7875,25.22754239522604,2.181290863673195,交叉混雜,15.0
6982,2026-08-26,47.83000030517578,48.23500022888184,48.27750015258789,52.378333473205565,13040.0,31.02262072337838,35.22682700458586,-0.7403878900334249,-0.8625000949167003,0.12211220488327545,43.16727589623686,41.0020703359177,49.6395712498924,48.27750015258789,46.91542905528338,-0.6783685746224001,空排,13.0
6983,2026-08-26,299.1,299.15,299.65,332.0,48793.2,49.09521686805231,35.42483311331389,-7.517687722408027,-10.071775796257658,2.5540880738496305,67.67167531383805,56.020169760320584,314.00673324519335,299.65,285.2932667548066,5.456365760053403,空排,91.0
6986,2026-08-26,42.699999237060545,42.864999771118164,43.43249988555908,48.83083305358887,41807.2,41.25766561294388,35.41958613814033,-1.1437353349398336,-1.300111727999249,0.1563763930594153,18.985723014742234,27.548880923234307,44.76953320704465,43.43249988555908,42.09546656407351,-2.6074958878318713,空排,4.0
6988,2026-08-26,11.740000152587891,12.005000019073487,12.169999933242797,13.159166733423868,58012.0,23.6811974145562,20.70955675143325,-0.3497558236211571,-0.31914130623086007,-0.030614517390297025,35.611906491677615,36.38702548420281,12.97354460347216,12.169999933242797,11.366455263013435,-3.4511087555189905,空排,4.0
6994,2026-08-26,35.81999969482422,35.755000305175784,36.1375,44.03666667938232,331455.6,52.18900237235147,35.678235376870276,-1.5265155159601917,-2.0037651230711155,0.4772496071109238,62.814058764921214,46.470977088946846,37.499338838582645,36.1375,34.77566116141736,1.69491525423728,交叉混雜,1.0
6996,2026-08-26,179.4,178.4,177.875,185.41666666666666,69374.4,74.17657395160352,63.15241387468569,-0.5111300542526749,-1.1965158955568527,0.6853858413041778,60.55563161909049,53.537883173124925,186.10124170759067,177.875,169.64875829240933,1.7568517217146873,交叉混雜,66.0
7402,2026-08-26,107.0,109.55,106.1,109.42166671752929,368626.8,26.39831694420449,34.64821671253801,-0.818633543489014,-1.1354216044654875,0.3167880609764735,54.26240692268998,50.60901703177611,116.65611571305313,106.1,95.54388428694686,2.733270499528752,交叉混雜,58.0
7547,2026-08-26,52.21999969482422,52.679999923706056,51.46749992370606,55.06500002543132,12026.0,15.685394293985869,26.925464703262843,-0.407374989988206,-0.46992486452982213,0.06254987454161615,36.55019365871286,43.8151987684982,58.25217937986751,51.46749992370606,44.6828204675446,-0.908340067807968,交叉混雜,5.0
7556,2026-08-26,248.8,246.05,232.375,245.61688181559245,23316.0,71.81275956237684,75.41992476743017,4.729810311644428,1.6091486574000156,3.1206616542444126,71.06195661323534,63.85993726430754,264.66786217367957,232.375,200.0821378263204,8.230231307154384,交叉混雜,82.0
7584,2026-08-26,26.45,26.810000038146974,26.152500247955324,27.255833498636882,2636.6,50.64036751431214,48.208622567426204,-0.043622088907945056,-0.20651989497717854,0.1628978060692335,69.71074585197078,60.19339769456756,27.943552263853707,26.152500247955324,24.36144823205694,6.490775709473966,交叉混雜,17.0
7610,2026-08-26,1638.0,1694.5,1646.0,1779.6126688639322,575774.8,33.74266555608506,37.16360933525712,-27.289997685313892,-22.405225523301112,-4.88477216201278,43.04472257095159,46.04349858872333,2108.3008817460277,1646.0,1183.6991182539723,-1.275820170109356,交叉混雜,99.0
7631,2026-08-26,146.2,145.85,140.05,141.45833333333334,34443.6,44.6749602964652,54.850605123699665,1.868964902132035,0.9745437279471958,0.8944211741848391,58.91679343466077,57.63365423541625,152.94185789558438,140.05,127.15814210441566,4.2484826847554364,交叉混雜,72.0
7642,2026-08-26,78.42000122070313,78.25000076293945,78.12999992370605,76.52166646321615,6824.0,36.49698150572812,43.349571014270076,0.1050428672311341,0.31585506006418684,-0.21081219283305275,33.47483658013908,43.334679000489736,80.26057892913806,78.12999992370605,75.99942091827404,-1.4463073400863904,多排,44.0
7689,2026-08-26,176.2,174.6,172.55,,135824.2,70.00136744706259,75.57802481775605,0.8152678941152942,-0.019194199014195473,0.8344620931294897,53.21525710884038,58.82714550457273,181.52892268769364,172.55,163.5710773123064,1.7096493769921692,,
7703,2026-08-26,179.4,179.25,175.525,189.43333333333334,50288.2,59.845727176755815,49.042517879802986,-1.2432237485408848,-2.523921808846051,1.2806980603051663,64.42024154282605,54.59836339019644,192.21560561482238,175.525,158.83439438517763,4.258652613587804,交叉混雜,32.0
7704,2026-08-26,62.51999969482422,62.85,61.97000026702881,59.96666692097982,18229.4,25.813781934487476,29.82269685521469,1.1775338014074634,1.3155427233376817,-0.1380089219302183,46.45799794604081,53.55406467276106,69.55755327010641,61.97000026702881,54.38244726395121,0.37114812799672764,交叉混雜,77.0
7705,2026-08-26,30.860000228881837,30.70500030517578,30.647500133514406,31.055833435058595,25509.2,65.3988297076258,58.30137825576338,0.01183755192156255,-0.038169566369946534,0.050007118291509084,55.55241357150362,52.60368211566945,31.50003483831455,30.647500133514406,29.79496542871426,0.8238828090900253,交叉混雜,18.0
7709,2026-08-26,69.80000152587891,70.73000106811523,70.62500057220458,83.52666670481364,19647.2,16.799728619353242,29.144018851657837,-1.7071989936761724,-2.019578135368783,0.3123791416926105,32.25427179796901,40.42302111640989,75.54151302214046,70.62500057220458,65.7084881222687,-3.008850343345564,交叉混雜,77.0
7711,2026-08-26,484.7,484.4,416.6,359.64166666666665,1586304.2,80.62726066330464,82.35611191868847,45.9022665214182,39.48075650195448,6.421510019463717,63.80668153323578,68.22334595616697,579.6416801731501,416.6,253.55831982684992,18.939030244839167,多排,
7712,2026-08-26,147.7,145.75,142.0,159.15,398835.0,66.77905961198168,56.32552289983843,-0.8139995605666002,-3.2567436650873973,2.442744104520797,74.40361876801998,61.21792688813804,160.11658152951838,142.0,123.8834184704816,11.619718309859154,交叉混雜,85.0
7713,2026-08-26,72.66000061035156,71.77000045776367,70.81500053405762,70.81833318074544,15427.0,73.0103509223345,70.69304597698934,0.6724578428110703,0.3261647066790232,0.34629313613204715,89.04018476902203,79.26806384802612,73.44701050894514,70.81500053405762,68.1829905591701,3.650357935926392,交叉混雜,62.0
7714,2026-08-26,175.6,170.8,159.275,154.575,479939.2,68.81680057113371,71.89923651826217,4.622075538031652,3.018225252100703,1.6038502859309487,57.48193125363508,56.00058386885437,188.42158958112356,159.275,130.12841041887646,8.931094019777111,多排,87.0
7715,2026-08-26,30.960000228881835,31.285000228881835,32.48250017166138,32.57833334604899,43870.2,20.11926056099618,20.913481102499226,-0.6460032144698395,-0.3742240150987466,-0.27177919937109296,29.81703624216965,38.27376795855859,36.38192991556151,32.48250017166138,28.583070427761246,-6.872932070694092,空排,45.0
7717,2026-08-26,401.6,411.0,408.85,464.64166666666665,106089.0,38.095840082242816,27.601297840774023,-10.925391828049385,-13.321894552422235,2.3965027243728496,63.53169011145951,53.391838384413674,463.6300386233836,408.85,354.06996137661645,5.173046349516932,交叉混雜,
7718,2026-08-26,47.35999984741211,47.54999961853027,47.46999988555908,47.39083347320557,20405.0,36.35090259454484,42.49738725897906,0.018389628929263324,0.0631302113425123,-0.04474058241324898,48.73628941804554,49.61605959017421,48.14230918522224,47.46999988555908,46.79769058589593,-0.1474580995342945,交叉混雜,58.0
7721,2026-08-26,61.39999923706055,62.12999954223633,61.47999992370605,67.89666646321615,55444.4,27.928636714695156,27.489077308255904,-0.9383948641157787,-1.2400021083762403,0.3016072442604616,54.20160623368314,47.733867763908755,65.57908808635572,61.47999992370605,57.38091176105639,1.0084556785693415,交叉混雜,57.0
7722,2026-08-26,283.0,280.4,280.425,292.8115076700846,44730.4,42.803483058286815,34.473008854288665,-1.5538585210291558,-2.4533425298238125,0.8994840087946567,60.01036359537363,53.31799031559688,299.62279318454716,280.425,261.22720681545286,2.5229562271552064,交叉混雜,12.0
7723,2026-08-26,19.09000015258789,19.325,19.40000009536743,21.283333428700765,56520.4,17.35041146324329,22.735508983558017,-0.49887763131506446,-0.5154654942668581,0.016587862951793597,32.98704946863096,38.29763934849365,21.313112840997274,19.40000009536743,17.48688734973759,-3.608243963849943,空排,2.0
7728,2026-08-26,593.8,592.2,589.5,646.25,14254.6,63.63503038464712,46.65878244803417,-6.935812602738565,-13.751690459014915,6.81587785627635,79.84382603823812,63.63208296988496,650.3587666132532,589.5,528.6412333867468,10.262934690415607,交叉混雜,83.0
7730,2026-08-26,173.0,170.15,162.95,173.00833333333333,136659.0,67.02460292428378,59.507463281245734,1.9072835855489245,-0.8362431776644712,2.7435267632133957,66.31754479448065,59.60702070519534,184.50751181814297,162.95,141.392488181857,10.156489720773251,交叉混雜,87.0
7732,2026-08-26,34.62999954223633,34.35999946594238,34.87249946594238,35.47999992370605,6808.6,69.90266118520992,53.89063576322074,-0.26927154737536085,-0.29655178904166074,0.027280241666299887,54.31873484455747,49.16633361273737,36.24073875180643,34.87249946594238,33.50426018007833,-0.207900867423174,交叉混雜,37.0
7734,2026-08-26,2878.0,2965.0,3185.25,3132.9166666666665,208393.2,28.13942728172082,18.96674997881044,-84.77510537923763,-47.12550319751,-37.64960218172763,54.791325356940675,48.514614022874994,3743.729844615817,3185.25,2626.770155384183,-4.246134526332313,交叉混雜,95.0
7736,2026-08-26,70.02000122070312,70.02000122070312,70.04500122070313,70.89666735331217,18843.0,44.757684295352504,50.54103381140421,-0.24268772660141735,-0.24000579818470452,-0.002681928416712831,46.0990422167717,46.39826691681625,71.1490143472081,70.04500122070313,68.94098809419816,-0.4925466006830017,交叉混雜,14.0
7738,2026-08-26,168.2,167.65,167.475,168.26666666666668,5671.0,51.17090187022623,39.237380977215864,0.20604372831192563,-0.14697347443141368,0.3530172027433393,66.17389613988169,58.62180244077901,171.77279625290967,167.475,163.17720374709032,2.1047917599641774,交叉混雜,36.0
7740,2026-08-26,137.9,139.9,146.5,142.6988894144694,104268.0,12.93638333082604,11.472392433254324,-1.9010173455083077,0.0461148507817441,-1.9471321962900519,33.26783233106964,41.39823528182191,167.36296138842167,146.5,125.63703861157832,-7.167235494880546,交叉混雜,15.0
7744,2026-08-26,495.8,491.4,461.85,456.10833333333335,107940.6,71.37122038478026,73.57731586625675,15.980014065852288,11.990687834872404,3.9893262309798843,56.25830122888472,58.52487749963102,539.6609043907373,461.85,384.03909560926274,6.744614052181438,多排,79.0
7747,2026-08-26,114.2,114.5,115.15,115.74469680786133,42836.2,35.200624259150985,45.760189955751635,-0.48784788147447955,-0.33233553488894385,-0.1555123465855357,21.81926461749336,35.19800589697725,116.83897352820009,115.15,113.46102647179993,-1.432913590968307,空排,47.0
7749,2026-08-26,365.6,353.5,347.55,400.53333333333336,167541.0,75.67482512694484,61.043371715462285,-2.5304624528380373,-10.027925177635653,7.497462724797616,72.92044485173324,60.502646525586634,388.00777525948433,347.55,307.0922247405157,9.33678607394619,交叉混雜,8.0
7750,2026-08-26,2303.0,2364.0,2323.75,2178.9166666666665,510159.0,42.279069530310565,45.62356265945243,51.81464663634597,66.97493038675997,-15.160283750413996,51.81835518444715,53.13152547962263,2650.1478037851857,2323.75,1997.3521962148143,1.1296395911780528,交叉混雜,94.0
7751,2026-08-26,1730.0,1586.0,1448.75,1381.4166666666667,820145.0,90.07065494401286,84.00753439033997,120.32432593039402,66.03233968548906,54.29198624490496,78.99130266052865,71.7026194690057,1845.4452296954914,1448.75,1052.0547703045086,29.076790336496984,多排,97.0
7753,2026-08-26,37.52000045776367,37.46000022888184,37.51999988555908,40.41666653951009,12804.4,56.26717005162155,54.88537137004876,-0.696542424869385,-0.8283481497832434,0.13180572491385845,40.5436943912017,40.94301007552611,38.577006660236236,37.51999988555908,36.462993110881925,-0.5863556747589674,交叉混雜,14.0
7757,2026-08-26,89.13999938964844,89.75,89.675,94.52166646321615,5423.8,8.66001415335919,17.778753374598946,-0.9261631347662984,-1.0378734644559566,0.11171032968965822,35.402777372729716,38.708764627127884,91.77048414166245,89.675,87.57951585833754,-1.087262951500206,交叉混雜,7.0
7760,2026-08-26,33.10999984741211,33.054999923706056,33.222500038146975,33.54583317438762,52200.0,54.88879386359413,56.033834763434896,-0.262994241015825,-0.28540596100187854,0.022411719986053513,44.55687300578899,43.4838303635633,34.11485081005922,33.222500038146975,32.330149266234734,-0.6697269558025282,交叉混雜,33.0
7765,2026-08-26,224.4,224.45,224.45,229.26666666666668,11519.8,35.06271300439404,29.614123989898694,-0.5938466641089803,-0.7286492473862816,0.1348025832773012,54.264257615705965,50.26643889088181,228.5654394790971,224.45,220.33456052090287,0.24504343951882887,交叉混雜,16.0
7767,2026-08-26,45.029999542236325,45.0,46.28999996185303,44.18666648864746,47220.0,38.92037463008583,26.842222848881203,-0.11606479759083044,0.18687289162581094,-0.3029376892166414,49.44422504773473,48.413561944552384,49.25765037445254,46.28999996185303,43.322349549253516,-1.814645062877093,交叉混雜,32.0
7768,2026-08-26,293.4,283.95,269.975,320.01666666666665,152169.0,52.449281648851056,60.58168853560127,-2.470069056928196,-8.156709203055904,5.686640146127708,54.382874191778384,52.02962042633558,307.0318198141263,269.975,232.91818018587372,6.676544124455959,交叉混雜,74.0
7769,2026-08-26,6307.0,6461.5,6373.25,6577.166666666667,304683.2,21.75380736939482,32.48444238631,-19.985510412530857,-1.2518561548141078,-18.73365425771675,35.198108528923754,45.035292273743146,6865.048792832528,6373.25,5881.451207167472,-2.5614874671478445,交叉混雜,94.0
7770,2026-08-26,37.15,37.99500007629395,38.95250015258789,41.201666768391924,6617.2,16.346871760898676,28.818627349659067,-1.1770171166057892,-0.9603433917708369,-0.21667372483495229,3.774338863907488,13.653237518704799,41.52205373195877,38.95250015258789,36.382946573217005,-6.9379375957934295,空排,2.0
7772,2026-08-26,87.38000030517578,89.2900001525879,89.55,114.79999987284343,44511.4,22.290827849407563,22.07655525204477,-5.007953821819825,-6.12579583849643,1.1178420166766045,51.51484661905424,43.69341836410881,96.3352781625365,89.55,82.7647218374635,-0.16750248366397644,空排,48.0
7777,2026-08-26,39.100033569335935,38.99501686096191,39.16750831604004,39.75539995829264,3080258.4,51.43734140687413,37.440420598143945,-0.05086322006678046,-0.10309107726833462,0.052227857201554165,63.44349010447144,57.00801802781893,43.201333101555115,39.16750831604004,35.13368353052497,5.955169946321927,交叉混雜,91.0
7780,2026-08-26,16.920000076293945,16.795000076293945,16.75999994277954,17.598333263397215,747458.2,48.30367781893167,49.62351659609308,-0.13419888048826323,-0.20551473067938952,0.0713158501911263,54.46599758326439,48.82002614306723,17.036443501911755,16.75999994277954,16.483556383647326,0.8353202638944346,交叉混雜,11.0
7786,2026-08-26,121.6,122.85,124.6,126.0,123321.0,17.35733835560392,19.769012731584098,-1.4945555885385176,-0.9193312185004688,-0.5752243700380487,30.172528791217573,39.28399607609252,131.19026395127466,124.6,118.00973604872533,-3.2905296950240728,空排,10.0
7788,2026-08-26,254.9,265.0,240.05,244.075,1047628.2,41.72306643318042,53.89222017008038,8.689764235262317,7.597446167944154,1.0923180673181623,54.4084967684865,56.25633279217974,304.42464358613626,240.05,175.67535641386377,7.685898771089351,交叉混雜,92.0
7791,2026-08-26,56.880000305175784,56.94000015258789,58.275,61.371666717529294,20473.4,26.90793926245449,23.163190141713535,-1.3026703477632253,-1.2692291711387482,-0.0334411766244771,29.052143314949745,26.893329827188538,61.11225188046513,58.275,55.43774811953487,-2.7027013934972897,空排,
7792,2026-08-26,296.6,277.85,241.725,244.88333333333333,710557.0,84.01653481082823,86.48796357727032,19.662090620625776,11.361080475666851,8.301010144958925,75.95416778155764,72.44803724938522,324.8460119739841,241.725,158.60398802601588,21.212121212121215,交叉混雜,76.0
7794,2026-08-26,28.539999771118165,28.664999961853027,28.624999809265137,,7400.0,35.03682017922097,35.527666434827324,-0.09873282378665849,-0.067920031490455,-0.030812792296203484,41.447662781871344,44.86662796315679,29.943091914849543,28.624999809265137,27.306907703680732,-0.9606966973896748,,
7795,2026-08-26,562.8,557.1,487.775,472.7416666666667,769318.8,61.953592269539314,68.40752950767438,31.783571786644302,22.162051130338806,9.621520656305496,69.63988605314151,65.01540623144925,647.9885006467108,487.775,327.56149935328915,18.497257957049875,多排,96.0
7799,2026-08-26,363.5,359.55,357.175,380.64166666666665,309947.6,47.97867717099367,44.56676813471438,-5.904165033847903,-7.862364859325153,1.9581998254772497,57.73682969409711,51.22220920458138,374.7706782971661,357.175,339.5793217028339,3.030727234548887,交叉混雜,
7803,2026-08-26,19.470000076293946,19.49000015258789,19.61500005722046,21.498333422342935,29422.6,62.22735902907223,50.590371528105166,-0.47839598468048905,-0.5659548179511948,0.0875588332707058,38.86353372526524,39.61000985505508,20.3563364009849,19.61500005722046,18.87366371345602,-1.860821086697371,空排,
7805,2026-08-26,560.8,625.1,632.5,652.7666666666667,133959.2,15.707949058442036,32.20092164915659,-22.270217610334726,-3.8187577636495456,-18.45145984668518,15.95604958992638,25.589321164864415,761.0309710782436,632.5,503.9690289217564,-18.73517786561265,空排,4.0
7810,2026-08-26,210.8,204.0,196.775,201.09166666666667,101032.2,67.7652965417941,58.765644205166325,4.229691821740289,1.141048020563921,3.088643801176368,84.59296524233915,72.77847465667972,220.98129539690322,196.775,172.5687046030968,12.311015118790493,交叉混雜,79.0
7814,2026-08-26,30.300000381469726,30.475000190734864,30.447500038146973,34.79499994913737,23044.2,56.79175764725473,50.691508567636745,-0.9413301886571723,-1.2022339261337842,0.2609037374766119,56.27656825912897,47.288489387523015,31.28634298289957,30.447500038146973,29.608657093394378,1.157727887254899,交叉混雜,11.0
7818,2026-08-26,62.4,62.48000030517578,62.75,64.93333326975504,54378.0,33.55517881056382,34.612503672362706,-1.138463336780518,-1.2675171804701715,0.12905384368965356,30.266575862126672,33.1971148095753,64.70151747991268,62.75,60.798482520087326,-1.9920318725099602,空排,5.0
7819,2026-08-26,34.880000305175784,35.9,35.1375,38.96166674296061,21860.4,10.195600235393181,19.758328520690753,-0.7782739544359671,-0.8942112765579857,0.11593732212201857,32.18522878468235,39.16045207589158,37.74232871896799,35.1375,32.532671281032016,-2.810383419768329,交叉混雜,1.0
7820,2026-08-26,121.5,120.15,113.8,114.89833335876465,14081.2,82.76118684902985,75.99794589159495,2.8324400774502436,1.6988585262946998,1.1335815511555438,70.33803245352077,63.76327690414844,133.18909080140418,113.8,94.41090919859583,8.523725834797894,交叉混雜,9.0
7821,2026-08-26,39.19000015258789,39.185000610351565,39.6600004196167,41.434166717529294,59803.8,24.53201656906647,23.14589849770298,-0.5308187640290498,-0.560590607336785,0.02977184330773519,44.662840558671334,42.327290462107634,40.97373285150355,39.6600004196167,38.34626798772985,-1.2859276055013298,交叉混雜,12.0
7822,2026-08-26,923.2,905.0,866.55,977.2833333333333,245794.8,53.69326173037617,58.36735741519112,-0.8553014876541738,-14.88072826604026,14.025426778386086,60.186022684644755,54.58408339776402,977.6146563706794,866.55,755.4853436293205,6.1681380185794294,交叉混雜,67.0
7823,2026-08-26,83.58000030517579,83.98000106811523,83.20000038146972,83.51166712443033,27680.0,68.54749442500643,69.03947038624943,0.1274231104383432,0.16081802001673734,-0.03339490957839414,46.1429876706053,49.47768403691259,87.95903706716531,83.20000038146972,78.44096369577413,0.24038598977426154,交叉混雜,
7827,2026-08-26,160.1,158.7,156.25,159.83333333333334,276387.6,61.56745614319921,58.18596696794032,1.07258575777837,0.3848206146252179,0.6877651431531521,64.40378969214684,57.44289021298207,168.24341924820328,156.25,144.25658075179672,3.6799999999999997,交叉混雜,89.0
7828,2026-08-26,1580.0,1646.5,1616.75,1812.8333333333333,80531.4,19.137869851205412,26.579026686511728,-48.33418798914977,-42.69567340580402,-5.638514583345746,42.33541146267818,44.642335640432016,1918.0327837588336,1616.75,1315.4672162411664,-2.8916035255914645,交叉混雜,97.0
7835,2026-08-26,21.000000381469725,22.08000030517578,24.74749994277954,,25839.8,25.392717483704125,17.538477034390727,-3.8236787702581054,-3.9046698344533177,0.08099106419521229,35.36947870868792,14.124289702526866,31.313157602859903,24.74749994277954,18.18184228269918,-11.304168850624851,,
7839,2026-08-26,45.119999694824216,45.27499961853027,45.42499980926514,47.242499923706056,31200.0,60.0438881438112,64.1256796961801,-0.3313147319151142,-0.38739248660088904,0.05607775468577486,36.229311881967945,43.837559481977365,46.05453597297964,45.42499980926514,44.79546364555063,-0.9356077293333369,空排,3.0
7842,2026-08-26,103.9,98.68000030517578,90.43000030517578,95.56666692097981,69301.0,88.8290282788282,83.79410248566566,3.8127905083823066,1.2181519388547621,2.5946385695275445,76.76711359235291,68.78743046795637,112.66113977299291,90.43000030517578,68.19886083735865,18.32356478923492,交叉混雜,8.0
7855,2026-08-26,43.51999969482422,43.654999542236325,,,823404.8,32.23341084929302,40.63847024756058,-0.0690838858305014,-0.029419352031746115,-0.039664533798755286,61.76366316705982,81.39428802262049,,,,,,
8011,2026-08-26,15.989999771118164,15.984999847412109,16.177499961853027,17.04750003814697,197512.6,47.44840052398475,37.59939144067039,-0.22662557979285936,-0.2599403409146382,0.033314761121778835,50.38449832957551,45.52204999946287,16.795199546551817,16.177499961853027,15.559800377154234,-0.7881361464573009,交叉混雜,12.0
8016,2026-08-26,294.2,297.95,294.825,303.45,665734.8,31.935941292402013,34.33202699486234,-1.1074462008393198,-0.8680410800756772,-0.23940512076364262,48.263266927260744,48.690774851103576,326.58441634092327,294.825,263.0655836590767,0.2289493767489227,交叉混雜,82.0
8021,2026-08-26,404.7,411.65,399.4,462.7916666666667,4255665.6,39.598166602364735,36.09071333693723,-6.644122583806677,-10.310630409858252,3.666507826051575,61.26836321222988,53.27565813580496,474.5641011737832,399.4,324.2358988262168,6.534802203304964,交叉混雜,97.0
8024,2026-08-26,13.15,13.310000133514404,13.730000066757203,14.356666723887125,27442.6,18.92662286654409,20.240246681162127,-0.47297064279863044,-0.41630578382470523,-0.0566648589739252,21.007389102527142,32.85202371715708,14.76892646785032,13.730000066757203,12.691073665664085,-5.316824932322209,空排,50.0
8027,2026-08-26,171.4,175.4,174.55,211.85,1341054.6,33.65021148134224,27.678926812540396,-7.933504941451275,-9.430194850176873,1.4966899087255978,61.625121966246546,49.65988911477524,197.50051885665076,174.55,151.59948114334927,3.695216270409618,交叉混雜,89.0
8028,2026-08-26,243.9,251.05,255.6,292.4166666666667,1295011.6,23.0757439191977,21.6931449796436,-12.1712585889031,-11.783882971264513,-0.38737561763858785,37.71509631798744,39.73464703713035,282.50255319520966,255.6,228.69744680479036,-3.9514866979655694,空排,77.0
8032,2026-08-26,35.81999969482422,36.079999923706055,36.09499988555908,39.96999975840251,14836.4,26.174191638796515,28.061728467361476,-0.6789713266721549,-0.8053198071204735,0.1263484804483186,42.614304567557284,42.38371655763381,38.31165936136342,36.09499988555908,33.87834040975475,-0.678768284290839,空排,18.0
8033,2026-08-26,184.1,186.8,181.6,177.65,2368999.2,30.747902252246178,41.50099952875374,-0.7020919487233073,-0.4870495470477164,-0.21504240167559086,48.27052808818745,48.87543288951113,203.7231005726453,181.6,159.47689942735468,1.0462555066079327,交叉混雜,86.0
8034,2026-08-26,18.730000305175782,18.695000076293944,18.817500019073485,20.836666615804038,85371.8,48.13626962783508,35.58773506583769,-0.36794712336789104,-0.5309264617365455,0.16297933836865441,80.82278512391014,61.62592437968664,19.866446647444477,18.817500019073485,17.768553390702493,5.486915697354567,交叉混雜,16.0
8038,2026-08-26,30.75,30.970000076293946,31.407499885559083,36.941666762034096,94008.6,36.69181713624469,29.344441795463112,-1.4856844093643637,-1.701960791214865,0.21627638185050135,43.62048550417777,35.69683804512415,32.85601065139777,31.407499885559083,29.9589891197204,-1.2974604379333252,空排,5.0
8039,2026-08-26,288.4,277.2,241.825,189.53333333333333,53342972.2,83.33582199661674,78.45453170911472,28.30450711466827,23.546380977833056,4.758126136835212,77.17196618661842,71.33641535410837,326.83848190294896,241.825,156.81151809705102,32.5338571280885,多排,99.0
8040,2026-08-26,70.39999847412109,71.2999984741211,71.1849988937378,85.88499965667725,224072.8,43.663013881386526,38.617889012751895,-2.6512918467932707,-3.383651216932775,0.7323593701395041,58.66211254259605,47.628958647942845,78.0666367732311,71.1849988937378,64.3033610142445,1.8473008733556124,交叉混雜,68.0
8042,2026-08-26,99.6,104.85,106.925,142.69000002543132,3274254.4,18.525780245986248,21.616578077486338,-8.733702332647482,-9.269673178121293,0.5359708454738108,36.19714350935321,38.36171538766097,122.37432254377366,106.925,91.47567745622634,-6.944119710077154,空排,92.0
8043,2026-08-26,136.1,140.75,137.575,162.74166666666667,1937415.4,24.778970623221877,32.825569913382594,-3.813671130559186,-4.145328987786595,0.3316578572274089,40.235109914968724,43.747525315556906,155.14972766877196,137.575,120.000272331228,-2.235144466654544,交叉混雜,96.0
8044,2026-08-26,25.299999618530272,25.575,26.160000038146972,27.647499879201252,320164.4,8.141871051160424,12.827070375672212,-0.527670203319822,-0.40678841474194644,-0.12088178857787552,27.249240628242873,35.14557569840227,27.96659625426204,26.160000038146972,24.353403822031904,-4.81651535848373,空排,16.0
8045,2026-08-26,52.44000015258789,51.989999771118164,52.99500026702881,58.246666717529294,117161.2,43.77798902648617,39.96599591200702,-1.6713151081392041,-1.891781243918655,0.22046613577945084,44.06191452535736,43.366722586743045,55.890714667536756,52.99500026702881,50.09928586652086,-2.2549316425076764,交叉混雜,3.0
8046,2026-08-26,1161.0,1204.5,1129.5,1075.5666666666666,9228273.2,32.06842955804638,39.44295035798573,24.596606479359025,28.655280455568416,-4.058673976209391,52.151120938914374,52.75391081347422,1373.8565126268575,1129.5,885.1434873731425,4.471004869411244,交叉混雜,98.0
8047,2026-08-26,45.6,46.52000007629395,45.84500007629394,46.42916685740153,14525.4,37.83760928234587,51.51878519743501,0.15594201074779335,0.39471947550778635,-0.238777464759993,27.200507759557908,39.6893715808455,49.93695640934837,45.84500007629394,41.753043743239516,-5.33318474500194,交叉混雜,86.0
8048,2026-08-26,51.94000015258789,51.89000053405762,52.00500068664551,56.78279940287272,42309.6,48.360876748101845,36.339340447975516,-0.868311062451653,-1.1500423099277344,0.28173124747608136,58.08733718861863,48.91669674895751,54.7697985268921,52.00500068664551,49.240202846398915,0.9518302217455846,交叉混雜,57.0
8049,2026-08-26,24.450000381469728,24.900000381469727,25.542500019073486,26.349166584014892,92088.4,10.720581269362182,15.950288696424401,-0.5056694181162946,-0.3676654775853964,-0.1380039405308982,28.872288286148773,31.868309740169778,27.36841664507056,25.542500019073486,23.716583393076412,-4.081432977566858,空排,34.0
8050,2026-08-26,57.279999542236325,57.339999771118165,59.27999973297119,57.96166648864746,741911.4,37.57100739804102,28.268037092753858,-0.5162770687451612,-0.06131142963908735,-0.45496563910607385,44.985168437858626,46.650973172878686,67.41610572001824,59.27999973297119,51.14389374592414,-2.8340102334981805,交叉混雜,72.0
8054,2026-08-26,81.01999969482422,81.33000030517579,81.66000022888184,95.91608606974283,556982.2,38.957230776331684,29.660591529285067,-3.1251731593772547,-3.9353593233763746,0.8101861639991199,63.93034203539475,47.83653666390245,86.5423649557283,81.66000022888184,76.77763550203538,2.2532448762685404,空排,6.0
8059,2026-08-26,13.70999984741211,13.809999942779541,14.36749997138977,16.062499936421712,226263.4,37.25539542867792,24.0447883629884,-0.5639256405951549,-0.6054388821222964,0.04151324152714142,68.04692212426815,52.47878951789527,15.822174786968235,14.36749997138977,12.912825155811307,1.966240805310935,空排,4.0
8064,2026-08-26,98.65999908447266,100.24999923706055,100.05499954223633,123.64999987284342,1540356.0,39.5675650239639,29.642987016331258,-4.296526770409699,-5.360561076272318,1.0640343058626192,63.030568327242236,49.09426295853298,110.62555996213054,100.05499954223633,89.48443912234212,2.9433816113511577,交叉混雜,92.0
8066,2026-08-26,14.739999961853027,14.719999980926513,14.762500047683716,15.049166663487751,3826.4,48.560145447852506,37.85581064569712,-0.06968502633173124,-0.09490425436340424,0.025219228031673008,60.233528093092794,50.363296428892454,14.95409995716512,14.762500047683716,14.570900138202312,0.25402298343789914,交叉混雜,12.0
8067,2026-08-26,12.530000114440918,12.675,13.012500047683716,13.112500031789144,8810.0,28.263932952892276,24.53626078447022,-0.19852631826465483,-0.12124845288163982,-0.07727786538301501,45.919165419794254,45.08239653221839,13.916220476605943,13.012500047683716,12.108779618761488,-3.1700262417091487,空排,26.0
8068,2026-08-26,17.00999984741211,17.15,17.4375,18.390000120798746,59000.2,23.322229781091913,19.94438117925427,-0.36737684500868184,-0.3548065286611114,-0.012570316347570443,37.27759303766605,40.09113426256893,18.49871837309534,17.4375,16.37628162690466,-2.22222659750224,空排,16.0
8069,2026-08-26,160.3,161.9,173.575,189.50833333333333,4526688.6,35.34140809417985,28.324685154070803,-8.53156573039169,-7.829761318459911,-0.7018044119317794,39.45132155938701,37.42837785216035,203.49291401397,173.575,143.65708598602998,-7.244706899034993,空排,6.0
8070,2026-08-26,49.75999984741211,50.23000030517578,48.56500015258789,52.1341667175293,4128950.4,37.16226607144348,41.380613609013764,0.2637921358471331,-0.08456958026644365,0.3483617161135768,63.18968417598561,57.50007594553932,53.636811269474535,48.56500015258789,43.49318903570125,6.043446593617915,交叉混雜,70.0
8071,2026-08-26,23.939999771118163,24.104999923706053,23.417499923706053,25.663333225250245,556771.4,45.457228281333926,39.8012756577276,-0.18418339475318035,-0.38083510259435865,0.1966517078411783,63.83208000686097,54.66486828905747,26.13552408402567,23.417499923706053,20.699475763386438,5.690189305584357,交叉混雜,83.0
8072,2026-08-26,26.240000534057618,26.405000305175783,26.372500228881837,27.89833339055379,64776.4,33.43394614336457,38.94319214422532,-0.3189223035421094,-0.37305733164646027,0.05413502810435089,41.71569749524386,42.72019339028662,26.973792206298736,26.372500228881837,25.771208251464937,-0.6540884043806767,交叉混雜,17.0
8074,2026-08-26,54.89999923706055,55.32999954223633,54.295000076293945,61.928333346048994,344387.0,45.09760164433394,34.70327771954628,-0.9008811683885227,-1.4545732917567875,0.5536921233682648,68.99932329872567,55.91047211545648,60.12395730745704,54.295000076293945,48.46604284513085,5.90293750658895,交叉混雜,68.0
8076,2026-08-26,23.25,23.35,23.192500019073485,24.598333263397215,480786.8,32.59987832016823,32.65656021350783,-0.17465013667179363,-0.23422617131247375,0.05957603464068012,49.570144194961834,46.616573419960304,24.088265061426057,23.192500019073485,22.296734976720913,0.46350853896153815,交叉混雜,44.0
8077,2026-08-26,42.37999954223633,43.43999977111817,44.38499984741211,46.87916666666667,6704.8,19.908042413943043,18.56510873998135,-0.9966909006596936,-0.6306975460149788,-0.3659933546447147,30.380782563072614,32.69549633149565,47.88644340150561,44.38499984741211,40.88355629331861,-6.950547754775843,空排,31.0
8080,2026-08-26,27.889999771118163,27.924999809265138,27.969999885559083,27.89499988555908,9200.6,25.58805557823242,24.832690518338392,0.01098695696545704,0.010338341614143064,0.0006486153513139761,50.34904841190505,50.28388163366643,29.02899624337902,27.969999885559083,26.911003527739148,-0.2502691001616742,交叉混雜,40.0
8081,2026-08-26,256.3,257.35,256.825,274.4,357423.0,38.124053176166825,36.14628640451809,-2.615951284042808,-3.2628324083418714,0.6468811242990635,55.96202928759722,50.332645827366186,274.270478980012,256.825,239.379521019988,1.0415652681787255,交叉混雜,59.0
8083,2026-08-26,159.3,159.25,159.225,163.24166666666667,49403.0,47.51846418462965,49.9177276951914,-0.3729409468675442,-0.6095333018338821,0.2365923549663379,47.17202764224158,47.95978220836013,160.8943837501607,159.225,157.5556162498393,-0.14130946773433462,交叉混雜,44.0
8084,2026-08-26,47.65758514404297,49.52879257202149,47.331896209716795,47.216465632120766,622354.8,21.04683667827083,33.0984838322769,0.6549668851159893,0.9428175676704666,-0.2878506825544773,42.51782304479154,48.90814926245606,56.02119801864989,47.331896209716795,38.6425944007837,0.1438888394843759,交叉混雜,50.0
8085,2026-08-26,13.3,12.514999961853027,11.892499971389771,12.16833340326945,925954.6,92.1603607082197,84.32660785353278,0.5353558109983627,0.163807143186342,0.37154866781202067,95.15396036641289,85.03587050456358,14.038555049172285,11.892499971389771,9.746444893607258,28.23207934990533,交叉混雜,62.0
8086,2026-08-26,113.9,115.15,115.75,132.44166666666666,3941373.2,38.07204276589533,32.33140969572506,-3.2101005179899147,-4.036703971676897,0.8266034536869826,55.64489138999963,48.94987884315404,125.7631492495957,115.75,105.7368507504043,1.079913606911447,空排,30.0
8087,2026-08-26,26.550000381469726,26.715000343322753,27.73750009536743,30.669999885559083,26820.2,20.233625069043512,22.772321429977502,-0.9209457411204589,-0.8878209715632313,-0.03312476955722765,32.83369953172084,35.37162892895084,30.141635619828563,27.73750009536743,25.333364570906298,-5.002252218574797,空排,7.0
8088,2026-08-26,45.99999923706055,46.55999946594238,46.57999973297119,53.82749970753988,492409.0,26.049516438737562,24.978583007974525,-1.2101574059971725,-1.487810472343209,0.2776530663460366,50.730020759414394,45.55624031014102,50.938344151834976,46.57999973297119,42.2216553141074,-0.06440638918554166,空排,49.0
8089,2026-08-26,18.110000228881837,17.964999961853028,18.117500019073486,19.465833377838134,71195.0,63.836290190887645,51.13756172481908,-0.3070292617477506,-0.3877859812539036,0.08075671950615304,50.43101149836837,45.86025171490742,18.622501501929765,18.117500019073486,17.612498536217206,-0.09658969275747777,交叉混雜,4.0
8091,2026-08-26,217.3,222.1,223.075,248.2,180844.6,23.20070319484037,25.684613901548655,-7.486203513865036,-7.481081133160348,-0.0051223807046874015,34.528325349729116,39.53210074071269,244.23174584469143,223.075,201.91825415530855,-2.7232993387873985,空排,86.0
8092,2026-08-26,13.089999961853028,12.810000133514404,13.035000038146972,13.8625,67104.2,58.42052509384096,42.511968656109,-0.16516486276532483,-0.2990980551508334,0.13393319238550855,78.55904111333396,61.394101154896255,13.95786722790874,13.035000038146972,12.112132848385205,5.101647634614811,交叉混雜,16.0
8093,2026-08-26,25.920000076293945,25.010000228881836,23.037500286102294,20.61000010172526,169937.4,74.70045948789429,69.80074183348236,1.6806334462315675,1.2149565445586155,0.46567690167295206,78.43901571056819,72.81300110655118,27.961755284299567,23.037500286102294,18.11324528790502,19.370589944559978,多排,82.0
8096,2026-08-26,106.9,110.85,116.575,134.91666666666666,2237994.8,17.567414384683175,15.169678315417524,-7.5719220687849855,-6.896311403596681,-0.6756106651883043,31.45689276236365,35.932675118476524,136.4939806333981,116.575,96.6560193666019,-7.784687969118595,空排,89.0
8097,2026-08-26,49.44000091552734,50.02000045776367,50.935000038146974,54.84166653951009,138667.8,48.93833670949327,42.2531550685175,-1.2072264429337878,-1.2190822601142532,0.011855817180465467,17.885237145795458,27.216120329771073,53.41865158123763,50.935000038146974,48.451348495056315,-2.9154790892222517,空排,16.0
8099,2026-08-26,58.720001220703125,58.640000915527345,57.79000034332275,58.8933333714803,295928.0,54.885095560215774,57.99864399317402,0.22679641060287992,0.05927760135422723,0.1675188092486527,59.56177092557848,55.93980330960108,60.292967715818634,57.79000034332275,55.28703297082687,1.9207495690634773,交叉混雜,29.0
8101,2026-08-26,13.139999961853027,12.039999961853027,12.255000066757201,13.348333342870076,31203.2,75.49829355950092,64.15254306611877,-0.021394961852802652,-0.2934727941203022,0.27207783226749954,60.183316184422985,56.047158155514445,14.325825023020347,12.255000066757201,10.184175110494056,8.1191344579575,交叉混雜,28.0
8102,2026-08-26,69.1,69.62000045776367,69.41000061035156,71.1516668955485,15450.0,34.40391697161529,42.41952737362727,-0.5405249928261213,-0.439671423649179,-0.10085356917694233,39.81471694982319,43.66004902246414,72.18500200643471,69.41000061035156,66.6349992142684,-1.599189668395142,交叉混雜,58.0
8103,2026-08-26,99.11999969482422,90.15999984741211,83.76999931335449,89.26333312988281,6911323.8,87.32778691895292,78.43354002406389,4.44106294134248,0.8338587092113796,3.6072042321311004,93.62271945479863,80.40221633521678,104.53293262405536,83.76999931335449,63.007066002653616,30.118181799511344,交叉混雜,78.0
8104,2026-08-26,30.95999984741211,31.079999923706055,30.892500019073488,35.85749972661336,212533.0,41.96519266042033,34.55349068021371,-0.9092856716401201,-1.1870278889637744,0.27774221732365434,62.30410830903633,48.495111572952254,32.747302087125455,30.892500019073488,29.037697951021524,2.452050170718117,交叉混雜,18.0
8107,2026-08-26,12.330000114440917,12.285000038146972,11.935000038146972,12.116666682561238,23673.0,66.6402866174233,59.18240905118245,0.12641127227884752,0.05905581776609305,0.06735545451275447,68.09209198525207,60.935903689752294,12.88207298170284,11.935000038146972,10.987927094591104,4.733975366964051,交叉混雜,29.0
8109,2026-08-26,130.0,131.1,129.15,128.74166666666667,418987.0,29.32315848988923,32.42307989838458,0.47085058288968185,0.38736791199376974,0.0834826708959121,61.387599402684344,55.65102707344212,139.33822850155738,129.15,118.96177149844263,2.9810298102980983,交叉混雜,79.0
8110,2026-08-26,45.33000030517578,45.34500007629394,44.257499885559085,49.27166646321614,3254152.8,47.18073760328295,44.77146433727987,-0.1582696265338086,-0.5580836867825215,0.3998140602487129,60.36276940248575,53.23306037147013,51.01941175380277,44.257499885559085,37.4955880173154,3.7112390997390214,交叉混雜,85.0
8111,2026-08-26,63.81999969482422,60.06999969482422,60.064999961853026,56.359999910990396,10182734.8,77.24999510572329,62.197854208788236,1.8954543027111797,1.245021466620729,0.6504328360904506,68.73638442009637,62.19667997689008,67.43557420783777,60.064999961853026,52.69442571586828,8.882047061373699,多排,59.0
8112,2026-08-26,94.03999938964844,93.86000061035156,90.84000015258789,90.31333338419596,10370173.4,46.361698382611195,48.08607938693032,1.894515694162834,1.7518669012017696,0.14264879296106447,52.719362836668175,54.99232430613355,103.37599543913586,90.84000015258789,78.30400486603992,3.0383072621060263,多排,85.0
8114,2026-08-26,197.2,200.05,207.875,206.79166666666666,314559.8,23.66590839360839,20.93201875676318,-3.6313142337527893,-1.6829886232341513,-1.948325610518638,41.18197976591706,43.43983805359244,233.35125313276035,207.875,182.39874686723965,-4.509921828021648,交叉混雜,30.0
8121,2026-08-26,27.360000228881837,28.120000267028807,28.575,37.88500003814697,457402.6,16.279733956288435,16.890225613187,-2.183597211116467,-2.4674762294706047,0.28387901835413754,37.22206471901208,34.1667594764299,31.010158828968386,28.575,26.139841171031613,-3.762029746281712,空排,47.0
8131,2026-08-26,62.42000045776367,63.05,62.435000038146974,68.69499988555908,1571308.0,35.10303492214416,34.21777418864127,-1.2975095416949642,-1.547129745864835,0.24962020416987074,51.841724995469605,47.874551875961565,69.4918445445214,62.435000038146974,55.37815553177255,0.9049410771327273,交叉混雜,81.0
8147,2026-08-26,121.2,121.2,121.5,135.95,74455.0,33.45747888987499,30.977086819730467,-3.075991502755386,-3.8509187926236113,0.7749272898682253,55.96297245763411,48.00816326339299,132.54059494964588,121.5,110.4594050503541,1.2345679012345678,交叉混雜,36.0
8150,2026-08-26,88.27999877929688,89.40999984741211,86.82999992370605,96.3583334604899,17711117.2,40.127066979027596,35.0001514792925,-1.4568957461736005,-2.0311826400835886,0.5742868939099881,61.88725255171758,52.12821046604899,101.83429452611925,86.82999992370605,71.82570532129286,5.493491367737234,交叉混雜,93.0
8155,2026-08-26,325.1,321.05,307.225,337.8333333333333,573743.6,63.248098302218956,58.69059711680248,2.1254623123881515,-2.7765443008490815,4.9020066132372335,75.31063028256887,62.71201139466247,350.13429846474105,307.225,264.315701535259,11.481813003499056,交叉混雜,90.0
8162,2026-08-26,62.25999984741211,60.499999618530275,56.38999996185303,66.77833321889241,147759.0,83.76705663708773,77.43687518490502,0.22628038348244672,-1.5246814621048213,1.750961845587268,81.95381164254863,65.22434081544965,67.26341496856506,56.38999996185303,45.516584955141006,17.92871084409688,交叉混雜,87.0
8163,2026-08-26,31.079999923706055,31.335000228881835,31.19749994277954,36.26416660944621,383644.4,37.388990235636484,34.34916330906141,-0.7984576218272501,-1.035981691622491,0.237524069795241,57.573663013527714,46.13813588273694,32.75498605702663,31.19749994277954,29.640013828532457,0.9696291618728614,交叉混雜,33.0
8171,2026-08-26,19.64000015258789,19.660000038146972,19.657499980926513,20.835833326975504,64907.8,51.70283261172372,43.83666844403746,-0.2062452524659335,-0.2707012950374687,0.0644560425715352,57.432427939089585,48.60677612584635,20.403206821165924,19.657499980926513,18.911793140687102,0.7249103714729727,交叉混雜,8.0
8176,2026-08-26,9.885999870300292,9.998999977111817,9.919499921798707,10.093999973932902,78305.8,23.917050612821264,32.454009111367945,-0.03894447271671986,-0.031105978570491282,-0.007838494146228576,41.68866143187082,44.75013060090629,10.205413172799432,9.919499921798707,9.633586670797982,-0.7006355247430439,交叉混雜,40.0
8182,2026-08-26,40.470000457763675,40.60500030517578,39.597500228881835,45.14833348592122,1184665.0,40.98975084679954,35.079824986195234,-0.543823799733751,-0.9818010732965526,0.4379772735628017,58.35139388015831,51.63895955127873,43.424616156619265,39.597500228881835,35.770384301144404,4.0469739877386965,交叉混雜,81.0
8183,2026-08-26,29.179999923706056,29.475,29.3875,31.324166520436606,135695.6,21.996830419882293,26.67234299964411,-0.46620016209180903,-0.5199803882553522,0.053780226163543166,47.04331372818287,44.547376593033974,30.80426979122495,29.3875,27.97073020877505,-0.2977482362890767,交叉混雜,33.0
8201,2026-08-26,11.90999984741211,11.839999961853028,11.792500019073486,12.551666641235352,16232.6,65.57930835210813,62.32063234011173,-0.11056887615757383,-0.16277495383520163,0.052206077677627805,53.54346198165879,48.439005987065705,12.142349354288804,11.792500019073486,11.442650683858169,0.9115929555472931,交叉混雜,29.0
8210,2026-08-26,963.0,982.5,1034.05,1184.2,1005149.0,21.88240296863294,15.637768364692063,-49.947466126899485,-48.870283433293004,-1.0771826936064812,41.695898707793596,40.76415227520242,1195.8874428083338,1034.05,872.2125571916661,-5.710555582418641,空排,59.0
8213,2026-08-26,32.76000061035156,32.95500030517578,31.737500190734863,33.76500005722046,226379.6,37.78542308211935,50.707890613237154,0.09780314157759307,-0.11785247267643761,0.21565561425403068,56.1803126693478,53.9161056910733,34.95224813226182,31.737500190734863,28.522752249207905,3.3477716894535354,交叉混雜,27.0
8215,2026-08-26,24.13000068664551,24.34500045776367,24.112500286102296,26.79083325068156,274241.8,36.49522246593865,33.87078315053851,-0.3969577285229775,-0.5277533292124295,0.13079560068945195,55.02795690834348,48.829353489164745,25.9866664380865,24.112500286102296,22.238334134118094,1.399690918953277,交叉混雜,57.0
8222,2026-08-26,39.12999954223633,39.70499954223633,38.35249977111816,38.11166655222575,539984.8,27.462435588967015,39.36755481743151,0.3184151119410643,0.3099344871687715,0.008480624772292833,53.3973525528238,52.977082430076194,42.0052526856381,38.35249977111816,34.699746856598225,2.6008701100471985,交叉混雜,45.0
8227,2026-08-26,157.7,154.95,150.525,169.825,884427.8,71.55382010816854,60.07746012110951,-0.3286539924324927,-3.469999609297542,3.141345616865049,72.96781548457302,61.81877323362151,168.73279185432705,150.525,132.31720814567296,13.270220893539275,交叉混雜,47.0
8234,2026-08-26,66.91999969482421,68.06999969482422,67.15999984741211,66.69999993642172,735343.8,25.35133569710817,26.602218969132025,0.4545282109025379,0.6011063032540489,-0.14657809235151098,53.18518837207513,52.35678441888775,75.20916535081754,67.15999984741211,59.110834344006676,1.3996406028062336,交叉混雜,27.0
8240,2026-08-26,42.75,42.59500007629394,41.825,47.86166661580403,199992.2,56.38830836832023,47.59990040591953,-0.5677142352580447,-1.1870391931961908,0.6193249579381461,79.69608159058059,63.749711162540606,45.71946362054056,41.825,37.93053637945945,9.742980336829415,交叉混雜,56.0
8249,2026-08-26,40.35,40.84500007629394,41.32249984741211,45.925,149066.8,26.620326204552626,24.449786167467863,-1.1832406700639027,-1.298023142885429,0.11478247282152632,52.59887711737293,44.20413787856034,43.572288978556,41.32249984741211,39.07271071626822,-0.7804461216116572,空排,5.0
8255,2026-08-26,146.2,147.35,143.975,162.86666666666667,239497.0,43.92833490463451,39.9841247940179,-2.250341688328689,-3.7322602062755084,1.4819185179468195,68.14762893790171,54.38486655679791,155.346594342689,143.975,132.603405657311,4.8793193262719265,交叉混雜,58.0
8261,2026-08-26,179.5,185.0,180.375,221.71666666666667,3962552.6,26.269303993199912,29.26491656603615,-11.382840461560107,-13.560039534945576,2.1771990733854683,53.81697387499157,45.69363938809501,199.98669092792807,180.375,160.76330907207193,2.8413028413028414,交叉混雜,91.0
8271,2026-08-26,232.3,229.45,228.825,210.275,5185495.6,52.45904174672918,51.66013791282384,5.8982770694541955,6.799982864088624,-0.9017057946344282,51.940384285152916,54.878576967735555,246.26444410026474,228.825,211.38555589973524,0.7320004370151914,多排,94.0
8272,2026-08-26,62.28000030517578,62.970000457763675,63.875000381469725,67.3433339436849,11456.0,29.689778429424557,25.015912286670726,-1.2461729909454675,-1.1755637356790145,-0.07060925526645301,29.200437938852204,32.49392754212873,66.38214792061555,63.875000381469725,61.3678528423239,-2.9354213233220845,空排,11.0
8277,2026-08-26,8.05600004196167,8.050999879837036,8.044499945640563,8.959666625658672,59290.8,68.6214666716257,56.135157233085195,-0.09565972301974845,-0.14048188458284877,0.044822161563100316,61.90206264791984,51.008387697379185,8.296103164179875,8.044499945640563,7.792896727101251,1.3114509739897762,交叉混雜,20.0
8279,2026-08-26,83.44000091552735,85.05999984741212,86.93500022888183,90.15333340962728,98910.4,11.35972265860423,17.31764492238603,-1.813586262460035,-1.1926337497908146,-0.6209525126692204,8.628826350242662,19.99593370354245,92.38110950281518,86.93500022888183,81.48889095494849,-7.97722460530674,空排,5.0
8284,2026-08-26,67.16000061035156,66.61999969482422,64.49499969482422,63.87999992370605,93736.4,56.70720603203002,60.077460091939216,1.220610912858703,0.8570605175354906,0.3635503953232124,68.36450698276047,65.94909796240465,69.17304477072597,64.49499969482422,59.81695461892247,4.504227994108851,多排,63.0
8289,2026-08-26,46.33000030517578,46.8,44.58250007629395,53.92749970753987,383271.0,45.6570789769422,48.02896405565352,-0.6396732322240766,-1.3549146476213378,0.7152414153972613,57.829693174022715,51.93685809037078,50.81866568495974,44.58250007629395,38.346334467628154,5.422531081857209,交叉混雜,88.0
8291,2026-08-26,33.630000305175784,34.29000015258789,36.81000022888183,41.18166681925456,16669.2,36.86041485618304,27.680522160142196,-1.6699435177916797,-1.4790827445371346,-0.1908607732545451,49.97197851973528,46.423305510710136,43.299230376607966,36.81000022888183,30.3207700811557,-5.052973252858033,空排,77.0
8299,2026-08-26,2079.0,2080.5,1987.5,2124.3333333333335,3729215.8,44.83917792676383,45.70460867694831,26.853675391175102,8.986576957204885,17.867098433970217,57.91191753532296,55.20973213826035,2367.45152045324,1987.5,1607.54847954676,5.911949685534592,交叉混雜,92.0
8341,2026-08-26,76.63999938964844,76.28000030517578,76.16000061035156,77.18333333333334,122972.8,51.681396180185374,48.02845821673148,0.012051787008928727,-0.09646169987972628,0.108513486888655,61.047071495598544,54.17753508085967,77.33231038716104,76.16000061035156,74.98769083354208,0.7090287993212441,交叉混雜,51.0
8342,2026-08-26,86.77999877929688,87.28999938964844,87.72499961853028,89.22666664123535,1603.2,15.959363810053308,30.111184594608407,-0.8216601564376731,-0.6732347972782741,-0.14842535915939903,29.230781264914313,34.38835119112569,89.42190209211769,87.72499961853028,86.02809714494286,-1.9663717595114154,空排,50.0
8349,2026-08-26,39.27000122070312,39.275000762939456,39.492500686645506,40.144167009989424,59510.2,49.81360791052973,48.38148879125358,-0.1958340987317726,-0.19188656970238277,-0.003947529029389829,36.65121082777171,40.950655470390736,40.01893365530294,39.492500686645506,38.966067717988075,-0.7406467522198787,空排,33.0
8354,2026-08-26,17.50999984741211,17.50999984741211,16.799999952316284,16.536666695276896,66236.2,45.054454262203194,51.847427589170266,0.3885933382813995,0.3234074829161435,0.065185855365256,57.6570331716793,59.03718723867752,18.96357421990112,16.799999952316284,14.63642568473145,4.166666962324628,交叉混雜,68.0
8358,2026-08-26,429.3,424.2,385.5,481.94166666666666,19370160.2,65.3799164293939,62.9289455281408,2.512261243035141,-9.090147113785369,11.60240835682051,71.08079068896905,60.08194419237913,485.5368353210602,385.5,285.4631646789398,16.990920881971466,交叉混雜,92.0
8367,2026-08-26,40.78000030517578,40.55000038146973,40.45500030517578,40.434166717529294,18847.8,75.84971540822418,67.2896614020754,0.08088337388252853,0.010785830855989909,0.07009754302653862,64.30356997763275,58.90393861533798,40.99097019543989,40.45500030517578,39.91903041491167,1.2235828798160788,多排,40.0
8374,2026-08-26,81.72000122070312,83.33000030517579,80.97500038146973,84.65500005086263,389652.2,22.874988373634167,27.64324264191348,0.1803385439351075,0.1004493749813902,0.07988916895371731,51.08708233953312,51.06960791538825,91.79230969849041,80.97500038146973,70.15769106444904,1.759803813147343,交叉混雜,21.0
8383,2026-08-26,65.57999877929687,68.11999893188477,68.55499935150146,68.67499955495198,1673769.4,20.00193961861944,22.13027288225556,-1.811415153633277,-1.195784424159791,-0.615630729473486,50.38146786095792,46.60378891210329,74.57688055167014,68.55499935150146,62.533118151332786,-1.2471773194474567,空排,87.0
8390,2026-08-26,99.6,98.88000030517578,97.31499977111817,103.5849998474121,522840.6,57.26933808161296,48.69827986350367,0.20513514921300668,-0.5003162024335301,0.7054513516465368,69.21071640452047,58.53664617726914,104.81946320897681,97.31499977111817,89.81053633325952,4.3004677991315035,交叉混雜,72.0
8401,2026-08-26,23.120000076293945,23.064999961853026,22.93499994277954,22.920000076293945,11052.0,70.74955691039067,70.22371208592594,0.06035885289776388,0.03755801801232376,0.022800834885440123,55.768661027741835,55.11721658447164,23.345519639012554,22.93499994277954,22.524480246546528,0.7194263749807919,多排,26.0
8403,2026-08-26,19.440000152587892,19.350000381469727,19.182500267028807,19.301666704813638,139101.0,46.56733890881767,64.26776547957842,0.03524982394689502,0.018105044565198673,0.017144779381696347,34.82627482406242,43.58649469118202,19.68645797378865,19.182500267028807,18.678542560268966,-0.43007889696674606,交叉混雜,20.0
8404,2026-08-26,16.309999847412108,16.210000038146973,16.250000095367433,16.66166664759318,202799.6,53.184649588886735,40.660813764990785,-0.09127328336229468,-0.13335125286580432,0.042077969503509643,59.56071573735303,52.16624173484408,16.57444275197771,16.250000095367433,15.925557438757156,0.9230739832770979,交叉混雜,16.0
8409,2026-08-26,18.089999771118165,18.23499984741211,18.23500003814697,18.780833435058593,8601.6,24.25409633284756,25.25790759669843,-0.16344131989497157,-0.18114137983659653,0.017700059941624963,54.55334050781727,50.10686678462004,18.774102700112905,18.23500003814697,17.695897376181037,0.6306572145992799,空排,25.0
8410,2026-08-26,32.06000022888183,31.86500015258789,31.455000114440917,32.44083350499471,52418.8,46.20102779001838,64.19720302222557,-0.06515551474986125,-0.08333658347488221,0.018181068725020955,23.80251892986182,34.09774155033189,33.08591895544134,31.455000114440917,29.824081273440495,-4.148785538587619,交叉混雜,14.0
8411,2026-08-26,12.829999923706055,12.864999961853027,12.935000038146972,12.569166612625121,45224.6,37.64748452577693,39.9720912599046,0.022821067344468204,0.06753240466500054,-0.04471133732053234,45.22030370738006,48.03904594361604,13.212393998750207,12.935000038146972,12.657606077543738,-1.0436787554230937,交叉混雜,59.0
8415,2026-08-26,38.16000061035156,38.045000076293945,37.9125,36.378333282470706,443178.2,40.00518921307058,45.42464006885949,0.37317938805640694,0.4777724650427113,-0.10459307698630438,38.52835183792656,48.928777404388335,38.958734952615515,37.9125,36.86626504738449,-0.6923797536988993,多排,67.0
8416,2026-08-26,168.3,168.65,168.675,171.70833333333334,7469.8,47.87862137555945,48.369579936675024,-0.44797531664693224,-0.4946597675650712,0.04668445091813894,40.054707583298686,44.03612780272939,170.20625335660253,168.675,167.1437466433975,-0.4001778568252624,空排,38.0
8421,2026-08-26,13.669999885559083,13.489999866485595,14.064999914169311,13.959166622161865,89019.0,53.94546741277118,41.34705105235781,-0.2533124451092412,-0.23321039140235936,-0.020102053706881867,47.69674851794946,46.00255897818457,15.666676723186761,14.064999914169311,12.463323105151861,-2.9505886823430383,交叉混雜,57.0
8422,2026-08-26,27.13000030517578,26.875000381469725,26.48500003814697,27.147500006357827,4560211.2,79.35565209880853,74.71552761298898,0.1814868333327908,0.04723915044264474,0.13424768289014608,65.52247560421152,58.298646883211475,28.009225463289923,26.48500003814697,24.96077461300402,3.077210487973242,交叉混雜,62.0
8423,2026-08-26,17.84000015258789,17.81999988555908,17.83249988555908,17.76416654586792,15921.0,58.03888208081405,50.50288218318235,0.025316544318165768,0.03030401500627651,-0.004987470688110743,51.99470929899223,51.75062540608975,18.110225798190974,17.83249988555908,17.554773972927187,0.09813820845622442,交叉混雜,52.0
8426,2026-08-26,20.950000381469728,21.1350004196167,21.172500228881837,20.769166819254558,28833.2,32.0824029261426,34.454282505941435,0.062225491195384564,0.13163851058746173,-0.06941301939207717,55.73581984533792,54.30488153653456,21.772916500844687,21.172500228881837,20.572083956918988,0.12988798564329088,交叉混雜,15.0
8429,2026-08-26,6.044000148773193,6.029000091552734,6.033000063896179,6.243833367029826,66229.6,53.112678321845,42.05596572585699,-0.03253004506514934,-0.046567611456742763,0.014037566391593426,61.41208328432733,51.16496433530732,6.104111512208534,6.033000063896179,5.961888615583825,0.6132953318966566,交叉混雜,20.0
8431,2026-08-26,45.75999908447265,46.39999923706055,47.43499965667725,49.83999964396159,113019.4,25.431413263931034,23.277016666088343,-1.0083586509600977,-0.8900915299168292,-0.11826712104326853,46.15555268823166,44.83436492558631,51.64377502355688,47.43499965667725,43.22622428979762,-2.8143800826785337,空排,24.0
8432,2026-08-26,50.41999969482422,50.37999992370605,50.34250011444092,50.73083324432373,18802.0,64.24190837260883,55.73912761112763,-0.004816486192055436,-0.03411819191824879,0.029301705726193353,58.21948357851987,53.15908379882516,51.390442727297724,50.34250011444092,49.29455750158411,0.5114929911999204,交叉混雜,49.0
8433,2026-08-26,55.84000015258789,55.179999923706056,54.614999771118164,53.71999982198079,18001.6,81.9827807038695,70.39760786927106,0.5916649477280913,0.430606236970651,0.16105871075744033,68.45333161279052,64.09981266871574,56.812870283249715,54.614999771118164,52.41712925898661,2.535933781353342,多排,61.0
8436,2026-08-26,125.2,124.0,120.925,117.875,749898.4,74.93416381388761,71.06343051789766,2.5475558021965696,2.1787481336715953,0.3688076685249744,69.9518846312132,65.04505492753111,131.23735845198112,120.925,110.61264154801886,5.02377506719041,多排,55.0
8437,2026-08-26,9.118000030517578,9.100000095367431,9.047500038146973,9.8028333346049,13009.2,46.47103974126567,40.32760385436576,-0.15701331042464162,-0.2133715077970686,0.05635819737242698,66.0319107669367,47.171313134891186,9.28297289687948,9.047500038146973,8.812027179414466,1.6855459571724671,交叉混雜,2.0
8438,2026-08-26,67.18000030517578,67.21999969482422,65.17999992370605,78.73499972025553,151119.8,54.7392083765401,49.62414553694091,-1.8754869244615548,-3.062761533941579,1.1872746094800242,71.63178231556356,52.02418543442651,72.84745574624783,65.17999992370605,57.51254410116426,5.707274634131885,交叉混雜,88.0
8440,2026-08-26,20.529999923706054,20.330000114440917,19.832500076293947,20.904166634877523,66593.2,72.590294317323,72.44864971817427,0.077519481080774,-0.09027011657995739,0.16778959766073137,72.62158039673336,61.46654526038298,21.138065064706065,19.832500076293947,18.526935087881828,4.122019609688517,交叉混雜,13.0
8442,2026-08-26,47.40999984741211,45.72000007629394,44.9,43.41833324432373,194741.2,63.680525261820804,68.7059438773795,0.8311733787235411,0.49817730371609875,0.3329960750074424,43.68973156794917,49.72070846842081,48.448461107702244,44.9,41.351538892297754,0.7795100222717181,多排,17.0
8443,2026-08-26,11.389999961853027,11.424999904632568,11.439999866485596,11.423333199818929,14418.8,64.21117441943952,67.19672747835993,-0.013083601306332682,-0.003037894223340453,-0.010045707082992229,47.00028560710769,47.17307813522027,11.540524828443735,11.439999866485596,11.339474904527458,-0.3496525211727225,交叉混雜,48.0
8444,2026-08-26,5.114000129699707,5.044000101089478,5.139000034332275,5.268166661262512,6130.6,53.06403871785045,54.591476633539855,-0.09352343071107772,-0.09847745240476796,0.004954021693690247,42.10791061327219,44.97650771718134,5.607003627963496,5.139000034332275,4.670996440701054,-2.7048070325676834,交叉混雜,2.0
8446,2026-08-26,85.01999969482422,85.25999908447265,85.23499870300293,86.5633326212565,41950.6,24.29371435355185,25.83548553899432,-0.30732593356847815,-0.32438359252479054,0.017057658956312394,45.64225932281987,44.859549337729206,86.05134320810694,85.23499870300293,84.41865419789892,-0.15838591064245505,交叉混雜,32.0
8450,2026-08-26,14.610000038146973,14.754999923706055,14.809999942779541,15.209166622161865,13560.0,16.00305890548627,25.977789109609734,-0.1435474124135876,-0.11465262581596453,-0.028894786597623068,38.991184774471165,40.22132282752937,15.294061668323128,14.809999942779541,14.325938217235954,-1.7555688929724664,空排,21.0
8454,2026-08-26,252.5,256.95,258.925,287.1166666666667,321584.4,23.933532953299455,20.568723460422973,-3.2186493456359244,-2.8757624460391216,-0.34288689959680285,47.29057053093459,46.23063899922949,278.74597506762893,258.925,239.10402493237106,-1.3227768658878096,空排,73.0
8455,2026-08-26,23.95,24.13499984741211,24.210000038146973,27.054166666666667,5232.2,26.478422270053485,31.918923558167755,-0.6581661140368347,-0.7286437418619787,0.070477627825144,36.82061225284629,40.986078609121215,25.68883351674334,24.210000038146973,22.731166559550605,-3.758780667709891,空排,11.0
8462,2026-08-26,175.3,175.75,172.325,156.675,47825.4,45.29815922812707,54.919876820593885,4.521060001112488,5.125449226866191,-0.6043892257537031,55.309269266986526,60.13316867513031,181.98923139318688,172.325,162.6607686068131,1.552299434208624,交叉混雜,77.0
8463,2026-08-26,21.370000076293945,21.295000076293945,21.102499866485594,21.43833325703939,26600.2,60.002975164182224,58.36953909597939,0.02058930340070475,-0.03807195263438822,0.05866125603509297,56.761179857071106,53.818969739968665,21.66302172280612,21.102499866485594,20.541978010165067,1.172849266911764,交叉混雜,27.0
8464,2026-08-26,368.6,369.95,376.05,361.81666666666666,302121.8,32.796113636755955,30.057472590651447,0.09988529197596563,2.334072420619806,-2.2341871286438404,46.26066678322239,47.79493122850095,393.1561700164521,376.05,358.9438299835479,-1.8747506980454756,交叉混雜,55.0
8466,2026-08-26,15.680000114440919,15.825000095367432,16.24500012397766,16.523333422342937,12200.0,11.48230769882366,14.477047346214212,-0.33917103762598266,-0.25202952206232365,-0.08714151556365901,27.700628325427388,33.010092552098456,17.23595929037428,16.24500012397766,15.254040957581042,-4.5860271978578755,空排,8.0
8467,2026-08-26,95.2,97.71999969482422,99.10999984741211,110.51999994913737,8420.4,20.48317121000452,16.440980454048713,-3.315411469643891,-3.157523594918804,-0.15788787472508714,41.916487415774654,39.28841106708947,106.19412586800644,99.10999984741211,92.02587382681779,-3.6424173675411162,空排,3.0
8472,2026-08-26,67.54000091552734,68.59000015258789,68.90999984741211,77.35666669209799,4428.6,14.442394717001596,26.108957648408236,-1.7830716254590868,-1.92651565045708,0.14344402499799314,30.49070307786893,36.45248582086378,71.64834339140937,68.90999984741211,66.17165630341485,-2.6266164233041853,空排,36.0
8473,2026-08-26,45.26999969482422,45.30999984741211,43.33249988555908,46.488333257039386,483247.6,52.66551158083172,65.56040443478852,0.3307946004421467,-0.00688296065059768,0.3376775610927444,56.56911967923477,55.18532590245421,47.625367008158655,43.33249988555908,39.039632762959506,4.309700299572914,交叉混雜,71.0
8476,2026-08-26,19.979999542236328,20.009999656677245,20.029999923706054,21.275000015894573,175446.8,24.47864547804703,28.02785792359351,-0.42910601164082607,-0.47058600850199667,0.0414799968611706,38.544151340869846,41.17010932996163,20.794611713204027,20.029999923706054,19.26538813420808,-0.6490279863751852,空排,70.0
8477,2026-08-26,15.610000038146973,15.734999942779542,15.732499837875366,16.35749986966451,16200.4,29.930897462187055,39.486331957208336,-0.08907728163442385,-0.08949227647285792,0.00041499483843406015,37.02652281521692,44.13248076264194,16.099958852275016,15.732499837875366,15.365040823475717,-1.1600168378908373,交叉混雜,59.0
8478,2026-08-26,142.2,141.95,145.775,151.35833333333332,100827.4,48.58689161074213,36.964000797524044,-2.843890028995105,-2.742432065637714,-0.1014579633573911,45.91400532392936,40.633145242687796,154.69850532967598,145.775,136.85149467032403,-2.246612930886644,交叉混雜,16.0
8481,2026-08-26,40.95,40.83499984741211,40.54750003814697,41.23500003814697,9635.0,62.11783459548401,60.07326881327518,-0.013254491928272216,-0.10832142656092762,0.0950669346326554,56.65084646900441,52.85603518515607,41.461988301511866,40.54750003814697,39.63301177478208,0.992664712778372,交叉混雜,45.0
8482,2026-08-26,48.75999984741211,48.575,49.257499885559085,48.924166679382324,11818.0,53.33404595766479,47.04240280888581,-0.12300447410280668,-0.0835096115798084,-0.03949486252299829,52.17035220473226,50.34492265159464,51.810367501374806,49.257499885559085,46.704632269743364,-0.5227627998930913,交叉混雜,43.0
8487,2026-08-26,71.16000061035156,71.45,72.55499992370605,76.15333353678385,10626.8,31.535308221080854,26.018969767106405,-1.1605303650222396,-1.1988788307578173,0.03834846573557771,49.71538622061907,38.419861559903126,75.53597380708302,72.55499992370605,69.57402604032907,-1.1784204760015506,空排,54.0
8488,2026-08-26,9.908000183105468,9.917000007629394,9.99049997329712,10.096833340326945,88600.0,17.08164274156287,17.157603828912045,-0.06414575341743678,-0.05318365901042983,-0.010962094407006948,43.60628437079971,44.44681959636964,10.20953845755295,9.99049997329712,9.771461489041288,-1.1060493383869496,空排,43.0
8489,2026-08-26,22.879999923706055,22.810000038146974,22.722499942779542,22.56333335240682,26504.4,54.128981427587135,53.859602215404,0.05833011803645505,0.05408878826560444,0.004241329770850608,48.27730180171934,50.871408085490124,23.41416104837238,22.722499942779542,22.030838837186703,0.34106852008434546,多排,7.0
8499,2026-08-26,265.5,265.85,258.275,279.81666666666666,8174.8,45.6214251154083,49.95108427881243,-1.2673133732126303,-3.3322963366952645,2.064982963482634,60.17743134702976,52.849473588335975,282.7945410792487,258.275,233.75545892075127,3.7653663730519886,交叉混雜,40.0
8905,2026-08-26,34.8,34.715000534057616,33.93000059127807,31.17083355585734,3487.0,74.06434573261774,72.31818506192427,1.0261226399549912,1.1010408466860997,-0.0749182067311085,56.7761214919583,62.92689166711373,37.339646678236704,33.93000059127807,30.52035450431944,2.269378597828004,多排,67.0
8906,2026-08-26,27.910000228881835,27.814999961853026,27.347500038146972,27.3908332824707,19000.0,75.19688188717558,65.41341423576503,0.2940881808082594,0.19508886859844293,0.09899931220981645,63.54168348368302,58.6459537655118,29.46372198964426,27.347500038146972,25.231278086649684,3.30011869675156,交叉混雜,48.0
8908,2026-08-26,39.939999389648435,39.89500007629395,39.87250022888183,40.36916675567627,13907.2,59.71047608417357,66.89467155092724,0.010736295550223929,-0.021440395567846555,0.032176691118070484,44.03074185876481,48.26887713284994,40.16714570214564,39.87250022888183,39.57785475561803,-0.18183206823024803,交叉混雜,41.0
8916,2026-08-26,40.55999984741211,40.475,41.59249992370606,42.92916666666667,54851.2,71.25143518086082,49.36787310907572,-0.6738419366395263,-0.6574990054508187,-0.016342931188707555,50.04117232382669,40.45056808090926,44.24843160300721,41.59249992370606,38.9365682444049,-1.7851811046389345,交叉混雜,22.0
8917,2026-08-26,53.12000045776367,53.11000022888184,52.775000190734865,52.711666870117185,7020.4,67.90047744251059,68.6534742577255,0.13515080397855428,0.08147497816638327,0.05367582581217101,52.686364572205534,52.44004353918105,54.022945539644475,52.775000190734865,51.527054841825255,0.8053066237206782,多排,37.0
8921,2026-08-26,17.18000030517578,17.325000190734862,17.320000076293944,17.730000050862632,2207.0,29.85739232295647,42.96774190744581,-0.1297675496402242,-0.12238009699161582,-0.007387452648608364,37.68660512234294,40.68856342591406,17.76057366797967,17.320000076293944,16.879426484608217,-1.8475754900944323,交叉混雜,38.0
8923,2026-08-26,18.570000076293944,18.660000228881835,18.760000133514403,19.13249988555908,1400.0,35.776031550753515,32.30336853725603,-0.14962215560646897,-0.14300764529310353,-0.006614510313365435,54.3513648086962,48.930361670485645,19.17498238146495,18.760000133514403,18.345017885563855,-0.05330561536904158,空排,36.0
8924,2026-08-26,50.5,50.76999969482422,51.65999965667724,55.12333335876465,37393.6,7.954577777938454,10.764834598567976,-1.4010075198359573,-1.4617464564169793,0.06073893658102203,17.86225040325766,23.70121158184233,54.067356343455174,51.65999965667724,49.25264296989931,-2.632598584310891,空排,9.0
8926,2026-08-26,56.87999954223633,56.529999542236325,58.294999504089354,67.64999987284342,1731610.6,57.49790178372969,48.53728161735544,-2.479604351036919,-2.838195389394574,0.3585910383576554,43.80988921804974,38.12163669759,63.74466382264409,58.294999504089354,52.845335185534616,-2.564542893467104,交叉混雜,67.0
8927,2026-08-26,20.200000381469728,20.02000026702881,20.05000009536743,20.512500063578287,107435.4,71.27031466852138,61.058840133263054,-0.07007848824345331,-0.12677238640576638,0.05669389816231307,55.3359221113368,50.87008561306734,21.006968658706466,20.05000009536743,19.093031532028395,0.7481330017882678,交叉混雜,22.0
8928,2026-08-26,23.84000015258789,23.630000114440918,23.20250015258789,22.362500127156576,42118.6,80.94065011934123,66.14877524783175,0.40056925180027747,0.29145484409096417,0.1091144077093133,79.69354368490542,70.91412444594627,24.68697243450462,23.20250015258789,21.71802787067116,6.454048488324385,多排,60.0
8929,2026-08-26,13.25,13.269999885559082,13.264999914169312,13.834166606267294,8744.8,37.744220629935256,26.071861220908367,-0.13671737647926285,-0.16833103223987464,0.031613655760611786,53.17059772881373,45.56264151910218,13.482884477660724,13.264999914169312,13.0471153506779,0.263854329378206,交叉混雜,21.0
8930,2026-08-26,29.799999618530272,29.65999984741211,30.039999961853027,29.433333301544188,25600.0,76.00918538528668,53.605575373068,-0.09702567759273961,-0.06488372751328061,-0.032141950079459,60.156462482470744,50.92654067585558,31.14672599826006,30.039999961853027,28.933273925445995,-0.13315566545879562,交叉混雜,51.0
8931,2026-08-26,40.89000015258789,40.77999992370606,40.82500019073486,41.81083329518636,9435.8,73.05879394201465,65.89472170487551,-0.24243247757365793,-0.32557844620570137,0.08314596863204343,58.43047021930734,47.211480641877536,41.35663223548321,40.82500019073486,40.29336814598651,0.30618633587406535,交叉混雜,26.0
8932,2026-08-26,110.3,109.25,103.65499992370606,106.9199998219808,4066696.4,68.6689684452271,66.98823811968535,1.4487967722765944,0.1875023900433242,1.2612943822332703,71.35017415256618,62.0856016781112,119.10835678194383,103.65499992370606,88.20164306546829,11.90970053097325,交叉混雜,79.0
8933,2026-08-26,4.50600004196167,4.513000011444092,4.461499977111816,4.548333342870077,52086.2,34.38602604485952,40.61484069396874,-0.0018731090903383318,-0.00889623242216515,0.007023123331826819,47.0535381790978,48.93098102112884,4.702574258832657,4.461499977111816,4.220425695390976,0.4146596897137324,交叉混雜,10.0
8935,2026-08-26,18.010000228881836,17.91500015258789,17.697500038146973,20.095000076293946,115933.6,71.24940219624308,66.8802137003731,-0.35759848666234717,-0.5325538856728103,0.1749553990104631,50.529623222035546,46.296122940893014,18.475131833889368,17.697500038146973,16.91986824240458,1.4267592837870562,交叉混雜,23.0
8936,2026-08-26,51.13999938964844,50.85999946594238,51.364999771118164,54.61833324432373,673078.8,57.81888657681243,45.80918725411212,-0.6788749694059106,-0.8178066662256975,0.1389316968197869,47.79251533781247,43.66546475867473,52.90092094392346,51.364999771118164,49.82907859831287,-0.5159180340268918,交叉混雜,39.0
8937,2026-08-26,26.639999771118163,25.38499984741211,24.57999982833862,25.59916655222575,175189.8,81.60443002514432,73.45832308911632,0.4305650972874808,-0.09852667429394515,0.529091771581426,78.03591844145626,68.81930406698311,27.39207906860944,24.57999982833862,21.767920588067803,13.91375181263595,交叉混雜,15.0
8938,2026-08-26,52.18000030517578,52.35,52.91999988555908,53.81666653951009,100628.6,31.868611213371807,32.112927956810665,-0.6696384813970226,-0.6036928596292856,-0.065945621767737,27.08970254934316,32.55812069447883,54.4848769405125,52.91999988555908,51.35512283060566,-1.7384729545514053,空排,22.0
8940,2026-08-26,15.380000114440918,15.369999980926513,15.380000066757201,16.080833403269448,31100.6,34.33056766432842,32.58842761250998,-0.16887943536443828,-0.21302981009269267,0.04415037472825439,47.279708179974506,44.00871933325959,15.685045221536356,15.380000066757201,15.074954911978047,-0.19505647046333313,交叉混雜,13.0
8941,2026-08-26,44.53000030517578,44.470000457763675,43.96000022888184,43.485833231608076,6384.4,62.34435762769284,71.38298759355635,0.309512123720431,0.2766544469713027,0.03285767674912832,43.80282209109546,52.116397505586676,45.172479195250276,43.96000022888184,42.7475212625134,0.43221404915333944,多排,45.0
8942,2026-08-26,42.57000045776367,42.37000007629395,40.142499923706055,40.21749979654948,258704.0,78.63994681202637,75.8696603057449,1.0444573151292005,0.6750049220327918,0.36945239309640865,80.19152380298601,72.45313563502499,45.136947079139446,40.142499923706055,35.14805276827266,8.239399253956682,交叉混雜,66.0
8996,2026-08-26,1156.0,1187.0,1099.9,1198.95,2993969.8,43.97447117760849,45.237527209680415,18.334663441636394,5.4939146352524535,12.84074880638394,58.506700907837306,55.37974311596565,1360.1564726936697,1099.9,839.6435273063305,8.646240567324293,交叉混雜,93.0
9103,2026-08-26,5.168000030517578,5.16899995803833,5.175999975204467,5.284833327929179,720316.2,38.835148911808105,43.56530247341347,-0.0187629700250751,-0.012212068936186187,-0.0065509010888889115,43.42103069720706,46.405340354966704,5.3204263531867095,5.175999975204467,5.031573597222225,-0.6955198781168774,空排,54.0
9105,2026-08-26,8.37400016784668,8.44700002670288,8.297500061988831,8.953000044822693,12151123.0,22.111851524795227,31.7323160310468,-0.02860366432493322,-0.05394910905983225,0.025345444734899032,49.6487048699424,49.35864256646055,8.818020930176043,8.297500061988831,7.776979193801619,0.9942760088670878,交叉混雜,77.0
9110,2026-08-26,3.047999954223633,3.0579999446868897,3.128499984741211,3.2576666712760924,6000.0,48.559654858201476,59.08842417668301,-0.047552079259431945,-0.03274695262646282,-0.014805126632969123,17.91334784256027,30.399744964705093,3.3643657055495715,3.128499984741211,2.8926342639328504,-7.943099616823199,空排,28.0
9136,2026-08-26,11.169999885559083,11.454999923706055,11.357499980926514,13.125000047683717,527183.0,38.72080866349664,47.51448089786386,-0.25244782353641604,-0.28498039024593635,0.032532566709520316,41.4803314045296,42.13178406405564,11.99018445484615,11.357499980926514,10.724815507006879,-1.8269897666274377,交叉混雜,84.0
9802,2026-08-26,72.18000030517578,71.69000015258788,71.56500053405762,74.13500010172525,331143.2,67.54121879876247,51.416579559275064,-0.2979399955040236,-0.5873958242265294,0.28945582872250575,63.88497109564661,54.02389347714721,74.3652070920157,71.56500053405762,68.76479397609954,1.8654383872825728,交叉混雜,12.0
9902,2026-08-26,13.810000038146972,13.8,13.74249997138977,13.766666618982951,83652.4,42.33926354882328,45.480036664998806,0.020347225807919145,0.011999777443199992,0.008347448364719153,50.75621226829463,51.23066004196965,14.033189019469015,13.74249997138977,13.451810923310527,0.41841163881972676,交叉混雜,27.0
9904,2026-08-26,25.089999771118165,24.85999984741211,24.38999996185303,24.92416664759318,12793487.2,76.65080486191154,74.21742726203155,0.17941848614740152,0.03799759798287031,0.14142088816453122,71.07925070663525,62.89824611080048,25.553750412619685,24.38999996185303,23.226249511086372,3.5260354222716153,交叉混雜,30.0
9905,2026-08-26,21.479999923706053,21.439999961853026,21.2125,20.970833333333335,104632.6,67.59140509827346,71.04025694695214,0.1723418719027734,0.15951995063362467,0.012821921269148717,61.34341648729863,61.631365933728105,21.940781890463462,21.2125,20.484218109536535,1.3553329404832124,多排,60.0
9906,2026-08-26,39.36000061035156,39.38499984741211,39.517499923706055,41.05749988555908,39566.0,49.082134709886276,38.59789481781941,-0.24460328242705742,-0.2740707955864108,0.029467513159353365,59.561829147540195,52.0262206584454,41.05313720012239,39.517499923706055,37.98186264728972,1.0944539509543887,空排,38.0
9907,2026-08-26,15.29000015258789,15.105000209808349,14.96500015258789,15.430000034968058,1332434.8,86.51741485932602,81.70120024626118,0.01703545549437102,-0.06734009095187565,0.08437554644624667,69.62688843453797,58.859388589490024,15.519503358599351,14.96500015258789,14.41049694657643,2.2385568642245635,交叉混雜,24.0
9908,2026-08-26,29.10999984741211,29.06999988555908,29.08749990463257,29.37749980290731,106808.4,41.88204406055624,45.79996952703817,-0.07171609670908907,-0.08831049190577822,0.01659439519668915,46.229000143770044,45.26421679086849,29.279100062985396,29.08749990463257,28.895899746279742,-0.1289236534421087,交叉混雜,46.0
9910,2026-08-26,69.96000061035156,69.72000122070312,69.48500061035156,71.74833386739095,1042281.4,35.89312529514528,43.386142387092384,0.003382568665685426,0.00899434052084388,-0.005611771855158454,32.35137906489307,41.69664835991466,71.9941634114014,69.48500061035156,66.97583780930172,-2.137152762909142,交叉混雜,7.0
9911,2026-08-26,83.07999877929687,82.55999908447265,82.32999954223632,83.11499989827475,146970.0,79.0132200069657,69.31296646168687,0.04400046992618911,-0.12406437178803298,0.1680648417142221,70.11121221520645,58.9848964940838,83.39246862436696,82.32999954223632,81.26753046010569,1.0567197993965074,交叉混雜,50.0
9912,2026-08-26,12.9,12.870000076293945,12.750000047683717,12.640000009536744,54914.6,80.39289000285062,76.83027949659204,0.07435430806104648,0.05438133833796791,0.01997296972307857,66.16047380502386,61.13346936892938,13.111284517842138,12.750000047683717,12.388715577525295,1.5686255751642448,多排,61.0
9914,2026-08-26,86.26000061035157,85.08000030517579,83.54000091552734,77.83500022888184,2930732.0,39.60512351221136,42.5415608035117,2.1496507515973065,2.3639420658417527,-0.21429131424444625,49.01645685893565,53.09976390856706,94.14097475914225,83.54000091552734,72.93902707191243,1.7476646737758057,多排,63.0
9917,2026-08-26,110.5,109.25,108.85,110.29166666666667,263723.6,87.17986635302762,77.47085053638483,0.3428117413006646,-0.03438111302475018,0.3771928543254148,71.37300174934843,62.95404585441742,111.44756971437563,108.85,106.25243028562436,1.9751952227836527,交叉混雜,52.0
9918,2026-08-26,43.00999984741211,42.785000228881835,42.7,43.2508331934611,5193.8,69.77855103003567,72.34797829812138,-0.07638401075050183,-0.1480040169309711,0.07162000618046926,54.67549309022179,51.58684891367603,43.25913432506312,42.7,42.14086567493688,0.7025761124121713,交叉混雜,56.0
9919,2026-08-26,13.920000076293945,13.885000133514405,13.88250002861023,13.955833292007446,134086.4,54.13952400230902,42.82220158089463,-0.01601198867333764,-0.02311773235462419,0.007105743681286549,60.16369116865662,53.643413449482956,14.123713963827083,13.88250002861023,13.641286093393376,0.8463891312632233,交叉混雜,26.0
9921,2026-08-26,105.1,103.03000030517578,97.92999992370605,84.49333279927572,3147220.8,56.68315983621551,58.3307221012833,5.511720363238936,5.675098735335624,-0.16337837209668749,54.5592880726871,60.015044810422324,116.55280485871913,97.92999992370605,79.30719498869297,5.6877362203955375,多排,80.0
9924,2026-08-26,38.67000045776367,38.48500022888184,38.55500030517578,39.82083358764648,162654.8,64.46233185883825,52.93209313712801,-0.28381016949730054,-0.3914907767018529,0.10768060720455236,55.717980879641594,47.3135446398439,39.074007148123236,38.55500030517578,38.035993462228326,0.37608729507442495,交叉混雜,13.0
9925,2026-08-26,39.980001068115236,40.01000061035156,40.10499992370605,40.54749997456869,754203.8,44.18043232800342,41.339568084809244,-0.17705862415232332,-0.18664421214252735,0.009585587990204036,48.2959689408322,45.07236927471404,40.47335238962042,40.10499992370605,39.73664745779168,-0.26181255181598406,空排,49.0
9926,2026-08-26,49.199999237060545,49.039999389648436,49.18749942779541,49.43666642506917,10476.2,68.28801129107332,51.841021259539474,-0.10614086798103273,-0.14309295450808668,0.03695208652705395,61.34028623850311,54.27829267742493,49.81818409214891,49.18749942779541,48.556814763441906,0.635325185951616,交叉混雜,51.0
9927,2026-08-26,69.28000183105469,69.19000091552735,69.1950008392334,69.21333389282226,42240.2,54.2035517015053,46.797408968479594,0.0023755040051014475,0.0030335336493520584,-0.0006580296442506108,56.244926825384596,52.42334786060078,70.01443615304632,69.1950008392334,68.37556552542048,0.2962651696786599,交叉混雜,39.0
9928,2026-08-26,18.25999984741211,18.410000038146972,18.275000190734865,18.280000019073487,56726.6,32.037059036565026,52.85556386174516,0.01041493871668564,0.04816165165791727,-0.03774671294123163,16.70019952679428,33.839654157757906,18.73782911664277,18.275000190734865,17.812171264826958,-2.051986693793364,交叉混雜,53.0
9929,2026-08-26,11.3,11.305000019073486,11.332499933242797,11.423333326975504,1510.0,64.20449682124158,57.533767495474194,-0.024309664747880433,-0.020337258878088467,-0.003972405869791966,49.07985182054091,49.01308391273056,11.683850570417034,11.332499933242797,10.98114929606856,-0.28678352260650797,空排,49.0
9930,2026-08-26,63.67999954223633,63.3,62.929999923706056,65.0666670481364,71986.2,72.15596569735551,77.47827243726043,-0.118969136663722,-0.34093361485514995,0.22196447819142795,55.631077292148326,52.315379936697305,64.13017495602838,62.929999923706056,61.72982489138372,0.9057684363340066,交叉混雜,30.0
9931,2026-08-26,34.01999969482422,33.920000076293945,33.84749984741211,34.08166662851969,11812.0,86.80571600186857,80.00368269656282,0.02966371701425885,-0.006039834007036338,0.03570355102129519,63.591509368126985,57.16372505292993,34.14745587211727,33.84749984741211,33.54754382270695,0.7459890031679541,交叉混雜,51.0
9933,2026-08-26,42.130000305175784,42.10000038146973,39.74500045776367,40.728333409627275,1406408.8,60.93029827671678,68.63937212574434,0.7958976756477085,0.5055116077845566,0.2903860678631519,62.67391213018652,60.8124755352184,45.315401464894464,39.74500045776367,34.17459945063288,6.302678357994602,交叉混雜,79.0
9934,2026-08-26,11.319999885559081,11.304999923706054,11.137499952316285,10.689166673024495,735450.6,40.57949748526803,41.5982028995756,0.18648147903714296,0.21319221663242305,-0.026710737595280087,51.86807832558787,54.550240191398224,12.016419727317547,11.137499952316285,10.258580177315022,1.4590369392978835,多排,72.0
9935,2026-08-26,20.219999694824217,20.384999656677245,20.13499984741211,19.470833269755044,267310.2,29.754780976163758,40.72300290869494,0.24973597193664432,0.3016145749442585,-0.051878603007614155,44.7798891244566,52.334817309610955,20.984209650231502,20.13499984741211,19.28579004459272,0.07449600810446748,交叉混雜,59.0
9937,2026-08-26,55.1,55.06999969482422,55.224999809265135,55.41333325703939,13954.2,61.340986448649105,51.037737710142174,-0.11621293427549517,-0.12161667942350937,0.0054037451480142,56.892532562619444,49.63379278620579,55.819271331063895,55.224999809265135,54.630728287466376,-0.04526762591584123,交叉混雜,41.0
9938,2026-08-26,42.48000030517578,42.23500061035156,42.785000228881835,44.6091667175293,649390.6,74.30340567397674,62.01463484861862,-0.7314106056679677,-0.8222878534308732,0.09087724776290551,49.63503153403211,42.49187742071711,45.30170195439068,42.785000228881835,40.26829850337299,-0.6661218355900494,交叉混雜,24.0
9939,2026-08-26,133.2,132.4,133.775,129.875,755296.6,49.690463378507545,41.59882024457764,0.8012432816922797,1.2452092336964515,-0.4439659520041719,49.54530626638889,51.246460166299016,143.50003551610203,133.775,124.04996448389798,-0.579330966174551,交叉混雜,60.0
9940,2026-08-26,20.739999771118164,20.779999923706054,20.784999942779542,20.06333328882853,230939.4,14.937083249312655,24.881503179241307,0.13219801947159482,0.21763571020526734,-0.08543769073367252,39.503317810497386,47.241005653215446,21.468720421516316,20.784999942779542,20.10127946404277,-1.3711808687233025,交叉混雜,45.0
9941,2026-08-26,85.9000015258789,85.33000030517579,84.22500038146973,82.81333338419596,1025139.4,78.2006898569741,75.72961260490418,1.0580242960830049,0.9369700922805827,0.12105420380242216,61.028418228371734,61.21054033372878,87.82843383444049,84.22500038146973,80.62156692849896,2.1074498195203213,多排,61.0
9942,2026-08-26,114.4,114.65,115.0,118.3,49990.4,29.857158014080795,21.567737196449865,-1.2259322052747592,-1.241659810832048,0.015727605557288804,51.21465547789933,44.86018566494355,117.73380398173148,115.0,112.26619601826852,0.0,空排,53.0
9943,2026-08-26,51.47999954223633,51.15999984741211,51.39499988555908,53.99499988555908,33761.0,66.92376179623686,54.4572273630927,-0.5052382315915338,-0.6859415675419974,0.18070333595046362,60.14217859508943,46.837903101697876,52.45225499982399,51.39499988555908,50.33774477129417,0.3988687401857811,交叉混雜,21.0
9944,2026-08-26,17.440000152587892,17.460000038146973,17.54000015258789,17.619166755676268,23677.6,51.991401854126664,48.09667658657632,-0.08549483822203996,-0.07085545385195063,-0.014639384370089326,48.8841393128929,46.54559642191956,17.85722522156156,17.54000015258789,17.22277508361422,-0.5131094006014479,空排,57.0
9945,2026-08-26,29.170000076293945,29.245000076293945,28.04250011444092,26.845833333333335,6542578.6,50.047470885988496,62.773642149838516,0.763296086422173,0.7323659083562093,0.030930178065963654,51.15558345733628,58.94585229164487,30.832948923436824,28.04250011444092,25.252051305445015,2.8795587545098105,交叉混雜,63.0
9946,2026-08-26,19.129999923706055,19.039999961853027,18.549999904632568,18.695000012715656,451446.6,53.29180321319597,65.61079946546033,0.2057476308920272,0.12239268891478058,0.0833549419772466,67.14446960091841,62.28934075149173,19.655012625571135,18.549999904632568,17.444987183694,2.964962154527047,交叉混雜,68.0
9949,2026-08-26,23.779999923706054,23.76999988555908,23.624999713897704,24.655833180745443,64160.6,55.83604029932124,42.899058151877156,-0.16313084360444563,-0.3059610319860411,0.14283018838159545,76.57102041441846,60.7195443311341,24.544668232670332,23.624999713897704,22.705331195125076,4.12698700266424,交叉混雜,70.0
9950,2026-08-26,10.280000114440918,10.290000057220459,10.349999952316285,10.499999952316283,19600.0,38.79468915942855,42.063257676211045,-0.0567802487928617,-0.05080231973551659,-0.005977929057345108,42.021942352029605,43.36091528057714,10.5676428273513,10.349999952316285,10.13235707728127,-0.9661831186183275,空排,39.0
9951,2026-08-26,54.040000915527344,53.660000228881835,53.24000015258789,53.19666684468587,45924.0,79.89641354178515,78.2055601771541,0.2826445750941531,0.15358927966022995,0.12905529543392313,68.83182917841448,63.38993688775831,54.46328342515898,53.24000015258789,52.0167168800168,1.8031566634112797,多排,44.0
9955,2026-08-26,24.95,24.76999988555908,24.179999828338623,25.469166564941407,384680.2,49.541087038487674,54.99966147943959,0.05628267943632892,-0.11132972609144443,0.16761240552777334,58.65065904022729,55.38621747231948,26.000468325033435,24.179999828338623,22.35953133164381,3.3912331574971653,交叉混雜,19.0
9958,2026-08-26,98.10000152587891,100.10000076293946,104.27500038146972,111.12500012715658,2116631.0,9.167154569386689,10.867403173088999,-3.8375378928127333,-2.8631292844266882,-0.974408608386045,25.023442846563327,31.40906277484818,115.91411205413978,104.27500038146972,92.63588870879967,-8.511147277030322,空排,7.0
9962,2026-08-26,10.229999923706055,10.239999961853027,10.103999948501587,9.905500078201294,29123.6,51.78443229462912,53.08786102787265,0.10694213232357441,0.10617848177552824,0.0007636505480461686,58.4661514662539,61.04554242354704,10.543684119928667,10.103999948501587,9.664315777074506,1.4449728052509057,交叉混雜,46.0
