stock_code,trade_date,open,high,low,close,volume
1103,2026-10-07,13.100000381469727,13.149999618530273,13.050000190734863,13.149999618530273,385841
1101,2026-10-07,25.25,25.700000762939453,25.100000381469727,25.5,24830619
1104,2026-10-07,26.700000762939453,26.899999618530273,26.600000381469727,26.850000381469727,297346
1102,2026-10-07,35.349998474121094,35.900001525878906,35.349998474121094,35.900001525878906,5661877
1108,2026-10-07,11.149999618530273,11.149999618530273,11.050000190734863,11.100000381469727,62661
1109,2026-10-07,13.300000190734863,13.300000190734863,13.199999809265137,13.300000190734863,51104
1110,2026-10-07,14.300000190734863,14.449999809265137,14.25,14.449999809265137,311626
1201,2026-10-07,11.399999618530273,11.5,11.350000381469727,11.449999809265137,993197
1203,2026-10-07,43.0,43.099998474121094,43.0,43.0,7027
1213,2026-10-07,7.199999809265137,7.309999942779541,7.059999942779541,7.309999942779541,4002
1210,2026-10-07,51.400001525878906,51.5,51.20000076293945,51.29999923706055,1166708
1215,2026-10-07,104.0,105.0,104.0,105.0,267854
1216,2026-10-07,73.69999694824219,75.5,73.69999694824219,75.5,15645869
1217,2026-10-07,9.90999984741211,9.920000076293945,9.880000114440918,9.890000343322754,402569
1219,2026-10-07,11.199999809265137,11.25,11.149999618530273,11.25,100849
1218,2026-10-07,14.399999618530273,14.5,14.350000381469727,14.449999809265137,413617
1220,2026-10-07,10.899999618530273,10.949999809265137,10.899999618530273,10.899999618530273,39796
1225,2026-10-07,23.649999618530273,24.200000762939453,23.600000381469727,24.200000762939453,62896
1227,2026-10-07,27.5,27.799999237060547,27.5,27.700000762939453,615842
1229,2026-10-07,39.45000076293945,39.70000076293945,39.349998474121094,39.650001525878906,1348490
1231,2026-10-07,77.5,78.30000305175781,77.5,78.0,348225
1232,2026-10-07,153.5,155.0,153.0,154.0,84052
1233,2026-10-07,28.0,28.049999237060547,28.0,28.049999237060547,8019
1234,2026-10-07,32.45000076293945,32.45000076293945,32.099998474121094,32.29999923706055,116437
1256,2026-10-07,166.0,168.0,166.0,166.5,24702
1301,2026-10-07,69.0,75.4000015258789,68.9000015258789,75.4000015258789,116926428
1303,2026-10-07,293.0,322.0,293.0,314.0,119836044
1304,2026-10-07,12.550000190734863,13.100000381469727,12.5,13.050000190734863,6131524
1305,2026-10-07,12.449999809265137,12.899999618530273,12.350000381469727,12.899999618530273,3164839
1307,2026-10-07,31.5,31.5,31.200000762939453,31.5,416771
1308,2026-10-07,14.350000381469727,14.800000190734863,14.300000190734863,14.75,2131766
1309,2026-10-07,14.100000381469727,14.449999809265137,14.0,14.399999618530273,2164655
1310,2026-10-07,9.550000190734863,9.800000190734863,9.550000190734863,9.739999771118164,3065986
1312,2026-10-07,14.850000381469727,15.149999618530273,14.75,15.050000190734863,17552612
1313,2026-10-07,12.5,12.75,12.5,12.600000381469727,3238029
1314,2026-10-07,8.760000228881836,8.979999542236328,8.75,8.90999984741211,29509148
1315,2026-10-07,68.9000015258789,73.9000015258789,68.80000305175781,72.0,178865
1316,2026-10-07,10.350000381469727,10.449999809265137,10.350000381469727,10.350000381469727,690406
1319,2026-10-07,78.30000305175781,80.19999694824219,78.0,80.0,1673662
1321,2026-10-07,32.400001525878906,32.5,32.20000076293945,32.45000076293945,132030
1323,2026-10-07,21.5,21.700000762939453,21.450000762939453,21.5,25339
1324,2026-10-07,9.970000267028809,9.970000267028809,9.920000076293945,9.920000076293945,61361
1337,2026-10-07,4.380000114440918,4.449999809265137,4.380000114440918,4.409999847412109,133663
1325,2026-10-07,27.0,28.5,27.0,27.799999237060547,2184133
1326,2026-10-07,72.5,77.0999984741211,72.30000305175781,75.80000305175781,61296388
1338,2026-10-07,14.699999809265137,15.050000190734863,14.699999809265137,15.050000190734863,27022
1339,2026-10-07,41.79999923706055,42.70000076293945,41.79999923706055,42.45000076293945,52627
1340,2026-10-07,5.130000114440918,5.190000057220459,5.130000114440918,5.179999828338623,139216
1342,2026-10-07,99.9000015258789,101.0,99.9000015258789,101.0,102835
1402,2026-10-07,27.899999618530273,28.649999618530273,27.899999618530273,28.600000381469727,8392965
1409,2026-10-07,25.75,27.149999618530273,25.700000762939453,26.149999618530273,38186658
1410,2026-10-07,23.950000762939453,24.200000762939453,23.850000381469727,23.899999618530273,29412
1413,2026-10-07,9.350000381469727,9.350000381469727,9.15999984741211,9.300000190734863,16000
1416,2026-10-07,11.800000190734863,11.850000381469727,11.75,11.850000381469727,223204
1414,2026-10-07,17.149999618530273,17.649999618530273,17.149999618530273,17.649999618530273,159008
1417,2026-10-07,8.0600004196167,8.15999984741211,8.0600004196167,8.15999984741211,157971
1418,2026-10-07,18.799999237060547,18.799999237060547,18.25,18.600000381469727,14009
1419,2026-10-07,65.9000015258789,66.0,65.5999984741211,65.69999694824219,15065
1432,2026-10-07,15.0,15.0,14.949999809265137,15.0,40212
1434,2026-10-07,18.049999237060547,19.149999618530273,18.049999237060547,18.950000762939453,9677343
1435,2026-10-07,21.350000381469727,21.350000381469727,20.600000381469727,21.049999237060547,12352
1436,2026-10-07,36.0,36.5,36.0,36.25,149476
1437,2026-10-07,31.25,31.299999237060547,31.149999618530273,31.200000762939453,52117
1438,2026-10-07,21.700000762939453,21.799999237060547,21.5,21.75,12383
1440,2026-10-07,13.449999809265137,14.050000190734863,13.449999809265137,13.949999809265137,8437290
1442,2026-10-07,26.049999237060547,27.100000381469727,26.049999237060547,26.799999237060547,353536
1441,2026-10-07,9.90999984741211,9.90999984741211,9.539999961853027,9.710000038146973,30706
1444,2026-10-07,6.789999961853027,7.210000038146973,6.789999961853027,6.989999771118164,3239529
1445,2026-10-07,10.550000190734863,11.050000190734863,10.199999809265137,10.399999618530273,145099
1446,2026-10-07,13.350000381469727,13.449999809265137,13.350000381469727,13.449999809265137,66456
1447,2026-10-07,6.380000114440918,6.800000190734863,6.380000114440918,6.619999885559082,1512564
1449,2026-10-07,12.449999809265137,13.300000190734863,12.399999618530273,12.800000190734863,1529389
1451,2026-10-07,17.0,17.049999237060547,16.899999618530273,17.0,82912
1452,2026-10-07,10.699999809265137,10.800000190734863,10.600000381469727,10.699999809265137,58760
1453,2026-10-07,11.100000381469727,11.100000381469727,10.850000381469727,10.949999809265137,22866
1454,2026-10-07,12.050000190734863,12.149999618530273,12.050000190734863,12.100000381469727,31798
1455,2026-10-07,9.989999771118164,10.899999618530273,9.920000076293945,10.800000190734863,20339458
1456,2026-10-07,14.75,14.949999809265137,14.350000381469727,14.399999618530273,74481
1457,2026-10-07,14.100000381469727,14.350000381469727,14.100000381469727,14.300000190734863,131102
1459,2026-10-07,18.5,19.350000381469727,18.0,18.25,2029166
1460,2026-10-07,6.139999866485596,6.179999828338623,6.110000133514404,6.150000095367432,253615
1463,2026-10-07,17.600000381469727,17.649999618530273,17.450000762939453,17.649999618530273,68013
1464,2026-10-07,9.90999984741211,9.949999809265137,9.90999984741211,9.9399995803833,286117
1465,2026-10-07,11.550000190734863,11.600000381469727,11.449999809265137,11.600000381469727,46661
1466,2026-10-07,14.300000190734863,14.649999618530273,14.300000190734863,14.550000190734863,242551
1467,2026-10-07,8.029999732971191,8.390000343322754,8.029999732971191,8.210000038146973,276883
1468,2026-10-07,13.25,13.449999809265137,13.0,13.399999618530273,78000
1470,2026-10-07,24.549999237060547,24.549999237060547,24.149999618530273,24.299999237060547,3000
1471,2026-10-07,9.399999618530273,9.470000267028809,9.399999618530273,9.420000076293945,276362
1472,2026-10-07,89.19999694824219,90.80000305175781,89.0,89.0,54520
1473,2026-10-07,19.0,19.100000381469727,19.0,19.049999237060547,90340
1474,2026-10-07,9.989999771118164,10.050000190734863,9.890000343322754,10.0,390796
1475,2026-10-07,26.0,26.0,25.5,25.5,24025
1476,2026-10-07,293.0,303.5,291.5,297.0,2967110
1477,2026-10-07,204.0,207.0,202.0,202.5,2016504
1503,2026-10-07,199.0,201.0,198.0,199.5,1250045
1504,2026-10-07,71.9000015258789,73.9000015258789,70.80000305175781,73.30000305175781,29328655
1506,2026-10-07,9.609999656677246,9.710000038146973,9.600000381469727,9.630000114440918,43003
1513,2026-10-07,168.0,169.5,167.0,168.0,2936851
1512,2026-10-07,6.289999961853027,6.289999961853027,6.139999866485596,6.28000020980835,71648
1514,2026-10-07,104.5,105.5,103.5,103.5,1741725
1515,2026-10-07,28.399999618530273,28.549999237060547,28.149999618530273,28.399999618530273,334108
1516,2026-10-07,13.550000190734863,13.800000190734863,13.550000190734863,13.600000381469727,27466
1517,2026-10-07,10.300000190734863,10.399999618530273,10.25,10.399999618530273,203218
1519,2026-10-07,702.0,713.0,701.0,702.0,1873999
1521,2026-10-07,25.850000381469727,25.899999618530273,25.549999237060547,25.700000762939453,19681
1522,2026-10-07,25.399999618530273,26.049999237060547,25.399999618530273,25.950000762939453,348982
1524,2026-10-07,25.700000762939453,26.149999618530273,25.700000762939453,26.100000381469727,406602
1525,2026-10-07,64.19999694824219,64.19999694824219,63.20000076293945,63.20000076293945,16278
1526,2026-10-07,15.100000381469727,15.100000381469727,14.800000190734863,15.050000190734863,55416
1527,2026-10-07,32.45000076293945,32.70000076293945,32.400001525878906,32.5,112099
1528,2026-10-07,24.100000381469727,24.399999618530273,23.899999618530273,24.049999237060547,1793218
1529,2026-10-07,15.850000381469727,15.850000381469727,15.699999809265137,15.699999809265137,259195
1530,2026-10-07,26.600000381469727,26.600000381469727,26.049999237060547,26.350000381469727,32547
1531,2026-10-07,11.300000190734863,11.5,11.25,11.5,92675
1532,2026-10-07,21.700000762939453,21.850000381469727,21.549999237060547,21.75,318094
1533,2026-10-07,30.549999237060547,30.549999237060547,30.100000381469727,30.549999237060547,144663
1535,2026-10-07,46.099998474121094,46.349998474121094,45.29999923706055,45.75,41380
1536,2026-10-07,46.75,46.849998474121094,46.45000076293945,46.54999923706055,598070
1538,2026-10-07,8.630000114440918,8.859999656677246,8.630000114440918,8.850000381469727,8715
1537,2026-10-07,113.0,113.5,113.0,113.0,67492
1539,2026-10-07,15.550000190734863,15.600000381469727,15.5,15.600000381469727,28078
1540,2026-10-07,18.899999618530273,19.0,18.899999618530273,18.899999618530273,100140
1541,2026-10-07,20.399999618530273,20.649999618530273,20.399999618530273,20.549999237060547,12003
1558,2026-10-07,110.0,110.5,109.0,109.0,32971
1560,2026-10-07,1030.0,1040.0,1015.0,1020.0,961169
1563,2026-10-07,79.30000305175781,81.4000015258789,78.5,80.5999984741211,422972
1568,2026-10-07,31.399999618530273,31.600000381469727,30.700000762939453,31.350000381469727,290594
1582,2026-10-07,72.0999984741211,73.0,71.69999694824219,71.69999694824219,316095
1583,2026-10-07,46.900001525878906,47.45000076293945,45.599998474121094,47.29999923706055,39351
1587,2026-10-07,23.399999618530273,23.850000381469727,23.350000381469727,23.799999237060547,51993
1590,2026-10-07,1215.0,1245.0,1200.0,1230.0,593790
1597,2026-10-07,144.0,147.5,142.5,145.0,926516
1598,2026-10-07,20.100000381469727,20.25,20.0,20.25,262717
1603,2026-10-07,30.700000762939453,30.75,30.399999618530273,30.600000381469727,150244
1604,2026-10-07,23.25,23.299999237060547,23.25,23.299999237060547,53903
1605,2026-10-07,38.75,40.349998474121094,38.70000076293945,39.900001525878906,47179249
1608,2026-10-07,36.45000076293945,37.29999923706055,36.29999923706055,37.04999923706055,4754092
1609,2026-10-07,38.54999923706055,39.150001525878906,38.5,39.0,6012570
1611,2026-10-07,11.25,11.350000381469727,11.25,11.300000190734863,333364
1612,2026-10-07,35.0,35.25,34.900001525878906,35.04999923706055,793308
1614,2026-10-07,31.049999237060547,31.149999618530273,31.0,31.0,35138
1615,2026-10-07,41.900001525878906,42.0,41.79999923706055,41.900001525878906,67194
1616,2026-10-07,18.200000762939453,18.649999618530273,18.200000762939453,18.649999618530273,239702
1617,2026-10-07,23.049999237060547,24.5,23.049999237060547,23.950000762939453,2239395
1618,2026-10-07,38.95000076293945,39.45000076293945,38.95000076293945,39.29999923706055,329425
1623,2026-10-07,196.5,200.0,195.0,195.0,56503
1626,2026-10-07,9.770000457763672,9.789999961853027,9.619999885559082,9.789999961853027,16499
1702,2026-10-07,32.70000076293945,32.849998474121094,32.599998474121094,32.75,148338
1707,2026-10-07,84.0,85.0,84.0,84.9000015258789,155436
1708,2026-10-07,57.29999923706055,58.29999923706055,56.599998474121094,57.29999923706055,4757058
1709,2026-10-07,63.29999923706055,64.5999984741211,59.20000076293945,60.20000076293945,45334894
1710,2026-10-07,17.350000381469727,17.899999618530273,17.350000381469727,17.600000381469727,6104089
1711,2026-10-07,51.79999923706055,51.79999923706055,45.20000076293945,45.45000076293945,56918185
1712,2026-10-07,39.79999923706055,40.0,39.79999923706055,39.849998474121094,282688
1713,2026-10-07,45.45000076293945,45.5,44.650001525878906,44.75,142317
1714,2026-10-07,19.299999237060547,20.350000381469727,18.5,19.649999618530273,89426239
1717,2026-10-07,75.5999984741211,76.0,74.69999694824219,75.5999984741211,8520331
1718,2026-10-07,11.350000381469727,11.699999809265137,11.100000381469727,11.300000190734863,23686650
1720,2026-10-07,55.900001525878906,56.29999923706055,55.900001525878906,56.099998474121094,106310
1721,2026-10-07,29.5,29.5,27.549999237060547,27.75,4577860
1722,2026-10-07,41.099998474121094,41.400001525878906,41.099998474121094,41.29999923706055,1586564
1723,2026-10-07,80.9000015258789,81.5999984741211,80.5999984741211,81.4000015258789,270101
1725,2026-10-07,34.0,34.5,33.900001525878906,34.099998474121094,48175
1726,2026-10-07,76.5,76.5999984741211,76.0,76.19999694824219,29150
1727,2026-10-07,105.5,109.5,105.0,106.0,7532518
1730,2026-10-07,51.099998474121094,51.099998474121094,51.0,51.099998474121094,26781
1731,2026-10-07,21.0,21.0,20.899999618530273,20.950000762939453,121657
1732,2026-10-07,26.450000762939453,27.399999618530273,26.450000762939453,26.75,651100
1733,2026-10-07,30.0,30.549999237060547,29.950000762939453,30.549999237060547,160280
1734,2026-10-07,32.099998474121094,32.150001525878906,31.850000381469727,32.099998474121094,115799
1735,2026-10-07,23.399999618530273,23.850000381469727,22.950000762939453,23.149999618530273,382044
1736,2026-10-07,121.5,122.0,119.0,122.0,983249
1737,2026-10-07,29.899999618530273,30.0,29.899999618530273,29.950000762939453,102220
1752,2026-10-07,31.5,31.649999618530273,31.399999618530273,31.5,34167
1760,2026-10-07,54.20000076293945,54.5,53.79999923706055,54.29999923706055,73594
1762,2026-10-07,33.70000076293945,34.0,33.70000076293945,33.900001525878906,50606
1773,2026-10-07,177.5,179.5,174.5,177.0,1394796
1776,2026-10-07,18.600000381469727,18.600000381469727,18.350000381469727,18.5,40275
1783,2026-10-07,38.54999923706055,38.599998474121094,38.25,38.54999923706055,100419
1786,2026-10-07,41.0,41.95000076293945,41.0,41.45000076293945,120470
1789,2026-10-07,18.649999618530273,19.0,18.649999618530273,18.950000762939453,327895
1795,2026-10-07,176.5,182.5,176.5,182.5,1408620
1802,2026-10-07,60.099998474121094,65.69999694824219,59.79999923706055,65.69999694824219,108421907
1805,2026-10-07,10.0,10.0,9.930000305175781,10.0,74369
1808,2026-10-07,32.0,32.54999923706055,31.5,32.349998474121094,1994397
1806,2026-10-07,7.860000133514404,8.0,7.849999904632568,7.960000038146973,291591
1809,2026-10-07,44.79999923706055,47.5,44.79999923706055,46.5,4560029
1810,2026-10-07,23.700000762939453,23.899999618530273,23.299999237060547,23.399999618530273,1193616
1903,2026-10-07,47.400001525878906,47.400001525878906,47.099998474121094,47.25,14632
1817,2026-10-07,39.599998474121094,39.70000076293945,39.5,39.70000076293945,51908
1904,2026-10-07,24.549999237060547,25.299999237060547,24.450000762939453,25.25,2121426
1905,2026-10-07,12.699999809265137,12.949999809265137,12.649999618530273,12.899999618530273,1797643
1906,2026-10-07,10.649999618530273,10.75,10.600000381469727,10.699999809265137,23156
1907,2026-10-07,27.799999237060547,28.299999237060547,27.799999237060547,28.299999237060547,813952
1909,2026-10-07,10.100000381469727,10.25,10.100000381469727,10.149999618530273,1422816
2002,2026-10-07,19.0,19.0,18.799999237060547,18.950000762939453,22389974
2006,2026-10-07,86.80000305175781,87.0999984741211,85.19999694824219,85.9000015258789,1718301
2007,2026-10-07,6.980000019073486,6.980000019073486,6.860000133514404,6.949999809265137,90441
2009,2026-10-07,39.5,40.0,39.25,39.900001525878906,1125014
2010,2026-10-07,22.549999237060547,22.649999618530273,22.450000762939453,22.649999618530273,437920
2012,2026-10-07,14.100000381469727,14.100000381469727,13.949999809265137,14.0,49109
2013,2026-10-07,41.150001525878906,41.29999923706055,41.099998474121094,41.25,32800
2014,2026-10-07,16.950000762939453,17.0,16.850000381469727,16.899999618530273,729769
2017,2026-10-07,8.84000015258789,8.920000076293945,8.84000015258789,8.890000343322754,246399
2015,2026-10-07,64.80000305175781,65.0999984741211,64.5,64.5,151757
2020,2026-10-07,24.850000381469727,25.049999237060547,24.25,24.399999618530273,1843793
2022,2026-10-07,7.179999828338623,7.210000038146973,7.139999866485596,7.159999847412109,220114
2023,2026-10-07,13.850000381469727,13.949999809265137,13.850000381469727,13.899999618530273,430351
2024,2026-10-07,12.75,12.800000190734863,12.75,12.75,7846
2025,2026-10-07,14.050000190734863,14.050000190734863,13.5,13.5,774401
2027,2026-10-07,47.79999923706055,48.099998474121094,47.45000076293945,47.75,8389360
2028,2026-10-07,16.850000381469727,16.899999618530273,16.75,16.899999618530273,66064
2029,2026-10-07,21.850000381469727,22.0,21.75,21.950000762939453,122405
2030,2026-10-07,37.400001525878906,38.5,35.900001525878906,36.75,6608279
2031,2026-10-07,45.95000076293945,45.95000076293945,45.599998474121094,45.900001525878906,327117
2032,2026-10-07,19.0,19.149999618530273,18.5,18.700000762939453,1484548
2033,2026-10-07,55.900001525878906,55.900001525878906,52.79999923706055,53.20000076293945,988352
2034,2026-10-07,24.100000381469727,24.700000762939453,23.700000762939453,24.149999618530273,3781240
2038,2026-10-07,12.300000190734863,12.800000190734863,12.300000190734863,12.550000190734863,210892
2059,2026-10-07,11790.0,11790.0,11790.0,11790.0,405178
2049,2026-10-07,350.0,356.5,341.5,342.5,3599589
2062,2026-10-07,17.850000381469727,17.899999618530273,17.799999237060547,17.850000381469727,129794
2069,2026-10-07,24.950000762939453,25.700000762939453,24.950000762939453,25.049999237060547,797168
2072,2026-10-07,130.5,131.5,130.0,130.5,141796
2101,2026-10-07,29.200000762939453,29.899999618530273,29.200000762939453,29.75,2362863
2102,2026-10-07,16.5,16.600000381469727,16.450000762939453,16.549999237060547,144550
2103,2026-10-07,28.450000762939453,29.299999237060547,28.25,29.0,6828797
2104,2026-10-07,11.300000190734863,11.399999618530273,11.100000381469727,11.300000190734863,2785014
2105,2026-10-07,30.149999618530273,30.399999618530273,30.100000381469727,30.350000381469727,3316286
2106,2026-10-07,16.5,16.700000762939453,16.450000762939453,16.700000762939453,520403
2107,2026-10-07,27.899999618530273,28.450000762939453,27.799999237060547,28.149999618530273,720458
2108,2026-10-07,28.75,29.899999618530273,28.75,29.75,1278181
2109,2026-10-07,14.300000190734863,14.350000381469727,14.25,14.350000381469727,193966
2114,2026-10-07,90.4000015258789,90.4000015258789,89.80000305175781,90.0,17804
2115,2026-10-07,24.75,25.450000762939453,24.700000762939453,24.850000381469727,352296
2201,2026-10-07,28.399999618530273,28.950000762939453,28.299999237060547,28.899999618530273,2085977
2204,2026-10-07,51.099998474121094,51.79999923706055,51.0,51.599998474121094,727611
2206,2026-10-07,63.099998474121094,63.20000076293945,62.79999923706055,63.099998474121094,572549
2207,2026-10-07,516.0,526.0,516.0,526.0,322080
2208,2026-10-07,18.5,18.700000762939453,18.399999618530273,18.5,1680525
2211,2026-10-07,79.19999694824219,79.80000305175781,79.19999694824219,79.80000305175781,323466
2227,2026-10-07,44.5,44.5,44.0,44.400001525878906,41276
2228,2026-10-07,74.0,74.4000015258789,73.9000015258789,73.9000015258789,36383
2231,2026-10-07,90.30000305175781,92.0,90.30000305175781,91.0,72272
2233,2026-10-07,167.5,169.5,167.0,168.0,191091
2236,2026-10-07,91.30000305175781,92.5,79.5,84.30000305175781,4924497
2239,2026-10-07,18.0,18.200000762939453,18.0,18.149999618530273,25163
2241,2026-10-07,47.599998474121094,52.0,47.400001525878906,52.0,10398789
2243,2026-10-07,57.29999923706055,62.0,57.29999923706055,59.70000076293945,797931
2247,2026-10-07,225.0,226.0,225.0,226.0,15287
2250,2026-10-07,55.099998474121094,55.29999923706055,54.900001525878906,54.900001525878906,38927
2248,2026-10-07,60.70000076293945,61.0,60.5,61.0,14007
2301,2026-10-07,299.0,304.5,295.0,300.0,16302864
2302,2026-10-07,46.0,48.79999923706055,45.150001525878906,48.29999923706055,5933373
2303,2026-10-07,148.5,150.0,145.5,148.5,148359748
2305,2026-10-07,58.20000076293945,60.20000076293945,57.099998474121094,58.900001525878906,12946543
2308,2026-10-07,2025.0,2045.0,1975.0,1990.0,9959776
2312,2026-10-07,30.799999237060547,31.25,30.649999618530273,31.049999237060547,6969968
2313,2026-10-07,254.5,261.0,246.0,246.0,60598114
2314,2026-10-07,10.899999618530273,10.949999809265137,10.850000381469727,10.850000381469727,98610
2316,2026-10-07,175.0,191.0,174.0,179.0,6345008
2317,2026-10-07,254.0,254.5,251.5,252.0,35963179
2324,2026-10-07,36.20000076293945,36.29999923706055,35.79999923706055,36.099998474121094,21822932
2327,2026-10-07,630.0,686.0,627.0,647.0,92663785
2328,2026-10-07,48.349998474121094,48.5,47.79999923706055,48.20000076293945,1310926
2329,2026-10-07,45.45000076293945,45.70000076293945,45.04999923706055,45.400001525878906,2197209
2330,2026-10-07,2565.0,2585.0,2560.0,2585.0,15477000
2331,2026-10-07,19.049999237060547,19.100000381469727,18.899999618530273,19.0,694085
2332,2026-10-07,20.5,21.299999237060547,20.25,21.100000381469727,9933353
2337,2026-10-07,120.0,120.5,117.0,118.0,23161751
2338,2026-10-07,47.650001525878906,48.349998474121094,47.29999923706055,47.79999923706055,2119765
2340,2026-10-07,46.400001525878906,49.0,43.5,48.150001525878906,44898245
2342,2026-10-07,49.0,50.599998474121094,48.849998474121094,50.099998474121094,5461217
2344,2026-10-07,178.5,181.5,175.0,179.5,63283259
2345,2026-10-07,2050.0,2140.0,2005.0,2015.0,5201054
2347,2026-10-07,95.5999984741211,96.80000305175781,95.19999694824219,96.80000305175781,2343976
2348,2026-10-07,70.9000015258789,71.0999984741211,70.4000015258789,70.5999984741211,335379
2349,2026-10-07,10.350000381469727,10.449999809265137,10.25,10.300000190734863,1371487
2351,2026-10-07,218.5,226.0,218.0,218.0,3475446
2352,2026-10-07,29.0,29.049999237060547,28.799999237060547,28.899999618530273,2808864
2353,2026-10-07,31.299999237060547,31.450000762939453,31.049999237060547,31.299999237060547,7726712
2355,2026-10-07,43.79999923706055,44.900001525878906,43.599998474121094,44.599998474121094,2978802
2354,2026-10-07,62.79999923706055,62.900001525878906,62.0,62.099998474121094,5866336
2356,2026-10-07,58.79999923706055,58.900001525878906,58.099998474121094,58.099998474121094,9671964
2357,2026-10-07,1000.0,1010.0,983.0,989.0,1899149
2359,2026-10-07,127.5,127.5,126.0,127.5,847851
2360,2026-10-07,2480.0,2560.0,2385.0,2400.0,5116822
2362,2026-10-07,46.650001525878906,46.79999923706055,46.45000076293945,46.70000076293945,339758
2364,2026-10-07,64.5,65.0999984741211,64.30000305175781,64.5999984741211,65217
2365,2026-10-07,27.799999237060547,28.100000381469727,27.700000762939453,27.850000381469727,503850
2367,2026-10-07,47.400001525878906,49.0,47.099998474121094,47.20000076293945,16007508
2368,2026-10-07,1265.0,1310.0,1240.0,1245.0,11573968
2369,2026-10-07,31.649999618530273,33.099998474121094,31.299999237060547,32.70000076293945,12527951
2373,2026-10-07,53.099998474121094,53.099998474121094,52.5,52.5,16473
2374,2026-10-07,66.19999694824219,66.80000305175781,66.19999694824219,66.5999984741211,1117721
2363,2026-10-07,59.5,61.79999923706055,58.5,60.70000076293945,7690936
2375,2026-10-07,126.5,134.5,126.0,129.5,12536959
2371,2026-10-07,30.899999618530273,31.399999618530273,30.549999237060547,30.600000381469727,16800187
2376,2026-10-07,375.5,375.5,361.0,365.5,14186921
2377,2026-10-07,155.5,156.5,155.0,156.0,3986288
2379,2026-10-07,755.0,755.0,737.0,741.0,1413256
2380,2026-10-07,16.450000762939453,16.649999618530273,15.75,15.800000190734863,354980
2383,2026-10-07,6015.0,6325.0,5950.0,5950.0,2954338
2382,2026-10-07,335.0,337.5,332.5,335.0,9638469
2385,2026-10-07,105.0,106.0,103.5,105.0,3389301
2387,2026-10-07,36.20000076293945,36.349998474121094,36.04999923706055,36.099998474121094,186624
2388,2026-10-07,71.0,72.30000305175781,70.5,71.5,1611355
2390,2026-10-07,10.0,10.149999618530273,10.0,10.050000190734863,276155
2392,2026-10-07,41.099998474121094,41.099998474121094,40.400001525878906,40.75,1343203
2393,2026-10-07,67.0,68.0,66.0999984741211,68.0,2292693
2395,2026-10-07,740.0,740.0,722.0,733.0,1683511
2397,2026-10-07,65.0,65.0,63.20000076293945,63.400001525878906,183180
2399,2026-10-07,49.599998474121094,51.0,48.849998474121094,49.95000076293945,7858012
2401,2026-10-07,26.850000381469727,26.899999618530273,26.200000762939453,26.450000762939453,1927372
2402,2026-10-07,59.900001525878906,63.599998474121094,59.29999923706055,61.900001525878906,6658167
2404,2026-10-07,1335.0,1340.0,1305.0,1330.0,748802
2405,2026-10-07,15.050000190734863,15.199999809265137,15.0,15.100000381469727,580426
2406,2026-10-07,31.399999618530273,31.399999618530273,30.799999237060547,30.899999618530273,3443433
2408,2026-10-07,525.0,529.0,514.0,514.0,38335610
2409,2026-10-07,37.5,38.150001525878906,37.0,37.95000076293945,349017991
2412,2026-10-07,145.5,145.5,144.0,145.5,7072995
2414,2026-10-07,53.900001525878906,54.0,53.5,54.0,156950
2413,2026-10-07,57.099998474121094,59.0,56.900001525878906,58.099998474121094,12266118
2415,2026-10-07,29.649999618530273,30.5,28.700000762939453,29.200000762939453,1306934
2417,2026-10-07,38.5,38.5,37.900001525878906,37.900001525878906,439443
2419,2026-10-07,27.700000762939453,27.75,27.200000762939453,27.299999237060547,808231
2420,2026-10-07,57.0,57.29999923706055,56.20000076293945,56.599998474121094,257080
2423,2026-10-07,70.5999984741211,71.80000305175781,70.5,71.5,51856
2424,2026-10-07,8.649999618530273,9.050000190734863,8.649999618530273,8.899999618530273,42491
2425,2026-10-07,36.599998474121094,36.95000076293945,36.5,36.599998474121094,267641
2426,2026-10-07,105.5,106.5,102.0,104.0,23772613
2427,2026-10-07,22.950000762939453,23.100000381469727,22.850000381469727,22.950000762939453,311491
2428,2026-10-07,264.5,275.0,264.5,267.0,1953838
2429,2026-10-07,30.399999618530273,30.399999618530273,30.049999237060547,30.100000381469727,153070
2430,2026-10-07,17.549999237060547,17.600000381469727,17.549999237060547,17.600000381469727,38585
2431,2026-10-07,10.100000381469727,10.149999618530273,9.979999542236328,10.149999618530273,130486
2421,2026-10-07,171.5,173.5,168.5,171.5,1929516
2433,2026-10-07,39.70000076293945,39.75,39.5,39.5,71686
2434,2026-10-07,61.20000076293945,61.20000076293945,59.70000076293945,60.5,181967
2436,2026-10-07,74.0999984741211,74.4000015258789,71.5999984741211,72.4000015258789,5790767
2438,2026-10-07,19.600000381469727,19.600000381469727,19.299999237060547,19.299999237060547,25404
2439,2026-10-07,77.30000305175781,79.4000015258789,76.69999694824219,78.69999694824219,4141330
2440,2026-10-07,14.199999809265137,14.25,14.050000190734863,14.149999618530273,136274
2441,2026-10-07,127.0,127.5,125.0,127.0,2762527
2442,2026-10-07,13.899999618530273,14.149999618530273,13.899999618530273,14.0,754556
2444,2026-10-07,15.399999618530273,16.149999618530273,15.399999618530273,15.75,1196020
2449,2026-10-07,297.5,305.0,294.0,299.5,23734541
2450,2026-10-07,28.049999237060547,28.149999618530273,28.049999237060547,28.149999618530273,46257
2451,2026-10-07,283.0,289.0,282.5,287.0,2485251
2453,2026-10-07,53.20000076293945,53.599998474121094,53.20000076293945,53.29999923706055,143609
2454,2026-10-07,4920.0,4940.0,4835.0,4835.0,7570633
2455,2026-10-07,562.0,575.0,547.0,559.0,15354337
2457,2026-10-07,22.0,22.25,21.899999618530273,22.0,765698
2458,2026-10-07,133.0,134.5,131.5,134.0,1030349
2459,2026-10-07,65.0999984741211,65.19999694824219,64.80000305175781,65.0,81724
2460,2026-10-07,30.399999618530273,30.850000381469727,30.299999237060547,30.450000762939453,190619
2461,2026-10-07,17.200000762939453,17.200000762939453,16.799999237060547,17.049999237060547,735463
2462,2026-10-07,20.149999618530273,20.350000381469727,19.950000762939453,20.049999237060547,161085
2464,2026-10-07,184.0,195.0,181.0,193.0,12273292
2465,2026-10-07,91.9000015258789,91.9000015258789,89.0,89.0,1104691
2466,2026-10-07,165.0,183.5,164.5,180.5,10196793
2467,2026-10-07,570.0,589.0,566.0,569.0,1679996
2468,2026-10-07,41.849998474121094,43.75,41.5,41.849998474121094,2742028
2471,2026-10-07,51.20000076293945,51.29999923706055,51.0,51.20000076293945,53171
2472,2026-10-07,232.0,246.0,231.0,243.5,9513520
2474,2026-10-07,204.5,204.5,198.5,199.0,3474439
2476,2026-10-07,132.0,132.5,129.5,131.5,1219709
2477,2026-10-07,22.600000381469727,22.600000381469727,22.350000381469727,22.350000381469727,119523
2478,2026-10-07,130.0,138.5,130.0,134.5,13858917
2480,2026-10-07,168.0,168.0,165.5,167.5,145671
2481,2026-10-07,175.5,180.0,172.5,178.5,18295167
2482,2026-10-07,15.699999809265137,16.350000381469727,15.699999809265137,16.25,158198
2483,2026-10-07,38.349998474121094,40.599998474121094,38.349998474121094,38.849998474121094,2452042
2484,2026-10-07,80.69999694824219,88.19999694824219,80.0,87.0999984741211,23434380
2485,2026-10-07,43.400001525878906,44.79999923706055,42.5,43.70000076293945,13305591
2486,2026-10-07,242.0,251.0,240.0,240.0,5685096
2488,2026-10-07,49.400001525878906,49.900001525878906,49.400001525878906,49.70000076293945,101720
2489,2026-10-07,39.75,42.29999923706055,39.5,41.400001525878906,25723932
2491,2026-10-07,39.95000076293945,40.70000076293945,39.650001525878906,39.70000076293945,463982
2492,2026-10-07,389.0,428.0,388.0,428.0,53311193
2493,2026-10-07,210.0,220.0,209.0,214.0,3177243
2495,2026-10-07,38.45000076293945,38.900001525878906,37.54999923706055,37.650001525878906,1532868
2496,2026-10-07,54.900001525878906,55.0,54.70000076293945,54.900001525878906,10198
2497,2026-10-07,44.29999923706055,44.900001525878906,44.0,44.75,259469
2498,2026-10-07,42.599998474121094,42.75,42.099998474121094,42.29999923706055,3867339
2501,2026-10-07,20.25,20.649999618530273,20.149999618530273,20.600000381469727,1729672
2504,2026-10-07,30.850000381469727,31.549999237060547,30.75,31.549999237060547,1982998
2505,2026-10-07,16.950000762939453,17.049999237060547,16.899999618530273,17.0,170792
2506,2026-10-07,8.359999656677246,8.420000076293945,8.350000381469727,8.390000343322754,35784
2509,2026-10-07,13.75,13.75,13.5,13.600000381469727,249189
2511,2026-10-07,8.25,8.270000457763672,8.229999542236328,8.25,458743
2514,2026-10-07,11.25,11.300000190734863,11.199999809265137,11.300000190734863,57074
2515,2026-10-07,11.850000381469727,12.199999809265137,11.850000381469727,12.149999618530273,12284314
2516,2026-10-07,14.5,15.100000381469727,14.5,15.050000190734863,259294
2520,2026-10-07,36.650001525878906,37.0,36.5,37.0,501092
2524,2026-10-07,33.79999923706055,34.150001525878906,33.599998474121094,33.650001525878906,26539
2527,2026-10-07,49.79999923706055,51.099998474121094,49.45000076293945,50.70000076293945,570708
2528,2026-10-07,18.950000762939453,18.950000762939453,18.799999237060547,18.799999237060547,222000
2534,2026-10-07,16.649999618530273,16.75,16.600000381469727,16.600000381469727,151168
2530,2026-10-07,19.799999237060547,20.0,19.75,20.0,314756
2535,2026-10-07,88.4000015258789,90.0,88.19999694824219,90.0,296259
2536,2026-10-07,18.350000381469727,18.549999237060547,18.25,18.399999618530273,274752
2537,2026-10-07,10.949999809265137,11.050000190734863,10.949999809265137,11.0,184177
2538,2026-10-07,8.640000343322754,8.779999732971191,8.640000343322754,8.779999732971191,280089
2539,2026-10-07,33.45000076293945,33.95000076293945,33.349998474121094,33.79999923706055,742433
2540,2026-10-07,47.400001525878906,48.79999923706055,47.400001525878906,48.75,451702
2542,2026-10-07,38.20000076293945,38.900001525878906,38.04999923706055,38.79999923706055,8457835
2545,2026-10-07,33.70000076293945,33.95000076293945,33.5,33.849998474121094,142198
2543,2026-10-07,38.349998474121094,39.25,38.099998474121094,39.150001525878906,1145190
2546,2026-10-07,105.5,108.5,105.5,108.5,165376
2547,2026-10-07,9.6899995803833,9.720000267028809,9.670000076293945,9.680000305175781,757502
2548,2026-10-07,91.19999694824219,91.5,91.0,91.19999694824219,888388
2597,2026-10-07,164.0,166.0,163.5,165.5,226531
2601,2026-10-07,6.110000133514404,6.170000076293945,6.050000190734863,6.079999923706055,2554289
2603,2026-10-07,236.5,238.0,231.5,232.5,8235453
2605,2026-10-07,36.349998474121094,36.79999923706055,36.099998474121094,36.599998474121094,6379605
2606,2026-10-07,75.0999984741211,75.4000015258789,74.0,74.5,1914853
2607,2026-10-07,53.900001525878906,55.70000076293945,53.900001525878906,55.70000076293945,1201187
2608,2026-10-07,28.700000762939453,28.700000762939453,28.549999237060547,28.549999237060547,220034
2609,2026-10-07,59.099998474121094,59.599998474121094,58.79999923706055,59.099998474121094,9505478
2610,2026-10-07,20.200000762939453,20.350000381469727,20.149999618530273,20.350000381469727,9462618
2611,2026-10-07,15.350000381469727,15.350000381469727,14.949999809265137,15.050000190734863,461804
2612,2026-10-07,62.599998474121094,62.900001525878906,61.599998474121094,61.70000076293945,269933
2613,2026-10-07,21.850000381469727,22.049999237060547,21.649999618530273,21.950000762939453,223365
2614,2026-10-07,15.899999618530273,15.899999618530273,15.399999618530273,15.449999809265137,3948099
2615,2026-10-07,112.0,112.5,110.5,111.5,5730631
2616,2026-10-07,13.149999618530273,13.199999809265137,13.100000381469727,13.149999618530273,131191
2617,2026-10-07,32.25,32.25,31.75,32.099998474121094,718827
2630,2026-10-07,45.75,46.150001525878906,45.45000076293945,45.54999923706055,474847
2618,2026-10-07,41.900001525878906,41.95000076293945,41.5,41.95000076293945,7074551
2633,2026-10-07,25.649999618530273,25.75,25.600000381469727,25.75,2030512
2634,2026-10-07,64.5999984741211,64.69999694824219,63.599998474121094,63.599998474121094,4753646
2636,2026-10-07,70.5,70.5,70.0,70.0999984741211,157694
2637,2026-10-07,99.9000015258789,99.9000015258789,96.30000305175781,96.80000305175781,2705283
2642,2026-10-07,20.25,20.25,20.100000381469727,20.200000762939453,38348
2645,2026-10-07,172.5,175.5,172.5,173.5,657101
2646,2026-10-07,20.049999237060547,20.100000381469727,20.0,20.100000381469727,2586471
2701,2026-10-07,10.350000381469727,10.350000381469727,10.25,10.300000190734863,33528
2704,2026-10-07,45.29999923706055,45.29999923706055,44.650001525878906,44.650001525878906,36357
2702,2026-10-07,12.100000381469727,12.149999618530273,12.050000190734863,12.050000190734863,30071
2705,2026-10-07,15.100000381469727,15.149999618530273,15.050000190734863,15.100000381469727,60665
2706,2026-10-07,12.100000381469727,12.149999618530273,12.050000190734863,12.100000381469727,69303
2707,2026-10-07,174.5,175.5,174.5,175.0,72068
2712,2026-10-07,13.199999809265137,13.25,13.199999809265137,13.199999809265137,6587
2722,2026-10-07,21.75,21.75,21.350000381469727,21.5,19269
2723,2026-10-07,78.0,80.4000015258789,77.69999694824219,80.0999984741211,281239
2727,2026-10-07,233.0,235.0,233.0,233.5,203003
2731,2026-10-07,143.5,145.0,143.5,144.0,148903
2739,2026-10-07,36.29999923706055,36.79999923706055,36.20000076293945,36.20000076293945,23050
2748,2026-10-07,39.0,39.0,38.650001525878906,38.650001525878906,15308
2753,2026-10-07,181.0,184.0,181.0,184.0,111235
2762,2026-10-07,77.4000015258789,78.0,77.4000015258789,77.69999694824219,16038
2801,2026-10-07,27.399999618530273,27.799999237060547,27.299999237060547,27.75,11302392
2812,2026-10-07,18.75,18.950000762939453,18.75,18.850000381469727,10238082
2816,2026-10-07,39.70000076293945,40.54999923706055,39.70000076293945,40.5,390286
2820,2026-10-07,16.649999618530273,16.850000381469727,16.649999618530273,16.850000381469727,563960
2832,2026-10-07,56.29999923706055,57.0,56.20000076293945,57.0,100436
2834,2026-10-07,17.350000381469727,17.600000381469727,17.350000381469727,17.549999237060547,11328218
2836,2026-10-07,12.050000190734863,12.149999618530273,12.0,12.100000381469727,1064360
2838,2026-10-07,20.399999618530273,20.600000381469727,20.25,20.5,905594
2845,2026-10-07,12.850000381469727,13.0,12.850000381469727,13.0,4368064
2849,2026-10-07,15.399999618530273,15.600000381469727,15.25,15.350000381469727,68809
2850,2026-10-07,159.0,163.5,159.0,163.5,305317
2851,2026-10-07,46.29999923706055,47.79999923706055,46.150001525878906,47.75,3186774
2852,2026-10-07,27.549999237060547,27.75,27.450000762939453,27.75,300722
2855,2026-10-07,58.0,59.20000076293945,57.5,57.70000076293945,3855193
2880,2026-10-07,45.650001525878906,46.900001525878906,45.599998474121094,46.900001525878906,10551929
2881,2026-10-07,154.5,155.5,154.0,155.5,12181278
2882,2026-10-07,112.5,114.0,111.5,113.0,21878222
2883,2026-10-07,37.79999923706055,38.5,37.599998474121094,38.5,37251285
2884,2026-10-07,45.599998474121094,45.849998474121094,45.400001525878906,45.75,11792467
2885,2026-10-07,69.5999984741211,70.19999694824219,69.0,70.0,15580536
2886,2026-10-07,49.349998474121094,49.79999923706055,49.20000076293945,49.79999923706055,15649109
2887,2026-10-07,41.75,42.25,41.5,42.150001525878906,27137021
2889,2026-10-07,16.200000762939453,16.399999618530273,16.200000762939453,16.299999237060547,3088512
2890,2026-10-07,45.400001525878906,45.5,44.650001525878906,44.650001525878906,19405550
2891,2026-10-07,68.80000305175781,69.5,68.30000305175781,68.69999694824219,20342310
2892,2026-10-07,38.5,38.900001525878906,38.400001525878906,38.900001525878906,13814196
2897,2026-10-07,10.600000381469727,10.699999809265137,10.550000190734863,10.649999618530273,1196903
2901,2026-10-07,24.75,25.600000381469727,24.75,24.899999618530273,61460
2903,2026-10-07,21.75,21.950000762939453,21.75,21.950000762939453,663912
2904,2026-10-07,12.5,12.649999618530273,12.5,12.649999618530273,19224
2905,2026-10-07,17.649999618530273,17.799999237060547,17.649999618530273,17.700000762939453,340738
2906,2026-10-07,13.350000381469727,13.350000381469727,13.25,13.300000190734863,42286
2908,2026-10-07,21.899999618530273,22.049999237060547,21.850000381469727,22.049999237060547,332476
2911,2026-10-07,5.800000190734863,5.96999979019165,5.789999961853027,5.920000076293945,236081
2912,2026-10-07,211.0,214.0,210.5,213.5,1913316
2913,2026-10-07,10.899999618530273,11.149999618530273,10.899999618530273,10.899999618530273,2163418
2915,2026-10-07,57.599998474121094,58.599998474121094,57.599998474121094,58.5,1334422
2923,2026-10-07,23.799999237060547,24.0,23.549999237060547,23.700000762939453,38360
2929,2026-10-07,5.639999866485596,5.789999961853027,5.639999866485596,5.730000019073486,119954
2939,2026-10-07,24.799999237060547,24.799999237060547,23.700000762939453,24.299999237060547,44111
2945,2026-10-07,39.5,39.79999923706055,39.29999923706055,39.79999923706055,5397
3002,2026-10-07,18.899999618530273,19.100000381469727,18.899999618530273,18.899999618530273,100519
3003,2026-10-07,58.79999923706055,59.400001525878906,58.29999923706055,58.5,247169
3004,2026-10-07,121.5,122.5,120.0,121.0,395484
3005,2026-10-07,118.5,119.0,117.5,118.0,989635
3006,2026-10-07,273.5,275.0,270.0,270.5,5137729
3008,2026-10-07,6830.0,6970.0,6745.0,6845.0,2147916
3010,2026-10-07,130.5,132.0,130.5,132.0,612905
3011,2026-10-07,9.529999732971191,10.100000381469727,9.529999732971191,10.0,543697
3013,2026-10-07,96.30000305175781,97.9000015258789,93.69999694824219,96.30000305175781,4371761
3014,2026-10-07,146.5,149.5,145.5,149.0,4838650
3015,2026-10-07,54.099998474121094,54.099998474121094,52.400001525878906,52.599998474121094,444936
3016,2026-10-07,188.5,195.5,185.0,195.0,4004570
3017,2026-10-07,3650.0,3655.0,3505.0,3545.0,3043842
3018,2026-10-07,11.649999618530273,11.699999809265137,11.300000190734863,11.5,40785
3019,2026-10-07,140.0,141.0,137.5,138.0,2882999
3021,2026-10-07,27.75,29.899999618530273,27.75,27.950000762939453,3142039
3022,2026-10-07,90.80000305175781,91.0,89.5,90.69999694824219,636624
3023,2026-10-07,317.5,328.0,317.5,323.0,780478
3024,2026-10-07,13.649999618530273,13.800000190734863,13.600000381469727,13.800000190734863,329074
3025,2026-10-07,58.20000076293945,59.900001525878906,57.5,58.5,1204841
3026,2026-10-07,801.0,872.0,801.0,839.0,15526055
3027,2026-10-07,19.450000762939453,20.350000381469727,19.450000762939453,19.75,518088
3029,2026-10-07,113.5,116.0,110.5,115.5,2666300
3028,2026-10-07,62.70000076293945,63.400001525878906,62.599998474121094,63.099998474121094,457628
3030,2026-10-07,306.0,317.0,302.5,313.5,2945826
3031,2026-10-07,33.5,33.70000076293945,32.79999923706055,33.5,4429956
3032,2026-10-07,78.30000305175781,78.30000305175781,77.19999694824219,77.19999694824219,345184
3033,2026-10-07,41.79999923706055,42.099998474121094,41.599998474121094,41.70000076293945,1636096
3034,2026-10-07,538.0,539.0,527.0,529.0,2028570
3035,2026-10-07,211.0,213.0,208.0,209.0,3113011
3036,2026-10-07,215.0,218.0,213.5,215.5,6625865
3037,2026-10-07,1310.0,1345.0,1300.0,1305.0,9131856
3038,2026-10-07,20.399999618530273,20.549999237060547,20.350000381469727,20.450000762939453,201478
3040,2026-10-07,33.099998474121094,33.70000076293945,32.70000076293945,33.0,659171
3041,2026-10-07,24.25,24.450000762939453,23.899999618530273,24.0,553912
3042,2026-10-07,205.0,213.0,202.5,210.5,12697331
3043,2026-10-07,20.899999618530273,20.950000762939453,20.799999237060547,20.850000381469727,60054
3044,2026-10-07,585.0,590.0,577.0,582.0,2552472
3045,2026-10-07,123.0,123.0,122.0,122.5,5427480
3046,2026-10-07,53.400001525878906,53.70000076293945,52.79999923706055,53.0,189365
3047,2026-10-07,14.550000190734863,14.550000190734863,14.399999618530273,14.5,333622
3048,2026-10-07,52.900001525878906,54.599998474121094,52.900001525878906,53.400001525878906,1214508
3049,2026-10-07,12.149999618530273,12.25,12.100000381469727,12.199999809265137,2246893
3050,2026-10-07,11.649999618530273,11.649999618530273,11.5,11.600000381469727,353816
3051,2026-10-07,22.299999237060547,22.799999237060547,22.299999237060547,22.450000762939453,379229
3052,2026-10-07,10.449999809265137,10.550000190734863,10.449999809265137,10.5,92511
3054,2026-10-07,60.400001525878906,60.400001525878906,58.20000076293945,58.900001525878906,220580
3055,2026-10-07,218.0,227.5,213.0,223.0,1230356
3056,2026-10-07,13.649999618530273,13.75,13.649999618530273,13.649999618530273,369941
3057,2026-10-07,15.350000381469727,15.350000381469727,15.0,15.0,115393
3058,2026-10-07,8.1899995803833,8.279999732971191,8.1899995803833,8.199999809265137,314255
3059,2026-10-07,38.54999923706055,38.75,38.349998474121094,38.54999923706055,1111232
3060,2026-10-07,28.950000762939453,29.25,28.700000762939453,29.149999618530273,1030963
3062,2026-10-07,22.649999618530273,22.649999618530273,22.149999618530273,22.350000381469727,1315801
3090,2026-10-07,172.0,180.0,171.0,174.0,13770761
3092,2026-10-07,24.200000762939453,25.0,24.0,24.549999237060547,260589
3094,2026-10-07,69.19999694824219,70.19999694824219,66.19999694824219,67.5,4745162
3130,2026-10-07,207.5,208.0,207.5,207.5,41397
3135,2026-10-07,158.0,158.0,156.5,157.0,364086
3138,2026-10-07,102.5,104.0,100.0,102.0,503211
3149,2026-10-07,75.30000305175781,77.5999984741211,75.0,77.0999984741211,8542376
3164,2026-10-07,16.549999237060547,16.700000762939453,16.549999237060547,16.700000762939453,24235
3167,2026-10-07,1025.0,1060.0,1015.0,1025.0,1554263
3168,2026-10-07,42.150001525878906,42.75,42.0,42.20000076293945,12009
3189,2026-10-07,1085.0,1145.0,1085.0,1100.0,13206966
3209,2026-10-07,47.20000076293945,47.20000076293945,46.04999923706055,46.5,1772205
3229,2026-10-07,55.5,56.5,55.099998474121094,55.70000076293945,736644
3231,2026-10-07,188.5,189.5,185.0,185.0,26702076
3257,2026-10-07,49.5,49.95000076293945,49.349998474121094,49.5,98894
3266,2026-10-07,14.100000381469727,14.100000381469727,13.899999618530273,14.0,8216
3296,2026-10-07,28.049999237060547,28.75,28.049999237060547,28.5,59887
3305,2026-10-07,109.0,111.0,108.0,110.0,786043
3308,2026-10-07,22.450000762939453,22.450000762939453,21.700000762939453,22.350000381469727,32001
3311,2026-10-07,46.79999923706055,48.0,43.79999923706055,47.349998474121094,5615289
3312,2026-10-07,51.20000076293945,51.79999923706055,50.79999923706055,51.5,420248
3321,2026-10-07,17.700000762939453,17.850000381469727,17.350000381469727,17.649999618530273,177772
3338,2026-10-07,70.80000305175781,72.0,70.30000305175781,70.5,403642
3346,2026-10-07,23.450000762939453,23.600000381469727,23.299999237060547,23.299999237060547,293745
3356,2026-10-07,68.0,68.0999984741211,67.30000305175781,67.5999984741211,206315
3376,2026-10-07,171.5,172.5,168.5,169.0,2602457
3380,2026-10-07,31.299999237060547,31.399999618530273,30.649999618530273,30.899999618530273,1613815
3406,2026-10-07,1045.0,1120.0,1035.0,1085.0,6004386
3416,2026-10-07,168.0,170.0,168.0,169.0,132603
3413,2026-10-07,295.0,295.5,288.5,288.5,782196
3419,2026-10-07,12.0,12.0,11.75,11.899999618530273,69176
3432,2026-10-07,14.75,14.75,14.5,14.699999809265137,19324
3437,2026-10-07,21.350000381469727,21.600000381469727,20.950000762939453,21.299999237060547,997239
3443,2026-10-07,8485.0,8750.0,8350.0,8460.0,1575707
3447,2026-10-07,27.399999618530273,28.100000381469727,27.399999618530273,27.5,36283
3450,2026-10-07,538.0,559.0,533.0,535.0,12102965
3481,2026-10-07,51.20000076293945,52.70000076293945,50.70000076293945,52.5,101489258
3494,2026-10-07,7.079999923706055,7.099999904632568,7.019999980926514,7.079999923706055,21915
3501,2026-10-07,38.04999923706055,38.04999923706055,37.70000076293945,37.70000076293945,42724
3504,2026-10-07,82.0999984741211,85.30000305175781,82.0999984741211,83.5999984741211,1056274
3515,2026-10-07,219.0,220.5,218.0,219.0,241941
3518,2026-10-07,51.400001525878906,52.0,47.599998474121094,50.29999923706055,5247786
3528,2026-10-07,87.19999694824219,87.4000015258789,85.30000305175781,85.4000015258789,109981
3530,2026-10-07,59.70000076293945,59.900001525878906,58.599998474121094,58.599998474121094,121559
3532,2026-10-07,468.0,513.0,467.0,513.0,10231140
3533,2026-10-07,1890.0,1895.0,1825.0,1825.0,959355
3543,2026-10-07,53.20000076293945,55.70000076293945,52.599998474121094,55.70000076293945,3453936
3535,2026-10-07,92.0,93.5999984741211,91.0999984741211,91.9000015258789,515574
3545,2026-10-07,50.20000076293945,50.29999923706055,49.29999923706055,49.5,741529
3550,2026-10-07,24.850000381469727,25.100000381469727,24.5,24.549999237060547,839714
3557,2026-10-07,23.700000762939453,23.700000762939453,23.399999618530273,23.649999618530273,29447
3563,2026-10-07,756.0,769.0,740.0,740.0,743043
3576,2026-10-07,18.450000762939453,18.799999237060547,18.149999618530273,18.600000381469727,8425387
3583,2026-10-07,750.0,768.0,741.0,743.0,1157956
3588,2026-10-07,55.70000076293945,56.5,55.29999923706055,55.599998474121094,229450
3591,2026-10-07,26.950000762939453,27.299999237060547,26.649999618530273,26.799999237060547,668030
3592,2026-10-07,239.0,239.0,235.0,236.0,297863
3593,2026-10-07,10.649999618530273,10.75,10.649999618530273,10.75,5008
3596,2026-10-07,156.5,157.5,156.0,157.0,869350
3605,2026-10-07,179.0,185.0,162.0,167.0,30268755
3607,2026-10-07,13.75,14.300000190734863,13.699999809265137,14.0,300739
3617,2026-10-07,247.0,247.0,242.5,245.5,230206
3622,2026-10-07,46.099998474121094,48.5,46.099998474121094,47.04999923706055,389619
3645,2026-10-07,74.30000305175781,75.5,74.0999984741211,74.30000305175781,1661694
3652,2026-10-07,34.20000076293945,35.70000076293945,34.20000076293945,35.150001525878906,194226
3653,2026-10-07,6970.0,7020.0,6760.0,6805.0,1017014
3661,2026-10-07,4200.0,4295.0,4135.0,4190.0,3530786
3665,2026-10-07,2325.0,2330.0,2285.0,2315.0,3470576
3669,2026-10-07,32.599998474121094,32.95000076293945,32.20000076293945,32.20000076293945,145894
3673,2026-10-07,75.80000305175781,77.5,75.5,76.30000305175781,8464125
3679,2026-10-07,108.5,108.5,107.5,108.0,50515
3686,2026-10-07,15.649999618530273,15.800000190734863,15.5,15.800000190734863,73328
3694,2026-10-07,50.79999923706055,51.900001525878906,50.79999923706055,51.900001525878906,1033470
3701,2026-10-07,64.0,64.9000015258789,59.099998474121094,61.099998474121094,13532869
3702,2026-10-07,119.5,121.0,117.5,120.0,5161200
3703,2026-10-07,19.350000381469727,19.5,19.350000381469727,19.350000381469727,382669
3704,2026-10-07,39.95000076293945,40.099998474121094,39.400001525878906,39.45000076293945,870966
3705,2026-10-07,57.099998474121094,57.5,56.70000076293945,57.400001525878906,273353
3706,2026-10-07,80.80000305175781,80.9000015258789,80.19999694824219,80.9000015258789,3052886
3708,2026-10-07,96.4000015258789,97.0,95.69999694824219,96.19999694824219,121728
3711,2026-10-07,735.0,748.0,728.0,732.0,8210799
3712,2026-10-07,20.600000381469727,20.649999618530273,20.350000381469727,20.350000381469727,213907
3714,2026-10-07,67.0,68.0,66.80000305175781,67.4000015258789,4367462
3715,2026-10-07,136.0,144.0,133.0,139.0,19965468
3716,2026-10-07,33.70000076293945,33.849998474121094,33.5,33.650001525878906,143888
3717,2026-10-07,28.399999618530273,28.399999618530273,26.700000762939453,27.450000762939453,12873589
4104,2026-10-07,72.0,72.0,71.5,72.0,85742
4106,2026-10-07,24.200000762939453,24.25,24.100000381469727,24.25,110767
4108,2026-10-07,11.350000381469727,11.399999618530273,11.199999809265137,11.350000381469727,246575
4119,2026-10-07,52.79999923706055,53.900001525878906,52.79999923706055,53.599998474121094,79031
4133,2026-10-07,20.600000381469727,22.200000762939453,20.600000381469727,21.700000762939453,609534
4137,2026-10-07,75.5,76.4000015258789,75.5,76.4000015258789,57332
4142,2026-10-07,18.100000381469727,18.600000381469727,18.100000381469727,18.549999237060547,2372246
4148,2026-10-07,31.700000762939453,32.099998474121094,31.700000762939453,32.099998474121094,7081
4155,2026-10-07,,,,,0
4164,2026-10-07,29.0,29.700000762939453,28.100000381469727,28.200000762939453,1247177
4169,2026-10-07,149.0,152.0,148.5,151.5,81351
4178,2026-10-07,17.600000381469727,18.200000762939453,17.600000381469727,18.049999237060547,287817
4190,2026-10-07,24.75,24.75,24.5,24.5,13616
4306,2026-10-07,14.399999618530273,14.600000381469727,14.399999618530273,14.5,555147
4414,2026-10-07,8.020000457763672,8.130000114440918,8.020000457763672,8.069999694824219,126434
4426,2026-10-07,7.53000020980835,7.619999885559082,7.53000020980835,7.610000133514404,81284
4438,2026-10-07,56.20000076293945,56.400001525878906,56.0,56.400001525878906,61202
4439,2026-10-07,95.80000305175781,96.0,95.80000305175781,96.0,6412
4440,2026-10-07,17.049999237060547,17.549999237060547,17.049999237060547,17.450000762939453,55613
4441,2026-10-07,170.5,172.0,170.5,171.0,48955
4526,2026-10-07,34.099998474121094,34.099998474121094,33.349998474121094,33.45000076293945,1088997
4532,2026-10-07,24.399999618530273,24.600000381469727,24.399999618530273,24.600000381469727,337129
4536,2026-10-07,159.0,159.0,157.5,158.0,129806
4540,2026-10-07,59.599998474121094,59.79999923706055,58.5,58.900001525878906,913203
4545,2026-10-07,38.599998474121094,38.599998474121094,37.70000076293945,38.45000076293945,140588
4551,2026-10-07,182.0,193.5,179.0,187.0,4411196
4552,2026-10-07,15.449999809265137,15.5,15.300000190734863,15.399999618530273,105131
4555,2026-10-07,42.75,43.20000076293945,42.25,42.25,177041
4557,2026-10-07,50.20000076293945,50.70000076293945,50.099998474121094,50.20000076293945,52546
4560,2026-10-07,30.049999237060547,30.100000381469727,29.799999237060547,30.049999237060547,194000
4562,2026-10-07,30.0,30.850000381469727,29.950000762939453,30.200000762939453,103371
4564,2026-10-07,15.800000190734863,16.049999237060547,15.699999809265137,15.850000381469727,495205
4566,2026-10-07,76.4000015258789,78.0999984741211,75.5,77.30000305175781,2479846
4569,2026-10-07,157.0,160.0,155.0,159.5,160895
4571,2026-10-07,153.5,154.0,153.0,153.5,51868
4572,2026-10-07,139.5,139.5,138.0,139.0,19952
4576,2026-10-07,235.0,239.5,228.0,232.0,1738527
4581,2026-10-07,48.0,48.099998474121094,48.0,48.099998474121094,14013
4583,2026-10-07,416.0,420.0,410.0,416.0,79427
4585,2026-10-07,290.0,291.5,290.0,290.5,71218
4588,2026-10-07,55.900001525878906,57.0,55.5,56.599998474121094,100389
4720,2026-10-07,25.299999237060547,25.299999237060547,23.149999618530273,23.25,12737826
4722,2026-10-07,218.5,231.5,218.5,224.0,2830634
4736,2026-10-07,130.0,132.5,130.0,131.5,223940
4737,2026-10-07,55.400001525878906,55.70000076293945,55.0,55.0,45257
4739,2026-10-07,88.0,91.0,87.4000015258789,87.4000015258789,2529087
4746,2026-10-07,48.29999923706055,48.79999923706055,47.95000076293945,48.04999923706055,474740
4755,2026-10-07,134.0,137.5,126.5,127.5,1599997
4763,2026-10-07,47.0,47.099998474121094,46.0,46.349998474121094,4810199
4764,2026-10-07,197.5,218.0,197.5,206.5,3068219
4766,2026-10-07,353.5,359.5,352.0,359.5,259636
4770,2026-10-07,266.0,270.0,266.0,267.5,414795
4771,2026-10-07,204.0,207.5,203.0,203.0,145023
4807,2026-10-07,30.799999237060547,32.400001525878906,30.799999237060547,31.600000381469727,174744
4904,2026-10-07,105.0,106.0,104.5,106.0,3767346
4906,2026-10-07,43.099998474121094,44.0,41.849998474121094,42.20000076293945,14408789
4912,2026-10-07,109.5,112.0,108.0,109.5,620087
4915,2026-10-07,63.5,63.70000076293945,62.900001525878906,62.900001525878906,2396113
4916,2026-10-07,110.0,113.5,102.0,102.5,12870948
4919,2026-10-07,151.5,164.0,150.0,159.5,26195999
4927,2026-10-07,55.79999923706055,57.0,51.0,54.5,27666580
4934,2026-10-07,15.199999809265137,15.550000190734863,14.899999618530273,15.550000190734863,1234028
4935,2026-10-07,33.45000076293945,33.45000076293945,32.70000076293945,32.95000076293945,36333
4938,2026-10-07,90.0,90.0999984741211,89.30000305175781,90.0,3359078
4942,2026-10-07,31.549999237060547,31.600000381469727,31.399999618530273,31.549999237060547,65057
4943,2026-10-07,6.690000057220459,6.690000057220459,6.590000152587891,6.639999866485596,14262
4949,2026-10-07,82.30000305175781,86.5,81.9000015258789,83.9000015258789,2165716
4952,2026-10-07,49.79999923706055,50.20000076293945,49.0,49.349998474121094,214458
4956,2026-10-07,42.5,43.29999923706055,42.45000076293945,42.79999923706055,3429034
4958,2026-10-07,576.0,600.0,573.0,595.0,35148425
4960,2026-10-07,24.100000381469727,24.5,24.0,24.149999618530273,1850295
4961,2026-10-07,184.5,185.5,178.0,179.0,1312141
4967,2026-10-07,267.5,268.0,265.0,265.0,1382709
4968,2026-10-07,98.80000305175781,98.80000305175781,97.0,97.19999694824219,266769
4976,2026-10-07,37.95000076293945,37.95000076293945,37.150001525878906,37.599998474121094,795719
4989,2026-10-07,68.4000015258789,74.69999694824219,67.0,73.69999694824219,23574815
4977,2026-10-07,177.0,183.0,175.0,175.0,6142181
4994,2026-10-07,81.9000015258789,82.0,81.9000015258789,82.0,6666
4999,2026-10-07,17.700000762939453,17.700000762939453,17.600000381469727,17.700000762939453,53247
5203,2026-10-07,58.29999923706055,61.79999923706055,58.099998474121094,59.900001525878906,373375
5215,2026-10-07,38.20000076293945,38.20000076293945,37.70000076293945,37.70000076293945,22897
5222,2026-10-07,102.5,103.0,101.5,103.0,305378
5234,2026-10-07,329.0,342.5,324.0,336.5,1775670
5225,2026-10-07,52.900001525878906,53.79999923706055,52.79999923706055,53.20000076293945,250452
5236,2026-10-07,128.0,128.0,126.0,126.0,146509
5243,2026-10-07,96.19999694824219,97.80000305175781,95.5999984741211,96.80000305175781,1649410
5244,2026-10-07,37.900001525878906,41.25,37.79999923706055,40.75,2225885
5258,2026-10-07,41.400001525878906,42.349998474121094,41.400001525878906,42.150001525878906,204926
5269,2026-10-07,1480.0,1480.0,1455.0,1455.0,166376
5283,2026-10-07,51.400001525878906,52.20000076293945,51.400001525878906,51.599998474121094,30472
5284,2026-10-07,293.0,293.5,286.5,286.5,357119
5285,2026-10-07,100.0,106.5,96.30000305175781,97.80000305175781,12520435
5288,2026-10-07,189.5,190.0,188.5,189.0,69531
5292,2026-10-07,248.5,250.5,237.5,243.0,597237
5306,2026-10-07,87.9000015258789,88.19999694824219,87.0999984741211,87.9000015258789,137636
5388,2026-10-07,73.19999694824219,75.30000305175781,73.19999694824219,74.0,4828899
5434,2026-10-07,630.0,634.0,600.0,605.0,842841
5469,2026-10-07,81.0,81.4000015258789,79.9000015258789,80.5,2776117
5471,2026-10-07,52.20000076293945,52.29999923706055,51.29999923706055,51.70000076293945,471499
5484,2026-10-07,38.54999923706055,39.25,38.54999923706055,38.95000076293945,102891
5515,2026-10-07,51.900001525878906,52.20000076293945,51.5,52.0,217101
5519,2026-10-07,24.700000762939453,24.799999237060547,24.700000762939453,24.799999237060547,153870
5521,2026-10-07,10.949999809265137,11.149999618530273,10.899999618530273,11.100000381469727,2571046
5522,2026-10-07,60.0,61.400001525878906,60.0,61.20000076293945,508663
5525,2026-10-07,22.049999237060547,22.049999237060547,21.799999237060547,21.950000762939453,25220
5531,2026-10-07,6.789999961853027,7.079999923706055,6.78000020980835,7.010000228881836,781913
5533,2026-10-07,13.850000381469727,14.050000190734863,13.850000381469727,13.899999618530273,70002
5534,2026-10-07,71.0,71.69999694824219,70.5999984741211,71.5999984741211,433325
5538,2026-10-07,36.650001525878906,36.650001525878906,36.20000076293945,36.29999923706055,32002
5546,2026-10-07,13.699999809265137,13.949999809265137,13.5,13.850000381469727,13257
5607,2026-10-07,52.29999923706055,52.900001525878906,52.20000076293945,52.5,267003
5706,2026-10-07,44.79999923706055,44.79999923706055,44.0,44.5,56952
5608,2026-10-07,16.700000762939453,16.799999237060547,16.549999237060547,16.549999237060547,1527079
5871,2026-10-07,106.0,106.5,105.5,106.0,3927379
5876,2026-10-07,49.0,49.5,48.45000076293945,49.5,4924219
5880,2026-10-07,26.0,26.549999237060547,26.0,26.549999237060547,14411824
5906,2026-10-07,38.0,38.0,38.0,38.0,2066
5907,2026-10-07,4.730000019073486,4.760000228881836,4.650000095367432,4.679999828338623,125032
6005,2026-10-07,32.70000076293945,33.04999923706055,32.54999923706055,32.54999923706055,5197867
6108,2026-10-07,24.5,26.149999618530273,24.5,25.950000762939453,3286977
6024,2026-10-07,59.70000076293945,59.70000076293945,59.29999923706055,59.400001525878906,113208
6112,2026-10-07,44.79999923706055,44.900001525878906,44.45000076293945,44.75,477267
6115,2026-10-07,43.79999923706055,43.95000076293945,43.75,43.900001525878906,79655
6117,2026-10-07,69.19999694824219,72.0,67.69999694824219,68.0,2753438
6116,2026-10-07,15.449999809265137,15.649999618530273,15.199999809265137,15.5,27432294
6120,2026-10-07,14.149999618530273,14.25,13.800000190734863,14.0,4128649
6128,2026-10-07,19.149999618530273,19.200000762939453,19.149999618530273,19.200000762939453,19849
6133,2026-10-07,28.049999237060547,28.350000381469727,26.649999618530273,26.950000762939453,4234158
6136,2026-10-07,25.200000762939453,25.299999237060547,25.100000381469727,25.25,102150
6139,2026-10-07,788.0,795.0,780.0,787.0,2610934
6141,2026-10-07,51.20000076293945,54.0,50.0,53.400001525878906,2591315
6142,2026-10-07,9.020000457763672,9.170000076293945,8.949999809265137,9.100000381469727,597137
6152,2026-10-07,19.700000762939453,20.100000381469727,18.899999618530273,19.799999237060547,22513115
6153,2026-10-07,18.149999618530273,18.200000762939453,17.700000762939453,18.0,2477672
6155,2026-10-07,67.5,73.4000015258789,67.5,71.5,5793414
6164,2026-10-07,13.199999809265137,13.399999618530273,13.100000381469727,13.350000381469727,634312
6165,2026-10-07,47.70000076293945,48.20000076293945,47.20000076293945,47.75,661013
6166,2026-10-07,130.0,131.0,127.5,131.0,1182843
6168,2026-10-07,43.650001525878906,44.150001525878906,40.29999923706055,41.45000076293945,11742277
6176,2026-10-07,91.5,91.5,90.69999694824219,91.0999984741211,796299
6177,2026-10-07,45.400001525878906,45.95000076293945,45.150001525878906,45.900001525878906,562776
6183,2026-10-07,91.4000015258789,92.0,90.69999694824219,91.4000015258789,37490
6184,2026-10-07,39.900001525878906,40.0,39.900001525878906,40.0,68896
6191,2026-10-07,87.0999984741211,87.69999694824219,86.0999984741211,87.5,2111651
6189,2026-10-07,49.900001525878906,49.900001525878906,49.29999923706055,49.400001525878906,138680
6192,2026-10-07,111.0,112.0,111.0,111.5,74131
6196,2026-10-07,660.0,675.0,660.0,670.0,1212414
6197,2026-10-07,366.0,371.0,363.0,371.0,4080657
6201,2026-10-07,44.04999923706055,44.400001525878906,44.0,44.25,9556
6202,2026-10-07,60.400001525878906,61.599998474121094,59.900001525878906,60.900001525878906,1566507
6205,2026-10-07,72.80000305175781,73.4000015258789,71.80000305175781,71.9000015258789,773655
6206,2026-10-07,135.5,136.0,134.0,134.5,624586
6209,2026-10-07,87.80000305175781,92.0,87.4000015258789,90.9000015258789,18845856
6214,2026-10-07,188.5,190.5,188.0,189.5,642432
6213,2026-10-07,787.0,813.0,780.0,796.0,15907266
6215,2026-10-07,98.0999984741211,99.0,96.9000015258789,97.0,414566
6216,2026-10-07,19.899999618530273,21.75,19.899999618530273,21.25,686929
6224,2026-10-07,78.5999984741211,83.30000305175781,78.5999984741211,80.19999694824219,1029870
6225,2026-10-07,65.69999694824219,70.4000015258789,65.69999694824219,68.69999694824219,197128
6226,2026-10-07,42.45000076293945,45.0,42.45000076293945,43.45000076293945,17064686
6230,2026-10-07,115.0,118.5,114.5,115.5,93633
6235,2026-10-07,37.400001525878906,37.400001525878906,36.54999923706055,36.70000076293945,610979
6239,2026-10-07,310.5,313.0,304.0,307.5,14714506
6243,2026-10-07,39.0,39.54999923706055,38.599998474121094,39.29999923706055,234168
6257,2026-10-07,283.0,293.5,272.0,278.0,47524391
6269,2026-10-07,65.30000305175781,65.5999984741211,64.9000015258789,65.30000305175781,1213293
6271,2026-10-07,239.5,246.0,239.0,241.5,4121145
6272,2026-10-07,25.299999237060547,25.600000381469727,25.149999618530273,25.5,98135
6277,2026-10-07,77.5999984741211,78.30000305175781,77.5999984741211,78.0999984741211,70609
6278,2026-10-07,229.5,250.5,227.0,250.5,22087959
6281,2026-10-07,51.20000076293945,51.20000076293945,50.79999923706055,50.900001525878906,12706
6282,2026-10-07,43.75,44.400001525878906,43.54999923706055,44.04999923706055,4690290
6283,2026-10-07,18.950000762939453,18.950000762939453,18.850000381469727,18.950000762939453,31185
6285,2026-10-07,258.0,264.0,252.5,257.5,11342688
6405,2026-10-07,40.599998474121094,41.5,39.75,40.25,696922
6409,2026-10-07,890.0,922.0,885.0,888.0,230076
6412,2026-10-07,74.5,74.5,73.80000305175781,74.0,634280
6414,2026-10-07,400.5,402.5,393.5,395.0,592584
6415,2026-10-07,443.0,461.0,442.0,456.5,2187780
6416,2026-10-07,120.5,120.5,117.0,118.0,804644
6426,2026-10-07,353.0,368.5,347.0,347.5,2593759
6431,2026-10-07,16.649999618530273,17.0,16.600000381469727,17.0,169234
6438,2026-10-07,168.0,169.0,164.5,165.5,568455
6442,2026-10-07,1715.0,1815.0,1715.0,1815.0,3974961
6443,2026-10-07,28.0,28.049999237060547,27.450000762939453,27.600000381469727,3722839
6446,2026-10-07,1180.0,1215.0,1165.0,1205.0,1484386
6449,2026-10-07,238.0,261.5,237.0,261.5,8071158
6451,2026-10-07,423.5,441.5,423.5,426.5,2027581
6456,2026-10-07,101.0,108.0,96.30000305175781,102.0,71188128
6464,2026-10-07,76.9000015258789,77.0,75.5999984741211,76.5,15515
6472,2026-10-07,416.5,432.5,416.0,428.0,567472
6477,2026-10-07,33.70000076293945,34.0,33.70000076293945,33.849998474121094,317636
6491,2026-10-07,402.0,421.0,402.0,411.5,619050
6504,2026-10-07,37.70000076293945,38.5,37.599998474121094,37.95000076293945,106609
6505,2026-10-07,102.0,110.0,101.0,107.0,33540324
6515,2026-10-07,5785.0,6010.0,5520.0,5520.0,2213372
6525,2026-10-07,139.5,143.0,136.0,142.0,1576265
6526,2026-10-07,833.0,833.0,772.0,786.0,2288128
6531,2026-10-07,1035.0,1045.0,999.0,1000.0,2747979
6541,2026-10-07,32.849998474121094,33.900001525878906,32.29999923706055,32.70000076293945,669091
6533,2026-10-07,341.5,347.0,338.0,347.0,1023334
6550,2026-10-07,16.100000381469727,16.600000381469727,16.0,16.049999237060547,556771
6552,2026-10-07,24.649999618530273,24.950000762939453,24.350000381469727,24.600000381469727,61012
6558,2026-10-07,25.200000762939453,25.399999618530273,24.950000762939453,24.950000762939453,131389
6573,2026-10-07,15.899999618530273,16.200000762939453,15.699999809265137,15.899999618530273,120100
6579,2026-10-07,155.5,157.5,152.0,153.0,630736
6581,2026-10-07,108.5,108.5,106.5,108.0,45100
6582,2026-10-07,31.850000381469727,31.850000381469727,31.25,31.299999237060547,39860
6585,2026-10-07,106.0,107.5,105.0,105.0,261740
6589,2026-10-07,51.400001525878906,53.0,50.400001525878906,50.599998474121094,585619
6591,2026-10-07,41.849998474121094,42.349998474121094,41.599998474121094,42.25,74108
6592,2026-10-07,55.5,56.900001525878906,55.5,56.599998474121094,365330
6598,2026-10-07,26.0,27.200000762939453,26.0,26.75,134911
6605,2026-10-07,136.0,137.5,136.0,137.5,173140
6606,2026-10-07,24.0,24.950000762939453,23.75,24.25,101201
6614,2026-10-07,35.900001525878906,35.900001525878906,35.29999923706055,35.5,30230
6625,2026-10-07,73.5,73.9000015258789,73.5,73.80000305175781,22779
6641,2026-10-07,16.799999237060547,17.149999618530273,16.799999237060547,17.149999618530273,8375
6657,2026-10-07,34.0,34.150001525878906,33.25,33.400001525878906,275215
6658,2026-10-07,203.0,208.5,201.5,202.5,1036652
6666,2026-10-07,45.150001525878906,45.150001525878906,43.599998474121094,44.04999923706055,30177
6668,2026-10-07,51.900001525878906,52.599998474121094,50.0,50.20000076293945,4987430
6669,2026-10-07,2300.0,2310.0,2235.0,2240.0,2879866
6670,2026-10-07,272.0,274.5,272.0,274.0,72257
6671,2026-10-07,22.649999618530273,23.299999237060547,22.649999618530273,23.049999237060547,9556
6672,2026-10-07,505.0,505.0,497.5,505.0,2900689
6674,2026-10-07,18.25,18.350000381469727,18.25,18.299999237060547,41050
6689,2026-10-07,62.70000076293945,63.70000076293945,62.599998474121094,62.70000076293945,177666
6691,2026-10-07,787.0,793.0,775.0,776.0,650230
6695,2026-10-07,52.20000076293945,52.20000076293945,50.79999923706055,51.400001525878906,352869
6698,2026-10-07,31.200000762939453,32.599998474121094,31.0,31.899999618530273,236329
6706,2026-10-07,148.5,158.0,148.5,154.0,4181763
6715,2026-10-07,480.0,519.0,470.0,485.0,2985243
6719,2026-10-07,190.0,190.5,187.5,189.5,279183
6722,2026-10-07,33.04999923706055,33.04999923706055,32.900001525878906,33.0,65130
6742,2026-10-07,59.0,61.0,59.0,59.900001525878906,945052
6743,2026-10-07,35.650001525878906,37.45000076293945,35.650001525878906,35.75,653288
6753,2026-10-07,131.0,132.5,131.0,131.0,182864
6756,2026-10-07,97.5999984741211,98.80000305175781,97.4000015258789,97.9000015258789,77255
6754,2026-10-07,41.75,41.75,40.099998474121094,40.5,24200
6757,2026-10-07,52.900001525878906,53.20000076293945,52.79999923706055,53.20000076293945,254827
6768,2026-10-07,64.0,65.9000015258789,64.0,64.9000015258789,610930
6770,2026-10-07,74.30000305175781,74.80000305175781,72.4000015258789,72.5999984741211,92397634
6776,2026-10-07,52.599998474121094,52.599998474121094,52.099998474121094,52.400001525878906,54488
6781,2026-10-07,1030.0,1045.0,1020.0,1025.0,259751
6782,2026-10-07,231.0,233.5,229.5,232.5,169855
6789,2026-10-07,484.0,496.0,484.0,485.5,790855
6790,2026-10-07,37.349998474121094,37.349998474121094,37.20000076293945,37.25,146931
6792,2026-10-07,60.0,60.20000076293945,59.5,59.79999923706055,23006
6794,2026-10-07,73.80000305175781,73.80000305175781,72.0,72.0,62279
6796,2026-10-07,57.20000076293945,57.20000076293945,56.0,56.0,25651
6799,2026-10-07,91.0999984741211,93.0,90.69999694824219,91.5,132007
6805,2026-10-07,2425.0,2510.0,2390.0,2455.0,910886
6830,2026-10-07,527.0,544.0,527.0,530.0,952466
6831,2026-10-07,494.5,500.0,488.0,488.0,510577
6834,2026-10-07,123.5,135.0,123.5,125.0,18422728
6835,2026-10-07,32.5,32.5,31.5,32.04999923706055,24056
6838,2026-10-07,25.049999237060547,25.149999618530273,24.700000762939453,25.100000381469727,120869
6861,2026-10-07,272.5,277.5,265.0,270.5,1129608
6862,2026-10-07,145.5,152.5,145.0,148.5,620229
6863,2026-10-07,96.0,97.0,95.80000305175781,96.80000305175781,35697
6869,2026-10-07,69.5,70.80000305175781,69.0,70.80000305175781,214550
6873,2026-10-07,63.5,65.0999984741211,63.5,65.0999984741211,271065
6885,2026-10-07,29.399999618530273,30.899999618530273,29.399999618530273,30.399999618530273,1211941
6887,2026-10-07,37.349998474121094,37.349998474121094,36.5,36.79999923706055,17050
6890,2026-10-07,148.5,158.0,148.5,156.0,610013
6901,2026-10-07,17.5,17.649999618530273,17.149999618530273,17.149999618530273,2379153
6902,2026-10-07,143.0,143.0,136.0,138.0,546389
6906,2026-10-07,79.4000015258789,80.19999694824219,78.5,79.30000305175781,34059
6909,2026-10-07,43.20000076293945,43.70000076293945,43.0,43.29999923706055,175440
6914,2026-10-07,119.5,119.5,118.5,119.0,49339
6916,2026-10-07,19.049999237060547,19.100000381469727,18.799999237060547,19.0,44320
6918,2026-10-07,74.5,74.5999984741211,73.69999694824219,73.69999694824219,33127
6919,2026-10-07,79.0,79.0999984741211,78.0999984741211,78.0999984741211,2098082
6923,2026-10-07,74.0999984741211,74.0999984741211,73.4000015258789,73.4000015258789,21799
6928,2026-10-07,44.0,45.599998474121094,44.0,45.0,57440
6931,2026-10-07,37.95000076293945,38.5,37.95000076293945,38.099998474121094,45324
6933,2026-10-07,373.5,388.5,371.0,385.5,1133225
6934,2026-10-07,73.5999984741211,73.69999694824219,73.30000305175781,73.5999984741211,14212
6936,2026-10-07,32.099998474121094,32.45000076293945,32.099998474121094,32.20000076293945,31371
6937,2026-10-07,299.0,300.0,292.0,292.5,348329
6947,2026-10-07,68.0999984741211,69.0,67.5,68.0999984741211,136194
6944,2026-10-07,835.0,908.0,835.0,908.0,1832884
6957,2026-10-07,405.0,444.0,404.5,444.0,647537
6962,2026-10-07,33.400001525878906,33.400001525878906,32.75,32.900001525878906,1023685
6965,2026-10-07,60.599998474121094,62.900001525878906,60.599998474121094,62.900001525878906,100233
6994,2026-10-07,30.100000381469727,30.799999237060547,29.899999618530273,30.25,597220
7705,2026-10-07,29.549999237060547,29.799999237060547,29.5,29.75,74124
7711,2026-10-07,622.0,646.0,616.0,632.0,1031869
7721,2026-10-07,62.099998474121094,62.099998474121094,61.29999923706055,61.400001525878906,46517
7722,2026-10-07,263.0,274.5,261.0,270.0,132295
7732,2026-10-07,33.400001525878906,33.54999923706055,33.400001525878906,33.54999923706055,5000
7736,2026-10-07,71.5,72.4000015258789,71.0,71.80000305175781,71165
7749,2026-10-07,390.0,393.0,384.0,391.0,95498
7750,2026-10-07,1965.0,2045.0,1965.0,1995.0,137788
7760,2026-10-07,32.79999923706055,33.099998474121094,32.54999923706055,32.54999923706055,43280
7765,2026-10-07,234.0,236.0,233.0,235.0,98398
7769,2026-10-07,5910.0,6020.0,5820.0,5885.0,570968
7768,2026-10-07,304.0,305.5,299.5,300.5,42073
7780,2026-10-07,15.800000190734863,16.149999618530273,15.800000190734863,16.149999618530273,800943
7786,2026-10-07,117.5,118.0,116.5,116.5,52872
7788,2026-10-07,342.0,345.5,329.0,329.0,4719289
7791,2026-10-07,53.29999923706055,53.79999923706055,52.900001525878906,53.79999923706055,59264
7795,2026-10-07,556.0,565.0,540.0,545.0,835754
7799,2026-10-07,532.0,537.0,515.0,516.0,740633
7818,2026-10-07,60.70000076293945,61.400001525878906,60.599998474121094,61.0,50665
7821,2026-10-07,35.0,35.099998474121094,34.900001525878906,35.0,71871
7822,2026-10-07,993.0,1005.0,946.0,950.0,291117
8011,2026-10-07,16.799999237060547,17.0,16.649999618530273,16.899999618530273,1070398
8016,2026-10-07,296.0,296.0,288.5,289.5,695647
8021,2026-10-07,562.0,574.0,549.0,556.0,7617939
8028,2026-10-07,281.5,294.0,280.5,285.0,7455929
8033,2026-10-07,175.0,178.0,173.5,174.0,2690509
8039,2026-10-07,295.5,304.5,288.0,304.5,18088784
8045,2026-10-07,53.5,55.900001525878906,53.29999923706055,55.900001525878906,98837
8046,2026-10-07,1505.0,1560.0,1470.0,1480.0,8886527
8070,2026-10-07,51.70000076293945,52.70000076293945,51.400001525878906,51.5,2446814
8072,2026-10-07,27.100000381469727,27.200000762939453,26.899999618530273,26.899999618530273,87031
8081,2026-10-07,264.0,264.0,260.5,262.5,333337
8101,2026-10-07,10.100000381469727,10.5,10.100000381469727,10.199999809265137,3938
8103,2026-10-07,120.0,123.0,118.0,118.0,2508023
8104,2026-10-07,31.299999237060547,31.350000381469727,30.899999618530273,30.950000762939453,167220
8105,2026-10-07,15.199999809265137,15.350000381469727,15.100000381469727,15.149999618530273,1077849
8110,2026-10-07,48.900001525878906,49.79999923706055,48.5,49.5,4079210
8112,2026-10-07,84.0999984741211,84.5,83.69999694824219,83.69999694824219,3017732
8114,2026-10-07,178.0,179.0,176.0,177.5,332931
8131,2026-10-07,65.0,69.19999694824219,63.79999923706055,68.19999694824219,8297643
8150,2026-10-07,126.0,129.0,125.0,128.5,34803284
8163,2026-10-07,30.200000762939453,30.299999237060547,29.799999237060547,29.899999618530273,1126342
8201,2026-10-07,16.299999237060547,16.950000762939453,16.299999237060547,16.75,270475
8210,2026-10-07,885.0,891.0,870.0,872.0,2458015
8213,2026-10-07,34.29999923706055,37.70000076293945,34.29999923706055,37.70000076293945,6166812
8215,2026-10-07,28.299999237060547,28.450000762939453,27.899999618530273,27.950000762939453,1129152
8222,2026-10-07,35.04999923706055,35.45000076293945,35.0,35.04999923706055,236130
8249,2026-10-07,39.099998474121094,40.0,39.099998474121094,39.70000076293945,124230
8271,2026-10-07,202.5,204.0,201.0,202.0,1119524
8261,2026-10-07,194.0,195.0,190.5,191.0,6422713
8341,2026-10-07,73.69999694824219,73.80000305175781,73.5999984741211,73.5999984741211,162687
8367,2026-10-07,41.0,41.0,40.900001525878906,40.900001525878906,4050
8374,2026-10-07,75.5,75.9000015258789,75.0999984741211,75.5999984741211,129369
8404,2026-10-07,13.300000190734863,13.550000190734863,13.300000190734863,13.5,153649
8411,2026-10-07,11.649999618530273,11.699999809265137,11.550000190734863,11.699999809265137,74882
8422,2026-10-07,25.299999237060547,25.700000762939453,25.200000762939453,25.600000381469727,3841992
8429,2026-10-07,5.869999885559082,5.949999809265137,5.869999885559082,5.889999866485596,55527
8438,2026-10-07,81.4000015258789,82.5,80.80000305175781,81.69999694824219,332108
8442,2026-10-07,45.5,46.599998474121094,45.5,46.099998474121094,38107
8443,2026-10-07,10.949999809265137,11.149999618530273,10.949999809265137,11.149999618530273,6804
8454,2026-10-07,239.0,245.0,239.0,244.5,295058
8462,2026-10-07,157.0,158.0,157.0,158.0,23563
8463,2026-10-07,21.25,21.25,21.149999618530273,21.25,10031
8464,2026-10-07,367.0,367.0,364.0,365.5,284408
8466,2026-10-07,15.5,15.5,15.199999809265137,15.350000381469727,13000
8467,2026-10-07,89.5,91.5,89.5,91.5,11740
8473,2026-10-07,40.04999923706055,40.150001525878906,39.79999923706055,40.099998474121094,204890
8476,2026-10-07,20.299999237060547,21.700000762939453,20.0,20.899999618530273,676110
8478,2026-10-07,139.0,140.5,139.0,139.5,50815
8481,2026-10-07,40.54999923706055,40.54999923706055,40.5,40.5,15000
8482,2026-10-07,49.20000076293945,49.20000076293945,47.79999923706055,48.0,5008
8488,2026-10-07,9.630000114440918,9.829999923706055,9.600000381469727,9.819999694824219,28025
8499,2026-10-07,253.0,253.0,250.5,252.5,12947
8926,2026-10-07,59.29999923706055,60.900001525878906,59.20000076293945,60.29999923706055,3975355
8940,2026-10-07,15.399999618530273,15.550000190734863,15.050000190734863,15.149999618530273,61267
8996,2026-10-07,1660.0,1660.0,1605.0,1645.0,1093187
9802,2026-10-07,64.9000015258789,66.0999984741211,64.80000305175781,65.9000015258789,425245
9902,2026-10-07,13.149999618530273,13.350000381469727,12.850000381469727,13.050000190734863,89180
9904,2026-10-07,24.600000381469727,25.0,24.549999237060547,24.950000762939453,14373873
9905,2026-10-07,21.299999237060547,21.299999237060547,21.200000762939453,21.25,65015
9906,2026-10-07,40.849998474121094,41.150001525878906,39.5,40.0,86722
9907,2026-10-07,14.75,14.850000381469727,14.699999809265137,14.800000190734863,687593
9908,2026-10-07,28.899999618530273,29.149999618530273,28.899999618530273,29.049999237060547,163037
9910,2026-10-07,66.80000305175781,66.80000305175781,66.0999984741211,66.30000305175781,1240102
9911,2026-10-07,81.19999694824219,81.4000015258789,81.19999694824219,81.30000305175781,234989
9912,2026-10-07,12.899999618530273,13.050000190734863,12.899999618530273,13.050000190734863,17100
9914,2026-10-07,66.0,67.69999694824219,65.9000015258789,67.4000015258789,1092315
9917,2026-10-07,106.5,106.5,106.0,106.5,148768
9919,2026-10-07,14.149999618530273,14.699999809265137,14.149999618530273,14.649999618530273,1864817
9921,2026-10-07,88.69999694824219,91.80000305175781,88.69999694824219,91.80000305175781,1152544
9924,2026-10-07,38.099998474121094,38.150001525878906,37.79999923706055,37.95000076293945,60075
9925,2026-10-07,39.45000076293945,39.5,39.349998474121094,39.400001525878906,302008
9927,2026-10-07,62.099998474121094,62.599998474121094,62.099998474121094,62.5,113540
9928,2026-10-07,18.0,18.0,17.850000381469727,17.850000381469727,30502
9929,2026-10-07,11.550000190734863,12.550000190734863,11.550000190734863,12.550000190734863,341363
9930,2026-10-07,58.79999923706055,58.79999923706055,58.5,58.70000076293945,121693
9931,2026-10-07,34.20000076293945,34.20000076293945,33.54999923706055,34.0,30098
9934,2026-10-07,9.710000038146973,9.819999694824219,9.680000305175781,9.819999694824219,382865
9933,2026-10-07,44.70000076293945,44.95000076293945,43.5,43.54999923706055,6913355
9935,2026-10-07,18.25,18.299999237060547,18.149999618530273,18.25,120119
9937,2026-10-07,55.29999923706055,55.29999923706055,54.5,54.5,6593
9938,2026-10-07,39.0,39.75,38.900001525878906,39.150001525878906,1298396
9939,2026-10-07,126.5,128.5,126.0,127.5,721655
9940,2026-10-07,20.100000381469727,20.100000381469727,19.899999618530273,20.0,187985
9941,2026-10-07,75.4000015258789,76.5999984741211,75.0,76.30000305175781,788437
9942,2026-10-07,114.0,114.0,113.0,113.0,30263
9943,2026-10-07,50.400001525878906,50.5,50.0,50.099998474121094,64668
9944,2026-10-07,17.149999618530273,17.25,17.100000381469727,17.25,19924
9945,2026-10-07,28.799999237060547,29.399999618530273,28.799999237060547,29.299999237060547,3550998
9955,2026-10-07,24.5,24.5,23.75,23.899999618530273,264774
9946,2026-10-07,16.700000762939453,16.75,16.600000381469727,16.649999618530273,133705
9958,2026-10-07,89.69999694824219,90.0,89.0,89.0,616878
2254,2026-10-07,102.0,106.0,91.4000015258789,91.4000015258789,5827762
2258,2026-10-07,31.0,31.299999237060547,30.799999237060547,30.899999618530273,330546
2432,2026-10-07,29.899999618530273,29.899999618530273,28.25,28.299999237060547,136271
3150,2026-10-07,15.300000190734863,15.300000190734863,14.949999809265137,15.050000190734863,96988
4195,2026-10-07,16.450000762939453,16.5,15.550000190734863,15.850000381469727,168380
4582,2026-10-07,22.0,22.149999618530273,22.0,22.100000381469727,48468
4590,2026-10-07,88.19999694824219,89.80000305175781,88.19999694824219,89.4000015258789,134189
6534,2026-10-07,94.0999984741211,94.5,94.0,94.0,59259
6645,2026-10-07,12.649999618530273,12.850000381469727,12.199999809265137,12.300000190734863,73504
6771,2026-10-07,41.849998474121094,42.29999923706055,41.70000076293945,42.29999923706055,11000
6854,2026-10-07,93.19999694824219,94.0,91.0999984741211,91.4000015258789,148434
6908,2026-10-07,26.0,26.350000381469727,25.899999618530273,26.049999237060547,67943
6924,2026-10-07,135.5,136.0,130.5,131.0,35807
6949,2026-10-07,46.599998474121094,47.70000076293945,44.849998474121094,45.29999923706055,2317427
6951,2026-10-07,69.19999694824219,69.19999694824219,68.80000305175781,69.0,17832
6969,2026-10-07,30.549999237060547,30.700000762939453,30.25,30.549999237060547,28727
6988,2026-10-07,12.899999618530273,12.899999618530273,12.399999618530273,12.850000381469727,165038
7610,2026-10-07,1820.0,1890.0,1800.0,1805.0,990954
7631,2026-10-07,141.0,141.0,138.5,140.5,66162
7730,2026-10-07,190.5,206.0,188.5,195.5,260238
7740,2026-10-07,102.0,110.0,102.0,108.0,409121
7803,2026-10-07,17.200000762939453,17.600000381469727,17.149999618530273,17.5,67055
7823,2026-10-07,78.0,79.30000305175781,78.0,78.69999694824219,21217
7827,2026-10-07,166.0,166.5,163.0,165.5,331055
7835,2026-10-07,20.0,20.049999237060547,19.549999237060547,19.799999237060547,59306
8162,2026-10-07,65.0,65.5999984741211,64.19999694824219,64.9000015258789,151882
8487,2026-10-07,70.0999984741211,70.0999984741211,69.80000305175781,70.0,6658
0050,2026-10-07,116.1500015258789,116.55000305175781,115.94999694824219,116.05000305175781,61442410
0051,2026-10-07,152.39999389648438,153.39999389648438,152.39999389648438,153.14999389648438,42447
0052,2026-10-07,67.75,68.0,67.55000305175781,67.6500015258789,20212969
0053,2026-10-07,263.1000061035156,263.1000061035156,261.29998779296875,262.0,169271
0055,2026-10-07,49.310001373291016,49.84000015258789,49.310001373291016,49.81999969482422,1146421
0056,2026-10-07,58.150001525878906,58.650001525878906,58.04999923706055,58.45000076293945,28430150
0057,2026-10-07,344.70001220703125,346.20001220703125,344.6499938964844,345.6499938964844,77001
0061,2026-10-07,23.170000076293945,23.170000076293945,23.020000457763672,23.049999237060547,45947
9103,2026-10-07,5.300000190734863,5.440000057220459,5.230000019073486,5.349999904632568,4484528
9105,2026-10-07,8.65999984741211,9.039999961853027,8.619999885559082,8.890000343322754,48743919
9110,2026-10-07,3.559999942779541,3.559999942779541,3.119999885559082,3.380000114440918,220000
9136,2026-10-07,9.329999923706055,9.350000381469727,9.260000228881836,9.350000381469727,59098
1240,2026-10-07,53.599998474121094,54.29999923706055,53.599998474121094,53.900001525878906,55644
1259,2026-10-07,65.5,65.5,65.5,65.5,1067
1264,2026-10-07,250.0,250.0,248.0,249.5,20578
1268,2026-10-07,175.0,175.0,174.5,175.0,9950
1294,2026-10-07,49.79999923706055,50.0,49.29999923706055,50.0,17420
1295,2026-10-07,49.75,51.20000076293945,49.599998474121094,50.20000076293945,171468
1336,2026-10-07,18.25,18.399999618530273,18.049999237060547,18.100000381469727,388609
1565,2026-10-07,96.4000015258789,97.5,96.4000015258789,97.30000305175781,168268
1569,2026-10-07,70.0,72.69999694824219,68.0,72.19999694824219,6301793
1580,2026-10-07,95.5999984741211,96.19999694824219,95.5999984741211,96.19999694824219,58101
1584,2026-10-07,18.149999618530273,18.200000762939453,18.0,18.100000381469727,399191
1586,2026-10-07,17.850000381469727,18.100000381469727,17.700000762939453,17.799999237060547,241158
1591,2026-10-07,41.0,41.25,40.54999923706055,40.650001525878906,175620
1593,2026-10-07,31.5,31.850000381469727,31.5,31.549999237060547,9923
1595,2026-10-07,71.80000305175781,73.0999984741211,70.69999694824219,72.30000305175781,969474
1742,2026-10-07,17.75,17.75,17.549999237060547,17.700000762939453,84004
1777,2026-10-07,75.5,75.80000305175781,75.30000305175781,75.5,28113
1780,2026-10-07,24.700000762939453,24.899999618530273,24.5,24.600000381469727,61720
1781,2026-10-07,9.859999656677246,9.979999542236328,9.859999656677246,9.930000305175781,10719
1784,2026-10-07,60.70000076293945,60.70000076293945,59.20000076293945,60.0,30547
1785,2026-10-07,109.0,109.0,105.0,107.0,21042104
1788,2026-10-07,127.5,127.5,127.0,127.0,38018
1796,2026-10-07,29.600000381469727,30.0,29.5,30.0,14003
1799,2026-10-07,28.200000762939453,28.200000762939453,27.799999237060547,28.0,150390
1813,2026-10-07,11.149999618530273,11.199999809265137,11.149999618530273,11.149999618530273,12526
1815,2026-10-07,127.5,139.0,127.0,132.5,104954960
2035,2026-10-07,26.549999237060547,27.600000381469727,26.549999237060547,27.600000381469727,6061
2061,2026-10-07,66.0999984741211,69.69999694824219,65.69999694824219,68.4000015258789,3574895
2063,2026-10-07,23.350000381469727,23.700000762939453,23.350000381469727,23.549999237060547,39201
2064,2026-10-07,12.0,12.0,11.850000381469727,11.899999618530273,4010
2065,2026-10-07,35.599998474121094,35.849998474121094,35.5,35.70000076293945,97161
2066,2026-10-07,51.70000076293945,51.79999923706055,51.20000076293945,51.79999923706055,15328
2067,2026-10-07,,,,,0
2070,2026-10-07,62.70000076293945,62.70000076293945,61.599998474121094,62.29999923706055,60346
2221,2026-10-07,187.5,195.0,185.0,189.5,654825
2230,2026-10-07,21.649999618530273,22.200000762939453,21.600000381469727,21.75,266233
2235,2026-10-07,28.0,28.450000762939453,28.0,28.450000762939453,3050
2596,2026-10-07,34.0,34.54999923706055,34.0,34.04999923706055,25379
2640,2026-10-07,155.0,155.5,154.5,155.0,26126
2641,2026-10-07,17.200000762939453,17.25,17.100000381469727,17.25,735227
2643,2026-10-07,62.599998474121094,63.0,62.20000076293945,63.0,46890
2718,2026-10-07,39.400001525878906,39.70000076293945,39.349998474121094,39.70000076293945,19428
2719,2026-10-07,19.5,19.5,19.149999618530273,19.149999618530273,5200
2724,2026-10-07,13.649999618530273,13.649999618530273,13.5,13.5,19098
2726,2026-10-07,8.020000457763672,8.039999961853027,7.949999809265137,8.0,27001
2729,2026-10-07,155.0,155.0,154.0,154.5,9013
2732,2026-10-07,63.099998474121094,63.29999923706055,63.099998474121094,63.20000076293945,49773
2734,2026-10-07,14.5,14.5,14.25,14.300000190734863,41974
2736,2026-10-07,11.100000381469727,11.25,11.050000190734863,11.149999618530273,37000
2740,2026-10-07,31.399999618530273,31.5,31.399999618530273,31.5,2004
2743,2026-10-07,51.0,51.79999923706055,50.79999923706055,51.5,57860
2745,2026-10-07,85.4000015258789,85.80000305175781,85.30000305175781,85.80000305175781,18413
2751,2026-10-07,53.79999923706055,54.79999923706055,53.79999923706055,54.29999923706055,17753
2754,2026-10-07,67.5,67.5,67.0999984741211,67.30000305175781,7484
2755,2026-10-07,98.0999984741211,98.0999984741211,97.5,98.0,60005
2756,2026-10-07,61.70000076293945,61.70000076293945,59.79999923706055,61.400001525878906,46236
2916,2026-10-07,40.45000076293945,40.5,40.45000076293945,40.5,10022
2924,2026-10-07,18.25,18.25,18.25,18.25,1000
2926,2026-10-07,30.049999237060547,30.299999237060547,30.0,30.200000762939453,10614
2941,2026-10-07,31.799999237060547,31.799999237060547,31.350000381469727,31.350000381469727,2002
2947,2026-10-07,60.79999923706055,60.79999923706055,60.5,60.5,8291
2948,2026-10-07,36.400001525878906,36.400001525878906,36.400001525878906,36.400001525878906,1045
3066,2026-10-07,27.5,27.649999618530273,26.950000762939453,27.0,514106
3071,2026-10-07,22.75,23.0,22.600000381469727,22.600000381469727,189856
3073,2026-10-07,20.450000762939453,20.5,20.450000762939453,20.450000762939453,17065
3078,2026-10-07,46.0,46.5,45.79999923706055,46.099998474121094,337393
3081,2026-10-07,2990.0,3210.0,2990.0,3140.0,5713321
3083,2026-10-07,23.200000762939453,23.200000762939453,23.0,23.049999237060547,21274
3086,2026-10-07,27.799999237060547,27.799999237060547,26.549999237060547,27.399999618530273,100351
3088,2026-10-07,136.0,137.5,132.0,134.0,962790
3093,2026-10-07,46.5,46.650001525878906,45.79999923706055,46.5,232372
3095,2026-10-07,33.04999923706055,33.04999923706055,32.900001525878906,32.900001525878906,7006
3105,2026-10-07,589.0,613.0,582.0,588.0,22638842
3114,2026-10-07,40.849998474121094,41.45000076293945,39.099998474121094,39.54999923706055,1266366
3115,2026-10-07,8.479999542236328,8.479999542236328,8.029999732971191,8.119999885559082,7017
3118,2026-10-07,31.149999618530273,31.399999618530273,31.049999237060547,31.299999237060547,13626
3122,2026-10-07,24.299999237060547,24.450000762939453,24.049999237060547,24.149999618530273,40016
3128,2026-10-07,20.299999237060547,20.299999237060547,20.100000381469727,20.100000381469727,29841
3131,2026-10-07,2560.0,2615.0,2450.0,2450.0,403957
3141,2026-10-07,80.0,83.0999984741211,80.0,81.5,1872433
3147,2026-10-07,286.5,296.5,283.0,295.0,1686215
3152,2026-10-07,241.0,247.5,238.0,242.5,158850
3158,2026-10-07,85.0999984741211,85.19999694824219,85.0,85.0999984741211,7102
3162,2026-10-07,84.0999984741211,84.0999984741211,82.30000305175781,83.0999984741211,1487852
3163,2026-10-07,700.0,724.0,700.0,702.0,4094672
3169,2026-10-07,113.0,113.5,109.0,109.0,225168
3176,2026-10-07,38.150001525878906,38.650001525878906,38.150001525878906,38.349998474121094,297449
3178,2026-10-07,68.5999984741211,68.5999984741211,67.0999984741211,67.0999984741211,147077
3188,2026-10-07,22.700000762939453,22.700000762939453,22.350000381469727,22.549999237060547,279736
3191,2026-10-07,17.549999237060547,17.600000381469727,17.149999618530273,17.450000762939453,19365
3205,2026-10-07,46.599998474121094,46.599998474121094,46.20000076293945,46.54999923706055,35074
3206,2026-10-07,34.400001525878906,34.45000076293945,33.79999923706055,34.20000076293945,22107
3207,2026-10-07,39.29999923706055,39.79999923706055,38.849998474121094,39.099998474121094,142246
3211,2026-10-07,389.0,404.0,386.0,389.5,4511404
3213,2026-10-07,126.0,126.0,123.5,123.5,300648
3217,2026-10-07,128.5,129.0,127.5,128.5,153649
3218,2026-10-07,134.5,134.5,133.0,133.5,100970
3219,2026-10-07,145.5,150.0,130.0,130.0,1856459
3221,2026-10-07,51.900001525878906,55.0,51.900001525878906,54.400001525878906,3046045
3224,2026-10-07,32.54999923706055,32.54999923706055,32.0,32.45000076293945,24044
3226,2026-10-07,58.0,58.0,54.29999923706055,57.79999923706055,23681
3227,2026-10-07,187.0,188.0,186.0,186.5,507214
3228,2026-10-07,168.5,171.5,164.5,164.5,482463
3230,2026-10-07,40.79999923706055,40.79999923706055,40.20000076293945,40.349998474121094,198987
3232,2026-10-07,20.149999618530273,20.200000762939453,19.850000381469727,19.850000381469727,25033
3234,2026-10-07,178.0,193.0,177.5,191.0,6590231
3236,2026-10-07,52.599998474121094,57.79999923706055,52.599998474121094,56.20000076293945,23227747
3252,2026-10-07,15.5,15.5,15.300000190734863,15.300000190734863,7000
3259,2026-10-07,12.0,12.0,11.25,11.5,14039
3260,2026-10-07,362.0,368.0,362.0,365.0,7484491
3264,2026-10-07,245.5,253.0,243.5,250.0,14060766
3265,2026-10-07,217.0,217.0,217.0,217.0,2365405
3268,2026-10-07,24.350000381469727,24.5,23.299999237060547,24.299999237060547,460449
3272,2026-10-07,13.850000381469727,13.899999618530273,13.850000381469727,13.899999618530273,5360
3276,2026-10-07,14.149999618530273,14.149999618530273,13.949999809265137,14.100000381469727,49310
3284,2026-10-07,23.0,23.100000381469727,21.5,21.5,669846
3285,2026-10-07,42.349998474121094,43.0,41.95000076293945,43.0,28379
3287,2026-10-07,39.95000076293945,40.5,39.400001525878906,39.5,165008
3288,2026-10-07,22.799999237060547,22.799999237060547,21.399999618530273,21.950000762939453,55809
3289,2026-10-07,142.0,144.5,142.0,142.5,527549
3290,2026-10-07,50.70000076293945,50.79999923706055,49.79999923706055,50.79999923706055,595125
3293,2026-10-07,779.0,783.0,771.0,780.0,600838
3294,2026-10-07,31.850000381469727,32.150001525878906,31.600000381469727,31.950000762939453,281736
3297,2026-10-07,35.349998474121094,36.54999923706055,33.650001525878906,33.79999923706055,1163231
3303,2026-10-07,49.79999923706055,50.5,49.54999923706055,49.849998474121094,329519
3306,2026-10-07,46.70000076293945,47.29999923706055,46.70000076293945,47.29999923706055,58504
3310,2026-10-07,67.5,68.5999984741211,67.4000015258789,67.9000015258789,31072
3313,2026-10-07,10.300000190734863,10.350000381469727,10.25,10.300000190734863,74740
3317,2026-10-07,67.5,69.9000015258789,66.19999694824219,68.69999694824219,3481461
3322,2026-10-07,11.100000381469727,11.199999809265137,11.050000190734863,11.100000381469727,140283
3323,2026-10-07,30.149999618530273,30.5,29.549999237060547,29.799999237060547,231306
3324,2026-10-07,1540.0,1550.0,1485.0,1525.0,2713937
3325,2026-10-07,11.399999618530273,11.449999809265137,11.199999809265137,11.25,209131
3332,2026-10-07,64.0,64.80000305175781,63.599998474121094,64.5999984741211,11287
3339,2026-10-07,44.650001525878906,46.0,44.54999923706055,45.400001525878906,972963
3349,2026-10-07,18.899999618530273,18.899999618530273,18.049999237060547,18.399999618530273,36333
3354,2026-10-07,31.850000381469727,32.150001525878906,30.350000381469727,30.5,1670190
3357,2026-10-07,219.0,230.0,219.0,225.0,2728822
3360,2026-10-07,15.300000190734863,15.449999809265137,15.149999618530273,15.350000381469727,188061
3362,2026-10-07,190.0,196.0,187.5,196.0,5400146
3363,2026-10-07,656.0,693.0,656.0,679.0,4759036
3372,2026-10-07,16.549999237060547,16.75,16.549999237060547,16.600000381469727,367926
3374,2026-10-07,483.0,499.5,475.5,497.0,8248117
3373,2026-10-07,16.299999237060547,17.5,16.25,17.100000381469727,1087527
3379,2026-10-07,28.299999237060547,28.299999237060547,27.200000762939453,27.299999237060547,56209
3388,2026-10-07,85.5999984741211,86.9000015258789,85.30000305175781,86.0,329242
3390,2026-10-07,22.149999618530273,22.299999237060547,22.049999237060547,22.299999237060547,79311
3402,2026-10-07,140.5,141.0,139.0,139.5,290214
3430,2026-10-07,114.0,115.0,112.5,113.0,199374
3434,2026-10-07,30.799999237060547,31.450000762939453,30.799999237060547,31.299999237060547,52733
3438,2026-10-07,61.79999923706055,61.79999923706055,60.599998474121094,60.79999923706055,53816
3441,2026-10-07,260.0,280.5,247.5,249.0,42751522
3444,2026-10-07,77.4000015258789,78.4000015258789,76.69999694824219,78.30000305175781,64761
3455,2026-10-07,277.5,282.5,277.5,281.0,654954
3465,2026-10-07,29.700000762939453,29.799999237060547,29.700000762939453,29.799999237060547,7010
3466,2026-10-07,26.149999618530273,27.600000381469727,25.950000762939453,27.5,529071
3467,2026-10-07,71.5,74.0,70.80000305175781,71.19999694824219,625448
3479,2026-10-07,136.0,136.5,134.0,134.5,406496
3483,2026-10-07,81.4000015258789,81.4000015258789,78.80000305175781,79.0,335436
3484,2026-10-07,49.099998474121094,49.849998474121094,49.099998474121094,49.79999923706055,182032
3485,2026-10-07,214.0,223.5,213.5,223.5,104890
3489,2026-10-07,22.75,22.75,22.200000762939453,22.5,29037
3490,2026-10-07,45.70000076293945,46.5,45.29999923706055,45.650001525878906,1997095
3491,2026-10-07,1745.0,1760.0,1680.0,1705.0,1782292
3498,2026-10-07,234.0,239.5,229.5,231.5,1881139
3499,2026-10-07,13.5,13.5,13.050000190734863,13.449999809265137,46566
3508,2026-10-07,25.5,25.600000381469727,25.0,25.049999237060547,181483
3511,2026-10-07,19.600000381469727,20.149999618530273,19.600000381469727,20.100000381469727,75335
3512,2026-10-07,19.149999618530273,19.149999618530273,18.950000762939453,19.0,32334
3516,2026-10-07,26.0,26.399999618530273,25.850000381469727,26.399999618530273,21060
3520,2026-10-07,17.799999237060547,17.850000381469727,17.450000762939453,17.799999237060547,172566
3521,2026-10-07,11.550000190734863,11.600000381469727,11.550000190734863,11.550000190734863,15298
3522,2026-10-07,12.100000381469727,12.100000381469727,11.949999809265137,12.0,105404
3523,2026-10-07,14.100000381469727,14.100000381469727,13.75,13.75,22387
3526,2026-10-07,278.0,278.0,272.5,276.5,245664
3527,2026-10-07,50.599998474121094,50.79999923706055,50.29999923706055,50.599998474121094,45823
3531,2026-10-07,21.0,21.649999618530273,21.0,21.649999618530273,34189
3529,2026-10-07,3130.0,3150.0,3000.0,3015.0,878756
3537,2026-10-07,56.20000076293945,58.20000076293945,56.0,56.29999923706055,823697
3540,2026-10-07,24.0,24.049999237060547,23.75,24.0,225096
3546,2026-10-07,72.0999984741211,72.80000305175781,72.0999984741211,72.69999694824219,83050
3541,2026-10-07,24.5,24.600000381469727,24.299999237060547,24.350000381469727,52255
3548,2026-10-07,74.0999984741211,75.0999984741211,74.0,74.19999694824219,156978
3551,2026-10-07,197.0,203.0,196.0,200.0,776835
3552,2026-10-07,44.04999923706055,44.5,43.599998474121094,44.04999923706055,211406
3555,2026-10-07,164.0,167.0,163.0,163.0,39345
3556,2026-10-07,64.30000305175781,67.5,63.5,65.5999984741211,2046358
3558,2026-10-07,135.0,139.5,132.5,134.0,500742
3564,2026-10-07,62.70000076293945,62.79999923706055,58.599998474121094,60.900001525878906,2558071
3567,2026-10-07,26.450000762939453,26.450000762939453,25.950000762939453,26.049999237060547,29040
3570,2026-10-07,168.5,173.0,168.5,169.5,22201
3577,2026-10-07,111.0,111.5,110.0,110.0,130160
3580,2026-10-07,103.5,104.5,102.0,103.5,596829
3581,2026-10-07,113.5,115.5,112.0,113.5,272724
3587,2026-10-07,246.5,248.0,245.5,246.0,503474
3594,2026-10-07,46.79999923706055,47.0,46.25,46.349998474121094,194002
3597,2026-10-07,36.75,36.75,36.75,36.75,573370
3609,2026-10-07,24.5,24.850000381469727,23.450000762939453,24.600000381469727,116775
3611,2026-10-07,183.5,183.5,182.5,183.0,18570
3615,2026-10-07,43.5,44.5,42.95000076293945,43.95000076293945,981582
3623,2026-10-07,29.799999237060547,30.0,29.299999237060547,29.600000381469727,214603
3624,2026-10-07,153.0,159.5,153.0,159.5,29806889
3625,2026-10-07,9.899999618530273,10.5,9.369999885559082,10.100000381469727,494615
3628,2026-10-07,72.5,73.0,71.80000305175781,72.4000015258789,65628
3629,2026-10-07,12.5,13.949999809265137,12.5,13.949999809265137,6000
3630,2026-10-07,28.950000762939453,29.5,28.100000381469727,28.25,1874886
3631,2026-10-07,42.95000076293945,44.599998474121094,42.400001525878906,43.04999923706055,631245
3632,2026-10-07,,,,,0
3646,2026-10-07,25.049999237060547,25.399999618530273,24.799999237060547,25.100000381469727,15022
3663,2026-10-07,63.900001525878906,64.0999984741211,62.29999923706055,62.5,306761
3664,2026-10-07,8.1899995803833,8.199999809265137,8.1899995803833,8.1899995803833,28005
3666,2026-10-07,25.25,25.399999618530273,25.200000762939453,25.399999618530273,67721
3672,2026-10-07,12.449999809265137,13.0,12.300000190734863,12.850000381469727,505070
3675,2026-10-07,339.0,363.0,338.0,359.5,2350301
3680,2026-10-07,566.0,572.0,558.0,567.0,960981
3684,2026-10-07,57.70000076293945,60.5,56.599998474121094,60.5,111391
3685,2026-10-07,35.45000076293945,36.0,35.04999923706055,35.29999923706055,641628
3687,2026-10-07,60.70000076293945,61.0,60.599998474121094,60.70000076293945,41332
3689,2026-10-07,118.5,119.5,117.0,118.0,1656706
3691,2026-10-07,104.5,105.5,103.5,104.0,348967
3693,2026-10-07,718.0,729.0,704.0,718.0,1597263
3707,2026-10-07,85.19999694824219,91.5,84.0999984741211,89.9000015258789,34650383
3709,2026-10-07,64.4000015258789,66.0,64.4000015258789,66.0,204404
3710,2026-10-07,8.0,8.300000190734863,7.960000038146973,8.25,286104
3713,2026-10-07,13.5,13.5,13.199999809265137,13.5,67584
4102,2026-10-07,18.399999618530273,18.799999237060547,18.25,18.649999618530273,34568
4105,2026-10-07,79.0,80.4000015258789,78.9000015258789,80.30000305175781,1427255
4107,2026-10-07,109.0,109.5,109.0,109.5,34839
4109,2026-10-07,10.899999618530273,11.0,10.899999618530273,11.0,96391
4111,2026-10-07,28.75,28.899999618530273,28.75,28.850000381469727,16481
4113,2026-10-07,15.100000381469727,15.100000381469727,14.800000190734863,14.800000190734863,152356
4114,2026-10-07,29.100000381469727,29.200000762939453,29.100000381469727,29.200000762939453,447994
4116,2026-10-07,40.0,40.0,39.5,39.75,19218
4120,2026-10-07,45.5,46.0,45.5,45.79999923706055,15936
4121,2026-10-07,12.699999809265137,12.949999809265137,12.699999809265137,12.800000190734863,43687
4123,2026-10-07,30.600000381469727,31.100000381469727,30.600000381469727,31.100000381469727,1048066
4126,2026-10-07,77.5999984741211,77.69999694824219,77.5,77.5,37208
4127,2026-10-07,42.099998474121094,45.29999923706055,41.650001525878906,42.900001525878906,694318
4128,2026-10-07,15.550000190734863,15.850000381469727,15.300000190734863,15.350000381469727,1126494
4129,2026-10-07,83.0,83.80000305175781,83.0,83.5999984741211,163777
4131,2026-10-07,30.75,30.950000762939453,30.0,30.700000762939453,22002
4138,2026-10-07,53.599998474121094,53.900001525878906,53.599998474121094,53.79999923706055,13106
4139,2026-10-07,43.099998474121094,43.5,43.0,43.150001525878906,20717
4147,2026-10-07,60.79999923706055,63.400001525878906,60.79999923706055,61.900001525878906,684421
4153,2026-10-07,31.399999618530273,31.649999618530273,30.899999618530273,31.649999618530273,28131
4154,2026-10-07,12.300000190734863,12.300000190734863,12.300000190734863,12.300000190734863,1000
4157,2026-10-07,8.460000038146973,8.600000381469727,8.449999809265137,8.550000190734863,828503
4160,2026-10-07,39.0,39.0,38.79999923706055,38.95000076293945,16055
4161,2026-10-07,21.5,21.5,21.5,21.5,9391
4162,2026-10-07,55.29999923706055,55.79999923706055,55.29999923706055,55.79999923706055,188112
4163,2026-10-07,133.5,135.0,133.5,134.0,37666
4166,2026-10-07,24.200000762939453,24.200000762939453,23.850000381469727,23.899999618530273,144226
4167,2026-10-07,19.450000762939453,20.850000381469727,19.450000762939453,20.450000762939453,4595836
4168,2026-10-07,22.700000762939453,23.049999237060547,22.700000762939453,23.0,128825
4171,2026-10-07,17.0,18.399999618530273,17.0,18.399999618530273,1033462
4173,2026-10-07,17.25,17.25,17.100000381469727,17.200000762939453,40423
4174,2026-10-07,50.79999923706055,54.29999923706055,50.79999923706055,52.099998474121094,2315805
4188,2026-10-07,13.899999618530273,13.949999809265137,13.600000381469727,13.949999809265137,75500
4192,2026-10-07,17.549999237060547,17.799999237060547,17.5,17.799999237060547,42511
4198,2026-10-07,47.0,47.0,47.0,47.0,1001
4205,2026-10-07,67.5999984741211,67.69999694824219,67.5,67.69999694824219,34833
4207,2026-10-07,19.299999237060547,19.299999237060547,19.200000762939453,19.299999237060547,75241
4304,2026-10-07,16.799999237060547,17.200000762939453,15.850000381469727,16.5,37797
4303,2026-10-07,31.149999618530273,31.75,31.149999618530273,31.350000381469727,425700
4401,2026-10-07,13.899999618530273,13.899999618530273,13.75,13.75,11286
4402,2026-10-07,13.300000190734863,13.600000381469727,13.300000190734863,13.600000381469727,2023
4406,2026-10-07,10.100000381469727,10.100000381469727,9.989999771118164,10.050000190734863,686003
4413,2026-10-07,20.0,20.399999618530273,19.700000762939453,20.350000381469727,28556
4416,2026-10-07,12.550000190734863,12.649999618530273,12.5,12.600000381469727,314144
4417,2026-10-07,48.650001525878906,49.099998474121094,48.20000076293945,48.54999923706055,147705
4420,2026-10-07,35.0,35.400001525878906,35.0,35.400001525878906,18490
4430,2026-10-07,17.799999237060547,18.100000381469727,17.700000762939453,17.799999237060547,33732
4432,2026-10-07,15.199999809265137,15.350000381469727,15.0,15.25,55080
4433,2026-10-07,18.0,18.0,17.850000381469727,18.0,11865
4442,2026-10-07,53.20000076293945,53.5,53.20000076293945,53.400001525878906,22022
4502,2026-10-07,15.75,15.75,15.699999809265137,15.75,9002
4503,2026-10-07,24.0,24.149999618530273,23.700000762939453,23.799999237060547,133748
4506,2026-10-07,118.5,118.5,117.5,118.0,90851
4510,2026-10-07,42.45000076293945,42.5,41.849998474121094,41.900001525878906,367574
4513,2026-10-07,16.149999618530273,16.299999237060547,16.149999618530273,16.200000762939453,183510
4523,2026-10-07,23.5,24.0,23.5,24.0,53266
4527,2026-10-07,44.400001525878906,45.95000076293945,44.400001525878906,45.0,33736
4528,2026-10-07,14.699999809265137,14.800000190734863,14.699999809265137,14.75,16153
4529,2026-10-07,3.299999952316284,3.299999952316284,3.299999952316284,3.299999952316284,4002
4533,2026-10-07,25.600000381469727,25.600000381469727,25.25,25.5,300868
4534,2026-10-07,30.350000381469727,30.5,29.75,29.850000381469727,499176
4538,2026-10-07,17.299999237060547,17.399999618530273,17.200000762939453,17.399999618530273,15732
4541,2026-10-07,60.0,60.599998474121094,59.099998474121094,59.099998474121094,480721
4542,2026-10-07,343.0,353.0,332.0,337.0,715576
4543,2026-10-07,30.200000762939453,32.75,29.899999618530273,32.75,453078
4550,2026-10-07,23.850000381469727,24.049999237060547,23.850000381469727,24.049999237060547,6026
4549,2026-10-07,99.0,99.5,98.30000305175781,99.0,31327
4554,2026-10-07,27.899999618530273,27.899999618530273,27.700000762939453,27.75,13429
4556,2026-10-07,137.5,149.0,133.0,145.0,970502
4558,2026-10-07,16.850000381469727,17.0,16.799999237060547,17.0,17012
4561,2026-10-07,42.349998474121094,42.900001525878906,41.900001525878906,42.04999923706055,164302
4563,2026-10-07,53.099998474121094,53.599998474121094,52.900001525878906,53.0,183230
4568,2026-10-07,38.900001525878906,39.349998474121094,38.849998474121094,38.849998474121094,8000
4577,2026-10-07,90.0,92.19999694824219,88.69999694824219,88.80000305175781,267901
4580,2026-10-07,82.0,82.5,82.0,82.5,30400
4584,2026-10-07,38.0,38.0,38.0,38.0,3000
4609,2026-10-07,4.519999980926514,4.519999980926514,4.389999866485596,4.389999866485596,2000
4702,2026-10-07,9.399999618530273,9.4399995803833,9.319999694824219,9.34000015258789,58621
4706,2026-10-07,41.0,43.150001525878906,38.29999923706055,43.150001525878906,517699
4707,2026-10-07,33.29999923706055,34.25,32.20000076293945,32.599998474121094,12007253
4711,2026-10-07,18.450000762939453,18.450000762939453,17.450000762939453,17.5,1535589
4714,2026-10-07,12.050000190734863,12.350000381469727,11.949999809265137,11.949999809265137,828195
4716,2026-10-07,22.0,22.299999237060547,19.149999618530273,19.450000762939453,11088909
4721,2026-10-07,82.0,84.80000305175781,82.0,82.30000305175781,746668
4726,2026-10-07,22.850000381469727,22.850000381469727,22.649999618530273,22.700000762939453,62386
4728,2026-10-07,408.5,408.5,394.5,394.5,4187
4729,2026-10-07,19.799999237060547,19.850000381469727,19.549999237060547,19.600000381469727,82571
4735,2026-10-07,38.349998474121094,38.349998474121094,37.04999923706055,38.0,119446
4741,2026-10-07,42.349998474121094,42.349998474121094,40.599998474121094,40.599998474121094,61346
4743,2026-10-07,48.099998474121094,49.29999923706055,47.099998474121094,47.099998474121094,1798142
4744,2026-10-07,27.75,28.450000762939453,27.75,28.450000762939453,43060
4745,2026-10-07,12.149999618530273,12.149999618530273,12.050000190734863,12.149999618530273,9433
4747,2026-10-07,23.200000762939453,23.299999237060547,22.950000762939453,23.149999618530273,20915
4749,2026-10-07,801.0,807.0,791.0,791.0,543386
4754,2026-10-07,38.099998474121094,38.099998474121094,37.79999923706055,37.95000076293945,26454
4767,2026-10-07,28.0,28.950000762939453,28.0,28.25,17000
4760,2026-10-07,331.0,354.0,331.0,334.0,2095483
4768,2026-10-07,372.0,377.5,362.5,363.0,842022
4772,2026-10-07,279.0,281.5,276.0,277.0,868608
4806,2026-10-07,11.050000190734863,11.300000190734863,10.899999618530273,11.300000190734863,17443
4903,2026-10-07,45.75,46.75,45.75,46.75,4545338
4905,2026-10-07,91.19999694824219,98.30000305175781,91.19999694824219,92.80000305175781,111703
4907,2026-10-07,42.849998474121094,43.45000076293945,42.849998474121094,43.0,41652
4908,2026-10-07,239.0,254.0,238.0,254.0,14094284
4909,2026-10-07,37.29999923706055,37.29999923706055,36.900001525878906,36.900001525878906,251282
4911,2026-10-07,27.899999618530273,28.0,27.799999237060547,28.0,13162
4923,2026-10-07,63.70000076293945,64.69999694824219,62.20000076293945,62.70000076293945,654347
4924,2026-10-07,14.5,15.699999809265137,14.5,15.699999809265137,178423
4931,2026-10-07,262.0,264.0,252.0,252.5,5957866
4933,2026-10-07,53.400001525878906,53.400001525878906,52.70000076293945,53.20000076293945,21488
4939,2026-10-07,76.5,78.19999694824219,76.30000305175781,76.9000015258789,2199247
4946,2026-10-07,101.5,101.5,99.0999984741211,99.0999984741211,13116
4950,2026-10-07,15.600000381469727,15.699999809265137,15.5,15.699999809265137,11265
4951,2026-10-07,89.5,90.5999984741211,88.4000015258789,88.69999694824219,211504
4953,2026-10-07,117.5,118.5,117.5,118.0,137783
4966,2026-10-07,560.0,569.0,560.0,568.0,292764
4971,2026-10-07,600.0,640.0,600.0,604.0,3935308
4972,2026-10-07,16.149999618530273,16.299999237060547,16.100000381469727,16.149999618530273,21272
4973,2026-10-07,137.0,137.5,135.0,135.5,618815
4974,2026-10-07,70.0,70.0,69.5999984741211,69.69999694824219,70570
4979,2026-10-07,585.0,605.0,574.0,579.0,12148783
4991,2026-10-07,525.0,552.0,516.0,518.0,8581435
4995,2026-10-07,47.349998474121094,47.349998474121094,46.400001525878906,46.79999923706055,37871
5009,2026-10-07,32.849998474121094,32.849998474121094,32.45000076293945,32.70000076293945,952382
5011,2026-10-07,21.399999618530273,23.799999237060547,21.399999618530273,22.649999618530273,4203749
5013,2026-10-07,52.70000076293945,52.70000076293945,50.5,52.70000076293945,1597635
5014,2026-10-07,10.100000381469727,10.149999618530273,9.989999771118164,10.050000190734863,140790
5015,2026-10-07,23.0,23.200000762939453,22.299999237060547,22.899999618530273,51173
5201,2026-10-07,27.649999618530273,27.649999618530273,26.899999618530273,27.299999237060547,61244
5016,2026-10-07,27.75,27.75,27.149999618530273,27.200000762939453,68117
5202,2026-10-07,15.0,15.5,14.199999809265137,14.399999618530273,1948452
5205,2026-10-07,30.299999237060547,30.299999237060547,30.299999237060547,30.299999237060547,22344
5209,2026-10-07,172.5,173.0,170.0,173.0,78483
5206,2026-10-07,22.700000762939453,22.850000381469727,22.600000381469727,22.700000762939453,117963
5210,2026-10-07,30.100000381469727,30.5,29.799999237060547,29.850000381469727,112789
5211,2026-10-07,20.799999237060547,21.600000381469727,20.799999237060547,20.850000381469727,35914
5212,2026-10-07,49.099998474121094,49.099998474121094,48.900001525878906,49.099998474121094,41002
5213,2026-10-07,20.149999618530273,20.149999618530273,19.950000762939453,20.049999237060547,236213
5220,2026-10-07,22.049999237060547,22.350000381469727,21.75,22.100000381469727,63620
5223,2026-10-07,22.399999618530273,22.700000762939453,22.399999618530273,22.600000381469727,8001
5227,2026-10-07,28.950000762939453,29.200000762939453,28.799999237060547,28.850000381469727,212372
5228,2026-10-07,55.79999923706055,55.79999923706055,55.79999923706055,55.79999923706055,773075
5230,2026-10-07,22.299999237060547,22.950000762939453,22.299999237060547,22.75,301133
5251,2026-10-07,31.549999237060547,32.0,30.649999618530273,31.100000381469727,675070
5263,2026-10-07,90.5999984741211,91.5,90.19999694824219,91.4000015258789,183890
5245,2026-10-07,20.299999237060547,20.299999237060547,19.75,20.0,181579
5272,2026-10-07,17.75,17.75,17.5,17.700000762939453,55111
5274,2026-10-07,18700.0,19000.0,17655.0,17750.0,472249
5276,2026-10-07,18.049999237060547,18.049999237060547,18.0,18.0,2023
5278,2026-10-07,23.700000762939453,23.700000762939453,23.049999237060547,23.100000381469727,188268
5287,2026-10-07,137.0,138.0,137.0,137.5,40798
5289,2026-10-07,1280.0,1300.0,1260.0,1260.0,1277718
5291,2026-10-07,64.4000015258789,64.80000305175781,63.5,64.30000305175781,466181
5299,2026-10-07,101.5,101.5,99.5,99.5,284862
5301,2026-10-07,6.0,6.099999904632568,6.0,6.0,29469
5302,2026-10-07,9.8100004196167,9.869999885559082,9.75,9.8100004196167,126665
5309,2026-10-07,67.80000305175781,68.5999984741211,66.0999984741211,67.19999694824219,6478947
5310,2026-10-07,29.799999237060547,29.799999237060547,28.799999237060547,29.399999618530273,48004
5312,2026-10-07,89.19999694824219,89.4000015258789,89.19999694824219,89.4000015258789,11299
5314,2026-10-07,28.299999237060547,28.75,27.5,27.549999237060547,23787923
5315,2026-10-07,19.049999237060547,19.200000762939453,19.0,19.100000381469727,62969
5321,2026-10-07,71.0999984741211,72.5999984741211,69.5,70.0999984741211,223218
5324,2026-10-07,12.449999809265137,12.550000190734863,12.399999618530273,12.550000190734863,183873
5328,2026-10-07,56.900001525878906,60.79999923706055,56.900001525878906,58.0,8473175
5340,2026-10-07,84.9000015258789,92.0999984741211,84.9000015258789,90.0,10037534
5344,2026-10-07,13.649999618530273,14.5,13.600000381469727,14.350000381469727,293513
5345,2026-10-07,21.399999618530273,21.799999237060547,21.0,21.75,17560
5347,2026-10-07,189.5,194.5,187.5,190.0,18608132
5348,2026-10-07,17.799999237060547,17.799999237060547,17.299999237060547,17.399999618530273,23160
5351,2026-10-07,116.5,119.0,113.0,114.5,13600659
5353,2026-10-07,29.299999237060547,29.299999237060547,28.600000381469727,28.700000762939453,46567
5355,2026-10-07,7.960000038146973,7.960000038146973,7.699999809265137,7.760000228881836,106173
5356,2026-10-07,25.950000762939453,25.950000762939453,25.850000381469727,25.899999618530273,47340
5364,2026-10-07,8.300000190734863,8.300000190734863,8.210000038146973,8.300000190734863,24000
5381,2026-10-07,22.5,22.649999618530273,22.0,22.0,964385
5386,2026-10-07,288.0,288.0,280.0,281.5,589285
5392,2026-10-07,38.650001525878906,39.25,38.599998474121094,38.95000076293945,668394
5398,2026-10-07,13.949999809265137,15.0,13.949999809265137,15.0,192790
5403,2026-10-07,91.9000015258789,92.19999694824219,91.5999984741211,91.5999984741211,34856
5410,2026-10-07,33.400001525878906,33.54999923706055,33.099998474121094,33.45000076293945,110330
5425,2026-10-07,100.0,105.5,99.5,104.5,15618069
5426,2026-10-07,28.899999618530273,31.450000762939453,28.899999618530273,30.200000762939453,2065693
5432,2026-10-07,195.5,215.0,195.0,195.0,1313071
5438,2026-10-07,17.350000381469727,17.350000381469727,16.950000762939453,17.100000381469727,48087
5439,2026-10-07,265.0,268.0,261.5,262.0,1936458
5443,2026-10-07,114.0,114.5,112.5,113.5,973583
5450,2026-10-07,14.449999809265137,14.649999618530273,14.399999618530273,14.600000381469727,366239
5452,2026-10-07,32.0,32.0,31.049999237060547,31.200000762939453,3554398
5455,2026-10-07,30.799999237060547,30.799999237060547,30.799999237060547,30.799999237060547,3060
5457,2026-10-07,24.350000381469727,24.5,23.299999237060547,23.850000381469727,1766032
5460,2026-10-07,19.200000762939453,19.25,18.149999618530273,19.25,2268551
5464,2026-10-07,90.5999984741211,95.0,90.5999984741211,93.4000015258789,386306
5465,2026-10-07,33.150001525878906,34.0,33.150001525878906,33.54999923706055,712014
5468,2026-10-07,24.450000762939453,24.600000381469727,24.200000762939453,24.350000381469727,78365
5474,2026-10-07,165.5,165.5,161.0,161.0,118514
5475,2026-10-07,181.0,198.0,181.0,193.0,11324391
5478,2026-10-07,97.0,97.19999694824219,96.80000305175781,96.80000305175781,45965
5481,2026-10-07,20.25,21.100000381469727,20.100000381469727,20.399999618530273,498867
5483,2026-10-07,214.0,227.0,214.0,224.0,29732670
5487,2026-10-07,28.799999237060547,30.0,28.75,29.850000381469727,161155
5488,2026-10-07,12.050000190734863,12.050000190734863,11.850000381469727,11.949999809265137,148872
5489,2026-10-07,42.099998474121094,42.599998474121094,41.95000076293945,41.95000076293945,15008
5490,2026-10-07,25.350000381469727,25.600000381469727,25.299999237060547,25.549999237060547,166324
5493,2026-10-07,91.0,92.9000015258789,90.19999694824219,90.19999694824219,91907
5498,2026-10-07,53.79999923706055,55.5,53.5,54.79999923706055,2570541
5508,2026-10-07,53.5,54.0,53.5,53.900001525878906,236739
5511,2026-10-07,68.0999984741211,68.5999984741211,68.0999984741211,68.4000015258789,66871
5512,2026-10-07,7.5,7.53000020980835,7.480000019073486,7.510000228881836,567098
5516,2026-10-07,11.800000190734863,11.949999809265137,11.800000190734863,11.949999809265137,21000
5520,2026-10-07,84.4000015258789,84.5,84.4000015258789,84.5,3001
5529,2026-10-07,27.049999237060547,27.149999618530273,25.0,25.600000381469727,717297
5523,2026-10-07,30.149999618530273,30.350000381469727,30.149999618530273,30.350000381469727,3092
5530,2026-10-07,47.75,48.5,47.75,48.29999923706055,231729
5536,2026-10-07,1000.0,1060.0,982.0,1045.0,2812286
5543,2026-10-07,27.0,27.25,26.0,26.5,9027
5547,2026-10-07,20.350000381469727,20.350000381469727,20.149999618530273,20.200000762939453,23916
5548,2026-10-07,20.0,20.100000381469727,20.0,20.100000381469727,14353
5603,2026-10-07,14.149999618530273,14.300000190734863,13.899999618530273,14.100000381469727,126726
5604,2026-10-07,31.700000762939453,31.75,31.649999618530273,31.700000762939453,16270
5609,2026-10-07,78.5,78.9000015258789,78.5,78.69999694824219,198314
5701,2026-10-07,4.0,4.199999809265137,3.990000009536743,4.190000057220459,141166
5703,2026-10-07,13.5,13.800000190734863,13.5,13.800000190734863,2202
5704,2026-10-07,22.549999237060547,22.549999237060547,22.5,22.5,22688
5864,2026-10-07,39.099998474121094,39.900001525878906,38.849998474121094,39.400001525878906,2609868
5878,2026-10-07,37.5,37.5,37.5,37.5,4458
5902,2026-10-07,34.45000076293945,34.45000076293945,33.95000076293945,34.04999923706055,10688
5903,2026-10-07,185.5,186.0,185.0,185.5,15728
5904,2026-10-07,69.0999984741211,70.30000305175781,68.69999694824219,70.0999984741211,3166293
5905,2026-10-07,7.300000190734863,7.400000095367432,7.289999961853027,7.380000114440918,227849
6015,2026-10-07,17.950000762939453,18.049999237060547,17.799999237060547,17.799999237060547,1646266
6016,2026-10-07,24.0,24.399999618530273,23.799999237060547,24.0,2415329
6020,2026-10-07,20.5,20.649999618530273,20.5,20.649999618530273,6344
6021,2026-10-07,42.70000076293945,43.150001525878906,42.29999923706055,42.75,123211
6023,2026-10-07,84.9000015258789,84.9000015258789,84.0,84.5,255718
6026,2026-10-07,15.949999809265137,15.949999809265137,15.800000190734863,15.850000381469727,432484
6028,2026-10-07,102.5,112.0,102.5,112.0,196162
6101,2026-10-07,37.900001525878906,38.79999923706055,37.650001525878906,38.75,365002
6103,2026-10-07,37.70000076293945,39.900001525878906,37.70000076293945,39.900001525878906,65869
6104,2026-10-07,88.0,88.5999984741211,87.4000015258789,87.5,487691
6109,2026-10-07,10.199999809265137,10.350000381469727,10.199999809265137,10.300000190734863,99721
6111,2026-10-07,36.04999923706055,36.70000076293945,35.849998474121094,35.849998474121094,84593
6113,2026-10-07,24.0,24.0,23.600000381469727,23.649999618530273,53129
6114,2026-10-07,22.799999237060547,22.950000762939453,22.5,22.700000762939453,52243
6118,2026-10-07,16.25,16.399999618530273,16.0,16.149999618530273,207231
6121,2026-10-07,371.0,373.0,369.0,370.0,331043
6122,2026-10-07,58.099998474121094,61.0,58.099998474121094,59.900001525878906,1337702
6123,2026-10-07,42.900001525878906,42.900001525878906,42.5,42.650001525878906,17171
6124,2026-10-07,27.0,27.200000762939453,27.0,27.200000762939453,4379
6125,2026-10-07,49.79999923706055,50.29999923706055,49.599998474121094,50.099998474121094,468047
6126,2026-10-07,32.70000076293945,32.79999923706055,32.20000076293945,32.400001525878906,443819
6127,2026-10-07,56.400001525878906,60.70000076293945,56.400001525878906,58.29999923706055,12230872
6129,2026-10-07,14.5,14.600000381469727,14.25,14.300000190734863,272173
6130,2026-10-07,22.649999618530273,22.950000762939453,22.649999618530273,22.850000381469727,25008
6134,2026-10-07,28.399999618530273,29.299999237060547,28.25,28.350000381469727,300804
6140,2026-10-07,20.25,20.600000381469727,20.0,20.049999237060547,956128
6138,2026-10-07,272.0,273.0,264.0,270.5,1005857
6143,2026-10-07,78.69999694824219,78.9000015258789,78.0999984741211,78.30000305175781,403251
6144,2026-10-07,13.149999618530273,13.5,13.0,13.25,34203
6146,2026-10-07,181.0,182.5,180.0,181.5,160635
6147,2026-10-07,216.5,238.0,215.5,231.5,79843709
6148,2026-10-07,36.75,38.20000076293945,36.650001525878906,37.099998474121094,1379706
6150,2026-10-07,66.0,66.0,64.30000305175781,65.0,212072
6151,2026-10-07,34.900001525878906,35.70000076293945,34.900001525878906,35.650001525878906,138400
6154,2026-10-07,14.100000381469727,14.25,14.050000190734863,14.25,10151
6156,2026-10-07,24.0,24.299999237060547,23.25,23.399999618530273,2048086
6158,2026-10-07,17.799999237060547,17.899999618530273,17.75,17.850000381469727,35474
6160,2026-10-07,14.100000381469727,14.100000381469727,13.550000190734863,13.850000381469727,59821
6161,2026-10-07,50.099998474121094,50.099998474121094,49.0,49.0,28497
6163,2026-10-07,41.95000076293945,42.900001525878906,41.0,42.849998474121094,1069938
6167,2026-10-07,,,,,0
6169,2026-10-07,11.600000381469727,12.0,11.600000381469727,12.0,16036
6170,2026-10-07,48.900001525878906,49.25,48.650001525878906,49.150001525878906,115950
6171,2026-10-07,23.899999618530273,24.299999237060547,23.799999237060547,24.0,179514
6173,2026-10-07,,,,,0
6174,2026-10-07,53.0,59.79999923706055,52.70000076293945,58.20000076293945,5866602
6175,2026-10-07,76.5,79.69999694824219,76.4000015258789,77.0,3705297
6179,2026-10-07,37.25,37.849998474121094,36.650001525878906,37.75,4495170
6180,2026-10-07,40.95000076293945,41.150001525878906,39.650001525878906,39.650001525878906,639639
6182,2026-10-07,128.5,135.5,127.5,135.0,70337087
6185,2026-10-07,12.550000190734863,12.600000381469727,12.449999809265137,12.550000190734863,137483
6186,2026-10-07,28.75,29.049999237060547,28.75,28.950000762939453,253335
6187,2026-10-07,1545.0,1570.0,1510.0,1535.0,2378653
6188,2026-10-07,62.20000076293945,62.79999923706055,62.20000076293945,62.5,532366
6190,2026-10-07,75.0999984741211,78.80000305175781,75.0,76.4000015258789,3415664
6194,2026-10-07,31.549999237060547,31.850000381469727,31.350000381469727,31.850000381469727,74437
6195,2026-10-07,27.850000381469727,28.100000381469727,27.799999237060547,28.049999237060547,12281
6199,2026-10-07,135.5,139.5,134.5,139.5,6492529
6203,2026-10-07,59.79999923706055,59.79999923706055,59.29999923706055,59.79999923706055,74891
6204,2026-10-07,110.0,115.5,108.0,111.5,441309
6207,2026-10-07,142.0,150.5,142.0,147.5,12084900
6208,2026-10-07,80.0,81.30000305175781,79.5,79.80000305175781,129648
6210,2026-10-07,17.649999618530273,18.149999618530273,17.649999618530273,17.899999618530273,6410
6217,2026-10-07,175.0,179.5,173.0,173.0,2625455
6218,2026-10-07,56.29999923706055,60.900001525878906,56.099998474121094,60.79999923706055,7070245
6219,2026-10-07,12.199999809265137,12.199999809265137,11.899999618530273,12.0,57074
6220,2026-10-07,25.799999237060547,25.850000381469727,25.450000762939453,25.649999618530273,194460
6221,2026-10-07,30.799999237060547,31.0,29.899999618530273,30.049999237060547,749616
6223,2026-10-07,5590.0,5725.0,5480.0,5530.0,894747
6227,2026-10-07,142.0,143.0,138.5,140.5,681746
6228,2026-10-07,17.700000762939453,18.149999618530273,17.299999237060547,18.149999618530273,8000
6229,2026-10-07,24.100000381469727,24.299999237060547,23.899999618530273,23.899999618530273,70137
6231,2026-10-07,234.0,237.0,234.0,234.5,98130
6233,2026-10-07,24.5,25.25,24.399999618530273,24.950000762939453,635152
6234,2026-10-07,41.349998474121094,41.79999923706055,41.29999923706055,41.79999923706055,1586552
6237,2026-10-07,35.29999923706055,36.45000076293945,35.29999923706055,35.650001525878906,220165
6240,2026-10-07,26.100000381469727,26.850000381469727,26.0,26.25,24111
6241,2026-10-07,16.450000762939453,16.450000762939453,16.049999237060547,16.350000381469727,90561
6244,2026-10-07,22.950000762939453,23.0,22.600000381469727,22.799999237060547,2310758
6245,2026-10-07,87.5999984741211,88.4000015258789,87.19999694824219,87.30000305175781,425233
6248,2026-10-07,17.149999618530273,17.149999618530273,16.950000762939453,17.149999618530273,44536
6246,2026-10-07,12.800000190734863,12.800000190734863,12.649999618530273,12.649999618530273,10192
6259,2026-10-07,32.29999923706055,34.0,32.29999923706055,32.70000076293945,489757
6261,2026-10-07,78.5,78.5,77.5,77.9000015258789,384956
6263,2026-10-07,180.0,180.0,174.5,178.0,718387
6264,2026-10-07,6.099999904632568,6.099999904632568,6.0,6.070000171661377,26401
6265,2026-10-07,48.79999923706055,50.400001525878906,48.599998474121094,49.150001525878906,865914
6266,2026-10-07,26.75,26.75,25.799999237060547,26.399999618530273,307730
6270,2026-10-07,30.350000381469727,30.700000762939453,29.899999618530273,29.899999618530273,151079
6274,2026-10-07,1740.0,1835.0,1710.0,1720.0,12189062
6275,2026-10-07,47.150001525878906,47.70000076293945,47.150001525878906,47.349998474121094,128773
6276,2026-10-07,19.450000762939453,19.899999618530273,18.649999618530273,19.200000762939453,19980
6279,2026-10-07,117.0,118.0,116.0,116.0,432364
6284,2026-10-07,78.80000305175781,82.0,78.80000305175781,80.0,1561263
6290,2026-10-07,287.0,292.5,281.5,284.5,4207911
6291,2026-10-07,468.0,484.0,467.5,469.5,607986
6292,2026-10-07,70.19999694824219,71.5,68.80000305175781,68.80000305175781,295085
6294,2026-10-07,27.75,27.75,27.75,27.75,2437
6411,2026-10-07,79.0,79.30000305175781,78.4000015258789,78.69999694824219,180584
6417,2026-10-07,104.0,105.5,104.0,105.5,44004
6418,2026-10-07,34.25,34.5,34.25,34.349998474121094,49100
6419,2026-10-07,168.5,173.0,165.0,165.0,377577
6423,2026-10-07,88.9000015258789,89.0,86.5999984741211,87.0999984741211,67179
6425,2026-10-07,74.69999694824219,76.0,72.80000305175781,73.19999694824219,680159
6432,2026-10-07,64.4000015258789,70.0,64.4000015258789,66.19999694824219,1780740
6441,2026-10-07,22.549999237060547,22.799999237060547,22.450000762939453,22.549999237060547,104112
6435,2026-10-07,259.0,261.0,255.5,257.0,777224
6461,2026-10-07,29.350000381469727,29.350000381469727,28.200000762939453,29.200000762939453,332517
6462,2026-10-07,102.5,103.0,100.5,102.0,477889
6465,2026-10-07,40.599998474121094,41.45000076293945,40.29999923706055,41.20000076293945,136985
6469,2026-10-07,62.79999923706055,64.69999694824219,62.79999923706055,64.69999694824219,416054
6470,2026-10-07,43.0,43.0,42.29999923706055,42.79999923706055,36410
6474,2026-10-07,35.599998474121094,35.650001525878906,35.400001525878906,35.54999923706055,38501
6482,2026-10-07,23.399999618530273,23.399999618530273,23.049999237060547,23.299999237060547,9404
6485,2026-10-07,77.9000015258789,85.5999984741211,77.9000015258789,85.5999984741211,2006208
6486,2026-10-07,78.0,78.5999984741211,78.0,78.4000015258789,35874
6488,2026-10-07,1185.0,1240.0,1180.0,1215.0,13668033
6492,2026-10-07,33.79999923706055,34.099998474121094,33.54999923706055,34.0,177810
6494,2026-10-07,52.70000076293945,53.900001525878906,52.099998474121094,52.099998474121094,74264
6496,2026-10-07,23.950000762939453,24.350000381469727,23.5,23.850000381469727,190121
6498,2026-10-07,74.30000305175781,75.30000305175781,73.5,74.5,267924
6499,2026-10-07,78.5,79.5,78.19999694824219,79.5,198316
6506,2026-10-07,18.850000381469727,18.850000381469727,18.649999618530273,18.850000381469727,85663
6508,2026-10-07,27.299999237060547,27.299999237060547,26.350000381469727,26.350000381469727,30226
6510,2026-10-07,3060.0,3100.0,3015.0,3020.0,404998
6509,2026-10-07,49.5,51.70000076293945,49.5,50.400001525878906,2354091
6512,2026-10-07,20.200000762939453,20.200000762939453,20.200000762939453,20.200000762939453,2720
6516,2026-10-07,55.900001525878906,56.70000076293945,55.5,56.70000076293945,47198
6523,2026-10-07,89.5,89.5,89.0,89.0999984741211,24291
6517,2026-10-07,67.0999984741211,69.5999984741211,67.0,68.5,664944
6527,2026-10-07,74.0999984741211,75.0,74.0999984741211,75.0,13000
6530,2026-10-07,97.5999984741211,102.5,97.5999984741211,98.19999694824219,2988125
6532,2026-10-07,110.5,117.0,109.0,116.5,1374217
6535,2026-10-07,81.0,81.80000305175781,80.30000305175781,81.0,127941
6538,2026-10-07,272.0,332.0,272.0,332.0,7770403
6542,2026-10-07,39.099998474121094,40.20000076293945,39.0,39.599998474121094,10000
6547,2026-10-07,60.79999923706055,61.5,60.5,61.400001525878906,1969045
6546,2026-10-07,61.599998474121094,62.70000076293945,61.099998474121094,61.5,166693
6548,2026-10-07,77.0,82.5,77.0,77.9000015258789,13308169
6556,2026-10-07,61.79999923706055,62.29999923706055,61.79999923706055,62.29999923706055,8057
6560,2026-10-07,34.0,34.0,33.0,33.04999923706055,228568
6561,2026-10-07,312.5,313.0,310.0,313.0,62488
6568,2026-10-07,139.0,142.0,137.0,139.5,77972
6569,2026-10-07,91.80000305175781,91.80000305175781,90.9000015258789,91.0,28630
6574,2026-10-07,120.0,120.0,118.5,120.0,21299
6570,2026-10-07,47.5,47.5,47.04999923706055,47.400001525878906,41754
6576,2026-10-07,78.5999984741211,79.0,78.0,79.0,68042
6577,2026-10-07,79.5,80.5,79.5,80.5,11736
6578,2026-10-07,16.200000762939453,16.25,16.149999618530273,16.200000762939453,34004
6584,2026-10-07,536.0,539.0,526.0,538.0,791927
6588,2026-10-07,111.0,114.0,109.0,109.0,998610
6590,2026-10-07,64.30000305175781,64.30000305175781,63.900001525878906,64.30000305175781,11649
6593,2026-10-07,32.29999923706055,32.29999923706055,32.150001525878906,32.20000076293945,20584
6596,2026-10-07,97.0,97.19999694824219,96.5999984741211,96.69999694824219,115412
6603,2026-10-07,28.350000381469727,29.149999618530273,28.100000381469727,28.799999237060547,2330319
6612,2026-10-07,72.5999984741211,72.5999984741211,72.0,72.19999694824219,15924
6609,2026-10-07,39.099998474121094,39.25,38.79999923706055,39.0,44335
6613,2026-10-07,286.5,293.5,285.5,290.0,419122
6615,2026-10-07,33.5,33.54999923706055,33.29999923706055,33.29999923706055,80377
6616,2026-10-07,8.34000015258789,8.829999923706055,8.119999885559082,8.5,37820
6617,2026-10-07,127.0,127.0,120.0,121.5,519545
6620,2026-10-07,130.5,132.5,124.0,125.0,3045064
6624,2026-10-07,38.75,38.75,37.45000076293945,38.349998474121094,11000
6629,2026-10-07,100.0,102.0,99.9000015258789,100.5,32946
6637,2026-10-07,54.400001525878906,54.400001525878906,53.400001525878906,54.400001525878906,32925
6640,2026-10-07,1125.0,1150.0,1080.0,1080.0,512876
6642,2026-10-07,80.0,80.80000305175781,78.80000305175781,79.0999984741211,216257
6643,2026-10-07,510.0,511.0,498.0,498.0,622941
6649,2026-10-07,37.650001525878906,37.650001525878906,35.599998474121094,36.150001525878906,162109
6651,2026-10-07,148.0,148.0,142.5,142.5,518707
6654,2026-10-07,220.5,235.0,215.5,217.0,113979
6661,2026-10-07,17.200000762939453,17.200000762939453,17.200000762939453,17.200000762939453,2000
6664,2026-10-07,388.0,388.0,378.0,378.0,264009
6667,2026-10-07,260.5,285.0,260.5,278.5,1858976
6680,2026-10-07,51.599998474121094,51.599998474121094,50.099998474121094,50.099998474121094,3059
6679,2026-10-07,200.5,202.0,198.5,199.0,142682
6683,2026-10-07,1465.0,1500.0,1420.0,1445.0,1345490
6684,2026-10-07,49.0,49.0,48.45000076293945,48.45000076293945,94991
6690,2026-10-07,179.0,181.0,177.5,178.0,186534
6692,2026-10-07,22.100000381469727,22.899999618530273,22.049999237060547,22.600000381469727,21390
6693,2026-10-07,202.0,203.5,194.5,197.0,1916643
6697,2026-10-07,40.900001525878906,41.29999923706055,40.900001525878906,41.099998474121094,18131
6703,2026-10-07,99.80000305175781,100.5,99.69999694824219,100.5,43613
6708,2026-10-07,71.80000305175781,71.80000305175781,67.0999984741211,68.5,941003
6712,2026-10-07,161.0,164.0,161.0,161.5,446289
6716,2026-10-07,153.0,160.0,142.5,153.5,5505686
6720,2026-10-07,125.0,125.0,123.0,124.5,8008
6721,2026-10-07,49.04999923706055,49.04999923706055,48.79999923706055,49.0,34694
6725,2026-10-07,221.0,221.0,217.0,217.0,49307
6727,2026-10-07,525.0,550.0,525.0,526.0,1152379
6728,2026-10-07,109.0,109.0,108.5,109.0,27222
6730,2026-10-07,31.700000762939453,31.899999618530273,31.700000762939453,31.899999618530273,3000
6732,2026-10-07,152.0,154.0,151.5,153.0,62216
6733,2026-10-07,24.649999618530273,24.850000381469727,24.450000762939453,24.850000381469727,74291
6735,2026-10-07,67.0,67.0,63.0,63.20000076293945,104493
6741,2026-10-07,54.400001525878906,54.599998474121094,54.099998474121094,54.20000076293945,92254
6739,2026-10-07,1110.0,1120.0,1100.0,1100.0,109851
6751,2026-10-07,48.79999923706055,48.79999923706055,48.79999923706055,48.79999923706055,80955
6752,2026-10-07,97.9000015258789,97.9000015258789,96.69999694824219,96.69999694824219,7001
6761,2026-10-07,168.0,169.0,167.5,168.5,66531
6763,2026-10-07,41.099998474121094,41.70000076293945,41.04999923706055,41.5,154587
6767,2026-10-07,23.799999237060547,24.5,23.75,24.5,12000
6785,2026-10-07,92.0999984741211,92.19999694824219,90.0999984741211,90.80000305175781,140535
6788,2026-10-07,375.0,385.0,375.0,377.0,738363
6791,2026-10-07,103.0,103.5,101.0,101.5,18362
6803,2026-10-07,263.0,263.0,262.0,262.0,80653
6804,2026-10-07,18.549999237060547,18.600000381469727,18.299999237060547,18.299999237060547,83001
6811,2026-10-07,270.0,273.0,266.5,273.0,1219758
6821,2026-10-07,45.349998474121094,47.099998474121094,45.20000076293945,45.54999923706055,187903
6823,2026-10-07,61.20000076293945,61.20000076293945,59.599998474121094,60.20000076293945,33011
6829,2026-10-07,208.5,216.0,207.0,215.0,877348
6840,2026-10-07,95.9000015258789,97.0,93.4000015258789,95.0,208189
6841,2026-10-07,56.20000076293945,56.5,55.79999923706055,55.79999923706055,103518
6843,2026-10-07,38.099998474121094,38.150001525878906,38.099998474121094,38.150001525878906,5041
6844,2026-10-07,57.20000076293945,57.20000076293945,56.70000076293945,56.900001525878906,8184
6846,2026-10-07,58.5,58.5,57.400001525878906,57.70000076293945,9014
6856,2026-10-07,41.75,41.75,39.599998474121094,41.650001525878906,14000
6859,2026-10-07,122.5,122.5,120.5,120.5,25941
6865,2026-10-07,26.549999237060547,26.700000762939453,26.25,26.700000762939453,11080
6870,2026-10-07,310.5,318.0,310.5,316.0,87048
6872,2026-10-07,22.899999618530273,22.899999618530273,22.049999237060547,22.049999237060547,111513
6874,2026-10-07,70.4000015258789,70.4000015258789,69.5,70.30000305175781,4518
6875,2026-10-07,27.0,27.299999237060547,27.0,27.049999237060547,294008
6877,2026-10-07,133.0,137.0,129.0,132.5,243004
6884,2026-10-07,30.850000381469727,31.5,30.799999237060547,30.899999618530273,13190
6894,2026-10-07,356.5,366.0,356.0,363.0,58253
6895,2026-10-07,157.0,157.0,154.0,155.0,9397
6899,2026-10-07,49.099998474121094,49.400001525878906,49.099998474121094,49.29999923706055,13232
6903,2026-10-07,324.0,330.5,323.0,327.0,259901
6907,2026-10-07,192.0,193.5,189.0,189.0,656330
6910,2026-10-07,25.299999237060547,25.399999618530273,25.299999237060547,25.399999618530273,8105
6913,2026-10-07,129.5,136.5,129.5,134.0,488984
6922,2026-10-07,208.0,211.0,204.0,204.0,146382
6925,2026-10-07,70.80000305175781,72.0999984741211,69.5999984741211,71.19999694824219,303757
6929,2026-10-07,21.5,22.549999237060547,21.5,22.5,18259
6945,2026-10-07,144.0,147.5,135.0,140.0,806311
6953,2026-10-07,257.0,260.0,253.5,257.0,74587
6961,2026-10-07,45.95000076293945,45.95000076293945,45.349998474121094,45.75,20637
6967,2026-10-07,73.5,73.9000015258789,72.4000015258789,73.4000015258789,127085
6968,2026-10-07,41.29999923706055,41.400001525878906,41.0,41.099998474121094,39737
6971,2026-10-07,23.600000381469727,23.850000381469727,23.299999237060547,23.5,13005
6982,2026-10-07,45.400001525878906,45.400001525878906,44.70000076293945,44.70000076293945,11115
6983,2026-10-07,405.0,425.0,382.0,382.0,547561
6986,2026-10-07,43.79999923706055,44.45000076293945,43.79999923706055,44.20000076293945,53004
6996,2026-10-07,166.5,167.0,166.0,166.0,21824
6997,2026-10-07,68.0,68.0,68.0,68.0,4117
7402,2026-10-07,99.5,101.0,99.0999984741211,99.5999984741211,157378
7547,2026-10-07,61.29999923706055,62.400001525878906,61.29999923706055,61.5,35433
7556,2026-10-07,297.5,302.0,280.0,283.0,168395
7584,2026-10-07,30.350000381469727,30.350000381469727,29.600000381469727,29.600000381469727,2124
7642,2026-10-07,65.80000305175781,67.5,65.80000305175781,67.5,19346
7703,2026-10-07,205.0,208.0,205.0,206.0,50059
7704,2026-10-07,60.70000076293945,60.70000076293945,60.0,60.599998474121094,40022
7708,2026-10-07,91.9000015258789,91.9000015258789,91.5,91.5,4900
7709,2026-10-07,88.80000305175781,90.19999694824219,83.69999694824219,83.69999694824219,427287
7712,2026-10-07,172.0,173.5,168.5,173.0,316027
7713,2026-10-07,74.0,74.0,71.9000015258789,73.0999984741211,17007
7715,2026-10-07,27.049999237060547,27.049999237060547,26.0,26.799999237060547,205100
7714,2026-10-07,169.0,170.5,168.0,168.5,96222
7716,2026-10-07,24.950000762939453,24.950000762939453,24.799999237060547,24.799999237060547,4000
7717,2026-10-07,605.0,626.0,600.0,602.0,1346616
7723,2026-10-07,21.799999237060547,21.799999237060547,20.649999618530273,21.799999237060547,938991
7728,2026-10-07,653.0,653.0,626.0,637.0,25775
7734,2026-10-07,2730.0,2770.0,2705.0,2710.0,118454
7738,2026-10-07,156.5,158.5,156.0,158.0,16810
7743,2026-10-07,26.399999618530273,27.0,26.200000762939453,27.0,145435
7744,2026-10-07,524.0,533.0,524.0,533.0,44640
7747,2026-10-07,112.0,112.0,111.0,111.0,2009
7751,2026-10-07,1590.0,1640.0,1545.0,1600.0,173155
7753,2026-10-07,35.70000076293945,35.70000076293945,35.45000076293945,35.5,11464
7757,2026-10-07,88.4000015258789,89.0999984741211,88.4000015258789,89.0999984741211,3099
7767,2026-10-07,45.20000076293945,45.5,45.0,45.45000076293945,11064
7770,2026-10-07,39.79999923706055,40.0,39.349998474121094,40.0,14010
7772,2026-10-07,147.0,152.0,143.5,144.5,601896
7777,2026-10-07,37.5,38.04999923706055,37.04999923706055,37.29999923706055,877351
7792,2026-10-07,440.0,440.0,406.5,406.5,2060606
7782,2026-10-07,25.149999618530273,25.25,25.049999237060547,25.25,9000
7794,2026-10-07,29.5,29.75,29.25,29.600000381469727,97815
7805,2026-10-07,493.0,495.0,492.0,492.5,18348
7811,2026-10-07,72.19999694824219,73.0,72.19999694824219,73.0,13000
7810,2026-10-07,250.0,253.0,247.0,248.5,144431
7814,2026-10-07,29.0,29.0,28.0,28.0,8012
7819,2026-10-07,33.099998474121094,33.099998474121094,33.04999923706055,33.04999923706055,7050
7820,2026-10-07,107.0,110.5,107.0,110.5,20489
7828,2026-10-07,1840.0,1905.0,1795.0,1800.0,215445
7839,2026-10-07,44.0,44.25,44.0,44.25,6006
7842,2026-10-07,99.69999694824219,99.69999694824219,99.69999694824219,99.69999694824219,1335
8024,2026-10-07,12.300000190734863,12.600000381469727,11.800000190734863,12.199999809265137,361007
8027,2026-10-07,208.5,214.0,208.5,208.5,2226311
8032,2026-10-07,36.20000076293945,36.400001525878906,36.0,36.150001525878906,38289
8034,2026-10-07,19.5,19.549999237060547,19.25,19.299999237060547,111233
8038,2026-10-07,34.650001525878906,34.75,33.900001525878906,34.099998474121094,156609
8040,2026-10-07,92.30000305175781,93.0999984741211,88.19999694824219,90.19999694824219,1832813
8042,2026-10-07,118.0,128.5,118.0,126.0,18489390
8043,2026-10-07,140.5,151.0,140.0,145.0,7813275
8044,2026-10-07,23.75,24.25,23.75,24.100000381469727,260239
8047,2026-10-07,45.20000076293945,47.349998474121094,43.5,46.95000076293945,85698
8048,2026-10-07,52.400001525878906,53.5,51.29999923706055,51.5,244207
8049,2026-10-07,24.399999618530273,24.649999618530273,24.350000381469727,24.649999618530273,74496
8050,2026-10-07,61.400001525878906,61.70000076293945,60.20000076293945,60.599998474121094,1076383
8054,2026-10-07,83.19999694824219,83.19999694824219,81.0,81.30000305175781,1991429
8059,2026-10-07,17.549999237060547,17.899999618530273,17.399999618530273,17.549999237060547,47875
8064,2026-10-07,135.5,139.0,133.0,136.0,3458934
8067,2026-10-07,11.050000190734863,11.050000190734863,11.050000190734863,11.050000190734863,5002
8066,2026-10-07,14.75,14.75,14.600000381469727,14.75,6044
8068,2026-10-07,17.399999618530273,17.399999618530273,17.0,17.049999237060547,123479
8069,2026-10-07,149.0,149.0,145.0,145.0,6497306
8071,2026-10-07,22.0,22.200000762939453,21.75,21.899999618530273,200714
8076,2026-10-07,21.399999618530273,21.5,21.299999237060547,21.350000381469727,440988
8074,2026-10-07,56.20000076293945,59.5,55.599998474121094,58.0,1939209
8080,2026-10-07,28.549999237060547,28.549999237060547,28.299999237060547,28.299999237060547,39740
8083,2026-10-07,159.5,160.0,159.0,160.0,86683
8084,2026-10-07,15.949999809265137,15.949999809265137,15.949999809265137,15.949999809265137,370859
8085,2026-10-07,14.75,15.100000381469727,14.75,15.100000381469727,167300
8086,2026-10-07,129.0,140.0,127.5,140.0,19606666
8087,2026-10-07,22.700000762939453,23.5,22.700000762939453,23.5,2690
8088,2026-10-07,44.349998474121094,44.75,43.650001525878906,44.45000076293945,343308
8089,2026-10-07,19.299999237060547,19.399999618530273,19.25,19.350000381469727,70469
8091,2026-10-07,230.0,234.0,227.0,233.5,455195
8092,2026-10-07,12.100000381469727,12.25,11.949999809265137,12.0,105551
8093,2026-10-07,26.200000762939453,26.600000381469727,25.75,26.350000381469727,44680
8096,2026-10-07,88.69999694824219,90.5,88.0999984741211,90.0999984741211,1482845
8099,2026-10-07,59.79999923706055,59.79999923706055,58.79999923706055,58.900001525878906,31705
8102,2026-10-07,56.099998474121094,61.900001525878906,56.099998474121094,60.79999923706055,21311
8107,2026-10-07,12.0,12.050000190734863,11.75,11.899999618530273,17214
8109,2026-10-07,136.5,136.5,133.0,135.0,381910
8111,2026-10-07,93.0999984741211,97.5,92.0,94.0,22463038
8121,2026-10-07,32.099998474121094,35.0,31.799999237060547,34.650001525878906,2725556
8147,2026-10-07,139.5,144.5,137.0,142.0,350794
8155,2026-10-07,332.0,344.0,332.0,334.0,721082
8171,2026-10-07,20.950000762939453,21.100000381469727,20.850000381469727,21.049999237060547,144828
8176,2026-10-07,9.729999542236328,9.729999542236328,9.65999984741211,9.720000267028809,128915
8182,2026-10-07,42.5,44.150001525878906,42.400001525878906,43.79999923706055,969186
8227,2026-10-07,373.0,374.0,365.0,372.0,381623
8234,2026-10-07,62.0,62.70000076293945,61.79999923706055,61.79999923706055,252696
8240,2026-10-07,55.20000076293945,56.599998474121094,55.20000076293945,55.70000076293945,523764
8255,2026-10-07,151.0,154.0,150.5,153.0,265085
8272,2026-10-07,60.20000076293945,60.70000076293945,60.20000076293945,60.20000076293945,5635
8277,2026-10-07,15.5,15.550000190734863,15.449999809265137,15.5,56554
8279,2026-10-07,80.9000015258789,81.0,80.4000015258789,80.80000305175781,23000
8284,2026-10-07,68.0,68.0,67.9000015258789,67.9000015258789,6372
8291,2026-10-07,27.149999618530273,28.0,27.149999618530273,27.700000762939453,18771
8289,2026-10-07,55.0,56.29999923706055,53.599998474121094,55.400001525878906,2318739
8299,2026-10-07,2100.0,2110.0,2060.0,2060.0,1764317
8342,2026-10-07,83.0,83.0,82.0,82.0,6027
8349,2026-10-07,41.0,41.79999923706055,41.0,41.599998474121094,234488
8354,2026-10-07,16.549999237060547,16.549999237060547,16.5,16.5,30605
8358,2026-10-07,536.0,560.0,530.0,549.0,20955217
8383,2026-10-07,70.5,72.0999984741211,70.30000305175781,70.5999984741211,996186
8390,2026-10-07,92.5,92.5,91.0,91.80000305175781,375331
8401,2026-10-07,22.600000381469727,22.700000762939453,22.549999237060547,22.600000381469727,22493
8403,2026-10-07,18.799999237060547,18.950000762939453,18.600000381469727,18.850000381469727,219642
8409,2026-10-07,18.100000381469727,18.100000381469727,18.0,18.0,9016
8410,2026-10-07,26.799999237060547,26.799999237060547,26.600000381469727,26.700000762939453,93565
8415,2026-10-07,35.04999923706055,35.29999923706055,35.04999923706055,35.29999923706055,198055
8416,2026-10-07,171.0,171.0,171.0,171.0,2031
8421,2026-10-07,13.149999618530273,13.600000381469727,13.100000381469727,13.25,82047
8423,2026-10-07,17.950000762939453,18.0,17.899999618530273,17.950000762939453,25465
8424,2026-10-07,69.5999984741211,69.5999984741211,69.5999984741211,69.5999984741211,3000
8426,2026-10-07,20.700000762939453,21.450000762939453,20.700000762939453,20.850000381469727,32000
8431,2026-10-07,60.900001525878906,65.5,60.900001525878906,64.0,1242294
8432,2026-10-07,54.099998474121094,54.900001525878906,53.5,53.79999923706055,114109
8433,2026-10-07,52.400001525878906,52.400001525878906,52.29999923706055,52.29999923706055,17094
8435,2026-10-07,53.0,53.099998474121094,52.5,52.70000076293945,63375
8436,2026-10-07,102.5,103.0,102.5,102.5,309256
8437,2026-10-07,11.75,11.75,11.0,11.0,90650
8440,2026-10-07,20.0,20.350000381469727,20.0,20.149999618530273,70394
8444,2026-10-07,3.809999942779541,3.809999942779541,3.7300000190734863,3.7300000190734863,90000
8446,2026-10-07,86.4000015258789,87.0999984741211,85.9000015258789,86.19999694824219,26541
8450,2026-10-07,14.100000381469727,14.199999809265137,14.050000190734863,14.199999809265137,29469
8455,2026-10-07,22.549999237060547,23.200000762939453,22.399999618530273,23.200000762939453,8050
8472,2026-10-07,68.0999984741211,68.0999984741211,68.0999984741211,68.0999984741211,2352
8489,2026-10-07,21.799999237060547,21.899999618530273,21.649999618530273,21.899999618530273,60561
8905,2026-10-07,34.29999923706055,34.400001525878906,34.29999923706055,34.400001525878906,2984
8906,2026-10-07,28.850000381469727,28.850000381469727,28.299999237060547,28.649999618530273,16110
8908,2026-10-07,39.95000076293945,39.95000076293945,39.54999923706055,39.79999923706055,55607
8916,2026-10-07,40.54999923706055,40.900001525878906,40.54999923706055,40.79999923706055,40531
8917,2026-10-07,52.599998474121094,52.599998474121094,52.5,52.5,2645
8924,2026-10-07,49.0,49.20000076293945,48.79999923706055,49.04999923706055,180008
8927,2026-10-07,18.600000381469727,18.700000762939453,18.450000762939453,18.450000762939453,92558
8928,2026-10-07,22.450000762939453,22.799999237060547,22.399999618530273,22.799999237060547,9216
8929,2026-10-07,12.800000190734863,12.850000381469727,12.800000190734863,12.800000190734863,11568
8930,2026-10-07,28.299999237060547,28.350000381469727,28.100000381469727,28.200000762939453,31704
8931,2026-10-07,42.04999923706055,42.54999923706055,41.95000076293945,42.54999923706055,25251
8932,2026-10-07,90.19999694824219,91.19999694824219,90.0999984741211,90.0999984741211,479275
8933,2026-10-07,4.559999942779541,4.559999942779541,4.449999809265137,4.539999961853027,87835
8935,2026-10-07,18.700000762939453,18.700000762939453,18.100000381469727,18.299999237060547,78793
8936,2026-10-07,53.400001525878906,53.400001525878906,52.900001525878906,53.099998474121094,807498
8937,2026-10-07,25.100000381469727,25.649999618530273,25.0,25.0,70122
8938,2026-10-07,51.79999923706055,52.0,51.400001525878906,51.79999923706055,96897
8941,2026-10-07,43.900001525878906,43.900001525878906,43.849998474121094,43.900001525878906,4001
8942,2026-10-07,40.400001525878906,40.400001525878906,39.900001525878906,40.20000076293945,122537
9949,2026-10-07,24.100000381469727,24.100000381469727,24.0,24.100000381469727,9269
9950,2026-10-07,10.300000190734863,10.300000190734863,10.100000381469727,10.25,45001
9951,2026-10-07,46.25,46.54999923706055,46.20000076293945,46.25,42196
9962,2026-10-07,10.149999618530273,10.199999809265137,10.050000190734863,10.199999809265137,68044
00929,2026-10-07,30.100000381469727,30.25,30.030000686645508,30.139999389648438,22428816
7689,2026-10-07,159.0,159.0,157.5,157.5,30662
2237,2026-10-07,26.799999237060547,26.799999237060547,26.399999618530273,26.649999618530273,141194
7855,2026-10-07,41.349998474121094,42.0,41.29999923706055,41.900001525878906,374938
3718,2026-10-07,64.9000015258789,65.0999984741211,63.79999923706055,63.900001525878906,1130171
7825,2026-10-07,78.0999984741211,79.0,78.0,78.0999984741211,128812
2938,2026-10-07,18.149999618530273,18.299999237060547,18.100000381469727,18.299999237060547,55400
7812,2026-10-07,64.69999694824219,65.5,64.69999694824219,65.0,109161
7856,2026-10-07,4150.0,4450.0,4150.0,4380.0,486520
6604,2026-10-07,25.350000381469727,25.799999237060547,25.149999618530273,25.350000381469727,505461
1235,2026-10-07,31.100000381469727,31.100000381469727,30.950000762939453,30.950000762939453,5120
1236,2026-10-07,25.399999618530273,25.799999237060547,25.399999618530273,25.799999237060547,31730
1423,2026-10-07,35.5,35.5,34.54999923706055,34.54999923706055,3013
1443,2026-10-07,23.100000381469727,23.100000381469727,23.100000381469727,23.100000381469727,2045
2008,2026-10-07,30.700000762939453,30.950000762939453,30.600000381469727,30.950000762939453,5001
2910,2026-10-07,23.450000762939453,23.5,23.450000762939453,23.5,3020
4930,2026-10-07,15.800000190734863,15.800000190734863,15.699999809265137,15.800000190734863,5324
5007,2026-10-07,56.0,56.20000076293945,55.599998474121094,55.599998474121094,7259
6655,2026-10-07,128.5,128.5,128.5,128.5,2206
6952,2026-10-07,38.599998474121094,39.099998474121094,38.599998474121094,39.099998474121094,20400
6958,2026-10-07,16.899999618530273,16.899999618530273,16.75,16.75,11610
9918,2026-10-07,43.349998474121094,43.349998474121094,43.0,43.0,31111
9926,2026-10-07,49.0,49.0,49.0,49.0,2140
1570,2026-10-07,32.599998474121094,32.75,32.5,32.75,5017
2073,2026-10-07,25.600000381469727,25.600000381469727,25.600000381469727,25.600000381469727,4005
2752,2026-10-07,178.5,178.5,178.5,178.5,1537
3064,2026-10-07,14.600000381469727,14.600000381469727,14.600000381469727,14.600000381469727,1080
3492,2026-10-07,19.399999618530273,19.399999618530273,19.399999618530273,19.399999618530273,5000
4305,2026-10-07,41.20000076293945,41.20000076293945,41.20000076293945,41.20000076293945,3000
4530,2026-10-07,24.5,24.549999237060547,24.100000381469727,24.350000381469727,7002
5514,2026-10-07,15.0,15.100000381469727,15.0,15.100000381469727,20746
6212,2026-10-07,32.20000076293945,32.20000076293945,32.20000076293945,32.20000076293945,1050
6222,2026-10-07,20.0,20.0,20.0,20.0,1001
6597,2026-10-07,64.80000305175781,64.80000305175781,64.80000305175781,64.80000305175781,1013
6855,2026-10-07,111.5,115.5,111.5,115.5,4112
6881,2026-10-07,214.0,215.5,214.0,215.5,5024
6904,2026-10-07,122.5,123.0,122.5,123.0,4000
7718,2026-10-07,45.900001525878906,45.900001525878906,45.79999923706055,45.79999923706055,18012
8097,2026-10-07,48.45000076293945,48.5,48.20000076293945,48.29999923706055,9009
8477,2026-10-07,14.050000190734863,14.100000381469727,13.899999618530273,14.100000381469727,15158
9960,2026-10-07,36.70000076293945,40.150001525878906,36.70000076293945,40.099998474121094,47705
6955,2026-10-07,93.0,93.0,93.0,93.0,1258
1599,2026-10-07,22.799999237060547,22.799999237060547,22.799999237060547,22.799999237060547,2026
2937,2026-10-07,45.0,45.0,45.0,45.0,1000
4419,2026-10-07,48.5,48.5,48.5,48.5,1002
4535,2026-10-07,26.5,26.5,26.5,26.5,1001
