stock_code,trade_date,open,high,low,close,volume
1104,2026-08-31,26.450000762939453,26.799999237060547,26.450000762939453,26.649999618530273,8826941
1101,2026-08-31,24.299999237060547,24.450000762939453,24.049999237060547,24.399999618530273,496478424
1102,2026-08-31,34.400001525878906,34.70000076293945,34.29999923706055,34.54999923706055,7810363
1103,2026-08-31,13.199999809265137,13.199999809265137,13.100000381469727,13.199999809265137,343862
1109,2026-08-31,13.5,13.600000381469727,13.399999618530273,13.449999809265137,108426
1108,2026-08-31,11.75,11.75,11.649999618530273,11.699999809265137,136398
1201,2026-08-31,12.25,12.300000190734863,12.149999618530273,12.25,371724
1110,2026-08-31,15.850000381469727,15.949999809265137,15.800000190734863,15.949999809265137,304034
1210,2026-08-31,52.099998474121094,52.20000076293945,51.400001525878906,51.400001525878906,2187529
1203,2026-08-31,44.650001525878906,44.650001525878906,44.099998474121094,44.099998474121094,20464
1213,2026-08-31,7.699999809265137,7.699999809265137,7.309999942779541,7.309999942779541,4242
1215,2026-08-31,109.0,109.5,107.0,107.5,1093120
1217,2026-08-31,10.050000190734863,10.050000190734863,9.930000305175781,9.989999771118164,320095
1216,2026-08-31,75.69999694824219,76.19999694824219,75.0999984741211,76.19999694824219,14413909
1218,2026-08-31,14.5,14.649999618530273,14.449999809265137,14.5,1092459
1219,2026-08-31,11.350000381469727,11.550000190734863,11.350000381469727,11.449999809265137,172964
1220,2026-08-31,10.899999618530273,10.899999618530273,10.75,10.75,215108
1225,2026-08-31,25.25,25.75,25.25,25.700000762939453,56130
1227,2026-08-31,28.649999618530273,28.850000381469727,28.399999618530273,28.850000381469727,1521637
1229,2026-08-31,42.0,42.25,41.79999923706055,41.79999923706055,1523766
1231,2026-08-31,80.5999984741211,80.9000015258789,80.4000015258789,80.5,202835
1233,2026-08-31,29.0,29.0,28.25,28.350000381469727,37106
1232,2026-08-31,156.5,157.5,156.5,157.0,104038
1234,2026-08-31,33.20000076293945,33.25,33.099998474121094,33.20000076293945,97592
1235,2026-08-31,36.45000076293945,37.0,36.099998474121094,36.849998474121094,10001
1236,2026-08-31,25.549999237060547,25.700000762939453,25.399999618530273,25.700000762939453,64996
1256,2026-08-31,193.5,195.5,181.0,181.5,291842
1301,2026-08-31,61.900001525878906,66.19999694824219,61.900001525878906,66.19999694824219,63198366
1303,2026-08-31,224.0,242.5,223.5,242.5,169405595
1304,2026-08-31,12.050000190734863,12.649999618530273,12.0,12.649999618530273,5150465
1305,2026-08-31,12.100000381469727,12.550000190734863,12.0,12.550000190734863,2586352
1307,2026-08-31,30.600000381469727,31.0,30.549999237060547,30.549999237060547,482592
1308,2026-08-31,14.0,14.5,13.949999809265137,14.399999618530273,3015304
1309,2026-08-31,13.0,13.649999618530273,13.0,13.449999809265137,3113636
1310,2026-08-31,8.430000305175781,8.75,8.369999885559082,8.75,3861650
1312,2026-08-31,14.199999809265137,15.550000190734863,14.149999618530273,15.550000190734863,108377779
1313,2026-08-31,11.850000381469727,12.25,11.850000381469727,12.149999618530273,3721316
1314,2026-08-31,8.020000457763672,8.289999961853027,8.0,8.180000305175781,23223307
1315,2026-08-31,65.4000015258789,66.5,65.19999694824219,66.0,48981
1316,2026-08-31,10.949999809265137,11.050000190734863,10.75,10.949999809265137,2938164
1319,2026-08-31,82.0,82.9000015258789,81.69999694824219,82.5999984741211,1270071
1321,2026-08-31,33.04999923706055,33.20000076293945,32.099998474121094,32.25,224170
1324,2026-08-31,10.25,10.25,10.100000381469727,10.100000381469727,14699
1323,2026-08-31,21.5,21.5,21.200000762939453,21.350000381469727,23170
1326,2026-08-31,62.0,68.30000305175781,61.900001525878906,68.30000305175781,71133704
1325,2026-08-31,26.049999237060547,26.25,25.950000762939453,26.049999237060547,101969
1337,2026-08-31,4.670000076293945,4.679999828338623,4.590000152587891,4.630000114440918,309817
1338,2026-08-31,14.100000381469727,14.5,14.100000381469727,14.5,80778
1339,2026-08-31,43.5,43.5,42.79999923706055,42.79999923706055,63141
1341,2026-08-31,58.900001525878906,59.79999923706055,58.20000076293945,59.79999923706055,9090
1340,2026-08-31,5.210000038146973,5.260000228881836,5.179999828338623,5.25,72498
1342,2026-08-31,103.0,104.0,103.0,103.5,98024
1402,2026-08-31,28.100000381469727,28.600000381469727,27.899999618530273,28.350000381469727,14807294
1409,2026-08-31,24.049999237060547,24.649999618530273,23.700000762939453,24.600000381469727,11594301
1410,2026-08-31,24.5,24.549999237060547,24.149999618530273,24.299999237060547,140062
1413,2026-08-31,9.100000381469727,9.300000190734863,9.100000381469727,9.300000190734863,13418
1414,2026-08-31,19.399999618530273,19.399999618530273,19.049999237060547,19.399999618530273,234420
1416,2026-08-31,11.75,11.899999618530273,11.699999809265137,11.800000190734863,89863
1417,2026-08-31,8.3100004196167,8.350000381469727,8.229999542236328,8.319999694824219,182427
1418,2026-08-31,17.600000381469727,17.799999237060547,17.600000381469727,17.75,14253
1419,2026-08-31,66.4000015258789,66.4000015258789,65.69999694824219,65.69999694824219,52145
1423,2026-08-31,34.099998474121094,35.400001525878906,34.099998474121094,35.400001525878906,7460
1432,2026-08-31,15.050000190734863,15.149999618530273,15.0,15.0,68661
1434,2026-08-31,17.799999237060547,18.149999618530273,17.700000762939453,18.149999618530273,1819479
1436,2026-08-31,38.54999923706055,38.599998474121094,38.0,38.45000076293945,82584
1437,2026-08-31,31.649999618530273,32.150001525878906,31.399999618530273,32.0,180246
1435,2026-08-31,21.299999237060547,21.899999618530273,21.149999618530273,21.600000381469727,13552
1438,2026-08-31,22.149999618530273,22.399999618530273,22.100000381469727,22.399999618530273,29475
1439,2026-08-31,28.549999237060547,29.399999618530273,28.549999237060547,29.200000762939453,17054
1440,2026-08-31,13.800000190734863,14.0,13.550000190734863,13.899999618530273,3047574
1441,2026-08-31,8.960000038146973,9.020000457763672,8.819999694824219,8.819999694824219,12371
1442,2026-08-31,29.799999237060547,29.799999237060547,29.25,29.299999237060547,217088
1443,2026-08-31,24.5,24.5,24.299999237060547,24.350000381469727,11071
1444,2026-08-31,7.170000076293945,7.170000076293945,7.079999923706055,7.090000152587891,1113287
1445,2026-08-31,10.350000381469727,10.449999809265137,10.149999618530273,10.149999618530273,33047
1446,2026-08-31,13.649999618530273,13.699999809265137,13.550000190734863,13.600000381469727,94309
1447,2026-08-31,6.880000114440918,6.880000114440918,6.769999980926514,6.840000152587891,785392
1449,2026-08-31,12.350000381469727,12.449999809265137,12.25,12.449999809265137,216511
1451,2026-08-31,17.25,17.350000381469727,17.200000762939453,17.350000381469727,126597
1452,2026-08-31,11.350000381469727,11.449999809265137,11.199999809265137,11.449999809265137,68198
1453,2026-08-31,11.050000190734863,11.300000190734863,11.0,11.199999809265137,51882
1454,2026-08-31,12.5,12.5,12.199999809265137,12.25,31067
1455,2026-08-31,10.0,10.100000381469727,9.949999809265137,10.0,843788
1456,2026-08-31,13.600000381469727,14.399999618530273,13.449999809265137,13.899999618530273,146271
1457,2026-08-31,14.350000381469727,14.350000381469727,14.25,14.350000381469727,64430
1459,2026-08-31,15.199999809265137,15.850000381469727,15.199999809265137,15.5,136232
1460,2026-08-31,6.619999885559082,6.619999885559082,6.559999942779541,6.599999904632568,206718
1463,2026-08-31,17.5,17.549999237060547,17.25,17.299999237060547,41218
1464,2026-08-31,10.149999618530273,10.199999809265137,10.050000190734863,10.149999618530273,262369
1466,2026-08-31,16.049999237060547,16.049999237060547,15.649999618530273,15.949999809265137,215670
1467,2026-08-31,8.329999923706055,8.630000114440918,8.260000228881836,8.380000114440918,254720
1465,2026-08-31,11.949999809265137,12.100000381469727,11.850000381469727,12.050000190734863,219640
1468,2026-08-31,13.100000381469727,13.199999809265137,12.800000190734863,13.149999618530273,70000
1470,2026-08-31,23.75,24.049999237060547,23.450000762939453,24.049999237060547,7000
1471,2026-08-31,9.960000038146973,9.960000038146973,9.800000190734863,9.829999923706055,224975
1472,2026-08-31,88.5,90.0,87.5,90.0,49260
1473,2026-08-31,20.049999237060547,20.049999237060547,19.799999237060547,20.0,36112
1474,2026-08-31,10.0,10.100000381469727,9.920000076293945,10.0,94407
1475,2026-08-31,26.25,26.450000762939453,25.700000762939453,26.200000762939453,29003
1476,2026-08-31,310.0,311.5,307.0,309.0,1016029
1477,2026-08-31,195.5,197.0,192.5,194.5,1697787
1503,2026-08-31,203.5,203.5,198.0,200.0,1974739
1504,2026-08-31,72.4000015258789,72.5999984741211,71.30000305175781,72.5,4702780
1506,2026-08-31,10.149999618530273,10.149999618530273,10.050000190734863,10.100000381469727,64071
1512,2026-08-31,6.269999980926514,6.579999923706055,6.269999980926514,6.369999885559082,49260
1513,2026-08-31,167.5,168.0,163.0,164.0,3491260
1514,2026-08-31,104.0,104.5,101.0,102.0,1630945
1515,2026-08-31,34.25,34.349998474121094,33.099998474121094,33.400001525878906,1835052
1516,2026-08-31,14.5,14.600000381469727,14.5,14.600000381469727,9138
1517,2026-08-31,11.149999618530273,11.25,11.149999618530273,11.25,116824
1521,2026-08-31,25.75,25.950000762939453,25.700000762939453,25.950000762939453,12110
1519,2026-08-31,755.0,755.0,725.0,729.0,2489447
1522,2026-08-31,28.0,28.049999237060547,27.75,28.0,237953
1524,2026-08-31,27.5,27.600000381469727,27.25,27.350000381469727,185647
1525,2026-08-31,66.0,67.80000305175781,65.5,67.69999694824219,21004
1526,2026-08-31,16.5,16.5,16.049999237060547,16.299999237060547,238512
1527,2026-08-31,32.5,32.70000076293945,32.5,32.70000076293945,69998
1528,2026-08-31,19.649999618530273,19.75,19.149999618530273,19.299999237060547,622911
1529,2026-08-31,17.600000381469727,17.799999237060547,16.950000762939453,17.100000381469727,423853
1530,2026-08-31,29.299999237060547,29.5,28.649999618530273,28.700000762939453,22845
1531,2026-08-31,12.699999809265137,12.800000190734863,11.949999809265137,12.100000381469727,919133
1532,2026-08-31,22.799999237060547,23.0,22.75,23.0,181455
1533,2026-08-31,32.0,32.099998474121094,31.149999618530273,31.200000762939453,192540
1535,2026-08-31,45.95000076293945,46.0,45.5,45.79999923706055,54708
1536,2026-08-31,50.0,50.099998474121094,49.400001525878906,49.599998474121094,859271
1537,2026-08-31,118.5,119.0,118.5,118.5,118920
1540,2026-08-31,19.5,19.5,19.350000381469727,19.5,84908
1539,2026-08-31,15.800000190734863,15.800000190734863,15.550000190734863,15.600000381469727,23003
1541,2026-08-31,22.25,22.25,21.399999618530273,21.700000762939453,17005
1558,2026-08-31,102.0,103.5,102.0,103.5,90085
1560,2026-08-31,685.0,687.0,663.0,683.0,942726
1568,2026-08-31,29.100000381469727,29.100000381469727,28.399999618530273,28.700000762939453,153083
1582,2026-08-31,76.69999694824219,77.19999694824219,76.0999984741211,76.5,669944
1583,2026-08-31,48.349998474121094,48.349998474121094,48.0,48.04999923706055,31448
1587,2026-08-31,24.299999237060547,24.600000381469727,24.0,24.25,131163
1590,2026-08-31,1385.0,1430.0,1365.0,1425.0,625189
1597,2026-08-31,148.5,153.0,137.0,138.5,4278401
1598,2026-08-31,20.700000762939453,20.700000762939453,20.25,20.25,118434
1603,2026-08-31,30.700000762939453,30.899999618530273,30.350000381469727,30.549999237060547,200882
1604,2026-08-31,23.149999618530273,23.25,23.049999237060547,23.25,233687
1605,2026-08-31,38.79999923706055,39.20000076293945,38.25,39.20000076293945,22222894
1608,2026-08-31,37.54999923706055,37.95000076293945,36.95000076293945,37.70000076293945,3259234
1609,2026-08-31,38.0,38.0,37.349998474121094,37.599998474121094,2766934
1611,2026-08-31,11.899999618530273,11.949999809265137,11.800000190734863,11.949999809265137,457387
1612,2026-08-31,35.20000076293945,35.20000076293945,34.849998474121094,35.099998474121094,380096
1614,2026-08-31,30.649999618530273,30.799999237060547,30.549999237060547,30.600000381469727,44532
1615,2026-08-31,44.04999923706055,44.349998474121094,43.95000076293945,44.04999923706055,98148
1616,2026-08-31,19.5,19.75,19.399999618530273,19.549999237060547,183486
1617,2026-08-31,17.549999237060547,17.899999618530273,17.25,17.850000381469727,359178
1618,2026-08-31,40.599998474121094,40.599998474121094,39.95000076293945,40.099998474121094,335916
1623,2026-08-31,201.5,202.5,200.0,202.5,51553
1626,2026-08-31,9.649999618530273,9.739999771118164,9.59000015258789,9.739999771118164,52661
1707,2026-08-31,89.30000305175781,90.19999694824219,88.80000305175781,89.4000015258789,3701563
1702,2026-08-31,32.900001525878906,32.900001525878906,32.599998474121094,32.75,113305
1708,2026-08-31,50.900001525878906,52.20000076293945,50.20000076293945,50.599998474121094,2600169
1709,2026-08-31,35.849998474121094,36.25,33.349998474121094,33.45000076293945,12661759
1710,2026-08-31,15.850000381469727,16.549999237060547,15.75,16.350000381469727,6145230
1711,2026-08-31,43.900001525878906,44.650001525878906,43.04999923706055,43.349998474121094,5347255
1712,2026-08-31,39.79999923706055,40.04999923706055,39.5,39.95000076293945,9176340
1714,2026-08-31,16.549999237060547,16.950000762939453,16.549999237060547,16.899999618530273,9935570
1713,2026-08-31,44.20000076293945,44.29999923706055,43.79999923706055,44.150001525878906,100906
1717,2026-08-31,77.5999984741211,84.5,76.4000015258789,82.5,53258580
1718,2026-08-31,10.699999809265137,10.949999809265137,10.600000381469727,10.899999618530273,13533944
1720,2026-08-31,56.5,56.79999923706055,56.20000076293945,56.70000076293945,176807
1721,2026-08-31,20.299999237060547,20.899999618530273,19.450000762939453,20.549999237060547,626592
1722,2026-08-31,44.900001525878906,44.900001525878906,44.5,44.54999923706055,3736386
1723,2026-08-31,86.5999984741211,87.5,86.0,86.0999984741211,310605
1725,2026-08-31,31.799999237060547,31.799999237060547,31.0,31.299999237060547,20177
1726,2026-08-31,76.9000015258789,77.5,76.9000015258789,77.5,34243
1727,2026-08-31,98.0999984741211,106.0,97.30000305175781,99.9000015258789,10189846
1730,2026-08-31,51.70000076293945,51.70000076293945,51.5,51.5,41749
1732,2026-08-31,26.5,26.5,26.399999618530273,26.450000762939453,98516
1731,2026-08-31,21.049999237060547,21.049999237060547,20.850000381469727,20.899999618530273,35584
1733,2026-08-31,31.850000381469727,32.099998474121094,31.649999618530273,31.950000762939453,158796
1734,2026-08-31,30.700000762939453,30.799999237060547,30.600000381469727,30.649999618530273,146249
1735,2026-08-31,20.600000381469727,20.899999618530273,20.600000381469727,20.649999618530273,52598
1736,2026-08-31,125.5,129.0,125.5,126.0,255717
1737,2026-08-31,30.75,30.799999237060547,30.700000762939453,30.700000762939453,188810
1752,2026-08-31,32.0,32.0,31.600000381469727,31.899999618530273,30221
1762,2026-08-31,35.349998474121094,35.95000076293945,35.150001525878906,35.900001525878906,75347
1773,2026-08-31,159.5,166.0,158.0,164.0,869360
1760,2026-08-31,58.20000076293945,58.20000076293945,57.79999923706055,58.0,113824
1776,2026-08-31,17.100000381469727,17.200000762939453,17.049999237060547,17.100000381469727,29080
1783,2026-08-31,41.5,41.5,40.599998474121094,41.349998474121094,152253
1786,2026-08-31,48.79999923706055,48.79999923706055,47.54999923706055,47.75,377064
1789,2026-08-31,18.950000762939453,19.350000381469727,18.899999618530273,19.0,315938
1795,2026-08-31,188.5,190.0,186.0,186.0,978626
1802,2026-08-31,60.099998474121094,61.20000076293945,59.5,60.79999923706055,28707693
1805,2026-08-31,10.25,10.25,10.100000381469727,10.100000381469727,51154
1806,2026-08-31,8.020000457763672,8.020000457763672,7.960000038146973,8.010000228881836,199579
1808,2026-08-31,34.650001525878906,35.0,33.95000076293945,34.099998474121094,2545246
1809,2026-08-31,39.25,39.5,38.400001525878906,39.0,918802
1817,2026-08-31,40.45000076293945,40.45000076293945,40.04999923706055,40.099998474121094,46522
1810,2026-08-31,25.0,25.200000762939453,24.799999237060547,24.899999618530273,2835595
1903,2026-08-31,48.0,48.0,47.5,47.79999923706055,108785
1904,2026-08-31,25.100000381469727,25.399999618530273,24.850000381469727,25.200000762939453,2401850
1905,2026-08-31,13.649999618530273,13.800000190734863,13.5,13.699999809265137,1995363
1906,2026-08-31,11.25,11.399999618530273,11.25,11.350000381469727,25732
1907,2026-08-31,29.899999618530273,30.299999237060547,29.850000381469727,29.850000381469727,1102245
1909,2026-08-31,10.75,11.300000190734863,10.75,11.100000381469727,4401923
2002,2026-08-31,19.0,19.049999237060547,18.899999618530273,18.950000762939453,33791656
2006,2026-08-31,80.5,80.80000305175781,79.5,80.80000305175781,2293950
2007,2026-08-31,7.0,7.0,6.929999828338623,6.989999771118164,208811
2009,2026-08-31,41.25,41.400001525878906,40.20000076293945,40.849998474121094,1508133
2008,2026-08-31,30.549999237060547,30.600000381469727,30.5,30.549999237060547,8000
2010,2026-08-31,22.700000762939453,22.799999237060547,22.549999237060547,22.700000762939453,521306
2012,2026-08-31,14.550000190734863,14.649999618530273,14.449999809265137,14.600000381469727,97210
2013,2026-08-31,41.70000076293945,41.79999923706055,41.349998474121094,41.45000076293945,55636
2014,2026-08-31,17.049999237060547,17.100000381469727,16.950000762939453,17.049999237060547,1669727
2015,2026-08-31,64.5,64.5,63.79999923706055,63.79999923706055,170387
2017,2026-08-31,9.199999809265137,9.319999694824219,9.100000381469727,9.130000114440918,637732
2020,2026-08-31,21.75,21.899999618530273,21.700000762939453,21.799999237060547,110278
2022,2026-08-31,7.650000095367432,7.659999847412109,7.570000171661377,7.579999923706055,198856
2023,2026-08-31,13.649999618530273,14.149999618530273,13.600000381469727,14.149999618530273,2223720
2024,2026-08-31,13.399999618530273,13.399999618530273,13.199999809265137,13.25,12512
2025,2026-08-31,13.050000190734863,13.050000190734863,12.600000381469727,12.800000190734863,723441
2027,2026-08-31,48.400001525878906,49.45000076293945,47.849998474121094,48.79999923706055,16374112
2028,2026-08-31,15.850000381469727,15.850000381469727,15.649999618530273,15.699999809265137,75228
2029,2026-08-31,22.0,22.200000762939453,21.899999618530273,21.950000762939453,131587
2030,2026-08-31,23.049999237060547,23.100000381469727,22.549999237060547,22.649999618530273,1679298
2031,2026-08-31,45.29999923706055,45.599998474121094,44.79999923706055,45.0,714904
2032,2026-08-31,17.149999618530273,17.25,17.049999237060547,17.25,229290
2033,2026-08-31,28.0,28.200000762939453,25.950000762939453,26.0,4337212
2034,2026-08-31,20.549999237060547,20.700000762939453,20.399999618530273,20.549999237060547,899913
2038,2026-08-31,12.800000190734863,12.949999809265137,12.75,12.949999809265137,119049
2049,2026-08-31,350.0,351.0,340.0,350.0,2575141
2059,2026-08-31,14250.0,14310.0,13850.0,14180.0,981440
2062,2026-08-31,19.200000762939453,19.200000762939453,19.0,19.049999237060547,97988
2069,2026-08-31,21.299999237060547,21.850000381469727,21.149999618530273,21.200000762939453,502158
2072,2026-08-31,144.0,144.0,141.0,141.5,247002
2101,2026-08-31,31.700000762939453,31.700000762939453,31.200000762939453,31.25,2014368
2102,2026-08-31,18.450000762939453,18.549999237060547,18.399999618530273,18.5,167656
2103,2026-08-31,28.299999237060547,28.549999237060547,28.049999237060547,28.399999618530273,2908921
2104,2026-08-31,10.199999809265137,10.550000190734863,10.199999809265137,10.449999809265137,2230587
2105,2026-08-31,30.549999237060547,30.899999618530273,30.350000381469727,30.899999618530273,4544611
2106,2026-08-31,16.899999618530273,17.25,16.799999237060547,17.100000381469727,15571124
2107,2026-08-31,26.600000381469727,27.049999237060547,26.549999237060547,26.899999618530273,199827
2108,2026-08-31,30.450000762939453,30.850000381469727,30.100000381469727,30.5,578731
2109,2026-08-31,14.800000190734863,14.850000381469727,14.75,14.800000190734863,83113
2114,2026-08-31,89.0,89.5999984741211,88.80000305175781,89.30000305175781,30232
2115,2026-08-31,23.899999618530273,23.950000762939453,23.799999237060547,23.899999618530273,24010
2201,2026-08-31,28.399999618530273,29.799999237060547,28.200000762939453,29.75,7240670
2204,2026-08-31,53.400001525878906,54.0,53.0,54.0,553385
2206,2026-08-31,62.79999923706055,63.20000076293945,62.29999923706055,63.099998474121094,802610
2207,2026-08-31,521.0,521.0,512.0,513.0,766535
2208,2026-08-31,19.350000381469727,19.399999618530273,19.149999618530273,19.299999237060547,1703750
2211,2026-08-31,83.0999984741211,83.5,82.5999984741211,82.5999984741211,331284
2227,2026-08-31,47.79999923706055,47.79999923706055,47.20000076293945,47.400001525878906,40623
2228,2026-08-31,74.5999984741211,75.30000305175781,74.4000015258789,74.9000015258789,95028
2231,2026-08-31,92.9000015258789,92.9000015258789,91.0999984741211,91.30000305175781,153156
2233,2026-08-31,171.0,171.0,167.5,171.0,458305
2236,2026-08-31,121.5,121.5,118.0,121.5,223994
2239,2026-08-31,20.049999237060547,20.049999237060547,19.649999618530273,19.850000381469727,47360
2241,2026-08-31,34.20000076293945,35.20000076293945,34.0,34.599998474121094,277562
2243,2026-08-31,41.5,42.599998474121094,41.0,42.0,124540
2247,2026-08-31,230.5,231.0,227.5,230.5,35396
2248,2026-08-31,63.29999923706055,63.29999923706055,61.70000076293945,62.599998474121094,35964
2250,2026-08-31,58.599998474121094,59.70000076293945,58.400001525878906,58.70000076293945,57350
2301,2026-08-31,311.0,314.5,304.0,305.0,26191840
2302,2026-08-31,43.45000076293945,45.20000076293945,42.70000076293945,44.150001525878906,2663221
2305,2026-08-31,29.0,31.899999618530273,28.75,30.049999237060547,10275302
2303,2026-08-31,126.5,129.0,124.0,129.0,217234072
2308,2026-08-31,1785.0,1840.0,1775.0,1840.0,8712173
2312,2026-08-31,31.799999237060547,32.45000076293945,31.450000762939453,32.349998474121094,10227272
2313,2026-08-31,240.0,257.5,238.5,248.5,67503359
2314,2026-08-31,11.600000381469727,11.699999809265137,11.5,11.5,33813
2316,2026-08-31,162.0,166.0,158.0,159.5,1818530
2317,2026-08-31,249.5,251.0,246.0,250.0,35168702
2321,2026-08-31,13.850000381469727,15.0,13.850000381469727,14.949999809265137,40841
2323,2026-08-31,10.949999809265137,11.0,10.800000190734863,10.949999809265137,2527499
2324,2026-08-31,39.54999923706055,40.54999923706055,39.29999923706055,40.349998474121094,54492087
2327,2026-08-31,580.0,590.0,538.0,545.0,71304940
2328,2026-08-31,46.20000076293945,47.099998474121094,46.099998474121094,46.79999923706055,1352221
2329,2026-08-31,43.599998474121094,43.79999923706055,42.79999923706055,43.5,2292756
2330,2026-08-31,2395.0,2405.0,2375.0,2405.0,28908943
2331,2026-08-31,19.5,19.899999618530273,19.450000762939453,19.600000381469727,829727
2332,2026-08-31,20.049999237060547,20.5,19.899999618530273,19.899999618530273,12212823
2337,2026-08-31,124.0,127.5,122.5,126.0,35904893
2338,2026-08-31,40.150001525878906,40.150001525878906,38.5,39.04999923706055,1708336
2340,2026-08-31,33.70000076293945,33.900001525878906,32.70000076293945,33.599998474121094,2832407
2344,2026-08-31,179.5,186.0,176.0,182.5,340675609
2342,2026-08-31,40.150001525878906,40.29999923706055,39.45000076293945,40.150001525878906,1161305
2345,2026-08-31,2085.0,2085.0,1950.0,2035.0,4466280
2347,2026-08-31,86.0999984741211,87.0,85.0999984741211,87.0,3092767
2349,2026-08-31,11.100000381469727,11.149999618530273,10.899999618530273,11.100000381469727,1419942
2348,2026-08-31,71.5,72.0,70.5999984741211,70.5999984741211,244894
2351,2026-08-31,232.5,239.5,222.5,232.5,5554825
2352,2026-08-31,28.100000381469727,28.399999618530273,27.850000381469727,28.350000381469727,4446833
2353,2026-08-31,30.799999237060547,31.5,30.549999237060547,31.5,11073390
2354,2026-08-31,63.0,65.0999984741211,62.599998474121094,64.69999694824219,14081841
2355,2026-08-31,43.900001525878906,45.20000076293945,43.650001525878906,43.900001525878906,1699543
2356,2026-08-31,64.69999694824219,67.5,63.79999923706055,66.69999694824219,21505884
2357,2026-08-31,962.0,1005.0,951.0,999.0,5169509
2359,2026-08-31,146.0,147.5,142.5,144.5,3224301
2360,2026-08-31,1970.0,1990.0,1905.0,1960.0,2333185
2362,2026-08-31,47.20000076293945,48.29999923706055,47.20000076293945,47.75,809659
2363,2026-08-31,50.599998474121094,51.29999923706055,50.400001525878906,51.099998474121094,3159460
2364,2026-08-31,65.5999984741211,67.0999984741211,65.0,66.0,480237
2365,2026-08-31,29.799999237060547,29.899999618530273,29.399999618530273,29.5,553969
2367,2026-08-31,44.54999923706055,45.70000076293945,43.900001525878906,44.45000076293945,6108096
2368,2026-08-31,1200.0,1240.0,1140.0,1165.0,20943307
2369,2026-08-31,31.600000381469727,31.700000762939453,30.950000762939453,31.25,5081308
2371,2026-08-31,28.200000762939453,28.600000381469727,28.0,28.049999237060547,8605851
2373,2026-08-31,53.099998474121094,53.20000076293945,53.099998474121094,53.099998474121094,36591
2375,2026-08-31,130.5,135.5,123.0,127.0,5260775
2374,2026-08-31,68.5,69.5999984741211,68.30000305175781,68.69999694824219,1905301
2376,2026-08-31,348.0,358.0,345.5,358.0,6412250
2377,2026-08-31,145.5,155.0,145.0,155.0,17679339
2379,2026-08-31,724.0,724.0,709.0,721.0,2922217
2380,2026-08-31,18.950000762939453,19.049999237060547,18.600000381469727,19.049999237060547,51801
2382,2026-08-31,329.5,338.5,326.0,338.5,16230783
2383,2026-08-31,5300.0,5500.0,5300.0,5485.0,1997692
2387,2026-08-31,36.849998474121094,36.900001525878906,36.45000076293945,36.599998474121094,159136
2385,2026-08-31,107.5,107.5,105.5,106.5,2184825
2388,2026-08-31,72.9000015258789,73.5,71.5,72.69999694824219,1995141
2390,2026-08-31,10.5,10.5,10.300000190734863,10.399999618530273,397757
2392,2026-08-31,44.349998474121094,45.849998474121094,43.70000076293945,45.0,14213575
2393,2026-08-31,66.0,66.0999984741211,65.0,66.0999984741211,2324195
2395,2026-08-31,664.0,677.0,656.0,677.0,3302504
2397,2026-08-31,61.599998474121094,63.0,61.29999923706055,63.0,183380
2401,2026-08-31,25.649999618530273,25.649999618530273,25.149999618530273,25.25,1911027
2399,2026-08-31,46.650001525878906,47.04999923706055,45.099998474121094,45.599998474121094,3230233
2402,2026-08-31,56.599998474121094,61.0,56.5,59.70000076293945,7187655
2404,2026-08-31,1065.0,1065.0,1035.0,1060.0,1466651
2405,2026-08-31,15.399999618530273,15.550000190734863,15.25,15.350000381469727,758393
2406,2026-08-31,28.5,28.75,27.850000381469727,28.049999237060547,3125786
2408,2026-08-31,546.0,558.0,531.0,543.0,158354207
2409,2026-08-31,25.75,26.649999618530273,25.399999618530273,26.649999618530273,161468166
2412,2026-08-31,136.0,136.0,135.0,136.0,15439903
2413,2026-08-31,43.79999923706055,44.400001525878906,43.04999923706055,43.20000076293945,348305
2414,2026-08-31,51.900001525878906,52.099998474121094,51.599998474121094,51.79999923706055,117499
2415,2026-08-31,28.899999618530273,29.350000381469727,28.649999618530273,28.950000762939453,152557
2417,2026-08-31,44.150001525878906,44.25,43.150001525878906,43.75,339936
2419,2026-08-31,25.149999618530273,25.450000762939453,24.899999618530273,25.100000381469727,316584
2420,2026-08-31,55.20000076293945,55.20000076293945,54.099998474121094,54.5,299677
2421,2026-08-31,163.5,179.5,163.0,179.5,20999382
2423,2026-08-31,73.69999694824219,74.30000305175781,73.0,73.69999694824219,67445
2424,2026-08-31,8.100000381469727,8.289999961853027,7.679999828338623,8.010000228881836,29000
2425,2026-08-31,38.29999923706055,38.400001525878906,37.400001525878906,37.400001525878906,770155
2426,2026-08-31,95.0999984741211,100.5,88.4000015258789,97.80000305175781,86491390
2427,2026-08-31,22.649999618530273,22.799999237060547,22.25,22.350000381469727,202235
2428,2026-08-31,260.0,266.0,250.0,252.0,2326529
2429,2026-08-31,33.25,33.400001525878906,32.79999923706055,33.04999923706055,156304
2430,2026-08-31,17.700000762939453,17.799999237060547,17.649999618530273,17.799999237060547,18375
2431,2026-08-31,10.350000381469727,10.449999809265137,10.149999618530273,10.199999809265137,201291
2433,2026-08-31,41.54999923706055,41.54999923706055,41.400001525878906,41.5,18421
2434,2026-08-31,58.099998474121094,62.0,57.0,62.0,2051676
2436,2026-08-31,67.4000015258789,67.4000015258789,65.0,65.69999694824219,3749849
2438,2026-08-31,18.25,18.25,18.0,18.149999618530273,25055
2439,2026-08-31,78.5,79.30000305175781,77.80000305175781,78.80000305175781,1034336
2440,2026-08-31,14.399999618530273,14.399999618530273,14.0,14.25,232775
2441,2026-08-31,117.0,117.0,113.0,115.5,4463370
2442,2026-08-31,19.399999618530273,19.399999618530273,19.25,19.299999237060547,1551861
2444,2026-08-31,10.899999618530273,11.100000381469727,10.899999618530273,11.0,90035
2449,2026-08-31,264.5,264.5,250.0,257.0,37584629
2450,2026-08-31,28.299999237060547,28.299999237060547,28.049999237060547,28.100000381469727,90246
2451,2026-08-31,291.5,296.5,289.0,294.5,3125112
2453,2026-08-31,52.099998474121094,52.29999923706055,52.0,52.29999923706055,136172
2454,2026-08-31,3885.0,3945.0,3820.0,3925.0,7157409
2455,2026-08-31,428.0,477.0,428.0,477.0,32349022
2457,2026-08-31,23.0,23.399999618530273,22.75,23.399999618530273,1262972
2458,2026-08-31,138.5,138.5,135.0,135.5,1570717
2459,2026-08-31,67.30000305175781,67.30000305175781,66.5999984741211,66.9000015258789,30244
2460,2026-08-31,28.850000381469727,28.850000381469727,28.0,28.350000381469727,409767
2461,2026-08-31,18.950000762939453,18.950000762939453,18.399999618530273,18.600000381469727,596487
2462,2026-08-31,20.149999618530273,20.649999618530273,19.799999237060547,20.549999237060547,351540
2464,2026-08-31,185.0,187.0,175.0,180.0,15613867
2465,2026-08-31,93.5999984741211,96.80000305175781,93.0999984741211,94.0,2381033
2466,2026-08-31,105.5,106.0,99.0,99.0,1409001
2467,2026-08-31,595.0,616.0,570.0,613.0,1355788
2468,2026-08-31,33.599998474121094,33.849998474121094,33.400001525878906,33.599998474121094,141472
2471,2026-08-31,49.79999923706055,50.5,49.79999923706055,50.5,167472
2472,2026-08-31,229.5,236.5,215.0,224.0,3194673
2474,2026-08-31,206.0,208.5,205.5,208.5,3754628
2476,2026-08-31,124.5,126.0,122.5,125.5,1338211
2477,2026-08-31,20.700000762939453,22.75,20.200000762939453,21.899999618530273,1281538
2478,2026-08-31,126.5,133.5,120.0,123.5,4262184
2480,2026-08-31,156.5,157.0,155.0,157.0,111278
2481,2026-08-31,150.5,155.5,146.5,151.0,22069461
2482,2026-08-31,15.850000381469727,16.149999618530273,15.800000190734863,16.0,66187
2483,2026-08-31,36.0,36.650001525878906,34.75,35.20000076293945,1222969
2484,2026-08-31,75.5,76.19999694824219,73.5999984741211,74.0,6575406
2485,2026-08-31,42.0,44.04999923706055,42.0,42.75,3758527
2486,2026-08-31,260.0,263.5,259.5,263.0,2414215
2488,2026-08-31,48.099998474121094,48.5,48.099998474121094,48.5,57948
2489,2026-08-31,40.0,44.20000076293945,40.0,42.20000076293945,89639710
2491,2026-08-31,50.79999923706055,50.79999923706055,50.79999923706055,50.79999923706055,636814
2492,2026-08-31,308.0,316.5,282.5,295.0,57981131
2495,2026-08-31,38.0,38.79999923706055,37.849998474121094,38.349998474121094,807840
2493,2026-08-31,178.0,183.0,173.5,179.5,1758790
2496,2026-08-31,55.0,55.0,54.5,54.5,12892
2497,2026-08-31,44.400001525878906,45.150001525878906,44.400001525878906,45.0,140201
2498,2026-08-31,40.650001525878906,40.900001525878906,40.150001525878906,40.20000076293945,3268734
2501,2026-08-31,22.5,22.600000381469727,22.299999237060547,22.350000381469727,1469265
2504,2026-08-31,31.700000762939453,31.75,31.200000762939453,31.200000762939453,1777693
2505,2026-08-31,17.299999237060547,17.299999237060547,17.0,17.0,344507
2506,2026-08-31,8.550000190734863,8.569999694824219,8.479999542236328,8.5600004196167,183798
2509,2026-08-31,15.449999809265137,15.449999809265137,15.199999809265137,15.399999618530273,132282
2511,2026-08-31,8.319999694824219,8.319999694824219,8.239999771118164,8.300000190734863,937019
2514,2026-08-31,11.800000190734863,11.850000381469727,11.699999809265137,11.699999809265137,77028
2515,2026-08-31,11.949999809265137,12.050000190734863,11.949999809265137,12.050000190734863,5900597
2516,2026-08-31,14.149999618530273,14.199999809265137,14.0,14.0,56208
2520,2026-08-31,35.29999923706055,36.45000076293945,34.95000076293945,36.45000076293945,2101263
2524,2026-08-31,35.150001525878906,35.150001525878906,34.400001525878906,34.75,57220
2527,2026-08-31,43.75,43.75,42.45000076293945,42.79999923706055,456330
2528,2026-08-31,20.5,20.5,19.899999618530273,20.0,304508
2530,2026-08-31,19.200000762939453,19.25,18.75,18.799999237060547,8734887
2535,2026-08-31,90.9000015258789,90.9000015258789,88.5999984741211,90.30000305175781,238470
2534,2026-08-31,17.549999237060547,17.600000381469727,17.200000762939453,17.399999618530273,308685
2536,2026-08-31,20.700000762939453,20.850000381469727,20.399999618530273,20.799999237060547,1994541
2537,2026-08-31,11.449999809265137,11.600000381469727,11.399999618530273,11.5,621218
2539,2026-08-31,34.400001525878906,36.150001525878906,34.099998474121094,36.150001525878906,1659295
2538,2026-08-31,8.880000114440918,8.90999984741211,8.8100004196167,8.84000015258789,718438
2540,2026-08-31,48.20000076293945,49.900001525878906,47.20000076293945,49.900001525878906,1643864
2542,2026-08-31,46.900001525878906,47.150001525878906,46.5,46.650001525878906,5536087
2543,2026-08-31,38.349998474121094,39.79999923706055,38.04999923706055,39.79999923706055,1339389
2545,2026-08-31,34.95000076293945,34.95000076293945,34.099998474121094,34.25,227992
2546,2026-08-31,105.5,107.0,104.5,106.5,157940
2547,2026-08-31,10.0,10.0,9.949999809265137,9.960000038146973,2047011
2548,2026-08-31,94.5,94.5,92.9000015258789,92.9000015258789,1610616
2597,2026-08-31,172.0,172.0,169.0,171.0,170631
2601,2026-08-31,6.800000190734863,6.900000095367432,6.760000228881836,6.800000190734863,1887907
2603,2026-08-31,234.0,234.5,230.5,233.5,10787967
2605,2026-08-31,35.29999923706055,35.650001525878906,34.95000076293945,35.349998474121094,8856544
2606,2026-08-31,72.9000015258789,77.69999694824219,71.9000015258789,76.0999984741211,11419830
2607,2026-08-31,52.29999923706055,52.70000076293945,51.70000076293945,52.70000076293945,1076738
2608,2026-08-31,28.600000381469727,28.649999618530273,28.450000762939453,28.549999237060547,162515
2609,2026-08-31,57.20000076293945,59.5,56.29999923706055,59.5,218684879
2610,2026-08-31,20.299999237060547,20.5,20.100000381469727,20.25,22199518
2611,2026-08-31,14.899999618530273,15.25,14.649999618530273,14.850000381469727,905554
2612,2026-08-31,60.599998474121094,63.0,59.599998474121094,60.5,1478189
2613,2026-08-31,22.899999618530273,23.5,22.649999618530273,22.700000762939453,893772
2614,2026-08-31,18.25,18.350000381469727,18.100000381469727,18.350000381469727,563187
2615,2026-08-31,116.0,116.0,110.0,114.0,40379743
2616,2026-08-31,13.449999809265137,13.449999809265137,13.350000381469727,13.449999809265137,53981
2617,2026-08-31,30.450000762939453,31.299999237060547,30.399999618530273,30.950000762939453,1050245
2618,2026-08-31,41.75,42.04999923706055,41.45000076293945,42.0,20936072
2630,2026-08-31,50.599998474121094,52.0,50.599998474121094,51.29999923706055,1205628
2633,2026-08-31,26.25,26.25,26.0,26.0,5267675
2634,2026-08-31,67.0999984741211,68.0999984741211,66.5999984741211,66.9000015258789,17740932
2636,2026-08-31,69.19999694824219,70.0,68.80000305175781,68.80000305175781,756942
2637,2026-08-31,92.9000015258789,94.5,91.0,94.0999984741211,4937434
2642,2026-08-31,20.549999237060547,20.600000381469727,20.399999618530273,20.5,30446
2645,2026-08-31,172.5,175.5,171.5,173.0,1756017
2646,2026-08-31,20.850000381469727,20.950000762939453,20.649999618530273,20.899999618530273,2858477
2701,2026-08-31,10.600000381469727,10.649999618530273,10.550000190734863,10.649999618530273,74919
2702,2026-08-31,12.649999618530273,12.899999618530273,12.600000381469727,12.75,48518
2704,2026-08-31,45.29999923706055,45.54999923706055,44.400001525878906,44.400001525878906,3950056
2705,2026-08-31,15.649999618530273,15.800000190734863,15.600000381469727,15.800000190734863,62996
2706,2026-08-31,12.600000381469727,12.600000381469727,12.449999809265137,12.600000381469727,102416
2707,2026-08-31,180.0,180.0,176.5,177.0,391817
2712,2026-08-31,14.300000190734863,14.300000190734863,14.25,14.25,2000
2722,2026-08-31,21.649999618530273,21.75,21.549999237060547,21.600000381469727,31932
2723,2026-08-31,76.5,82.30000305175781,75.9000015258789,82.0,1267021
2727,2026-08-31,234.0,235.5,233.0,235.5,264919
2731,2026-08-31,145.0,145.5,144.0,144.0,196087
2739,2026-08-31,37.900001525878906,37.900001525878906,37.04999923706055,37.849998474121094,60221
2748,2026-08-31,38.849998474121094,38.900001525878906,38.54999923706055,38.79999923706055,79151
2753,2026-08-31,179.0,182.5,179.0,182.0,146517
2762,2026-08-31,83.30000305175781,83.5999984741211,81.9000015258789,82.0999984741211,139844
2801,2026-08-31,24.75,25.149999618530273,24.649999618530273,25.149999618530273,28158855
2812,2026-08-31,18.799999237060547,19.049999237060547,18.75,19.049999237060547,13638803
2816,2026-08-31,38.29999923706055,39.04999923706055,37.45000076293945,39.04999923706055,915933
2820,2026-08-31,16.600000381469727,16.649999618530273,16.5,16.5,2890121
2832,2026-08-31,59.599998474121094,59.599998474121094,57.20000076293945,58.29999923706055,616606
2834,2026-08-31,16.5,16.950000762939453,16.450000762939453,16.950000762939453,705846590
2836,2026-08-31,12.050000190734863,12.050000190734863,11.850000381469727,11.850000381469727,2755799
2838,2026-08-31,20.200000762939453,20.299999237060547,20.049999237060547,20.25,2937258
2845,2026-08-31,13.399999618530273,13.5,13.350000381469727,13.5,24295151
2849,2026-08-31,14.350000381469727,14.399999618530273,14.050000190734863,14.199999809265137,435788
2850,2026-08-31,160.0,160.0,158.0,159.0,342509
2851,2026-08-31,44.599998474121094,46.20000076293945,44.25,46.20000076293945,4597628
2852,2026-08-31,27.950000762939453,28.149999618530273,27.850000381469727,28.149999618530273,521334
2855,2026-08-31,48.29999923706055,49.54999923706055,47.75,49.54999923706055,3532916
2880,2026-08-31,40.25,41.400001525878906,40.20000076293945,41.349998474121094,48538868
2881,2026-08-31,143.0,145.0,142.0,144.0,33240177
2882,2026-08-31,106.5,111.0,105.5,110.5,59901531
2883,2026-08-31,32.70000076293945,33.849998474121094,32.54999923706055,33.849998474121094,101561259
2884,2026-08-31,38.5,39.75,38.5,39.75,74589219
2885,2026-08-31,63.599998474121094,65.4000015258789,63.400001525878906,65.4000015258789,55804410
2886,2026-08-31,47.900001525878906,48.599998474121094,47.75,48.54999923706055,33888381
2887,2026-08-31,37.5,38.79999923706055,37.349998474121094,38.54999923706055,177819835
2889,2026-08-31,15.899999618530273,16.049999237060547,15.800000190734863,15.949999809265137,29033463
2890,2026-08-31,39.650001525878906,41.099998474121094,39.599998474121094,41.099998474121094,62877125
2892,2026-08-31,34.29999923706055,35.29999923706055,34.29999923706055,35.29999923706055,87846927
2891,2026-08-31,63.5,65.0,63.5,64.69999694824219,39552651
2897,2026-08-31,10.350000381469727,10.449999809265137,10.350000381469727,10.350000381469727,2582381
2901,2026-08-31,23.799999237060547,23.799999237060547,23.399999618530273,23.399999618530273,12927
2903,2026-08-31,22.399999618530273,22.549999237060547,22.200000762939453,22.350000381469727,2230087
2904,2026-08-31,13.0,13.050000190734863,12.850000381469727,12.899999618530273,34285
2905,2026-08-31,17.200000762939453,17.5,17.0,17.5,1592720
2906,2026-08-31,13.949999809265137,14.0,13.800000190734863,13.800000190734863,100126
2908,2026-08-31,21.899999618530273,21.899999618530273,21.649999618530273,21.899999618530273,251223
2910,2026-08-31,24.100000381469727,24.350000381469727,24.049999237060547,24.149999618530273,16074
2911,2026-08-31,6.460000038146973,6.460000038146973,6.389999866485596,6.440000057220459,59495
2912,2026-08-31,219.0,219.5,216.5,216.5,2628160
2913,2026-08-31,11.149999618530273,11.199999809265137,11.100000381469727,11.149999618530273,841736
2915,2026-08-31,57.29999923706055,57.29999923706055,55.79999923706055,56.0,4258130
2923,2026-08-31,25.100000381469727,25.350000381469727,23.950000762939453,24.200000762939453,219605
2929,2026-08-31,5.690000057220459,5.690000057220459,5.570000171661377,5.599999904632568,88155
2939,2026-08-31,20.049999237060547,20.049999237060547,19.549999237060547,19.799999237060547,8001
3002,2026-08-31,17.450000762939453,17.450000762939453,17.0,17.450000762939453,76635
2945,2026-08-31,40.20000076293945,40.20000076293945,40.0,40.0,41569
3003,2026-08-31,72.0999984741211,72.30000305175781,68.0999984741211,69.0,1303414
3004,2026-08-31,118.5,119.0,117.5,118.5,259387
3006,2026-08-31,265.5,293.5,263.5,292.5,23155060
3005,2026-08-31,114.5,119.0,114.5,117.0,2786881
3008,2026-08-31,7065.0,7735.0,7025.0,7650.0,3643545
3010,2026-08-31,127.0,129.0,126.5,128.0,496532
3011,2026-08-31,10.600000381469727,10.600000381469727,10.399999618530273,10.5,287178
3013,2026-08-31,88.0,89.19999694824219,86.5999984741211,87.5999984741211,4406225
3014,2026-08-31,131.0,131.0,128.5,128.5,888533
3015,2026-08-31,53.900001525878906,54.20000076293945,53.0,53.400001525878906,324561
3016,2026-08-31,98.69999694824219,104.0,97.5999984741211,103.0,4647625
3018,2026-08-31,11.949999809265137,11.949999809265137,11.5,11.949999809265137,38702
3017,2026-08-31,3280.0,3425.0,3250.0,3425.0,4452655
3019,2026-08-31,136.5,145.0,136.5,143.0,5863501
3021,2026-08-31,20.25,20.25,19.649999618530273,20.25,89358
3022,2026-08-31,90.0999984741211,91.4000015258789,89.5999984741211,90.30000305175781,815199
3023,2026-08-31,319.5,319.5,310.0,312.5,588245
3024,2026-08-31,14.600000381469727,15.0,14.350000381469727,14.949999809265137,2384086
3025,2026-08-31,53.099998474121094,53.099998474121094,52.5,52.599998474121094,167031
3027,2026-08-31,18.200000762939453,18.450000762939453,18.049999237060547,18.200000762939453,116647
3028,2026-08-31,63.900001525878906,64.69999694824219,63.5,64.69999694824219,787508
3029,2026-08-31,111.0,115.0,110.5,113.0,1353675
3030,2026-08-31,295.0,297.5,285.0,290.5,672096
3026,2026-08-31,742.0,766.0,712.0,742.0,16875011
3031,2026-08-31,24.200000762939453,24.850000381469727,24.200000762939453,24.649999618530273,400708
3032,2026-08-31,79.80000305175781,81.30000305175781,78.5999984741211,81.19999694824219,399645
3033,2026-08-31,45.04999923706055,45.04999923706055,44.150001525878906,44.54999923706055,2657109
3035,2026-08-31,177.0,178.0,172.5,175.0,2223549
3036,2026-08-31,196.0,196.0,192.5,196.0,4380863
3037,2026-08-31,999.0,999.0,999.0,999.0,4196771
3038,2026-08-31,20.049999237060547,20.25,20.049999237060547,20.200000762939453,171555
3041,2026-08-31,22.850000381469727,22.899999618530273,22.549999237060547,22.600000381469727,349566
3040,2026-08-31,36.900001525878906,37.349998474121094,36.0,37.349998474121094,123541
3042,2026-08-31,186.0,187.5,182.0,185.5,13271263
3043,2026-08-31,20.850000381469727,21.0,20.649999618530273,21.0,28730
3044,2026-08-31,491.0,508.0,490.0,496.5,4749775
3045,2026-08-31,115.0,116.0,114.5,116.0,9270444
3046,2026-08-31,56.29999923706055,56.70000076293945,55.29999923706055,56.5,399328
3047,2026-08-31,13.800000190734863,13.949999809265137,13.699999809265137,13.75,428715
3048,2026-08-31,55.099998474121094,56.29999923706055,54.29999923706055,54.900001525878906,1404943
3050,2026-08-31,11.699999809265137,11.800000190734863,11.550000190734863,11.699999809265137,376735
3049,2026-08-31,13.600000381469727,14.300000190734863,13.399999618530273,13.550000190734863,31461216
3051,2026-08-31,23.0,23.149999618530273,22.649999618530273,22.75,439245
3034,2026-08-31,543.0,544.0,533.0,540.0,5481086
3052,2026-08-31,11.100000381469727,11.199999809265137,11.050000190734863,11.149999618530273,540732
3054,2026-08-31,56.70000076293945,58.20000076293945,56.0,57.900001525878906,103723
3055,2026-08-31,127.5,130.0,117.5,120.5,2441033
3056,2026-08-31,14.199999809265137,14.199999809265137,13.949999809265137,14.050000190734863,621510
3057,2026-08-31,17.200000762939453,17.5,16.899999618530273,17.5,68292
3058,2026-08-31,8.149999618530273,8.270000457763672,8.100000381469727,8.25,380297
3059,2026-08-31,39.349998474121094,39.79999923706055,39.20000076293945,39.54999923706055,986095
3060,2026-08-31,26.899999618530273,27.25,26.450000762939453,26.5,882824
3062,2026-08-31,20.950000762939453,21.049999237060547,20.600000381469727,20.700000762939453,699535
3090,2026-08-31,172.0,178.5,167.0,175.0,9596904
3094,2026-08-31,40.0,40.95000076293945,39.70000076293945,40.5,4244419
3092,2026-08-31,24.299999237060547,24.700000762939453,24.100000381469727,24.399999618530273,98194
3130,2026-08-31,209.5,211.0,209.0,209.5,48401
3135,2026-08-31,179.0,183.0,178.5,182.5,1484383
3138,2026-08-31,97.5999984741211,98.5999984741211,96.0,96.0,176530
3149,2026-08-31,65.5999984741211,66.30000305175781,63.900001525878906,64.0999984741211,3851257
3164,2026-08-31,15.850000381469727,15.949999809265137,15.800000190734863,15.949999809265137,13221
3167,2026-08-31,764.0,805.0,763.0,794.0,4290851
3168,2026-08-31,41.29999923706055,41.849998474121094,41.29999923706055,41.849998474121094,4000
3189,2026-08-31,844.0,899.0,810.0,819.0,31798669
3209,2026-08-31,47.5,47.5,45.70000076293945,45.849998474121094,4136536
3229,2026-08-31,55.400001525878906,56.900001525878906,53.20000076293945,53.400001525878906,1118431
3231,2026-08-31,176.0,181.0,174.0,178.0,38922908
3257,2026-08-31,50.0,50.0,49.349998474121094,49.54999923706055,138383
3266,2026-08-31,13.899999618530273,13.899999618530273,13.800000190734863,13.800000190734863,26292
3296,2026-08-31,23.850000381469727,24.200000762939453,23.700000762939453,23.899999618530273,15369
3305,2026-08-31,114.5,115.5,111.5,112.0,2077046
3308,2026-08-31,22.049999237060547,22.049999237060547,21.399999618530273,21.5,115287
3311,2026-08-31,32.599998474121094,32.599998474121094,32.04999923706055,32.400001525878906,116355
3312,2026-08-31,51.900001525878906,52.0,50.79999923706055,51.400001525878906,485178
3321,2026-08-31,18.799999237060547,18.799999237060547,17.0,17.450000762939453,380700
3346,2026-08-31,19.700000762939453,19.850000381469727,19.25,19.600000381469727,335067
3356,2026-08-31,62.099998474121094,63.20000076293945,61.70000076293945,62.70000076293945,309269
3376,2026-08-31,217.0,218.0,210.0,214.0,7566241
3380,2026-08-31,28.149999618530273,28.5,27.799999237060547,28.5,6674473
3406,2026-08-31,916.0,1005.0,915.0,1005.0,11071517
3413,2026-08-31,286.0,286.0,277.0,279.0,2083467
3338,2026-08-31,63.70000076293945,65.5,63.099998474121094,64.0999984741211,183361
3416,2026-08-31,179.5,182.5,177.5,182.0,209265
3419,2026-08-31,11.75,12.050000190734863,11.75,11.949999809265137,53050
3432,2026-08-31,14.600000381469727,14.600000381469727,14.25,14.399999618530273,35512
3443,2026-08-31,5850.0,6100.0,5680.0,6100.0,2035818
3437,2026-08-31,18.450000762939453,18.5,18.100000381469727,18.350000381469727,332534
3447,2026-08-31,28.75,30.75,28.549999237060547,30.149999618530273,555643
3450,2026-08-31,627.0,646.0,601.0,646.0,19361272
3481,2026-08-31,48.150001525878906,50.5,47.599998474121094,49.849998474121094,263571948
3494,2026-08-31,7.320000171661377,7.320000171661377,7.059999942779541,7.130000114440918,31019
3504,2026-08-31,87.69999694824219,93.30000305175781,86.30000305175781,90.30000305175781,6735348
3501,2026-08-31,39.25,39.70000076293945,39.20000076293945,39.70000076293945,135141
3515,2026-08-31,220.0,226.0,216.5,222.5,944555
3518,2026-08-31,27.600000381469727,29.0,27.5,28.549999237060547,291431
3528,2026-08-31,83.69999694824219,83.69999694824219,81.9000015258789,82.19999694824219,109140
3530,2026-08-31,60.0,60.0,58.5,58.900001525878906,189280
3532,2026-08-31,393.0,394.5,367.5,379.0,4397077
3533,2026-08-31,1730.0,1730.0,1675.0,1690.0,1675787
3535,2026-08-31,90.19999694824219,90.19999694824219,87.19999694824219,87.80000305175781,390881
3543,2026-08-31,53.900001525878906,55.29999923706055,52.5,53.29999923706055,10427558
3545,2026-08-31,49.0,49.349998474121094,48.25,48.599998474121094,591574
3550,2026-08-31,24.350000381469727,25.299999237060547,23.799999237060547,23.799999237060547,2271900
3557,2026-08-31,24.0,24.950000762939453,24.0,24.200000762939453,34521
3563,2026-08-31,697.0,705.0,672.0,682.0,386450
3576,2026-08-31,17.350000381469727,18.200000762939453,17.100000381469727,18.200000762939453,37788496
3583,2026-08-31,748.0,748.0,700.0,724.0,1548387
3588,2026-08-31,52.599998474121094,53.5,52.099998474121094,52.5,115426
3591,2026-08-31,22.049999237060547,22.350000381469727,21.899999618530273,22.299999237060547,248143
3592,2026-08-31,224.0,225.0,219.0,219.0,2094894
3593,2026-08-31,10.5,10.899999618530273,10.449999809265137,10.899999618530273,29847
3596,2026-08-31,161.0,161.0,158.0,158.0,1894302
3605,2026-08-31,128.5,141.0,127.5,139.0,36402570
3607,2026-08-31,14.149999618530273,14.149999618530273,13.899999618530273,14.0,123081
3617,2026-08-31,244.0,254.0,240.0,254.0,754184
3622,2026-08-31,53.5,53.599998474121094,53.0,53.099998474121094,313192
3645,2026-08-31,75.4000015258789,77.80000305175781,73.5,74.5,9986792
3652,2026-08-31,33.099998474121094,33.20000076293945,32.70000076293945,32.849998474121094,77085
3653,2026-08-31,5710.0,6045.0,5690.0,5990.0,1728775
3661,2026-08-31,4015.0,4085.0,3900.0,4075.0,1982868
3669,2026-08-31,35.75,35.75,34.900001525878906,35.400001525878906,258790
3665,2026-08-31,2230.0,2240.0,2105.0,2170.0,3130043
3673,2026-08-31,67.5999984741211,69.5,67.0999984741211,68.19999694824219,5533017
3679,2026-08-31,107.5,108.5,107.0,108.5,23394
3686,2026-08-31,14.449999809265137,14.550000190734863,14.300000190734863,14.449999809265137,48036
3694,2026-08-31,50.400001525878906,50.900001525878906,50.099998474121094,50.400001525878906,316212
3701,2026-08-31,40.150001525878906,41.54999923706055,40.04999923706055,40.900001525878906,465811
3702,2026-08-31,100.0,100.5,97.19999694824219,99.5999984741211,11119075
3703,2026-08-31,19.399999618530273,19.549999237060547,19.149999618530273,19.549999237060547,10016829
3704,2026-08-31,42.0,43.599998474121094,41.650001525878906,41.650001525878906,2130733
3705,2026-08-31,55.900001525878906,56.0,55.400001525878906,55.79999923706055,106529
3706,2026-08-31,92.0,93.69999694824219,91.30000305175781,92.5,9549101
3708,2026-08-31,101.5,103.0,100.5,102.5,387210
3711,2026-08-31,601.0,601.0,565.0,584.0,33109266
3712,2026-08-31,20.700000762939453,21.049999237060547,20.549999237060547,21.0,560065
3714,2026-08-31,62.20000076293945,62.5,60.599998474121094,61.599998474121094,5837096
3716,2026-08-31,34.75,34.95000076293945,34.599998474121094,34.79999923706055,255867
3715,2026-08-31,122.0,126.0,119.5,120.5,11753375
3717,2026-08-31,23.200000762939453,23.299999237060547,22.649999618530273,22.649999618530273,1228126
4104,2026-08-31,71.0,71.30000305175781,71.0,71.19999694824219,105977
4108,2026-08-31,11.850000381469727,11.899999618530273,11.5,11.550000190734863,1084576
4106,2026-08-31,24.200000762939453,24.350000381469727,24.049999237060547,24.350000381469727,37636
4119,2026-08-31,53.599998474121094,55.400001525878906,53.599998474121094,55.400001525878906,285553
4133,2026-08-31,20.549999237060547,20.850000381469727,20.549999237060547,20.75,38722
4142,2026-08-31,18.0,18.0,17.700000762939453,17.75,574385
4137,2026-08-31,85.9000015258789,85.9000015258789,84.0,84.19999694824219,317707
4148,2026-08-31,33.099998474121094,33.349998474121094,32.400001525878906,32.400001525878906,26560
4155,2026-08-31,14.399999618530273,14.600000381469727,14.399999618530273,14.550000190734863,114740
4164,2026-08-31,26.0,26.100000381469727,25.649999618530273,25.75,480032
4169,2026-08-31,152.5,155.5,152.0,152.0,85743
4178,2026-08-31,17.200000762939453,17.200000762939453,17.0,17.200000762939453,118320
4190,2026-08-31,25.149999618530273,26.299999237060547,25.149999618530273,25.950000762939453,21726
4306,2026-08-31,15.100000381469727,15.199999809265137,14.949999809265137,15.050000190734863,745521
4414,2026-08-31,8.350000381469727,8.390000343322754,8.329999923706055,8.369999885559082,98931
4426,2026-08-31,7.670000076293945,7.670000076293945,7.579999923706055,7.590000152587891,115663
4438,2026-08-31,59.79999923706055,60.29999923706055,58.79999923706055,59.29999923706055,193115
4440,2026-08-31,17.600000381469727,17.600000381469727,17.350000381469727,17.5,122971
4441,2026-08-31,176.0,176.0,170.0,171.5,102869
4526,2026-08-31,30.299999237060547,30.75,30.0,30.5,835807
4532,2026-08-31,23.899999618530273,23.950000762939453,23.799999237060547,23.850000381469727,363651
4536,2026-08-31,168.0,168.0,162.0,162.0,513048
4540,2026-08-31,59.099998474121094,60.79999923706055,58.79999923706055,59.099998474121094,1629728
4545,2026-08-31,31.549999237060547,31.649999618530273,31.200000762939453,31.649999618530273,93208
4551,2026-08-31,164.5,168.5,158.0,159.5,985562
4552,2026-08-31,17.100000381469727,17.100000381469727,16.75,16.799999237060547,347781
4555,2026-08-31,47.099998474121094,47.099998474121094,45.79999923706055,46.400001525878906,115840
4557,2026-08-31,50.5,50.900001525878906,49.70000076293945,50.900001525878906,60085
4560,2026-08-31,30.5,30.5,29.5,29.5,413462
4562,2026-08-31,30.549999237060547,31.200000762939453,30.549999237060547,30.899999618530273,77782
4564,2026-08-31,16.899999618530273,16.899999618530273,16.600000381469727,16.799999237060547,574837
4566,2026-08-31,65.30000305175781,65.80000305175781,64.30000305175781,64.9000015258789,942076
4569,2026-08-31,163.0,169.5,160.5,169.5,259065
4571,2026-08-31,156.5,157.0,155.0,156.0,156630
4576,2026-08-31,211.0,219.5,208.5,216.5,1243550
4572,2026-08-31,141.0,148.0,141.0,144.0,62689
4581,2026-08-31,47.79999923706055,47.79999923706055,47.5,47.54999923706055,10222
4583,2026-08-31,453.5,463.0,453.5,460.0,369393
4585,2026-08-31,300.0,300.0,292.5,293.5,230183
4588,2026-08-31,54.0,54.0,52.099998474121094,52.099998474121094,50507
4720,2026-08-31,18.649999618530273,19.299999237060547,18.450000762939453,19.0,540095
4722,2026-08-31,210.5,217.0,206.5,208.0,468162
4736,2026-08-31,125.5,130.5,125.5,127.5,726387
4737,2026-08-31,57.79999923706055,58.400001525878906,56.79999923706055,57.599998474121094,54002
4739,2026-08-31,87.0999984741211,89.5,86.0999984741211,87.4000015258789,1077079
4746,2026-08-31,49.349998474121094,49.54999923706055,48.5,48.75,712648
4755,2026-08-31,119.0,119.5,117.0,118.0,153808
4763,2026-08-31,45.29999923706055,47.0,45.20000076293945,46.29999923706055,4278750
4764,2026-08-31,245.0,248.5,235.0,241.0,1303271
4766,2026-08-31,345.0,352.0,343.0,345.0,245656
4770,2026-08-31,215.0,215.0,209.5,212.5,1132551
4771,2026-08-31,205.0,218.0,205.0,215.0,607278
4807,2026-08-31,27.700000762939453,28.450000762939453,27.700000762939453,28.049999237060547,94849
4904,2026-08-31,99.80000305175781,101.0,99.80000305175781,101.0,9102830
4906,2026-08-31,35.900001525878906,37.599998474121094,35.75,36.20000076293945,9994551
4912,2026-08-31,98.0,98.9000015258789,95.30000305175781,98.4000015258789,735999
4915,2026-08-31,59.5,59.70000076293945,59.0,59.400001525878906,1418315
4916,2026-08-31,101.0,101.5,99.5,99.9000015258789,1479269
4919,2026-08-31,120.0,121.0,117.0,120.0,1982121
4927,2026-08-31,42.45000076293945,43.5,40.29999923706055,40.349998474121094,5668100
4930,2026-08-31,16.149999618530273,16.149999618530273,16.0,16.049999237060547,20529
4934,2026-08-31,14.550000190734863,14.550000190734863,14.0,14.149999618530273,354924
4935,2026-08-31,34.54999923706055,34.54999923706055,33.400001525878906,33.79999923706055,83530
4938,2026-08-31,88.0,91.9000015258789,87.69999694824219,91.0999984741211,20705880
4942,2026-08-31,33.04999923706055,33.20000076293945,33.0,33.150001525878906,38717
4943,2026-08-31,8.470000267028809,8.470000267028809,7.860000133514404,7.980000019073486,17140
4949,2026-08-31,73.0,77.69999694824219,73.0,76.69999694824219,1307644
4952,2026-08-31,51.099998474121094,51.29999923706055,50.5,50.900001525878906,270999
4956,2026-08-31,36.45000076293945,37.849998474121094,36.150001525878906,36.29999923706055,2622235
4960,2026-08-31,21.75,21.75,20.850000381469727,21.200000762939453,2192564
4958,2026-08-31,471.0,504.0,468.0,500.0,48990540
4961,2026-08-31,159.0,163.5,158.5,162.5,781221
4967,2026-08-31,271.5,279.5,271.0,276.0,2621539
4976,2026-08-31,39.099998474121094,39.45000076293945,38.54999923706055,38.70000076293945,1605383
4968,2026-08-31,92.80000305175781,92.80000305175781,90.69999694824219,90.80000305175781,295770
4977,2026-08-31,171.0,176.0,168.0,175.0,2999409
4989,2026-08-31,66.80000305175781,68.5,64.5,64.69999694824219,5625124
4994,2026-08-31,83.0,83.69999694824219,80.9000015258789,81.9000015258789,18289
4999,2026-08-31,18.700000762939453,18.899999618530273,18.549999237060547,18.850000381469727,37480
5007,2026-08-31,56.400001525878906,56.400001525878906,55.79999923706055,56.400001525878906,50054
5203,2026-08-31,58.900001525878906,59.29999923706055,58.5,59.20000076293945,112040
5222,2026-08-31,106.0,106.5,104.5,106.0,167676
5215,2026-08-31,38.25,38.849998474121094,38.25,38.70000076293945,64160
5225,2026-08-31,60.5,60.5,60.0,60.400001525878906,123965
5234,2026-08-31,303.5,303.5,292.5,295.5,302623
5236,2026-08-31,135.5,136.5,133.5,134.5,118544
5243,2026-08-31,90.0999984741211,91.9000015258789,89.19999694824219,90.30000305175781,867131
5244,2026-08-31,35.29999923706055,35.400001525878906,34.400001525878906,34.400001525878906,148808
5258,2026-08-31,47.75,47.75,46.29999923706055,46.400001525878906,380053
5269,2026-08-31,1430.0,1440.0,1405.0,1425.0,376832
5283,2026-08-31,51.400001525878906,52.79999923706055,51.29999923706055,52.400001525878906,135630
5284,2026-08-31,321.0,330.0,316.5,323.0,239200
5285,2026-08-31,83.4000015258789,83.80000305175781,79.4000015258789,81.0,734106
5288,2026-08-31,186.0,188.0,184.5,186.5,105314
5292,2026-08-31,217.5,220.0,216.5,219.5,163322
5306,2026-08-31,94.30000305175781,94.30000305175781,93.0999984741211,93.5999984741211,71409
5388,2026-08-31,77.5,78.0999984741211,76.9000015258789,77.19999694824219,2535581
5434,2026-08-31,525.0,525.0,507.0,515.0,922315
5469,2026-08-31,73.5,74.69999694824219,73.5,74.0,1064231
5471,2026-08-31,61.400001525878906,61.599998474121094,59.599998474121094,61.20000076293945,2874065
5484,2026-08-31,40.5,40.5,39.650001525878906,39.79999923706055,187708
5515,2026-08-31,52.79999923706055,52.79999923706055,51.400001525878906,52.29999923706055,403939
5519,2026-08-31,27.950000762939453,27.950000762939453,27.649999618530273,27.700000762939453,258281
5521,2026-08-31,10.699999809265137,10.699999809265137,10.5,10.649999618530273,2106025
5522,2026-08-31,62.79999923706055,62.79999923706055,61.70000076293945,61.70000076293945,1127380
5525,2026-08-31,22.149999618530273,22.299999237060547,21.799999237060547,21.950000762939453,135767
5531,2026-08-31,7.309999942779541,7.349999904632568,7.25,7.260000228881836,497000
5533,2026-08-31,13.899999618530273,13.949999809265137,13.850000381469727,13.949999809265137,25240
5534,2026-08-31,75.5999984741211,76.0999984741211,75.0,75.4000015258789,526798
5538,2026-08-31,36.650001525878906,37.29999923706055,36.650001525878906,37.0,25195
5546,2026-08-31,14.699999809265137,14.899999618530273,14.5,14.699999809265137,42154
5607,2026-08-31,51.599998474121094,52.29999923706055,51.20000076293945,51.599998474121094,600047
5608,2026-08-31,16.950000762939453,17.5,16.799999237060547,16.950000762939453,7747663
5706,2026-08-31,45.0,45.20000076293945,44.79999923706055,44.95000076293945,144782
5871,2026-08-31,113.0,117.0,111.5,117.0,14479313
5876,2026-08-31,43.150001525878906,43.150001525878906,42.5,42.900001525878906,13920297
5880,2026-08-31,25.25,25.649999618530273,25.049999237060547,25.549999237060547,45344648
5907,2026-08-31,4.989999771118164,5.010000228881836,4.860000133514404,4.949999809265137,249530
6005,2026-08-31,31.399999618530273,31.450000762939453,31.0,31.0,8107464
6024,2026-08-31,61.70000076293945,63.79999923706055,61.70000076293945,63.5,565415
6108,2026-08-31,26.0,26.149999618530273,23.700000762939453,23.850000381469727,5625339
6112,2026-08-31,45.0,45.70000076293945,44.849998474121094,45.400001525878906,235600
6115,2026-08-31,44.04999923706055,44.04999923706055,43.54999923706055,43.650001525878906,372497
6116,2026-08-31,14.399999618530273,14.600000381469727,14.0,14.5,23302950
6120,2026-08-31,12.850000381469727,12.850000381469727,12.550000190734863,12.699999809265137,987924
6117,2026-08-31,63.5,63.599998474121094,62.599998474121094,63.099998474121094,94327
6128,2026-08-31,20.100000381469727,20.149999618530273,19.899999618530273,19.950000762939453,91900
6133,2026-08-31,23.100000381469727,23.600000381469727,23.0,23.149999618530273,481176
6139,2026-08-31,768.0,768.0,737.0,755.0,3027346
6136,2026-08-31,25.049999237060547,25.100000381469727,24.5,24.5,208725
6141,2026-08-31,58.099998474121094,59.5,55.099998474121094,58.900001525878906,5235840
6142,2026-08-31,8.869999885559082,8.880000114440918,8.710000038146973,8.800000190734863,450238
6152,2026-08-31,14.100000381469727,14.5,14.0,14.149999618530273,916892
6153,2026-08-31,17.5,18.399999618530273,17.350000381469727,17.75,5777992
6155,2026-08-31,58.0,60.5,57.099998474121094,57.099998474121094,1286247
6164,2026-08-31,12.399999618530273,12.399999618530273,12.149999618530273,12.25,223012
6166,2026-08-31,116.5,116.5,113.0,115.5,1321641
6165,2026-08-31,48.900001525878906,51.599998474121094,48.79999923706055,50.79999923706055,1441231
6168,2026-08-31,28.200000762939453,28.950000762939453,28.049999237060547,28.450000762939453,2176226
6176,2026-08-31,92.19999694824219,93.0999984741211,91.0,91.19999694824219,2614581
6177,2026-08-31,47.45000076293945,47.650001525878906,47.0,47.099998474121094,602244
6183,2026-08-31,91.0,92.0,90.9000015258789,91.0,45702
6184,2026-08-31,41.25,41.25,40.849998474121094,40.95000076293945,90243
6189,2026-08-31,48.45000076293945,48.45000076293945,47.70000076293945,48.099998474121094,300169
6191,2026-08-31,84.0,84.9000015258789,83.0,83.69999694824219,1544039
6192,2026-08-31,117.5,117.5,116.0,116.5,241971
6196,2026-08-31,492.5,492.5,476.5,485.0,756346
6197,2026-08-31,305.0,308.5,300.0,302.5,1031133
6202,2026-08-31,58.5,58.79999923706055,57.400001525878906,57.900001525878906,953871
6201,2026-08-31,44.54999923706055,45.20000076293945,44.5,44.54999923706055,48263
6205,2026-08-31,66.19999694824219,71.0999984741211,65.9000015258789,71.0999984741211,1767466
6206,2026-08-31,136.5,139.0,136.0,138.0,671691
6209,2026-08-31,75.80000305175781,82.19999694824219,75.80000305175781,79.5,20725194
6213,2026-08-31,563.0,591.0,534.0,548.0,17678989
6214,2026-08-31,181.0,184.0,180.5,183.5,1816173
6215,2026-08-31,96.69999694824219,99.30000305175781,96.69999694824219,98.0,380919
6216,2026-08-31,20.75,20.850000381469727,20.600000381469727,20.649999618530273,186236
6224,2026-08-31,75.0,79.4000015258789,75.0,78.4000015258789,1418061
6225,2026-08-31,63.0,63.0,60.0,60.0,123039
6226,2026-08-31,35.25,36.599998474121094,31.5,31.600000381469727,64640444
6230,2026-08-31,108.0,108.5,106.0,108.0,44750
6235,2026-08-31,38.79999923706055,39.29999923706055,38.599998474121094,38.95000076293945,230255
6239,2026-08-31,282.5,283.5,271.0,277.0,15709616
6243,2026-08-31,41.099998474121094,41.099998474121094,39.900001525878906,39.900001525878906,604414
6257,2026-08-31,212.5,214.5,202.0,208.5,12139018
6269,2026-08-31,73.30000305175781,82.30000305175781,73.0,74.9000015258789,39967791
6271,2026-08-31,211.5,217.5,211.0,212.0,5125516
6272,2026-08-31,27.25,28.799999237060547,26.0,26.149999618530273,931158
6277,2026-08-31,78.69999694824219,78.9000015258789,78.0,78.0999984741211,247423
6278,2026-08-31,198.0,203.0,195.0,199.5,4078491
6281,2026-08-31,51.20000076293945,51.400001525878906,51.0,51.29999923706055,36124
6282,2026-08-31,44.900001525878906,45.5,44.5,44.900001525878906,4682362
6283,2026-08-31,19.799999237060547,19.899999618530273,19.700000762939453,19.799999237060547,120000
6285,2026-08-31,243.5,255.0,241.5,244.0,6343759
6405,2026-08-31,39.75,39.849998474121094,38.54999923706055,39.0,227591
6409,2026-08-31,1030.0,1040.0,994.0,1035.0,321873
6412,2026-08-31,79.0999984741211,79.5,78.5,79.0,675141
6414,2026-08-31,386.0,392.5,380.5,389.5,1369305
6415,2026-08-31,452.0,452.0,412.5,412.5,4445148
6416,2026-08-31,99.0,102.0,99.0,102.0,347601
6426,2026-08-31,260.5,270.0,254.0,261.0,1327313
6431,2026-08-31,20.200000762939453,20.200000762939453,19.399999618530273,20.100000381469727,145423
6438,2026-08-31,150.0,150.0,146.0,148.5,250005
6442,2026-08-31,1575.0,1655.0,1560.0,1630.0,3474402
6443,2026-08-31,26.200000762939453,26.399999618530273,25.5,26.0,3869942
6446,2026-08-31,1630.0,1645.0,1395.0,1395.0,10499590
6449,2026-08-31,230.0,244.0,227.0,232.0,1558957
6451,2026-08-31,443.5,456.0,426.0,456.0,3762878
6456,2026-08-31,74.0999984741211,76.0,71.0,71.5999984741211,5465528
6464,2026-08-31,77.5,77.69999694824219,77.0,77.5,20119
6472,2026-08-31,444.5,444.5,433.0,433.0,760523
6477,2026-08-31,37.0,37.20000076293945,36.20000076293945,36.45000076293945,697490
6491,2026-08-31,375.5,399.5,374.5,399.5,1312652
6504,2026-08-31,37.099998474121094,37.599998474121094,37.099998474121094,37.400001525878906,10527
6505,2026-08-31,71.9000015258789,73.9000015258789,71.0999984741211,73.5,17096059
6515,2026-08-31,6295.0,6420.0,6000.0,6285.0,321972
6525,2026-08-31,143.5,143.5,138.0,139.5,1153969
6526,2026-08-31,606.0,612.0,597.0,607.0,265923
6531,2026-08-31,895.0,928.0,879.0,927.0,2364716
6533,2026-08-31,262.5,262.5,254.0,261.0,906762
6541,2026-08-31,35.849998474121094,36.04999923706055,33.599998474121094,34.0,1179221
6550,2026-08-31,11.199999809265137,11.25,10.5,10.699999809265137,2169080
6552,2026-08-31,25.100000381469727,25.100000381469727,24.5,24.700000762939453,91540
6558,2026-08-31,25.100000381469727,25.450000762939453,24.649999618530273,24.649999618530273,202799
6573,2026-08-31,18.200000762939453,18.200000762939453,17.25,17.399999618530273,422276
6579,2026-08-31,147.5,147.5,144.0,146.5,337366
6581,2026-08-31,108.5,110.5,108.0,108.5,43175
6582,2026-08-31,33.099998474121094,33.099998474121094,32.29999923706055,32.5,48224
6585,2026-08-31,113.5,114.5,112.5,112.5,84395
6589,2026-08-31,49.349998474121094,49.849998474121094,48.0,48.150001525878906,809528
6591,2026-08-31,42.599998474121094,42.900001525878906,42.20000076293945,42.70000076293945,88088
6592,2026-08-31,60.79999923706055,60.79999923706055,59.79999923706055,60.20000076293945,726918
6598,2026-08-31,28.350000381469727,28.75,28.0,28.549999237060547,167793
6605,2026-08-31,138.5,139.5,137.5,138.5,219262
6606,2026-08-31,26.100000381469727,26.100000381469727,25.350000381469727,25.700000762939453,83211
6614,2026-08-31,35.79999923706055,35.95000076293945,35.599998474121094,35.900001525878906,20219
6625,2026-08-31,76.5,76.9000015258789,76.30000305175781,76.5999984741211,63037
6641,2026-08-31,17.700000762939453,17.700000762939453,17.299999237060547,17.399999618530273,19124
6655,2026-08-31,114.5,117.0,114.5,116.0,3128
6657,2026-08-31,30.299999237060547,30.450000762939453,29.899999618530273,29.899999618530273,81220
6658,2026-08-31,166.5,173.5,166.0,171.5,414586
6666,2026-08-31,44.45000076293945,44.45000076293945,44.0,44.400001525878906,17335
6668,2026-08-31,43.75,45.79999923706055,42.70000076293945,44.0,3771912
6669,2026-08-31,7100.0,7360.0,7035.0,7095.0,1914140
6670,2026-08-31,274.5,288.0,272.5,287.5,604354
6671,2026-08-31,23.049999237060547,23.049999237060547,23.0,23.0,5050
6672,2026-08-31,285.0,291.5,273.0,275.0,3567881
6674,2026-08-31,16.049999237060547,16.049999237060547,15.649999618530273,15.800000190734863,29410
6689,2026-08-31,62.29999923706055,62.900001525878906,61.70000076293945,61.79999923706055,97530
6691,2026-08-31,618.0,619.0,605.0,615.0,510491
6695,2026-08-31,48.79999923706055,49.25,48.0,48.599998474121094,384523
6698,2026-08-31,32.099998474121094,32.29999923706055,31.5,32.04999923706055,122598
6706,2026-08-31,121.0,124.5,119.0,123.0,960559
6715,2026-08-31,353.0,353.0,318.5,318.5,802839
6719,2026-08-31,191.0,192.5,187.0,188.0,770045
6742,2026-08-31,44.20000076293945,44.349998474121094,43.04999923706055,43.900001525878906,267387
6743,2026-08-31,27.850000381469727,27.899999618530273,27.100000381469727,27.600000381469727,263041
6753,2026-08-31,137.5,142.5,137.5,140.5,939661
6754,2026-08-31,42.79999923706055,42.79999923706055,41.650001525878906,42.099998474121094,9848
6756,2026-08-31,99.30000305175781,100.5,98.0999984741211,100.5,82503
6757,2026-08-31,55.099998474121094,56.099998474121094,54.70000076293945,56.099998474121094,1434549
6768,2026-08-31,63.900001525878906,65.0,63.5,65.0,1475852
6770,2026-08-31,69.0,73.19999694824219,68.0,73.0,206997129
6776,2026-08-31,53.0,53.0,52.599998474121094,53.0,76777
6781,2026-08-31,1120.0,1135.0,1110.0,1125.0,599853
6782,2026-08-31,241.5,254.5,239.0,254.5,1616709
6789,2026-08-31,455.0,467.5,449.0,467.5,1463134
6790,2026-08-31,38.04999923706055,38.04999923706055,37.849998474121094,37.95000076293945,151517
6792,2026-08-31,59.29999923706055,60.0,59.0,60.0,14124
6794,2026-08-31,78.19999694824219,78.19999694824219,76.0,77.9000015258789,33019
6796,2026-08-31,60.70000076293945,61.20000076293945,60.20000076293945,60.599998474121094,75111
6799,2026-08-31,80.80000305175781,81.4000015258789,79.69999694824219,81.0,135447
6805,2026-08-31,2360.0,2375.0,2230.0,2305.0,2863684
6830,2026-08-31,522.0,523.0,501.0,520.0,1630232
6807,2026-08-31,33.0,33.0,32.25,32.79999923706055,7500
6831,2026-08-31,616.0,638.0,610.0,618.0,1215242
6834,2026-08-31,92.4000015258789,96.4000015258789,88.5,89.9000015258789,2115242
6835,2026-08-31,30.549999237060547,31.0,30.5,31.0,17201
6838,2026-08-31,23.25,23.450000762939453,22.950000762939453,23.0,55721
6861,2026-08-31,190.5,191.5,183.0,188.0,250930
6862,2026-08-31,145.5,145.5,137.0,139.5,182941
6863,2026-08-31,109.0,109.0,107.0,109.0,62315
6869,2026-08-31,67.69999694824219,67.69999694824219,66.5,66.5999984741211,239899
6873,2026-08-31,70.30000305175781,70.30000305175781,68.19999694824219,69.0,592235
6885,2026-08-31,22.649999618530273,23.350000381469727,22.350000381469727,23.100000381469727,347841
6887,2026-08-31,37.20000076293945,37.25,36.20000076293945,36.54999923706055,38442
6890,2026-08-31,168.0,168.5,165.5,167.0,129083
6901,2026-08-31,16.149999618530273,16.200000762939453,15.75,15.850000381469727,1805661
6902,2026-08-31,127.0,129.0,125.5,127.5,69503
6906,2026-08-31,81.0,81.9000015258789,77.0999984741211,78.0,135191
6909,2026-08-31,40.599998474121094,42.29999923706055,40.150001525878906,40.79999923706055,175517
6914,2026-08-31,124.0,124.0,122.0,122.0,65791
6916,2026-08-31,18.200000762939453,18.350000381469727,18.200000762939453,18.299999237060547,28208
6918,2026-08-31,77.0,77.5,76.9000015258789,77.19999694824219,25150
6919,2026-08-31,99.9000015258789,103.5,94.80000305175781,94.80000305175781,75945205
6923,2026-08-31,75.9000015258789,77.0,75.30000305175781,76.9000015258789,56170
6928,2026-08-31,47.650001525878906,48.0,47.349998474121094,47.79999923706055,48232
6931,2026-08-31,41.29999923706055,41.45000076293945,40.900001525878906,41.45000076293945,58514
6933,2026-08-31,284.0,286.0,283.0,286.0,2054919
6934,2026-08-31,72.80000305175781,76.0,72.80000305175781,74.30000305175781,38709
6936,2026-08-31,32.400001525878906,32.400001525878906,32.29999923706055,32.349998474121094,20024
6937,2026-08-31,288.5,288.5,275.5,282.0,313945
6944,2026-08-31,710.0,719.0,699.0,717.0,250574
6947,2026-08-31,69.5999984741211,70.30000305175781,69.30000305175781,70.30000305175781,318200
6952,2026-08-31,38.0,38.900001525878906,37.54999923706055,38.20000076293945,36010
6957,2026-08-31,227.0,227.0,218.0,219.5,174763
6958,2026-08-31,17.049999237060547,17.25,17.049999237060547,17.200000762939453,33208
6962,2026-08-31,30.850000381469727,31.549999237060547,30.850000381469727,31.549999237060547,6404648
6965,2026-08-31,73.0,74.0,73.0,73.9000015258789,23249
6994,2026-08-31,35.849998474121094,35.900001525878906,35.0,35.29999923706055,398671
7705,2026-08-31,30.149999618530273,30.450000762939453,30.100000381469727,30.100000381469727,40342
7711,2026-08-31,486.0,535.0,483.0,535.0,1892627
7721,2026-08-31,61.70000076293945,62.0,60.20000076293945,61.29999923706055,40916
7722,2026-08-31,293.5,293.5,283.0,285.0,46998
7732,2026-08-31,34.099998474121094,34.75,34.04999923706055,34.75,4000
7736,2026-08-31,69.19999694824219,69.9000015258789,68.5999984741211,69.5,9170
7749,2026-08-31,371.0,371.0,358.5,362.0,926822
7750,2026-08-31,2270.0,2335.0,2240.0,2270.0,193557
7760,2026-08-31,32.650001525878906,33.0,32.650001525878906,33.0,129294
7765,2026-08-31,226.0,226.0,223.5,223.5,29936
7768,2026-08-31,286.0,293.0,282.5,291.5,78572
7769,2026-08-31,6485.0,6485.0,5845.0,5860.0,1507442
7780,2026-08-31,16.950000762939453,16.950000762939453,16.75,16.75,648743
7786,2026-08-31,118.0,118.5,116.0,117.0,238558
7788,2026-08-31,339.0,347.0,307.0,316.0,5536143
7791,2026-08-31,56.29999923706055,56.400001525878906,56.29999923706055,56.400001525878906,5882
7795,2026-08-31,545.0,557.0,508.0,508.0,1492131
7799,2026-08-31,383.0,386.0,367.0,367.5,254802
7818,2026-08-31,60.599998474121094,60.599998474121094,59.900001525878906,60.20000076293945,79871
7822,2026-08-31,933.0,933.0,891.0,914.0,171025
7821,2026-08-31,39.20000076293945,39.20000076293945,38.849998474121094,39.099998474121094,65767
8011,2026-08-31,16.200000762939453,16.200000762939453,15.899999618530273,15.949999809265137,235984
8016,2026-08-31,292.5,293.5,288.0,289.0,571718
8021,2026-08-31,442.5,461.0,423.5,435.0,9121306
8028,2026-08-31,246.5,246.5,237.0,241.0,3868480
8033,2026-08-31,187.5,192.5,187.0,187.0,4715805
8039,2026-08-31,343.0,347.0,309.5,327.0,38715663
8045,2026-08-31,53.5,53.5,52.099998474121094,52.29999923706055,64025
8046,2026-08-31,1220.0,1325.0,1155.0,1230.0,20581788
8070,2026-08-31,50.900001525878906,51.0,49.5,50.20000076293945,3099140
8072,2026-08-31,26.200000762939453,26.299999237060547,26.049999237060547,26.149999618530273,83987
8081,2026-08-31,258.0,258.0,251.0,255.5,424029
8101,2026-08-31,12.399999618530273,12.399999618530273,12.399999618530273,12.399999618530273,1041
8103,2026-08-31,115.5,119.0,115.0,119.0,3551813
8104,2026-08-31,31.5,31.5,30.549999237060547,30.850000381469727,238424
8105,2026-08-31,16.649999618530273,16.799999237060547,15.600000381469727,16.100000381469727,14072279
8110,2026-08-31,45.54999923706055,46.25,45.0,45.650001525878906,2510939
8112,2026-08-31,90.30000305175781,91.9000015258789,89.80000305175781,90.80000305175781,5611712
8114,2026-08-31,194.0,196.5,192.0,192.0,472804
8131,2026-08-31,61.79999923706055,63.70000076293945,61.5,63.70000076293945,1258965
8150,2026-08-31,89.5,89.80000305175781,86.5999984741211,89.0999984741211,15730264
8163,2026-08-31,31.700000762939453,31.700000762939453,31.0,31.100000381469727,472144
8201,2026-08-31,11.899999618530273,11.949999809265137,11.550000190734863,11.899999618530273,22425
8210,2026-08-31,990.0,995.0,961.0,969.0,1138294
8213,2026-08-31,32.70000076293945,33.25,32.5,32.900001525878906,364648
8215,2026-08-31,26.25,26.25,25.100000381469727,25.600000381469727,946259
8222,2026-08-31,38.70000076293945,39.5,38.349998474121094,39.099998474121094,552465
8249,2026-08-31,41.5,41.650001525878906,41.0,41.599998474121094,96389
8261,2026-08-31,183.0,185.5,177.5,178.5,2774031
8271,2026-08-31,230.0,234.5,227.0,227.5,2445343
8341,2026-08-31,76.69999694824219,76.69999694824219,75.80000305175781,75.9000015258789,238203
8367,2026-08-31,40.54999923706055,40.70000076293945,40.29999923706055,40.70000076293945,11219
8374,2026-08-31,81.80000305175781,83.0,80.5,81.0,188138
8404,2026-08-31,16.25,16.350000381469727,16.149999618530273,16.25,298341
8411,2026-08-31,12.899999618530273,13.0,12.75,13.0,103407
8422,2026-08-31,27.0,27.350000381469727,26.799999237060547,26.799999237060547,7473178
8429,2026-08-31,6.010000228881836,6.050000190734863,6.0,6.010000228881836,77726
8438,2026-08-31,71.0,73.5,70.80000305175781,71.69999694824219,211866
8442,2026-08-31,45.25,45.95000076293945,45.04999923706055,45.29999923706055,127504
8443,2026-08-31,11.300000190734863,11.350000381469727,11.25,11.350000381469727,8410
8454,2026-08-31,250.0,250.0,246.0,247.0,277623
8462,2026-08-31,171.0,171.0,165.5,168.0,178048
8463,2026-08-31,21.549999237060547,21.549999237060547,21.200000762939453,21.399999618530273,52007
8464,2026-08-31,365.5,375.0,362.5,374.0,325418
8466,2026-08-31,15.300000190734863,15.699999809265137,15.300000190734863,15.600000381469727,16353
8467,2026-08-31,91.5,92.30000305175781,91.5,92.19999694824219,10502
8473,2026-08-31,46.099998474121094,46.20000076293945,45.5,45.900001525878906,308164
8476,2026-08-31,19.850000381469727,19.850000381469727,19.200000762939453,19.399999618530273,272033
8478,2026-08-31,141.5,142.5,140.5,141.0,131135
8481,2026-08-31,40.849998474121094,40.900001525878906,40.5,40.79999923706055,5136
8482,2026-08-31,46.45000076293945,48.150001525878906,45.5,46.29999923706055,7560
8488,2026-08-31,9.899999618530273,9.920000076293945,9.899999618530273,9.920000076293945,2000
8499,2026-08-31,271.0,271.0,256.0,260.0,68761
8926,2026-08-31,56.70000076293945,56.70000076293945,55.79999923706055,55.900001525878906,3832883
8940,2026-08-31,15.050000190734863,15.300000190734863,14.850000381469727,15.300000190734863,159858
8996,2026-08-31,1240.0,1240.0,1140.0,1175.0,3490828
9802,2026-08-31,70.9000015258789,72.0,70.9000015258789,71.5,172054
9902,2026-08-31,13.699999809265137,13.75,13.600000381469727,13.699999809265137,63267
9904,2026-08-31,24.399999618530273,24.850000381469727,24.25,24.850000381469727,19180458
9905,2026-08-31,21.549999237060547,21.549999237060547,21.399999618530273,21.5,57050
9906,2026-08-31,40.0,40.900001525878906,39.95000076293945,40.900001525878906,38972
9908,2026-08-31,29.0,29.0,28.950000762939453,29.0,69386
9907,2026-08-31,15.350000381469727,15.399999618530273,15.25,15.25,2804109
9910,2026-08-31,68.4000015258789,68.5,67.69999694824219,67.69999694824219,1385393
9911,2026-08-31,82.30000305175781,83.0,82.30000305175781,83.0,194932
9912,2026-08-31,13.050000190734863,13.600000381469727,12.899999618530273,12.899999618530273,547438
9914,2026-08-31,83.0999984741211,83.19999694824219,81.80000305175781,81.9000015258789,1264997
9917,2026-08-31,106.5,106.5,105.0,106.0,858516
9918,2026-08-31,43.0,43.0,42.70000076293945,42.75,25995
9919,2026-08-31,13.850000381469727,14.0,13.850000381469727,13.949999809265137,144825
9921,2026-08-31,102.5,102.5,100.0,102.0,1628014
9924,2026-08-31,38.5,38.5,38.29999923706055,38.400001525878906,98629
9925,2026-08-31,39.849998474121094,40.150001525878906,39.29999923706055,39.29999923706055,10667605
9927,2026-08-31,69.19999694824219,70.0,68.69999694824219,69.80000305175781,141739
9926,2026-08-31,48.70000076293945,49.0,48.70000076293945,48.849998474121094,10000
9928,2026-08-31,17.950000762939453,17.950000762939453,17.75,17.899999618530273,33702
9929,2026-08-31,11.0,11.0,11.0,11.0,1805
9930,2026-08-31,63.0,63.0,62.5,63.0,78300
9931,2026-08-31,33.849998474121094,33.900001525878906,33.70000076293945,33.900001525878906,22077
9933,2026-08-31,41.0,41.0,40.04999923706055,40.5,2891658
9934,2026-08-31,11.0,11.100000381469727,11.0,11.050000190734863,478653
9935,2026-08-31,19.700000762939453,20.0,19.549999237060547,19.600000381469727,376866
9937,2026-08-31,54.79999923706055,55.0,54.599998474121094,55.0,43053
9938,2026-08-31,42.04999923706055,42.099998474121094,41.849998474121094,41.849998474121094,690021
9939,2026-08-31,131.0,133.0,130.0,131.5,895790
9940,2026-08-31,20.5,20.549999237060547,20.100000381469727,20.149999618530273,518270
9941,2026-08-31,86.5,86.9000015258789,85.4000015258789,86.9000015258789,2260218
9943,2026-08-31,50.70000076293945,51.400001525878906,50.5,51.099998474121094,66162
9942,2026-08-31,116.0,116.0,114.5,116.0,79535
9944,2026-08-31,17.350000381469727,17.450000762939453,17.200000762939453,17.200000762939453,21215
9945,2026-08-31,27.899999618530273,28.0,27.700000762939453,27.799999237060547,4467872
9946,2026-08-31,17.450000762939453,17.450000762939453,17.200000762939453,17.25,529795
9955,2026-08-31,24.450000762939453,24.450000762939453,23.950000762939453,24.200000762939453,265020
9958,2026-08-31,91.30000305175781,91.4000015258789,90.19999694824219,90.30000305175781,2114068
2254,2026-08-31,61.599998474121094,62.70000076293945,61.0,61.5,899000
2258,2026-08-31,31.399999618530273,31.399999618530273,31.0,31.100000381469727,369504
2432,2026-08-31,27.649999618530273,27.649999618530273,27.450000762939453,27.450000762939453,24284
3150,2026-08-31,16.75,16.950000762939453,16.75,16.950000762939453,4000
4195,2026-08-31,14.149999618530273,14.399999618530273,14.100000381469727,14.350000381469727,80213
4582,2026-08-31,23.350000381469727,23.549999237060547,23.25,23.549999237060547,41090
4590,2026-08-31,88.5,89.5999984741211,87.9000015258789,88.5,165521
6534,2026-08-31,91.69999694824219,92.0,91.0999984741211,92.0,41406
6645,2026-08-31,12.449999809265137,12.600000381469727,12.25,12.300000190734863,47763
6771,2026-08-31,40.150001525878906,41.75,40.099998474121094,41.75,25526
6854,2026-08-31,89.80000305175781,96.69999694824219,87.5,93.19999694824219,374785
6908,2026-08-31,30.5,30.5,30.149999618530273,30.25,11000
6921,2026-08-31,64.5,64.5,64.5,64.5,4520
6924,2026-08-31,115.5,115.5,112.0,112.0,20306
6951,2026-08-31,71.30000305175781,71.69999694824219,71.0,71.69999694824219,18403
6955,2026-08-31,108.0,108.0,107.0,108.0,5322
6969,2026-08-31,34.900001525878906,34.900001525878906,34.20000076293945,34.599998474121094,70897
6988,2026-08-31,11.5,11.5,11.350000381469727,11.5,54000
7610,2026-08-31,1460.0,1535.0,1450.0,1505.0,455471
7631,2026-08-31,144.0,144.5,142.5,144.0,23523
7730,2026-08-31,172.5,176.5,171.5,173.0,51327
7740,2026-08-31,133.0,133.0,128.0,129.5,169038
7803,2026-08-31,18.700000762939453,19.200000762939453,18.700000762939453,19.100000381469727,26010
7827,2026-08-31,157.0,157.0,151.0,154.5,237261
7835,2026-08-31,27.799999237060547,27.899999618530273,25.5,27.899999618530273,242920
8162,2026-08-31,62.79999923706055,62.79999923706055,61.29999923706055,62.5,113946
8487,2026-08-31,71.9000015258789,71.9000015258789,70.4000015258789,70.5,30901
0050,2026-08-31,105.5999984741211,106.25,105.0,106.25,68911508
0051,2026-08-31,145.8000030517578,145.85000610351562,143.60000610351562,144.75,37960
0052,2026-08-31,61.349998474121094,61.900001525878906,61.0,61.849998474121094,12889721
0053,2026-08-31,238.6999969482422,240.4499969482422,238.0,240.4499969482422,40256
0055,2026-08-31,45.11000061035156,46.0,45.099998474121094,45.95000076293945,425820
0056,2026-08-31,53.5,54.650001525878906,53.5,54.599998474121094,56317016
0057,2026-08-31,315.25,316.6000061035156,315.20001220703125,316.6000061035156,27597
0061,2026-08-31,24.149999618530273,24.360000610351562,24.100000381469727,24.260000228881836,61266
9103,2026-08-31,5.130000114440918,5.130000114440918,5.059999942779541,5.130000114440918,472066
9105,2026-08-31,8.260000228881836,8.779999732971191,8.210000038146973,8.710000038146973,24469477
9136,2026-08-31,11.399999618530273,11.699999809265137,11.199999809265137,11.300000190734863,69552
1240,2026-08-31,57.099998474121094,57.400001525878906,57.099998474121094,57.099998474121094,13205
1264,2026-08-31,251.0,252.0,251.0,251.5,22026
1268,2026-08-31,181.5,182.0,181.0,181.5,19507
1294,2026-08-31,54.400001525878906,54.400001525878906,53.400001525878906,53.70000076293945,58723
1295,2026-08-31,46.29999923706055,46.349998474121094,45.599998474121094,45.650001525878906,24630
1336,2026-08-31,16.600000381469727,17.0,16.399999618530273,16.799999237060547,381070
1565,2026-08-31,96.69999694824219,98.80000305175781,96.69999694824219,98.4000015258789,99942
1569,2026-08-31,46.29999923706055,46.95000076293945,45.400001525878906,45.79999923706055,432507
1570,2026-08-31,33.099998474121094,33.20000076293945,33.0,33.20000076293945,27009
1580,2026-08-31,106.5,106.5,105.5,106.0,47010
1584,2026-08-31,18.299999237060547,18.299999237060547,17.950000762939453,18.0,250766
1586,2026-08-31,18.049999237060547,18.149999618530273,18.049999237060547,18.100000381469727,132094
1591,2026-08-31,36.5,37.650001525878906,36.099998474121094,36.75,239446
1593,2026-08-31,31.649999618530273,31.649999618530273,31.600000381469727,31.600000381469727,7319
1595,2026-08-31,66.0,67.30000305175781,63.400001525878906,64.0,277455
1599,2026-08-31,23.100000381469727,23.100000381469727,22.799999237060547,22.899999618530273,39774
1742,2026-08-31,17.950000762939453,17.950000762939453,17.5,17.899999618530273,62000
1777,2026-08-31,74.69999694824219,74.69999694824219,73.5,74.5,56168
1780,2026-08-31,24.5,24.5,24.049999237060547,24.5,42000
1781,2026-08-31,10.600000381469727,10.600000381469727,10.300000190734863,10.5,50104
1784,2026-08-31,63.20000076293945,63.20000076293945,61.900001525878906,62.5,51235
1785,2026-08-31,103.0,105.0,101.5,103.0,4208630
1788,2026-08-31,130.0,130.0,129.0,129.0,10375
1799,2026-08-31,30.200000762939453,30.75,30.0,30.149999618530273,132257
1813,2026-08-31,11.600000381469727,11.600000381469727,11.600000381469727,11.600000381469727,4635
1815,2026-08-31,124.0,128.0,122.5,126.5,80559923
2061,2026-08-31,51.0,52.599998474121094,50.79999923706055,51.599998474121094,1674662
2063,2026-08-31,24.049999237060547,24.25,24.0,24.0,28674
2065,2026-08-31,36.650001525878906,36.650001525878906,36.45000076293945,36.5,34550
2066,2026-08-31,54.0,54.29999923706055,53.900001525878906,53.900001525878906,25246
2067,2026-08-31,5.349999904632568,5.349999904632568,5.260000228881836,5.260000228881836,5257
2070,2026-08-31,67.0999984741211,70.5,67.0999984741211,69.5,350344
2073,2026-08-31,26.399999618530273,26.399999618530273,26.399999618530273,26.399999618530273,1000
2221,2026-08-31,78.5,79.69999694824219,71.9000015258789,76.0,2602384
2230,2026-08-31,23.399999618530273,23.399999618530273,22.350000381469727,22.5,111172
2596,2026-08-31,34.849998474121094,34.900001525878906,34.5,34.75,49113
2640,2026-08-31,156.5,158.0,155.5,157.0,35560
2641,2026-08-31,18.149999618530273,18.299999237060547,17.899999618530273,17.899999618530273,2330047
2643,2026-08-31,63.099998474121094,63.099998474121094,62.0,62.0,8643
2718,2026-08-31,41.70000076293945,42.650001525878906,41.5,41.70000076293945,38148
2719,2026-08-31,20.350000381469727,20.350000381469727,20.350000381469727,20.350000381469727,5350
2726,2026-08-31,8.220000267028809,8.270000457763672,7.96999979019165,8.220000267028809,181369
2732,2026-08-31,64.80000305175781,65.0999984741211,64.19999694824219,64.30000305175781,17176
2734,2026-08-31,14.850000381469727,15.0,14.600000381469727,15.0,97071
2736,2026-08-31,12.149999618530273,12.199999809265137,11.949999809265137,12.0,54564
2740,2026-08-31,30.5,30.950000762939453,30.5,30.950000762939453,2117
2743,2026-08-31,58.79999923706055,59.20000076293945,58.5,58.79999923706055,35556
2745,2026-08-31,89.80000305175781,89.80000305175781,88.0999984741211,89.0,40454
2751,2026-08-31,52.70000076293945,52.70000076293945,51.900001525878906,51.900001525878906,23208
2752,2026-08-31,180.0,180.0,179.0,179.0,6212
2755,2026-08-31,102.0,102.0,101.5,102.0,17204
2756,2026-08-31,62.400001525878906,62.70000076293945,60.5,62.29999923706055,9022
2916,2026-08-31,40.099998474121094,40.150001525878906,40.0,40.0,44660
2924,2026-08-31,17.950000762939453,18.299999237060547,16.299999237060547,17.700000762939453,13399
2926,2026-08-31,30.100000381469727,30.350000381469727,29.950000762939453,30.350000381469727,8043
2937,2026-08-31,45.5,45.5,44.400001525878906,44.79999923706055,28284
2949,2026-08-31,61.099998474121094,61.099998474121094,61.099998474121094,61.099998474121094,1126
3066,2026-08-31,27.649999618530273,28.600000381469727,25.200000762939453,25.549999237060547,4613757
3067,2026-08-31,18.299999237060547,18.299999237060547,18.299999237060547,18.299999237060547,1050
3071,2026-08-31,24.600000381469727,24.600000381469727,24.149999618530273,24.450000762939453,72346
3073,2026-08-31,21.649999618530273,21.850000381469727,21.649999618530273,21.850000381469727,6000
3078,2026-08-31,52.79999923706055,53.0,51.900001525878906,51.900001525878906,2621007
3081,2026-08-31,3240.0,3550.0,3235.0,3530.0,4214103
3083,2026-08-31,23.299999237060547,23.350000381469727,23.200000762939453,23.200000762939453,50059
3085,2026-08-31,11.850000381469727,11.850000381469727,11.100000381469727,11.800000190734863,9010
3086,2026-08-31,27.5,30.25,27.5,30.25,303483
3088,2026-08-31,124.0,124.5,122.0,123.0,486972
3093,2026-08-31,48.099998474121094,48.95000076293945,47.0,47.70000076293945,329769
3095,2026-08-31,36.70000076293945,36.70000076293945,35.54999923706055,36.0,10734
3105,2026-08-31,434.5,471.0,425.0,447.5,51655089
3114,2026-08-31,33.70000076293945,33.79999923706055,33.0,33.099998474121094,209519
3118,2026-08-31,31.700000762939453,31.75,31.25,31.399999618530273,35642
3122,2026-08-31,25.950000762939453,25.950000762939453,25.549999237060547,25.899999618530273,20151
3128,2026-08-31,20.700000762939453,20.700000762939453,20.25,20.350000381469727,71516
3131,2026-08-31,2450.0,2450.0,2335.0,2410.0,761821
3141,2026-08-31,75.0,83.0,74.5999984741211,82.30000305175781,3497025
3147,2026-08-31,218.0,220.5,215.5,218.0,228787
3152,2026-08-31,243.0,247.5,241.0,241.5,149552
3158,2026-08-31,83.0999984741211,83.5,83.0,83.5,8511
3162,2026-08-31,71.80000305175781,73.5,71.19999694824219,72.69999694824219,973068
3163,2026-08-31,731.0,750.0,726.0,741.0,1146351
3169,2026-08-31,101.0,101.5,100.0,100.5,46228
3171,2026-08-31,63.0,63.0,62.79999923706055,63.0,10250
3176,2026-08-31,38.900001525878906,38.900001525878906,36.75,37.5,1115633
3178,2026-08-31,60.599998474121094,62.5,60.099998474121094,60.599998474121094,40642
3188,2026-08-31,24.649999618530273,24.75,24.549999237060547,24.700000762939453,173448
3191,2026-08-31,17.549999237060547,17.950000762939453,17.25,17.950000762939453,29734
3205,2026-08-31,47.099998474121094,47.099998474121094,46.70000076293945,47.0,62005
3206,2026-08-31,34.349998474121094,34.349998474121094,33.70000076293945,34.29999923706055,42797
3207,2026-08-31,39.70000076293945,39.70000076293945,38.70000076293945,38.79999923706055,114402
3211,2026-08-31,390.0,401.5,383.0,386.5,4677807
3213,2026-08-31,127.0,128.0,126.0,126.5,140879
3217,2026-08-31,137.5,138.5,135.5,136.5,449997
3218,2026-08-31,137.5,144.0,137.5,143.5,658221
3219,2026-08-31,86.5,93.30000305175781,86.30000305175781,91.0,2005059
3221,2026-08-31,48.0,49.099998474121094,47.25,47.849998474121094,919168
3224,2026-08-31,36.0,36.0,34.650001525878906,34.70000076293945,20021
3226,2026-08-31,52.599998474121094,53.20000076293945,52.599998474121094,52.900001525878906,13097
3227,2026-08-31,195.0,196.0,191.5,192.0,888929
3228,2026-08-31,163.0,171.5,159.0,171.5,508248
3230,2026-08-31,45.150001525878906,46.04999923706055,45.0,45.04999923706055,489690
3232,2026-08-31,19.75,19.950000762939453,19.450000762939453,19.649999618530273,25018
3234,2026-08-31,180.0,185.0,170.0,185.0,3354923
3236,2026-08-31,45.20000076293945,47.5,44.400001525878906,44.900001525878906,3143277
3259,2026-08-31,14.899999618530273,14.899999618530273,13.550000190734863,14.0,32096
3260,2026-08-31,408.5,416.5,407.0,413.5,4707607
3264,2026-08-31,230.0,230.5,220.5,228.0,5990632
3265,2026-08-31,183.5,183.5,170.5,178.0,2300935
3268,2026-08-31,17.399999618530273,18.049999237060547,17.100000381469727,18.049999237060547,13047
3272,2026-08-31,14.300000190734863,14.5,14.25,14.449999809265137,56523
3276,2026-08-31,14.300000190734863,14.5,14.25,14.350000381469727,108109
3284,2026-08-31,20.75,20.75,20.299999237060547,20.5,149731
3285,2026-08-31,40.70000076293945,43.0,40.5,42.79999923706055,82579
3287,2026-08-31,38.599998474121094,38.599998474121094,37.79999923706055,38.099998474121094,317393
3288,2026-08-31,21.399999618530273,21.399999618530273,20.899999618530273,20.899999618530273,22633
3289,2026-08-31,140.5,141.0,135.5,138.0,806150
3290,2026-08-31,48.0,49.5,47.20000076293945,49.45000076293945,1387685
3293,2026-08-31,703.0,730.0,701.0,730.0,23159792
3294,2026-08-31,31.0,31.200000762939453,30.299999237060547,30.450000762939453,172320
3297,2026-08-31,27.700000762939453,28.049999237060547,27.649999618530273,27.649999618530273,40263
3303,2026-08-31,52.20000076293945,52.20000076293945,51.599998474121094,51.70000076293945,204420
3306,2026-08-31,44.70000076293945,45.79999923706055,44.150001525878906,44.29999923706055,129077
3310,2026-08-31,68.5,68.5999984741211,68.5,68.5999984741211,10030
3313,2026-08-31,11.399999618530273,11.399999618530273,10.899999618530273,10.899999618530273,176731
3317,2026-08-31,66.0,66.0,62.20000076293945,63.0,943784
3322,2026-08-31,10.949999809265137,11.949999809265137,10.949999809265137,11.5,471370
3324,2026-08-31,1130.0,1250.0,1125.0,1250.0,9662971
3323,2026-08-31,30.049999237060547,30.75,29.5,29.5,284952
3325,2026-08-31,11.25,11.550000190734863,11.149999618530273,11.550000190734863,114323
3339,2026-08-31,43.0,47.29999923706055,42.900001525878906,46.75,9219272
3349,2026-08-31,23.0,23.399999618530273,22.549999237060547,22.950000762939453,55000
3354,2026-08-31,24.299999237060547,24.899999618530273,23.299999237060547,23.649999618530273,635420
3357,2026-08-31,219.5,226.0,211.5,215.5,1710808
3360,2026-08-31,15.699999809265137,15.800000190734863,15.399999618530273,15.449999809265137,441922
3362,2026-08-31,197.5,204.5,194.5,202.0,1868721
3363,2026-08-31,683.0,747.0,683.0,747.0,6879520
3372,2026-08-31,15.199999809265137,15.199999809265137,14.800000190734863,14.949999809265137,332070
3373,2026-08-31,16.549999237060547,16.600000381469727,16.5,16.5,8224
3374,2026-08-31,390.5,424.5,388.5,422.5,42259011
3379,2026-08-31,29.25,29.700000762939453,28.700000762939453,28.799999237060547,149749
3388,2026-08-31,95.80000305175781,95.80000305175781,91.0,91.5,2100831
3390,2026-08-31,22.350000381469727,22.700000762939453,22.200000762939453,22.299999237060547,149288
3402,2026-08-31,122.0,122.5,120.0,121.0,198018
3430,2026-08-31,113.5,115.0,112.0,113.0,174707
3434,2026-08-31,29.799999237060547,29.850000381469727,29.649999618530273,29.850000381469727,22210
3438,2026-08-31,60.599998474121094,64.80000305175781,60.0,64.0,319242
3441,2026-08-31,127.5,137.5,127.5,136.0,4617924
3444,2026-08-31,83.0,83.80000305175781,81.80000305175781,83.5999984741211,193118
3455,2026-08-31,255.0,272.5,245.5,260.5,4214541
3465,2026-08-31,29.200000762939453,29.5,29.100000381469727,29.200000762939453,11012
3466,2026-08-31,24.549999237060547,25.5,24.5,24.899999618530273,189213
3467,2026-08-31,47.54999923706055,49.349998474121094,47.54999923706055,49.349998474121094,31734
3479,2026-08-31,129.0,129.0,125.5,126.5,498346
3483,2026-08-31,74.19999694824219,75.69999694824219,74.0,74.0999984741211,176132
3485,2026-08-31,227.5,227.5,214.0,217.0,251458
3484,2026-08-31,50.29999923706055,50.29999923706055,49.5,49.5,204838
3489,2026-08-31,23.100000381469727,23.100000381469727,22.700000762939453,22.950000762939453,67755
3490,2026-08-31,48.099998474121094,50.20000076293945,45.29999923706055,45.5,6235684
3491,2026-08-31,1555.0,1555.0,1360.0,1380.0,2632799
3492,2026-08-31,19.600000381469727,19.600000381469727,19.149999618530273,19.200000762939453,54691
3498,2026-08-31,191.0,208.0,191.0,208.0,1496357
3499,2026-08-31,12.5,12.5,12.399999618530273,12.5,10341
3508,2026-08-31,20.700000762939453,21.700000762939453,20.100000381469727,20.899999618530273,214647
3511,2026-08-31,20.149999618530273,20.149999618530273,19.649999618530273,19.75,53459
3512,2026-08-31,19.450000762939453,19.649999618530273,19.399999618530273,19.549999237060547,11435
3516,2026-08-31,26.299999237060547,26.299999237060547,25.549999237060547,26.149999618530273,21114
3520,2026-08-31,17.700000762939453,17.700000762939453,17.399999618530273,17.450000762939453,203133
3521,2026-08-31,12.25,12.25,11.800000190734863,12.100000381469727,22064
3522,2026-08-31,11.850000381469727,11.850000381469727,11.550000190734863,11.75,33222
3523,2026-08-31,15.0,15.449999809265137,14.300000190734863,15.449999809265137,12000
3526,2026-08-31,286.0,288.5,281.5,284.0,178211
3527,2026-08-31,51.099998474121094,51.20000076293945,50.5,50.70000076293945,107287
3529,2026-08-31,2500.0,2505.0,2310.0,2400.0,7115734
3537,2026-08-31,55.900001525878906,57.29999923706055,54.400001525878906,55.099998474121094,348223
3540,2026-08-31,23.0,25.5,23.0,25.5,1934354
3541,2026-08-31,21.600000381469727,21.799999237060547,21.450000762939453,21.600000381469727,44303
3546,2026-08-31,71.9000015258789,72.19999694824219,70.9000015258789,71.0999984741211,130798
3548,2026-08-31,92.0999984741211,92.80000305175781,87.5,87.69999694824219,1063181
3551,2026-08-31,180.5,180.5,177.5,178.5,284850
3552,2026-08-31,44.0,44.0,42.95000076293945,43.29999923706055,225600
3555,2026-08-31,185.5,202.0,185.0,202.0,378300
3556,2026-08-31,62.900001525878906,62.900001525878906,61.400001525878906,61.599998474121094,170641
3558,2026-08-31,124.5,125.0,122.0,122.5,89552
3564,2026-08-31,44.25,45.5,43.70000076293945,44.0,141542
3567,2026-08-31,25.299999237060547,25.399999618530273,25.25,25.25,13028
3570,2026-08-31,163.5,164.5,163.0,164.5,6496
3577,2026-08-31,115.0,120.0,113.5,117.0,668771
3580,2026-08-31,82.0999984741211,82.19999694824219,79.5,80.5,175974
3581,2026-08-31,108.5,109.0,103.5,107.0,205438
3587,2026-08-31,251.0,251.0,242.0,247.0,295831
3594,2026-08-31,49.5,49.849998474121094,48.25,48.25,611779
3609,2026-08-31,18.5,18.600000381469727,17.450000762939453,17.549999237060547,383654
3597,2026-08-31,26.0,26.799999237060547,26.0,26.399999618530273,5510
3611,2026-08-31,184.5,185.0,183.0,184.0,55479
3615,2026-08-31,37.79999923706055,38.599998474121094,37.29999923706055,37.400001525878906,326494
3623,2026-08-31,22.200000762939453,22.649999618530273,21.950000762939453,22.450000762939453,45689
3624,2026-08-31,90.69999694824219,94.0,87.30000305175781,88.30000305175781,5235131
3625,2026-08-31,12.050000190734863,13.5,12.050000190734863,12.850000381469727,331999
3628,2026-08-31,68.0,69.19999694824219,67.19999694824219,67.80000305175781,26891
3629,2026-08-31,19.649999618530273,20.0,19.649999618530273,19.899999618530273,25061
3630,2026-08-31,26.25,26.75,25.950000762939453,26.5,451438
3631,2026-08-31,43.349998474121094,44.79999923706055,40.650001525878906,40.900001525878906,993813
3646,2026-08-31,23.600000381469727,23.899999618530273,23.549999237060547,23.549999237060547,19031
3663,2026-08-31,62.79999923706055,63.599998474121094,60.900001525878906,61.70000076293945,296231
3664,2026-08-31,6.900000095367432,6.900000095367432,6.880000114440918,6.900000095367432,98604
3666,2026-08-31,24.899999618530273,25.299999237060547,24.700000762939453,25.299999237060547,68001
3672,2026-08-31,12.899999618530273,12.899999618530273,12.850000381469727,12.899999618530273,14741
3680,2026-08-31,500.0,516.0,484.5,493.0,1355624
3675,2026-08-31,277.0,279.0,266.5,272.5,553186
3684,2026-08-31,52.79999923706055,54.0,52.79999923706055,54.0,25059
3685,2026-08-31,36.900001525878906,39.5,36.54999923706055,38.04999923706055,1292563
3687,2026-08-31,63.599998474121094,64.4000015258789,63.20000076293945,63.400001525878906,37036
3689,2026-08-31,115.0,119.0,114.5,118.5,1619192
3691,2026-08-31,98.19999694824219,98.5999984741211,96.80000305175781,97.19999694824219,341913
3693,2026-08-31,580.0,612.0,578.0,604.0,1657576
3707,2026-08-31,63.099998474121094,63.599998474121094,61.5,62.5,2808216
3709,2026-08-31,66.80000305175781,67.30000305175781,66.4000015258789,66.5999984741211,282265
3710,2026-08-31,5.119999885559082,5.119999885559082,4.960000038146973,5.079999923706055,347594
3713,2026-08-31,14.199999809265137,14.75,14.199999809265137,14.75,42070
4105,2026-08-31,77.80000305175781,78.0,77.5,77.80000305175781,391954
4107,2026-08-31,113.5,114.0,113.0,114.0,27768
4109,2026-08-31,11.25,11.350000381469727,11.149999618530273,11.199999809265137,83412
4111,2026-08-31,28.75,28.799999237060547,28.700000762939453,28.799999237060547,29748
4113,2026-08-31,14.949999809265137,15.050000190734863,14.899999618530273,15.0,91355
4114,2026-08-31,30.0,30.049999237060547,29.799999237060547,29.799999237060547,539665
4116,2026-08-31,40.29999923706055,40.29999923706055,40.0,40.04999923706055,12127
4120,2026-08-31,47.29999923706055,47.400001525878906,47.099998474121094,47.400001525878906,9810
4121,2026-08-31,13.100000381469727,13.100000381469727,13.0,13.100000381469727,13012
4123,2026-08-31,31.799999237060547,31.799999237060547,31.25,31.25,1599029
4126,2026-08-31,77.19999694824219,78.19999694824219,77.19999694824219,77.9000015258789,50734
4127,2026-08-31,78.80000305175781,78.80000305175781,71.0,71.30000305175781,487846
4128,2026-08-31,15.149999618530273,15.300000190734863,15.0,15.050000190734863,819409
4129,2026-08-31,82.30000305175781,82.80000305175781,81.5,81.69999694824219,257676
4131,2026-08-31,30.950000762939453,30.950000762939453,29.200000762939453,30.600000381469727,19171
4138,2026-08-31,52.599998474121094,52.900001525878906,52.099998474121094,52.29999923706055,35999
4139,2026-08-31,40.0,41.900001525878906,40.0,41.900001525878906,76623
4147,2026-08-31,63.79999923706055,64.5,62.29999923706055,62.400001525878906,1001931
4153,2026-08-31,32.650001525878906,33.150001525878906,32.45000076293945,32.45000076293945,22004
4157,2026-08-31,8.989999771118164,9.079999923706055,8.90999984741211,8.979999542236328,457895
4160,2026-08-31,39.5,39.95000076293945,39.349998474121094,39.650001525878906,17271
4161,2026-08-31,22.899999618530273,22.899999618530273,22.899999618530273,22.899999618530273,2000
4162,2026-08-31,60.0,60.099998474121094,58.79999923706055,59.0,201596
4163,2026-08-31,137.0,141.0,137.0,140.0,25752
4166,2026-08-31,24.799999237060547,25.200000762939453,24.600000381469727,24.75,133194
4167,2026-08-31,20.100000381469727,20.100000381469727,19.600000381469727,19.75,1025444
4168,2026-08-31,22.399999618530273,22.549999237060547,22.25,22.549999237060547,35845
4171,2026-08-31,17.049999237060547,17.149999618530273,17.0,17.149999618530273,28575
4173,2026-08-31,17.399999618530273,17.399999618530273,17.200000762939453,17.299999237060547,60647
4174,2026-08-31,26.049999237060547,26.049999237060547,25.350000381469727,25.399999618530273,455391
4175,2026-08-31,51.5,51.5,50.70000076293945,51.099998474121094,7962
4188,2026-08-31,14.600000381469727,15.199999809265137,14.550000190734863,14.850000381469727,665184
4192,2026-08-31,19.049999237060547,19.049999237060547,19.049999237060547,19.049999237060547,3912
4198,2026-08-31,42.0,44.0,42.0,44.0,8636
4205,2026-08-31,69.4000015258789,70.0,69.30000305175781,69.69999694824219,16497
4207,2026-08-31,20.299999237060547,20.799999237060547,20.299999237060547,20.799999237060547,42751
4303,2026-08-31,38.5,38.5,37.20000076293945,38.150001525878906,1553138
4304,2026-08-31,22.549999237060547,26.0,22.549999237060547,25.299999237060547,98059
4305,2026-08-31,43.95000076293945,43.95000076293945,43.95000076293945,43.95000076293945,1015
4401,2026-08-31,13.75,13.949999809265137,13.75,13.949999809265137,32094
4406,2026-08-31,10.050000190734863,10.100000381469727,10.050000190734863,10.100000381469727,18000
4413,2026-08-31,20.0,20.600000381469727,19.799999237060547,19.899999618530273,44359
4416,2026-08-31,12.649999618530273,13.199999809265137,12.649999618530273,12.699999809265137,2413082
4417,2026-08-31,46.900001525878906,46.900001525878906,46.849998474121094,46.900001525878906,36109
4419,2026-08-31,46.099998474121094,46.099998474121094,45.650001525878906,45.70000076293945,41501
4420,2026-08-31,36.70000076293945,36.900001525878906,36.599998474121094,36.900001525878906,9960
4432,2026-08-31,15.75,15.75,15.649999618530273,15.75,11000
4433,2026-08-31,18.700000762939453,19.0,18.600000381469727,18.950000762939453,35542
4442,2026-08-31,51.400001525878906,51.400001525878906,50.70000076293945,50.70000076293945,23449
4502,2026-08-31,15.600000381469727,15.699999809265137,15.5,15.699999809265137,19055
4503,2026-08-31,25.299999237060547,25.299999237060547,24.600000381469727,24.899999618530273,182134
4506,2026-08-31,121.5,122.5,121.0,121.5,23173
4510,2026-08-31,45.20000076293945,46.349998474121094,44.54999923706055,44.75,1080587
4513,2026-08-31,16.399999618530273,16.450000762939453,16.100000381469727,16.149999618530273,245633
4523,2026-08-31,23.899999618530273,23.899999618530273,23.399999618530273,23.799999237060547,52278
4527,2026-08-31,41.0,41.54999923706055,41.0,41.54999923706055,7300
4528,2026-08-31,15.050000190734863,15.300000190734863,15.050000190734863,15.050000190734863,8962
4529,2026-08-31,4.050000190734863,4.050000190734863,3.7699999809265137,3.8299999237060547,200505
4533,2026-08-31,26.549999237060547,26.549999237060547,25.850000381469727,26.299999237060547,427460
4534,2026-08-31,30.350000381469727,30.350000381469727,29.100000381469727,29.5,482619
4535,2026-08-31,28.200000762939453,28.200000762939453,27.700000762939453,27.950000762939453,18000
4538,2026-08-31,17.299999237060547,17.850000381469727,17.299999237060547,17.75,10000
4541,2026-08-31,65.5,68.4000015258789,64.5,66.5999984741211,1965235
4542,2026-08-31,280.5,308.0,280.0,293.0,1702015
4543,2026-08-31,30.049999237060547,30.299999237060547,29.75,30.0,71081
4549,2026-08-31,103.0,104.5,102.0,103.0,107604
4550,2026-08-31,24.049999237060547,24.049999237060547,23.950000762939453,24.0,19666
4554,2026-08-31,30.0,30.0,29.350000381469727,29.850000381469727,43038
4556,2026-08-31,72.80000305175781,72.80000305175781,68.5,69.80000305175781,186435
4558,2026-08-31,18.549999237060547,19.049999237060547,17.049999237060547,17.399999618530273,135330
4561,2026-08-31,44.20000076293945,44.20000076293945,43.45000076293945,43.5,138620
4563,2026-08-31,40.70000076293945,40.70000076293945,39.900001525878906,40.70000076293945,41158
4577,2026-08-31,91.5,93.19999694824219,81.30000305175781,86.0,3064264
4580,2026-08-31,78.4000015258789,79.19999694824219,78.4000015258789,79.0999984741211,66643
4609,2026-08-31,4.5,4.5,4.449999809265137,4.449999809265137,6020
4706,2026-08-31,32.04999923706055,32.5,31.700000762939453,32.099998474121094,22000
4702,2026-08-31,9.65999984741211,9.65999984741211,9.550000190734863,9.640000343322754,32900
4707,2026-08-31,32.79999923706055,34.849998474121094,32.25,33.400001525878906,3619570
4711,2026-08-31,16.600000381469727,16.950000762939453,16.600000381469727,16.899999618530273,29603
4714,2026-08-31,11.25,11.449999809265137,11.0,11.149999618530273,1365321
4716,2026-08-31,19.049999237060547,20.450000762939453,19.0,19.299999237060547,8304305
4726,2026-08-31,24.200000762939453,24.200000762939453,23.950000762939453,24.049999237060547,80577
4721,2026-08-31,74.80000305175781,75.4000015258789,73.80000305175781,74.4000015258789,274075
4729,2026-08-31,18.600000381469727,18.899999618530273,18.600000381469727,18.850000381469727,73099
4735,2026-08-31,38.849998474121094,38.849998474121094,37.5,38.0,122319
4741,2026-08-31,42.400001525878906,44.0,42.29999923706055,43.150001525878906,118761
4743,2026-08-31,47.0,47.099998474121094,46.04999923706055,46.5,1247752
4744,2026-08-31,27.799999237060547,27.799999237060547,27.049999237060547,27.049999237060547,32209
4745,2026-08-31,11.899999618530273,11.899999618530273,11.899999618530273,11.899999618530273,7235
4747,2026-08-31,29.100000381469727,29.149999618530273,27.299999237060547,27.350000381469727,136909
4749,2026-08-31,793.0,793.0,755.0,769.0,828759
4754,2026-08-31,38.79999923706055,38.79999923706055,38.54999923706055,38.54999923706055,65524
4760,2026-08-31,262.0,265.0,248.0,261.0,412971
4767,2026-08-31,30.299999237060547,30.299999237060547,29.0,29.25,18357
4768,2026-08-31,313.5,315.5,308.0,310.5,187958
4772,2026-08-31,265.0,265.0,255.0,258.0,658790
4903,2026-08-31,36.75,36.900001525878906,36.0,36.400001525878906,409900
4905,2026-08-31,89.69999694824219,91.5,88.0,90.30000305175781,67525
4907,2026-08-31,46.75,47.25,46.400001525878906,47.20000076293945,80809
4908,2026-08-31,187.5,209.0,187.5,209.0,9146638
4909,2026-08-31,40.349998474121094,40.650001525878906,38.5,38.599998474121094,710375
4911,2026-08-31,28.950000762939453,29.149999618530273,28.950000762939453,29.0,17010
4923,2026-08-31,56.0,56.79999923706055,54.20000076293945,55.29999923706055,254190
4924,2026-08-31,10.0,10.0,9.949999809265137,10.0,10002
4931,2026-08-31,268.0,288.0,256.0,259.0,12642042
4933,2026-08-31,54.29999923706055,55.70000076293945,54.20000076293945,55.0,66241
4939,2026-08-31,89.0,93.19999694824219,87.5,89.19999694824219,30776975
4946,2026-08-31,93.80000305175781,93.80000305175781,92.80000305175781,92.9000015258789,8544
4950,2026-08-31,16.5,16.5,15.699999809265137,16.0,6092
4951,2026-08-31,79.0999984741211,81.19999694824219,78.19999694824219,78.4000015258789,376557
4966,2026-08-31,576.0,582.0,570.0,578.0,528730
4953,2026-08-31,123.0,124.0,122.5,122.5,138231
4971,2026-08-31,555.0,600.0,555.0,600.0,852522
4972,2026-08-31,16.850000381469727,16.850000381469727,16.5,16.799999237060547,20200
4973,2026-08-31,152.0,157.0,151.0,154.0,875675
4974,2026-08-31,68.5999984741211,69.0,68.0,69.0,45552
4979,2026-08-31,606.0,613.0,589.0,609.0,2112582
4991,2026-08-31,515.0,543.0,505.0,539.0,6103824
4995,2026-08-31,50.0,50.0,49.5,50.0,5035
5009,2026-08-31,33.29999923706055,33.599998474121094,32.900001525878906,33.150001525878906,1770908
5011,2026-08-31,18.649999618530273,18.649999618530273,18.0,18.0,431413
5013,2026-08-31,29.399999618530273,29.799999237060547,28.899999618530273,29.549999237060547,20115
5014,2026-08-31,10.149999618530273,10.149999618530273,10.100000381469727,10.149999618530273,187868
5015,2026-08-31,22.100000381469727,22.200000762939453,21.950000762939453,22.149999618530273,13193
5016,2026-08-31,24.75,24.75,24.649999618530273,24.700000762939453,17121
5201,2026-08-31,26.049999237060547,26.399999618530273,26.0,26.399999618530273,18007
5202,2026-08-31,11.800000190734863,12.25,11.800000190734863,11.949999809265137,93275
5206,2026-08-31,23.600000381469727,23.649999618530273,23.0,23.200000762939453,415903
5209,2026-08-31,156.5,157.0,155.0,157.0,41714
5210,2026-08-31,29.049999237060547,29.399999618530273,28.75,28.799999237060547,60159
5211,2026-08-31,19.049999237060547,19.100000381469727,19.0,19.100000381469727,6440
5213,2026-08-31,21.299999237060547,21.299999237060547,21.0,21.100000381469727,139335
5220,2026-08-31,19.899999618530273,20.0,19.299999237060547,19.899999618530273,21005
5227,2026-08-31,30.700000762939453,30.75,30.200000762939453,30.350000381469727,167359
5228,2026-08-31,42.29999923706055,43.95000076293945,40.599998474121094,41.04999923706055,313347
5230,2026-08-31,17.75,17.899999618530273,17.5,17.899999618530273,63103
5245,2026-08-31,22.899999618530273,23.100000381469727,22.899999618530273,23.100000381469727,15000
5251,2026-08-31,25.950000762939453,26.350000381469727,25.549999237060547,26.0,47072
5263,2026-08-31,99.5,101.5,98.5999984741211,99.4000015258789,404497
5272,2026-08-31,17.149999618530273,17.600000381469727,17.0,17.350000381469727,45541
5274,2026-08-31,15630.0,16140.0,15010.0,16065.0,383159
5278,2026-08-31,24.399999618530273,24.649999618530273,24.100000381469727,24.399999618530273,56621
5287,2026-08-31,136.5,136.5,135.5,136.0,81366
5289,2026-08-31,1460.0,1480.0,1430.0,1450.0,1641811
5291,2026-08-31,67.69999694824219,71.80000305175781,66.5,69.5,2648162
5299,2026-08-31,98.0,98.30000305175781,96.9000015258789,97.0999984741211,235488
5301,2026-08-31,5.789999961853027,5.949999809265137,5.670000076293945,5.670000076293945,13200
5302,2026-08-31,10.699999809265137,10.699999809265137,10.199999809265137,10.25,294020
5309,2026-08-31,53.900001525878906,54.400001525878906,53.099998474121094,53.900001525878906,870075
5312,2026-08-31,92.0,92.0999984741211,91.80000305175781,92.0999984741211,18476
5314,2026-08-31,30.799999237060547,36.0,30.799999237060547,36.0,11853259
5315,2026-08-31,19.200000762939453,19.450000762939453,19.100000381469727,19.100000381469727,115458
5321,2026-08-31,83.4000015258789,88.0999984741211,78.0,86.69999694824219,1632755
5324,2026-08-31,12.25,12.300000190734863,12.100000381469727,12.300000190734863,272001
5328,2026-08-31,62.5,64.5,61.400001525878906,62.099998474121094,5342033
5340,2026-08-31,84.0,87.80000305175781,83.0,83.0999984741211,5919844
5344,2026-08-31,13.600000381469727,13.75,13.600000381469727,13.600000381469727,10338
5345,2026-08-31,22.399999618530273,22.450000762939453,22.399999618530273,22.399999618530273,9127
5347,2026-08-31,150.5,151.5,148.0,151.5,13432781
5348,2026-08-31,16.200000762939453,16.799999237060547,16.200000762939453,16.700000762939453,4038
5351,2026-08-31,114.0,119.5,113.5,118.0,12436696
5353,2026-08-31,28.399999618530273,28.399999618530273,27.899999618530273,28.0,18700
5355,2026-08-31,5.889999866485596,5.96999979019165,5.550000190734863,5.840000152587891,174005
5356,2026-08-31,26.049999237060547,26.25,25.899999618530273,26.25,34141
5364,2026-08-31,8.430000305175781,8.5600004196167,8.399999618530273,8.460000038146973,150101
5381,2026-08-31,26.75,27.299999237060547,26.200000762939453,26.600000381469727,692041
5386,2026-08-31,260.0,282.5,260.0,280.0,3862435
5392,2026-08-31,47.150001525878906,47.650001525878906,45.650001525878906,45.79999923706055,2427817
5398,2026-08-31,14.399999618530273,14.550000190734863,14.350000381469727,14.350000381469727,43558
5403,2026-08-31,93.0999984741211,93.0999984741211,92.19999694824219,93.0999984741211,63633
5410,2026-08-31,36.150001525878906,36.29999923706055,35.70000076293945,35.849998474121094,177740
5425,2026-08-31,94.9000015258789,96.30000305175781,93.19999694824219,94.80000305175781,10167695
5426,2026-08-31,28.350000381469727,31.450000762939453,27.600000381469727,30.600000381469727,3348591
5432,2026-08-31,154.0,157.5,153.0,157.0,285871
5438,2026-08-31,16.700000762939453,17.149999618530273,16.700000762939453,16.899999618530273,76070
5439,2026-08-31,265.0,279.5,262.0,267.5,7352225
5443,2026-08-31,112.0,115.5,108.0,113.0,3706371
5450,2026-08-31,14.699999809265137,14.899999618530273,14.649999618530273,14.649999618530273,62224
5452,2026-08-31,27.899999618530273,28.25,27.75,28.049999237060547,311368
5455,2026-08-31,29.850000381469727,30.399999618530273,29.850000381469727,30.399999618530273,5128
5457,2026-08-31,27.899999618530273,28.350000381469727,27.75,28.0,257062
5460,2026-08-31,16.0,16.100000381469727,15.800000190734863,15.850000381469727,166490
5464,2026-08-31,72.9000015258789,72.9000015258789,70.0,70.80000305175781,239207
5465,2026-08-31,24.100000381469727,24.350000381469727,24.049999237060547,24.350000381469727,29012
5468,2026-08-31,25.0,25.0,24.0,24.5,293895
5474,2026-08-31,155.0,155.0,150.5,150.5,77100
5475,2026-08-31,197.0,215.0,196.5,204.5,9199008
5478,2026-08-31,99.30000305175781,99.30000305175781,98.30000305175781,98.30000305175781,60001
5481,2026-08-31,20.649999618530273,20.850000381469727,20.5,20.799999237060547,161842
5483,2026-08-31,181.0,181.0,173.0,178.0,15734749
5487,2026-08-31,28.850000381469727,29.350000381469727,28.5,28.75,72340
5488,2026-08-31,12.050000190734863,12.050000190734863,11.600000381469727,11.850000381469727,452608
5489,2026-08-31,41.150001525878906,41.650001525878906,41.0,41.150001525878906,35005
5490,2026-08-31,28.0,28.149999618530273,27.600000381469727,27.600000381469727,577094
5493,2026-08-31,89.0999984741211,89.5,85.80000305175781,86.30000305175781,381517
5498,2026-08-31,56.400001525878906,61.29999923706055,55.5,56.20000076293945,7785115
5508,2026-08-31,53.0,53.400001525878906,52.70000076293945,52.900001525878906,157646
5512,2026-08-31,7.739999771118164,7.760000228881836,7.710000038146973,7.730000019073486,476863
5511,2026-08-31,71.5,71.5,70.9000015258789,70.9000015258789,124127
5514,2026-08-31,14.550000190734863,15.0,14.399999618530273,14.75,281024
5516,2026-08-31,11.899999618530273,12.0,11.649999618530273,12.0,20853
5520,2026-08-31,83.19999694824219,83.19999694824219,83.0999984741211,83.0999984741211,23028
5529,2026-08-31,22.450000762939453,22.450000762939453,21.899999618530273,22.25,97470
5530,2026-08-31,51.29999923706055,51.5,50.20000076293945,50.5,290109
5536,2026-08-31,880.0,898.0,850.0,864.0,797715
5543,2026-08-31,29.899999618530273,30.0,28.0,30.0,43010
5547,2026-08-31,19.850000381469727,19.850000381469727,19.649999618530273,19.649999618530273,36000
5548,2026-08-31,20.600000381469727,20.75,20.600000381469727,20.600000381469727,9143
5603,2026-08-31,14.199999809265137,14.300000190734863,14.050000190734863,14.100000381469727,81396
5604,2026-08-31,30.75,30.950000762939453,30.75,30.850000381469727,32092
5609,2026-08-31,77.9000015258789,78.5,77.5999984741211,78.0,78351
5701,2026-08-31,4.25,4.389999866485596,4.010000228881836,4.389999866485596,179887
5864,2026-08-31,35.599998474121094,35.849998474121094,34.79999923706055,35.75,2692231
5903,2026-08-31,184.0,185.0,184.0,185.0,12397
5904,2026-08-31,74.19999694824219,75.0,73.69999694824219,75.0,5491500
5905,2026-08-31,7.789999961853027,7.860000133514404,7.71999979019165,7.800000190734863,348895
6015,2026-08-31,16.149999618530273,16.200000762939453,15.800000190734863,16.200000762939453,1599780
6016,2026-08-31,20.899999618530273,21.25,20.549999237060547,21.200000762939453,3738281
6020,2026-08-31,20.850000381469727,20.850000381469727,20.700000762939453,20.700000762939453,10185
6021,2026-08-31,39.0,39.0,38.45000076293945,38.650001525878906,154079
6023,2026-08-31,82.19999694824219,87.0999984741211,82.0,87.0999984741211,1217707
6026,2026-08-31,15.050000190734863,15.050000190734863,14.850000381469727,15.0,839562
6101,2026-08-31,37.599998474121094,38.400001525878906,37.5,38.400001525878906,101071
6103,2026-08-31,47.0,47.0,43.150001525878906,44.5,89683
6104,2026-08-31,99.30000305175781,99.4000015258789,97.0,97.19999694824219,643951
6109,2026-08-31,11.0,11.0,10.850000381469727,10.899999618530273,62203
6111,2026-08-31,36.75,38.400001525878906,36.650001525878906,38.0,328100
6113,2026-08-31,23.0,23.0,22.75,22.799999237060547,82777
6114,2026-08-31,25.399999618530273,25.399999618530273,24.950000762939453,25.399999618530273,8060
6118,2026-08-31,15.300000190734863,15.449999809265137,15.199999809265137,15.300000190734863,35633
6121,2026-08-31,404.5,408.0,401.5,404.0,400949
6122,2026-08-31,48.5,48.5,47.79999923706055,48.0,109994
6123,2026-08-31,43.29999923706055,43.599998474121094,43.29999923706055,43.5,10484
6124,2026-08-31,26.700000762939453,27.100000381469727,26.5,26.899999618530273,24696
6125,2026-08-31,52.20000076293945,52.20000076293945,50.20000076293945,50.5,921166
6126,2026-08-31,30.0,30.100000381469727,29.700000762939453,29.950000762939453,233740
6127,2026-08-31,50.900001525878906,52.0,47.849998474121094,48.400001525878906,3007904
6129,2026-08-31,13.25,13.350000381469727,13.050000190734863,13.100000381469727,756873
6130,2026-08-31,26.950000762939453,27.350000381469727,26.549999237060547,26.799999237060547,79110
6138,2026-08-31,291.5,294.0,283.5,292.0,627050
6134,2026-08-31,28.899999618530273,29.450000762939453,28.450000762939453,28.649999618530273,238833
6140,2026-08-31,17.100000381469727,17.200000762939453,16.950000762939453,17.0,39283
6143,2026-08-31,89.30000305175781,89.30000305175781,88.5,88.5999984741211,203757
6144,2026-08-31,13.100000381469727,13.550000190734863,13.100000381469727,13.550000190734863,17004
6146,2026-08-31,192.0,193.0,191.0,192.5,143075
6147,2026-08-31,176.0,177.5,171.5,175.5,21149926
6148,2026-08-31,27.75,28.299999237060547,27.75,28.0,40483
6150,2026-08-31,60.900001525878906,61.29999923706055,60.5,60.5,85945
6151,2026-08-31,36.0,36.29999923706055,35.70000076293945,35.70000076293945,94866
6154,2026-08-31,14.100000381469727,14.100000381469727,14.0,14.050000190734863,8981
6156,2026-08-31,21.350000381469727,21.5,20.950000762939453,21.299999237060547,521190
6158,2026-08-31,16.5,16.600000381469727,16.5,16.600000381469727,37112
6160,2026-08-31,14.899999618530273,15.100000381469727,14.899999618530273,15.0,36311
6161,2026-08-31,50.599998474121094,50.599998474121094,49.29999923706055,49.54999923706055,77726
6163,2026-08-31,42.25,42.75,41.900001525878906,42.0,419602
6167,2026-08-31,10.600000381469727,10.649999618530273,10.399999618530273,10.5,538833
6169,2026-08-31,12.399999618530273,12.649999618530273,12.399999618530273,12.399999618530273,10008
6170,2026-08-31,48.650001525878906,48.650001525878906,48.0,48.150001525878906,82691
6171,2026-08-31,26.799999237060547,26.799999237060547,26.299999237060547,26.450000762939453,55085
6173,2026-08-31,242.5,259.5,235.5,246.0,28593721
6174,2026-08-31,45.150001525878906,45.95000076293945,44.849998474121094,45.25,418007
6175,2026-08-31,75.19999694824219,77.19999694824219,72.4000015258789,73.5,1065090
6179,2026-08-31,30.399999618530273,32.95000076293945,29.649999618530273,30.5,11098876
6180,2026-08-31,42.349998474121094,42.5,41.20000076293945,41.20000076293945,443642
6182,2026-08-31,108.0,108.5,104.0,105.5,28920079
6185,2026-08-31,12.699999809265137,12.949999809265137,12.699999809265137,12.949999809265137,344675
6186,2026-08-31,32.5,32.5,32.0,32.0,818216
6187,2026-08-31,1335.0,1380.0,1280.0,1345.0,2809886
6188,2026-08-31,68.5,68.5,67.19999694824219,67.19999694824219,791485
6190,2026-08-31,69.80000305175781,71.19999694824219,69.5999984741211,70.5999984741211,1718362
6194,2026-08-31,29.75,29.799999237060547,29.700000762939453,29.799999237060547,31018
6195,2026-08-31,27.799999237060547,28.299999237060547,27.799999237060547,28.299999237060547,8428
6199,2026-08-31,93.30000305175781,93.30000305175781,91.80000305175781,92.80000305175781,412270
6203,2026-08-31,59.599998474121094,59.79999923706055,59.5,59.79999923706055,61074
6204,2026-08-31,88.4000015258789,88.4000015258789,84.0,84.0,228310
6207,2026-08-31,108.5,111.5,104.0,105.5,2565163
6208,2026-08-31,82.19999694824219,82.30000305175781,81.0,81.69999694824219,160347
6210,2026-08-31,18.0,18.049999237060547,17.5,18.0,13056
6217,2026-08-31,172.0,176.0,163.5,172.5,3310673
6218,2026-08-31,41.099998474121094,42.79999923706055,39.849998474121094,40.5,1417106
6219,2026-08-31,12.100000381469727,12.100000381469727,12.0,12.100000381469727,31669
6221,2026-08-31,21.700000762939453,22.0,21.600000381469727,21.649999618530273,67721
6222,2026-08-31,20.049999237060547,20.049999237060547,19.899999618530273,19.899999618530273,6000
6220,2026-08-31,25.600000381469727,26.049999237060547,25.600000381469727,25.950000762939453,88330
6223,2026-08-31,4930.0,5130.0,4870.0,5130.0,1228864
6227,2026-08-31,112.5,113.0,108.0,111.0,730798
6229,2026-08-31,24.0,24.100000381469727,23.600000381469727,23.950000762939453,18744
6231,2026-08-31,219.5,219.5,214.5,217.0,177409
6233,2026-08-31,21.75,21.75,21.200000762939453,21.450000762939453,223772
6234,2026-08-31,36.79999923706055,37.099998474121094,35.5,35.79999923706055,167983
6240,2026-08-31,23.0,25.299999237060547,22.299999237060547,25.299999237060547,115373
6237,2026-08-31,35.0,35.54999923706055,34.54999923706055,34.650001525878906,111214
6241,2026-08-31,17.899999618530273,17.899999618530273,16.850000381469727,17.049999237060547,155946
6244,2026-08-31,24.299999237060547,24.450000762939453,23.850000381469727,24.049999237060547,1448884
6245,2026-08-31,83.0,83.0,81.30000305175781,81.80000305175781,961851
6246,2026-08-31,12.25,12.25,12.199999809265137,12.199999809265137,8003
6248,2026-08-31,17.100000381469727,17.100000381469727,17.0,17.049999237060547,33780
6259,2026-08-31,31.450000762939453,32.54999923706055,30.299999237060547,30.399999618530273,414398
6261,2026-08-31,79.19999694824219,79.69999694824219,77.0999984741211,78.0,309290
6263,2026-08-31,164.5,165.5,162.5,164.0,80588
6264,2026-08-31,6.010000228881836,6.079999923706055,5.980000019073486,6.079999923706055,6522
6265,2026-08-31,57.0,58.599998474121094,56.599998474121094,57.400001525878906,2958794
6270,2026-08-31,29.799999237060547,29.950000762939453,29.350000381469727,29.649999618530273,123661
6266,2026-08-31,24.950000762939453,24.950000762939453,24.700000762939453,24.850000381469727,84230
6274,2026-08-31,1435.0,1485.0,1385.0,1435.0,7560608
6275,2026-08-31,45.650001525878906,47.20000076293945,45.0,46.29999923706055,455516
6276,2026-08-31,20.299999237060547,20.649999618530273,20.0,20.100000381469727,18227
6279,2026-08-31,127.0,127.0,125.0,125.5,504664
6284,2026-08-31,80.30000305175781,82.19999694824219,77.5,77.5999984741211,1419148
6290,2026-08-31,247.0,259.0,245.5,253.5,5470316
6292,2026-08-31,62.900001525878906,62.900001525878906,61.20000076293945,62.20000076293945,108435
6291,2026-08-31,391.0,407.0,388.0,405.0,554053
6294,2026-08-31,28.700000762939453,28.75,28.700000762939453,28.75,3116
6411,2026-08-31,79.80000305175781,80.0999984741211,78.69999694824219,79.80000305175781,213907
6417,2026-08-31,105.5,107.0,105.5,106.0,34266
6418,2026-08-31,37.099998474121094,38.599998474121094,34.20000076293945,34.349998474121094,465817
6419,2026-08-31,154.0,156.5,151.0,154.5,177179
6423,2026-08-31,80.80000305175781,81.0999984741211,80.0,81.0999984741211,12603
6425,2026-08-31,64.5999984741211,68.0,64.0999984741211,67.80000305175781,1204712
6432,2026-08-31,65.0999984741211,67.0,62.0,62.599998474121094,528667
6435,2026-08-31,255.5,256.0,243.0,244.0,716200
6441,2026-08-31,21.25,21.25,20.5,21.25,38267
6461,2026-08-31,16.299999237060547,17.399999618530273,16.149999618530273,16.549999237060547,207483
6462,2026-08-31,101.0,101.0,99.30000305175781,99.9000015258789,239072
6465,2026-08-31,48.400001525878906,48.599998474121094,47.599998474121094,48.45000076293945,152833
6470,2026-08-31,41.599998474121094,41.599998474121094,41.099998474121094,41.5,33047
6469,2026-08-31,68.4000015258789,68.4000015258789,67.5,68.19999694824219,469412
6474,2026-08-31,37.5,37.5,36.45000076293945,36.5,82844
6482,2026-08-31,24.799999237060547,25.549999237060547,24.700000762939453,24.850000381469727,24043
6485,2026-08-31,62.900001525878906,63.400001525878906,60.900001525878906,62.29999923706055,236952
6486,2026-08-31,77.4000015258789,77.9000015258789,76.69999694824219,77.80000305175781,59841
6488,2026-08-31,951.0,953.0,875.0,912.0,12053090
6492,2026-08-31,34.95000076293945,34.95000076293945,34.04999923706055,34.5,375308
6494,2026-08-31,54.0,54.79999923706055,53.70000076293945,53.79999923706055,65155
6496,2026-08-31,24.950000762939453,25.100000381469727,23.899999618530273,24.299999237060547,23879
6498,2026-08-31,74.5,75.19999694824219,73.80000305175781,74.4000015258789,69271
6499,2026-08-31,75.30000305175781,78.69999694824219,75.30000305175781,77.5,1137036
6506,2026-08-31,17.799999237060547,17.899999618530273,17.600000381469727,17.899999618530273,26179
6508,2026-08-31,25.799999237060547,26.399999618530273,25.75,25.899999618530273,27449
6509,2026-08-31,45.900001525878906,46.25,45.29999923706055,45.95000076293945,813252
6510,2026-08-31,2680.0,2920.0,2605.0,2845.0,950312
6512,2026-08-31,20.200000762939453,20.600000381469727,20.149999618530273,20.600000381469727,3831
6516,2026-08-31,59.400001525878906,59.400001525878906,57.5,57.900001525878906,21466
6517,2026-08-31,70.80000305175781,73.0,70.80000305175781,70.80000305175781,611564
6523,2026-08-31,89.80000305175781,89.80000305175781,89.5,89.69999694824219,17155
6527,2026-08-31,74.5,74.69999694824219,74.30000305175781,74.5,7050
6530,2026-08-31,86.5999984741211,89.30000305175781,85.0999984741211,88.0999984741211,1190097
6532,2026-08-31,89.0999984741211,96.19999694824219,89.0999984741211,95.30000305175781,1493818
6535,2026-08-31,78.0,80.19999694824219,74.80000305175781,74.80000305175781,2026057
6538,2026-08-31,197.5,215.0,197.5,205.5,3020444
6546,2026-08-31,63.400001525878906,64.0,62.599998474121094,62.900001525878906,115506
6547,2026-08-31,65.0,65.9000015258789,62.79999923706055,63.900001525878906,6886594
6548,2026-08-31,72.80000305175781,73.0,70.30000305175781,71.4000015258789,2455665
6556,2026-08-31,61.0,61.0,60.0,60.5,11050
6560,2026-08-31,30.5,31.0,30.299999237060547,31.0,12230
6561,2026-08-31,320.0,323.5,319.5,321.0,33598
6568,2026-08-31,131.0,131.0,128.0,129.0,43216
6569,2026-08-31,92.19999694824219,92.19999694824219,91.30000305175781,91.5,36715
6570,2026-08-31,51.70000076293945,51.900001525878906,50.099998474121094,50.400001525878906,119599
6574,2026-08-31,120.5,121.5,120.0,121.5,19916
6576,2026-08-31,80.5,81.4000015258789,80.0999984741211,81.19999694824219,114033
6578,2026-08-31,18.0,18.049999237060547,17.75,18.049999237060547,9001
6577,2026-08-31,80.0,80.69999694824219,78.0,80.69999694824219,97012
6584,2026-08-31,682.0,694.0,614.0,629.0,4265615
6588,2026-08-31,110.0,114.0,105.0,110.5,2215275
6590,2026-08-31,64.5,64.5,64.0,64.0,6397
6593,2026-08-31,32.349998474121094,32.849998474121094,32.349998474121094,32.849998474121094,27814
6596,2026-08-31,96.4000015258789,97.0999984741211,96.30000305175781,96.30000305175781,92145
6603,2026-08-31,25.899999618530273,25.950000762939453,25.200000762939453,25.399999618530273,1030633
6609,2026-08-31,39.150001525878906,39.95000076293945,39.150001525878906,39.599998474121094,79752
6612,2026-08-31,72.80000305175781,72.80000305175781,71.19999694824219,71.5,30514
6613,2026-08-31,280.5,289.5,271.5,278.5,2586801
6615,2026-08-31,34.5,34.5,34.45000076293945,34.45000076293945,6264
6616,2026-08-31,8.050000190734863,8.149999618530273,7.849999904632568,8.140000343322754,55022
6617,2026-08-31,123.0,123.0,118.5,120.5,746326
6620,2026-08-31,92.9000015258789,92.9000015258789,92.9000015258789,92.9000015258789,658365
6629,2026-08-31,107.0,108.5,107.0,108.5,5003
6637,2026-08-31,57.20000076293945,57.20000076293945,56.0,56.099998474121094,52705
6640,2026-08-31,1030.0,1165.0,1030.0,1140.0,659726
6642,2026-08-31,83.30000305175781,83.30000305175781,80.0999984741211,80.5999984741211,160756
6643,2026-08-31,428.0,432.0,411.5,411.5,1243529
6649,2026-08-31,34.400001525878906,35.04999923706055,34.400001525878906,34.900001525878906,20001
6651,2026-08-31,148.0,150.5,147.0,148.5,135663
6654,2026-08-31,177.0,194.0,177.0,194.0,109944
6661,2026-08-31,16.899999618530273,17.100000381469727,16.399999618530273,17.100000381469727,4021
6662,2026-08-31,29.049999237060547,29.600000381469727,29.0,29.600000381469727,5000
6664,2026-08-31,357.0,357.0,342.5,347.5,456496
6667,2026-08-31,226.5,226.5,216.0,217.5,211068
6679,2026-08-31,206.0,207.5,200.0,200.5,203697
6680,2026-08-31,51.900001525878906,52.0,51.900001525878906,52.0,5029
6683,2026-08-31,1180.0,1225.0,1140.0,1210.0,567480
6684,2026-08-31,46.599998474121094,46.599998474121094,46.29999923706055,46.54999923706055,40965
6690,2026-08-31,164.5,165.0,164.0,164.5,16975
6692,2026-08-31,23.799999237060547,24.299999237060547,23.700000762939453,24.299999237060547,7500
6693,2026-08-31,175.5,179.0,170.5,176.5,954512
6697,2026-08-31,40.54999923706055,41.0,40.349998474121094,40.400001525878906,20058
6703,2026-08-31,103.0,103.0,102.5,103.0,19431
6708,2026-08-31,38.099998474121094,38.099998474121094,36.54999923706055,37.599998474121094,23264
6712,2026-08-31,162.0,162.0,157.0,157.0,347643
6716,2026-08-31,127.5,127.5,120.0,124.0,461848
6720,2026-08-31,133.5,133.5,132.0,132.5,8110
6721,2026-08-31,52.400001525878906,52.400001525878906,52.0,52.0,5697
6727,2026-08-31,531.0,563.0,520.0,524.0,2297521
6725,2026-08-31,226.5,229.5,220.0,222.0,92154
6728,2026-08-31,108.5,109.0,108.0,109.0,11173
6730,2026-08-31,33.0,33.0,33.0,33.0,5011
6732,2026-08-31,152.5,154.5,151.0,151.5,116726
6733,2026-08-31,27.5,27.799999237060547,26.200000762939453,26.799999237060547,108291
6735,2026-08-31,63.900001525878906,63.900001525878906,61.900001525878906,63.79999923706055,108989
6739,2026-08-31,1120.0,1200.0,1110.0,1180.0,289727
6741,2026-08-31,58.79999923706055,61.0,58.79999923706055,60.79999923706055,225477
6752,2026-08-31,93.0999984741211,97.0,93.0999984741211,97.0,9057
6761,2026-08-31,188.0,190.5,186.0,189.0,292181
6763,2026-08-31,41.849998474121094,42.0,41.5,41.54999923706055,133145
6785,2026-08-31,94.0999984741211,95.30000305175781,93.0,94.69999694824219,65933
6788,2026-08-31,364.5,364.5,353.0,361.0,301941
6791,2026-08-31,100.0,100.0,99.80000305175781,100.0,11745
6803,2026-08-31,269.0,271.0,269.0,270.5,42808
6804,2026-08-31,18.700000762939453,18.700000762939453,18.399999618530273,18.450000762939453,41164
6811,2026-08-31,224.0,226.0,222.5,223.5,73512
6821,2026-08-31,42.0,42.849998474121094,41.29999923706055,41.54999923706055,70997
6823,2026-08-31,61.0,63.099998474121094,60.0,62.20000076293945,160184
6829,2026-08-31,235.5,256.5,234.5,245.0,1399741
6840,2026-08-31,97.69999694824219,97.69999694824219,92.19999694824219,94.0,407192
6841,2026-08-31,53.900001525878906,54.099998474121094,53.29999923706055,53.400001525878906,133692
6843,2026-08-31,39.25,39.25,38.54999923706055,39.04999923706055,7000
6844,2026-08-31,59.79999923706055,60.29999923706055,59.599998474121094,60.29999923706055,25000
6846,2026-08-31,59.099998474121094,59.099998474121094,57.0,57.70000076293945,9010
6855,2026-08-31,115.5,116.0,115.5,116.0,8055
6859,2026-08-31,106.0,111.5,106.0,111.0,95306
6865,2026-08-31,25.0,26.700000762939453,25.0,26.700000762939453,5029
6870,2026-08-31,251.5,256.5,250.5,252.0,23282
6872,2026-08-31,14.050000190734863,14.149999618530273,14.0,14.149999618530273,38220
6874,2026-08-31,83.30000305175781,83.30000305175781,82.19999694824219,82.9000015258789,23830
6877,2026-08-31,116.5,116.5,112.5,113.5,46923
6875,2026-08-31,32.5,33.0,32.04999923706055,33.0,52000
6881,2026-08-31,220.0,220.0,216.0,216.0,4537
6884,2026-08-31,30.200000762939453,30.200000762939453,30.200000762939453,30.200000762939453,5005
6894,2026-08-31,357.0,374.0,353.0,354.0,203046
6895,2026-08-31,151.5,163.5,151.5,163.5,341260
6899,2026-08-31,50.0,50.70000076293945,50.0,50.0,15059
6903,2026-08-31,315.5,315.5,309.0,313.0,176784
6907,2026-08-31,181.5,188.0,180.0,184.0,888423
6910,2026-08-31,24.549999237060547,24.600000381469727,24.450000762939453,24.600000381469727,8000
6913,2026-08-31,159.0,169.0,156.5,166.0,2416745
6922,2026-08-31,207.5,212.5,205.5,207.0,174530
6925,2026-08-31,50.099998474121094,50.099998474121094,49.5,49.599998474121094,25423
6929,2026-08-31,21.899999618530273,22.399999618530273,21.899999618530273,22.350000381469727,3151
6945,2026-08-31,105.0,105.5,98.0,98.30000305175781,471892
6953,2026-08-31,242.0,242.0,231.0,234.0,31221
6961,2026-08-31,50.5,50.79999923706055,50.400001525878906,50.79999923706055,46371
6967,2026-08-31,74.0,74.0,72.30000305175781,73.0,33390
6968,2026-08-31,41.400001525878906,42.0,41.29999923706055,41.95000076293945,30531
6971,2026-08-31,26.25,26.299999237060547,26.049999237060547,26.049999237060547,36104
6982,2026-08-31,47.900001525878906,48.0,47.45000076293945,47.599998474121094,10000
6983,2026-08-31,359.5,360.0,332.5,348.0,69676
6986,2026-08-31,40.79999923706055,43.5,40.79999923706055,42.900001525878906,65200
6996,2026-08-31,178.5,178.5,177.5,177.5,31713
6997,2026-08-31,68.0,68.0,68.0,68.0,7000
7402,2026-08-31,112.0,113.0,109.5,109.5,522141
7556,2026-08-31,253.0,257.5,248.5,248.5,39009
7584,2026-08-31,26.25,26.25,26.0,26.0,2040
7703,2026-08-31,179.5,182.0,177.0,179.0,40140
7704,2026-08-31,62.599998474121094,63.0,62.400001525878906,62.599998474121094,16003
7708,2026-08-31,92.0999984741211,92.0999984741211,92.0,92.0,2410
7709,2026-08-31,68.80000305175781,71.0999984741211,68.80000305175781,70.4000015258789,21313
7712,2026-08-31,159.5,159.5,149.0,152.5,385191
7714,2026-08-31,174.0,175.5,168.5,169.0,236728
7715,2026-08-31,29.649999618530273,30.100000381469727,28.600000381469727,29.600000381469727,376999
7718,2026-08-31,47.150001525878906,47.29999923706055,47.150001525878906,47.150001525878906,14000
7717,2026-08-31,443.5,460.0,413.0,427.0,338807
7723,2026-08-31,19.600000381469727,19.600000381469727,19.200000762939453,19.200000762939453,39818
7728,2026-08-31,642.0,642.0,627.0,632.0,15707
7734,2026-08-31,2965.0,3015.0,2770.0,2825.0,352338
7744,2026-08-31,512.0,512.0,491.5,503.0,117540
7743,2026-08-31,21.0,21.350000381469727,21.0,21.0,22000
7747,2026-08-31,113.0,113.5,113.0,113.5,2079
7751,2026-08-31,1790.0,1790.0,1615.0,1615.0,1368215
7753,2026-08-31,37.650001525878906,37.95000076293945,36.0,36.29999923706055,107000
7757,2026-08-31,88.69999694824219,88.69999694824219,88.4000015258789,88.4000015258789,8319
7767,2026-08-31,44.599998474121094,44.599998474121094,44.599998474121094,44.599998474121094,4000
7770,2026-08-31,36.099998474121094,36.400001525878906,35.150001525878906,36.20000076293945,26079
7772,2026-08-31,92.0,92.4000015258789,87.69999694824219,88.5,70796
7777,2026-08-31,40.54999923706055,41.45000076293945,40.150001525878906,40.599998474121094,3122019
7782,2026-08-31,26.0,26.0,25.649999618530273,26.0,8000
7792,2026-08-31,305.0,312.0,296.5,301.0,321748
7794,2026-08-31,28.799999237060547,28.799999237060547,28.700000762939453,28.799999237060547,11000
7805,2026-08-31,513.0,513.0,508.0,508.0,53835
7810,2026-08-31,223.0,236.0,223.0,226.0,257315
7811,2026-08-31,72.5,72.5,72.5,72.5,1000
7814,2026-08-31,29.299999237060547,30.0,29.299999237060547,29.950000762939453,22202
7819,2026-08-31,34.5,34.900001525878906,34.5,34.599998474121094,61222
7820,2026-08-31,120.0,122.0,118.0,122.0,16008
7828,2026-08-31,1785.0,1920.0,1750.0,1765.0,505585
7839,2026-08-31,44.650001525878906,44.650001525878906,43.0,44.5,16000
7842,2026-08-31,101.0,101.0,97.0999984741211,99.5999984741211,30045
8024,2026-08-31,13.550000190734863,13.550000190734863,12.699999809265137,13.149999618530273,18166
8027,2026-08-31,182.5,183.0,173.0,179.5,2311062
8032,2026-08-31,36.349998474121094,36.599998474121094,36.099998474121094,36.599998474121094,10119
8034,2026-08-31,20.0,20.049999237060547,19.5,19.75,65318
8038,2026-08-31,31.899999618530273,31.899999618530273,30.700000762939453,31.5,159300
8040,2026-08-31,71.0,71.0,68.4000015258789,68.5999984741211,484444
8042,2026-08-31,107.0,115.0,100.5,105.0,5652413
8043,2026-08-31,144.5,150.5,138.0,142.5,4690884
8044,2026-08-31,24.350000381469727,24.549999237060547,24.149999618530273,24.149999618530273,239307
8048,2026-08-31,51.900001525878906,52.0,51.0,51.79999923706055,69177
8049,2026-08-31,24.399999618530273,24.549999237060547,24.399999618530273,24.549999237060547,74333
8050,2026-08-31,56.5,56.900001525878906,56.0,56.099998474121094,805997
8054,2026-08-31,83.5,84.9000015258789,82.30000305175781,82.9000015258789,577945
8059,2026-08-31,13.699999809265137,13.899999618530273,13.300000190734863,13.449999809265137,143932
8064,2026-08-31,103.0,103.0,97.9000015258789,100.0,1710056
8066,2026-08-31,14.600000381469727,14.649999618530273,14.600000381469727,14.600000381469727,7570
8067,2026-08-31,12.449999809265137,12.449999809265137,11.949999809265137,12.0,17081
8068,2026-08-31,17.049999237060547,17.049999237060547,16.700000762939453,16.899999618530273,70447
8069,2026-08-31,159.5,159.5,153.0,156.5,12419157
8071,2026-08-31,24.5,24.549999237060547,23.899999618530273,24.049999237060547,336606
8074,2026-08-31,57.70000076293945,58.0,55.599998474121094,55.900001525878906,549816
8076,2026-08-31,23.25,23.399999618530273,23.049999237060547,23.200000762939453,498805
8077,2026-08-31,44.650001525878906,44.650001525878906,42.900001525878906,44.400001525878906,4000
8080,2026-08-31,28.5,29.0,28.0,29.0,38152
8083,2026-08-31,158.5,159.0,157.5,158.5,69536
8084,2026-08-31,46.0,46.25,44.849998474121094,46.0,177175
8085,2026-08-31,15.550000190734863,16.5,15.449999809265137,15.850000381469727,817539
8086,2026-08-31,118.0,122.5,116.5,118.0,6140749
8087,2026-08-31,27.25,27.25,26.0,27.0,17214
8088,2026-08-31,45.79999923706055,46.20000076293945,45.0,45.25,391265
8089,2026-08-31,17.700000762939453,17.899999618530273,17.450000762939453,17.700000762939453,97262
8091,2026-08-31,221.0,226.0,214.0,217.5,328396
8092,2026-08-31,13.300000190734863,13.449999809265137,12.899999618530273,13.0,36335
8093,2026-08-31,27.5,28.450000762939453,27.5,28.049999237060547,47549
8096,2026-08-31,108.0,111.5,107.0,109.0,1513049
8097,2026-08-31,49.04999923706055,49.349998474121094,47.95000076293945,49.20000076293945,128060
8099,2026-08-31,62.099998474121094,62.79999923706055,61.29999923706055,61.5,287563
8107,2026-08-31,12.550000190734863,12.550000190734863,12.399999618530273,12.550000190734863,26024
8109,2026-08-31,129.5,130.0,128.0,129.0,183744
8111,2026-08-31,62.400001525878906,68.5999984741211,62.20000076293945,68.5999984741211,13495882
8121,2026-08-31,28.549999237060547,29.5,27.600000381469727,27.899999618530273,695995
8147,2026-08-31,122.0,132.0,122.0,131.0,330172
8155,2026-08-31,367.0,375.0,357.5,365.0,1054998
8176,2026-08-31,9.8100004196167,9.880000114440918,9.8100004196167,9.880000114440918,61883
8171,2026-08-31,20.200000762939453,20.5,19.950000762939453,20.299999237060547,187705
8182,2026-08-31,40.75,41.099998474121094,39.79999923706055,40.150001525878906,481598
8183,2026-08-31,30.049999237060547,30.049999237060547,28.950000762939453,28.950000762939453,240049
8227,2026-08-31,159.0,160.0,156.0,156.5,422214
8234,2026-08-31,67.5999984741211,68.80000305175781,67.0,68.0999984741211,326592
8240,2026-08-31,44.900001525878906,48.5,44.29999923706055,47.5,880740
8255,2026-08-31,148.0,149.0,146.0,147.5,309714
8272,2026-08-31,62.70000076293945,62.70000076293945,62.400001525878906,62.5,8212
8277,2026-08-31,7.860000133514404,8.180000305175781,7.800000190734863,8.039999961853027,147665
8279,2026-08-31,80.5,80.5,79.5,80.0,22238
8284,2026-08-31,67.0,67.0,66.5999984741211,66.80000305175781,10409
8289,2026-08-31,46.349998474121094,46.599998474121094,45.04999923706055,45.5,232540
8291,2026-08-31,33.25,37.400001525878906,33.25,34.04999923706055,3531
8299,2026-08-31,2130.0,2185.0,2110.0,2165.0,17102213
8349,2026-08-31,39.0,39.5,38.5,39.099998474121094,72103
8354,2026-08-31,17.149999618530273,17.299999237060547,17.149999618530273,17.200000762939453,33150
8358,2026-08-31,538.0,549.0,515.0,540.0,49787794
8390,2026-08-31,99.5,99.9000015258789,98.80000305175781,99.19999694824219,317504
8383,2026-08-31,66.0999984741211,67.19999694824219,65.0,66.0,993204
8401,2026-08-31,22.799999237060547,22.899999618530273,22.75,22.75,26736
8403,2026-08-31,19.0,19.100000381469727,19.0,19.100000381469727,36529
8409,2026-08-31,17.799999237060547,18.0,17.799999237060547,18.0,4005
8410,2026-08-31,30.549999237060547,30.549999237060547,30.299999237060547,30.450000762939453,7000
8415,2026-08-31,36.54999923706055,37.150001525878906,36.5,36.75,969411
8416,2026-08-31,168.0,169.0,168.0,169.0,3243
8421,2026-08-31,13.600000381469727,13.75,13.600000381469727,13.649999618530273,40402
8423,2026-08-31,17.850000381469727,17.850000381469727,17.799999237060547,17.850000381469727,7833
8424,2026-08-31,68.69999694824219,68.80000305175781,68.69999694824219,68.80000305175781,4097
8426,2026-08-31,20.850000381469727,21.049999237060547,20.850000381469727,21.049999237060547,4149
8431,2026-08-31,51.0,55.5,50.900001525878906,53.599998474121094,1224296
8432,2026-08-31,50.900001525878906,50.900001525878906,50.400001525878906,50.400001525878906,7155
8433,2026-08-31,55.5,55.5,55.5,55.5,6187
8435,2026-08-31,53.5,53.5,53.5,53.5,20239
8436,2026-08-31,125.0,126.5,125.0,126.0,839434
8437,2026-08-31,9.34000015258789,9.34000015258789,9.289999961853027,9.289999961853027,3046
8440,2026-08-31,20.5,20.549999237060547,20.299999237060547,20.350000381469727,22343
8446,2026-08-31,85.4000015258789,85.69999694824219,85.0,85.19999694824219,49506
8450,2026-08-31,14.75,14.75,14.5,14.550000190734863,23299
8455,2026-08-31,22.700000762939453,23.399999618530273,22.700000762939453,22.700000762939453,7000
8472,2026-08-31,65.30000305175781,66.9000015258789,64.0,65.0,12011
8477,2026-08-31,15.5,15.5,15.300000190734863,15.350000381469727,12170
8489,2026-08-31,22.350000381469727,22.450000762939453,22.049999237060547,22.399999618530273,15898
8906,2026-08-31,28.350000381469727,28.399999618530273,28.0,28.200000762939453,25761
8908,2026-08-31,40.349998474121094,40.650001525878906,40.099998474121094,40.54999923706055,28676
8916,2026-08-31,41.25,41.29999923706055,41.0,41.0,60429
8917,2026-08-31,52.400001525878906,52.5,52.400001525878906,52.5,5000
8921,2026-08-31,16.25,17.049999237060547,16.25,17.049999237060547,5042
8924,2026-08-31,50.20000076293945,50.29999923706055,50.099998474121094,50.29999923706055,43160
8927,2026-08-31,19.799999237060547,20.149999618530273,19.549999237060547,19.649999618530273,67593
8929,2026-08-31,13.399999618530273,13.399999618530273,13.25,13.25,7784
8930,2026-08-31,30.100000381469727,30.799999237060547,29.75,30.649999618530273,45092
8931,2026-08-31,41.29999923706055,41.349998474121094,41.0,41.349998474121094,91229
8932,2026-08-31,94.30000305175781,96.0,91.30000305175781,96.0,3819911
8933,2026-08-31,4.679999828338623,4.829999923706055,4.599999904632568,4.679999828338623,56660
8935,2026-08-31,18.100000381469727,18.25,17.950000762939453,18.100000381469727,69524
8936,2026-08-31,50.900001525878906,51.099998474121094,50.5,50.70000076293945,709124
8937,2026-08-31,28.200000762939453,30.5,28.0,29.950000762939453,412321
8938,2026-08-31,51.099998474121094,51.099998474121094,50.29999923706055,50.599998474121094,255726
8941,2026-08-31,44.0,44.0,44.0,44.0,1063
8942,2026-08-31,42.70000076293945,42.79999923706055,42.0,42.150001525878906,204614
9949,2026-08-31,24.600000381469727,25.0,24.200000762939453,24.200000762939453,41555
9950,2026-08-31,10.199999809265137,10.350000381469727,10.149999618530273,10.350000381469727,35110
9951,2026-08-31,54.20000076293945,54.20000076293945,53.900001525878906,54.0,53105
9960,2026-08-31,29.100000381469727,30.25,29.100000381469727,30.25,10664
00929,2026-08-31,28.8799991607666,29.15999984741211,28.739999771118164,29.149999618530273,26696947
7689,2026-08-31,176.0,176.0,171.0,174.5,80065
2237,2026-08-31,28.100000381469727,28.100000381469727,27.799999237060547,27.899999618530273,111913
7855,2026-08-31,43.29999923706055,43.29999923706055,43.099998474121094,43.099998474121094,1036714
4439,2026-08-31,97.0,99.0,96.30000305175781,99.0,24304
5906,2026-08-31,37.0,38.0,37.0,38.0,2002
6722,2026-08-31,32.70000076293945,32.70000076293945,32.70000076293945,32.70000076293945,1020
7823,2026-08-31,83.30000305175781,83.30000305175781,82.4000015258789,82.9000015258789,6600
9110,2026-08-31,2.990000009536743,3.0,2.9000000953674316,3.0,11001
1259,2026-08-31,62.70000076293945,63.400001525878906,61.29999923706055,63.400001525878906,14166
1796,2026-08-31,30.649999618530273,30.649999618530273,29.700000762939453,29.700000762939453,4000
2035,2026-08-31,27.0,27.0,27.0,27.0,1001
2724,2026-08-31,10.800000190734863,10.800000190734863,10.800000190734863,10.800000190734863,1000
2729,2026-08-31,154.0,155.5,154.0,155.5,15685
2754,2026-08-31,69.5999984741211,69.5999984741211,68.5999984741211,68.5999984741211,14602
2948,2026-08-31,38.45000076293945,38.45000076293945,36.5,38.29999923706055,4435
4102,2026-08-31,19.200000762939453,19.450000762939453,19.149999618530273,19.450000762939453,6797
4430,2026-08-31,17.850000381469727,17.850000381469727,17.850000381469727,17.850000381469727,1902
4728,2026-08-31,399.0,402.0,399.0,402.0,3315
4806,2026-08-31,9.170000076293945,9.170000076293945,9.170000076293945,9.170000076293945,1152
5212,2026-08-31,47.0,47.0,46.70000076293945,46.70000076293945,2008
5223,2026-08-31,23.350000381469727,23.350000381469727,23.0,23.299999237060547,3000
5703,2026-08-31,14.300000190734863,14.300000190734863,13.75,13.75,4033
5704,2026-08-31,23.549999237060547,23.549999237060547,23.0,23.450000762939453,55527
5878,2026-08-31,38.5,38.5,38.45000076293945,38.45000076293945,4170
6597,2026-08-31,72.0,76.0,72.0,75.9000015258789,26077
7547,2026-08-31,50.099998474121094,50.70000076293945,49.650001525878906,50.70000076293945,11110
7642,2026-08-31,77.9000015258789,77.9000015258789,77.30000305175781,77.30000305175781,5000
7738,2026-08-31,168.0,169.0,168.0,169.0,6234
8102,2026-08-31,67.5,67.5,67.19999694824219,67.19999694824219,2003
8342,2026-08-31,87.0,87.0,87.0,87.0,1044
8905,2026-08-31,34.5,34.599998474121094,34.5,34.599998474121094,2387
8923,2026-08-31,18.850000381469727,19.450000762939453,18.850000381469727,19.450000762939453,13000
2947,2026-08-31,61.20000076293945,61.20000076293945,61.20000076293945,61.20000076293945,8905
4402,2026-08-31,14.699999809265137,14.949999809265137,14.699999809265137,14.949999809265137,2049
4530,2026-08-31,29.0,29.0,29.0,29.0,1002
5523,2026-08-31,30.350000381469727,30.350000381469727,30.350000381469727,30.350000381469727,4142
6028,2026-08-31,95.19999694824219,95.5,95.19999694824219,95.5,2220
6212,2026-08-31,30.950000762939453,30.950000762939453,30.950000762939453,30.950000762939453,1001
6751,2026-08-31,42.75,42.75,42.75,42.75,5011
6767,2026-08-31,25.5,25.5,25.5,25.5,1000
8047,2026-08-31,44.0,44.0,44.0,44.0,5123
8444,2026-08-31,4.679999828338623,4.679999828338623,4.679999828338623,4.679999828338623,8000
8928,2026-08-31,24.299999237060547,24.299999237060547,24.299999237060547,24.299999237060547,3021
9962,2026-08-31,10.399999618530273,10.399999618530273,10.399999618530273,10.399999618530273,10522
