stock_code,trade_date,ma5,ma10,ma20,ma60,vol_ma5,kd_k,kd_d,macd_dif,macd_macd,macd_osc,rsi6,rsi12,bb_upper,bb_mid,bb_lower,bias20,ma_alignment,rs_rating
0050,2026-08-28,105.42000122070313,105.00000076293945,104.4745002746582,104.2865000406901,67182381.4,70.47274018484231,59.87076734892473,0.7690203518020837,0.5254621101058663,0.24355824169621743,69.92321290412042,60.053158588982356,107.80588384661667,104.4745002746582,101.14311670269973,2.369474529264111,多排,86.0
0051,2026-08-28,143.96000061035156,143.0460006713867,142.01749954223632,141.74583358764647,32995.4,72.6725466481065,67.12678959967776,1.407259647087983,0.9439502027231423,0.4633094443648407,74.52960437058572,62.54974432481436,148.1667645272806,142.01749954223632,135.86823455719204,2.8042322042004924,多排,84.0
0052,2026-08-28,61.55,61.19000015258789,60.94250049591064,60.95416673024496,11876418.8,69.34790316457979,57.15613965033209,0.4261287909849685,0.26416924346730725,0.16195954751766123,70.39041771285844,59.861976951249396,62.91581520797681,60.94250049591064,58.96918578384447,2.3095507515398,交叉混雜,66.0
0053,2026-08-28,240.45999755859376,239.34499816894532,237.3999984741211,236.15416564941407,64286.0,70.32960242276839,63.63441397168387,2.466984977163918,1.887744255182843,0.5792407219810749,66.34383987499797,59.35773323750603,246.77779923449242,237.3999984741211,228.0221977137498,2.5695036078712756,多排,87.0
0055,2026-08-28,44.45800018310547,44.087999725341795,44.01649990081787,42.62149969736735,304815.0,80.63995048586332,75.30745898242955,0.5151243675363943,0.4873349934607273,0.02778937407566706,70.85482226459406,63.48418555177401,44.92155691883687,44.01649990081787,43.11144288279887,2.4842972794240152,多排,84.0
0056,2026-08-28,53.109999084472655,52.76999969482422,52.29749984741211,51.67249997456869,24679782.2,67.81002434249704,60.49271759723928,0.6449440284290588,0.5044817483788251,0.14046228005023376,77.07159822488828,65.16228732123687,54.336600756696406,52.29749984741211,50.25839893812782,2.968590527728268,多排,82.0
0057,2026-08-28,315.61000366210936,314.075,312.32249908447267,310.1308334350586,13846.4,74.55262522102542,61.25216762063475,2.723605373706107,1.9950460684262048,0.7285593052799022,69.50196423368192,59.788203129238305,322.7179222541212,312.32249908447267,301.9270759148241,2.3141108084375603,多排,87.0
0061,2026-08-28,24.318000030517577,24.467000007629395,24.678999996185304,24.887000020345052,111683.6,33.78557746264625,31.821971595575295,-0.14692590945533013,-0.11057873314197855,-0.036347176313351576,42.92153010925234,44.397077218843975,25.33369645697269,24.678999996185304,24.02430353539792,-1.2520732485095365,空排,64.0
00929,2026-08-28,28.837999725341795,28.755000114440918,28.82750015258789,,20756180.4,59.849250962459905,46.6122904565717,-0.0119964775726622,-0.07410983213957956,0.062113354566917356,64.96518605166582,57.834755939495096,29.844283169338144,28.82750015258789,27.81071713583764,1.0493417971643109,,
1101,2026-08-28,24.4,24.4,24.302499866485597,24.038333257039387,30706424.8,30.21952236537048,40.06505500740384,0.10195537961690349,0.13169194985435484,-0.029736570237451354,46.88228788471401,50.37334205991124,24.968576795808175,24.302499866485597,23.63642293716302,-0.010289597526132472,交叉混雜,57.0
1102,2026-08-28,34.90999984741211,34.49500007629395,33.56750011444092,34.29250011444092,8241240.4,82.86252935336296,86.28819123628342,0.3685335911712002,0.1287226155396378,0.23981097563156242,54.889607436201416,57.31429062581187,35.772822583138556,33.56750011444092,31.36217764574328,2.9269356349743556,交叉混雜,43.0
1103,2026-08-28,13.229999923706055,13.189999961853028,13.152499866485595,13.374999904632569,302764.4,45.36244352311528,49.89730637578774,-0.02458984447927648,-0.04333869641386875,0.01874885193459227,41.78968289019211,45.64762716818991,13.34844563364673,13.152499866485595,12.95655409932446,-0.019009678621571675,交叉混雜,45.0
1104,2026-08-28,26.65999984741211,26.649999809265136,26.612499904632568,27.2375,694200.6,56.97511549989383,61.327878610136224,-0.08048561743364857,-0.10448185798467848,0.023996240551029904,38.01461363094806,43.15850500608965,26.941573103964647,26.612499904632568,26.28342670530049,-0.6106120893393691,交叉混雜,34.0
1108,2026-08-28,11.75,11.765000057220458,11.855000114440918,12.809999990463258,139785.8,30.632407543175237,33.23245149298459,-0.2196384186605318,-0.270157389507379,0.0505189708468472,42.58383339578354,36.49703308339911,12.145009450398835,11.855000114440918,11.564990778483,-0.8857031921325244,空排,11.0
1109,2026-08-28,13.580000114440917,13.59000005722046,13.577500104904175,14.118333387374879,78534.0,40.30988033359549,43.53497202016364,-0.1115186736332614,-0.1429506213232324,0.03143194768997101,41.381942560899994,40.76701192410954,13.731311217627416,13.577500104904175,13.423688992180933,-0.5707980431256404,交叉混雜,25.0
1110,2026-08-28,15.949999809265137,15.969999980926513,16.032499837875367,15.8258331934611,105019.0,42.80136650486055,39.36484809512088,0.01723619479932914,0.04887306157342725,-0.03163686677409811,45.58388644015777,48.54122978631672,16.43022354913128,16.032499837875367,15.634776126619453,-0.5145799435177986,交叉混雜,53.0
1201,2026-08-28,12.25,12.3,12.219999980926513,12.367499939600627,394029.4,33.53149601164392,47.05951517771455,-0.019188469764340965,-0.025755139683870984,0.006566669919530019,47.464780254393716,48.02599299324449,12.452605308173117,12.219999980926513,11.987394653679909,0.24549933813676206,交叉混雜,27.0
1203,2026-08-28,45.41000061035156,44.80000038146973,45.8100004196167,44.86333357493083,14783.2,61.94195796499156,53.61503931175393,-0.19402473256315034,-0.17403552029174701,-0.019989212271403323,48.43557478881397,48.005499976183415,48.97703459004001,45.8100004196167,42.642966249193385,-1.3315862280936213,交叉混雜,67.0
1210,2026-08-28,52.45999984741211,52.57999954223633,53.23000011444092,55.38166675567627,1095690.6,37.26233341487024,44.70393646449731,-0.9481212812065962,-0.9566918975360689,0.008570616329472647,30.075396109159755,34.14824700401067,55.68043513847863,53.23000011444092,50.77956509040321,-2.310727243653019,空排,51.0
1213,2026-08-28,7.311999988555908,7.304000043869019,7.428999972343445,7.711666663487752,22881.0,44.13389225385644,31.661096369768224,-0.06552699558256148,-0.09167189071766296,0.026144895135101487,78.35477954186454,62.24148339709128,7.842808851143809,7.428999972343445,7.015191093543081,3.647864287664091,交叉混雜,10.0
1215,2026-08-28,108.8,109.4,108.05,111.09166666666667,632540.8,41.125358989149724,55.89509284285504,-0.2173037486598588,-0.48355057853430217,0.26624682987444337,44.982467416606184,47.993472467476735,112.5444410108506,108.05,103.55555898914939,0.41647385469690223,交叉混雜,15.0
1216,2026-08-28,77.15999908447266,77.03999862670898,75.94999961853027,76.30500005086263,10640148.2,57.870223178100346,71.6733575821496,0.24223074253156085,0.18111073842043138,0.06112000411112947,34.22175418400937,44.38334460592104,79.21222366740122,75.94999961853027,72.68777556965932,-0.3291674411372709,交叉混雜,56.0
1217,2026-08-28,10.002000045776366,9.990999984741212,9.918499994277955,9.92583327293396,429523.6,63.14831721473657,72.50786619571414,0.024063043701323394,0.01657914767963107,0.007483896021692325,47.784346799747674,52.226416674774725,10.097652980446702,9.918499994277955,9.739347008109208,0.5192344888901005,交叉混雜,46.0
1218,2026-08-28,14.610000038146973,14.575,15.030000019073487,16.53750007947286,1785910.8,41.70139102144938,37.479814954328056,-0.46833079217355156,-0.5007481590137288,0.032417366840177264,37.4758470692286,35.81621431305456,16.08301572472726,15.030000019073487,13.976984313419715,-3.1936116282733904,交叉混雜,8.0
1219,2026-08-28,11.499999809265137,11.33499984741211,11.089999961853028,11.838333257039388,655572.2,75.09893576576081,77.150383274308,-0.020840385995795074,-0.14079941324327852,0.11995902724748345,56.216139525461735,53.92164426448401,11.777941079985023,11.089999961853028,10.402058843721033,3.6970247029510817,交叉混雜,21.0
1220,2026-08-28,10.899999809265136,10.91999979019165,11.02749981880188,11.37166659037272,71182.6,37.54279592898079,35.03400426534746,-0.12254531257713808,-0.1280782428185297,0.00553293024139162,37.34006872008113,34.025802672141836,11.28188245206785,11.02749981880188,10.773117185535911,-1.1562022431795378,空排,24.0
1225,2026-08-28,25.320000076293944,24.88999996185303,24.685000038146974,27.305833307902017,161634.2,54.649062376278245,52.633552428995664,-0.32038010859218247,-0.5976454690161829,0.2772653604240004,58.7679811544747,51.68797243168472,25.856189327663934,24.685000038146974,23.513810748630014,3.099050936237735,交叉混雜,20.0
1227,2026-08-28,28.870000076293945,28.964999961853028,28.91500015258789,29.25166680018107,533567.4,31.9146376750116,45.21790726680486,-0.12394707410056327,-0.11828474808306713,-0.005662326017496139,35.85935679838663,41.924179192942155,29.320358582862667,28.91500015258789,28.509641722313113,-0.9164811781399869,交叉混雜,46.0
1229,2026-08-28,41.970001220703125,41.78500099182129,41.2850004196167,41.15779609680176,1227464.4,76.13320936854407,72.15638505964102,0.3169174909087147,0.21917005440245677,0.09774743650625792,63.543822896959654,58.96263948323973,42.76009312317393,41.2850004196167,39.80990771605947,2.0951946166172197,多排,49.0
1231,2026-08-28,80.93999938964843,81.59000015258789,81.02999992370606,85.66484832763672,212171.0,23.014146278563913,34.39733618487459,-1.171704851219232,-1.34992110641393,0.17821625519469797,37.90701709343376,40.01703933430601,83.01213163170755,81.02999992370606,79.04786821570457,-0.5306694434034708,交叉混雜,19.0
1232,2026-08-28,156.9,156.3,155.25,151.18333333333334,81053.0,61.96098522913135,61.564284602876654,1.1225117120899881,1.119819626563868,0.0026920855261201027,52.57213826127697,54.32878321273141,158.82623736407226,155.25,151.67376263592774,0.8051529790660225,多排,64.0
1233,2026-08-28,28.510000228881836,28.19499988555908,28.28749990463257,28.294166628519694,9904.8,73.9389970242199,58.33702666313708,-0.001864784795024832,-0.08721766478493,0.08535287998990516,77.14566151518582,63.379319101997105,29.223828590358625,28.28749990463257,27.35117121890651,2.1652663401243095,交叉混雜,44.0
1234,2026-08-28,33.349999237060544,33.37999954223633,33.50249977111817,33.886666742960614,59125.0,15.745378187962915,21.78327193803419,-0.12138180872364046,-0.10014379182069906,-0.0212380169029414,38.515221333904435,42.4504514128874,33.94791516169252,33.50249977111817,33.05708438054381,-0.75367442084379,空排,30.0
1236,2026-08-28,25.560000228881837,25.51999988555908,25.310000038146974,25.01083323160807,54673.6,72.9234056668652,73.34518373995857,0.274880769226872,0.2528412605143456,0.022039508712526412,57.55482977174147,60.00637792835157,25.922672681028477,25.310000038146974,24.69732739526547,0.9482386351317601,多排,65.0
1240,2026-08-28,57.15999984741211,57.06999969482422,56.320000076293944,56.73000005086263,7676.0,80.4847409895568,86.34010943114367,0.36173062445732285,0.21446268845825261,0.14726793599907023,67.84497928435121,63.33177143894699,58.153718936256276,56.320000076293944,54.48628121633161,1.5625012170692745,交叉混雜,48.0
1256,2026-08-28,183.5,180.7,180.75,182.85833333333332,64893.0,82.42331695858346,69.70773609490323,0.1891081529371661,-0.9259078960006901,1.1150160489378562,70.4942422322797,60.731061192121295,187.68958894581004,180.75,173.81041105418996,4.011065006915629,交叉混雜,76.0
1259,2026-08-28,63.26000061035156,64.30999984741212,62.50500011444092,59.72333329518636,3301.0,39.342494582776474,53.77884241499666,1.1051894613098057,1.337372276501722,-0.2321828151919163,37.1162316578866,52.30244152627916,67.42134187693354,62.50500011444092,57.5886583519483,0.31197607894009577,交叉混雜,62.0
1264,2026-08-28,252.6,254.75,255.925,262.5833333333333,28732.0,10.709324720560158,19.521242152286117,-2.2036620213682454,-1.9454944078055223,-0.2581676135627231,22.091383892787476,28.717719028130773,260.83765819352516,255.925,251.01234180647484,-1.5336524372374765,空排,28.0
1268,2026-08-28,180.9,180.65,179.175,172.725,12615.8,66.40580236808118,63.42635154340552,2.3604115828241277,2.5982728320454944,-0.23786124922136676,58.7335881817739,59.601770747152585,187.99647499302634,179.175,170.35352500697368,1.0185572764057422,多排,70.0
1294,2026-08-28,54.84000015258789,55.670000076293945,56.51999988555908,59.787777709960935,27340.0,11.86142320310802,16.642258641021368,-0.9455544108578735,-0.8204773786466736,-0.12507703221119992,32.27192727932598,37.16626977677771,59.32795771951736,56.51999988555908,53.712042051600804,-3.7508817480055163,空排,17.0
1295,2026-08-28,46.32999954223633,46.11499938964844,46.304999923706056,47.932985877990724,54348.2,48.9229245666461,40.23325562431133,-0.42825174523154175,-0.5673895277233636,0.13913778249182185,50.13762868598244,46.37088459213337,47.22432498733932,46.304999923706056,45.38567486007279,-0.010799452874956404,交叉混雜,3.0
1301,2026-08-28,60.13999938964844,59.26999969482422,57.67999954223633,56.25083306630452,35878744.4,67.0336723837366,58.24248305443057,0.979016942794253,0.4275649263383291,0.5514520164559239,70.51067950591612,62.23568789107235,62.66739460285291,57.67999954223633,52.69260448161975,8.703192199277348,多排,84.0
1303,2026-08-28,204.7,198.95,191.45,171.36500002543133,114244173.6,68.43782177934666,58.64150258285677,9.447207925593688,6.687652347609545,2.759555577984143,68.51557366435574,63.61991955177329,222.4540744351284,191.45,160.44592556487157,15.173674588665452,多排,98.0
1304,2026-08-28,12.09000015258789,12.000000095367431,11.892500066757203,12.73166667620341,3057748.0,49.295518873193224,47.781691095402905,-0.10226726264592934,-0.19585114213022572,0.09358387948429639,49.98909362180804,48.77611518972613,12.502310264663382,11.892500066757203,11.282689868851023,1.3243651300698058,交叉混雜,56.0
1305,2026-08-28,12.060000038146972,11.985000038146973,11.75750002861023,12.424999984105428,2129074.8,59.99175092927206,62.2906029514785,-0.0036269142126847953,-0.10646865941090371,0.10284174519821891,54.62836672581406,52.80655460449211,12.455825039369204,11.75750002861023,11.059175017851254,2.91303722752346,交叉混雜,53.0
1307,2026-08-28,30.780000305175783,30.689999961853026,31.019999980926514,32.83083327611288,516901.4,53.90184785518036,48.78796766007646,-0.38097641650845304,-0.4669184524157918,0.08594203590733873,45.287836176993515,43.75469674554451,32.27337491639626,31.019999980926514,29.76662504545677,-1.0315900005925878,交叉混雜,36.0
1308,2026-08-28,13.890000152587891,13.730000019073486,13.502500057220459,13.860833358764648,1692725.2,56.25882069685102,57.739816612636446,0.05976244917401452,-0.033269273011435396,0.09303172218544992,53.90965734182074,53.36494836011936,14.333779917537026,13.502500057220459,12.671220196903892,2.573599872443191,交叉混雜,62.0
1309,2026-08-28,13.210000038146973,13.039999961853027,12.954999923706055,14.093333339691162,2028158.6,58.327338636924125,58.303208187048355,-0.18142825867612444,-0.3072835457910092,0.12585528711488475,49.10731860330078,47.44563560944821,13.465829863193802,12.954999923706055,12.444169984218307,1.119262513451188,交叉混雜,52.0
1310,2026-08-28,8.281999969482422,8.20900001525879,8.08100004196167,9.109000007311503,4845241.6,54.2090215660822,46.83201720081529,-0.15808345017849312,-0.27454233725375204,0.11645888707525892,59.005391263466606,51.48051388830568,8.659524443553995,8.08100004196167,7.502475640369344,4.318775663926268,交叉混雜,42.0
1312,2026-08-28,13.020000076293945,12.420000076293945,12.13250002861023,12.93666664759318,46498667.4,70.67334183918376,62.190715173245195,0.20412056678483204,-0.11394237042546872,0.31806293721030077,84.89602449934146,72.84288293048093,13.692619720016708,12.13250002861023,10.57238033720375,16.628885927570426,交叉混雜,78.0
1313,2026-08-28,11.829999923706055,11.714999961853028,11.525,11.785000022252401,3391845.6,62.89384724556277,63.84903815887601,0.06852937612143073,-0.008113648799656056,0.07664302492108678,54.285926224103775,53.288503571508585,12.329919002332561,11.525,10.72008099766744,2.8199599259846093,交叉混雜,70.0
1314,2026-08-28,8.01599998474121,7.959999990463257,7.84599997997284,8.175166654586793,22552233.6,59.142444988191585,59.817076481329146,-0.015573987938154232,-0.07294897036580283,0.0573749824276486,56.45207009399971,52.87656038079078,8.173375430201006,7.84599997997284,7.518624529744674,2.600053674263835,交叉混雜,63.0
1315,2026-08-28,65.88000030517578,65.91000061035156,64.9350004196167,63.62666683197021,46640.0,60.53227865775888,71.46902997272372,0.5870014482349148,0.5887254560842398,-0.0017240078493249156,48.50446873316959,55.01838735806535,67.1386107162756,64.9350004196167,62.7313901229578,0.8701002182678294,交叉混雜,58.0
1316,2026-08-28,11.370000076293945,11.055000019073486,10.555500078201295,10.4663334051768,9333916.8,60.31362134322155,67.12088108840007,0.315568696277289,0.18788119430802397,0.12768750196926504,54.00065593110073,57.84369279398622,11.7447054128994,10.555500078201295,9.36629474350319,5.632130509446069,多排,32.0
1319,2026-08-28,82.25999908447265,82.42999954223633,79.62499961853027,81.17666638692221,1712638.8,35.3453072246404,48.07526167093727,1.6352856150229655,1.3933912318119528,0.24189438321101275,59.18800601782076,61.97808980790681,87.50298321152398,79.62499961853027,71.74701602553655,3.108318828820247,交叉混雜,23.0
1321,2026-08-28,33.2,32.599999618530276,32.26749982833862,31.720833333333335,232320.8,72.09626514969125,67.64274566449791,0.3963547750196881,0.25449753350120663,0.14185724151848145,60.89829307011384,61.29839487317348,33.58988808911395,32.26749982833862,30.9451115675633,2.7349553025029723,多排,58.0
1323,2026-08-28,21.50999984741211,21.494999885559082,21.10250005722046,20.32166665395101,22743.4,59.655769728993214,62.51839167822814,0.35686392926609045,0.37144251562620734,-0.014578586360116885,57.3475436863453,62.08504542028554,22.603192619727572,21.10250005722046,19.60180749471335,1.8836627968330724,多排,66.0
1324,2026-08-28,10.12599983215332,10.091999912261963,10.065999984741211,10.283333349227906,19251.6,75.22687914510709,57.454932074406216,-0.017873429853665357,-0.049676408803052824,0.03180297894938747,71.8382676598169,59.69108577746045,10.243396324741687,10.065999984741211,9.888603644740735,1.827935779234154,交叉混雜,46.0
1325,2026-08-28,26.10999984741211,26.169999885559083,26.304999828338623,25.875833415985106,132101.0,36.87281901503651,30.415768345446406,0.02075410164017555,0.058488289607178695,-0.03773418796700315,53.2252512089928,51.21718862914681,27.034743466141688,26.304999828338623,25.57525619053556,-0.01901004109754446,交叉混雜,34.0
1326,2026-08-28,60.13999938964844,59.45999984741211,59.06499977111817,59.24249979654948,26646086.8,65.9596534862963,55.160737054250575,0.03719530002346971,-0.39084354735956206,0.4280388473830318,61.84438122189239,55.68825674239882,62.40614666649412,59.06499977111817,55.72385287574222,5.138404663952937,交叉混雜,89.0
1336,2026-08-28,16.670000076293945,17.035000038146972,16.312500047683717,15.437500015894573,342970.6,37.61569414923079,41.68672310615058,0.42032011729052954,0.45785737603193344,-0.0375372587414039,49.869125057287214,54.27862817861678,18.39396578256421,16.312500047683717,14.231034312803224,2.375483304968692,交叉混雜,69.0
1337,2026-08-28,4.667999935150147,4.645999956130981,4.665499949455262,4.874666674931844,333935.0,56.284701057959914,52.17054119206989,-0.04434954143151515,-0.0621280415830445,0.017778500151529347,50.83851935847174,47.0831782191327,4.751455839547448,4.665499949455262,4.579544059363075,0.09645540429614957,交叉混雜,31.0
1338,2026-08-28,14.370000076293945,14.5,14.844999980926513,16.005833292007445,63684.4,13.604892960895185,18.87931034432371,-0.415538131138268,-0.40841451857069155,-0.007123612567576432,22.85606277592869,27.32333347022893,15.674647884623461,14.844999980926513,14.015352077229565,-4.344898433749409,空排,7.0
1339,2026-08-28,44.72999877929688,45.009999465942386,45.114999771118164,44.51916662851969,198227.8,25.645906655256045,33.046483684090596,-0.019180884001315235,0.2276163222826059,-0.24679720628392113,30.183225962982377,37.60835087385838,46.85072304887876,45.114999771118164,43.379276493357565,-4.023053404113168,交叉混雜,45.0
1340,2026-08-28,5.259999942779541,5.189999961853028,5.159499979019165,5.352499977747599,162357.6,49.07890191174967,47.493916589311446,-0.005748298848400779,-0.032671063608137166,0.026922764759736387,53.50702166399535,51.85675885469515,5.340313876631741,5.159499979019165,4.978686081406589,1.3664122558582488,交叉混雜,18.0
1342,2026-08-28,103.5,102.9,102.52999992370606,108.83333333333333,132271.2,71.44182275696781,63.4574502182646,-0.9047877506428676,-1.3868936862418582,0.4821059355989905,60.95332610339481,49.98532769315082,105.60252720573145,102.52999992370606,99.45747264168067,1.43372678961064,交叉混雜,72.0
1402,2026-08-28,28.7,28.63999996185303,27.88999996185303,27.853333314259846,14343333.6,45.22197852103342,59.47312166859733,0.3482264048478072,0.29323223921070457,0.05499416563710263,43.02271054364543,50.093309717231385,29.867664962615876,27.88999996185303,25.91233496109018,0.7529595550517356,多排,62.0
1409,2026-08-28,24.579999923706055,24.464999961853028,24.04749994277954,25.169999917348225,12341272.8,42.45833981009038,45.97600165681045,0.15625934647021467,0.041638828115550454,0.11462051835466422,46.416725602440046,50.4485230799854,26.093413627012254,24.04749994277954,22.00158625854683,1.0500022658564143,交叉混雜,82.0
1410,2026-08-28,24.789999771118165,25.199999809265137,25.517499923706055,25.62749989827474,85312.4,9.37742275870271,14.936902943763771,-0.3297351156719053,-0.19892064773558282,-0.13081446793632245,14.676015000694889,32.779429889427306,26.534345037068583,25.517499923706055,24.500654810343526,-4.379348715653803,空排,12.0
1413,2026-08-28,9.34600009918213,9.33799991607666,9.351999950408935,9.454333384831747,14586.6,47.190330757054724,46.205438259329775,-0.04648430251963909,-0.04490566812191974,-0.001578634397719346,44.11550988594187,46.20280945309145,9.5145583708656,9.351999950408935,9.18944152995227,-0.4490967815969579,交叉混雜,35.0
1414,2026-08-28,19.3,19.779999923706054,19.592499828338624,18.654999891916912,473786.8,28.071555070303564,40.43301414226275,0.1935423949694517,0.3132782801494074,-0.1197358851799557,43.857196425732056,48.95906761654122,20.517176204873184,19.592499828338624,18.667823451804065,-1.4929212394581943,交叉混雜,69.0
1416,2026-08-28,11.889999961853027,11.85,11.482499980926514,11.180000003178915,416452.4,47.8749056886775,60.671068387322165,0.23419000018648184,0.212861582201834,0.02132841798464785,55.00043659821608,61.96521277814231,12.445649881672693,11.482499980926514,10.519350080180335,2.7650791233245915,多排,58.0
1417,2026-08-28,8.281999778747558,8.267999935150147,8.276000022888184,8.491166702906291,96397.0,62.71514700842988,59.093060462534694,-0.05210522084134972,-0.06773350935489897,0.01562828851354925,52.565613171311824,46.83890273717545,8.344794268660017,8.276000022888184,8.20720577711635,0.16916310930552667,交叉混雜,51.0
1419,2026-08-28,66.26000061035157,65.37000045776367,65.37000045776367,66.09499969482422,72996.4,80.67987958120722,67.90628190963749,0.0016647095089723507,-0.25602243348102066,0.257687142989993,63.177425218305096,56.17339914984849,67.82558576911796,65.37000045776367,62.91441514640937,2.3405247933320608,交叉混雜,64.0
1423,2026-08-28,35.23000030517578,35.33499984741211,35.46749973297119,37.5216667175293,11572.8,52.24537198230416,55.290052135451106,-0.36843553135888385,-0.43666305952400675,0.0682275281651229,37.3694255600995,39.518591977259476,36.1001837737284,35.46749973297119,34.83481569221398,-1.4590793654131262,空排,26.0
1432,2026-08-28,15.04000015258789,15.050000095367432,15.092500114440918,15.559166701634725,59900.2,21.929995633254418,20.18944477887861,-0.0675795866858735,-0.08388605519647041,0.016306468510596916,46.43268228014003,44.33010310252093,15.26194187272544,15.092500114440918,14.923058356156396,-0.281596311968154,空排,26.0
1434,2026-08-28,17.85,17.770000076293947,17.600000190734864,17.655000146230062,2930697.8,54.13632745153549,55.528785283169825,0.02109140899622375,-0.022307507636110818,0.04339891663233457,53.00679083147428,51.68667504401315,18.165685502110435,17.600000190734864,17.034314879359293,1.4204556137815822,交叉混雜,69.0
1435,2026-08-28,22.649999618530273,23.294999885559083,23.564999961853026,22.090000025431316,14701.8,23.58535518813369,31.195019601316876,-0.056421551712556806,0.18759382822552695,-0.24401537993808375,37.68741398570369,44.411821138122335,25.698220831475346,23.564999961853026,21.431779092230705,-6.641205026040503,交叉混雜,76.0
1436,2026-08-28,38.69000015258789,38.364999771118164,37.49499988555908,41.7633331934611,110036.6,79.88224372220881,83.58211080968934,-0.4204853262249699,-0.8731909302329572,0.4527056040079873,54.472007627327976,50.04441664455636,39.73174976895846,37.49499988555908,35.258250002159706,2.8137067734937906,交叉混雜,4.0
1437,2026-08-28,31.960000610351564,31.965000343322753,31.23250017166138,30.6375,59231.2,66.34929320234953,70.97257906528651,0.39786482414262636,0.33947478405811954,0.05839004008450682,55.968251072171725,58.536557356744595,33.10537466068201,31.23250017166138,29.35962568264075,2.297288360952591,交叉混雜,64.0
1438,2026-08-28,22.370000076293945,22.39000015258789,22.437500190734863,22.239166673024496,40869.6,58.940618417388706,60.62117657335523,0.035566183658918504,0.0603433295013258,-0.024777145842407297,45.87483460199708,49.75620142746731,22.731071562428557,22.437500190734863,22.143928819041168,-0.3899712914599434,交叉混雜,15.0
1439,2026-08-28,29.469999694824217,29.359999656677246,28.989999771118164,26.415833282470704,48475.4,80.70011762758278,84.36326831593314,0.7487333252532622,0.8373570939761492,-0.08862376872288702,56.916540349176735,61.349717596972695,30.11652218137094,28.989999771118164,27.86347736086539,1.414280271297482,多排,66.0
1440,2026-08-28,13.680000114440919,13.620000171661378,13.310000085830689,13.271666685740152,1287305.4,53.18074894018183,57.4781338721787,0.20550672069907172,0.1592571122034352,0.04624960849563653,55.95543493717801,57.57787449780441,14.438856084871876,13.310000085830689,12.181144086789502,2.930125626743057,多排,58.0
1441,2026-08-28,9.041999816894531,8.950999927520751,8.946999979019164,9.096833324432373,6791.6,60.823524172938875,47.781062965378254,-0.013811679227677232,-0.049010341086942716,0.035198661859265484,59.49565875079742,54.814341575070685,9.139282477577986,8.946999979019164,8.754717480460343,1.5983030502298383,交叉混雜,28.0
1442,2026-08-28,30.210000228881835,30.13999996185303,29.89499988555908,28.861666615804037,99412.2,55.48637853556246,64.53617542547917,0.2803749831272455,0.3253699569460264,-0.04499497381878087,40.698740756674084,49.91696129049359,30.716359586833278,29.89499988555908,29.073640184284884,-0.15052518568863174,多排,36.0
1443,2026-08-28,25.070000076293944,24.90999984741211,25.354999828338624,26.171666685740153,7997.6,69.70672282520705,59.63327851631749,-0.3160116554721881,-0.32227328551806617,0.006261630045878042,40.514845117213746,41.36981267050034,26.48911199432939,25.354999828338624,24.220887662347856,-1.7945186862111842,交叉混雜,36.0
1444,2026-08-28,7.203999996185303,7.247000026702881,7.222499990463257,7.626333324114482,1399594.4,22.312167172313945,32.91739112327075,-0.10752022060343247,-0.12424340068749234,0.016723180084059874,42.86186335413021,43.64563306502651,7.413549804703993,7.222499990463257,7.031450176222521,-0.7268939319990846,交叉混雜,69.0
1446,2026-08-28,13.59000015258789,13.635000038146973,13.750000047683717,15.063333384195964,104778.2,22.98899192334828,18.902469694694243,-0.2581390968904884,-0.31086677981902183,0.052727682928533415,46.55576822255493,37.630218762960276,14.066227655009335,13.750000047683717,13.433772440358098,-0.7272758458665523,空排,9.0
1447,2026-08-28,6.9079999923706055,6.91399998664856,6.952499961853027,7.226166669527689,1130053.4,28.02013554817725,31.705067678383358,-0.1100317228345471,-0.1242241886557462,0.01419246582119911,44.57035524242489,44.86328861613451,7.1956265127078485,6.952499961853027,6.7093734109982055,-1.042788174180527,空排,75.0
1449,2026-08-28,12.520000076293945,12.35,12.41499991416931,13.331666692097981,319946.0,60.35109322255953,54.735138858669174,-0.12964422293274147,-0.19851205875591635,0.06886783582317488,52.185253829546696,47.66275085667509,12.851613676827572,12.41499991416931,11.97838615151105,0.28191619281350394,交叉混雜,61.0
1451,2026-08-28,17.329999923706055,17.339999961853028,17.432499885559082,17.20499979654948,89186.6,58.36289999198628,48.55424092433667,-0.001800832277670139,0.018950725857461687,-0.020751558135131826,55.58478144894927,51.8837113419819,17.682289140318176,17.432499885559082,17.18271063079999,-0.18643491892824565,交叉混雜,53.0
1452,2026-08-28,11.449999809265137,11.464999961853028,11.392500019073486,11.34166661898295,70458.2,53.93716052941012,58.28747920891476,0.016472542036732207,0.019744803291145287,-0.0032722612544130794,42.43449713827829,48.102732818291166,11.686787852002578,11.392500019073486,11.098212186144394,0.06582926876657036,交叉混雜,56.0
1453,2026-08-28,11.311844635009766,11.265922260284423,11.21796112060547,11.291820351282755,38245.4,57.49658844015903,50.6664192815047,0.028337697373785886,0.01025454718775359,0.018083150186032296,47.263838615315656,50.38102962644085,11.444560593878373,11.21796112060547,10.991361647332566,0.2856034091228986,交叉混雜,36.0
1454,2026-08-28,12.420000076293945,12.414999961853027,12.627500009536742,12.76000000635783,15318.2,59.44297865308889,47.11851303655091,-0.1043270454659293,-0.0980169001915922,-0.006310145274337098,46.84904887454779,44.60276847467079,13.134788971577994,12.627500009536742,12.120211047495491,-1.4056638300340623,交叉混雜,34.0
1455,2026-08-28,9.97599983215332,9.990999889373779,9.655000019073487,9.592833328247071,919815.6,45.72541297005318,59.145874841766904,0.20300172810098616,0.18036185883048042,0.022639869270505736,59.547982048434335,60.23799227292373,10.68342742167806,9.655000019073487,8.626572616468914,3.2625608216782753,交叉混雜,74.0
1456,2026-08-28,13.769999885559082,13.744999885559082,13.860000038146973,14.05750002861023,50097.0,41.18480069568218,39.46925021141024,-0.04761752376728978,-0.05251593985290445,0.004898416085614671,44.83862003201954,46.543631187536526,14.355877762559507,13.860000038146973,13.36412231373444,-1.5151545385188598,交叉混雜,67.0
1457,2026-08-28,14.419999885559083,14.410000038146972,14.330000066757203,14.354999987284343,72267.4,74.64978733734367,68.86831987563093,0.03885680389354995,0.02641680750757255,0.012439996385977401,55.24586758364544,54.327143966155965,14.624511120867226,14.330000066757203,14.03548901264718,0.8374022466776546,交叉混雜,39.0
1459,2026-08-28,15.270000076293945,14.730000019073486,14.099999952316285,15.156666549046834,175001.2,87.80461194123325,81.98106778357882,0.11227812299370932,-0.1372137371763094,0.24949186017001873,78.95683071167642,64.41907993766554,15.919196054773732,14.099999952316285,12.280803849858838,10.283689668951942,交叉混雜,49.0
1460,2026-08-28,6.675999927520752,6.639999914169311,6.650999927520752,6.9858333190282185,167455.4,49.49316155871918,52.336109275689346,-0.06967588988894935,-0.09171574211662652,0.022039852227677167,43.424408706090404,43.68347537764403,6.790909673610639,6.650999927520752,6.511090181430865,-0.4660959599983931,交叉混雜,58.0
1464,2026-08-28,10.29000015258789,10.230000114440918,10.25750002861023,10.396666685740152,173219.0,57.36059062248513,57.772490011282244,-0.03814466696279517,-0.04956769515653513,0.011423028193739956,35.846865545564754,41.32609130128357,10.44181959480324,10.25750002861023,10.073180462417218,-1.0480176434815058,交叉混雜,38.0
1465,2026-08-28,12.020000076293945,12.075000095367432,12.217500066757202,12.528333298365276,206478.4,26.87503263755978,33.26898163542225,-0.15590396677216134,-0.14605909054505292,-0.009844876227108418,39.40033514722158,39.46398504181194,12.593455079650377,12.217500066757202,11.841545053864026,-1.7802338086250666,空排,39.0
1466,2026-08-28,15.969999885559082,16.139999866485596,16.247499895095824,16.11749990781148,268798.4,15.910521477752892,19.718822377154794,-0.12994408418170877,-0.0753659532594563,-0.05457813092225247,39.03770624865895,44.06907873073224,17.020378800161566,16.247499895095824,15.474620990030083,-2.138792299179772,交叉混雜,59.0
1467,2026-08-28,8.32199993133545,8.357000064849853,8.855500030517579,8.59050001303355,229513.0,19.13732622138845,16.505681703738155,-0.22957085439661462,-0.14397312369441084,-0.08559773070220378,35.59144756456027,39.47681622465845,10.116752040948208,8.855500030517579,7.594248020086949,-6.498789402779225,交叉混雜,70.0
1468,2026-08-28,13.220000076293946,13.200000095367432,13.400000047683715,12.805833371480306,64800.0,79.23459351325279,66.6292636881505,0.016727793655860523,0.05934775836336954,-0.04261996470750902,53.80728535080011,51.01998828329454,13.958192608833143,13.400000047683715,12.841807486534288,-0.7462675865149532,交叉混雜,63.0
1470,2026-08-28,24.039999771118165,23.830000114440917,23.555000019073486,22.7400000890096,14209.8,72.3372435888659,74.68116687526246,0.3433561952227855,0.3363797966780778,0.006976398544707663,41.67850770863906,50.60412538494334,24.4440563210284,23.555000019073486,22.665943717118573,-0.02123023565650349,多排,64.0
1471,2026-08-28,10.034000205993653,9.785000038146972,9.640000009536744,10.185999949773153,785078.2,55.21405318696728,56.868523083723346,0.01959883476755664,-0.07771287777683585,0.09731171254439248,59.005325956716824,55.939281712827025,10.164996491360284,9.640000009536744,9.115003527713203,3.734439731401582,交叉混雜,29.0
1473,2026-08-28,20.029999923706054,19.96500015258789,19.945000076293944,20.15166664123535,35347.4,71.84999402360114,68.8647366492762,-0.022206854501057194,-0.05031813784922989,0.028111283348172693,50.69268140233291,49.85828339481145,20.208379119959826,19.945000076293944,19.681621032628062,0.2757579518459237,交叉混雜,20.0
1474,2026-08-28,10.020000076293945,10.02800006866455,10.046500110626221,10.249666674931843,48899.4,58.02629032796197,62.25240344461122,-0.06589671863241975,-0.07235135213928022,0.0064546335068604715,41.982749674690176,42.74214830544361,10.183885735096723,10.046500110626221,9.909114486155719,-0.46284885397092385,空排,32.0
1475,2026-08-28,26.460000228881835,26.120000076293945,26.457500076293947,26.878333377838135,8600.0,76.38230983532748,62.332653368787916,-0.1427300035958936,-0.21520820899351842,0.07247820539762481,59.01744038435683,51.896689551496756,27.821038207396562,26.457500076293947,25.09396194519133,0.5386007928370407,交叉混雜,29.0
1476,2026-08-28,315.1,314.9,327.925,331.73333333333335,752667.4,50.54893644357925,44.20779434274811,-6.654728318516277,-5.355505893641195,-1.299222424875082,30.94300133658834,36.55033623685109,361.66748454335317,327.925,294.18251545664685,-5.008767248608679,交叉混雜,11.0
1477,2026-08-28,198.6,199.15,210.35,217.125,1336128.0,29.940684370303245,28.675236925098893,-6.092140413525442,-4.746639971284066,-1.3455004422413763,29.06620735246898,32.46759527699426,234.18517966105017,210.35,186.51482033894982,-7.059662467316374,空排,6.0
1503,2026-08-28,203.8,202.25,199.525,214.025,2091287.6,61.97520038950245,58.182316591298985,-0.3064594518003503,-2.1507429721724085,1.8442835203720582,56.72030131330155,53.673223940157555,208.32377383801824,199.525,190.72622616198177,2.99461220398446,交叉混雜,60.0
1504,2026-08-28,71.94000091552735,71.96000061035156,69.62000045776367,69.11166674296061,11047553.4,51.66348774472564,56.51365825106993,1.3821513462502963,1.032838344129436,0.34931300212086036,61.957535860415646,60.41928668670822,75.18212782345303,69.62000045776367,64.0578730920743,4.2803763239922725,交叉混雜,43.0
1506,2026-08-28,10.169999885559083,10.179999923706054,10.269999980926514,10.365500020980836,137841.4,23.629985063296502,26.668529724881214,-0.08328629273514387,-0.0726625331612481,-0.010623759573895775,42.43778019259437,43.5233847594895,10.553586193866826,10.269999980926514,9.986413767986202,-1.1684553322210847,空排,35.0
1512,2026-08-28,6.479999923706055,6.530999994277954,6.589999985694885,6.776666657129923,77317.6,12.17951440901939,16.09352566426424,-0.0797785399555675,-0.07003904300838323,-0.009739496947184262,28.973965891238535,34.76925454005952,6.769472883636214,6.589999985694885,6.4105270877535565,-2.7314133334371453,空排,21.0
1513,2026-08-28,166.8,166.8,164.4,167.05,2657803.6,51.079233024960786,46.33586932559197,1.3017887616672965,0.7015461669204673,0.6002425947468292,57.072273106572275,55.5595330438816,173.66566951595792,164.4,155.1343304840421,2.1897810218978067,交叉混雜,58.0
1514,2026-08-28,102.8,101.9,101.49500007629395,111.3377451578776,2317679.8,59.450374618564325,56.32168641956228,-1.1149515671435495,-2.1556121442423004,1.040660577098751,69.58128445811049,55.599812810130395,104.69991412707795,101.49500007629395,98.29008602550995,3.4533720095288816,交叉混雜,32.0
1515,2026-08-28,34.6,33.86499996185303,32.36000003814697,32.72416674296061,4277026.8,54.66288109966941,56.829538295875885,0.46074720293891147,0.007775030634955604,0.45297217230395587,56.87519362523059,54.525580233118305,36.563707561735626,32.36000003814697,28.156292514558313,7.231151798621806,交叉混雜,85.0
1517,2026-08-28,11.349999809265137,11.394999885559082,11.517499971389771,11.089999945958455,275908.6,20.72692209141927,22.284000930351958,0.012589147658298216,0.06996286248176314,-0.05737371482346493,37.23735663365305,45.39481794891481,12.067404389951474,11.517499971389771,10.967595552828069,-2.3225523946538638,交叉混雜,60.0
1519,2026-08-28,734.2,727.3,709.55,737.4333333333333,2473436.0,69.94547393550445,67.85084630339294,7.565373279526966,-0.01831932509382761,7.5836926046207935,67.7503054540434,61.20564985494722,767.4990701982507,709.55,651.6009298017492,6.405468254527524,交叉混雜,40.0
1521,2026-08-28,25.799999618530272,25.684999656677245,25.49499979019165,25.74333324432373,15444.8,67.21618499697654,56.48679544954348,0.09513352282174381,0.025064308358689405,0.0700692144630544,62.11980910557554,57.566031810991866,26.0878516316776,25.49499979019165,24.902147948705696,1.5885461136361123,交叉混雜,47.0
1522,2026-08-28,28.220000076293946,28.075,28.182500076293945,29.31916675567627,287020.2,55.30935715887062,53.947021799187866,-0.20258312937200884,-0.2855128903721368,0.08292976100012794,44.19010754735861,45.85244262338052,29.02933639980584,28.182500076293945,27.33566375278205,-0.6475652472275047,交叉混雜,5.0
1524,2026-08-28,27.510000228881836,27.320000076293944,27.11500005722046,27.956666660308837,275687.0,73.11897479645353,72.26336494352499,0.059241843114708814,-0.057404768707543685,0.1166466118222525,66.99904274351462,57.72426054728248,27.84344490824934,27.11500005722046,26.38655520619158,1.4198780821208907,交叉混雜,27.0
1525,2026-08-28,67.1,67.22000045776367,67.69500045776367,66.88833382924398,18400.8,69.14894319733897,71.81985202049928,-0.08068452313862906,0.08187531094659141,-0.16255983408522046,37.52735249297922,43.026102034918125,69.1480908581948,67.69500045776367,66.24191005733253,-1.7652713637386779,交叉混雜,50.0
1526,2026-08-28,16.40999984741211,16.629999923706055,17.39499988555908,15.99083326657613,214515.8,14.639465767371172,13.419821949054676,-0.10457470900939825,0.12302100513542803,-0.22759571414482627,37.24366035122745,44.07994316975134,19.24543348215298,17.39499988555908,15.544566288965182,-5.432590565316091,交叉混雜,50.0
1527,2026-08-28,32.70999984741211,32.80500030517578,32.70250015258789,33.25166683197021,98871.0,32.16896174476842,35.5778153395394,-0.14194125501826704,-0.15817684304155996,0.01623558802329292,43.90917201403314,44.36566958084255,33.1018090230346,32.70250015258789,32.30319128214118,-0.007642809072005679,交叉混雜,48.0
1528,2026-08-28,19.05,18.885000038146973,18.82249984741211,21.38999983469645,688949.6,65.082945100198,49.68595708767734,-0.3006385766125561,-0.5434825223984971,0.24284394578594104,72.35235377218203,55.887844429645035,19.79283613339956,18.82249984741211,17.85216356142466,3.8650519088645883,交叉混雜,32.0
1529,2026-08-28,17.170000076293945,17.064999961853026,17.07749996185303,18.842959626515707,395054.8,65.64894073978333,62.95183085114745,-0.30225883708171963,-0.4547311787765271,0.15247234169480745,72.1379749196712,54.99221479191133,17.442372307628084,17.07749996185303,16.712627616077974,3.0595837844171356,交叉混雜,18.0
1530,2026-08-28,29.15,29.15999984741211,28.65749979019165,29.006865342458088,17758.0,40.294270398824054,48.24402557400937,0.221122382799944,0.15488195522466477,0.06624042757527923,48.695542848516865,51.99793198216912,30.17069625216815,28.65749979019165,27.144303328215152,1.195150352668149,交叉混雜,43.0
1531,2026-08-28,13.289999771118165,13.149999904632569,13.052499961853027,12.992499939600627,445903.4,83.3772888427028,78.70646417737451,0.10567735483389562,0.04765367921917316,0.05802367561472246,94.0794759967029,81.44639183166328,13.42733314136485,13.052499961853027,12.677666782341204,4.960734336751427,多排,71.0
1532,2026-08-28,22.95999984741211,22.820000076293944,22.277499961853028,22.770833174387615,257774.4,77.80647350449452,82.16807614246882,0.14298043591950815,0.031104309794044344,0.11187612612546381,62.375474135523255,58.51402168231776,23.471112532506616,22.277499961853028,21.08388739119944,2.7942976444537555,交叉混雜,45.0
1533,2026-08-28,31.88000030517578,31.650000190734865,32.06999969482422,34.61999985376994,81219.2,47.37247248381457,38.631309134681544,-0.5407887991961502,-0.7046356494213227,0.16384685022517254,62.324858075126656,48.42632254517599,33.38244976191789,32.06999969482422,30.757549627730548,0.4053666022834895,交叉混雜,41.0
1535,2026-08-28,46.03000030517578,45.99000015258789,45.99500026702881,48.07166678110759,30035.6,40.145075947110946,40.899838172407435,-0.3898188971487002,-0.5263193125223815,0.1365004153736813,44.63425802446861,42.16322783949604,46.37599597474869,45.99500026702881,45.614004559308924,-0.09783564263094836,交叉混雜,24.0
1536,2026-08-28,50.039998626708986,50.17499961853027,50.57999973297119,50.20666662851969,834967.0,37.84055182956429,30.98944543069381,-0.05288158226845496,-0.048873359070256195,-0.004008223198198768,50.56760649631906,49.9476474634381,52.397864568960316,50.57999973297119,48.76213489698206,-0.5535794728921676,交叉混雜,22.0
1537,2026-08-28,119.5,121.4,124.05,125.575,137062.6,8.0088651213042,14.431500388390734,-1.9085713164135285,-1.2021485540273769,-0.7064227623861516,14.255983101324091,23.561335581687857,131.19437577841055,124.05,116.90562422158943,-4.070939137444577,空排,36.0
1539,2026-08-28,15.689999771118163,15.769999790191651,15.974999856948852,15.921666606267292,32075.0,14.913929929715367,17.561238639104953,-0.10118696410246031,-0.052825676686600924,-0.048361287415859384,29.233464420527937,39.24774163760026,16.465434800901367,15.974999856948852,15.484564912996337,-2.0344303056579296,交叉混雜,32.0
1540,2026-08-28,19.270000457763672,19.17000045776367,19.490000247955322,21.03666664759318,80580.8,59.30523022766198,42.91325035734168,-0.44770161241550355,-0.5404089700570007,0.09270735764149718,53.71763016655168,40.93044306188199,20.35790714602423,19.490000247955322,18.622093349886416,-0.7183163915058594,交叉混雜,16.0
1541,2026-08-28,21.760000228881836,21.800000190734863,21.752500152587892,21.6366668065389,11436.0,48.67799095489643,48.124717140418326,0.025111754119237162,0.022077053386838286,0.0030347007323988755,46.941593699057684,49.33694292658763,22.208425779101717,21.752500152587892,21.296574526074068,-0.2413487612006433,交叉混雜,32.0
1558,2026-08-28,102.5,101.37999954223633,97.60499954223633,93.52999979654948,92348.4,71.22376901223285,77.48103964769692,2.7212334721307343,2.3386949149311627,0.38253855719957164,61.692680968274914,64.9842451501097,106.38595430371909,97.60499954223633,88.82404478075357,4.502843582169001,多排,65.0
1560,2026-08-28,684.8,695.8,693.7,692.3166666666667,578552.4,35.46197789848743,35.427554044684015,1.3200393799995709,2.4835666221890604,-1.1635272421894896,53.79003288159792,51.473122146494205,734.8318803234914,693.7,652.5681196765087,0.18740089375810212,交叉混雜,90.0
1565,2026-08-28,96.4000015258789,95.55000152587891,94.78500061035156,94.75333353678386,173547.6,58.91659535978391,53.599937458147195,0.7233009040566571,0.2840208692765011,0.43928003478015604,69.1245009375206,64.59068065191774,98.13370198889477,94.78500061035156,91.43629923180835,3.180885606363526,多排,23.0
1568,2026-08-28,28.879999923706055,28.995000076293945,28.772500038146973,33.28583335876465,158940.0,50.07876312489037,46.05082827373679,-0.48160277824164055,-0.7458293126384449,0.2642265343968043,53.74836018574038,48.559480849412815,30.098545216032456,28.772500038146973,27.44645486026149,1.1382408302669198,交叉混雜,57.0
1569,2026-08-28,45.19000015258789,44.599999618530276,43.33999938964844,45.11999988555908,417997.0,76.65266159515963,73.1944847062499,0.45033554932719255,-0.03457967225812393,0.48491522158531647,73.9803096563364,62.87426990492265,46.661160275365035,43.33999938964844,40.018838503931846,6.829718248955695,交叉混雜,20.0
1570,2026-08-28,33.51000061035156,33.45000038146973,33.657500457763675,37.79083360036214,48005.2,54.943893977505894,44.603865345031224,-0.8794887619095846,-1.1336125557410939,0.2541237938315093,51.83614866613956,41.448497762848255,34.29184699325674,33.657500457763675,33.02315392227061,-0.02228012116995667,交叉混雜,52.0
1580,2026-08-28,106.7,107.05,109.225,116.63333333333334,48614.2,31.48061037953424,22.47401535436412,-2.3801344642717908,-2.502480766107366,0.12234630183557504,28.6802011719425,26.01466653838324,114.35976284492718,109.225,104.09023715507281,-2.49485008010986,空排,13.0
1582,2026-08-28,74.78000030517578,74.09000091552734,73.36500053405761,78.70166664123535,682570.4,73.36319416771535,63.65870654247193,0.06405790960342017,-0.6994869150118125,0.7635448246152327,76.70558601941997,61.62934328459464,77.62560480538181,73.36500053405761,69.10439626273342,4.682072504184875,交叉混雜,39.0
1583,2026-08-28,49.0528450012207,49.761422348022464,49.58571109771729,49.923570251464845,42179.0,25.12237662482889,31.90441118647221,-0.12314380222996135,-0.005888148668892007,-0.11725565356106935,45.052916705738404,46.83712121795032,52.28925984833164,49.58571109771729,46.882162347102934,-1.3828773585339336,交叉混雜,41.0
1584,2026-08-28,18.10999984741211,18.05,17.89749994277954,18.8375,423612.2,57.92267137134969,53.527101589704635,-0.1171932817614767,-0.22756921437182373,0.11037593261034703,54.20135160334479,50.72141188925733,18.56515489303377,17.89749994277954,17.229844992525308,1.6901847807070542,交叉混雜,18.0
1586,2026-08-28,18.099999618530273,18.310000038146974,18.35250005722046,19.059178574879965,355240.4,8.54905388220736,14.626723346510413,-0.16883262881035677,-0.15363987193921047,-0.015192756871146296,35.812631529813245,40.947423827397536,19.08840326951761,18.35250005722046,17.61659684492331,-1.6482812653140413,空排,5.0
1587,2026-08-28,24.149999618530273,24.119999885559082,24.257499980926514,25.925833320617677,113634.4,46.89039818945918,42.014191113747586,-0.34621099590177806,-0.4629153604127587,0.11670436451098065,55.95237500877296,46.65097683039054,24.633454821581584,24.257499980926514,23.881545140271445,0.17520047889291696,交叉混雜,4.0
1590,2026-08-28,1452.0,1451.5,1481.25,1391.4166666666667,567768.4,41.545610086141295,39.57808547785483,10.075637145765086,19.53031249125149,-9.454675345486404,35.089186414592604,44.729882449159774,1593.8216146328461,1481.25,1368.6783853671539,-4.472573839662447,交叉混雜,83.0
1591,2026-08-28,35.81999969482422,35.70500030517578,36.015000343322754,34.20583327611288,190396.8,29.439790422933598,31.919769486413273,0.00228967406015812,0.11146586188992623,-0.10917618782976811,53.76870348350138,50.978448524602975,37.253887655706485,36.015000343322754,34.77611303093902,0.09717865723769686,交叉混雜,10.0
1593,2026-08-28,31.9,31.854999923706053,31.470000076293946,30.84333340326945,19912.0,49.590756330400666,49.19373426693016,0.36617395169914957,0.36201801232352787,0.004155939375621698,43.21366088742886,56.528412455024124,32.7221140634146,31.470000076293946,30.217886089173287,0.571971851922299,多排,58.0
1595,2026-08-28,64.50000076293945,63.55000038146973,62.94000015258789,66.98833312988282,161425.2,68.41845447125712,52.06112341617434,0.5879038710986322,-0.1311332535480364,0.7190371246466686,68.79117329763649,59.425665367987136,68.10645056817278,62.94000015258789,57.773549737003,4.86177286303405,交叉混雜,85.0
1597,2026-08-28,139.1,138.3,140.0,140.33333333333334,2229075.6,62.498002121077235,41.427233128151606,1.4933722809699077,0.44390555710763824,1.0494667238622695,75.60456408298407,63.464244543762085,155.81138830084458,140.0,124.18861169915542,8.571428571428571,交叉混雜,88.0
1598,2026-08-28,20.670000076293945,20.329999923706055,20.332499980926514,20.04250011444092,270633.0,65.40318054928078,60.5528417305386,0.16617933441079202,0.1331777161389952,0.03300161827179682,56.86831301766664,55.493127952170624,20.967675300699923,20.332499980926514,19.697324661153104,1.3156296608589664,交叉混雜,51.0
1599,2026-08-28,23.070000076293944,23.114999961853027,23.43499994277954,23.465000025431316,18158.0,29.488657356928556,21.73523014258526,-0.15648104060202783,-0.10557353049035878,-0.05090751011166905,40.772148387872825,42.03588706275882,24.148847884517004,23.43499994277954,22.72115200104208,-1.429483943365785,空排,23.0
1603,2026-08-28,31.029999923706054,30.844999885559083,30.147500133514406,30.604999923706053,131544.2,76.5530710592131,79.33325166109253,0.3256399512732102,0.17862489106325566,0.14701506020995456,69.18782745571244,62.04642481659698,31.947346018835677,30.147500133514406,28.347654248193134,2.9936117407719984,交叉混雜,22.0
1604,2026-08-28,23.299999618530272,23.23499984741211,23.19749984741211,23.299999936421713,127152.8,75.23166008513947,75.02212977532164,-0.001765857286198269,-0.02224732992264278,0.020481472636444512,49.00980229216737,49.95289167275219,23.40134456410643,23.19749984741211,22.99365513071779,0.22631815037492528,交叉混雜,45.0
1605,2026-08-28,38.77000045776367,38.03999977111816,37.26249961853027,35.880833339691165,27605831.8,62.068544037526266,55.437739134800786,1.1455353179225796,0.997370570432044,0.14816474749053554,65.4259055352304,61.96136046758131,41.49991191405476,37.26249961853027,33.02508732300578,4.662865881938011,多排,77.0
1608,2026-08-28,37.38999938964844,36.539999389648436,35.87499990463257,33.920000012715654,6149795.0,68.73485303740418,59.59504395544437,1.252625223353185,1.0584854334746296,0.1941397898785553,70.02739536146444,65.36434403614126,39.2858952317381,35.87499990463257,32.46410457752703,5.505222507982484,多排,71.0
1609,2026-08-28,37.709999084472656,37.369999694824216,37.01000003814697,37.440833218892415,4144611.4,62.35971461119969,55.65495920104364,0.24809683527404758,0.08695886292521787,0.1611379723488297,69.46453626563627,59.104589406262605,38.871691289676754,37.01000003814697,35.148308786617186,2.945145730479979,交叉混雜,46.0
1611,2026-08-28,11.999999809265137,12.069999885559081,12.002499961853028,12.60166664123535,653633.6,35.01797980988769,46.690943857266724,-0.07081774104205252,-0.09446657467016205,0.02364883362810953,42.78650595235068,45.084529026851804,12.270975205036853,12.002499961853028,11.734024718669202,-0.4374101458425304,交叉混雜,39.0
1612,2026-08-28,34.99000015258789,34.74500007629395,33.61500015258789,34.309166431427,753050.4,70.15712718189526,73.03018362655939,0.6677622531970968,0.4457617915112493,0.22200046168584753,69.53818723410231,66.4919572163362,37.09079594372843,33.61500015258789,30.139204361447344,4.715158718300767,交叉混雜,43.0
1614,2026-08-28,30.769999694824218,30.724999809265135,30.839999866485595,31.42416658401489,34078.4,50.79240775814099,52.86163743051966,-0.16382996832165375,-0.18754905969102453,0.02371909136937078,38.22228566991119,40.36121626902707,31.209352123244624,30.839999866485595,30.470647609726566,-0.6160838157518879,交叉混雜,29.0
1615,2026-08-28,44.50999984741211,44.27999992370606,43.52999992370606,44.14335791269938,116672.4,58.999370796421715,61.19254961712582,0.2759699371740041,0.08406621861470394,0.19190371855930016,58.74959229454333,57.3793857173053,45.71449079266754,43.52999992370606,41.345509054744575,2.343210004921242,交叉混雜,43.0
1616,2026-08-28,19.729999923706053,19.429999923706056,19.4875,20.770833269755045,304239.6,70.19540985145088,61.058898488237574,-0.12842064671774978,-0.2777993501494707,0.14937870343172094,58.747843637849215,52.669582674917926,20.173353554507692,19.4875,18.80164644549231,1.6035881311638034,交叉混雜,5.0
1617,2026-08-28,17.64000015258789,17.655000114440917,18.032500076293946,18.909166717529295,348791.4,42.272643588354484,30.597454076581755,-0.37037720628044823,-0.4147658300119374,0.04438862373148916,46.7709837872767,45.225642970056114,19.34970387723326,18.032500076293946,16.715296275354632,-1.8438891554011763,空排,69.0
1618,2026-08-28,39.95000076293945,39.385000228881836,39.60499992370605,39.983333333333334,646709.4,58.12281546166296,46.14949585897733,0.20468223461148227,0.08868078531426854,0.11600144929721373,62.854261405078454,56.926176839011106,41.75610779465999,39.60499992370605,37.45389205275212,2.0073263570365394,交叉混雜,33.0
1623,2026-08-28,200.9,202.2,206.65,215.10833333333332,85005.2,47.3641217410285,32.64107998089444,-4.169409740513743,-4.236349411428666,0.06693967091492325,45.41694956626469,42.38261631301641,217.3865583037803,206.65,195.9134416962197,-2.2501814662472808,空排,24.0
1626,2026-08-28,9.650000190734863,9.62100009918213,9.624000120162965,10.069333362579346,94720.2,49.98609987456543,46.895858882289176,-0.1030249335062976,-0.141404641908736,0.0383797084024384,56.95365249832177,48.582097937867296,9.788336027317184,9.624000120162965,9.459664213008745,0.6857799189139934,交叉混雜,25.0
1702,2026-08-28,32.85999984741211,32.65499992370606,32.917499732971194,32.62083317438761,122361.2,65.54266421103983,57.06388701730353,-0.08710571345857687,-0.0813766718276051,-0.005729041630971779,46.67730161342128,46.88521627452191,33.83531966465231,32.917499732971194,31.99967980129008,-0.5088470701905142,交叉混雜,37.0
1707,2026-08-28,90.15999908447266,90.13999862670899,89.73499908447266,93.0799996693929,488639.6,55.18804541358661,62.117454050268634,-0.46483307772702176,-0.691323482083553,0.22649040435653123,39.481498105187605,43.57571902326272,91.17762083742774,89.73499908447266,88.29237733151759,-0.48475626807034666,交叉混雜,9.0
1708,2026-08-28,50.439999389648435,50.30999946594238,49.79999961853027,51.46166648864746,3335812.8,53.1376253641275,53.58659678050468,-0.13821055392158144,-0.3935365407555561,0.25532598683397467,59.76139671463168,53.33091341110728,51.49581514294339,49.79999961853027,48.10418409411715,2.409639338678258,交叉混雜,87.0
1709,2026-08-28,35.16000061035156,33.74000015258789,30.545000076293945,25.86916669209798,19434143.6,76.09717933548397,78.16747896392161,2.656742774864231,2.219675941471877,0.43706683339235397,64.8838547699228,65.98985698006568,38.27293306299909,30.545000076293945,22.8170670895888,18.34998014596509,多排,95.0
1710,2026-08-28,15.739999961853027,15.484999942779542,14.90999994277954,15.221666542689006,5068169.8,71.65382490985169,72.48565936904895,0.22501050473854356,0.06882518469926913,0.15618532003927443,65.853951060481,58.495347478177365,16.503605686178496,14.90999994277954,13.316394199380586,6.639836884977049,交叉混雜,78.0
1711,2026-08-28,42.85000076293945,40.96500015258789,38.76499996185303,40.83166675567627,10325044.0,67.50012837327643,72.70602107155166,1.2383141238663882,0.34449845320946626,0.8938156706569219,75.8767291230279,66.33469410394679,45.18569906231441,38.76499996185303,32.344300861391645,13.246489279192602,交叉混雜,91.0
1712,2026-08-28,39.869999694824216,39.60500030517578,39.302500343322755,39.393333498636885,826631.2,76.6768520021911,77.50209419946344,0.14165028377632893,0.04879726698373292,0.09285301679259601,63.514582063195355,58.82138782272725,40.14634757660328,39.302500343322755,38.45865311004223,1.2658199590151864,交叉混雜,43.0
1713,2026-08-28,43.86000061035156,44.13500061035156,44.71000022888184,47.35166670481364,84101.4,22.461368114581898,19.870702753131273,-0.8444001725885997,-0.8770004106591747,0.032600238070574994,47.44248360506092,41.6073814102556,46.7646736477296,44.71000022888184,42.655326810034076,-1.1406832103144016,空排,34.0
1714,2026-08-28,16.589999771118165,16.774999809265136,16.3574999332428,16.547499958674113,9875987.0,46.27421423741417,49.14332126818226,0.2653531863603966,0.2512930505676386,0.014060135792758,55.12944496500963,54.50437867411137,18.06515270705414,16.3574999332428,14.649847159431461,2.0938458266510573,交叉混雜,93.0
1717,2026-08-28,73.68000030517578,72.2099998474121,70.83499927520752,70.06363709767659,16064773.4,56.5020255493581,44.06417860199575,1.853993462419922,1.1488350805977257,0.7051583818221963,79.74461872411314,66.89805109484439,79.9206211663121,70.83499927520752,61.74937738410294,9.69153348384015,多排,86.0
1718,2026-08-28,10.70999984741211,10.619999885559082,10.474499893188476,11.19916655222575,17523673.4,45.5024287358693,42.86180908819426,-0.10039588782044184,-0.18135212137807047,0.08095623355762863,58.08635936191732,50.597295280107886,11.29081950144854,10.474499893188476,9.658180284928411,2.630198191998462,交叉混雜,89.0
1720,2026-08-28,56.87999954223633,56.65,56.57500038146973,57.17545394897461,170944.6,57.452285867012506,61.65609728233101,-0.09375074455787313,-0.15021813873831774,0.05646739418044461,38.312117774307644,44.27007903340206,57.478501086924275,56.57500038146973,55.67149967601518,-0.3093218814155588,交叉混雜,56.0
1721,2026-08-28,19.940000152587892,19.775,19.89000005722046,22.131666628519692,512451.6,57.91435253845248,45.7857347633876,-0.41144860233283254,-0.6325908270485829,0.2211422247157504,67.13889653727031,52.25121478834757,20.575642293380923,19.89000005722046,19.204357821059993,2.56410035114442,交叉混雜,76.0
1722,2026-08-28,44.91999893188476,45.45499954223633,45.514999580383304,46.835833104451496,2562455.2,22.386764264889752,36.99176243576122,-0.4281557458946139,-0.3463599359153136,-0.0817958099793003,28.459428978042666,35.696062893401304,46.7376375693342,45.514999580383304,44.29236159143241,-2.0103287151442046,空排,36.0
1723,2026-08-28,87.34000091552734,87.11000137329101,85.60500106811523,85.52333386739095,403218.2,46.72889075052246,58.173705501964186,0.6153076043539869,0.4686959713697444,0.1466116329842425,46.4232031105222,50.98928724829938,89.27018641028761,85.60500106811523,81.93981572594285,0.8118707727012073,多排,67.0
1725,2026-08-28,31.54000015258789,31.18000011444092,30.772500133514406,31.847500038146972,31331.4,68.22554502506138,67.5432801198586,0.21725889156593325,0.01967938446105942,0.19757950710487382,67.68208286677739,59.72930836479361,32.06355217999513,30.772500133514406,29.48144808703368,3.176537045233438,交叉混雜,67.0
1726,2026-08-28,77.75999908447265,77.56999969482422,77.44000015258788,77.97333335876465,28803.6,64.45835816256557,61.285778000562225,0.005660481170693288,-0.060989604423099995,0.06665008559379329,49.30369529280987,49.99425430913139,78.16952670950116,77.44000015258788,76.71047359567461,0.20660940239920958,交叉混雜,56.0
1727,2026-08-28,94.14000091552734,91.68999938964843,83.25499992370605,85.62500031789143,6025199.6,84.5505459631403,82.06962014105376,4.283837934164239,2.154320339846912,2.1295175943173272,83.68844816164044,71.14387214347155,101.9072150766286,83.25499992370605,64.6027847707835,17.83075919046163,交叉混雜,94.0
1730,2026-08-28,51.70000076293945,51.54000053405762,51.460000610351564,51.94000002543132,59143.2,46.529049048838566,46.25253193531921,0.03066663202930897,-0.04363869894203081,0.07430533097133979,54.893493428286675,53.796737416879836,51.8972171759092,51.460000610351564,51.02278404479393,0.46638194664073,交叉混雜,48.0
1731,2026-08-28,20.979999923706053,20.910000038146972,20.880000114440918,20.999166679382324,72399.2,52.19241040774439,50.228337903488224,0.04344065824964716,0.025978034506831463,0.017462623742815694,56.4268710064279,54.99401973884507,21.313346761225077,20.880000114440918,20.44665346765676,0.5747120924395414,交叉混雜,44.0
1732,2026-08-28,26.530000305175783,26.364999961853027,26.49000005722046,26.48750006357829,115511.4,59.77369624170994,52.89475134945326,-0.01917803346600877,-0.05269363548092818,0.03351560201491941,64.37465694057872,54.9083358015069,27.1078065656963,26.49000005722046,25.87219354874462,0.7927546442634035,交叉混雜,45.0
1733,2026-08-28,32.25,31.90499973297119,31.685000038146974,30.759166622161864,112442.0,81.5499482012284,80.02476659578159,0.30121403700287885,0.2426676888772278,0.05854634812565104,56.874965864936726,57.221551183437256,32.9407658086576,31.685000038146974,30.429234267636343,1.3097630912876272,多排,65.0
1734,2026-08-28,31.43207550048828,31.746037673950195,31.743018913269044,31.05756279627482,288857.2,32.307998841758916,51.941681108987055,0.008454242323423955,0.18942348327288064,-0.18096924094945668,24.032740290956923,35.12821977357453,32.82966535858554,31.743018913269044,30.65637246795255,-3.128306466320213,交叉混雜,65.0
1735,2026-08-28,20.510000228881836,20.41500015258789,20.369999980926515,21.283333333333335,97453.8,54.820206566287325,46.45480233303239,-0.03634684076616779,-0.1729751330243397,0.1366282922581719,68.4192962023084,57.08326298314077,21.055488761687467,20.369999980926515,19.684511200165563,2.601863711831244,交叉混雜,69.0
1736,2026-08-28,127.1,128.7,132.675,127.55833333333334,257033.6,13.321928061372883,18.50032911117122,-1.1242625491155422,0.07084819897677813,-1.1951107480923204,33.148295121410655,42.32979287507986,145.11971986955288,132.675,120.23028013044714,-5.407951761824014,交叉混雜,39.0
1737,2026-08-28,30.86999969482422,31.559999847412108,31.779999828338624,31.855833276112875,305615.4,12.510001069762454,29.1891382070497,-0.26373075018814873,-0.10477882663179006,-0.15895192355635868,20.48334962559423,27.48057703827338,32.90455850828231,31.779999828338624,30.65544114839494,-3.0837023177205896,空排,44.0
1742,2026-08-28,17.670000076293945,17.739999961853027,17.832499980926514,16.401666657129923,78054.4,37.27499563463337,41.81065527994423,0.2867450178717874,0.37639401475938017,-0.08964899688759276,52.581838594611796,55.91435078098992,18.37372208973125,17.832499980926514,17.29127787212178,-0.462638334584354,交叉混雜,74.0
1752,2026-08-28,31.730000305175782,31.795000076293945,31.84499979019165,32.15583324432373,63774.4,50.43702051215392,46.44424744250503,-0.05653852667288106,-0.0577726839929603,0.0012341573200792405,54.4216344195681,50.34401431690422,32.157712424466844,31.84499979019165,31.532287155916453,0.015702908811500035,空排,29.0
1760,2026-08-28,58.34000015258789,58.429999923706056,58.72999954223633,60.24333330790202,71158.4,29.909390966294346,29.542135430429745,-0.49748139163542504,-0.5599236002238843,0.06244220858845928,42.11724244877811,42.1624069941388,59.57130109601989,58.72999954223633,57.88869798845277,-0.7321646663159631,空排,32.0
1762,2026-08-28,35.84000015258789,35.505000305175784,34.90999984741211,36.02666657765706,70620.4,66.48836229783339,66.79149047634621,0.18120938575415835,0.019097741545504174,0.16211164420865418,50.033566703652276,52.19485004292422,37.81944001728282,34.90999984741211,32.000559677541396,1.6900605991598923,交叉混雜,75.0
1773,2026-08-28,159.6,157.95,157.95,166.64166666666668,269982.2,60.61910524609577,56.63953284190653,-1.27053424556334,-2.1678095049056685,0.8972752593423285,54.554889056307836,49.80731022333621,163.66148427569766,157.95,152.23851572430232,0.981323203545433,交叉混雜,57.0
1776,2026-08-28,17.04000015258789,17.030000114440917,16.99000005722046,18.092500019073487,39496.2,68.94166916454753,57.83570760511014,-0.18480545641082813,-0.2650879998767075,0.08028254346587937,53.010981637128594,47.128335486370204,17.343329905361998,16.99000005722046,16.636670209078922,0.647441576685096,交叉混雜,61.0
1777,2026-08-28,74.41999969482421,74.28999938964844,74.09499969482422,73.08333333333333,26434.0,75.4641160163882,66.09522254373155,0.38692815493740795,0.3827832355859669,0.004144919351441068,63.568720773725246,61.22413347762533,75.85953372623166,74.09499969482422,72.33046566341679,0.8165156298127687,多排,57.0
1780,2026-08-28,24.83000030517578,24.68000011444092,24.007499980926514,25.047499974568684,139045.4,71.35021817208136,80.38930359432555,0.17861875830480045,0.012551032962794133,0.1660677253420063,48.4638509302007,54.006626119050374,25.594710620470156,24.007499980926514,22.420289341382873,2.0514423387056846,交叉混雜,59.0
1781,2026-08-28,10.75,10.854999923706055,11.057499980926513,11.56750005086263,20041.0,9.294044816008794,13.446937233857007,-0.22676017135358073,-0.19725874377128233,-0.0295014275822984,6.501723110882182,20.049447715669004,11.628072273631188,11.057499980926513,10.486927688221838,-5.04182665058255,空排,26.0
1783,2026-08-28,40.54000015258789,40.47500038146973,40.42500019073486,39.85166670481364,49667.2,63.45005788334129,58.81810612159064,0.14525659391865986,0.13947704599035585,0.005779547928304013,60.84135013905485,56.04512256389407,41.046966673787,40.42500019073486,39.80303370768273,0.6802735211059272,多排,49.0
1784,2026-08-28,62.119998931884766,61.46999969482422,60.864999771118164,63.6983331044515,70148.4,72.81458447232173,69.29128955310466,0.016927305196809073,-0.4006726339954864,0.4175999391922955,55.59325253595207,53.23529796430716,63.754016975451506,60.864999771118164,57.97598256678482,1.8647830989073946,交叉混雜,9.0
1785,2026-08-28,102.7,102.4,106.4,122.22000007629394,3009225.6,46.1411367668812,37.52484953899569,-3.8943467384948605,-4.655541950729849,0.7611952122349885,49.41128940914492,44.22825849424667,116.90613855649883,106.4,95.89386144350118,-2.7255639097744413,交叉混雜,84.0
1786,2026-08-28,49.33999938964844,49.55999946594238,50.00499973297119,52.2408332824707,102722.2,22.25852137342642,27.33047513652847,-0.5835100814206697,-0.5964031516361092,0.012893070215439506,35.59086761511696,40.24287301413076,51.65389131994722,50.00499973297119,48.356108145995165,-2.40976002868793,空排,5.0
1788,2026-08-28,129.9,129.9,130.125,130.63333333333333,17729.0,34.89715963495477,37.14570014273386,-0.1859867792705927,-0.11380629267310632,-0.07218048659748638,30.23162047987188,38.87142528059719,131.0915456669573,130.125,129.1584543330427,-0.8645533141210375,交叉混雜,40.0
1789,2026-08-28,19.070000076293944,19.100000190734864,18.995000076293945,19.799999936421713,213950.4,59.65565758041501,62.66704092854599,-0.14053575681318264,-0.20142018151961635,0.06088442470643371,51.42670956411766,48.23850370043998,19.49542113955655,18.995000076293945,18.494579013031338,0.5527786509820759,交叉混雜,55.0
1795,2026-08-28,194.5,191.8,189.85,191.84166666666667,1331213.6,61.7732352078354,63.857604104796295,1.2992934518262302,0.2569519792219903,1.04234147260424,54.175569269951716,54.07611805608452,199.09007290926576,189.85,180.60992709073423,1.659204635238349,交叉混雜,20.0
1796,2026-08-28,29.239999771118164,29.544999885559083,30.182499980926515,31.98249994913737,37801.0,15.741967217155173,16.087247019556585,-0.6803675328103047,-0.6641770585752852,-0.016190474235019514,39.91586103019122,40.48744506530176,31.739580589399967,30.182499980926515,28.625419372453063,-2.7582194979967767,空排,5.0
1799,2026-08-28,29.95999984741211,29.995000076293945,30.64000005722046,31.916666762034097,101953.6,20.077677282976516,15.977266621833252,-0.73831594092103,-0.7543900265124792,0.016074085591449183,35.06197090695031,39.0097020454392,32.40474258225222,30.64000005722046,28.8752575321887,-2.2519559170771073,空排,21.0
1802,2026-08-28,58.92000045776367,58.22999992370605,56.3375,60.35583330790202,39393060.2,68.37619259926133,63.094120139558484,0.7010982194313797,-0.0937226686837157,0.7948208881150954,73.6156786999922,61.778984406552496,62.36907302794511,56.3375,50.305926972054884,7.921010405255023,交叉混雜,81.0
1805,2026-08-28,10.25,10.185999965667724,10.069999933242798,10.173999993006388,71525.4,92.48192443293291,88.37689952948024,0.05515583794561074,0.014599467066968658,0.040556370878642084,71.29061570987503,62.3527874796443,10.387954047983627,10.069999933242798,9.75204581850197,2.780540715820654,交叉混雜,33.0
1806,2026-08-28,8.02000026702881,8.006000280380249,7.998500084877014,8.144333346684773,155185.8,69.90519737795971,72.251589788822,-0.029269483604641877,-0.04334937845990389,0.01407989485526201,51.24528203322758,48.20651047287988,8.083915679437078,7.998500084877014,7.913084490316948,0.2688050591799008,交叉混雜,31.0
1808,2026-08-28,35.67999954223633,34.904999542236325,33.809999752044675,32.10499992370605,2521644.6,59.86716535584715,67.89493289853294,1.024490047215238,0.8771046534784157,0.14738539373682236,49.39284884363319,55.57164475678827,36.89042995237099,33.809999752044675,30.729569551718363,2.9281262711514846,多排,68.0
1809,2026-08-28,38.89000015258789,38.56999969482422,38.84749984741211,44.306666723887126,1371025.0,57.7708423309493,44.78461236907639,-0.5260027484827035,-0.9274081730527549,0.40140542457005146,59.19710949562065,52.018619643332194,42.2539143463612,38.84749984741211,35.44108534846302,2.1944807745050663,交叉混雜,88.0
1810,2026-08-28,25.31999969482422,25.73499984741211,25.317499828338622,24.340833346048992,5448575.6,26.44914416254817,31.102191558443224,0.07877902019219718,0.1578272457466941,-0.07904822555449692,45.3284105874333,48.41699392511304,27.140243366863338,25.317499828338622,23.494756289813907,-0.26661332594566783,交叉混雜,83.0
1813,2026-08-28,11.619999885559082,11.539999866485596,11.519999885559082,11.767499955495198,13977.6,52.28537704541033,59.812105191788774,-0.030891673435005984,-0.07347804872393844,0.04258637528893246,60.40042300694537,53.69600331824162,11.71029054098616,11.519999885559082,11.329709230132005,1.1284699154741527,交叉混雜,30.0
1815,2026-08-28,115.3,108.53000030517578,97.20500030517579,93.14166679382325,82707418.8,89.1460295625363,85.7166457973014,8.821800378569293,5.38320067012765,3.438599708441643,85.31060307857804,78.16766639323131,125.27367316728717,97.20500030517579,69.1363274430644,29.108584543996564,多排,82.0
1817,2026-08-28,40.20999984741211,40.099999618530276,39.39749984741211,39.23833332061768,43309.0,76.26155289305228,72.95803056086771,0.4109791929864457,0.30153611109645767,0.10944308188998803,86.6540585711651,77.14299959310442,41.02731206983252,39.39749984741211,37.767687624991694,2.6714916418648884,多排,59.0
1903,2026-08-28,48.5,48.23000030517578,47.714999961853025,48.005833307902016,107352.4,45.468500293954094,54.873369960439355,0.1262830695272399,0.02279148064557982,0.10349158888166007,45.17873623837808,49.590001975409116,49.12477812171062,47.714999961853025,46.30522180199543,0.5972965280830473,交叉混雜,34.0
1904,2026-08-28,25.410000228881835,25.23500003814697,24.207499980926514,22.85749994913737,2183244.8,56.00843011464419,65.34972077769882,0.8774454516614227,0.8471298209483863,0.030315630713036446,55.14814359242034,63.03067314546584,27.29197326304971,24.207499980926514,21.12302669880332,3.8934199663177558,多排,84.0
1905,2026-08-28,13.539999961853027,13.469999885559082,13.417499876022339,14.38666664759318,1326759.4,70.44393212678942,61.62896481933247,-0.1162153692019956,-0.20109659134525648,0.08488122214326088,61.65321170983881,52.41843355352467,13.877791526158141,13.417499876022339,12.957208225886536,2.1054588101590967,交叉混雜,71.0
1906,2026-08-28,11.539999961853027,11.5,11.360000038146973,11.257499996821085,124751.8,49.63149239047986,51.116994909143685,0.10758618386427443,0.10276814487340608,0.004818038990868356,44.51709444347715,51.01586497727591,11.929025122625834,11.360000038146973,10.790974953668112,0.35210898106497807,多排,53.0
1907,2026-08-28,30.470000076293946,30.26500015258789,30.11750011444092,28.378333377838135,1012243.6,56.2690548343514,63.044405996411356,0.5012798186140444,0.573231034699174,-0.07195121608512967,41.68538571698739,50.825672026786776,31.39494657368771,30.11750011444092,28.840053655194126,-0.722173138820233,多排,75.0
1909,2026-08-28,10.939999961853028,11.079999923706055,10.604500007629394,10.202833382288615,2947757.6,44.53763295709834,59.25739088345138,0.24613928623329961,0.2415915820561278,0.0045477041771718185,48.179518744460935,56.37739752020159,11.638825967516995,10.604500007629394,9.570174047741792,2.3150584531444935,交叉混雜,70.0
2002,2026-08-28,19.15999984741211,19.135000228881836,19.16750011444092,18.963333320617675,22155889.2,40.607841101891196,42.53298999491018,0.052303662527350525,0.0731477090290878,-0.02084404650173728,43.6679091087303,48.05011502597149,19.75264513568409,19.16750011444092,18.582355093197748,-0.6130213991330387,交叉混雜,49.0
2006,2026-08-28,81.61999969482422,81.38000030517578,82.56500053405762,74.08500010172526,1281903.2,43.49338976169789,44.69616149596176,1.662790313352616,2.3200675174394187,-0.6572772040868027,40.38715858645039,51.34472606179047,87.64386202448996,82.56500053405762,77.48613904362527,-2.3799455546856936,交叉混雜,77.0
2007,2026-08-28,7.0320000648498535,7.032000017166138,7.040500044822693,7.190999992688497,157430.4,45.322020275357,46.696841263647585,-0.03255496085242182,-0.03892291392356939,0.00636795307114757,43.83044855882866,45.37644665592753,7.1573850393366145,7.040500044822693,6.923615050308771,-0.5752438685441812,交叉混雜,32.0
2008,2026-08-28,30.629999923706055,30.719999885559083,30.792499828338624,30.56499980290731,34865.2,21.890259389509243,28.756316618198667,0.010080817825901534,0.05961333375725343,-0.0495325159313519,45.15117428315658,47.70403249804821,31.311887147406836,30.792499828338624,30.273112509270412,-0.7875313554598166,交叉混雜,68.0
2009,2026-08-28,41.89000015258789,40.55000038146973,39.84250030517578,38.88666661580404,5909586.0,62.22698945209024,59.944921548759694,0.9544215608155966,0.6850697469922367,0.26935181382335993,55.36853673422396,57.39558054064786,43.01263643993767,39.84250030517578,36.67236417041389,3.658151272437654,多排,60.0
2010,2026-08-28,22.769999694824218,22.77999973297119,22.48500003814697,22.540000120798748,713630.2,57.51768841089843,61.50563498465107,0.2446561288206155,0.22454487722769792,0.020111251592917573,50.22815082008444,55.03718076961251,23.934173814315432,22.48500003814697,21.03582626197851,0.956196239393916,交叉混雜,58.0
2012,2026-08-28,14.839999961853028,14.919999980926514,15.064999914169311,15.319166692097982,41806.4,32.387499202638146,37.45684855589187,-0.18765559211207616,-0.161754283299262,-0.02590130881281416,25.73905474765472,34.6821854741619,15.496764793340091,15.064999914169311,14.633235034998531,-2.4228350944819814,空排,35.0
2013,2026-08-28,41.89000015258789,41.58500022888184,41.304999923706056,41.82750015258789,72985.6,69.8597143038809,64.97641743371784,0.1381160219154438,0.034821168053710265,0.10329485386173354,54.62815107297783,55.52177987821964,42.26411173306158,41.304999923706056,40.34588811435053,0.9563027235516235,交叉混雜,50.0
2014,2026-08-28,17.189999771118163,17.175,17.207500076293947,17.336666742960613,1380916.2,41.81517127488104,44.59740167125372,-0.013062685971014787,-0.009175346215941422,-0.003887339755073365,40.57495302464435,46.11684665003238,17.85498497397948,17.207500076293947,16.560015178608413,-0.9153034347527459,交叉混雜,53.0
2015,2026-08-28,64.7999984741211,64.32999954223632,64.33999996185302,63.173333422342935,151934.8,77.48538806781261,74.21441624616304,0.278231228378786,0.24777441377652515,0.03045681460226085,49.953513618727705,51.99965776446485,66.23336840079247,64.33999996185302,62.44663152291357,0.24867895281603822,交叉混雜,53.0
2017,2026-08-28,9.191999816894532,9.099999713897706,8.961999797821045,9.083833249409993,2129857.6,55.50564390586969,58.62038352354993,0.07946628602174144,0.022832472846230883,0.056633813175510556,64.57500075522898,60.24735064275358,9.42596892756554,8.961999797821045,8.49803066807655,3.9946429935226617,交叉混雜,54.0
2020,2026-08-28,21.870000457763673,21.765000343322754,21.492500209808348,21.456666882832845,206179.8,72.83539387652587,75.28316811587007,0.14722361618864355,0.0935524925170283,0.05367112367161525,63.649667960350385,59.397714397448695,22.177893004912292,21.492500209808348,20.807107414704404,1.6633717258182419,多排,42.0
2022,2026-08-28,7.6720000267028805,7.677000045776367,7.682999992370606,7.771999986966451,256561.8,30.86036365168127,37.46347037524529,-0.023275522491945644,-0.023367273903470893,9.175141152524893e-05,44.282803398541674,46.20134986331085,7.873743659429561,7.682999992370606,7.492256325311651,-0.4295183787055035,空排,40.0
2023,2026-08-28,13.830000114440917,13.860000038146973,13.802499961853027,13.785833231608073,1033499.8,34.32231153681592,49.86305287250273,0.010941718165250691,0.019720559846302055,-0.008778841681051364,27.648189491205514,40.5446725176674,14.023681221923246,13.802499961853027,13.581318701782807,-1.1048747961907588,交叉混雜,40.0
2024,2026-08-28,13.510000228881836,13.425000095367432,13.455000114440917,13.779166730244954,7585.0,58.56682861630702,58.30513014615296,-0.06857565031937263,-0.09795753320989518,0.029381882890522557,58.94886582292155,52.54343000932101,13.745009305017742,13.455000114440917,13.164990923864092,1.077668270498074,交叉混雜,21.0
2025,2026-08-28,13.15999984741211,12.919999885559083,12.637499904632568,12.832499980926514,703989.8,75.3455063842773,75.80773042451912,0.24035372043625536,0.1550625423935303,0.08529117804272507,68.18265784351233,63.26747807704049,13.521197286472553,12.637499904632568,11.753802522792583,4.846687240273734,交叉混雜,75.0
2027,2026-08-28,49.73000030517578,49.91500015258789,48.17499980926514,43.81583340962728,12487666.8,37.77282598427964,57.185075918070666,1.6585614521084864,1.8823230039388135,-0.2237615518303271,40.358060617360586,53.49662377121744,52.713780592452395,48.17499980926514,43.63621902607788,0.4670507888004085,交叉混雜,77.0
2028,2026-08-28,15.830000114440917,15.750000095367431,15.617500066757202,15.930833419164022,80554.6,81.21974069648644,77.97496235198275,0.03358957997942191,-0.019336964570399084,0.052926544549821,59.13926523409989,55.159346949527645,16.10011902500241,15.617500066757202,15.134881108511994,1.4887165917637193,交叉混雜,31.0
2029,2026-08-28,22.320000076293944,22.095000076293946,21.49000015258789,20.97500006357829,418220.2,76.10899425588715,82.91200565064153,0.42363715558111537,0.35437201157392473,0.06926514400719064,58.95400799573201,64.35627819863892,22.938265763397418,21.49000015258789,20.04173454177836,3.0711933981205912,多排,62.0
2030,2026-08-28,23.189999771118163,22.299999809265138,20.81999988555908,19.05166654586792,4109016.4,79.00588572845598,82.81828601449962,1.331290257747483,1.1385248884120291,0.19276536933545385,63.813358780494795,69.3977227889001,25.128791118000642,20.81999988555908,16.51120865311752,9.510083392818887,多排,86.0
2031,2026-08-28,46.05999984741211,45.69499969482422,44.32499961853027,41.107499821980795,1008415.4,64.00141837334917,69.28894024908166,1.5008755746826665,1.5371180602855936,-0.03624248560292709,49.26642926570366,58.422018316982474,49.82423400186228,44.32499961853027,38.82576523519826,2.425272231472792,多排,72.0
2032,2026-08-28,17.269999694824218,17.079999732971192,16.882499933242798,16.754166587193808,388002.4,62.52478384885637,60.38944378247156,0.22929162094336775,0.19719762084899675,0.032094000094370995,53.91776732559278,56.18982705104414,18.16856893200803,16.882499933242798,15.596430934477567,1.584479113550893,多排,62.0
2033,2026-08-28,23.55,22.895000076293947,20.700000095367432,17.347499974568684,1363246.0,79.85153597948724,74.51657807380141,2.0490835713149913,1.7697486602443737,0.2793349110706176,80.37242666346194,77.19184181526927,26.78310863907847,20.700000095367432,14.616891551656394,23.913041064529413,多排,91.0
2034,2026-08-28,20.400000381469727,20.240000343322755,19.922500228881837,20.002499961853026,987105.2,75.86946498889967,74.38102642192015,0.20501828345040352,0.1352184087070467,0.0697998747433568,67.87461478626861,61.633355907255634,21.218029425047344,19.922500228881837,18.62697103271633,2.6477627205288883,交叉混雜,52.0
2035,2026-08-28,27.4,27.309999847412108,27.119999885559082,27.436666615804036,223.8,62.20080847413402,75.72658650120708,0.03206758382496844,-0.012402825900521264,0.0444704097254897,29.26455674342877,42.0297136091618,27.74188147945114,27.119999885559082,26.498118291667023,-0.44247745599357413,交叉混雜,43.0
2038,2026-08-28,12.899999809265136,12.769999980926514,12.7125,13.0375,165569.8,58.191862107084546,55.66231412410663,0.014020454475474509,-0.03017363228625511,0.04419408676172962,49.36657666507127,50.84730830265414,13.256244117995463,12.7125,12.168755882004538,0.6883004187599837,交叉混雜,27.0
2049,2026-08-28,351.1,358.75,362.2,337.89166666666665,2876265.0,32.07076243240006,29.90056800468834,4.832261776894029,7.457130520584332,-2.6248687436903033,46.546795989740865,50.673184190016926,394.75020413873494,362.2,329.64979586126503,-2.2639425731639946,交叉混雜,85.0
2059,2026-08-28,14369.0,14137.0,12559.0,9179.916666666666,473802.0,65.49048166872849,71.70580058335828,1533.2246302811109,1508.1920614364951,25.032568844615753,67.73107759062978,72.4152906551609,16380.116673379513,12559.0,8737.883326620487,13.862568675849987,多排,98.0
2061,2026-08-28,50.66999969482422,50.164999389648436,53.50749969482422,56.0399995803833,1598010.0,45.95576840786494,33.18747893599673,-1.7745468921107985,-1.6151858573466622,-0.15936103476413632,51.81855469001281,46.67605361053344,62.47136154281857,53.50749969482422,44.54363784682987,-3.3780291402022002,交叉混雜,96.0
2062,2026-08-28,19.3,19.10499973297119,18.942499923706055,18.973333390553794,118272.0,77.08559590405554,77.89517858351599,0.11112048266572216,0.043109885365824635,0.06801059729989753,56.68675747760162,57.10815741560981,19.491446190731168,18.942499923706055,18.393553656680943,1.359381498062682,交叉混雜,35.0
2063,2026-08-28,24.120000457763673,24.300000190734863,24.19500026702881,24.285000165303547,36361.0,16.74043556393358,27.535493070211004,-0.0018968395777569924,0.022474217532037086,-0.024371057109794078,36.51946444953337,43.526978083686934,24.809645924427674,24.19500026702881,23.580354609629946,-1.0126038494954035,交叉混雜,34.0
2064,2026-08-28,12.579999923706055,12.5,12.255000019073487,13.04499994913737,183216.6,40.62606456378782,52.9677523967783,-0.02956365586587495,-0.09373397157760374,0.06417031571172879,35.4628236383368,43.30023230343119,13.010958845766353,12.255000019073487,11.49904119238062,-0.040799829177517205,交叉混雜,30.0
2065,2026-08-28,36.61000061035156,36.28999977111816,35.20499982833862,33.6658332824707,42481.6,46.74132029406262,48.36467893196385,1.032953423483491,0.9540376510270164,0.07891577245647452,63.32912640177087,65.17505622113784,39.19154316620074,35.20499982833862,31.218456490476502,4.104535448334574,多排,71.0
2066,2026-08-28,53.98000030517578,55.6,58.33000011444092,62.3533332824707,74401.6,15.989959403087335,15.998302898692142,-2.2702014451751182,-1.850019770805348,-0.42018167436977016,29.914245492459457,33.3672031749163,65.23235643335168,58.33000011444092,51.42764379553016,-7.423281511993227,空排,41.0
2067,2026-08-28,4.99399995803833,5.373999977111817,5.861999988555908,6.303333338101705,23294.0,20.157993196450526,19.148389424990434,-0.3821182914735477,-0.2847469038979539,-0.09737138757559383,31.995125487401253,30.214428815003345,7.035848381895821,5.861999988555908,4.688151595215995,-12.998977915574116,空排,2.0
2069,2026-08-28,21.3,20.645000076293947,20.04750003814697,19.154166730244956,853954.2,77.81626154925422,76.72811717978725,0.6912057206418041,0.5155938765812245,0.1756118440605796,70.01517034225672,71.37321321265806,21.926602565568704,20.04750003814697,18.16839751072524,6.74647501089775,多排,77.0
2070,2026-08-28,66.7,66.35,61.76000003814697,60.09749978383382,266891.6,64.29595369766768,65.84976108839211,3.0969564952160837,2.4536524580629155,0.6433040371531682,59.75861002135065,61.43009651624274,74.28893905079671,61.76000003814697,49.231061025497226,8.646370519228944,多排,83.0
2072,2026-08-28,148.4,150.05,152.575,156.49166666666667,352332.6,14.568735539608605,19.696731632538743,-1.3550069100296867,-0.7939326221821743,-0.5610742878475123,25.608209144898566,37.04399070480183,161.4322004606362,152.575,143.71779953936377,-5.620186793380298,空排,3.0
2101,2026-08-28,32.86000061035156,32.660000038146975,33.31999979019165,33.07416664759318,1674107.8,46.77273378216418,53.29373393984686,-0.2145171853402843,-0.10706159851970831,-0.10745558682057599,28.243049380572756,38.100024353621755,35.46191234221871,33.31999979019165,31.17808723816459,-4.711884153894292,交叉混雜,32.0
2102,2026-08-28,18.6,18.674999809265138,18.75999984741211,18.655833212534585,239872.0,33.336456687418575,35.579477316204404,-0.06603546136728156,-0.032875834860607654,-0.0331596265066739,35.65126608228795,42.3462908618094,19.12360769614606,18.75999984741211,18.396391998678162,-1.1194062476526774,交叉混雜,47.0
2103,2026-08-28,28.110000228881837,27.940000152587892,26.55000009536743,23.74499994913737,4668794.6,63.00118477725826,65.71983493653882,1.3191332162085274,1.3244363343753192,-0.005303118166791743,61.698418550643055,62.823284790230964,31.454133835927454,26.55000009536743,21.645866354807406,6.214691757609157,多排,90.0
2104,2026-08-28,10.379999923706055,10.404999923706054,10.223999977111816,10.351333284378052,3868267.4,43.47318528482757,56.4626928091048,0.04896569545234719,0.02762979049391852,0.021335904958428673,44.55385387092642,48.54262167660915,10.85886068600843,10.223999977111816,9.589139268215202,0.2543038238105352,交叉混雜,36.0
2105,2026-08-28,31.170000076293945,31.179999923706056,31.107499885559083,31.60416669845581,4032368.0,42.41103870894731,53.408414244534825,-0.09476789878646841,-0.09391422897709113,-0.0008536698093772749,29.196387182959015,39.98595942302945,32.14230192393454,31.107499885559083,30.07269784718363,-1.7921743970088135,交叉混雜,32.0
2106,2026-08-28,17.18000030517578,17.344999885559083,17.73499994277954,17.7033332824707,1970928.8,12.056355893240132,17.244939563767563,-0.21344873932257613,-0.10629668731236722,-0.10715205201020891,18.461487823392304,30.962639831762246,18.746044222299997,17.73499994277954,16.723955663259087,-4.990130048859264,交叉混雜,26.0
2107,2026-08-28,26.85,26.475000190734864,25.97750015258789,25.810833358764647,363763.6,81.92197465211072,81.17268043065735,0.3306441841718133,0.19205672844454963,0.13858745572726366,74.9064964906928,71.76666425034233,27.2058815365865,25.97750015258789,24.74911876858928,3.5511479569772373,多排,66.0
2108,2026-08-28,30.309999847412108,30.05,29.450000190734862,28.85583349863688,869878.6,56.04646545150607,58.155652247555764,0.5608942886330084,0.48147615609135597,0.07941813254165242,57.07537047968759,57.271904368086126,31.810641798485122,29.450000190734862,27.0893585829846,3.3955876595179006,多排,77.0
2109,2026-08-28,14.810000228881837,14.750000190734863,14.655000019073487,14.595833349227906,64764.6,73.00304737808744,72.58557875791915,0.0723573193331859,0.054663188133166896,0.017694131200019003,57.93718765266757,57.97852259327164,14.972722540333782,14.655000019073487,14.337277497813192,0.9894245750437289,多排,52.0
2114,2026-08-28,89.02000122070312,88.66000061035156,88.28500022888184,88.78833338419597,55646.0,54.140867540589156,64.5119140913369,0.21728776055626042,0.03298468472564903,0.1843030758306114,56.17178726845783,55.96195240431706,89.54703809258243,88.28500022888184,87.02296236518126,0.8098768412125472,交叉混雜,44.0
2115,2026-08-28,23.95999984741211,23.679999923706056,23.104999923706053,22.025,43800.0,60.03542240956836,66.27329249480809,0.559093255057892,0.5107931591810094,0.048300095876882554,64.67522267847326,68.67057516228854,24.643590982549746,23.104999923706053,21.56640886486236,3.440812367233723,多排,54.0
2201,2026-08-28,28.729999923706053,28.794999885559083,28.29000005722046,28.04666659037272,2004922.8,38.830214717225516,51.976639655864055,0.23840449525001262,0.23206201886246294,0.006342476387549673,40.956481756860114,49.80348552748693,29.668251925837055,28.29000005722046,26.911748188603866,0.3888284237798643,交叉混雜,30.0
2204,2026-08-28,53.98000030517578,53.80999984741211,52.599999809265135,54.51499989827474,694007.6,58.18578314574626,67.6677935315704,0.12197147622959648,-0.14921692512877419,0.27118840135837063,46.38497086753857,50.12809864368166,55.49900148554238,52.599999809265135,49.70099813298789,1.5209158165678474,交叉混雜,41.0
2206,2026-08-28,63.619999694824216,63.29000015258789,62.42000026702881,62.55999984741211,642443.0,70.42851487679756,76.34095304216417,0.3133627677356401,0.17077441054594383,0.14258835718969626,48.67188648268995,51.95931929569707,65.03542035343385,62.42000026702881,59.80458018062377,1.0893915478745484,交叉混雜,59.0
2207,2026-08-28,522.2,517.0,515.85,495.2083333333333,170753.0,61.90717827075293,56.23463305998938,5.56633653982783,5.829513199124393,-0.26317665929656275,52.65625787706341,54.4371728942297,528.353052258878,515.85,503.346947741122,0.8044974314238592,多排,48.0
2208,2026-08-28,19.22000045776367,19.26499996185303,19.19999990463257,19.08583329518636,2967467.6,19.915946171325906,20.563146175024198,-0.02272015639633196,-0.026894515196116152,0.004174358799784193,47.399009278569764,48.772649193239964,19.834117178530317,19.19999990463257,18.565882630734823,4.47034837295727e-06,交叉混雜,55.0
2211,2026-08-28,83.73999938964843,83.06999969482422,84.75499954223633,90.20166676839193,377273.8,56.42286282140897,49.956633524498045,-1.7225863592139206,-1.942255230472468,0.2196688712585475,39.504204189682206,38.13245059509967,89.78521311017377,84.75499954223633,79.7247859742989,-1.9526884278850076,交叉混雜,18.0
2221,2026-08-28,71.2599998474121,62.91999969482422,55.45999984741211,50.30749988555908,2478765.8,94.76336615675976,93.32760927817382,6.597586651105033,3.734433352450332,2.8631532986547006,95.37951529147016,87.81653076502424,76.44321569208277,55.45999984741211,34.47678400274144,43.70717123606551,多排,97.0
2227,2026-08-28,48.23999938964844,48.45999946594238,48.87999954223633,49.47749996185303,37934.0,33.652821602557324,34.14709077449685,-0.43987753852162825,-0.3631160152412911,-0.07676152328033714,35.772329597654746,37.085650676038874,50.20084509091555,48.87999954223633,47.5591539935571,-1.800326412597314,空排,28.0
2228,2026-08-28,74.05999908447265,75.34000015258789,75.95999946594239,81.18999938964843,113837.2,24.579999857064852,27.93399564442731,-1.5846441286385016,-1.6171572212418586,0.032513092603357,43.405338749362954,39.387609302600964,79.27275093433182,75.95999946594239,72.64724799755295,-1.790417326728745,空排,11.0
2230,2026-08-28,23.560000228881837,23.85,24.710000133514406,24.58083333969116,85835.6,30.495938559951668,30.01006688336041,-0.20218037489702567,-0.012491487065147144,-0.18968888783187854,32.21515054227707,40.410532911226994,27.385345872176917,24.710000133514406,22.034654394851895,-6.920275695163257,交叉混雜,1.0
2231,2026-08-28,92.5,93.98000030517578,96.35500030517578,99.98833351135254,290824.4,23.860903654443764,20.593305189906076,-2.329122674345186,-2.1742759320006337,-0.1548467423445521,42.48837180884687,43.284712612879396,103.72591747221256,96.35500030517578,88.984083138139,-3.585697440043788,空排,44.0
2233,2026-08-28,173.2,180.35,192.05,228.675,1474536.0,29.470670534578716,23.601895036232882,-12.66362342855129,-12.230179592715,-0.43344383583628954,32.18269502837971,35.470835850734005,221.3881375651177,192.05,162.71186243488233,-10.17964071856288,空排,3.0
2235,2026-08-28,27.25,27.289999961853027,27.444999980926514,28.626666641235353,5001.0,68.47847637626518,52.72754951307364,-0.20864148683658357,-0.32441370326207764,0.11577221642549407,68.65377004008522,56.67847470698799,28.253442610078736,27.444999980926514,26.636557351774293,2.0222263416257777,空排,16.0
2236,2026-08-28,121.2,122.35,127.975,142.55833333333334,269461.6,37.21274931780784,37.267182610282774,-6.435188881485914,-6.544560514876934,0.10937163339101996,37.38024984166476,34.29442872286934,141.15981981993667,127.975,114.79018018006333,-5.059581949599528,空排,66.0
2237,2026-08-28,27.90999984741211,27.51499996185303,,,219671.2,60.52003700683619,58.15746484992104,0.2237518949210191,0.13446981850802683,0.08928207641299227,71.61138440573748,71.80637476502937,,,,,,
2239,2026-08-28,20.039999771118165,19.834999656677248,19.674999713897705,20.964166609446206,32043.4,79.24851376783383,72.87339434359512,-0.09300768940950377,-0.26239764355760237,0.1693899541480986,59.34037539953068,53.8486636699675,20.51323109003934,19.674999713897705,18.83676833775607,2.41423080833412,交叉混雜,7.0
2241,2026-08-28,34.67000045776367,34.04499988555908,33.79749956130981,38.5633331934611,394034.8,76.10629547664776,66.41854586438818,-0.35976400822475796,-0.8863337618794003,0.5265697536546423,66.17667043151815,55.45146707645233,36.12139676729003,33.79749956130981,31.473602355329596,5.0373561973180685,交叉混雜,70.0
2243,2026-08-28,41.24000015258789,40.614999771118164,41.01499996185303,46.09916674296061,192323.0,50.85982736203933,41.74472860624286,-1.3186038152511301,-1.7675510877633072,0.44894727251217703,52.799441433446574,45.739629962064605,43.697517372159254,41.01499996185303,38.3324825515468,0.8167707243194886,交叉混雜,98.0
2247,2026-08-28,227.5,225.6,226.275,229.58333333333334,27647.8,77.94566213627722,67.97699344705953,0.04870412963472859,-0.605488540459684,0.6541926700944126,71.86075091314294,59.045361353912796,232.01933359239897,226.275,220.53066640760105,1.6462269362501356,交叉混雜,31.0
2248,2026-08-28,63.24000015258789,62.94000053405762,60.63000049591064,59.18166681925456,132400.0,60.6544904282033,66.58651348441362,1.1287370809965793,0.8571414608953491,0.2715956201012302,53.39215042812484,54.88510607627538,66.56618758916548,60.63000049591064,54.69381340265581,3.7440227798140455,多排,80.0
2250,2026-08-28,60.9,60.62999992370605,60.060000038146974,61.81000010172526,77996.2,45.169162120382005,51.27547955643545,-0.0449213280340075,-0.29525493048079554,0.25033360244678804,40.32089654608264,45.55256826140432,62.43832263339913,60.060000038146974,57.68167744289482,-0.5993993922392078,交叉混雜,14.0
2254,2026-08-28,60.01999969482422,59.81999969482422,60.15,60.278333473205564,219822.8,60.60867049164279,48.906866501319165,-0.04548363899710495,-0.20264476491156033,0.15716112591445539,67.65805997951367,59.5664827888122,62.02897017480606,60.15,58.271029825193935,2.5768923739641805,交叉混雜,43.0
2258,2026-08-28,31.379999923706055,31.48500003814697,31.14000015258789,31.78333330154419,267716.2,37.40322686963607,45.38446222816588,-0.019534730492896557,-0.058141727826190995,0.03860699733329444,46.639895278943655,48.53007554738803,32.63194353720265,31.14000015258789,29.648056767973127,0.513805663740046,交叉混雜,20.0
2301,2026-08-28,301.7,284.7,270.65,232.09166666666667,48332873.8,85.64513925590002,78.79740723356076,20.860909471619664,16.907223744353587,3.953685727266077,79.21737327435099,73.53834408461778,314.3331895885721,270.65,226.96681041142784,17.310179198226503,多排,93.0
2302,2026-08-28,43.4,43.59000015258789,43.38250026702881,42.98000020980835,3761859.4,43.01957247631948,40.12980441509331,0.4422443667206295,0.4084631782925565,0.033781188428072983,53.165601775269266,52.50659613159083,46.46697288749553,43.38250026702881,40.29802764656209,1.0776193262599658,交叉混雜,94.0
2303,2026-08-28,124.1,120.85,120.95,137.35833333333332,181283449.6,67.65800009827223,54.645785153065304,-2.34564301327795,-4.071726173949834,1.7260831606718838,67.50974420624863,56.52157098662871,128.4396419702261,120.95,113.46035802977391,7.4824307565109525,交叉混雜,94.0
2305,2026-08-28,28.860000228881837,27.979999923706053,28.532499885559083,31.41583334604899,5666592.6,54.8630571652981,42.438812544102205,-0.6598584315433023,-1.0020246070450036,0.34216617550170136,53.5350279610068,49.681902399866615,32.35945058540227,28.532499885559083,24.705549185715892,1.6384828399755063,交叉混雜,94.0
2308,2026-08-28,1759.0,1776.0,1756.0,1886.9166666666667,8942442.0,41.39389943983515,34.153900994184234,-8.088750163942677,-17.27437161132046,9.185621447377784,66.26362258313188,56.045041761247674,1932.0861033400333,1756.0,1579.9138966599667,4.214123006833713,交叉混雜,89.0
2312,2026-08-28,31.70999984741211,31.81999988555908,32.17499990463257,33.32499990463257,8170214.6,32.25158927441838,29.759900916267608,-0.23208243694797304,-0.23128662879213482,-0.0007958081558382124,48.608698108385845,48.17263898709836,33.678154633182956,32.17499990463257,30.671845176082183,-1.16550324377167,空排,75.0
2313,2026-08-28,227.4,219.75,214.575,223.60114466349285,41570979.2,72.77715340765653,65.44238880965771,5.056267399107384,0.7691779700663901,4.287089429040994,76.82995874725849,65.02394611674026,239.5091765032388,214.575,189.6408234967612,12.315041360829552,交叉混雜,93.0
2314,2026-08-28,11.8,11.41500015258789,11.6125,13.12000002861023,180025.2,44.582183413241594,40.79898564113188,-0.2807991210671865,-0.4153412462513771,0.13454212518419056,50.860856649536494,45.80591134967544,12.487217689758765,11.6125,10.737782310241236,-0.10763934148782905,交叉混雜,2.0
2316,2026-08-28,159.4,159.25,159.825,175.75,1605094.6,53.19943164588574,40.74520699412104,-1.8829829594810406,-3.1488177058640137,1.265834746382973,62.59387406449561,53.009572679131544,170.12714591851076,159.825,149.5228540814892,2.6122321288909816,交叉混雜,86.0
2317,2026-08-28,247.6,247.9,254.2,251.975,30701910.2,49.0758372908561,32.61980208110784,-0.596441283054304,0.04237087417025036,-0.6388121572245543,59.594902349844254,52.6775399765967,270.43641132244363,254.2,237.96358867755637,-0.47206923682139607,交叉混雜,57.0
2321,2026-08-28,14.629999923706055,14.88499994277954,15.080000019073486,14.559999990463258,1603.8,31.846529764161662,43.03991759936656,-0.09215653904149157,0.07320159580803602,-0.1653581348495276,15.489151145061768,30.091794251864584,15.993869985512074,15.080000019073486,14.166130052634898,-9.482761264817768,交叉混雜,20.0
2323,2026-08-28,10.829999923706055,10.940000057220459,10.655000066757202,10.864166688919067,4339598.2,29.78018812375742,36.436302855661566,0.09043157878593,0.05559287705992408,0.03483870172600592,56.61531799900955,54.603072445467994,11.495989469283938,10.655000066757202,9.814010664230466,2.2993857366313097,交叉混雜,68.0
2324,2026-08-28,40.55999984741211,40.179999923706056,39.04749984741211,37.22916660308838,81897183.2,37.48618358086918,43.40597549771743,1.0189821148181366,1.0459217300380002,-0.026939615219863544,48.443877422153435,53.40582579575567,43.2016961925527,39.04749984741211,34.89330350227152,1.6710440311854837,多排,77.0
2327,2026-08-28,556.8,566.0,577.1,758.5916666666667,41247835.0,43.36163134429976,31.239295947352257,-33.33863181835932,-41.61294463554516,8.274312817185844,63.357023269450075,50.055155675169885,641.3721188631478,577.1,512.8278811368523,3.4482758620689613,空排,95.0
2328,2026-08-28,45.65,45.40500030517578,45.27249984741211,47.753333282470706,1768973.8,59.558466790599915,51.23618232439553,-0.11540457462102438,-0.4259379810489501,0.3105334064279257,64.95087699693428,55.6203464994734,47.67150687506572,45.27249984741211,42.873492819758496,2.932240612255191,交叉混雜,27.0
2329,2026-08-28,43.81999969482422,43.5,43.86249961853027,48.36166648864746,1922048.6,54.63262638778633,46.208572069871614,-0.747360051653871,-1.083245774341053,0.3358857226871821,56.91918081674307,48.98355079184116,45.438595353829484,43.86249961853027,42.28640388323106,0.5414622004134195,交叉混雜,16.0
2330,2026-08-28,2404.0,2393.5,2389.25,2384.1666666666665,14374417.8,68.42293902606491,60.37242629787609,10.041958941952089,6.303722798841896,3.7382361431101927,60.274156489631565,54.950430632140694,2443.566324966712,2389.25,2334.933675033288,1.2870147535837606,多排,86.0
2331,2026-08-28,19.679999923706056,19.76999988555908,19.632499980926514,20.305833276112875,1129742.4,32.77155565341519,35.730630169352025,-0.016558658854769703,-0.06856349454332095,0.05200483568855124,49.89077421192963,50.12043072661076,20.494123322195055,19.632499980926514,18.770876639657974,0.34382163289707124,交叉混雜,21.0
2332,2026-08-28,20.229999923706053,20.55500011444092,21.655000114440917,20.53666664759318,11601186.8,15.111975180067045,11.391043369385667,-0.43125229213856286,-0.17010597769042202,-0.26114631444814085,38.929916672579,42.727057849339076,24.174795474616587,21.655000114440917,19.135204754265246,-5.7954305669743675,交叉混雜,80.0
2337,2026-08-28,125.1,124.05,125.75,136.48000005086263,33712528.8,48.437879603648085,40.847016546799274,-1.244187992410474,-1.9624274685377288,0.7182394761272548,54.2205582967732,50.49608525351208,139.85300453244304,125.75,111.64699546755696,0.5964214711729622,交叉混雜,97.0
2338,2026-08-28,39.15,38.755000305175784,39.15500049591064,44.39916699727376,1284801.4,48.589599824130445,43.24358946068995,-0.9437422532468673,-1.3728413604872771,0.4290991072404098,64.65034501110495,51.12594332521829,40.959061062941785,39.15500049591064,37.3509399288795,2.1580883498586863,交叉混雜,23.0
2340,2026-08-28,33.59000015258789,32.195000076293944,31.852499961853027,34.04083331425985,5091583.2,74.28758337289639,65.90564611085112,0.2708490398000336,-0.3110742420847059,0.5819232818847395,70.53543855492384,59.80004607178225,34.73154872145378,31.852499961853027,28.973451202252278,7.526881849205715,交叉混雜,78.0
2342,2026-08-28,40.0,39.795000076293945,38.62000007629395,43.889166768391924,2432157.0,45.21190535663654,44.51876166293053,-0.27088216630364315,-0.844269328034032,0.5733871617303888,60.00861279822883,53.47829610284491,42.406040802826965,38.62000007629395,34.83395934976093,4.997408485121384,交叉混雜,81.0
2344,2026-08-28,181.0,178.85,174.35,174.44166666666666,113194458.2,61.40071656934584,57.69929140352586,4.790862304014212,3.721819869944551,1.0690424340696607,56.409124983674886,55.86868395997876,194.8210321648623,174.35,153.8789678351377,4.1009463722397514,交叉混雜,98.0
2345,2026-08-28,2074.0,2115.0,2195.0,2309.4166666666665,2451136.8,29.774033068449455,24.485796576249165,-54.533988389838214,-49.415446343871835,-5.118542045966379,51.32307818219921,46.63024159545327,2431.821051695836,2195.0,1958.178948304164,-3.189066059225513,空排,89.0
2347,2026-08-28,87.08000030517579,87.10000076293946,89.93000030517578,89.71500027974447,1814272.4,28.79367202353704,26.932608917868798,-0.8230985456061575,-0.4127024510093329,-0.4103960945968246,35.21978825763662,41.84983632562434,96.4606075395082,89.93000030517578,83.39939307084336,-3.814077942328632,交叉混雜,79.0
2348,2026-08-28,71.31999816894532,71.05999984741212,70.53285713195801,73.48928591410319,241914.6,65.5196099298917,59.6178064697437,-0.6496119246877612,-0.9431332652603289,0.29352134057256773,59.399710268787295,51.31835017971507,72.87586130945029,70.53285713195801,68.18985295446574,2.2218600038151877,交叉混雜,44.0
2349,2026-08-28,11.05,11.119999980926513,11.07000002861023,12.036666711171469,1395012.2,35.82162716807534,30.626901879376895,-0.13553560828860256,-0.19524795352931584,0.05971234524071328,50.29768109615857,47.55733824932429,11.521197474627524,11.07000002861023,10.618802582592934,0.27100589685602544,交叉混雜,31.0
2351,2026-08-28,219.7,199.6,184.125,185.74166666666667,8961036.8,91.89421661866186,86.6137804391428,13.486394334415309,5.324998874883118,8.16139545953219,93.10398673163574,80.87101115258798,231.75501596737675,184.125,136.49498403262325,30.074677528852682,交叉混雜,96.0
2352,2026-08-28,28.220000076293946,28.525,28.6875,30.1150000890096,3871979.0,24.29027659835912,30.182972921969068,-0.37526312264706263,-0.3730016568526273,-0.0022614657944353134,41.907919545522965,44.14216986259673,29.581264803765723,28.6875,27.793735196234277,-1.6993437457448257,空排,46.0
2353,2026-08-28,31.120000076293945,31.020000076293947,30.809999847412108,32.06250006357829,8848205.4,43.649519901971345,40.656457341307295,0.0677180291064694,-0.0006870255719743298,0.06840505467844374,45.35872004721242,49.3318141524338,32.4860229066009,30.809999847412108,29.133976788223315,0.1298297119627492,交叉混雜,47.0
2354,2026-08-28,62.16000061035156,61.36000061035156,60.92000026702881,57.88000017801921,12751906.8,63.887794932448244,51.96036761635338,1.386839838602043,1.2148930367613844,0.1719468018406587,73.16315207639225,66.62108967546297,65.89259873707479,60.92000026702881,55.94740179698284,4.891663239967079,多排,53.0
2355,2026-08-28,42.970001220703125,42.37500076293945,41.84250030517578,47.30000019073486,2592492.0,67.2430968775127,57.703778859407315,-0.2773457080509729,-0.9404540659296771,0.6631083578787041,79.12641324301788,60.6807729642275,44.713274053789355,41.84250030517578,38.97172655656221,6.351197169007353,交叉混雜,63.0
2356,2026-08-28,65.76000061035157,65.57999954223632,65.98499984741211,65.36166629791259,12569987.8,33.4580534695512,31.584650927156453,0.42128404996300617,0.567833831398718,-0.14654978143571185,42.877997445818636,48.50982046124139,69.1858394334532,65.98499984741211,62.78416026137103,-1.6443105615552394,交叉混雜,80.0
2357,2026-08-28,950.4,935.9,893.95,794.4,2036911.0,67.29281726304265,59.33346298464498,49.90606955974181,47.43968049930179,2.4663890604400223,70.21453872004749,67.959199599968,1021.2035388816287,893.95,766.6964611183714,7.9478718049107835,多排,88.0
2359,2026-08-28,146.0,155.15,150.125,141.45833333333334,5400347.6,20.740523618888933,30.186311936814164,2.019901637885255,3.7158918702864643,-1.6959902324012095,39.519773961761096,47.385809654840145,173.82682093826264,150.125,126.42317906173737,-3.0807660283097418,交叉混雜,62.0
2360,2026-08-28,2003.0,2104.0,2086.0,2100.6666666666665,1840542.0,24.591476988533742,30.188863515093985,-8.894582588615322,13.032546906204782,-21.927129494820104,38.67242108162462,45.11186334315734,2366.124032678774,2086.0,1805.8759673212262,-3.64333652924257,交叉混雜,94.0
2362,2026-08-28,48.57999954223633,48.04499969482422,47.972500038146975,45.389166768391924,1061637.0,52.81989106642374,52.37403211568962,0.9982272397153977,1.1092862739609994,-0.1110590342456017,46.07101905426029,52.52242890665658,51.206118405834374,47.972500038146975,44.73888167045958,-0.4638074687999312,多排,68.0
2363,2026-08-28,50.95999984741211,51.16999969482422,52.32750015258789,58.52916641235352,3430584.8,36.265981507446625,27.431550435743205,-1.601713005626678,-1.857942690526256,0.256229684899578,53.31665309006609,45.519277182142226,56.11299600981046,52.32750015258789,48.54200429536532,-1.0080758950630915,空排,29.0
2364,2026-08-28,72.42363586425782,78.0518180847168,76.47090911865234,71.39863624572754,1114538.6,14.488623897385443,28.775812254907525,0.3827893211364568,1.9902717689258658,-1.607482447789409,19.427060087148405,33.95399426980738,87.82195657319777,76.47090911865234,65.11986166410692,-11.600372934977319,交叉混雜,37.0
2365,2026-08-28,30.170000076293945,30.329999923706055,30.379999923706055,31.633333269755045,1216630.8,40.747080326076784,42.81812002414164,-0.16978285521644665,-0.22197334607165572,0.052190490855209076,40.90614902948456,45.80699392026257,31.75893919676066,30.379999923706055,29.00106065065145,-1.250822661818161,空排,11.0
2367,2026-08-28,44.13999938964844,43.33999938964844,43.02999973297119,49.2483331044515,7318261.8,64.0153252140706,54.200822134180456,-0.41237488793456833,-1.0814568803313833,0.669081992396815,62.53003478405353,54.154470643155456,46.82811527782133,43.02999973297119,39.23188418812105,4.113408122410736,交叉混雜,63.0
2368,2026-08-28,1023.8,1022.9,991.0,1087.3,6853851.2,65.89390050902679,53.64784729451923,13.416987820441818,-3.928297576638207,17.345285397080026,75.25833265857756,64.74510221919815,1110.6609244578506,991.0,871.3390755421495,14.026236125126134,交叉混雜,89.0
2369,2026-08-28,31.809999847412108,31.464999771118165,32.339999771118165,35.29083337783813,6602846.2,52.82763544207839,42.667326554520045,-0.794180450284486,-0.9887288488027708,0.19454839851828476,57.42853659438169,49.38520592791998,34.54229508136493,32.339999771118165,30.137704460871404,0.030917449207460396,交叉混雜,81.0
2371,2026-08-28,28.100000381469727,27.685000228881837,26.797500228881837,27.03583335876465,14771756.4,74.59989175966597,78.79541083338995,0.527402571122412,0.24458792726981085,0.28281464385260113,65.70042247945969,62.82062238148402,28.98562009083336,26.797500228881837,24.609380366930313,6.353203681600274,交叉混雜,18.0
2373,2026-08-28,53.34000015258789,53.29000053405762,53.345000457763675,55.04666690826416,30593.4,36.89814135230688,36.756005018191274,-0.288577532923739,-0.37852678062589096,0.08994924770215196,42.5064360613047,42.241515826747886,53.6593920293536,53.345000457763675,53.03060888617375,-0.2718149659386098,交叉混雜,35.0
2374,2026-08-28,68.43999938964843,68.4900001525879,69.24500045776367,71.27499987284342,2777404.2,48.823294873986065,40.82288273073664,-0.387743256435499,-0.5362249408143278,0.1484816843788288,52.26157007003448,49.98861618947575,72.64746064407538,69.24500045776367,65.84254027145195,-0.35381681875084314,空排,25.0
2375,2026-08-28,126.1,125.55,125.6,157.7,6297519.6,55.17777760321354,46.2224961818512,-4.57662027713269,-6.972000088274727,2.3953798111420364,66.90304126135288,52.892219738194896,135.7078395838401,125.6,115.49216041615989,5.891719745222935,交叉混雜,84.0
2376,2026-08-28,346.8,347.2,351.25,343.14166666666665,3672301.4,29.637193827902724,24.847410992515073,1.3887071198209924,3.0628180853884666,-1.6741109655674742,49.48736588076199,50.278211431209655,387.4082777885222,351.25,315.0917222114778,-0.6405693950177936,交叉混雜,76.0
2377,2026-08-28,144.8,144.95,150.25,144.04166666666666,6116999.2,34.17927332200142,25.924521688410483,-0.44781719879324555,0.816461045074016,-1.2642782438672615,43.15995917826708,46.40653630191936,166.1956313106374,150.25,134.3043686893626,-3.494176372712146,交叉混雜,76.0
2379,2026-08-28,726.4,721.1,732.9,741.9,1335303.0,55.22007308284378,48.44789547643195,-4.232151196071754,-3.8433750333466885,-0.3887761627250659,45.66481645394751,47.09199070099239,774.7664543518915,732.9,691.0335456481084,-1.4872424614544928,交叉混雜,83.0
2380,2026-08-28,18.99000015258789,19.460000228881835,19.36500005722046,20.391800308227538,99432.8,23.49555470615801,27.409783837804284,-0.190224607227087,-0.14831227517248957,-0.041912332054597434,40.359895521083715,44.16060430944348,20.43127759088774,19.36500005722046,18.29872252355318,-1.8848440802579045,交叉混雜,59.0
2382,2026-08-28,330.4,329.2,320.0,344.8833333333333,8638836.2,66.16861050093529,63.75234730467649,0.3405765770415883,-2.5344886277761556,2.875065204817744,63.37533821590144,55.56363550107441,345.8171709486042,320.0,294.1828290513958,3.90625,交叉混雜,66.0
2383,2026-08-28,5582.0,5801.0,5616.5,5280.0,2052443.0,29.44432053923858,39.55359152663422,142.35950884271188,186.94926565954927,-44.589756816837394,42.48619233830793,49.10818899831601,6367.268728844334,5616.5,4865.731271155666,-2.2522923528888095,交叉混雜,97.0
2385,2026-08-28,106.9,106.5,105.5,109.775,2380339.0,65.07552643727774,65.25102487135194,0.0926104919052051,-0.45151225296537256,0.5441227448705777,67.20001019581144,57.60239681801918,108.97926186967906,105.5,102.02073813032094,2.3696682464454977,交叉混雜,13.0
2387,2026-08-28,36.599999237060544,36.369999694824216,36.925,38.61249987284342,200340.2,76.54660950808471,57.690370365904556,-0.517168528956077,-0.6158819740027683,0.09871344504669133,57.3654968942607,45.27409163386761,38.353838832410176,36.925,35.49616116758982,-0.3385261013932303,交叉混雜,24.0
2388,2026-08-28,72.76000061035157,73.48000106811523,76.04500045776368,73.2016668955485,2183594.6,26.79209015020253,25.084352384228666,-0.3771775325672877,0.0889426553571235,-0.46612018792441123,47.1297467262483,47.90346922005926,82.9092399055609,76.04500045776368,69.18076100996646,-3.6097013472048967,交叉混雜,78.0
2390,2026-08-28,10.40999984741211,10.314999961853028,10.380000019073487,11.372500022252401,501657.6,48.34252095207876,40.88426086626154,-0.18466131568981936,-0.2621613439844343,0.07750002829461494,54.59924363669495,47.62262490819868,10.722437062898095,10.380000019073487,10.037562975248878,0.6743717732468577,交叉混雜,51.0
2392,2026-08-28,45.130000305175784,43.249999618530275,40.63499984741211,38.507499821980794,6879500.2,71.72716234186446,73.58159332564676,2.206786270126237,1.6601103154757075,0.5466759546505295,60.05864657668562,63.17297621627693,47.7256979248803,40.63499984741211,33.54430176994392,9.511505271567108,多排,62.0
2393,2026-08-28,66.01999969482422,65.31999969482422,63.67499980926514,66.54999980926513,1465466.0,79.46378034902496,78.33322716581017,0.30861070122512047,-0.19950262475553454,0.508113325980655,60.34011390643916,55.77807350115035,68.43574870918629,63.67499980926514,58.91425090934399,3.9654450672014696,交叉混雜,66.0
2395,2026-08-28,672.0,672.9,658.25,563.2916666666666,1837497.4,48.63201908301394,50.476402009565916,27.847440442672337,32.35811276634712,-4.5106723236747825,50.77123077058524,57.668570433440685,727.5255747948456,658.25,588.9744252051544,1.6331181162172428,交叉混雜,93.0
2397,2026-08-28,62.94000015258789,63.630000305175784,63.65499973297119,60.521666526794434,159387.0,27.832506854954943,30.95785512540521,0.9121217691793646,1.2615074355112634,-0.3493856663318988,43.14806423807899,50.779137510493634,69.9376325048874,63.65499973297119,57.37236696105498,-1.343178853974266,交叉混雜,46.0
2399,2026-08-28,47.37000045776367,46.42500038146973,44.332500267028806,44.76750014623006,7879462.4,62.73666263942893,69.89973232600526,1.5101749990541933,1.0883712100209506,0.42180378903324267,59.77458354418267,58.99070790726422,50.4650947148512,44.332500267028806,38.199905819206414,5.791465050211968,交叉混雜,91.0
2401,2026-08-28,25.529999923706054,25.660000038146972,26.442500019073485,28.75666675567627,1898642.4,42.03350884431539,32.52419103165464,-0.7158532576242287,-0.7761981379587104,0.06034488033448171,50.483813150877374,44.7487723030031,28.339388020846,26.442500019073485,24.54561201730097,-2.0516229560438517,空排,68.0
2402,2026-08-28,55.91999969482422,54.65,54.71999988555908,60.29166679382324,1223853.0,75.97086364404313,63.94381699442005,-0.6450347230641285,-1.3158571740859681,0.6708224510218397,67.47660217453611,54.37517523611438,57.427960245311354,54.71999988555908,52.01203952580681,3.4356699424229213,交叉混雜,45.0
2404,2026-08-28,1073.0,1086.5,1110.25,1184.4166666666667,911589.4,22.17567772284913,23.658418473790075,-23.288990991499986,-22.27485374379362,-1.0141372477063655,38.52271727423587,41.19859155588362,1179.3399489986064,1110.25,1041.1600510013936,-3.1749605944607073,空排,60.0
2405,2026-08-28,15.470000076293946,15.525,15.804999923706054,16.964166673024497,781497.4,30.633887212403756,24.252448364404806,-0.2897143462650167,-0.31134277679773076,0.02162843053271407,42.63430284413532,41.83991669816352,16.47613384972617,15.804999923706054,15.133865997685936,-1.9297685870189873,空排,25.0
2406,2026-08-28,28.559999847412108,28.664999961853027,30.0625,33.72166655858358,3180145.8,46.08614977111441,32.98401336797578,-1.273810946745371,-1.325773395186066,0.051962448440694864,37.039228067289734,37.929614660766745,33.25325552365,30.0625,26.87174447635,-4.698545967466866,空排,58.0
2408,2026-08-28,521.8,517.4,493.35,439.525,70689498.0,62.32758545164752,58.44393893938586,28.065547666789485,25.83633533759572,2.229212329193764,66.90730045426622,62.53834383550778,568.9612634327369,493.35,417.7387365672631,9.455761629674669,多排,99.0
2409,2026-08-28,25.5,25.864999961853027,25.57249994277954,26.67833331425985,84459951.8,34.173904946928275,33.19050860553794,-0.10657857188978781,-0.14139660354351286,0.034818031653725046,54.35742104703836,50.88197384060943,27.311669496886836,25.57249994277954,23.833330388672245,1.0851517814492722,交叉混雜,91.0
2412,2026-08-28,136.0,136.2,136.425,139.15833333333333,7280523.6,33.27872037747886,41.094349569521654,-0.6760242145722373,-0.6804473251903357,0.004423110618098414,32.21683059354726,39.1549815253851,138.11941808051847,136.425,134.73058191948155,-0.6780282206340563,空排,52.0
2413,2026-08-28,43.49999923706055,43.69499969482422,43.21999969482422,46.288333320617674,479938.6,46.92451407168029,42.56765732073249,0.11516569600155435,-0.07781502578208159,0.19298072178363596,54.756408634240366,52.63531854592992,46.69886829952096,43.21999969482422,39.741131090127475,1.4576556773375486,交叉混雜,83.0
2414,2026-08-28,52.08000030517578,52.20000038146973,53.96000003814697,57.576666514078774,167934.2,22.991795666529683,23.52483481709136,-1.480890350212995,-1.4807720270934872,-0.00011832311950787933,36.46808459029015,38.77115838924715,59.45119773850466,53.96000003814697,48.468802337789285,-3.8176399384947226,空排,73.0
2415,2026-08-28,29.3439998626709,29.54199981689453,30.148499774932862,32.092000071207686,300694.8,47.817774130661576,41.68093108836247,-0.8471619122802849,-0.8407331251251081,-0.006428787155176807,47.542415519734085,44.61666123311825,32.25137273582933,30.148499774932862,28.0456268140364,-2.4827111199242267,空排,68.0
2417,2026-08-28,43.810000610351565,44.05500030517578,43.59000034332276,43.74249998728434,688068.4,40.90896543848041,41.76530629205589,0.40280525363026953,0.33143168540939233,0.0713735682208772,52.932516028114605,53.297204471111016,46.69713957356952,43.59000034332276,40.48286111307599,1.2847010280924032,交叉混雜,57.0
2419,2026-08-28,24.93000030517578,24.720000076293946,24.67250003814697,26.429166730244955,325750.0,69.37225150509963,61.49195967158973,-0.2025277091992379,-0.4058476952078136,0.2033199860085757,58.02675886978658,51.98173396103461,25.439912030408927,24.67250003814697,23.905088045885016,1.7326997372045108,交叉混雜,36.0
2420,2026-08-28,55.47999954223633,56.45999984741211,56.29499988555908,58.5733331044515,695953.0,31.973959631475083,33.23415858226865,-0.5357146233089196,-0.40847503298994675,-0.12723959031897286,41.68466074244328,42.994576467885864,59.10661123919584,56.29499988555908,53.483388531922316,-1.7674760645194922,交叉混雜,46.0
2421,2026-08-28,152.4,148.7,147.625,142.76666666666668,5314881.8,68.49838035771064,52.09273131523888,4.063560703068362,2.514722271070614,1.5488384319977477,85.49339194559704,72.60199108867786,161.4352745885264,147.625,133.8147254114736,10.753598645215918,多排,60.0
2423,2026-08-28,74.46000061035156,74.64000015258789,74.56500015258788,75.26499951680502,89365.0,39.44587866989233,39.46288216222119,0.06866987334964847,-0.021361689426919104,0.09003156277656757,49.19009566291965,49.94357578363514,77.5231474902826,74.56500015258788,71.60685281489317,0.046936661250706294,交叉混雜,80.0
2424,2026-08-28,8.215999984741211,8.202000045776368,8.391499948501586,9.367333308855693,14321.6,29.11293051660615,29.621700648537583,-0.27811493749471516,-0.3236836372433869,0.045568699748671726,44.39087458806885,42.755922142631555,9.025958349152067,8.391499948501586,7.757041547851105,-2.639574254507296,交叉混雜,1.0
2425,2026-08-28,37.98000030517578,38.26499977111816,42.5875,41.576666577657065,904472.8,29.60201495098948,20.63868949437085,-1.6950376781345042,-1.1255082739025455,-0.5695294042319587,36.97310389547289,39.53437005977448,53.08491240318041,42.5875,32.090087596819586,-10.067509863080604,交叉混雜,75.0
2426,2026-08-28,93.18000030517578,83.11999969482422,73.89499969482422,70.48249988555908,72746188.2,87.07138232572792,85.54159260664801,8.079224620284805,4.658000824907016,3.421223795377789,77.65544693807769,72.66967829090093,99.87851534628771,73.89499969482422,47.91148404336073,30.049392883145465,多排,99.0
2427,2026-08-28,22.550000381469726,22.415000343322752,22.30250005722046,23.091666603088377,241509.0,64.57055990448657,55.066127242823256,-0.13072860651094942,-0.2464009928274888,0.1156723863165394,55.55979425069831,50.73044995883198,23.173358635497934,22.30250005722046,21.431641478942986,1.3339326240824325,交叉混雜,31.0
2428,2026-08-28,253.4,255.05,245.75,271.425,1579261.8,36.78307137344264,41.038572190984226,0.44665901500047767,-2.226312041729957,2.6729710567304346,66.96425473932268,57.31467515209081,273.9270716793124,245.75,217.5729283206876,6.612410986775178,交叉混雜,80.0
2429,2026-08-28,33.33000030517578,33.43000030517578,32.61000032424927,38.3133334795634,316754.8,34.94138202041343,35.37698775893985,-1.1182112661082186,-1.6182635407430115,0.5000522746347928,49.85194687057881,46.276710015867266,35.39465773486853,32.61000032424927,29.825342913630013,1.962587149300997,交叉混雜,2.0
2430,2026-08-28,17.719999694824217,17.514999771118163,17.25,17.784999942779542,61871.2,83.43984224498425,82.69221316143353,0.04368841548230762,-0.05852151327928055,0.10220992876158816,68.27517575971262,61.668450804256416,18.010193638108767,17.25,16.489806361891233,3.1884013742640396,交叉混雜,17.0
2431,2026-08-28,10.34000015258789,10.290000057220459,10.325000047683716,10.816833337148031,108531.6,57.26191787921916,57.784984683628565,-0.08778807765013852,-0.12676455622357174,0.038976478573433226,53.73783644066782,48.274142958259496,10.555559993715137,10.325000047683716,10.094440101652294,0.24213398228137784,交叉混雜,23.0
2432,2026-08-28,27.769999694824218,27.63999996185303,27.967499923706054,28.23916664123535,12204.0,64.01501877514414,41.79442118222195,-0.13883776314843743,-0.146863593985204,0.008025830836766557,56.2498874947632,49.50889840256877,28.76504531641833,27.967499923706054,27.169954530993778,-0.24135266062364535,交叉混雜,64.0
2433,2026-08-28,41.710000610351564,41.75499992370605,41.80749988555908,42.61083304087321,23670.8,41.307649158189044,41.41569045364028,-0.15143907047719551,-0.18196567855823376,0.030526608081038242,38.929527963102785,41.1255221470611,41.97694133578221,41.80749988555908,41.63805843533596,-0.257128799650516,空排,29.0
2434,2026-08-28,53.24000015258789,51.60999984741211,52.65750026702881,53.02666695912679,1165155.0,52.81856342818286,38.57449765713351,-1.2006685075053483,-1.5643832530241752,0.363714745518827,65.61062304160323,54.416981892585454,58.59456298269092,52.65750026702881,46.7204375513667,7.107252034129397,交叉混雜,92.0
2436,2026-08-28,65.20000076293945,64.84000015258789,64.55499992370605,65.75333340962727,6495304.8,53.04981821096361,39.327207390954186,0.7016850064994884,0.35713905790990885,0.34454594858957954,69.03029237791978,59.36338249959609,71.50064498768576,64.55499992370605,57.60935485972633,4.562001517736011,交叉混雜,75.0
2438,2026-08-28,18.04000015258789,18.079999732971192,18.08249979019165,19.71083313624064,34246.4,34.26277545909252,30.6096750989651,-0.24484191994964632,-0.33996049433572023,0.0951185743860739,52.68938343017189,48.37711738254741,19.085797162716087,18.08249979019165,17.079202417667215,0.3732881466711574,空排,5.0
2439,2026-08-28,80.72000122070312,80.59000015258789,80.85499954223633,85.60166676839192,1790097.0,41.427983220506185,57.97111802545259,-1.0584217544137289,-1.1263323564086891,0.06791060199496024,28.70997811246866,35.37586587150068,83.56752515705061,80.85499954223633,78.14247392742205,-2.912620809559394,交叉混雜,9.0
2440,2026-08-28,14.110000038146973,13.955000019073486,14.584999990463256,15.917500066757203,205688.0,67.2809864068033,44.978624001058,-0.46709606404668236,-0.5329340926645585,0.06583802861787613,60.44943380989659,46.91446456443172,16.179431062915743,14.584999990463256,12.990568918010768,-0.9256097448501368,交叉混雜,42.0
2441,2026-08-28,115.8,115.25,118.275,125.3033332824707,4125232.2,49.07698339120404,35.837541218721725,-1.8408309515110801,-2.16432758638112,0.3234966348700401,56.73537670571398,50.660428388386684,128.34044375051192,118.275,108.2095562494881,0.19023462270132682,交叉混雜,82.0
2442,2026-08-28,19.6,19.51999988555908,19.427499961853027,19.426666704813638,1360149.4,48.93100368959791,57.42940439824303,0.08053684921530646,0.06982860165400835,0.01070824756129811,41.62373149117899,48.34392481796128,19.93062152440124,19.427499961853027,18.924378399304814,-0.14155369129713882,多排,33.0
2444,2026-08-28,11.029999923706054,11.00999994277954,11.034999895095826,11.899166584014893,105246.2,48.60869603957242,43.12005993484496,-0.13850395407956562,-0.190938614862334,0.05243466078276837,46.33714872835883,45.39551091748149,11.38758427379185,11.034999895095826,10.682415516399802,-0.3171716848985251,交叉混雜,31.0
2449,2026-08-28,248.0,242.65,244.875,278.6333333333333,20854167.8,65.8782555387027,50.54430080179762,-5.47801143506436,-9.748370348258632,4.270358913194272,80.74189978398496,61.02812830446781,263.2708662404622,244.875,226.47913375953777,10.260336906584993,交叉混雜,74.0
2450,2026-08-28,28.25,28.214999771118165,28.28499984741211,28.92666654586792,61823.6,65.29804890865266,49.32923296414303,-0.13752634356186988,-0.17263900210583405,0.03511265854396417,54.663085019571376,46.676234792136206,28.548778088016448,28.28499984741211,28.02122160680777,0.05302948463621733,交叉混雜,39.0
2451,2026-08-28,301.6,295.6,293.225,279.64166666666665,6957608.4,46.65178530209204,51.742846310883515,7.010463154464389,7.09001653410073,-0.07955337963634079,47.03391336513638,52.504348764519946,313.2761845036618,293.225,273.17381549633825,0.26430215704662874,多排,89.0
2453,2026-08-28,52.199998474121095,51.949999237060545,52.259999656677245,53.986666679382324,149035.2,41.70413288194422,36.68435951632027,-0.2858613974929156,-0.4283757709529747,0.14251437346005907,49.708249096167926,47.71190642846254,53.410560026804326,52.259999656677245,51.10943928655016,-0.3061637650349805,交叉混雜,29.0
2454,2026-08-28,3859.0,3856.5,3929.5,3965.9166666666665,4992429.6,46.64241212839299,33.25812515799258,11.759519228209683,11.431394003503778,0.32812522470590544,59.894828753264015,54.693651470940004,4205.198156838599,3929.5,3653.801843161401,1.4123934342791704,交叉混雜,95.0
2455,2026-08-28,419.2,414.5,392.15,359.51666666666665,3414396.6,72.75804616591748,67.62687974871987,23.015436651371203,19.128308743834012,3.8871279075371916,68.04009108664884,63.67263047207834,450.5380845811281,392.15,333.76191541887187,10.671936758893287,多排,94.0
2457,2026-08-28,22.979999923706053,23.054999923706056,23.177499866485597,25.922499815622967,962318.8,39.50901846703029,39.40075883341869,-0.46861586985297166,-0.6025415455718904,0.13392567571891878,43.19839516123217,43.621341354999224,23.971871428193328,23.177499866485597,22.383128304777866,-1.197282923325936,空排,16.0
2458,2026-08-28,138.8,141.15,145.075,160.66666666666666,1217974.0,29.431712754364625,30.195929634852163,-5.966661314009173,-6.137278739206356,0.17061742519718326,33.40117304162632,35.53722142886669,157.9029095396694,145.075,132.24709046033058,-4.5321385490263575,空排,53.0
2459,2026-08-28,67.07999877929687,66.93999938964843,66.06499977111817,65.4983331044515,87342.6,71.3482521876316,73.1557274510893,0.5762434697389978,0.48581089130614413,0.09043257843285363,62.05706457469351,61.27766427683492,68.29425390582637,66.06499977111817,63.83574563640997,1.5666369584328679,多排,56.0
2460,2026-08-28,28.960000228881835,28.824999809265137,29.80749979019165,32.399999904632566,231354.2,46.81514836517431,36.5621931862099,-0.8357526417424985,-0.9193232604725516,0.08357061873005311,42.45420826798289,41.523934251659846,32.067978132473456,29.80749979019165,27.54702144790984,-3.2122768278505327,交叉混雜,80.0
2461,2026-08-28,18.39000015258789,18.195000076293944,17.705000114440917,17.48583329518636,652901.2,83.79816314847815,73.97921128801701,0.45380518454481233,0.3481767587373964,0.10562842580741594,84.64975268143833,73.14267117009327,19.04660163638549,17.705000114440917,16.363398592496345,6.467101155762775,多排,73.0
2462,2026-08-28,20.00999984741211,19.754999923706055,19.69749994277954,21.899166711171468,222685.2,73.10651467312796,64.27477752969568,-0.24324947779285822,-0.44425397294464164,0.20100449515178342,65.27215812901713,52.693102834267634,20.268256701089232,19.69749994277954,19.12674318446985,2.297244203910277,交叉混雜,21.0
2464,2026-08-28,194.7,187.85,183.075,165.63333333333333,14952896.4,56.71217285148349,53.06101749529444,9.724643706612397,8.713574205354893,1.011069501257504,51.13853099648304,55.80635187144509,210.37311059588652,183.075,155.77688940411346,3.782602758432343,多排,95.0
2465,2026-08-28,93.01999969482422,89.96999969482422,89.325,81.86000022888183,4035570.4,58.165349424867685,43.277695578728014,3.199394134341915,2.9073706016206042,0.292023532721311,63.16747737045602,58.904228614183225,102.73715063017994,89.325,75.91284936982007,6.353204589980405,多排,87.0
2466,2026-08-28,103.8,100.52999954223633,97.31999969482422,85.26833318074544,2225305.8,73.26561636129895,72.3491862394919,3.2260332687640556,2.539161263984836,0.6868720047792194,63.99678755162259,59.72291558090227,107.44586123313152,97.31999969482422,87.19413815651691,7.377723312464865,多排,94.0
2467,2026-08-28,566.6,565.2,545.275,559.0,1300491.6,63.280911782311094,51.45047978161888,10.139048840690634,2.7325155291058376,7.406533311584797,73.37890821364232,62.515169995549165,605.4742087725592,545.275,485.07579122744073,11.87015726009812,交叉混雜,96.0
2468,2026-08-28,34.0,34.51999969482422,34.557499694824216,36.15833311080932,170951.4,26.475841531488083,26.176009464934875,-0.29384494443308995,-0.2751408452852344,-0.018704099147855535,39.58780727919781,43.80813825085609,36.00818887716292,34.557499694824216,33.10681051248551,-1.902620776247262,空排,19.0
2471,2026-08-28,49.40999908447266,49.23999938964844,49.27249965667725,51.118333117167154,75452.2,65.91758203838603,53.102553262974354,-0.21533463425996757,-0.3879047326985604,0.17257009843859283,68.83774587229846,54.53733318126595,50.54424568560927,49.27249965667725,48.000753627745226,1.1720509847638418,交叉混雜,44.0
2472,2026-08-28,223.6,226.3,233.525,305.3666666666667,2595237.6,43.50784335036885,31.550276689014932,-15.353644215276091,-18.535820594576744,3.1821763793006532,56.70887701116131,44.86853185951881,254.7790398636663,233.525,212.2709601363337,-0.4389251686115001,空排,91.0
2474,2026-08-28,205.9,204.9,199.425,199.15,2455323.4,79.8481557689227,73.77485641695282,3.5928157922465687,2.8441340917147,0.7486817005318684,71.10861388986253,65.80888075819819,218.14249814590787,199.425,180.70750185409216,3.5476996364548015,多排,51.0
2476,2026-08-28,122.7,120.75,122.225,123.06666666666666,2203899.8,70.81907990998326,54.69827848901014,0.47063134525178896,-0.2233719934169905,0.6940033386687794,64.86146831373276,57.038387183100696,129.85095981879726,122.225,114.59904018120271,2.67948455716916,交叉混雜,81.0
2477,2026-08-28,20.74000015258789,20.830000114440917,21.289999961853027,21.54416666030884,67257.2,25.417380509601404,21.933959157651316,-0.2278791501114057,-0.17127760026630903,-0.05660154984509666,36.49507691328728,39.69065655835942,22.38043674194622,21.289999961853027,20.199563181759835,-2.7712503521405463,空排,23.0
2478,2026-08-28,123.5,125.15,123.8,159.6400000254313,5488325.2,51.297977735355026,43.58246013937101,-4.644656722064738,-6.773093751937129,2.1284370298723907,61.947474684577024,51.0357018439533,133.45401470891795,123.8,114.14598529108203,4.60420032310178,交叉混雜,92.0
2480,2026-08-28,157.8,158.35,156.65,157.00833333333333,132533.2,37.2984597513997,44.640104728259864,0.2307446006034013,0.3437525299006606,-0.11300792929725928,45.21808123760269,48.71731055122756,162.5625201679853,156.65,150.7374798320147,0.22342802425789612,交叉混雜,52.0
2481,2026-08-28,144.4,141.4,138.9,156.725,27115081.0,63.56285299126652,50.96765311854746,-0.7898760810553824,-3.6639279505027895,2.874051869447407,70.19420067880293,58.82108163656352,151.7374452287025,138.9,126.06255477129751,10.871130309575229,交叉混雜,91.0
2482,2026-08-28,16.039999771118165,15.93499984741211,16.05999994277954,16.928333377838136,98051.2,58.009443080857736,51.471768111990045,-0.2727828446171543,-0.3335013005435222,0.06071845592636793,46.94340032353518,43.05005206246341,16.469877900920654,16.05999994277954,15.65012198463843,-0.3735986487753168,交叉混雜,33.0
2483,2026-08-28,36.01999969482422,36.31499977111817,36.884999656677245,43.34833316802978,1004843.6,37.34551329553311,28.428352039863796,-1.6412111453366762,-1.9841544868629057,0.3429433415262295,51.8751274950919,45.33760153886654,39.74858176748511,36.884999656677245,34.021417545869376,-0.7726750310666128,空排,91.0
2484,2026-08-28,76.15999908447266,74.82999954223632,73.27000007629394,73.39166660308838,20057182.4,61.029181449041936,57.649233818712744,1.1536431997583776,0.6323988791761566,0.521244320582221,54.446827627528066,53.648039111904794,80.02218581324834,73.27000007629394,66.51781433933954,3.8624244504986462,交叉混雜,97.0
2485,2026-08-28,42.65999984741211,41.82999954223633,41.87749977111817,48.485833422342935,5111730.6,56.21412596500883,49.36596284852382,-0.6159535168209089,-1.2615474040711765,0.6455938872502676,57.08623476554015,51.84929516862037,44.960471454745836,41.87749977111817,38.7945280874905,2.680437550037294,交叉混雜,90.0
2486,2026-08-28,257.9,249.2,237.425,239.35833333333332,10340887.0,83.22987907199995,79.25213353642425,8.130824204640078,4.210993591099885,3.919830613540193,71.44344972675884,62.98963434756115,267.98860925228405,237.425,206.86139074771597,9.92945140570706,交叉混雜,94.0
2488,2026-08-28,48.54000015258789,48.76500015258789,49.15499992370606,50.96750005086263,76240.2,15.120891017874708,18.92823280695696,-0.4710147114736287,-0.45572416672946275,-0.015290544744165968,35.80371758723901,40.38865327168913,50.72374073756346,49.15499992370606,47.586259109848655,-1.3325194277747718,空排,47.0
2489,2026-08-28,39.84000015258789,36.19000034332275,33.910000228881835,37.20083347956339,73369809.2,77.80512165700517,76.09797417012408,1.5949838504238159,0.298505796581296,1.2964780538425198,74.56706753026671,67.11892527227369,41.69829101388295,33.910000228881835,26.121709443880718,18.549102010032716,交叉混雜,90.0
2491,2026-08-28,47.12000045776367,42.635000228881836,37.125000381469725,35.27250003814697,3838966.4,95.18131344440881,89.57835240750482,4.729707160058162,2.5866766017619107,2.143030558296251,92.85672557244365,84.56874341782813,52.63905206971087,37.125000381469725,21.610948693228575,51.91919446829137,多排,98.0
2492,2026-08-28,280.2,281.1,277.9,378.375,23687648.6,58.022876747869205,43.22837860724863,-11.011435940057538,-18.41895273846107,7.407516798403531,72.29543171617823,57.03725926006687,320.17678223078326,277.9,235.6232177692167,12.810363440086373,交叉混雜,95.0
2493,2026-08-28,178.6,180.9,200.925,227.49166666666667,1772121.0,35.21506661766333,24.590956907167225,-12.351657700325973,-11.127873292047159,-1.2237844082788136,41.560024931257566,41.48661971521435,247.23434315187484,200.925,154.61565684812518,-9.66778648749534,空排,87.0
2495,2026-08-28,38.32000045776367,37.91500053405762,38.15500011444092,43.620833237965904,1211687.6,52.55418879488664,43.52235115949874,-0.7167629968833538,-1.0942888213765214,0.3775258244931676,55.307166086570916,48.359080035816646,40.394337873227975,38.15500011444092,35.91566235565386,0.6421213751884159,交叉混雜,76.0
2496,2026-08-28,54.81999969482422,55.467142486572264,57.448571395874026,60.88619041442871,17385.8,8.637511013488782,12.465691892811389,-1.6239183705487648,-1.4243372409431154,-0.19958112960564933,22.731862181193804,24.693524769145085,62.00556406216509,57.448571395874026,52.89157872958296,-4.958474775854074,空排,13.0
2497,2026-08-28,45.54000015258789,45.46999969482422,46.38999977111816,54.02249997456868,196236.0,50.49376837810583,37.617296820622826,-1.8206088388035795,-2.1952998040059213,0.3746909652023418,44.77775824288581,39.89376477804229,48.8363934938496,46.38999977111816,43.94360604838673,-1.5951675983839304,交叉混雜,28.0
2498,2026-08-28,40.55,40.39500007629395,40.36000003814697,42.489166768391925,2278941.2,46.18648552923946,45.31633620098463,-0.3227707086846223,-0.49804018073710116,0.17526947205247884,52.65479683022263,48.66705663891148,41.12475015716485,40.36000003814697,39.595249919129095,0.47076114651633927,交叉混雜,23.0
2501,2026-08-28,22.879999923706055,22.914999771118165,22.69999990463257,23.535833326975503,1365730.0,34.04638672461168,49.685083362571376,-0.0069123270992150765,-0.0378166107466272,0.03090428364741212,32.27957829778909,43.37798733630423,23.453936779777877,22.69999990463257,21.946063029487263,-0.8810568523031325,交叉混雜,58.0
2504,2026-08-28,31.9,31.369999885559082,31.107500076293945,32.37499993642171,1769702.4,68.22563240553114,65.96366498089829,0.022498860760595818,-0.1697246884076391,0.19222354916823492,57.96639415635123,54.49177719468922,32.232935498216364,31.107500076293945,29.982064654371527,1.9046875679252477,交叉混雜,24.0
2505,2026-08-28,17.40999984741211,17.61000003814697,17.777500057220458,18.02833344141642,192808.6,14.705865582810127,24.843751982224738,-0.14702058248087368,-0.08413195617647078,-0.06288862630440291,25.812682324745538,35.81309147907659,18.37616097313332,17.777500057220458,17.178839141307595,-2.6859840732553977,空排,39.0
2506,2026-08-28,8.589999961853028,8.594999885559082,8.590499973297119,8.762999931971232,109547.0,41.86819808791935,45.36652011750239,-0.03332694365901112,-0.041253705369505976,0.007926761710494855,44.67856729198512,45.371578130790596,8.666304555578982,8.590499973297119,8.514695391015255,-0.2386389446088529,交叉混雜,37.0
2509,2026-08-28,15.129999923706055,14.78499994277954,14.064999961853028,13.602500009536744,174050.2,84.47341936712246,84.79498554258322,0.5317011462129475,0.3729273641581918,0.15877378205475573,79.59853667973879,76.04931680595315,15.749636404705452,14.064999961853028,12.380363519000603,9.491643514383366,多排,73.0
2511,2026-08-28,8.348000144958496,8.311000061035156,8.331500053405762,8.322833347320557,578844.0,69.9532273750218,65.16339852206679,-0.00916710207237692,-0.01442804805451275,0.0052609459821358305,47.461371591300455,48.3619126811204,8.489016951336065,8.331500053405762,8.173983155475458,-0.13803466972123268,交叉混雜,55.0
2514,2026-08-28,11.960000038146973,11.930000019073486,12.115000009536743,12.801666657129923,169796.8,63.70759728812995,52.83308616381087,-0.21043415633293883,-0.23123330790873908,0.020799151575800257,44.011349578933036,39.08366254468705,12.58303063944304,12.115000009536743,11.646969379630447,-1.3619496503650086,交叉混雜,15.0
2515,2026-08-28,12.0,11.940000057220459,11.95750002861023,12.34487042427063,5018082.2,56.897890524608066,54.45609689000287,-0.07095530685457518,-0.10687043624152844,0.03591512938695325,46.125094819729135,46.086419283116946,12.120611197205346,11.95750002861023,11.794388860015115,-0.06272397513818113,交叉混雜,31.0
2516,2026-08-28,14.3,14.175,14.08250002861023,13.844166660308838,69819.0,40.17691367634298,45.40362491751088,0.10271378296152278,0.09377209695852387,0.008941686002998911,46.528564716974,52.2352390252175,14.427807090201734,14.08250002861023,13.737192967018727,0.47931538990172196,多排,59.0
2520,2026-08-28,35.720000457763675,36.04500045776367,35.35249996185303,34.950833320617676,1230471.8,45.654497971091786,61.43555101645005,0.2698333882366839,0.3145220562164449,-0.04468866797976101,39.9228749664955,47.89125465093615,37.06144777701766,35.35249996185303,33.64355214668839,-0.14850639940352497,交叉混雜,67.0
2524,2026-08-28,35.279999542236325,35.01999969482422,34.88499984741211,35.82833321889242,51959.8,58.16949824730226,52.543607142282134,-0.09484730650471818,-0.22158730918356057,0.1267400026788424,51.44792615667986,50.132666640755524,35.93486177037961,34.88499984741211,33.83513792444461,0.9029695195790869,交叉混雜,30.0
2527,2026-08-28,42.970000457763675,43.64500045776367,44.5375,42.76083329518636,609047.6,44.09584318221869,31.36932036133382,-0.2551719891168247,0.02833884107664182,-0.2835108301934665,51.6531844102227,48.86733341531302,47.7846638772023,44.5375,41.290336122797704,-1.4313746261489646,交叉混雜,86.0
2528,2026-08-28,20.579999923706055,20.454999732971192,20.32499990463257,21.312499936421712,234717.6,73.14992919431143,71.78088708001434,-0.12898706466587484,-0.22644215634125625,0.09745509167538141,45.61284469309625,46.928783018868934,21.133832754180133,20.32499990463257,19.516167055085006,0.3690022841309306,交叉混雜,14.0
2530,2026-08-28,19.400000381469727,19.450000190734862,19.432500076293945,19.56333335240682,621652.8,45.64695944479036,50.5521409677244,-0.07246638294685681,-0.06151484315595843,-0.010951539790898378,42.576239118622006,45.94367169047916,19.831544962511014,19.432500076293945,19.033455190076875,-0.9391487228994262,交叉混雜,11.0
2534,2026-08-28,17.420000076293945,17.239999961853027,17.119999885559082,17.246666622161865,360850.0,85.47193796755609,80.77839842139157,0.09107578783133263,0.020016825292933145,0.0710589625383995,62.375533570533335,58.92881250176204,17.608176183494688,17.119999885559082,16.631823587623476,2.2196268515249957,交叉混雜,30.0
2535,2026-08-28,90.81999969482422,90.94999923706055,90.09000015258789,89.92500025431315,191753.6,62.26491070273996,62.22110309300106,0.700768930236606,0.6217205973396159,0.07904833289699009,54.17086632300866,54.06635817774232,93.19646002525378,90.09000015258789,86.983540279922,1.0101008390174466,交叉混雜,81.0
2536,2026-08-28,20.929999923706056,20.879999923706055,20.239999961853027,20.205000019073488,1522256.4,52.66014186967037,55.75587803516709,0.4171284323802098,0.3639622761809304,0.05316615619927939,52.78761974680857,59.25176591484266,22.709306298742447,20.239999961853027,17.770693624963606,2.766794843196486,多排,31.0
2537,2026-08-28,11.529999732971191,11.49499979019165,11.239999866485595,11.116666666666667,646029.4,64.67423813103058,70.62092808497509,0.15622845035362154,0.12510440695494324,0.031124043398678303,50.67157214094553,55.342183751837545,11.82633538303073,11.239999866485595,10.653664349940462,1.86832691524935,多排,69.0
2538,2026-08-28,9.039999961853027,9.060000038146972,9.134999990463257,9.665833314259848,533587.8,16.581968917918477,22.968170736116612,-0.16932524670288096,-0.17624724658007196,0.0069219998771909985,23.92889920604466,26.909883586414736,9.381789816557811,9.134999990463257,8.888210164368703,-2.5725273363800625,空排,18.0
2539,2026-08-28,34.74000015258789,36.15614738464355,39.22557353973389,39.536857986450194,1089515.8,17.796499330706595,20.57427292701292,-1.764589319081253,-1.071781663975997,-0.692807655105256,22.811542633967576,29.00693438107635,46.657412769263075,39.22557353973389,31.793734310204698,-12.429582605526562,空排,10.0
2540,2026-08-28,47.25999984741211,46.999999618530275,48.85999984741211,52.275,773734.0,72.8044498904376,62.63144419439254,-1.651729148289789,-1.8804934129796118,0.22876426468982292,56.63871828106172,46.133443338032976,58.59158730112956,48.85999984741211,39.12841239369467,-1.3507963293774266,交叉混雜,41.0
2542,2026-08-28,47.70999984741211,47.83499984741211,46.25499973297119,44.59083315531413,5661039.2,51.16915847263693,70.99929126143246,1.030883769980889,1.0100790067344432,0.020804763246445868,44.27229984763149,55.852983988875174,49.82592087790911,46.25499973297119,42.68407858803327,1.6106372745209656,交叉混雜,74.0
2543,2026-08-28,38.529999542236325,38.56499977111817,38.59500026702881,40.19166666666667,484905.6,34.05673042885084,33.65162543484659,-0.16084455776093165,-0.20070232043167946,0.03985776267074781,40.86326979158709,46.39679020771775,40.42771446885606,38.59500026702881,36.76228606520156,-0.7643503768032802,空排,3.0
2545,2026-08-28,34.880000305175784,34.425,33.78000020980835,35.4649998664856,192885.0,84.41613659548263,77.01622652269239,0.1622656663861406,-0.10227498393178375,0.26454065031792434,64.17562952118968,58.80007948424706,35.90637619439279,33.78000020980835,31.653624225223904,3.463589537786274,交叉混雜,32.0
2546,2026-08-28,107.0,108.9,103.63910675048828,97.53303565979004,242311.0,38.40587013979586,53.53699315768355,3.1842476638901758,3.2318179090982624,-0.047570245208086614,48.97099681352531,54.582830253315095,117.34925819507502,103.63910675048828,89.92895530590154,2.7604379651778888,交叉混雜,79.0
2547,2026-08-28,10.1,10.144999980926514,10.250000047683717,10.662500015894572,926858.6,26.86551687073048,38.38796645252302,-0.12412778444852002,-0.1224683602923541,-0.00165942415616592,35.89213678402494,39.64500252466423,10.646032921319446,10.250000047683717,9.853967174047987,-2.4390248441043787,空排,41.0
2548,2026-08-28,95.74000091552735,95.2599998474121,95.12000045776367,96.89103177388509,761248.6,45.70209888160733,51.99873553948856,-0.524014956533037,-0.7292121498687713,0.20519719333573427,31.85149274621186,39.45223020364455,98.42715368045552,95.12000045776367,91.81284723507181,-1.387718040005661,交叉混雜,31.0
2596,2026-08-28,34.62999954223633,34.02000007629395,32.840000247955324,31.51583325068156,110495.8,76.26457869726707,83.41059350026582,0.9582907326600463,0.7608627892633565,0.1974279433966898,88.04659873739566,79.30674823026544,35.66332361159648,32.840000247955324,30.016676884314165,5.816077154760668,多排,74.0
2597,2026-08-28,170.3,168.95,167.2,170.08333333333334,162303.0,75.82248081735212,67.36876937423466,1.4453902920054702,0.783657523600834,0.6617327684046362,72.22519738304226,63.185932210523596,173.2645648952296,167.2,161.13543510477038,2.8708133971291936,交叉混雜,62.0
2601,2026-08-28,6.986000061035156,6.898000001907349,6.579499983787537,6.371499967575073,7780385.2,39.55674777464797,50.628779833019784,0.15889318068035152,0.12484085588049153,0.03405232479985999,47.47579386653032,52.85251145852051,7.383711971276311,6.579499983787537,5.775287996298763,3.047347465838783,多排,76.0
2603,2026-08-28,238.3,239.9,225.5,209.1,20424627.2,46.47411231433284,65.8354987392235,9.144956808173959,9.363404892490728,-0.2184480843167691,44.28186266442328,55.99233467519516,258.0624905293455,225.5,192.93750947065453,2.6607538802660753,交叉混雜,72.0
2605,2026-08-28,35.51999969482422,35.66500015258789,33.93499984741211,31.916666539510093,23716157.0,45.00496632143809,58.30395186529652,1.1147244393672935,1.098425935129816,0.016298504237477474,50.298475011937875,56.23382800437232,38.08876803752555,33.93499984741211,29.78123165729867,3.28569145325477,交叉混雜,78.0
2606,2026-08-28,73.76000061035157,71.84000015258789,68.68000068664551,65.00666656494141,22375156.8,58.29426642280887,70.8699747474596,2.6405486676437846,2.1589341225993945,0.48161454504439005,52.980967770400376,57.72847818083544,76.58778426476918,68.68000068664551,60.77221710852184,5.1252129097330075,多排,72.0
2607,2026-08-28,52.15999984741211,51.61000022888184,49.9725004196167,48.60083344777425,547632.6,64.09425002476192,70.89159770008062,1.2195989552239936,1.0348925758227372,0.18470637940125645,58.293854406694244,65.18342609046493,53.97045663450158,49.9725004196167,45.97454420473182,3.456901953708569,多排,38.0
2608,2026-08-28,28.690000152587892,28.629999923706055,28.62750005722046,29.102500089009602,216050.8,43.18460169061331,45.701069799223475,-0.11357731325181675,-0.14458620354316126,0.031008890291344515,42.56936977171999,42.65689213409219,28.85104804554426,28.62750005722046,28.403952068896658,-0.0960603465051655,交叉混雜,30.0
2609,2026-08-28,59.95999984741211,59.4,55.27999992370606,52.50166651407878,124100805.8,44.6099578422245,64.61105981202196,2.264363069806784,2.1141457992819843,0.1502172705247995,40.06002840183434,50.866183616631204,65.08066564943721,55.27999992370606,45.4793341979749,1.6642562237755467,多排,54.0
2610,2026-08-28,20.56999969482422,20.349999809265135,20.830000019073488,21.2950000445048,30719198.0,59.40430489192916,53.83210836307951,-0.2447386392096753,-0.27328571260145434,0.028547073391779032,43.22114190064627,43.83844917954845,22.790773518109923,20.830000019073488,18.869226520037053,-2.304366957101479,交叉混雜,57.0
2611,2026-08-28,15.589999961853028,15.719999980926513,14.824999952316285,14.25499997138977,2731284.4,26.790724435283295,48.43281446722149,0.43620737131014664,0.45022305569887194,-0.014015684388725302,39.12337600446385,49.13066207967149,17.0609504512922,14.824999952316285,12.589049453340369,0.5058999423623662,交叉混雜,58.0
2612,2026-08-28,61.55999984741211,59.820000076293944,56.97000007629394,54.58833357493083,3336066.8,65.26532953397776,75.17731694769365,2.1933038287127005,1.6466389847743708,0.5466648439383297,54.6552161762499,60.0545765167345,63.87693016847044,56.97000007629394,50.06306998411745,5.669651891030209,多排,62.0
2613,2026-08-28,23.429999923706056,23.114999771118164,21.729999828338624,21.594999917348225,4635241.0,48.10051429550788,61.07966427108596,0.6563071408141496,0.47496774247343254,0.1813393983407171,48.80361792598692,54.78962651108338,24.929572109700015,21.729999828338624,18.530427546977233,4.4638791636612325,多排,36.0
2614,2026-08-28,18.479999923706053,18.389999771118163,18.225,18.38083340326945,654299.8,49.39442114948002,57.72923888628398,0.06408591793638863,0.026354010944194435,0.03773190699219419,42.12203609911452,48.53147030266856,18.7154345038682,18.225,17.734565496131804,0.1371742112482775,交叉混雜,40.0
2615,2026-08-28,118.2,114.0099998474121,100.3349998474121,87.86499977111816,65304790.4,58.52580183853608,73.28051147752974,9.016823268052349,7.760316534531966,1.256506733520383,51.77817619807523,62.50784677943937,131.10554457708545,100.3349998474121,69.56445511773876,11.12772229986291,多排,84.0
2616,2026-08-28,13.439999771118163,13.430000019073486,13.392500019073486,13.541666714350383,74208.4,45.60372399593606,54.239227084534605,-0.02724424850426388,-0.0382965682441668,0.011052319739902922,44.998044455144914,46.66630481878507,13.555611061500832,13.392500019073486,13.22938897664614,0.055998502490995694,交叉混雜,46.0
2617,2026-08-28,31.24000015258789,30.880000114440918,29.88499994277954,29.68083340326945,2805344.8,54.281743214592865,66.53308900347533,0.5458128942725864,0.4032703005611818,0.1425425937114046,45.63476104470905,53.28663471328252,32.29748954214711,29.88499994277954,27.47251034341197,1.890583306815169,多排,58.0
2618,2026-08-28,42.48000030517578,42.25499992370605,42.447500228881836,41.76666685740153,21042613.8,60.729767652521524,67.18535355043939,0.12525416835254788,0.14182565757324173,-0.016571489220693847,42.16791494691013,47.303856729843154,44.56521366033858,42.447500228881836,40.32978679742509,-1.5254160747509011,交叉混雜,71.0
2630,2026-08-28,51.210000610351564,51.56500053405762,50.30000038146973,49.06750024159749,4200328.0,42.04309531719146,44.0377062235889,0.3558882578406042,0.19138313610305546,0.16450512173754872,55.06622980236676,53.27209061321386,53.90482146930649,50.30000038146973,46.69517929363297,2.9821050580814896,交叉混雜,64.0
2633,2026-08-28,26.29000015258789,26.13999996185303,25.989999866485597,26.039999961853027,2206232.2,82.16359730541268,81.61863375013124,0.07291319103759264,0.020606041482943007,0.05230714955464963,61.664794410207,57.53542125819858,26.398592071594308,25.989999866485597,25.581407661376886,1.0003852822241681,交叉混雜,51.0
2634,2026-08-28,68.48000030517578,69.69000091552735,66.29000034332276,59.49833354949951,48693616.8,36.15659263838558,47.1267023856895,2.243626017946582,2.42194271828809,-0.17831670034150804,47.8548390215485,52.82416713105803,74.84420018691749,66.29000034332276,57.73580049972803,2.277874039243616,交叉混雜,85.0
2636,2026-08-28,71.44000091552735,71.22000045776367,68.74500007629395,68.60499979654948,1957923.8,31.56236469759904,52.195212374080796,1.0995064762705624,1.0243537679800667,0.0751527082904957,38.219947677408776,48.42624999267409,74.87292658994313,68.74500007629395,62.61707356264476,0.22547305173166893,多排,55.0
2637,2026-08-28,94.0999984741211,93.46999893188476,89.73499946594238,82.45833333333333,15841065.0,41.56588470501175,55.75705958547542,3.35574742254569,3.278231697383856,0.07751572516183414,48.741546166454825,54.64359722684814,99.73231953771827,89.73499946594238,79.73767939416649,2.6355368833275747,多排,82.0
2640,2026-08-28,157.1,156.0,151.575,153.0,22550.8,80.62463310217207,82.28915691212528,1.8913144509045026,0.9418556004609961,0.9494588504435064,79.68040172729488,66.93539142839083,161.1791383624036,151.575,141.97086163759639,4.238825663862782,交叉混雜,72.0
2641,2026-08-28,18.43000030517578,18.325000190734862,17.7875,17.856666628519694,9263236.6,44.284824901688346,58.52551654094401,0.26595599085599986,0.20796677648479617,0.05798921437120369,43.142323106761566,51.8318541982705,19.086032100466518,17.7875,16.488967899533485,1.1946591707659793,交叉混雜,30.0
2642,2026-08-28,20.579999923706055,20.470000076293946,20.397500038146973,20.730833339691163,74104.6,69.87584305229109,65.42605979877953,0.013172587917043899,-0.04152535696937993,0.05469794488642383,57.62140912660522,54.09549993911218,20.784764305451404,20.397500038146973,20.01023577084254,0.9927704029613533,交叉混雜,23.0
2643,2026-08-28,62.63999938964844,62.380000305175784,62.390000343322754,62.436666870117186,5498.4,56.45770000032778,57.656306691882875,0.3481156841143047,0.23901284561188424,0.10910283850242047,62.5202555461457,58.3758497795978,64.1502634623812,62.390000343322754,60.629737224264304,1.1379998828198867,交叉混雜,30.0
2645,2026-08-28,175.2,177.1,183.575,191.35,4456263.0,23.4031384981335,20.717577081554104,-5.623179123346887,-5.15573315638918,-0.46744596695770646,39.44247927210836,41.28886193750948,199.94980413703414,183.575,167.20019586296584,-5.215851831676421,空排,63.0
2646,2026-08-28,21.110000228881837,21.044999885559083,20.977499771118165,21.107499853769937,2517750.2,63.57597783893474,67.173462392521,-0.03240111374214649,-0.05335218807469399,0.020951074332547497,38.308995217612654,44.40868446754913,21.59006559376935,20.977499771118165,20.36493394846698,-0.6077911621478335,交叉混雜,35.0
2701,2026-08-28,10.669999885559083,10.654999923706054,10.630000019073487,10.660000101725261,50533.6,60.25996035243122,63.90751022863186,-0.008619084727985893,-0.011523724135544929,0.0029046394075590357,41.56687917247362,45.37576918740503,10.73954412369322,10.630000019073487,10.520455914453754,-0.28221672201252634,交叉混雜,48.0
2702,2026-08-28,12.660000038146972,12.469999980926513,12.459999942779541,12.755833339691161,36327.8,82.4310573046261,73.8948846708264,-0.028416866360609916,-0.09401927685240888,0.06560241049179896,63.92707590722796,56.28973187217219,12.810338332721017,12.459999942779541,12.109661552838066,1.9261626612179332,交叉混雜,54.0
2704,2026-08-28,45.779998779296875,45.95999946594238,45.99249954223633,45.37416642506917,108072.8,35.840075226849294,42.40690076951016,0.01633105379107036,0.1199182977190949,-0.10358724392802454,38.598186531020794,44.64655010931039,47.00675427639479,45.99249954223633,44.978244808077875,-1.3969692330489858,交叉混雜,63.0
2705,2026-08-28,15.8,15.78499994277954,15.947499990463257,16.080833292007448,58416.4,38.304218584625055,40.62664370387486,-0.10287472919143248,-0.08620244342828122,-0.01667228576315126,37.94021250879605,40.828470323408155,16.355930891987807,15.947499990463257,15.539069088938707,-1.55196853015286,交叉混雜,47.0
2706,2026-08-28,12.510000038146973,12.494999980926513,12.487499952316284,12.526666641235352,92483.4,37.87341688073057,39.91232196489328,-0.01622350526608507,-0.021150722212570524,0.004927216946485454,48.87212844067209,48.17082161008879,12.584154887720853,12.487499952316284,12.390845016911715,0.10010048233391351,交叉混雜,51.0
2707,2026-08-28,180.5,179.95,179.075,179.30833333333334,87713.8,48.875912212676766,52.480023851623415,0.4644631677112443,0.2914327552139548,0.1730304124972895,44.9882507586314,49.81448798690118,182.64792449874614,179.075,175.50207550125384,0.23733072734888253,交叉混雜,48.0
2712,2026-08-28,14.52000026702881,14.49000005722046,14.52750005722046,14.80083335240682,6600.0,50.815865701062904,52.51639336141574,-0.08754734379401974,-0.09795664438143054,0.010409300587410797,34.5883022222401,42.430383046004536,14.893811784580434,14.52750005722046,14.161188329860485,-1.2218184481266745,交叉混雜,16.0
2718,2026-08-28,46.8,48.06499977111817,46.71249942779541,47.73833312988281,128439.0,29.470578064710953,52.82997596170773,-0.0806386569484161,0.33947188672362094,-0.42011054367203704,13.954530813981307,27.29512564775756,52.13670257662314,46.71249942779541,41.28829627896768,-10.302377224227298,交叉混雜,14.0
2719,2026-08-28,20.5,20.714999961853028,21.06500005722046,23.05999994277954,14259.8,21.553089846118265,26.36736534379651,-0.6332458762790907,-0.659296711260233,0.026050834981142357,6.22065330249076,25.56857705516836,21.95535790206538,21.06500005722046,20.174642212375538,-3.6316203089574284,空排,4.0
2722,2026-08-28,21.929999542236327,21.879999732971193,21.90999984741211,22.372500038146974,47562.6,30.96846379032527,36.337108106418675,-0.0761945579920571,-0.09342838644180453,0.017233828449747426,37.57315644122642,42.86229991399515,22.42971663666101,21.90999984741211,21.39028305816321,-1.6430881463200184,交叉混雜,19.0
2723,2026-08-28,77.89999847412109,72.06999855041504,66.87499923706055,65.9,1145140.4,87.8328442487342,85.90700236114867,3.758668455228758,2.0316332574616425,1.7270351977671154,74.40668831376176,73.9805763600803,81.0778701690861,66.87499923706055,52.672128305035,15.439249090054222,多排,74.0
2726,2026-08-28,8.326000022888184,8.407000064849854,8.566500091552735,9.082833337783814,45198.8,12.926782377659254,19.246493077705956,-0.1848477076741073,-0.16678736137036704,-0.01806034630374026,16.323551362230546,26.168603397915845,8.94952277473165,8.566500091552735,8.18347740837382,-4.044823683193596,空排,3.0
2727,2026-08-28,235.0,234.85,233.025,236.525,214831.8,53.171952214450734,58.21047491623003,0.7637342552472433,0.5173576230500941,0.24637663219714911,47.78838795160341,50.89798582525138,242.19287870774727,233.025,223.85712129225274,0.4184100418410017,交叉混雜,61.0
2729,2026-08-28,156.5,158.3,159.475,159.7,41717.6,18.894053628479046,25.621887206526853,-1.015603622299892,-0.3608072525765597,-0.6547963697233323,32.22067346620601,36.70389954523557,164.37907993409428,159.475,154.5709200659057,-2.492553691801219,空排,32.0
2731,2026-08-28,145.1,144.5,144.975,147.96666666666667,166621.6,59.93296918228998,57.1709635485706,-0.5052442516167446,-0.7586304183453896,0.253386166728645,51.91091537126986,49.068968319832734,147.49805161931272,144.975,142.45194838068727,0.0172443524745685,交叉混雜,22.0
2732,2026-08-28,64.66000061035156,64.37000045776367,63.990000343322755,64.51666685740153,20003.0,71.86080763383752,63.403164703960286,0.15349492027465317,-0.02340494661927043,0.1768998668939236,61.55634650123276,56.90887425927959,65.28598660470976,63.990000343322755,62.694014081935755,1.2658270106097593,交叉混雜,41.0
2734,2026-08-28,14.95,14.969999980926513,14.90999994277954,15.102499993642171,54486.0,27.63344865010718,37.185538824401476,-0.016758283399475715,-0.02687235874546491,0.010114075345989196,34.66604983504293,44.40952235981277,15.211923780791908,14.90999994277954,14.608076104767173,-0.40241154621110553,交叉混雜,23.0
2736,2026-08-28,12.19000015258789,11.859999942779542,11.674999952316284,11.811666695276896,120577.2,74.81296964020089,66.84713381089938,0.1142105248177252,0.0181325175576417,0.0960780072600835,59.57895729672913,60.506745024358494,12.334744900623933,11.674999952316284,11.015255004008635,3.211993489937276,交叉混雜,27.0
2739,2026-08-28,37.96999969482422,37.1,35.85,35.900833447774254,173145.8,74.59681816727031,75.32745003162242,0.7692881214558014,0.45692756067497203,0.31236056078082935,66.02660658267627,65.9165717115286,39.0485191356969,35.85,32.6514808643031,5.299860529986049,交叉混雜,65.0
2740,2026-08-28,31.06999969482422,30.51999988555908,31.04750003814697,31.260833422342937,3152.8,85.69812747161677,79.88945691076668,-0.44702385889589635,-0.5522235930542756,0.10519973415837924,50.46892571316219,46.44438123612757,33.363230338066536,31.04750003814697,28.731769738227406,-0.4750798596842555,交叉混雜,50.0
2743,2026-08-28,59.699999237060545,58.529999542236325,57.57499980926514,62.201666577657065,98482.0,73.96251097818444,72.55117938404274,-0.25678208662770885,-0.8943940892146582,0.6376120025869494,56.10150393919415,52.85892997022118,60.50065707965721,57.57499980926514,54.649342538873064,2.996091069926184,交叉混雜,9.0
2745,2026-08-28,89.08000030517579,88.71000061035156,88.43500022888183,97.94999987284342,56669.0,64.48453585823886,57.71499995442555,-1.6995506315223992,-2.4181471894253823,0.7185965579029832,58.03168375938288,44.52469432115423,90.2182860567387,88.43500022888183,86.65171440102496,1.0911983880810971,交叉混雜,16.0
2748,2026-08-28,38.64000015258789,38.54500045776367,38.42000045776367,39.3341667175293,49326.0,63.454657342667595,60.020075056344126,-0.13532189769080816,-0.22465410960992802,0.08933221191911986,61.5573569506133,51.45854339226932,38.90275579446636,38.42000045776367,37.93724512106098,0.8589264401469973,交叉混雜,33.0
2751,2026-08-28,54.9,54.44000015258789,53.575,52.715833282470705,4641.2,78.1163021931749,74.0505355834562,0.7486806426220625,0.5615232085241197,0.18715743409794272,78.03130089113802,68.43791872298024,56.04918229883997,53.575,51.10081770116003,3.593093793747078,多排,39.0
2753,2026-08-28,181.2047607421875,183.10238037109374,182.20119018554686,182.15039672851563,165149.6,27.047174855896387,45.15810550168966,0.29836849164030355,0.8418711355240733,-0.5435026438837698,38.20291485680526,44.980027745549954,188.3497372667503,182.20119018554686,176.05264310434342,-1.208109663446904,交叉混雜,45.0
2754,2026-08-28,69.41999969482421,69.34999923706054,70.25499954223633,69.04666659037272,17078.2,35.47876211758181,29.469134300583573,-0.00684294202508795,0.1015169907438747,-0.10835993276896265,54.32471615819873,51.482305605818034,72.9410062645308,70.25499954223633,67.56899281994187,-0.5052992935314271,交叉混雜,33.0
2755,2026-08-28,102.1,102.5,102.95,106.96701736450196,17906.6,38.461431658498526,40.33186859474924,-0.9411127583386332,-1.043396756622567,0.10228399828393386,39.62741867949626,40.962920054595706,104.72408241664671,102.95,101.1759175833533,-0.922778047595923,空排,43.0
2756,2026-08-28,62.960000610351564,61.87999992370605,59.29499988555908,59.41666653951009,13432.2,79.70644206536937,77.84110279004872,1.2899923481335804,0.6708894273740126,0.6191029207595679,94.56412604661016,81.52738077836761,65.03185259238562,59.29499988555908,53.55814717873253,6.923014838085149,交叉混雜,19.0
2762,2026-08-28,84.16000061035156,83.43000030517578,83.62500038146973,84.54499994913736,86850.8,64.10911185560448,61.220283751378375,-0.11112986376635092,-0.2986482122029319,0.187518348436581,52.160061114130734,50.58275817799425,86.04846118113795,83.62500038146973,81.20153958180151,0.568009674719972,交叉混雜,62.0
2801,2026-08-28,24.24000015258789,24.070000076293944,23.917500019073486,23.64500001271566,16250795.8,73.44709846847435,70.77385352133905,0.14324579203317,0.056884127971884926,0.08636166406128508,77.31615089498499,65.25283672998667,25.229499562192654,23.917500019073486,22.60550047595432,3.8988203685694542,多排,78.0
2812,2026-08-28,18.940000152587892,18.914999961853027,18.82516622543335,19.70255537033081,8494577.8,61.01712203966476,67.84806414604833,-0.24060001220724203,-0.2910719786190187,0.05047196641177665,42.95892383124857,40.253338182595904,19.23453131985074,18.82516622543335,18.41580113101596,0.13191998274535968,交叉混雜,38.0
2816,2026-08-28,38.35999984741211,36.885000228881836,35.339999961853025,34.322500165303545,1396613.0,78.19918783017816,79.87997413367336,1.293813966792058,0.7863472026853418,0.5074667641067163,80.93117894379156,77.58034834146115,39.55283786820928,35.339999961853025,31.12716205549677,10.073575460862044,多排,81.0
2820,2026-08-28,16.550000381469726,16.420000076293945,16.36500005722046,16.88583335876465,2396647.8,71.49280741506428,67.84823867906135,-0.028592781423871116,-0.09752750512502106,0.06893472370114995,67.67334745048835,58.4064010715287,16.655372023185183,16.36500005722046,16.074628091255736,1.7415188531213484,交叉混雜,53.0
2832,2026-08-28,60.28000030517578,60.15,59.40999984741211,57.26000010172526,143428.0,53.32618158032175,63.1452711461214,0.8343399607550666,0.858176292416008,-0.023836331660941457,49.47479381159032,56.99104904445729,61.486332944075436,59.40999984741211,57.33366675074878,0.8247798009178775,多排,75.0
2834,2026-08-28,16.390000534057616,16.425,16.50546712875366,17.325155766805015,29604636.2,40.932822275150116,39.27776369392369,-0.27380906795267634,-0.3003974732528962,0.02658840530021983,47.68379126600642,40.05569324054124,16.879304492750766,16.50546712875366,16.131629764756557,-0.33604844613929186,空排,59.0
2836,2026-08-28,12.04000015258789,12.04000015258789,11.952500057220458,12.24833337465922,692103.4,64.82037286589865,67.72334870728017,-0.05788071655105931,-0.08272816703038686,0.024847450479327557,53.26572261218657,48.8507942287598,12.166423503844385,11.952500057220458,11.738576610596532,0.8157300401392222,交叉混雜,54.0
2838,2026-08-28,20.289999771118165,20.204999923706055,20.254999923706055,20.809182103474935,1630198.2,61.14635636954573,58.006884484296734,-0.11464380128836993,-0.16326910565528716,0.04862530436691723,46.20253383486348,45.86539693382488,20.79292979342021,20.254999923706055,19.7170700539919,-0.271533749561916,交叉混雜,69.0
2845,2026-08-28,13.479999923706055,13.519999980926514,13.3625,13.206666692097981,13420976.6,49.76130684238939,61.268901812953885,0.07130300881868834,0.07528626308189652,-0.003983254263208183,42.63986742397342,50.61824561424986,13.726505566168482,13.3625,12.99849443383152,0.2806332537345012,交叉混雜,65.0
2849,2026-08-28,14.420000076293945,14.375,14.47749991416931,14.559166638056437,79311.0,62.2161991372964,56.147058065605094,-0.07775399967359498,-0.0752787673649622,-0.00247523230863278,48.70489294123069,47.5587671299391,14.984788945471157,14.47749991416931,13.970210882867464,-0.5353154626040568,交叉混雜,63.0
2850,2026-08-28,163.0,163.35,161.675,151.50833333333333,195814.4,43.1917647428227,55.937690839130305,2.9342080430975557,3.5146688554719,-0.5804608123743442,41.27697125294396,50.83795610542154,167.78172623123297,161.675,155.56827376876706,-0.7267666615123002,交叉混雜,82.0
2851,2026-08-28,44.67999954223633,43.31499977111817,39.66499996185303,37.91750011444092,5126854.6,70.8758961091591,75.60001421815309,2.4869944883849016,1.7648488749480522,0.7221456134368494,64.90260757774345,67.36191364359907,48.36878559141549,39.66499996185303,30.961214332290567,13.70225265976317,多排,89.0
2852,2026-08-28,29.04000015258789,28.59000015258789,27.70500020980835,27.144166660308837,1157353.8,60.69352405799013,76.77233948717691,0.5784019672881797,0.4692885135151844,0.1091134537729953,43.243766367228616,52.48793900688738,29.95746080429847,27.70500020980835,25.45253961531823,1.4257360356255657,多排,62.0
2855,2026-08-28,47.23000030517578,46.91999969482422,46.39249973297119,47.97666676839193,3375902.8,69.12883142724024,59.19582478407014,0.43765435779430106,0.1483816465871352,0.28927271120716586,72.93000270288927,62.06829307143367,48.714085877291446,46.39249973297119,44.07091358865093,4.650535143628015,交叉混雜,90.0
2880,2026-08-28,39.64999923706055,39.45499954223633,41.078613662719725,39.37203795115153,16539676.8,51.92830394549564,41.731677662763886,-0.30231912071836575,-0.08032798714586697,-0.22199113357249878,55.43333934604431,49.470842876043136,45.43865687041662,41.078613662719725,36.71857045502283,-2.017141253897088,交叉混雜,81.0
2881,2026-08-28,139.5,134.3,131.25,128.34166666666667,25029716.2,87.285125544219,80.16819321970655,3.782380213131603,2.2792597633851743,1.5031204497464286,75.2731985010432,69.07399694279172,142.4303398874997,131.25,120.0696601125003,9.714285714285714,多排,88.0
2882,2026-08-28,102.48000030517578,100.61999969482422,100.22999954223633,100.17500012715658,19815179.0,67.2892820740629,56.392414272663174,1.3272475214900936,0.8214884657071079,0.5057590557829857,73.66631606566523,64.31815084942068,104.23215741548142,100.22999954223633,96.22784166899123,5.257907295053838,多排,85.0
2883,2026-08-28,31.97000045776367,31.455000114440917,31.25,30.087500031789144,38293539.4,74.67970925822507,67.33686705620886,0.5738243799297322,0.4818731847583979,0.09195119517133432,73.19134645221422,65.44329364535932,32.56349314198352,31.25,29.936506858016475,4.8,多排,92.0
2884,2026-08-28,38.630000305175784,38.214999771118165,37.96000003814697,36.01333351135254,26906302.6,74.21686275069858,73.76109186843777,0.6384614546498497,0.6320765519860208,0.006384902663828962,64.60100299382447,62.70428558354928,39.13365832630967,37.96000003814697,36.786341749984274,2.0811379374582093,多排,77.0
2885,2026-08-28,62.960000610351564,63.307307434082034,65.94365310668945,65.7628843943278,14528537.8,28.33746499619727,21.442770511935127,-0.8062393877189891,-0.4360204247220354,-0.37021896299695367,49.874268448447296,46.25262184628919,71.69102431199852,65.94365310668945,60.19628190138039,-2.9474453038639514,交叉混雜,87.0
2886,2026-08-28,46.95999984741211,46.87000007629395,48.285000038146975,47.02333348592122,30226259.8,51.30402932550699,43.992273433554885,-0.3620587383594298,-0.1823588589174776,-0.1796998794419522,61.506692825625976,52.93199063251933,52.24640635752118,48.285000038146975,44.32359371877277,-0.17603660586179917,交叉混雜,75.0
2887,2026-08-28,37.19000015258789,36.960000610351564,36.34250049591064,34.120528062184654,35686438.6,68.8043466681208,68.62348004926417,0.8143451701657867,0.810647012299722,0.003698157866064644,61.95479900858901,60.150624775518196,38.20438270451953,36.34250049591064,34.48061828730175,3.184974859447559,多排,92.0
2889,2026-08-28,15.820000076293946,15.730000019073486,15.562500047683717,15.399166711171468,18403923.2,65.5677877441104,69.7962368718477,0.1150076100459021,0.06988553358753104,0.04512207645837106,58.490020380492524,58.28549063657828,16.05866967782923,15.562500047683717,15.066330417538202,2.168671934537854,多排,56.0
2890,2026-08-28,39.30999984741211,39.409999465942384,39.46249961853027,38.41741758982341,17030483.0,38.60236105420942,34.899704456341055,0.17720544293307228,0.25043912047202166,-0.07323367753894938,60.70492124452027,55.529912607553605,40.36388634598034,39.46249961853027,38.56111289108021,0.8552413602604,交叉混雜,86.0
2891,2026-08-28,64.17999954223633,64.62999992370605,65.21500034332276,66.70333353678386,22114535.8,45.657312180644716,44.49562317258075,-0.3142174019189099,-0.20616136075904834,-0.10805604115986156,47.36693632214806,47.22109066137196,67.31590257838833,65.21500034332276,63.11409810825718,-1.2497106695596247,空排,80.0
2892,2026-08-28,33.7,33.61500015258789,34.082500267028806,33.34333324432373,36830034.4,60.36351804571309,52.72261453423657,-0.0739651675375228,-0.030131253240615614,-0.04383391429690719,65.72706186284447,55.95338822727726,36.15925766372468,34.082500267028806,32.00574287033293,0.9315668051420781,交叉混雜,77.0
2897,2026-08-28,10.29000015258789,10.244999980926513,10.19749994277954,10.358333317438762,3965001.4,78.52907569158006,78.29852840346601,0.002325185998644841,-0.028109619963041118,0.03043480596168596,70.85656714540013,58.8347874693049,10.358009185262494,10.19749994277954,10.036990700296586,1.4954688849806366,交叉混雜,67.0
2903,2026-08-28,22.5,22.364999961853027,22.164999961853027,22.55583324432373,1585510.8,56.49477700526104,63.21322519017046,0.04689254816646482,0.003054324362821755,0.043838223803643064,36.96000362977847,45.54371308541696,22.93966434504364,22.164999961853027,21.390335578662416,-0.2932532393195038,交叉混雜,53.0
2904,2026-08-28,12.939999961853028,12.859999847412109,12.969999933242798,13.624999968210856,37228.8,74.0832257889773,67.30700620581068,-0.17703688869298517,-0.22782725809404114,0.05079036940105597,52.35725521445451,41.67680754645665,13.34612987301539,12.969999933242798,12.593869993470207,-0.15420296129994657,交叉混雜,13.0
2905,2026-08-28,17.429999923706056,17.55,17.022500038146973,15.870000012715657,1109010.2,41.88398841432281,50.30658796964088,0.42478701120138496,0.4490565288136252,-0.02426951761224022,55.87496168235589,59.51855236926212,18.234056097335976,17.022500038146973,15.81094397895797,2.5113862466409906,交叉混雜,79.0
2906,2026-08-28,14.09000015258789,13.880000019073487,13.54249997138977,13.532499933242798,220808.6,76.96218768004083,80.32694225495055,0.1818938484806445,0.10048795543798716,0.08140589304265733,75.30757844229038,66.15142564450069,14.41926144242813,13.54249997138977,12.66573850035141,4.116672780193807,多排,66.0
2908,2026-08-28,22.0,21.900000190734865,21.825000095367432,21.61750005086263,209404.0,73.5405424734615,62.02553244054147,0.07703295193736892,0.06747450533927588,0.009558446598093046,53.42237935565748,53.77287765087057,22.181148981327503,21.825000095367432,21.46885120940736,0.5727407423863122,多排,64.0
2911,2026-08-28,6.557999992370606,6.626999950408935,6.784500002861023,7.306000018119812,107634.8,24.563142581967675,24.894603528002467,-0.16516387350236972,-0.14948208937163013,-0.01568178413073959,22.86755214514092,32.49740211472019,7.166542999751593,6.784500002861023,6.402457005970453,-4.782960639357487,空排,72.0
2912,2026-08-28,221.9,219.95,219.675,228.53333333333333,1278683.2,63.758006380384145,65.92446186774325,-2.4231928324956584,-3.123373703496479,0.7001808710008204,37.113068778164745,40.09930589264942,225.7036596223473,219.675,213.64634037765273,-0.5348810743143332,交叉混雜,38.0
2913,2026-08-28,11.229999923706055,11.175,11.057499980926513,11.114999961853027,1315871.2,67.86364537482812,71.92504863509807,0.037284898514217346,0.011459539195850858,0.02582535931836649,47.39435894875796,51.42784801257023,11.369159430127821,11.057499980926513,10.745840531725205,0.8365330116510616,交叉混雜,26.0
2915,2026-08-28,58.779999542236325,59.9799991607666,56.70499954223633,53.234999910990396,3078803.6,32.58824481759933,55.596341880854375,1.9067497493212002,2.062514251270337,-0.15576450194913694,36.793913975986314,52.57942129477517,64.45517018760822,56.70499954223633,48.95482889686444,1.049289656339801,交叉混雜,73.0
2916,2026-08-28,40.12000045776367,40.19000053405762,40.46750030517578,40.760833485921225,22958.2,12.864326487909311,16.962822619255,-0.12486048231359348,-0.10256309879119876,-0.022297383522394715,27.614890311187708,40.60184126182518,41.292935016006446,40.46750030517578,39.64206559434512,-1.0316947302570045,空排,22.0
2923,2026-08-28,25.870000076293945,25.254999923706055,26.689999961853026,28.094166628519694,146906.2,57.063291405692084,45.82797040557804,-1.2320656398354473,-1.300562710267545,0.06849707043209774,47.50084940112521,44.77909858347034,31.240488815014498,26.689999961853026,22.139511108691554,-3.147244591921611,交叉混雜,67.0
2924,2026-08-28,16.559999847412108,16.854999923706053,16.867500019073486,17.544166851043702,14151.0,64.0318875901149,63.65335506886467,-0.24353266880218172,-0.2545613218019077,0.011028652999725996,60.7275180408698,53.26653281550072,17.985428434542886,16.867500019073486,15.749571603604085,2.860532751448867,空排,27.0
2926,2026-08-28,30.020000076293947,30.145000076293947,30.30000009536743,32.17333326339722,15858.2,13.365688348562426,18.211836515600368,-0.4463242905480982,-0.5239184288873517,0.07759413833925355,46.3430306291359,40.492744203183,30.85155291994412,30.30000009536743,29.74844727079074,-0.6600650602911439,空排,10.0
2929,2026-08-28,5.675999927520752,5.695999956130981,5.6864999532699585,5.773166656494141,70815.4,45.65241698051826,38.81462167647087,-0.0194034273884931,-0.01929677019428709,-0.0001066571942060085,50.48127383247242,48.93144631040912,5.941989159814776,5.6864999532699585,5.431010746725141,0.23740184834460926,交叉混雜,12.0
2937,2026-08-28,48.35,48.23500022888184,47.035000228881835,47.67500012715657,14477.0,71.14108265669202,79.23701608046198,0.4220265233859095,0.2202563289064913,0.2017701944794182,78.67171092440361,67.0433697537035,49.92984108070679,47.035000228881835,44.14015937705688,3.4336160075223736,交叉混雜,65.0
2939,2026-08-28,19.629999923706055,19.464999961853028,19.332500076293947,19.710833422342937,10800.6,38.717003258350374,39.00921611635822,0.05355245950391918,-0.007687640071501809,0.06124009957542099,61.509756176150724,55.92511595221515,20.552195736870527,19.332500076293947,18.112804415717367,3.452734623415625,交叉混雜,20.0
2945,2026-08-28,40.029999542236325,39.999999618530275,40.45499973297119,41.38833338419597,9605.2,40.15588278958654,33.43458343701795,-0.3623371188744642,-0.37347820564654594,0.011141086772081754,40.51188587201877,39.53586658846139,41.754756503035466,40.45499973297119,39.15524296290691,-1.1247058113322879,交叉混雜,51.0
2947,2026-08-28,61.48000030517578,61.910000228881835,62.179999923706056,68.51090908050537,13876.4,11.524267246219583,12.35879217258004,-1.3073093983165691,-1.5734415743007732,0.26613217598420413,30.965994403073836,34.22607405868786,63.366946140445684,62.179999923706056,60.99305370696643,-1.2544200688070062,空排,6.0
2948,2026-08-28,38.3,37.85,37.75210952758789,37.608203125,2000.6,83.21968495071552,82.95568225516996,0.1753793013835221,0.07908507169633555,0.09629422968718654,57.883970740263734,54.796973515951734,39.23337191226406,37.75210952758789,36.27084714291172,1.8486152008050531,多排,53.0
3002,2026-08-28,17.14000015258789,17.05,16.87249994277954,18.73999991416931,74642.6,41.23536836383537,32.99379042439648,-0.2150500037156604,-0.3831302155182294,0.168080211802569,70.8143216967444,54.61537302731644,17.51525330053366,16.87249994277954,16.22974658502542,3.4227341657633206,交叉混雜,22.0
3003,2026-08-28,67.06000061035157,66.28000030517578,65.275,64.22999979654948,1121381.8,59.20386498805425,42.32819786037162,1.5648070343956562,1.0907011652509249,0.4741058691447313,77.77573171228761,67.60512123252043,73.6438333726351,65.275,56.90616662736491,10.455761737450919,多排,83.0
3004,2026-08-28,119.7,121.0,123.8,133.49166666666667,346313.0,22.171940819090015,19.812653964670826,-3.9371114083582626,-3.861586635833911,-0.07552477252435175,34.0312934214125,36.716128940397574,130.50741930135695,123.8,117.09258069864303,-3.8772213247172838,空排,59.0
3005,2026-08-28,115.8,117.0,115.925,110.13666661580403,1759183.2,25.309134764581255,30.16070579693514,1.2521918933389031,1.6287011911204428,-0.37650929778153963,48.63978622982314,53.503522658921334,119.37806881056981,115.925,112.47193118943018,0.06469700237222586,交叉混雜,55.0
3006,2026-08-28,273.8,264.25,258.975,230.56666666666666,14359923.4,72.64667659267539,67.62327401304519,12.903655476522317,12.569943281802814,0.333712194719503,55.59767821619157,57.78580902591002,301.88429846474816,258.975,216.0657015352519,4.064098851240458,多排,97.0
3008,2026-08-28,6275.0,5841.0,5146.0,4545.916666666667,2687983.4,93.38392650591655,91.17119411164119,616.4938967121598,405.1273748538514,211.36652185830837,90.71647607229133,83.79474430957194,6879.735243552729,5146.0,3412.264756447271,37.29109988340459,多排,97.0
3010,2026-08-28,128.4,128.15,125.65,123.90833333333333,471486.8,51.783730061383196,53.11114237226727,2.1394393852683606,1.973229327651448,0.16621005761691254,46.88009580329399,53.767416229494465,135.20372619507881,125.65,116.0962738049212,1.074413052128925,多排,66.0
3011,2026-08-28,10.590000343322753,10.66500015258789,11.047500038146973,12.624166758855184,297371.8,36.374048126068104,31.923567402835396,-0.4603369592204576,-0.4911964424220793,0.03085948320162174,34.05786413122594,32.77031430064302,11.928572775955537,11.047500038146973,10.166427300338409,-4.050687079719683,空排,7.0
3013,2026-08-28,86.91999969482421,85.14000015258789,85.13999977111817,95.69833335876464,996726.8,64.75791042113674,54.893412330009255,-0.9983177420904497,-2.2123272792081723,1.2140095371177226,77.17389461523808,58.6380190409986,89.73308342673161,85.13999977111817,80.54691611550473,5.120977496597154,交叉混雜,5.0
3014,2026-08-28,131.2,130.95,131.575,139.88333333333333,431554.4,59.24481995269272,49.3308272896884,-1.0043708820644497,-1.5090135989122313,0.5046427168477816,51.59738585548343,48.559787845087925,136.59364943039967,131.575,126.5563505696003,-0.057001710051292905,交叉混雜,47.0
3015,2026-08-28,53.64000015258789,53.71000022888184,54.88999996185303,58.613333511352536,359923.2,50.61875386202838,34.09120607832465,-0.9124318729558212,-1.057183491286762,0.14475161833094075,52.82110627836042,47.46924848526097,58.05753266788763,54.88999996185303,51.72246725581843,-1.074878347973247,空排,46.0
3016,2026-08-28,99.63032379150391,101.30516204833984,101.0075813293457,110.3175272623698,4231110.4,36.38598197937607,36.12613511475545,-1.2959101866965597,-1.6883084066103866,0.39239821991382695,46.77258312671006,47.69956544286084,109.88065056701213,101.0075813293457,92.13451209167927,-1.3935417883485732,交叉混雜,90.0
3017,2026-08-28,3132.0,3079.0,2963.25,2574.8333333333335,3905495.4,70.82087979802763,60.937617031910094,186.5566316686045,163.21277176950645,23.34385989909805,76.06533290903957,69.0256813843291,3426.2638681565554,2963.25,2500.2361318434446,13.389015439129334,多排,94.0
3018,2026-08-28,12.639999961853027,13.25999994277954,13.539999961853027,12.791666682561239,73592.0,15.889905850601076,28.103386395729125,-0.17716564417604275,0.10024164249431575,-0.2774072866703585,26.777585361864098,37.72731792746397,15.129968615011235,13.539999961853027,11.95003130869482,-11.742984911872112,交叉混雜,60.0
3019,2026-08-28,135.7,136.5,135.5,141.01666666666668,3083735.2,51.62216159857394,44.9037843207868,-0.07576151707212375,-0.6354924099480801,0.5597308928759563,63.3674587273517,54.83966842858807,141.4824304161625,135.5,129.5175695838375,2.214022140221402,交叉混雜,33.0
3021,2026-08-28,20.249999618530275,20.179999923706056,20.50999994277954,24.42416664759318,114745.6,50.489188231317584,38.701253428478,-0.7035096507801946,-0.9037571052964417,0.20024745451624715,48.017940342022015,41.58062618810253,21.379724270911467,20.50999994277954,19.640275614647614,-1.0238942286926886,交叉混雜,34.0
3022,2026-08-28,92.22000122070312,92.50000076293945,96.39000015258789,89.20333366394043,1319963.0,21.823694511444938,22.40041108815359,0.16710722997480332,1.3572381283998791,-1.1901308984250758,35.6264958996628,44.60898584676124,109.31649629435296,96.39000015258789,83.46350401082282,-6.318079770919651,交叉混雜,83.0
3023,2026-08-28,318.0,316.7,314.875,314.46666666666664,487622.2,57.26290366480467,57.096920576462466,2.6254898564001223,2.050917914586784,0.5745719418133381,51.51800699306696,52.92035255297739,328.0374465810897,314.875,301.7125534189103,0.6748709805478365,多排,78.0
3024,2026-08-28,14.579999923706055,14.124999904632569,13.512499952316285,12.921666638056438,1891630.0,84.32190596202958,84.09304810820527,0.45479686124308927,0.3145028002629541,0.1402940609801352,81.8864760676461,72.58162617524505,15.080561056305335,13.512499952316285,11.944438848327234,8.418128919356636,多排,76.0
3025,2026-08-28,55.24000015258789,55.93000030517578,55.695000076293944,60.914999898274736,199177.0,24.850772130558628,40.826986730311305,-0.8276763309243833,-0.8955532852174468,0.06787695429306351,31.05808613674536,38.62355955406615,58.198450776782856,55.695000076293944,53.19154937580503,-3.7615613597324833,交叉混雜,37.0
3026,2026-08-28,660.4,669.8,629.375,716.6416666666667,10036750.0,58.89962245019929,49.00550765392021,6.396428206605492,-5.363237057177952,11.759665263783443,70.492630295806,60.253114675312546,776.5079062625452,629.375,482.24209373745475,17.894736842105264,交叉混雜,99.0
3027,2026-08-28,18.229999542236328,18.089999961853028,18.22750005722046,19.582500076293947,168484.6,54.92340502916133,46.98506489295417,-0.235767986643296,-0.3424408949572299,0.10667290831393389,56.07960909614356,49.10751993027451,18.75012005498723,18.22750005722046,17.70488005945369,0.6720632224095926,交叉混雜,12.0
3028,2026-08-28,65.78000030517578,66.01999969482422,67.39999961853027,71.37533830006917,783610.0,24.142739420885274,29.64158759232266,-1.048041278207819,-1.0369860488012215,-0.011055229406597533,31.285353675655045,41.32166337159364,72.0993823779238,67.39999961853027,62.70061685913675,-4.451035770965462,空排,83.0
3029,2026-08-28,111.5,110.7,109.625,104.92666676839193,866454.2,70.44913046902133,66.034789098953,1.824128729012699,1.8654899275732248,-0.04136119856052578,55.545239963560384,56.69821682610489,114.09566461560945,109.625,105.15433538439055,1.7103762827822122,多排,52.0
3030,2026-08-28,288.5,289.1,293.1,305.55,628821.4,54.136942946144785,39.83615004508981,-2.428302749912291,-3.4280141699678017,0.9997114200555108,55.91971998834792,51.03473693688975,307.51344401664744,293.1,278.6865559833526,0.1364721937905074,空排,81.0
3031,2026-08-28,24.5,23.614999961853027,23.24250011444092,26.598333326975503,1291760.8,75.55523256863594,69.37375067800653,-0.20076169896559648,-0.6976226122812988,0.49686091331570237,66.84850330375264,56.59838620423146,25.09047890660667,23.24250011444092,21.394521322275168,6.270842815196835,交叉混雜,64.0
3032,2026-08-28,79.65999908447266,79.61999969482422,80.56499977111817,80.54333318074545,209621.0,32.36686986996811,26.324323365989322,-0.06978754089826111,0.0050375724700862205,-0.07482511336834734,50.3979768856445,49.84885607096923,84.97421289787924,80.56499977111817,76.1557866443571,-0.9495397772403382,交叉混雜,30.0
3033,2026-08-28,45.68000030517578,45.65,47.04999980926514,48.62999998728434,3725528.2,22.081926999196966,22.307573931164747,-0.846065911654442,-0.6913826904540467,-0.15468322120039535,34.8697983170057,40.777091596016966,50.50984439610023,47.04999980926514,43.59015522243005,-4.250798257837078,交叉混雜,80.0
3034,2026-08-28,549.4,535.2,534.95,517.1916666666667,4115983.0,71.31991453142024,66.94944503449094,9.2212814207071,7.56261291583143,1.6586685048756706,56.85317720674095,56.969890797006144,564.7385530822958,534.95,505.16144691770427,1.8786802504906914,多排,79.0
3035,2026-08-28,175.9,174.1,173.25,191.16666666666666,2138204.2,62.42381988728705,51.20922234177138,-2.6769857433806408,-4.5900094551086585,1.9130237117280178,63.72190504247769,53.545338036288534,183.31034424439335,173.25,163.18965575560665,4.184704184704184,交叉混雜,55.0
3036,2026-08-28,196.9,200.35,209.1,212.38333333333333,6352875.4,11.915265629116764,15.048024436740167,-3.827516764177716,-2.335148517842609,-1.492368246335107,36.2223580043776,41.83861981882495,231.76599586210253,209.1,186.43400413789746,-6.2649450023911974,空排,68.0
3037,2026-08-28,1124.0,1124.0,1046.5,949.9666666666667,19692540.2,61.61295957559012,66.5321895454942,64.13186783269225,57.3370791235208,6.794788709171449,52.89989344077385,58.63851102926003,1223.551286057842,1046.5,869.4487139421581,6.067845198279981,交叉混雜,99.0
3038,2026-08-28,20.420000076293945,20.445000076293944,20.582500076293947,21.42666664123535,145622.2,39.7571690648035,45.91034544058954,-0.19021655322047337,-0.2129898286554736,0.02277327543500024,31.854713897204036,37.343012464268135,20.999601732758695,20.582500076293947,20.1653984198292,-2.101301864013153,空排,27.0
3040,2026-08-28,37.880000305175784,38.01500053405762,37.73500022888184,37.5333335240682,104361.0,35.52799701345601,49.242923641191986,0.1525201605729336,0.17247022197910877,-0.019950061406175168,35.79382839709547,46.33006655008794,39.31617290343777,37.73500022888184,36.15382755432591,-0.8877665323201133,交叉混雜,11.0
3041,2026-08-28,22.639999771118163,22.559999656677245,22.78499984741211,24.804166507720947,502319.8,51.069435331676914,38.73801104073185,-0.3667262235465074,-0.49831226164833303,0.13158603810182562,56.728211506253835,49.04813390587077,24.02770496574269,22.78499984741211,21.54229472908153,0.5047170150901957,交叉混雜,25.0
3042,2026-08-28,185.7,186.7,180.9,189.775,12774089.0,52.80026686947947,52.26064358314026,3.0876594041896794,1.635404179234521,1.4522552249551584,55.75435065400526,54.519908677423565,199.86145675061024,180.9,161.93854324938977,4.201216141514646,交叉混雜,91.0
3043,2026-08-28,21.35,21.254999923706055,20.77500009536743,21.573333422342937,115054.8,40.01577993782374,51.781651382096115,0.1354544037594323,0.023674953033017934,0.11177945072641436,48.485771044529265,51.49402686978937,21.998669689924625,20.77500009536743,19.551330500810238,1.5643816347070245,交叉混雜,46.0
3044,2026-08-28,473.0,476.15,451.45,460.89166666666665,2445233.6,53.5241731788761,50.21359963624302,14.386656828078117,10.59718619014687,3.789470637931247,67.96971685653416,62.81635713745171,535.2165301832847,451.45,367.6834698167153,8.539151622549564,交叉混雜,80.0
3045,2026-08-28,115.4,114.25,112.2,114.2,8776281.0,94.04107228684525,90.78751195957533,0.8335502836229409,0.22111741433939,0.6124328692835509,80.50465033471684,66.18213202665643,117.39513942875573,112.2,107.00486057124428,2.941176470588233,交叉混雜,63.0
3046,2026-08-28,57.220000457763675,58.23000030517578,57.910000038146975,55.640000089009604,250790.4,14.830806157986501,22.414525681410343,0.6289293893790244,1.0010791199150857,-0.37214973053606126,36.57043041407909,47.289896292004606,63.098204625346085,57.910000038146975,52.721795450947866,-2.089447892264654,交叉混雜,66.0
3047,2026-08-28,13.860000038146973,13.855000114440918,14.137500095367432,15.069166707992554,498788.0,47.94750246244309,37.71659955563984,-0.2772247812392017,-0.31424109016294227,0.03701630892374058,49.340923171723794,43.68117456225303,14.76818471992122,14.137500095367432,13.506815470813645,-1.32626196171511,交叉混雜,16.0
3048,2026-08-28,55.85999984741211,56.170000076293945,56.88999996185303,59.603333409627275,1617254.0,35.72997237483687,32.389350309970865,0.026026178402027256,0.04107733865455192,-0.015051160252524662,42.15731195323805,48.045445831820594,61.08367982977057,56.88999996185303,52.69632009393549,-2.2675364538529292,空排,83.0
3049,2026-08-28,13.15,12.069999980926514,11.4,12.295166651407877,29871572.0,79.9055920100217,74.03013416050135,0.4483897277742539,0.09639217347799868,0.35199755429625523,73.01274426400107,67.88265837969797,13.607403912449241,11.4,9.19259608755076,18.421052631578945,交叉混雜,88.0
3050,2026-08-28,11.7,11.610000038146973,11.482500028610229,12.029166666666667,430511.2,82.32769752756607,78.84943436892509,-0.003040878811402692,-0.07447873522935913,0.07143785641795644,69.228987194553,58.06142874110123,11.84708354052174,11.482500028610229,11.117916516698717,2.7650786965690326,交叉混雜,34.0
3051,2026-08-28,23.24000015258789,22.9,22.869999980926515,24.608333365122476,494995.8,64.15004923852152,55.99065657615251,-0.12350743045396939,-0.2962507537976048,0.1727433233436354,53.13336541635448,50.72578508113148,23.99268477739194,22.869999980926515,21.74731518446109,1.2243097413086002,交叉混雜,44.0
3052,2026-08-28,11.219999885559082,11.219999885559082,11.002499961853028,10.849999968210856,427576.6,56.76901317774573,63.97472941187567,0.13106744335892984,0.12070121376051342,0.010366229598416418,49.06506360175291,56.80746528217969,11.585120995491197,11.002499961853028,10.419878928214859,1.3406012923303299,交叉混雜,51.0
3054,2026-08-28,53.76000061035156,53.02000045776367,50.98999996185303,58.124999872843425,102664.2,83.3643895095876,72.76879773003293,-0.08319798588845373,-1.168157756674331,1.0849597707858774,75.76761768004533,63.573308295911716,56.02541217852425,50.98999996185303,45.95458774518181,11.198275750849628,交叉混雜,90.0
3055,2026-08-28,120.8,116.75,113.00499992370605,120.88833338419596,2182095.4,68.21245481536228,55.73962193998408,-0.774556211986237,-3.326063907883228,2.551507695896991,69.84072375423978,57.412460536529885,129.76968436354667,113.00499992370605,96.24031548386543,12.826866144046786,交叉混雜,92.0
3056,2026-08-28,14.22999973297119,14.18499984741211,14.1125,14.45249999364217,542234.8,67.59723003727605,68.45175487854557,-0.009356318303439082,-0.049940091542203094,0.04058377323876401,50.476181722655255,50.33497744392657,14.393241184709089,14.1125,13.831758815290913,0.6200163632604854,交叉混雜,23.0
3057,2026-08-28,16.970000076293946,16.995000076293945,16.439999961853026,17.63166667620341,111079.0,58.48711004279968,57.84570569306601,0.13944991146908947,-0.024049028812768186,0.16349894028185766,63.62970169901031,57.02395342662211,17.98973688810796,16.439999961853026,14.890263035598093,5.231139155736267,交叉混雜,48.0
3058,2026-08-28,8.142000007629395,8.155999946594239,8.19099988937378,8.7896666208903,314575.6,27.90359493022015,26.460838440999897,-0.12536376685928197,-0.15338179126023765,0.028018024400955688,45.81491310935456,41.87000747738606,8.309392773451787,8.19099988937378,8.072607005295772,-0.5005526968288212,空排,13.0
3059,2026-08-28,39.55999984741211,39.579999923706055,39.85999984741211,43.55416653951009,1414499.8,44.029930151280126,36.87200908377709,-0.6408955070697573,-0.8416606997870905,0.20076519271733317,54.1305920887019,46.48770191156649,41.360385386930304,39.85999984741211,38.35961430789392,-0.025091252707738786,空排,31.0
3060,2026-08-28,27.229999923706053,27.44499988555908,28.152499675750732,31.459999783833823,726675.0,22.356492118052728,23.258268512624323,-0.8792188194791244,-0.937609586853989,0.058390767374864594,24.82576690605903,34.719695613595064,29.800296887886237,28.152499675750732,26.504702463615228,-4.4489834709040235,空排,46.0
3062,2026-08-28,20.84000015258789,20.669999885559083,20.692499732971193,22.680833276112875,905382.8,60.44509100611028,51.88751795105816,-0.2716488497863132,-0.4559654077045739,0.18431655791826068,57.177353494765086,50.104256495464995,21.442429708996464,20.692499732971193,19.94256975694592,1.2444172202064165,交叉混雜,7.0
3066,2026-08-28,24.75,24.05500011444092,23.287500190734864,23.188333543141685,1138108.6,80.29286024742743,67.7024727444267,0.6688277379636496,0.2517029452070824,0.41712479275656716,87.05447345649692,72.14588702234877,26.192101741540192,23.287500190734864,20.382898639929536,18.0891026291483,多排,90.0
3067,2026-08-28,17.379999542236327,17.26999988555908,17.642500019073488,18.293333339691163,2014.0,70.89746587339047,47.85482604321599,-0.21260679240701919,-0.2585538280160291,0.04594703560900992,70.17536642755509,58.042668150211426,18.59189047773274,17.642500019073488,16.693109560414236,2.0263566985405435,交叉混雜,39.0
3071,2026-08-28,24.40999984741211,24.464999961853028,25.039999961853027,28.336666679382326,137337.8,43.28525521826589,35.047886547403635,-0.7746379647860806,-0.8991553103431795,0.12451734555709892,40.26293377474918,35.62603149098548,26.475489767267522,25.039999961853027,23.604510156438533,-2.3562268363115155,空排,31.0
3073,2026-08-28,22.210000228881835,22.48000011444092,22.3875,21.908333365122477,41799.8,25.555968960530645,28.18917854449682,0.09644928653006701,0.1572880214272638,-0.060838734897196795,42.78000274127017,47.87534915611528,23.199822657463226,22.3875,21.575177342536772,-1.0608615587704116,交叉混雜,17.0
3078,2026-08-28,52.97999954223633,53.21999969482422,53.35,53.93166662851969,789734.4,19.902063656370366,32.117721587086045,-0.14805611311730615,-0.11299247485687987,-0.035063638260426286,36.3977408247523,44.346788244013254,54.71805712473984,53.35,51.98194287526016,-1.405813544290361,空排,11.0
3081,2026-08-28,3131.0,2975.0,2664.5,2128.5909138997395,4806573.6,79.80302921864487,77.52382340526421,332.6826771382789,272.75595764281434,59.92671949546457,72.42757868963797,70.16536840313925,3499.0367451151305,2664.5,1829.9632548848695,24.03828110339651,多排,99.0
3083,2026-08-28,23.269999694824218,23.264999771118163,24.089999771118165,26.225833225250245,32466.0,38.652037483269446,26.098019630512436,-0.7066259708055398,-0.7433499363993116,0.03672396559377178,38.905257613796806,32.91488586887577,25.99666397904338,24.089999771118165,22.18333556319295,-3.071811526273381,交叉混雜,8.0
3086,2026-08-28,26.55,26.575,26.909999942779542,30.61750005086263,95213.0,31.627265156771863,22.39174159389867,-0.7652620796348693,-1.0074817032887156,0.2422196236538463,65.21146504979166,51.59296707104443,28.069219189372426,26.909999942779542,25.75078069618666,2.1924937141397716,空排,75.0
3088,2026-08-28,124.3,125.15,129.625,135.96666666666667,516804.8,16.125049237762358,14.965355554184153,-3.263345617381532,-2.7242358478382984,-0.5391097695432334,35.965457059302025,41.08448494315945,143.583114033364,129.625,115.666885966636,-4.339440694310511,空排,82.0
3090,2026-08-28,167.4,167.9,163.425,218.975,7885619.8,41.4171609036177,40.25940707841573,-6.0009159949960065,-9.918569770901243,3.9176537759052366,62.77908719765998,51.63654833720438,186.02279914761579,163.425,140.82720085238424,6.470858191831108,交叉混雜,90.0
3092,2026-08-28,24.59000015258789,24.19499988555908,23.887500095367432,26.68416665395101,183420.4,65.93446375667196,58.3550914351988,-0.22688151908532106,-0.5312140766293922,0.3043325575440712,64.21502509183317,54.08415768772194,24.928691154147057,23.887500095367432,22.846309036587808,3.4013633252882385,交叉混雜,62.0
3093,2026-08-28,47.5,47.410000228881835,47.41750011444092,55.04833335876465,532292.4,69.68669753011545,52.80779102930982,-0.8208120040386362,-1.4477481852584773,0.6269361812198411,64.69749998855997,54.09473562254612,50.708200486001346,47.41750011444092,44.12679974288049,3.9700513904703203,交叉混雜,88.0
3094,2026-08-28,38.67999954223633,37.47999992370605,36.98249988555908,37.1558334350586,3749428.4,70.18842746126046,58.863380020391745,0.5814258112188071,0.1774676557586503,0.4039581554601568,79.87010258256046,65.19959363991724,39.933908463231205,36.98249988555908,34.03109130788695,10.322448085755621,交叉混雜,88.0
3095,2026-08-28,35.56999969482422,36.114999771118164,37.10499992370605,38.141666666666666,8122.0,42.49061486636879,35.21496172103085,-0.7512978915072068,-0.5916676139389108,-0.15963027756829606,37.44182178559667,38.14686613695638,39.62103308541865,37.10499992370605,34.588966761993454,-4.3255623959202145,空排,67.0
3105,2026-08-28,404.7,391.15,380.5,403.95,29066906.8,73.3438443991412,59.90843033473445,10.726830208090576,1.5669477403736756,9.1598824677169,71.28692805837608,62.85769456479507,439.75680063125793,380.5,321.24319936874207,15.374507227332456,交叉混雜,96.0
3114,2026-08-28,34.00999984741211,33.275,34.127499961853026,38.5741668065389,237455.4,58.599458873700414,47.111733270089104,-0.5328224136525321,-0.7531301677217769,0.22030775406924474,52.79516990498795,48.674404946945714,38.430555673060944,34.127499961853026,29.824444250645108,-0.6666132480504358,交叉混雜,77.0
3115,2026-08-28,9.0,8.946000099182129,8.99500002861023,9.015999952952066,9403.2,67.866477968242,65.73955706959453,-0.012467732875219184,-0.015945257138533262,0.003477524263314078,41.97574506304025,46.77533250230357,9.457464871630865,8.99500002861023,8.532535185589595,-1.0561468568959462,交叉混雜,25.0
3118,2026-08-28,31.519999694824218,31.585000038146973,31.74499979019165,31.824999872843424,13064.4,41.03016970545707,37.55499555835298,-0.10457112615408093,-0.0835482669762796,-0.021022859177801334,43.13278271467995,44.305758150519125,32.30779282324746,31.74499979019165,31.18220675713584,-0.7717744268731963,空排,40.0
3122,2026-08-28,25.620000076293945,25.530000114440917,25.530000114440917,27.802499993642172,51752.2,26.052329031300502,29.130527053018817,-0.3252017581705182,-0.5172110305723513,0.19200927240183308,65.64717003317593,50.729592836502086,26.283518655456216,25.530000114440917,24.776481573425617,1.253428380706522,交叉混雜,40.0
3128,2026-08-28,21.320188522338867,21.66509418487549,21.7725471496582,22.91168228785197,169460.0,17.957200020352143,32.915027764126044,-0.3422548471990474,-0.26585521807976464,-0.07639962911928277,24.548302796912253,34.5320029247213,22.73741905780184,21.7725471496582,20.807675241514563,-4.926141068136744,空排,8.0
3130,2026-08-28,211.3,211.95,208.525,213.51666666666668,48093.0,31.095664502536124,51.18201345448061,0.5781608329310757,0.18768769626118195,0.3904731366698937,36.12734274338803,46.64566635146222,217.07500769467165,208.525,199.97499230532836,0.22779043280181957,交叉混雜,37.0
3131,2026-08-28,2411.0,2400.5,2433.25,2927.8333333333335,560217.4,50.11760537071987,39.47283639737036,-102.55367663320885,-137.26228486526622,34.70860823205737,58.53300104787029,48.60157588873593,2628.43614597084,2433.25,2238.06385402916,2.1267851638754753,交叉混雜,82.0
3135,2026-08-28,181.2,172.15,170.325,174.05,3526106.0,83.18951074928671,75.50475105134737,3.959419457704655,1.4479966361223118,2.511422821582343,63.33791440672562,58.504248621408145,189.13226343450148,170.325,151.5177365654985,6.267429913400859,交叉混雜,96.0
3138,2026-08-28,96.05999908447265,95.9599998474121,96.06499977111817,110.76333325703939,124049.6,55.87944914242733,44.16197825962767,-2.1737414235156223,-3.391057632127377,1.2173162086117548,57.65454461061478,49.99780129462979,100.8117557816825,96.06499977111817,91.31824376055383,1.5978750915111357,交叉混雜,7.0
3141,2026-08-28,75.05999908447265,73.06999893188477,74.24499969482422,72.22166690826415,736772.4,66.53546513287854,54.51271049765664,1.1730627736665014,0.8566392402928904,0.31642353337361095,59.39777780523012,56.535452854044266,80.68548798310343,74.24499969482422,67.804511406545,1.9597242365123244,交叉混雜,84.0
3147,2026-08-28,218.1,220.85,229.275,253.375,303427.4,26.5174372416422,21.629056981420604,-5.178216155523586,-4.750138842621165,-0.42807731290242135,43.664110860517404,44.8919413694649,255.97306813432672,229.275,202.5769318656733,-4.481517827935887,空排,73.0
3149,2026-08-28,66.01999969482422,66.0099998474121,66.18000011444092,78.2126651763916,5387728.2,55.996205623647,45.47013417723578,-1.9574037509048878,-2.6388565978221292,0.6814528469172414,50.43422398233371,45.88518228206809,69.68794646104978,66.18000011444092,62.672053767832054,0.3324288471706807,交叉混雜,85.0
3150,2026-08-28,17.00999984741211,17.089999771118165,17.029999828338624,17.752499866485596,21132.4,26.293161827708463,29.73801672568148,-0.06265284344681277,-0.08870362584814542,0.026050782401332656,36.84565846237786,43.823578781918926,18.147044710199445,17.029999828338624,15.912954946477804,-1.6441563779272221,交叉混雜,20.0
3152,2026-08-28,254.7,242.85,235.075,275.9159627278646,555080.0,74.83883530616487,73.21270580385521,0.8248194156885802,-4.5449298263853315,5.369749242073912,54.71319337640355,53.74731676333013,264.4783206144822,235.075,205.6716793855178,5.498245240880576,交叉混雜,39.0
3162,2026-08-28,69.2599998474121,65.63000030517578,64.78000011444092,73.20333347320556,2601746.6,75.90334877330555,62.1427437197177,0.17220844444713634,-1.5907658313042774,1.7629742757514137,78.27315470424912,65.32012869380426,72.76646140620628,64.78000011444092,56.79353882267557,12.071624491919252,交叉混雜,72.0
3163,2026-08-28,760.8,747.7,718.05,752.85,5631618.0,69.00873897688709,72.16635716019175,15.194278055385325,4.834173415837193,10.360104639548133,53.76516705488154,54.051881867061084,807.3147746874547,718.05,628.7852253125452,5.006615138221579,交叉混雜,93.0
3164,2026-08-28,16.010000038146973,15.910000038146972,16.107499980926512,16.259166526794434,15562.2,65.06522957497444,54.62434833557198,-0.09439611409698401,-0.10775514357942005,0.013359029482436044,59.22171499280348,51.460317235268015,16.63192922486393,16.107499980926512,15.583070736989093,0.26384999319625385,交叉混雜,31.0
3167,2026-08-28,716.0,723.0,685.15,743.6916666666667,4723189.8,65.4533080878582,57.05987112249191,13.077235256859353,0.03702794934213438,13.04020730751722,67.39080365990748,59.68905525956981,804.4537256223375,685.15,565.8462743776624,14.281544187404222,交叉混雜,97.0
3169,2026-08-28,100.32000122070312,100.46000061035156,101.15500030517578,103.83333358764648,68120.2,39.15800318941028,30.625209279855426,-0.5409629035274861,-0.7857118428147517,0.2447489392872656,61.784468304715894,53.09189378960469,104.08396542883698,101.15500030517578,98.22603518151458,0.8353513837921352,空排,48.0
3171,2026-08-28,63.5,63.410000228881835,64.15500011444092,66.85500005086263,5873.6,34.573131346149836,31.057313637508763,-0.6692449192231891,-0.7237953488877472,0.05455042966455814,41.28681024870824,41.772867636515755,66.17122340665192,64.15500011444092,62.13877682222992,-1.3327112085655206,交叉混雜,74.0
3176,2026-08-28,38.28000030517578,36.72500038146973,34.95750045776367,34.29583339691162,1414776.6,77.43598969921645,78.85482615559025,1.292795455436064,0.727371726439787,0.5654237289962769,68.43929998903666,66.06801241948027,39.682938217454854,34.95750045776367,30.23206269807249,11.277983312561608,多排,80.0
3178,2026-08-28,60.35999984741211,59.75,58.804999923706056,62.63333358764648,45060.2,68.30910332538363,62.97664428224762,-0.25318067161872193,-0.8846798798055707,0.6314992081868488,72.3165783436555,60.02625916649797,62.02760092153984,58.804999923706056,55.58239892587227,6.283479433871028,交叉混雜,63.0
3188,2026-08-28,24.35,24.139999771118163,23.664999771118165,23.793333339691163,161514.0,88.43899946966849,84.46469119981163,0.2667462188747862,0.12676246194907068,0.13998375692571555,84.58320938247687,71.79743058948522,24.757606477237303,23.664999771118165,22.572393064999027,4.162264343709173,交叉混雜,40.0
3189,2026-08-28,864.6,860.4,841.1,771.2,19550342.4,58.96209601913317,50.457577354983556,33.40809589124933,29.646431291827547,3.7616645994217848,64.46182900638226,60.593367876576735,939.1781643169793,841.1,743.0218356830208,6.883842587088333,多排,99.0
3191,2026-08-28,17.980000305175782,18.01499996185303,18.334999752044677,18.664999961853027,20022.4,36.7280193623303,38.1243916879578,-0.1462825727307937,-0.10412753124543382,-0.04215504148535988,35.09589826745274,41.03961666035227,19.06199759167699,18.334999752044677,17.608001912412362,-3.1906177254212356,空排,46.0
3205,2026-08-28,47.79000015258789,48.14000015258789,48.420000076293945,50.544166564941406,20099.4,29.41769025629924,32.72758329267283,-0.6021712192996418,-0.5650200116990849,-0.0371512076005569,31.289926973927848,36.30362683419811,50.02308879468962,48.420000076293945,46.81691135789827,-2.72614952518167,空排,39.0
3206,2026-08-28,34.48000030517578,34.64000053405762,34.28000030517578,35.93833344777425,28562.8,54.25590181380152,54.90249426421605,-0.13073860941620552,-0.24727392402634696,0.11653531461014144,55.46406417866696,50.880411838946685,35.73000936958882,34.28000030517578,32.829991240762745,0.9334835650424309,交叉混雜,37.0
3207,2026-08-28,39.92000045776367,40.65500030517578,41.32500019073486,53.300833257039386,104259.0,18.058188751036788,21.982094719734693,-2.577424202690004,-3.05087241421212,0.47344821152211614,37.31514032240844,35.62509287279546,43.90151343202506,41.32500019073486,38.74848694944466,-3.9322430013194203,空排,2.0
3209,2026-08-28,51.86000061035156,51.60000038146973,54.089999961853025,57.9683334350586,2337283.6,37.585414377862534,26.54464878258196,-1.6871114550389876,-1.689284277381427,0.002172822342439318,42.40462592912152,39.66237237150802,59.847520694157666,54.089999961853025,48.33247922954838,-4.048804654314318,交叉混雜,76.0
3211,2026-08-28,363.7,366.75,365.025,389.825,10490594.6,63.38317527524518,47.645545219898544,-0.5550847684804125,-4.562118754642771,4.007033986162359,68.19300400317141,58.49631894945705,428.8153432718233,365.025,301.2346567281767,9.581535511266358,交叉混雜,78.0
3213,2026-08-28,127.3,129.4,131.825,130.01666666666668,165368.4,24.110126892758615,21.874933578308,-0.3808653470833292,0.4724112655444989,-0.8532766126278282,39.379812700840205,45.346238970986306,140.28714480713273,131.825,123.36285519286723,-2.9015740565143098,交叉混雜,75.0
3217,2026-08-28,136.9,136.55,140.1,157.30833333333334,333863.4,55.041888859584915,39.04579416597389,-4.5472709595504455,-5.302417660902263,0.7551467013518174,45.546867714388924,38.99350744650757,149.0183430134309,140.1,131.1816569865691,-1.855817273376156,交叉混雜,10.0
3218,2026-08-28,136.7,136.2,137.875,136.94166666666666,145588.0,62.978164168557015,47.31041926886068,-0.16758936441621586,-0.17874748578200214,0.011158121365786283,59.975882156369174,53.37774227031925,145.31511177051794,137.875,130.43488822948206,0.45330915684496825,交叉混雜,36.0
3219,2026-08-28,80.0,75.36999969482422,72.2099998474121,71.31333325703939,1048289.0,82.20824901164632,66.96914648447513,3.4340126228516255,1.62336057520647,1.8106520476451555,84.78664643297998,74.59474810253472,84.62287948590802,72.2099998474121,59.797120208916205,20.620410826995204,多排,81.0
3221,2026-08-28,48.98999938964844,48.51499938964844,48.04749984741211,52.825,2041589.0,61.38578252935427,56.69402792979294,-0.2460318839259088,-0.688743467498963,0.4427115835730542,51.866660233634455,50.448486740609944,50.410029929343835,48.04749984741211,45.68496976548039,1.566157223660338,交叉混雜,91.0
3224,2026-08-28,35.24000015258789,34.99000015258789,35.32250003814697,36.31916675567627,36627.8,49.25358265389464,40.785080202431644,-0.234312738466663,-0.32396832736899606,0.08965558890233305,51.84366485059522,49.53142583010272,36.842359730435895,35.32250003814697,33.802640345858045,-0.06370104342026447,交叉混雜,16.0
3226,2026-08-28,52.9,52.64999961853027,52.01999969482422,48.722500038146975,22431.8,99.00989891593959,96.70619891656978,1.3021334452750821,1.3613743209694404,-0.05924087569435832,94.7504384239545,83.63227268072725,53.45724861365209,52.01999969482422,50.58275077599635,2.076122233050162,多排,70.0
3227,2026-08-28,195.9,196.75,200.575,208.49166666666667,600759.0,55.981711816685255,42.87101452038902,-2.213962437322948,-2.3735542703800743,0.1595918330571262,47.58975236079509,46.5326521730193,211.03935050917443,200.575,190.11064949082555,-1.7823756699488915,空排,34.0
3228,2026-08-28,151.6,146.65,145.975,161.90833333333333,353112.2,66.89615735767408,49.733247835733096,-0.9576147657360252,-4.18967989948646,3.232065133750435,81.56854305355976,67.23537369299041,159.36578630606706,145.975,132.58421369393292,14.060626819660904,交叉混雜,67.0
3229,2026-08-28,57.14000015258789,56.15,52.90500011444092,45.46833349863688,3338417.2,58.992152960041636,68.87226555746285,3.618634585498924,3.6413501467933456,-0.022715561294421427,50.06797131837324,56.87258029896209,62.55551981646673,52.90500011444092,43.254480412415106,4.716003035707311,多排,97.0
3230,2026-08-28,44.17999954223633,43.32999954223633,42.187499809265134,41.224999809265135,1313739.6,61.41026027953158,51.08537642260774,0.8140066717151129,0.24111285837843693,0.5728938133366759,68.32100780256737,61.06350648298035,46.31925997850358,42.187499809265134,38.05573964002669,9.86666354648919,多排,77.0
3231,2026-08-28,178.7,179.9,185.7,167.225,34728662.2,28.101711744695336,24.79672935079626,2.343909928546992,4.436601429784007,-2.092691501237015,41.00887356238006,48.53072259693374,199.7015036786409,185.7,171.69849632135907,-4.146472805600425,交叉混雜,79.0
3232,2026-08-28,19.730000305175782,19.675000190734863,19.682500171661378,21.17249994277954,12801.0,58.16425670669682,54.31380489302528,-0.2516272076427626,-0.34268511607193614,0.09105790842917355,47.49376045627427,43.222527436402714,20.012212553093786,19.682500171661378,19.35278779022897,0.08891447288425583,交叉混雜,16.0
3234,2026-08-28,176.69080505371093,162.89540252685546,141.44770126342775,125.8842337290446,5219587.2,91.39589089486418,91.96102452856637,17.260941839107375,12.4009188131221,4.860023025985274,89.80243112321949,80.25304574869001,193.26279991395975,141.44770126342775,89.63260261289574,28.315977127108,多排,98.0
3236,2026-08-28,44.14000015258789,44.43500022888183,44.20500030517578,52.80333353678385,2354507.0,46.64076126100018,40.555220067533895,-1.0332914794144514,-1.60078427200494,0.5674927925904885,63.60074543200869,52.77221924177116,47.42580413033309,44.20500030517578,40.98419648001847,4.286841207698027,交叉混雜,88.0
3252,2026-08-28,15.97999973297119,15.95999984741211,15.982499837875366,16.930833307902017,11400.4,32.30796517164956,30.743200097973514,-0.20684333777062847,-0.269689850412847,0.06284651264221852,46.84011085012388,43.836129486835205,16.309004077381683,15.982499837875366,15.65599559836905,-0.20334759230349464,交叉混雜,19.0
3257,2026-08-28,49.71999969482422,49.759999465942386,50.52999973297119,56.444999567667644,198854.8,43.23513384780606,33.57789177196107,-1.3554288584749372,-1.6967632404988537,0.3413343820239165,54.17583076538861,45.060744591801736,52.43246408024028,50.52999973297119,48.6275353857021,-0.4551761273027823,空排,10.0
3259,2026-08-28,12.760000038146973,12.2310001373291,13.36800012588501,15.110166629155477,125650.2,65.585855586518,46.88839961923245,-0.6385604403464118,-0.8326711773873819,0.19411073704097015,66.46654183146028,55.33510755301368,16.588497505678024,13.36800012588501,10.147502746091995,5.475764876507705,交叉混雜,7.0
3260,2026-08-28,420.1,410.6,408.3,403.2416666666667,13727502.2,50.00466079690972,52.47820867721579,4.98702443190632,3.8499370662375583,1.1370873656687621,49.61733492655089,52.24632329422279,433.0182012631213,408.3,383.58179873687874,0.9061964241978909,多排,94.0
3264,2026-08-28,218.1,213.8,212.725,217.2,6180091.4,59.62062272437627,43.109128207008936,2.5704602267131236,0.30190798196082946,2.268552244752294,77.08755664544398,63.33823937510164,236.10847369629437,212.725,189.34152630370562,10.471265718650843,交叉混雜,94.0
3265,2026-08-28,174.1,173.45,168.1,169.99166666666667,1762467.6,64.33629794361138,52.70432059010915,3.6858337637339105,1.964356767012736,1.7214769967211745,73.76558456962833,63.53920819752073,187.90590023731625,168.1,148.29409976268374,10.94586555621654,交叉混雜,87.0
3266,2026-08-28,14.070000076293946,13.970000076293946,13.922499990463256,13.670833349227905,30152.6,91.51907366598314,87.80564404694054,0.09700516925331826,0.0840043118726349,0.013000857380683364,62.47998740388652,58.47591358417457,14.206225170371965,13.922499990463256,13.638774810554548,1.274917515733925,多排,61.0
3268,2026-08-28,17.79000015258789,17.995000076293945,19.21500015258789,20.215000057220458,50094.0,17.73247453764465,14.453096616664443,-0.7166347535472894,-0.5840295770009873,-0.1326051765463021,29.231100727808055,33.608301216789215,21.970874415563344,19.21500015258789,16.459125889612437,-7.8844620224704824,空排,55.0
3272,2026-08-28,13.979999923706055,14.030000019073487,13.984999990463256,15.1,16487.4,36.26059071038607,27.13160541250228,-0.20114991831812823,-0.28192296781519566,0.08077304949706743,60.60030499962461,48.02921169417676,14.242722793875949,13.984999990463256,13.727277187050564,0.8223124139069855,交叉混雜,4.0
3276,2026-08-28,14.339999961853028,14.4,14.62000002861023,15.514166673024496,126897.4,44.099024329374245,34.63365863472607,-0.36570453955959437,-0.38894861336652153,0.023244073806927168,41.58667078967032,40.642800224843306,15.251122701967407,14.62000002861023,13.988877355253052,-2.1887813765331816,空排,53.0
3284,2026-08-28,20.899999618530273,20.829999732971192,21.029999828338624,23.25333325068156,139623.4,41.35895495211702,31.68251802477848,-0.4878115016648117,-0.6212158232664275,0.13340432160161586,50.114581518696426,45.97848940022427,22.151277271652397,21.029999828338624,19.908722385024852,-0.1426525372491858,交叉混雜,71.0
3285,2026-08-28,38.709999084472656,37.84499969482422,37.81749973297119,39.96666660308838,45202.2,73.29413594695308,51.98547413880715,0.0905194788888366,-0.3699310538371506,0.4604505327259872,81.67033020019797,65.85706576361926,40.32816685536215,37.81749973297119,35.30683261058024,8.679840720109938,交叉混雜,87.0
3287,2026-08-28,37.94000015258789,37.90499992370606,34.930000114440915,32.708333269755045,557332.4,58.790100339503624,67.72977107770154,1.983537975581477,1.8082730249490375,0.17526495063243952,65.23284613616714,67.79451564409426,42.472818040841666,34.930000114440915,27.387182188040164,9.93415803054466,多排,72.0
3288,2026-08-28,21.479999923706053,21.745000076293945,22.29250011444092,22.45833330154419,30683.2,29.490485008184898,31.72265323203736,-0.4205721067276258,-0.3019797954190322,-0.1185923113085936,41.8603028552353,44.687438613273464,25.096871903551982,22.29250011444092,19.488128325329857,-4.003590854901423,空排,79.0
3289,2026-08-28,138.3,137.2,139.4,153.59166666666667,514848.4,67.84449783320542,51.549077132500855,-2.992197498675921,-4.20426180855991,1.2120643098839894,57.59634087871337,49.44790028857187,146.97836255053602,139.4,131.821637449464,0.7890961262553761,交叉混雜,62.0
3290,2026-08-28,49.33999938964844,50.35999984741211,52.249999809265134,59.60750020345052,462310.2,13.073811886422996,14.494269958359045,-2.500200828176162,-2.424408350916054,-0.07579247726010774,25.957899202551616,30.308230470199447,57.08212938846605,52.249999809265134,47.41787023006422,-5.741626450174961,空排,66.0
3293,2026-08-28,709.0,725.7,752.55,753.3666666666667,3581382.0,13.152328114199761,16.713125774189187,-11.898950265296776,-4.93333540960262,-6.965614855694156,29.457646428518032,36.55355794135188,818.0889799641207,752.55,687.0110200358793,-6.052753969835885,空排,39.0
3294,2026-08-28,30.710000228881835,30.65,30.730000019073486,34.03083349863688,224461.4,48.198791796813,39.08593299144112,-0.48105429272279565,-0.7245311314153273,0.24347683869253167,57.06552740879796,49.03873092743151,31.87634409672155,30.730000019073486,29.583655941425423,0.8786201781937201,交叉混雜,6.0
3296,2026-08-28,24.190000152587892,24.010000038146973,23.61750011444092,25.405000082651775,18843.0,85.59026175592444,83.75310964538589,-0.15966195646699077,-0.3384352884958958,0.17877333202890505,53.56417213777752,50.146591518130194,24.633827370782683,23.61750011444092,22.601172858099154,2.042977727070204,交叉混雜,66.0
3297,2026-08-28,27.389999771118163,27.304999923706056,27.3625,29.39083334604899,34920.8,27.652718113908232,25.953888288117685,-0.37673473632608534,-0.5135580973781024,0.1368233610520171,56.308203757663556,48.97785530501109,28.741238874472597,27.3625,25.983761125527405,0.867977638993973,交叉混雜,5.0
3303,2026-08-28,52.460000610351564,52.72000007629394,53.59500007629394,55.22333348592122,175367.0,30.797113496041092,31.01402591240808,-0.5212177489171097,-0.49670482934523863,-0.024512919571871072,39.61701948970064,43.700464187661545,56.2478826548125,53.59500007629394,50.942117497775385,-2.602853459032876,空排,67.0
3305,2026-08-28,110.1,109.85,111.15,121.90999997456869,1722870.2,56.7232293781322,40.229208284136476,-1.2872862202019917,-2.2429047568259595,0.9556185366239678,75.26089541613156,59.094889500879894,118.55625624583605,111.15,103.74374375416396,4.8133153396311235,交叉混雜,48.0
3306,2026-08-28,44.72999954223633,44.55999984741211,44.24249973297119,46.00750001271566,42350.6,64.17370482585427,62.59398721929816,-0.11044851722664362,-0.28914910166560465,0.17870058443896103,55.79669536911641,51.1573084664284,45.42093542749762,44.24249973297119,43.06406403844476,1.0340759060395406,交叉混雜,30.0
3308,2026-08-28,21.979999542236328,20.994999885559082,20.32249994277954,20.74166660308838,598800.6,70.4666432676078,62.98478872573108,0.47439720270966745,0.09601955701873327,0.3783776456909342,70.61703175882548,65.97951209389794,22.596488851209227,20.32249994277954,18.048511034349854,9.730590723822834,交叉混雜,73.0
3310,2026-08-28,68.4000015258789,68.67000045776368,68.54499969482421,67.63000005086263,9652.0,46.776229613938526,41.2234485763825,0.23168303737449492,0.27661557155054967,-0.04493253417605475,48.96851767198738,50.86082652881121,70.4081891355619,68.54499969482421,66.68181025408653,-0.0656498577935087,交叉混雜,45.0
3311,2026-08-28,32.38999938964844,32.04999980926514,32.14499988555908,35.22999992370605,115485.4,66.91157392506389,52.51837163918947,-0.47287359874131596,-0.7097740845903076,0.2369004858489916,61.44098581522178,49.65441392566604,32.93633400861288,32.14499988555908,31.35366576250528,1.4154568056676775,交叉混雜,42.0
3312,2026-08-28,51.55999984741211,51.7,50.87000007629395,53.902500025431316,673853.0,40.13996224349064,37.80632907748003,0.33199928024969694,0.13234739322261915,0.19965188702707778,55.92591752232517,53.37036421034739,56.32608236131028,50.87000007629395,45.41391779127762,2.024771865618596,交叉混雜,73.0
3313,2026-08-28,11.130000114440918,10.700000095367432,10.502500057220459,11.20750002861023,464749.0,58.165969899792,51.60322745340089,0.03763208245504046,-0.15068245311958345,0.1883145355746239,66.1497119049513,61.107925424539005,11.410056068499935,10.502500057220459,9.594944045940982,7.593431365573987,交叉混雜,29.0
3317,2026-08-28,65.79999923706055,66.37999992370605,67.56000003814697,78.75500011444092,871180.8,37.96512592551824,29.039486916242165,-2.8032617045983557,-3.344317097184735,0.5410553925863795,49.40623962108729,42.54486741457391,71.25887616595605,67.56000003814697,63.861123910337874,-1.2729471424203505,空排,76.0
3321,2026-08-28,18.360000228881837,18.25,18.625,20.547499974568684,194273.6,50.57582240868348,39.51999220264618,-0.3550787600227565,-0.4711458208826142,0.11606706085985768,55.80229550606038,48.23057271480252,19.88302684662395,18.625,17.36697315337605,-0.4026886600776007,交叉混雜,63.0
3322,2026-08-28,11.160000038146972,11.214999961853028,11.28999991416931,12.809166669845581,184997.6,38.55673455830342,33.345882922099,-0.2949591586915439,-0.36584549901337277,0.07088634032182889,46.08168957276171,42.002312252014306,11.56644345878165,11.28999991416931,11.013556369556971,-0.7971665685419633,空排,11.0
3323,2026-08-28,29.940000152587892,29.999999809265137,30.36250009536743,32.25666678746541,268803.2,35.72653816194641,30.186273970335378,-0.3578358264857897,-0.44018253800497936,0.08234671151918965,48.99699974727615,47.44561700571522,32.55983744571393,30.36250009536743,28.16516274502093,-0.864552369117175,空排,8.0
3324,2026-08-28,1071.0,1028.9,1018.35,989.0,4069513.4,73.91916618988824,61.021485343034406,31.267823705518936,19.48576215892802,11.782061546590917,79.04860482234776,69.1886577438137,1116.1710503661534,1018.35,920.5289496338467,11.94579466784504,多排,74.0
3325,2026-08-28,11.239999961853027,11.290000057220459,11.56749997138977,12.275833304723104,110343.6,37.175326574596625,28.07603531064199,-0.27865224661326593,-0.283349259709461,0.0046970130961950796,32.535504912126555,35.08129604851891,12.217418957771843,11.56749997138977,10.917580985007698,-2.7447587825809547,空排,10.0
3338,2026-08-28,62.3,62.119999694824216,63.04999942779541,67.3099999109904,245535.6,58.37860703342207,40.612911123966654,-0.7643646576466949,-1.1571133445637556,0.39274868691706066,67.41777514941816,54.29046506913767,65.86162831050342,63.04999942779541,60.238370545087406,1.8239453305051123,交叉混雜,55.0
3339,2026-08-28,41.08000030517578,39.710000610351564,38.910000228881835,39.99000015258789,2973752.0,69.0384234390944,57.31130242467211,0.9265224229301907,0.27112576573603964,0.6553966571941511,71.04710601599571,62.820896711308485,43.09702207029186,38.910000228881835,34.72297838747181,10.511435998610635,交叉混雜,81.0
3346,2026-08-28,20.239999771118164,20.17999973297119,20.38499994277954,22.677500025431314,210881.0,35.495100832825386,37.71191110902262,-0.38078780383320066,-0.47193921080077755,0.0911514069675769,40.58826537425044,42.88141689463339,21.455711060787767,20.38499994277954,19.314288824771314,-1.8886433351004694,交叉混雜,31.0
3349,2026-08-28,23.58000030517578,23.425000381469726,23.13250026702881,21.67250010172526,138830.0,52.25206166858258,65.32142194960502,0.2918511048707444,0.3456975066623162,-0.053846401791571796,37.030706640884205,47.6547361525501,24.301519177983575,23.13250026702881,21.963481356074045,-0.7889311660334307,多排,74.0
3354,2026-08-28,22.629999923706055,21.529999923706054,21.082500076293947,23.985833326975506,917475.0,72.4041466721871,59.79721949476963,0.09575857366889551,-0.6092067168023525,0.704965290471248,91.27883215083074,75.06497119748856,23.911908469543427,21.082500076293947,18.253091683044467,20.00473921738027,交叉混雜,65.0
3356,2026-08-28,61.960000610351564,62.79000015258789,60.874999809265134,59.561666615804036,358110.8,27.611172250971254,37.6569617825718,1.0101971843596687,1.0452831361541777,-0.03508595179450902,49.21206520217037,54.65779469874664,66.84047158181241,60.874999809265134,54.90952803671786,1.6837810592613225,交叉混雜,74.0
3357,2026-08-28,213.8,214.5,216.575,251.30833333333334,1498983.4,41.88220368961652,31.192603764077745,-4.211654802276826,-6.019629529877616,1.80797472760079,62.90446388484083,52.65347999753274,239.1098268476326,216.575,194.04017315236737,2.9666397321943956,空排,79.0
3360,2026-08-28,15.460000228881835,15.585000038146973,15.984999942779542,17.435000038146974,384047.2,26.83295391309548,21.109729970469125,-0.5330951446138492,-0.5607228065577397,0.027627661943890436,42.52055409964865,41.80655229845045,17.101903629600066,15.984999942779542,14.868096255959015,-2.721299678459922,空排,68.0
3362,2026-08-28,197.9,190.5,183.65,177.20833333333334,11251071.8,68.51086778343044,64.5309129142699,7.929514944537544,5.637665816013508,2.2918491285240368,64.46127354051526,61.62363055312056,203.96359410008694,183.65,163.33640589991307,8.630547236591338,多排,93.0
3363,2026-08-28,649.0,624.9,609.25,616.5666666666667,5095997.4,78.47464617318272,64.02771168672237,20.900472567386373,7.842797800834608,13.057674766551765,72.97187671327963,63.673083677335164,694.6194756246099,609.25,523.8805243753901,15.059499384489126,交叉混雜,85.0
3372,2026-08-28,15.070000076293946,15.065000057220459,15.457500076293945,17.759308592478433,269023.6,41.613282789351985,28.3210994370682,-0.55116928857184,-0.6594148838385873,0.10824559526674726,56.79378175668783,44.45594486215093,16.435292988258638,15.457500076293945,14.479707164329252,-0.6954533028861694,交叉混雜,10.0
3373,2026-08-28,16.620000076293945,16.589999961853028,16.54750003814697,16.6408332824707,58559.4,42.18407659550567,42.87868924624506,0.0034967417649376387,-0.014276020987028269,0.017772762751965907,55.963060398274436,52.0151688530932,16.84214519114611,16.54750003814697,16.252854885147833,0.6194263794954513,交叉混雜,41.0
3374,2026-08-28,336.8,319.2,319.625,310.7583333333333,17183737.8,72.9120576173222,53.83624943621549,6.142835646688582,-0.43735136770762884,6.580187014396211,84.33807806678533,68.48737388205826,363.03355482020856,319.625,276.21644517979144,20.766523269456393,交叉混雜,95.0
3376,2026-08-28,199.3,193.65,189.625,194.6,8630994.2,75.1618694740558,63.75701821799271,3.7951993086519167,0.47400314509265074,3.321196163559266,85.49533341586587,72.95578918502363,207.85994332030643,189.625,171.39005667969357,14.436387607119313,交叉混雜,61.0
3379,2026-08-28,29.34000015258789,29.295000076293945,28.867500019073486,31.759166590372722,109699.8,40.541798892704875,38.803915894447684,-0.27778739399477814,-0.5209566351436012,0.2431692411488231,49.83283442171795,48.741514894145574,31.560429163001515,28.867500019073486,26.174570875145456,1.3250194186326734,交叉混雜,2.0
3380,2026-08-28,27.629999923706055,27.504999732971193,27.999999713897704,31.151666736602785,1022120.0,59.28277916009591,47.9905616548423,-0.728461924584149,-0.9516248276002504,0.2231629030161013,62.01819749996555,48.359306244146886,29.32981964630499,27.999999713897704,26.67017978149042,0.5357139505902107,交叉混雜,22.0
3388,2026-08-28,93.32000122070312,93.85000076293946,84.18500022888183,83.20166676839193,3207245.2,67.24998157044695,69.9862725082664,4.68171020607943,3.286872842843161,1.394837363236269,66.2790564996339,65.10123079870809,105.17996584017445,84.18500022888183,63.19003461758921,14.390928063120223,交叉混雜,81.0
3390,2026-08-28,21.920000076293945,21.780000114440917,22.25750026702881,25.000000127156575,186265.4,51.653783039427516,36.28620351864254,-0.625873246156246,-0.8147290974470855,0.1888558512908396,61.135150307319364,47.767889940037136,23.59571406389704,22.25750026702881,20.91928647016058,0.4155907596593036,交叉混雜,38.0
3402,2026-08-28,121.5,121.85,125.225,135.675,151818.2,39.011499850581714,27.955133648385573,-3.5675570768162714,-3.970952650653685,0.40339557383741376,47.29989393471101,42.530590116684486,132.9809824108785,125.225,117.46901758912146,-2.176083050509079,空排,36.0
3406,2026-08-28,771.4,717.7,634.95,626.7083333333334,7645615.2,93.71999941162781,87.42238610262173,64.95673012667828,34.157228802469234,30.799501324209047,94.14279599297231,85.8012346588716,854.7925034332303,634.95,415.1074965667698,44.42082053705015,多排,93.0
3413,2026-08-28,286.5,287.8,298.975,316.0833333333333,624638.8,26.950133939371053,20.57348083943699,-9.569733872639915,-9.49052953776258,-0.07920433487733547,34.0068871985642,37.33693084960766,325.5307506905158,298.975,272.41924930948426,-3.8381135546450444,空排,38.0
3416,2026-08-28,178.7,178.5,182.025,177.30833333333334,241286.2,43.65220754315749,32.239374496387995,0.4447374646835556,0.8141356589380138,-0.3693981942544582,52.926705445912475,51.429997172600544,194.1188218242106,182.025,169.9311781757894,-0.8377970059057852,交叉混雜,70.0
3419,2026-08-28,11.989999771118164,12.03499994277954,12.03250002861023,12.935833342870076,93333.4,41.94002593845482,47.81097887860976,-0.16926915781038865,-0.21061454132257512,0.04134538351218647,41.533906391238006,41.80539952368082,12.235827709013325,12.03250002861023,11.829172348207134,-0.6856448713810779,交叉混雜,21.0
3430,2026-08-28,115.0,115.95,114.525,124.84833335876465,240725.8,42.40275427436624,45.49862998977184,-1.0469014311541116,-1.8731452287835464,0.8262437976294348,48.193592865766675,48.6960120571889,122.5281243898868,114.525,106.52187561011321,0.4147566033617064,交叉混雜,87.0
3432,2026-08-28,14.550000190734863,14.700000095367432,15.324999904632568,16.98666671117147,17084.6,17.940192628362343,17.387810427688212,-0.6228924360795975,-0.6260374520259586,0.003145015946361074,37.03096588911768,35.83779542795489,16.7013027486434,15.324999904632568,13.948697060621736,-4.730828891840205,空排,23.0
3434,2026-08-28,29.879999923706055,30.44499988555908,30.427499866485597,30.16999994913737,33550.0,26.568834503952463,36.07260015754599,0.00551815179366244,0.11427136273683551,-0.10875321094317307,38.60025258921868,45.334264512331806,31.589383306797806,30.427499866485597,29.265616426173388,-1.8979524691476803,交叉混雜,37.0
3437,2026-08-28,18.16999969482422,17.69499988555908,17.64749994277954,19.37916660308838,684399.8,65.70684558689885,59.245046136654494,-0.12890402263165157,-0.377455128889618,0.24855110625796645,71.68419198037441,56.84796361472209,18.593112797624745,17.64749994277954,16.701887087934335,4.264058241624296,交叉混雜,62.0
3438,2026-08-28,60.20000076293945,58.74000015258789,59.14500007629395,63.04666678110758,207603.6,64.378207789398,53.397072197727766,0.11374455004390427,-0.6079047003902294,0.7216492504341336,63.33177863329903,56.69754681520042,63.335955832346414,59.14500007629395,54.95404432024148,3.9817396579055324,交叉混雜,74.0
3441,2026-08-28,123.8,108.5400001525879,97.02000045776367,81.67666670481364,25270470.6,89.20483453036215,85.61780757350158,13.150209029244621,8.672389536174391,4.47781949307023,76.87444644147487,74.51659746601536,132.26546098741483,97.02000045776367,61.77453992811253,33.99299050363715,多排,98.0
3443,2026-08-28,5799.0,5690.5,5213.5,4654.666666666667,2011101.8,68.60585735211701,68.67306411548654,414.12765064440373,344.61884827267534,69.5088023717284,66.86125758822953,65.47524658903595,6472.890412273459,5213.5,3954.1095877265407,15.373549438956555,多排,97.0
3444,2026-08-28,86.35999908447266,82.18000030517578,77.57000007629395,82.41333344777425,1273884.0,58.69463771156845,70.05407857200012,2.2824970603327444,0.8572417125592868,1.4252553477734575,52.85612722721979,55.82048535982634,90.91199552097167,77.57000007629395,64.22800463161623,7.000128810578025,交叉混雜,75.0
3447,2026-08-28,27.63000068664551,27.34500026702881,27.450000095367432,32.631666628519696,83307.2,71.13578611316558,56.59080343219348,-0.8282179230863029,-1.24547124598532,0.4172533228990172,73.52197984102528,54.679507570447264,28.51672207830533,27.450000095367432,26.383278112429533,4.553736478066446,交叉混雜,2.0
3450,2026-08-28,565.4,562.7,522.65,497.4166666666667,15283759.8,77.78455539004588,68.25611917237566,32.22953513199707,22.958860449472947,9.27067468252412,76.54868785508484,67.56919320768918,630.8311833040001,522.65,414.46881669599986,21.496221180522344,多排,95.0
3455,2026-08-28,244.1,245.7,222.85,220.48333333333332,1830149.6,57.04035206160383,57.969046321278356,11.912358916810916,8.504083968619573,3.408274948191343,72.19758693861655,66.08501071864546,278.9768300604224,222.85,166.7231699395776,13.978012115772945,交叉混雜,95.0
3466,2026-08-28,24.579999923706055,24.629999923706055,24.825,29.053333250681558,108405.2,37.51002299518393,32.57090277038735,-1.0475824087623167,-1.2690478782741184,0.22146546951180168,38.88799618626398,34.657095917924934,25.822101049154828,24.825,23.82789895084517,-1.3091641490433004,空排,3.0
3467,2026-08-28,47.50000076293945,46.68500022888183,46.170000076293945,54.36666679382324,53342.6,71.4059162546062,74.63570348283852,-1.011254941964367,-1.8213599567729346,0.8101050148085676,56.52235731634575,50.139787262419645,48.59517562665514,46.170000076293945,43.74482452593275,3.3138416376808477,交叉混雜,34.0
3479,2026-08-28,129.6,129.35,133.675,137.00833333333333,348054.2,38.96810975211145,32.71298474202152,-2.68888008579583,-2.3010911905789464,-0.38778889521688376,39.447775898977,42.07075147598392,144.53426720412367,133.675,122.81573279587636,-3.4972881989900966,交叉混雜,75.0
3481,2026-08-28,46.7,47.3,48.21249980926514,54.14583320617676,171955235.4,33.91729119545653,28.857651654655072,-1.3965207938334174,-1.6002482816342445,0.20372748780082706,59.87895966327208,49.9628688190403,52.291441172896526,48.21249980926514,44.13355844563375,0.8037307054995049,空排,96.0
3483,2026-08-28,72.93999938964843,72.28999938964844,73.37999992370605,82.05999984741212,198599.6,61.958458466156216,41.146057900937826,-1.7561525902378747,-2.467719992436167,0.7115674021982921,68.57075209222717,52.32045716903383,76.90530840224456,73.37999992370605,69.85469144516755,2.2076861242549457,交叉混雜,7.0
3484,2026-08-28,50.24000015258789,50.6,50.695000076293944,49.85416653951009,134306.0,26.802792655520065,27.456518570961933,0.2337513589310305,0.32399749714948334,-0.09024613821845284,47.15397179197622,50.36633868577173,53.08222360281561,50.695000076293944,48.30777654977228,-0.779171197630805,交叉混雜,63.0
3485,2026-08-28,234.3,225.65,217.45,257.0833333333333,175959.6,68.6858168860322,66.34712482162439,-1.008377899616704,-6.314137766372346,5.305759866755642,59.232749735417094,54.268063096846916,242.89322885832138,217.45,192.0067711416786,7.6109450448379,交叉混雜,93.0
3489,2026-08-28,23.02999954223633,23.274999809265136,24.52249984741211,22.718333371480306,186859.2,32.575953910767005,32.3558380785738,0.06790257464126626,0.37085255502135256,-0.3029499803800863,43.7413879342612,47.20637793840792,27.67168105253022,24.52249984741211,21.373318642294,-6.004692097110801,交叉混雜,71.0
3490,2026-08-28,52.439999389648435,49.9,40.902499961853025,34.30916668574015,5150457.0,72.89289740249107,82.25741862525078,6.091505282406175,4.864746513813188,1.2267587685929868,57.94427452313311,66.70917559768239,60.969557974127184,40.902499961853025,20.835441949578865,22.975366503201343,多排,92.0
3491,2026-08-28,1368.0,1321.0,1293.25,1332.45,1852189.4,68.42435970532304,51.155360086201895,35.472507544534665,9.388702068644331,26.083805475890333,80.82349590460362,67.30602870609741,1478.758547114762,1293.25,1107.741452885238,16.760100521940846,交叉混雜,95.0
3492,2026-08-28,20.29000015258789,20.279999923706054,21.1375,22.047499974568684,134303.4,33.22777614804842,30.099094566201483,-0.5437271918524118,-0.49624689210173767,-0.04748029975067414,37.29661664355028,37.18559798855282,23.099742162214355,21.1375,19.175257837785644,-6.8007060298547435,交叉混雜,14.0
3494,2026-08-28,7.111999988555908,7.118000030517578,7.080000042915344,7.54950004418691,73082.6,51.88291611967185,50.612133457013556,-0.07614284614886202,-0.10721112790429216,0.031068281755430138,51.98268174172104,43.558529778680686,7.223783578170104,7.080000042915344,6.936216507660585,0.5649695254417963,交叉混雜,9.0
3498,2026-08-28,196.3,188.0,155.275,130.10500005086263,817788.2,84.40482915465097,90.38513418094209,22.267247549198885,18.006008813312484,4.261238735886401,59.16681843512662,66.7336127074385,229.4578998595966,155.275,81.0921001404034,22.04153920463693,多排,98.0
3499,2026-08-28,12.489999961853027,12.610000038146973,12.797500038146973,13.819999996821085,25104.8,40.699233713268896,39.57278933121588,-0.3154012958951977,-0.33473095169430167,0.01932965579910395,38.762280185156506,33.342378973208014,13.240545772435853,12.797500038146973,12.354454303858093,-1.9339702807138788,空排,17.0
3501,2026-08-28,39.95999984741211,39.89500007629395,39.425,40.40666675567627,126256.6,43.33337206096628,54.813433996818155,-0.016005919449014527,-0.0968670341645886,0.08086111471557407,38.69551927667396,45.50605214011058,40.926753575118,39.425,37.923246424881995,0.19023462270133887,交叉混雜,19.0
3504,2026-08-28,85.57999877929687,82.09999923706054,78.76999931335449,76.63999964396159,6831900.8,78.40184666266003,71.40223266796127,3.909116746397899,2.2801322122162997,1.6289845341815994,68.79471692751868,65.84781399216081,89.40719264783544,78.76999931335449,68.13280597887353,13.621938276221835,多排,86.0
3508,2026-08-28,21.730000305175782,21.940000343322755,19.625000190734863,18.315833409627277,412863.0,46.748357962594476,65.03920997691442,1.265070229365854,1.140662081097186,0.12440814826866808,44.81243417284268,54.72309041833498,24.987295670014827,19.625000190734863,14.262704711454898,5.477709868823888,交叉混雜,26.0
3511,2026-08-28,19.809999847412108,19.710000038146973,19.869999885559082,22.100833320617674,111939.6,58.433049182933274,41.11357259202905,-0.3709983187441672,-0.5146267134563159,0.14362839471214872,58.09272511333531,48.02795777305456,20.79872251622746,19.869999885559082,18.941277254890704,0.6542532218905454,交叉混雜,42.0
3512,2026-08-28,19.479999923706053,19.600000190734864,19.660000228881835,20.068333435058594,29627.0,45.797118810707325,52.71362276938633,-0.10567392941958076,-0.10348558276506738,-0.0021883466545133817,38.26279339954311,41.15872621914438,19.89753143421862,19.660000228881835,19.422469023545048,-0.8138363530982246,空排,34.0
3515,2026-08-28,219.8,219.15,217.2,220.43333333333334,255531.0,46.08923198380559,40.53670988104553,2.0037916249519014,1.7873801855234535,0.21641143942844798,53.891908630025426,54.02907164172274,234.46389600476007,217.2,199.9361039952399,1.2891344383057144,交叉混雜,23.0
3516,2026-08-28,26.160000228881835,25.84500026702881,25.970000171661376,26.084166717529296,173125.4,51.814326863330024,48.46001593529735,0.10295248428780468,0.013334076492388987,0.08961840779541569,59.675924759181314,54.850199582373385,27.094558226730395,25.970000171661376,24.845442116592356,1.0781664477775474,交叉混雜,79.0
3518,2026-08-28,27.59000015258789,27.900000381469727,27.56500005722046,28.480833212534588,181316.2,41.266088038645755,38.043470696079616,-0.007513414563145915,-0.08410619452145421,0.0765927799583083,53.280414672181784,51.5290994617799,29.57892559476709,27.56500005722046,25.55107451967383,1.0339210000277643,交叉混雜,73.0
3520,2026-08-28,17.85999984741211,18.064999961853026,18.177499961853027,17.3733332157135,207728.8,37.340059316643746,35.344029467997345,0.15566044319105998,0.26238102729636864,-0.10672058410530866,40.98059387912346,48.29373026908592,18.67642002570745,18.177499961853027,17.678579897998603,-2.0767472181801456,交叉混雜,75.0
3521,2026-08-28,12.219999885559082,12.214999961853028,12.242499923706054,12.438333368301391,34410.4,29.21907786658911,26.320185039565423,-0.06203837465013251,-0.06977741878637983,0.0077390441362473195,51.36465755816452,49.09493102879413,12.49438745309858,12.242499923706054,11.990612394313528,0.061262620712153056,交叉混雜,50.0
3522,2026-08-28,11.640000152587891,11.640000057220458,11.775,12.449999984105428,93659.4,52.584395243311974,40.72692348012984,-0.2160279015908113,-0.2569792656312707,0.040951364040459404,63.03621977025076,49.27769597026458,12.17169690837538,11.775,11.378303091624622,0.6369459148172077,交叉混雜,29.0
3523,2026-08-28,15.129999923706055,15.114999866485595,15.277499914169312,16.19666657447815,4257.8,55.96331885565863,47.32948433426466,-0.17864684176886492,-0.2229930575932174,0.04434621582435247,57.82659436125694,50.77193818098536,16.042851764523533,15.277499914169312,14.512148063815092,0.801830829973352,交叉混雜,28.0
3526,2026-08-28,280.9,281.95,287.775,306.9166666666667,231912.4,54.25245539767944,35.18413304089826,-6.382730512360695,-7.197642585233973,0.8149120728732786,58.65995259967612,46.3728986053335,305.13943734218185,287.775,270.4105626578181,-0.6168013204760585,空排,49.0
3527,2026-08-28,51.04000015258789,51.02000045776367,51.390000343322754,57.79083366394043,78164.2,50.59275507197404,38.517418866161144,-1.273306469880147,-1.6509477826275862,0.3776413127474392,53.2089636752752,44.331548310770536,52.56858107114777,51.390000343322754,50.21141961549774,0.019461339734067204,交叉混雜,29.0
3528,2026-08-28,83.58000030517579,84.40999984741211,86.90499992370606,95.9366668701172,188441.6,23.990779564056446,21.69469263959711,-1.9029513835483982,-1.8809086711507985,-0.022042712397599695,33.90551068393934,39.315006701832445,92.64332017673536,86.90499992370606,81.16667967067676,-3.803004950792735,空排,47.0
3529,2026-08-28,2399.0,2335.0,2492.0,2688.25,888505.6,54.30334212907425,35.95773627393319,-54.21360375194308,-76.42800229898137,22.214398547038286,60.188106789150986,53.302416305586405,2915.188399005262,2492.0,2068.811600994738,1.9261637239165328,交叉混雜,54.0
3530,2026-08-28,59.64000015258789,57.539999389648436,56.38499984741211,61.13833287556966,355011.4,64.25903879942621,61.39664557845016,0.27399017017146576,-0.691532660460603,0.9655228306320688,64.89936318799167,59.33570753404393,60.98947127599473,56.38499984741211,51.78052841882949,6.056574264237004,交叉混雜,41.0
3532,2026-08-28,385.9,370.9,339.425,366.81666666666666,11654884.2,76.55973461963403,73.26327723901719,8.0942509679806,-1.1147011983471902,9.208952166327789,76.4689940933859,61.85869761135256,419.3435605212531,339.425,259.5064394787469,17.55174191647639,交叉混雜,98.0
3533,2026-08-28,1640.0,1635.0,1784.5,1985.1666666666667,1451230.8,49.22602060967037,30.841331524351283,-93.05151005391986,-95.1258334282451,2.074323374325246,62.884883100671594,47.170920044017365,2124.591319005878,1784.5,1444.408680994122,-2.7738862426449984,交叉混雜,56.0
3535,2026-08-28,87.8,88.22000045776367,87.99500007629395,101.34166653951009,406287.2,54.53716704325109,44.298745140405195,-1.5302776442051282,-2.4623724029133243,0.932094758708196,63.16746586800535,52.33324357723415,94.45050864157857,87.99500007629395,81.53949151100933,2.505820637577646,交叉混雜,52.0
3537,2026-08-28,55.18000030517578,55.10999984741211,54.51499977111816,64.39750003814697,495460.2,45.77735612378477,42.419002163720975,-0.9288012503441294,-1.5640748219013099,0.6352735715571804,59.88482442216053,51.52608082310538,58.741868207320685,54.51499977111816,50.28813133491564,3.0908942472636634,交叉混雜,60.0
3540,2026-08-28,24.25,22.76499996185303,21.69000005722046,23.04018882115682,1527640.4,71.6393551993738,73.30598948835953,0.556395967235428,0.1149755127849798,0.44142045445044814,54.075731687374244,57.41492893552151,25.16465993863461,21.69000005722046,18.215340175806308,6.961736753044981,交叉混雜,11.0
3541,2026-08-28,21.809999847412108,21.864999961853027,21.569999980926514,21.735000069936117,30618.8,45.721368915953875,43.49849522560323,0.0924812134153612,0.05769018798471825,0.03479102543064295,55.91886066112612,55.13638703883879,22.688457491510825,21.569999980926514,20.451542470342204,1.5299009638181016,交叉混雜,33.0
3543,2026-08-28,46.31999969482422,44.79499969482422,40.722499465942384,33.886666520436606,4758444.0,88.97936161667688,81.98507700178878,4.2714319334023045,3.231131821031201,1.0403001123711038,88.05138642247817,83.19026811347837,51.59711879331218,40.722499465942384,29.847880138572588,33.83264955428438,多排,84.0
3545,2026-08-28,49.89000015258789,49.65,49.98500003814697,52.607500012715654,578987.6,54.72836804207357,57.0038487703622,-0.4369606752265298,-0.608300676813314,0.1713400015867842,37.641043059833805,43.63901256765536,51.378632278103794,49.98500003814697,48.59136779819015,-1.9705912521661504,交叉混雜,18.0
3546,2026-08-28,71.7000015258789,71.85000076293946,73.15000038146972,75.30365104675293,97626.4,47.126451617356324,38.077023818968804,-0.7669050846356669,-0.6891885506175269,-0.07771653401813994,40.541038293459366,41.67561337878914,76.14156733156275,73.15000038146972,70.1584334313767,-1.8455192381022751,空排,48.0
3548,2026-08-28,82.30000152587891,78.58000030517579,77.18000030517578,81.2233336130778,693345.8,79.43314455832589,68.36476241967742,1.4950233549576666,-0.28452024701421613,1.7795436019718827,92.0233691967245,77.85309560842286,85.6815428369027,77.18000030517578,68.67845777344887,17.776627580271008,交叉混雜,43.0
3550,2026-08-28,23.649999618530273,23.254999923706055,23.154999828338624,26.19833345413208,1414175.0,65.92894521985399,53.44395949405765,-0.09838871214521205,-0.3951703387389618,0.29678162659374974,74.24119176383323,57.595873713552415,24.8538847246953,23.154999828338624,21.45611493198195,4.9449337819497465,交叉混雜,86.0
3551,2026-08-28,176.5,175.35,176.275,188.75833333333333,273540.4,71.67482823077687,56.876361177141064,-2.3972804583546576,-3.727770379712332,1.3304899213576742,69.45958193053542,53.65232717015737,180.94827226728748,176.275,171.60172773271253,2.3968231456530953,交叉混雜,44.0
3552,2026-08-28,44.70999984741211,45.05,45.07499980926514,46.95833320617676,158557.8,19.802143837901983,33.04769321805278,-0.46570289872778403,-0.48812250415721714,0.02241960542943311,27.45840102881543,38.1095270778465,46.300818596630755,45.07499980926514,43.84918102189952,-2.3849136191103684,空排,7.0
3555,2026-08-28,170.8,167.55,163.1,171.95833333333334,103460.4,68.46845688613237,56.67650439308568,3.1704236402749757,0.38020877167853423,2.7902148685964416,76.51422188765224,65.69561678342765,180.76232982187975,163.1,145.43767017812024,12.81422440220724,交叉混雜,93.0
3556,2026-08-28,62.5,62.62999992370605,62.98499984741211,66.77000001271566,308327.2,38.30663755057171,36.638192451685256,-0.4768146284528356,-0.635345039671988,0.15853041121915235,52.64351218762224,49.17429689860957,65.32663683488384,62.98499984741211,60.64336285994038,-0.13495010199114627,空排,82.0
3557,2026-08-28,24.379999923706055,24.414999961853027,25.064999961853026,25.614166673024496,18847.4,11.611926190564377,11.781927857755143,-0.4129938436584375,-0.3712671937000913,-0.041726649958346185,32.40447202965626,37.58284168173319,26.912644347456748,25.064999961853026,23.217355576249304,-3.4510241381609177,空排,11.0
3558,2026-08-28,127.1,126.65,127.525,131.1,113276.2,39.79424017798597,40.787768326029536,-0.6638840060918767,-0.8093755969707218,0.1454915908788451,43.20651901772436,45.89456640867322,132.7310187839506,127.525,122.31898121604942,-1.5879239364830469,交叉混雜,21.0
3563,2026-08-28,679.2,681.0,678.9,690.5,294883.6,61.24572341773789,46.72707781363363,1.5647563268693148,-1.3410851736515221,2.905841500520837,62.665610373136666,55.212834649369945,721.5683661942228,678.9,636.2316338057772,2.6660774782736816,交叉混雜,77.0
3564,2026-08-28,45.07999954223633,45.57999954223633,45.94249973297119,47.122499783833824,67909.6,22.80019303461931,24.919714871806008,-0.4634326477112154,-0.3904030201157924,-0.07302962759542297,35.479123727291864,43.228459627753224,48.33223041589916,45.94249973297119,43.552769050043224,-3.0309637133464484,空排,23.0
3567,2026-08-28,25.299999618530272,25.28499984741211,25.685000038146974,27.431666564941406,20296.2,47.915731589842004,36.381005561987685,-0.5237127405492501,-0.6030260596448215,0.07931331909557138,47.638499844838,40.765216456414244,26.60957706591585,25.685000038146974,24.760423010378098,-1.1095986731299292,交叉混雜,36.0
3570,2026-08-28,163.3,163.2,163.625,168.575,13501.0,70.44592081924239,51.676930396062545,-0.5823802717297042,-0.8916243836995176,0.3092441119698134,64.98189422352598,53.17591091001474,165.3983405882735,163.625,161.8516594117265,0.53475935828877,交叉混雜,30.0
3576,2026-08-28,17.139999771118163,17.164999771118165,17.24499979019165,17.431666549046835,10213537.6,40.93077270580823,35.92050057095838,-0.050373387580329165,-0.06245629265729992,0.012082905076970754,61.257632413895024,53.43833755309766,18.10639400375879,17.24499979019165,16.383605576624507,1.4786907098333872,空排,89.0
3577,2026-08-28,113.8,116.35,124.75,127.725,240797.0,15.98888575189104,14.223209196276363,-5.013509240775534,-3.703324529341635,-1.310184711433899,26.404969806973355,36.97401448205715,144.13121716888077,124.75,105.36878283111923,-8.617234468937877,空排,83.0
3580,2026-08-28,79.34000091552734,79.47000045776367,79.13999977111817,87.20666681925455,183495.4,51.997851940052726,39.13616305599877,-0.9088851547786305,-1.664626710401685,0.7557415556230545,65.68664047411707,54.71175761234778,84.55358869792191,79.13999977111817,73.72641084431443,3.99292808918212,交叉混雜,65.0
3581,2026-08-28,108.0,107.45,111.575,126.975,330452.8,46.99892467297309,34.35500460292447,-3.7251008779930146,-4.8750716304744515,1.1499707524814369,52.92981883967823,48.2874462302792,124.5497730940506,111.575,98.60022690594941,-0.9634774815146787,交叉混雜,88.0
3583,2026-08-28,726.2,718.5,712.45,772.15,1031714.6,60.98318698958359,52.31991337702493,-2.904158282064941,-12.06643810593063,9.162279823865688,64.21561743139296,55.69848352001145,757.9344102847106,712.45,666.9655897152895,5.130184574356089,交叉混雜,91.0
3587,2026-08-28,252.1,249.0,251.25,268.625,377126.8,63.88172900485446,55.91667686138196,-2.303977705349155,-4.323686390669099,2.0197086853199444,55.23271087969267,50.66637475138026,270.1137775978968,251.25,232.38622240210321,0.4975124378109453,交叉混雜,68.0
3588,2026-08-28,53.07999954223633,52.87999992370605,53.59500007629394,58.58416690826416,146246.4,48.7636847727146,33.99318920277497,-1.003786416687717,-1.383287601234352,0.37950118454663495,54.607528433850696,48.601558828861094,56.910340075315695,53.59500007629394,50.27966007727219,0.19591507882459058,交叉混雜,56.0
3591,2026-08-28,21.960000228881835,21.250000190734863,21.19750032424927,22.84083340962728,617158.2,73.40359796704132,64.26140722279604,-0.044274307513418876,-0.34290327617864813,0.29862896866522926,76.89272051919043,58.94678977765906,22.686928312261816,21.19750032424927,19.70807233623672,4.729333286261849,交叉混雜,65.0
3592,2026-08-28,226.4,225.5,232.475,250.25833333333333,181681.2,54.35659613410067,41.20282617731695,-5.238558731924115,-5.815751708394874,0.5771929764707586,45.416605899300436,41.23841483260365,248.78926563342088,232.475,216.1607343665791,-2.3550919453704675,交叉混雜,24.0
3593,2026-08-28,11.029999923706054,11.069999980926514,11.734999990463256,14.184166749318441,24727.0,50.52972006515236,39.64185716023414,-0.8215752714135807,-0.8874076563733051,0.06583238495972443,34.19661661822097,30.206048954911537,13.205087676688654,11.734999990463256,10.264912304237859,-6.263314793869388,空排,13.0
3594,2026-08-28,50.43000030517578,50.83500022888184,53.367500114440915,51.330000178019205,577175.8,18.566506169948866,21.067611617389446,-0.7697991903419492,-0.22204185381848288,-0.5477573365234664,30.170871886753872,41.19604105796486,60.251216744177185,53.367500114440915,46.483783484704645,-7.246920140811305,交叉混雜,70.0
3596,2026-08-28,160.1,161.0,168.175,180.75833333333333,1151323.6,25.982978282627105,16.236377161590266,-5.868654656697117,-5.847258057712827,-0.021396598984290804,41.86200482707211,36.907529226505815,186.60059718378244,168.175,149.74940281621758,-3.9690798275605834,空排,13.0
3597,2026-08-28,26.36999969482422,26.589999961853028,26.64000005722046,26.635833390553792,25209.2,28.004231466693525,31.07454477450647,-0.03521940674623636,0.012490027421910684,-0.04770943416814705,45.42454173676915,47.582702206252584,27.267107503335925,26.64000005722046,26.01289261110499,-0.9009025457007668,交叉混雜,45.0
3605,2026-08-28,118.9,118.45,114.08999977111816,92.575,14063127.8,53.04007233278473,42.6423752355832,7.561802057816749,7.790432290463488,-0.2286302326467391,71.8841113448485,67.2722549306638,139.3833866664119,114.08999977111816,88.79661287582441,14.82163227522646,多排,93.0
3607,2026-08-28,14.129999923706055,14.059999942779541,14.127500009536742,15.294166692097981,168011.4,56.90502910274235,47.60387209610872,-0.19565699862621244,-0.27630412931570497,0.08064713068949253,51.607564070826534,46.19063710074823,14.430945454224837,14.127500009536742,13.824054564848648,0.1592610793016646,交叉混雜,43.0
3609,2026-08-28,19.620000076293945,21.625,23.402500057220458,25.730833339691163,254093.6,3.7546539144832405,9.220682157742365,-1.7268184378817573,-1.2084258266738324,-0.5183926112079249,12.847810957215259,22.943315206993518,28.34910709111626,23.402500057220458,18.455893023324656,-19.66670573189416,空排,1.0
3611,2026-08-28,185.6,186.6,187.1,191.225,44389.0,15.297665896058819,22.860059178047376,-1.0323550073111392,-1.0082374822173934,-0.024117525093745762,33.059537193546674,40.14921078172197,190.44978396789514,187.1,183.75021603210484,-1.122394441475144,空排,42.0
3615,2026-08-28,37.66999969482422,37.10499992370605,36.57500019073486,43.884166940053305,567699.6,64.46883717745487,54.64276186512622,-0.6582083798596514,-1.3164158877598682,0.6582075079002168,59.24689137076859,51.706499294041976,39.06677602621726,36.57500019073486,34.08322435525246,4.0328066674879475,交叉混雜,78.0
3617,2026-08-28,249.7,253.45,242.625,224.80833333333334,619630.2,31.107347460720945,51.02887100543306,8.042457779501433,8.861355520507658,-0.818897741006225,40.79419426305301,52.24716639156524,268.996585585925,242.625,216.25341441407497,0.36063884595569295,交叉混雜,74.0
3622,2026-08-28,53.439999389648435,51.374999618530275,52.767499923706055,54.479166475931805,815662.0,72.03474635620273,58.90384662613292,-0.38575720002486236,-0.698046753097084,0.3122895530722216,62.48257351115723,53.97280286500284,57.12812244813641,52.767499923706055,48.4068773992757,1.3881652103151207,交叉混雜,26.0
3623,2026-08-28,21.9,21.749999809265137,21.304999923706056,22.365833218892416,44218.0,68.77247219914962,67.72678696597865,0.07494216715511826,-0.0824823195124969,0.15742448666761516,83.50877176531367,63.53696172574438,22.798811562969938,21.304999923706056,19.811188284442174,4.200895763616175,交叉混雜,43.0
3624,2026-08-28,89.5,88.36000061035156,83.98500022888183,108.49833342234294,6867252.8,53.27141294365744,50.094899385037635,-1.2290231676744838,-3.469761431518427,2.240738263843943,64.97612513776727,54.32780640798713,100.44193189323786,83.98500022888183,67.5280685645258,9.305236413142808,交叉混雜,88.0
3625,2026-08-28,12.2,12.585000038146973,14.652499961853028,15.906666660308838,386489.0,29.090158649220996,21.3525183054818,-1.2613402650851686,-1.0148709486760112,-0.24646931640915737,33.73258446697443,33.772771227281,19.27606349629452,14.652499961853028,10.028936427411537,-16.055279148560093,空排,4.0
3628,2026-08-28,67.71999969482422,68.53000030517578,67.2350009918213,69.6366673151652,38590.4,45.439053060568995,45.914552601532534,0.04388430523252396,-0.1665669087426764,0.21045121397520036,55.1362020926286,52.43639503150967,71.77408116952188,67.2350009918213,62.69592081412071,1.732729258380358,交叉混雜,62.0
3629,2026-08-28,16.48000011444092,15.330000114440917,14.55750002861023,14.72166666984558,18416.8,85.68359564002688,70.31175147528272,0.7925594169299508,0.1863498104539575,0.6062096064759933,86.7345956943449,77.04309380336527,17.870516690099677,14.55750002861023,11.244483367120784,34.981965171984356,交叉混雜,42.0
3630,2026-08-28,26.1,25.75,25.887500095367432,27.864166736602783,820470.4,49.65364986753657,38.92671431885162,-0.18703954519941135,-0.39586145610968454,0.2088219109102732,60.583684134376824,53.420271245941535,26.899467546519883,25.887500095367432,24.87553264421498,1.97971809280477,交叉混雜,36.0
3631,2026-08-28,40.71999969482422,40.475,36.95,34.484166622161865,274796.8,72.37803677326235,65.88555457069646,2.269440208336391,1.7209442298430306,0.5484959784933605,85.94025885017885,81.21533771574191,45.01832665438509,36.95,28.88167334561491,19.621111672366574,多排,89.0
3632,2026-08-28,7.311999893188476,7.262999963760376,7.5924999713897705,7.957000009218851,10482.2,36.14674913898959,19.584952655575602,-0.20309739256752124,-0.21691759879841668,0.013820206230895443,60.80046613369816,47.13379633071353,8.46132554259123,7.5924999713897705,6.723674400188313,-1.350019106458347,交叉混雜,15.0
3645,2026-08-28,68.41999816894531,67.46999969482422,68.41999969482421,78.30333309173584,2593926.6,64.71672986659277,42.36613418978836,-1.3103117599729046,-2.554146154440506,1.2438343944676014,81.50552863661517,65.11778953498802,74.15469421863111,68.41999969482421,62.68530517101731,11.955566816402186,交叉混雜,59.0
3646,2026-08-28,23.49000015258789,23.400000190734865,23.362500190734863,23.38500016530355,20808.6,45.46324006605949,45.69118904027911,0.056824261648703356,0.03045696954501069,0.026367292103692666,51.101063428136705,52.5292054777658,23.824617946624283,23.362500190734863,22.900382434845444,0.3745342813920702,交叉混雜,33.0
3652,2026-08-28,33.4,34.33499984741211,34.43500013351441,34.533333428700765,103002.0,21.332410264799815,23.911729500204338,0.09468189109252734,0.34388737155303967,-0.24920548046051233,42.321563615240784,47.556278353535944,39.40078812331349,34.43500013351441,29.469212143715325,-2.424863238436973,空排,63.0
3653,2026-08-28,5503.0,5446.0,4885.25,3955.75,1489692.2,80.60607036357884,82.328527734864,512.0622854925532,453.88377302686945,58.17851246568375,72.24694329263741,70.61014970653767,6154.341987873302,4885.25,3616.158012126698,18.41768589120311,多排,96.0
3661,2026-08-28,3899.0,3835.0,3809.25,3896.9166666666665,1573490.4,49.216294719385644,36.897657376362204,55.267967579062315,26.02436767239727,29.243599906665047,66.42359441439265,59.27805881999854,4304.801526876336,3809.25,3313.6984731236644,6.713920063004529,交叉混雜,55.0
3663,2026-08-28,61.95999984741211,61.95999946594238,62.660000038146975,70.05333353678385,335631.6,47.81207649985174,33.802054475872275,-1.6345253337777663,-2.1469202819483337,0.5123949481705674,55.643350322633346,47.1631832041673,65.86355098262857,62.660000038146975,59.456449093665384,0.22342674565646478,交叉混雜,53.0
3664,2026-08-28,5.70600004196167,5.80600004196167,6.129500007629394,6.638499983151754,18665.8,56.283363078486396,36.52263026686129,-0.21172731967402392,-0.23995976526893995,0.028232445594916028,63.48040950743233,53.329000898744965,7.1858786584889085,6.129500007629394,5.07312135676988,2.4553422300616314,空排,2.0
3665,2026-08-28,2089.0,2154.5,2190.75,2079.8333333333335,3670446.6,43.990327438379055,36.54854055552907,7.784692132662258,21.005757353928995,-13.221065221266738,62.16652707520275,56.25138884894755,2390.283007426426,2190.75,1991.2169925735739,3.161017916238731,交叉混雜,89.0
3666,2026-08-28,25.220000076293946,25.15999984741211,25.129999923706055,25.262499968210857,40405.4,71.71905500874371,76.30850575605771,0.00861361959562501,-0.015096778731865048,0.023710398327490056,42.997781444856315,47.59972038450851,25.311803848068084,25.129999923706055,24.948195999344026,-0.11937740679429593,交叉混雜,29.0
3669,2026-08-28,36.37999954223633,37.00999984741211,37.94249973297119,36.62749983469645,260471.0,15.265261350091622,22.58469767669484,-0.3168042232846844,0.05375169574405257,-0.37055591902873697,28.351056969127683,39.348901742144726,40.33817052501825,37.94249973297119,35.54682894092414,-5.910256271499839,交叉混雜,57.0
3672,2026-08-28,12.379999923706055,12.515000057220458,12.592500019073487,12.635000054041544,9048.8,45.43387785216667,39.108427328876466,-0.10946640912246863,-0.08967725962202569,-0.019789149500442943,46.24967591028328,46.3743729998493,13.022034582261536,12.592500019073487,12.162965455885438,-1.1316276322613419,空排,56.0
3673,2026-08-28,66.45999908447266,64.29999923706055,62.89999961853027,70.73333333333333,7038585.4,81.7879303183899,74.74230302525056,0.174538724772205,-1.0539247467697384,1.2284634715419434,68.4222871564325,58.44915377424772,68.54008069867575,62.89999961853027,57.25991853838479,7.472176286319413,交叉混雜,82.0
3675,2026-08-28,274.4,274.55,270.5,312.1666666666667,926124.0,44.73243537862013,40.44573259967964,-3.51098210817662,-7.247948315062717,3.7369662068860974,55.73378758397284,51.18114517576067,294.07295506564003,270.5,246.92704493436,2.5878003696857674,交叉混雜,87.0
3679,2026-08-28,108.8,109.25,109.325,111.15,54347.0,17.69851242699051,30.129163165255562,-0.5211489620018881,-0.4050693234846259,-0.11607963851726222,21.047922762749508,33.98429045136969,111.0194180805117,109.325,107.63058191948831,-2.584038417562317,空排,28.0
3680,2026-08-28,480.8,474.85,460.8,482.7916666666667,1118366.6,69.75123161320275,61.2387100572583,5.605387026869607,-0.6821749564861836,6.287561983355791,76.65594629696909,62.755639899049065,500.93188783315054,460.8,420.6681121668495,8.506944444444443,交叉混雜,80.0
3684,2026-08-28,54.04000015258789,53.95,52.90250015258789,53.798333422342935,42635.2,88.65234769503896,84.82162794845459,0.5891624012644812,0.3988420510058022,0.19032035025867894,80.53689689088071,66.44467806899658,56.483219196284324,52.90250015258789,49.32178110889146,3.0197057658984057,交叉混雜,52.0
3685,2026-08-28,36.61000061035156,36.505000305175784,37.000000190734866,34.02166662216187,457926.8,45.50327432079206,41.754553176107606,0.31316919624587314,0.539731846358859,-0.22656265011298582,51.963116718830676,51.50069960819296,39.44174206240363,37.000000190734866,34.558258319066105,-0.27026666037964087,交叉混雜,89.0
3686,2026-08-28,14.419999885559083,14.38499994277954,14.53999991416931,15.790000009536744,48390.4,49.18219244198734,38.58229598923549,-0.2975432329311243,-0.3637147334413176,0.06617150051019333,48.720711860012244,43.05878138226751,15.017493320008,14.53999991416931,14.062506508330621,-0.6189828434350161,交叉混雜,13.0
3687,2026-08-28,62.84000015258789,63.659999465942384,64.72999935150146,71.56833356221517,40492.2,31.759134176071928,24.95755062097423,-1.9093102418518555,-2.053020542084963,0.1437103002331077,45.89612379552181,38.98754639607665,67.49983627777713,64.72999935150146,61.96016242522578,-1.745714334468253,空排,17.0
3689,2026-08-28,110.7,108.95,108.6,113.70500005086264,1457197.6,59.957429504630824,46.27371287727795,0.13631077613179343,-1.0584216127394594,1.1947323888712529,79.71141033331877,64.30271551172339,115.64571538334712,108.6,101.55428461665286,7.274401473296506,交叉混雜,50.0
3691,2026-08-28,98.76000061035157,100.33000030517579,107.71500015258789,129.45,299381.4,20.59153966794181,16.11395448059112,-6.5977953901961115,-6.681801422105517,0.08400603190940537,36.16939243555798,34.755270041377585,124.0170532563886,107.71500015258789,91.41294704878717,-7.16241947886451,空排,38.0
3693,2026-08-28,557.4,537.4,524.575,504.15833333333336,1114873.4,74.78356702280976,63.98728918565194,17.74053674712809,11.148611182954117,6.591925564173973,80.52600859210352,67.54844019405047,579.9029932954834,524.575,469.24700670451665,11.900109612543478,多排,86.0
3694,2026-08-28,50.85999984741211,51.150000381469724,53.01000003814697,58.663333320617674,561299.6,31.680684944202685,24.019939972975624,-2.1417613894804077,-2.2881070273320168,0.14634563785160903,37.75888540179847,38.59141865399252,57.46179974102551,53.01000003814697,48.55820033526843,-4.169026220517007,空排,6.0
3701,2026-08-28,40.99000015258789,40.55,40.74500007629395,42.7283332824707,512332.8,65.65652143940468,58.47957305565738,-0.08807586417960778,-0.3729287357154474,0.2848528715358396,53.28720112416771,51.54030040579005,43.889569999337716,40.74500007629395,37.60043015325018,0.748556044166145,交叉混雜,34.0
3702,2026-08-28,106.1,107.0,114.85,111.775,13517209.4,12.726524205114066,20.426195921583965,-2.95545465520712,-1.1421675760689576,-1.8132870791381626,23.427419961858362,34.88022732524371,133.30078803052493,114.85,96.39921196947506,-12.929908576404001,交叉混雜,79.0
3703,2026-08-28,19.629999542236327,19.65499973297119,19.942499923706055,20.68999999364217,1382336.0,42.517385260214084,44.063659552978926,-0.27275454419620004,-0.2584451454461433,-0.014309398750056768,23.34639323023059,29.54919763924424,20.633247356440098,19.942499923706055,19.251752490972013,-2.7203224633382135,空排,29.0
3704,2026-08-28,41.95000076293945,41.98500022888184,43.85499992370605,45.42083320617676,1250397.4,36.4001528720693,28.615233137461075,-0.9702365325317714,-0.8859442331506817,-0.08429229938108973,44.808968496636425,44.98759282902364,49.192247612415564,43.85499992370605,38.51775223499654,-4.229848197316547,空排,73.0
3705,2026-08-28,55.81999969482422,55.39000015258789,54.54000015258789,54.94166653951009,128072.0,85.32010901960163,86.19678674744966,0.42947628497417156,0.2166831099731084,0.21279317500106315,75.34483140570424,66.85685221584981,56.60973191076047,54.54000015258789,52.470268394415314,2.4935852025781147,交叉混雜,55.0
3706,2026-08-28,91.7,91.19999923706055,91.44999961853027,89.38666687011718,6672437.0,57.00294361391518,48.19410875509844,0.502797427391215,0.534434050069778,-0.03163662267856293,59.89833279979369,55.208040318054934,93.47146373416234,91.44999961853027,89.4285355028982,0.7107696646278778,交叉混雜,62.0
3707,2026-08-28,62.99999923706055,62.869999694824216,62.4149995803833,71.41749992370606,3543390.2,48.562592539537555,40.601166063364836,-1.0913504823222482,-1.822373886066815,0.7310234037445669,59.59431373870411,50.60514829187079,66.69482927904082,62.4149995803833,58.135169881725794,2.219017329149422,交叉混雜,68.0
3708,2026-08-28,102.2,102.7,100.77999992370606,105.16000010172526,398243.6,42.55890307126506,54.76119929341296,0.3073080225758673,-0.03799832118787044,0.34530634376373776,43.09314016703373,48.76303285767979,107.88125262832362,100.77999992370606,93.67874721908849,0.21829735707530276,交叉混雜,20.0
3709,2026-08-28,67.77999877929688,68.13999938964844,71.59499931335449,73.79666633605957,331814.0,17.58375132162648,16.807525801999784,-1.949409898751469,-1.6805923453757923,-0.2688175533756767,27.8047207605524,35.91995405548417,80.52242039404237,71.59499931335449,62.66757823266662,-5.999017114028439,空排,63.0
3710,2026-08-28,5.14399995803833,5.188000011444092,5.139000034332275,5.61833332379659,215414.6,34.958963678932946,47.7570775618596,-0.09297649178968825,-0.11168749890194649,0.018711007112258232,37.506028522576855,40.148721717461825,5.324347449371478,5.139000034332275,4.953652619293072,-1.1480854296955925,交叉混雜,6.0
3711,2026-08-28,600.2,598.0,603.5,616.1333333333333,12131156.6,54.741898849204034,45.477050260710655,-2.202460600596396,-4.240144695956536,2.03768409536014,71.14233571677221,56.31083238925134,635.3119474411426,603.5,571.6880525588574,2.899751449875725,交叉混雜,96.0
3712,2026-08-28,21.020000076293947,20.95,20.907499980926513,18.776666673024497,2536431.2,28.385831913174293,28.400758834930045,0.6415700479093225,0.7647699899167337,-0.12319994200741125,45.56167332272578,53.22112803158504,23.23338966658061,20.907499980926513,18.581610295272416,-0.7533180967126485,多排,18.0
3713,2026-08-28,14.739999961853027,14.775,14.75,14.859166717529297,20646.0,66.78449308092743,68.80277523808977,0.024423645222256596,0.025516680811399167,-0.0010930355891425707,51.33636805975663,51.35508772855349,15.108358910657472,14.75,14.391641089342528,0.0,交叉混雜,13.0
3714,2026-08-28,61.119999694824216,59.079999923706055,57.795000076293945,59.695000076293944,13541858.4,77.44506067343642,68.63619500380022,1.2593171892291295,0.3306229596218519,0.9286942296072775,69.39028313837346,61.78492831250972,64.0433592598121,57.795000076293945,51.546640892775784,8.313865198519203,交叉混雜,87.0
3715,2026-08-28,114.6,112.2,113.525,138.45500005086262,4222056.2,65.8116683851744,46.499270298237086,-3.2993318757385452,-5.799483892991004,2.500152017252459,78.0415624627987,60.02707604651356,126.03383898016133,113.525,101.01616101983868,10.107905747632675,交叉混雜,28.0
3716,2026-08-28,35.50999984741211,35.37000007629395,34.66500015258789,34.60416685740153,465523.0,41.93080077741274,51.92779085152479,0.3878902230460284,0.34909788959088517,0.03879233345514321,42.35110147668849,49.77411019135303,37.4625736403517,34.66500015258789,31.86742666482409,0.5336746595092381,多排,57.0
3717,2026-08-28,22.860000228881837,22.550000190734863,22.8,23.25583340326945,1289283.6,62.90452948102782,47.1443618207754,-0.0687097255271567,-0.1885058113368417,0.11979608580968498,72.07904092372786,56.486796755075446,23.748683022927253,22.8,21.85131697707275,1.9736842105263126,交叉混雜,75.0
4102,2026-08-28,19.25999984741211,19.119999885559082,19.07499990463257,19.295833333333334,28253.2,94.35355529020356,88.71481538707474,-0.027253422706667862,-0.09141568124951283,0.06416225854284496,82.87745046224525,66.49657840243388,19.420649658672584,19.07499990463257,18.729350150592555,3.014415291074569,交叉混雜,59.0
4104,2026-08-28,71.36000061035156,71.4900001525879,71.05499992370605,70.42166671752929,90139.6,41.30370272368195,58.39139287602697,0.20341209823547501,0.2605848677534356,-0.057172769517960575,34.76261513716108,47.56171687254143,72.47437817982325,71.05499992370605,69.63562166758885,-0.07740471995651836,交叉混雜,37.0
4105,2026-08-28,77.92000122070313,77.65000076293946,77.12000007629395,76.4016663869222,362734.2,54.65755614661411,55.26915490942595,0.4034005484964496,0.3159653501502889,0.08743519834616065,53.50558158505599,54.61157160938997,79.08667033392575,77.12000007629395,75.15332981866214,0.8817465959428749,多排,56.0
4106,2026-08-28,24.6,24.6,24.527499866485595,24.135833326975504,149953.4,52.65246923524835,54.838667347666075,0.07992993424819161,0.11550775138130603,-0.03557781713311442,42.09495197684231,47.97745265480577,25.32451739785092,24.527499866485595,23.73048233512027,-0.5198257003337631,交叉混雜,64.0
4107,2026-08-28,114.0,114.1,114.225,115.725,38916.8,57.28663491434159,52.64843513205027,-0.44730920606251345,-0.5112558608348488,0.0639466547723353,44.306740054847765,45.51845492683701,115.72850467767485,114.225,112.72149532232514,-0.19697964543663327,空排,45.0
4108,2026-08-28,11.460000038146973,11.24000005722046,11.202499961853027,11.712499936421713,574221.4,73.44456127924997,60.272648324328685,0.0025489091293895427,-0.13264852888176515,0.1351974380111547,83.60652736920292,71.88625427514852,11.849334247500952,11.202499961853027,10.555665676205102,10.689575190850219,交叉混雜,41.0
4109,2026-08-28,11.270000076293945,11.260000038146973,11.24500002861023,11.651666641235352,136840.8,53.70159512960896,54.82722106466731,-0.0677562680068231,-0.09533525581800263,0.027578987811179526,48.05495590221496,46.56454125275359,11.393323961800283,11.24500002861023,11.096676095420177,0.044463951774556816,交叉混雜,17.0
4111,2026-08-28,29.079999923706055,29.56999988555908,29.75,29.951666673024494,135282.8,21.73239578904414,39.07053408517627,-0.25995953011703676,-0.11931390666790839,-0.14064562344912837,16.934196716611467,25.44876469680827,30.723328588667343,29.75,28.776671411332657,-3.361344537815126,空排,42.0
4113,2026-08-28,14.990000152587891,14.91500015258789,14.827500057220458,15.159999990463257,137570.2,81.73961175946638,72.82219629220246,0.042868293844767535,-0.007053005692162448,0.04992129953692998,71.11497344867061,59.184497068874016,15.173111879723177,14.827500057220458,14.48188823471774,1.8378035622840578,交叉混雜,20.0
4114,2026-08-28,29.95999984741211,30.184999847412108,29.804999828338623,29.457020568847657,657137.0,22.230844104913597,37.87478913136089,0.15288760292453318,0.1784141101052955,-0.025526507180762326,45.116949207358736,50.31260245257208,30.974299893810358,29.804999828338623,28.63569976286689,0.31873776459922837,交叉混雜,56.0
4116,2026-08-28,39.43000030517578,39.34500007629394,39.43500022888183,38.4391668955485,26848.6,42.79954514983546,31.486522720766573,0.24260244712080237,0.2545551456247274,-0.011952698503925052,74.63886075844749,62.39742026102319,40.45278925848167,39.43500022888183,38.417211199281994,1.305947840924414,交叉混雜,49.0
4119,2026-08-28,52.720000457763675,52.60000038146973,52.01000003814697,47.576666514078774,108109.8,55.62018688569102,40.643895777169476,1.2795482707823425,1.3878097452340032,-0.10826147445166079,74.38934410547463,66.44965774590793,56.12986195221805,52.01000003814697,47.89013812407589,4.5952729974600635,多排,71.0
4120,2026-08-28,47.55999984741211,47.695000076293944,48.20749988555908,46.87833334604899,22464.2,39.66695309482784,39.424932592042104,0.09203713482882137,0.2709497149377165,-0.17891258010889516,36.12804128127867,44.78583504520149,49.76997861100118,48.20749988555908,46.64502116011698,-1.7787717958276816,交叉混雜,60.0
4121,2026-08-28,13.15999984741211,13.094999885559082,13.052499914169312,13.286666647593181,27225.2,74.51720945850485,73.06632123528726,-0.01706551707435544,-0.05376813798321083,0.03670262090885539,54.80218991375219,51.799750580664245,13.258910410684894,13.052499914169312,12.84608941765373,0.7469810764382345,交叉混雜,19.0
4123,2026-08-28,32.089999771118165,32.20000038146973,34.865980529785155,36.98366018931071,1627888.0,19.101147437916836,19.46744012863485,-1.64953234712587,-1.4342532565754815,-0.21527909055038852,21.774290840141177,25.512217133284807,41.29247197980909,34.865980529785155,28.439489079761216,-9.080426589870555,空排,15.0
4126,2026-08-28,77.61999816894532,77.56999969482422,77.09999923706054,78.47833340962728,20797.8,59.293386498130815,59.61888130039903,0.020270567019068153,-0.14637609076500593,0.1666466577840741,58.21855400895408,54.911457317541064,78.46420423109213,77.09999923706054,75.73579424302896,0.7782071557962295,交叉混雜,36.0
4127,2026-08-28,83.92000122070313,86.68000106811523,85.64000091552734,76.19500058492025,161486.8,16.12467233980032,29.683366460457602,1.7486402059654296,3.0645780741408233,-1.3159378681753937,27.063608195677475,41.60351735186924,94.9255084665766,85.64000091552734,76.35449336447807,-7.986919419251628,交叉混雜,93.0
4128,2026-08-28,15.2,15.205000114440917,14.925,15.313333288828533,933455.8,51.6930468836715,55.13303494888487,0.04211749643727103,-0.03612531716966864,0.07824281360693966,58.09251843706641,54.48863057655407,15.590305887759076,14.925,14.259694112240926,2.5125640920258796,交叉混雜,22.0
4129,2026-08-28,84.34000091552734,85.75000076293945,85.5200008392334,88.80999997456868,984048.6,29.53957731693562,45.74313218125661,-1.1142014216345757,-0.8532143031717471,-0.2609871184628286,25.80342461854201,34.24679214971502,89.54340479285499,85.5200008392334,81.49659688561182,-3.6482685719562786,交叉混雜,14.0
4131,2026-08-28,31.95,31.88999996185303,32.380000019073485,33.689166736602786,18041.0,61.26315051740998,57.66641026581092,-0.49291999377312834,-0.47328551858847134,-0.019634475184656996,32.88788062607193,36.51451892492778,34.057215403636306,32.380000019073485,30.702784634510664,-4.416304062049687,交叉混雜,30.0
4133,2026-08-28,20.719999694824217,20.73499984741211,20.917499923706053,20.94250005086263,76690.6,22.879206217267274,26.746620770219398,-0.12769670493007723,-0.10001140665820045,-0.027685298271876782,34.47102170533476,42.093436220451245,21.434856739289692,20.917499923706053,20.400143108122414,-1.51786563114314,空排,27.0
4137,2026-08-28,87.38000030517578,88.80000076293945,91.825,98.63333320617676,273634.4,7.321846704718791,8.380337971266465,-2.651706717754209,-2.2762894532876174,-0.3754172644665914,15.737822127437042,21.7856321901604,98.55650394536781,91.825,85.0934960546322,-6.452489489922239,空排,14.0
4138,2026-08-28,51.91999969482422,51.42999954223633,51.25499992370605,51.16666679382324,66204.6,87.96635615395756,78.79693870113888,0.2629166545293913,0.06801654802336883,0.19490010650602246,89.0329733421517,76.24841369887257,52.32216519814693,51.25499992370605,50.18783464926518,3.0143387292054493,多排,34.0
4139,2026-08-28,37.689999389648435,37.349999618530276,37.20749988555908,31.679166666666667,48856.0,70.81346343847395,55.14919140330276,1.0772030331141451,1.1123836037654071,-0.03518057065126201,70.33343391009112,62.381720967710216,40.702650942974365,37.20749988555908,33.712348828143796,7.505207614136795,多排,91.0
4142,2026-08-28,17.85999984741211,17.73499984741211,17.48499975204468,17.364999866485597,1137678.8,56.33829464792091,56.720492527166925,0.20164489405355113,0.1408866251384553,0.06075826891509584,60.26699145697896,59.53901455952471,18.28176984932766,17.48499975204468,16.6882296547617,2.3734622383226776,多排,52.0
4147,2026-08-28,65.05999908447265,63.919999313354495,62.52499923706055,61.71999982198079,1477973.2,55.76440261788546,54.117029735252096,1.2545509084061521,0.9138552705796117,0.34069563782654044,49.74911508450052,52.91004727792429,69.24460855949735,62.52499923706055,55.80538991462374,2.5189912135608528,多排,67.0
4148,2026-08-28,32.68000030517578,32.250000190734866,31.847499942779542,31.019999917348226,56079.0,56.99782250085675,50.38019983633896,0.5190051125506514,0.3625900013698497,0.1564151111808017,67.18245152337958,63.3880648316428,33.791580421864474,31.847499942779542,29.90341946369461,4.560795343090391,多排,37.0
4153,2026-08-28,33.44000015258789,33.22999992370605,32.91999988555908,31.54666659037272,9462.8,76.10971720614515,75.02381097645166,0.4888124990891356,0.5009112994676209,-0.01209880037848532,53.74775421357735,62.49534718937748,33.95740558911993,32.91999988555908,31.882594181998225,1.0024304847755512,多排,48.0
4154,2026-08-28,12.239999961853027,12.044999980926514,11.947500038146973,12.31916667620341,4287.8,67.5290765412413,55.263479397052635,0.04001559315460135,-0.0256059087308975,0.06562150188549884,62.73334148459469,56.989166938550206,12.806798817568922,11.947500038146973,11.088201258725025,4.624398075655649,交叉混雜,27.0
4155,2026-08-28,14.489999961853027,14.619999980926513,14.609999942779542,15.074999968210856,147197.6,26.033926949759657,31.537873904025403,-0.13942156961947916,-0.13453651045178017,-0.004885059167698991,35.40823601758808,39.67866827997937,15.009473572783854,14.609999942779542,14.21052631277523,-1.0951412329982877,交叉混雜,50.0
4157,2026-08-28,9.042000007629394,8.939000129699707,8.827000093460082,8.713666725158692,867923.2,56.07981636642578,57.99228365706816,0.11475850782772667,0.08869921073296408,0.026059297094762596,54.579812069337564,56.23455198663546,9.364248611337882,8.827000093460082,8.289751575582283,1.8466033299223379,多排,38.0
4160,2026-08-28,39.75999984741211,39.7,39.822500228881836,40.12333342234294,23180.6,23.886606019332362,25.505403104190215,-0.1020860884009025,-0.1316954545143691,0.029609366113466595,49.27846997078908,48.59887686941732,40.454519228382146,39.822500228881836,39.190481229381525,-0.1820584555593878,交叉混雜,21.0
4161,2026-08-28,22.979999923706053,22.925000190734863,22.86750011444092,22.842500082651775,16306.0,48.64979387252788,51.49933305558676,0.07036739284935578,0.0578880416352553,0.01247935121410048,47.838950233840656,51.53440770327528,23.501846349253228,22.86750011444092,22.23315387962861,0.142120931132438,多排,32.0
4162,2026-08-28,59.75999984741211,59.43999977111817,61.349999809265135,61.5333335240682,173746.4,55.21422484273099,40.24304050912157,-0.9230455831719269,-0.7975707738049354,-0.1254748093669915,46.38361309972178,43.904410305032584,65.53443197046532,61.349999809265135,57.16556764806495,-2.200488693499975,交叉混雜,44.0
4163,2026-08-28,139.3,142.4,139.475,128.425,73762.6,23.696762915813633,30.724376024183883,3.2449862598747927,4.1939577926551745,-0.9489715327803818,44.63272892904154,52.11179374319561,155.23128529558315,139.475,123.71871470441685,-0.3405628248790065,交叉混雜,80.0
4164,2026-08-28,26.329999923706055,26.260000228881836,26.30500011444092,28.001666673024495,236705.0,57.4948771340666,55.96897503408509,-0.2739112937965871,-0.35745224079255117,0.0835409469959641,44.65245426911712,44.599550309899094,27.127640199042133,26.30500011444092,25.482360029839704,-0.3991611900576385,交叉混雜,8.0
4166,2026-08-28,24.470000076293946,24.239999771118164,24.464999866485595,25.211666552225747,62765.4,81.64639026302403,67.08674679785518,-0.23356193719915197,-0.3306826548718033,0.09712071767265135,70.67323160140513,51.96754387580451,25.274223249441636,24.464999866485595,23.655776483529554,0.9605595656502902,交叉混雜,47.0
4167,2026-08-28,20.20999984741211,20.130000114440918,19.32750024795532,19.791666889190672,764568.8,57.09721400066282,65.38291336699785,0.25237081895678415,0.10716283803184817,0.14520798092493598,52.11799910804582,54.25016944627998,21.30619584016039,19.32750024795532,17.34880465575025,3.4794967968805155,交叉混雜,61.0
4168,2026-08-28,22.68000030517578,22.585000228881835,22.73250017166138,24.056666723887126,70726.0,64.54621815004438,57.52270521387975,-0.2547992329850004,-0.3370433367750612,0.08224410379006081,42.17235389055347,41.67405360752267,23.15461885119046,22.73250017166138,22.310381492132297,-0.5828650134877277,交叉混雜,34.0
4169,2026-08-28,155.9,155.25,155.825,191.625,79764.0,30.799289249491665,33.55866674564822,-11.600280090956062,-13.946578216884074,2.346298125928012,38.504809135656934,36.465047196056275,165.65660853144985,155.825,145.99339146855013,-1.1711856248997201,交叉混雜,66.0
4171,2026-08-28,17.270000076293947,17.14499988555908,17.105000019073486,17.379166666666666,61043.6,65.57616067429396,64.65059453447067,-0.07774651120324094,-0.11250820889037652,0.03476169768713558,47.14135505808971,47.838714568257885,17.52540078161987,17.105000019073486,16.684599256527104,0.26307862850984415,交叉混雜,29.0
4173,2026-08-28,17.45,17.40999984741211,17.497500038146974,17.850833320617674,36299.2,64.85476202252765,59.309439389796836,-0.10442784035698693,-0.1259831788760779,0.021555338519090972,43.368881435969215,42.57236059267099,17.82432706076277,17.497500038146974,17.17067301553118,-0.5572248572889625,交叉混雜,20.0
4174,2026-08-28,26.329999923706055,26.275,26.3,27.629166666666666,209384.8,40.99449044289623,43.23673423886744,-0.2850192925818753,-0.3990327101109386,0.1140134175290633,45.10311110648158,45.8626044274589,27.05811369087776,26.3,25.54188630912224,-0.5703436557784307,交叉混雜,3.0
4175,2026-08-28,51.12000045776367,50.91000061035156,50.515000343322754,51.40666669209798,8761.2,71.140100774883,64.49794058171702,0.13835183090636605,-0.04500054961957041,0.18335238052593644,68.77893975965455,62.24908790187872,51.64874140515483,50.515000343322754,49.38125928149068,2.1478731533687077,交叉混雜,32.0
4178,2026-08-28,17.329999923706055,17.335000038146973,17.674999904632568,18.044166596730552,77848.8,34.92603053138385,33.10968407416469,-0.2617184344384462,-0.2528874366288263,-0.008830997809619934,37.769651841846745,41.94956867388158,18.57207100382345,17.674999904632568,16.777928805441686,-2.9702986644129665,空排,9.0
4188,2026-08-28,14.439999961853028,12.375,11.164000034332275,10.63999999364217,845949.2,90.43901582179069,88.78034094046393,1.224140627222864,0.5208767838199253,0.7032638434029388,96.92645908770801,91.76286731495352,15.395821116017142,11.164000034332275,6.932178952647409,44.66140781856611,多排,80.0
4190,2026-08-28,25.650000381469727,25.32000026702881,25.23750009536743,25.32083336512248,10654.0,88.6232148433153,76.93682575927795,0.06216037870414226,-0.05857490991481426,0.12073528861895652,78.28783037397119,61.478290794726504,26.06395468283029,25.23750009536743,24.41104550790457,2.8231824264670684,交叉混雜,36.0
4195,2026-08-28,14.399999809265136,14.354999923706055,14.712499952316284,15.76833332379659,49316.8,42.014016148680675,32.88947037414266,-0.4428980347199136,-0.5034051468742091,0.060507112154295495,45.917829670804416,39.16383503102183,15.52092605847066,14.712499952316284,13.904073846161907,-1.7841980893928227,交叉混雜,4.0
4198,2026-08-28,41.460000610351564,41.79500045776367,41.562500190734866,40.51083354949951,11830.8,55.67505435885738,49.6184784749823,0.19905906673861296,0.19647888853770518,0.002580178200907779,68.27737761193296,60.83540463899931,43.47062040055236,41.562500190734866,39.65437998091737,5.86466116831081,交叉混雜,72.0
4205,2026-08-28,69.58000183105469,69.37000122070313,69.49000053405761,71.38833325703939,8541.0,52.294802393106714,48.04221189255376,-0.3877353814922202,-0.5108774170154085,0.12314203552318825,39.434331624186335,40.30232874832431,70.33080118996612,69.49000053405761,68.6491998781491,-0.27341701084990283,交叉混雜,26.0
4207,2026-08-28,20.7,20.755000114440918,20.50500030517578,19.952500184377033,61115.6,53.991684257135915,61.4321987174496,0.2186007697799397,0.25323226977135255,-0.03463149999141285,44.075384792559234,52.45531756304417,21.43287285028899,20.50500030517578,19.57712776006257,0.2194534563035725,交叉混雜,66.0
4303,2026-08-28,45.3,47.255000305175784,46.20500011444092,45.52499974568685,4028799.6,34.7252740284871,57.142154247604665,-0.1442770038735759,0.7432708241160072,-0.8875478279895831,29.31744163599896,36.051504865457524,54.25823820037396,46.20500011444092,38.15176202850788,-15.593550690608199,交叉混雜,4.0
4304,2026-08-28,25.469999694824217,23.47999973297119,19.774999809265136,20.34500001271566,128823.2,71.83773857717571,78.17522150784202,1.9140581202377653,1.0535060589354734,0.8605520613022919,63.3936323727848,66.34130671311792,28.472882134006117,19.774999809265136,11.077117484524155,24.399497439913723,交叉混雜,79.0
4306,2026-08-28,15.120000076293945,15.270000076293945,14.859999990463256,15.192500003178914,624142.6,26.83917105724309,44.89988594381181,0.11054947681901872,0.08428835403190461,0.026261122787114108,45.85730085801542,52.277735569659356,15.902062842024813,14.859999990463256,13.8179371389017,1.2786016177223671,交叉混雜,65.0
4401,2026-08-28,13.989999961853027,14.025,13.990000009536743,14.26083327929179,38499.4,32.9306982077961,41.65921288712945,-0.09024243097662143,-0.09739474594897468,0.007152314972353246,38.22490875648041,42.5893062469094,14.26067191269964,13.990000009536743,13.719328106373846,-0.6433194492145675,交叉混雜,33.0
4402,2026-08-28,14.79000015258789,15.09000015258789,15.742500114440919,16.14083342552185,10379.8,19.216433977136553,23.69403949098692,-0.395882343411305,-0.26165797843369276,-0.13422436497761225,26.28495680677139,34.60516193092154,17.47281033707902,15.742500114440919,14.012189891802816,-7.8926479619406065,空排,42.0
4406,2026-08-28,10.09000015258789,10.060000133514404,10.036500072479248,9.947333351771038,26400.0,62.097712801158906,67.56795500797455,0.0339012589708485,0.03557641751358112,-0.0016751585427326188,46.35326517685909,50.71025096594464,10.27704985670082,10.036500072479248,9.795950288257675,0.1345102192808608,多排,55.0
4413,2026-08-28,19.7,19.61000003814697,17.707499980926514,16.070833349227904,85021.8,47.586019975337585,58.62187806898693,1.2837058488563606,1.135606528093935,0.1480993207624257,79.47403179106195,81.55437738552301,22.399517488203173,17.707499980926514,13.015482473649854,11.81702249548469,多排,69.0
4414,2026-08-28,8.410000038146972,8.430000019073486,8.424500036239625,8.513666677474976,137971.0,34.61539734927632,34.358919313095754,-0.02908538816023487,-0.028868046543375506,-0.00021734161685936504,42.77039646560326,45.99491978219179,8.6741712622991,8.424500036239625,8.17482881018015,-0.40951620592870425,交叉混雜,27.0
4416,2026-08-28,14.770000076293945,13.585000038146973,12.027500104904174,11.191333373387655,2353065.8,70.65590630222036,77.7351280735861,1.0605707092934065,0.719335483227398,0.3412352260660084,61.78680392293353,68.11763878903164,15.789424942186624,12.027500104904174,8.265575267621724,16.815631412931946,多排,4.0
4417,2026-08-28,46.90999984741211,47.039999389648436,46.12249965667725,45.88666655222575,24824.6,21.46053947626354,34.526700839431314,0.5662070137690307,0.5317353594222896,0.034471654346741154,54.3226553986052,58.79101201546727,49.439992510935895,46.12249965667725,42.8050068024186,1.577318711819912,交叉混雜,41.0
4420,2026-08-28,36.79999923706055,36.68499946594238,36.182499694824216,36.388333257039385,10269.4,81.65028452513124,81.04046775927918,0.25981685720050507,0.16066520247900948,0.09915165472149559,60.96601888732284,58.91834944586452,37.61640273290695,36.182499694824216,34.74859665674148,1.70662488065926,交叉混雜,13.0
4426,2026-08-28,7.745999908447265,7.771999931335449,7.852999949455262,8.044833342234293,96662.8,35.21077370209311,27.103312162078772,-0.0962708110221957,-0.09056681463251418,-0.005703996389681526,28.835189418480624,34.88974775859434,8.032249881432993,7.852999949455262,7.673750017477531,-1.6936223114688418,空排,22.0
4430,2026-08-28,17.85,18.1,17.872500038146974,17.446666749318442,42203.6,31.060301671488357,36.363166664049835,0.18808790718038537,0.22081631954800157,-0.0327284123676162,50.05658989352339,52.801267818245655,18.763079708893866,17.872500038146974,16.981920367400082,0.4336311351353302,交叉混雜,52.0
4432,2026-08-28,15.689999771118163,15.78499994277954,15.967499923706054,16.053333266576132,20207.0,19.696274013424826,20.15129712377792,-0.09409896731544976,-0.056496945476001925,-0.03760202183944783,39.9289087828475,43.76738193996472,16.57036569877608,15.967499923706054,15.36463414863603,-1.6752786329672988,空排,37.0
4433,2026-08-28,19.010000228881836,19.090000343322753,19.387500190734862,20.05666669209798,29169.4,28.718061101686118,26.59734893240503,-0.2601548857508931,-0.24443441923625417,-0.015720466514638903,35.98806269396091,36.72424409166312,20.08778155272503,19.387500190734862,18.687218828744694,-1.998711473488703,空排,28.0
4438,2026-08-28,60.28000030517578,60.28000030517578,60.49500007629395,60.80166664123535,65559.4,47.61026693408147,47.47487442582445,-0.1541257112268255,-0.10938924254859755,-0.04473646867822795,35.87688942920842,42.42259520172742,61.44750350180887,60.49500007629395,59.54249665077903,-0.9835499622525048,交叉混雜,25.0
4439,2026-08-28,97.03999938964844,100.23999938964843,101.14499969482422,97.26999994913737,16054.0,14.913981741440583,19.385195768287637,-0.5808817046280268,0.2846091983631336,-0.8654909029911604,46.918841749818284,46.48589966737447,107.89979576541606,101.14499969482422,94.39020362423238,-2.5161908432269837,交叉混雜,61.0
4440,2026-08-28,17.60999984741211,17.604999923706053,17.56500005722046,17.471666622161866,31997.4,59.79633377219053,51.55249897679623,0.03354046111734377,0.020793121323467712,0.012747339793876055,62.59113458314745,55.187512411666525,17.974235074697248,17.56500005722046,17.15576503974367,0.7685778837415904,多排,52.0
4441,2026-08-28,176.8,183.45,188.3,187.85833333333332,55929.8,11.35259568247667,15.400666812984117,-2.262125560015903,-0.17423174653616041,-2.087893813479743,29.749662675156415,38.213965989942274,208.72547429069746,188.3,167.87452570930256,-6.532129580456723,交叉混雜,6.0
4442,2026-08-28,51.42000045776367,51.42000045776367,52.95500011444092,53.18083324432373,40555.0,48.42012941023519,35.59091532628757,-0.9543381763215422,-0.7245876169496788,-0.2297505593718634,40.87157477242688,43.58093282811708,59.755147947234036,52.95500011444092,46.154852281647806,-2.9364528093692965,交叉混雜,42.0
4502,2026-08-28,15.679999732971192,15.69499979019165,15.699999809265137,15.736666599909464,21601.6,78.50355120884399,79.27835764834083,-0.011419628518309466,-0.009990928213740913,-0.0014287003045685524,33.7050673070093,40.61093449249295,15.745883131082056,15.699999809265137,15.654116487448217,-0.31847255632039156,空排,44.0
4503,2026-08-28,25.010000228881836,24.69500026702881,27.122500133514404,34.67083330154419,268608.2,42.92709438885795,30.14992713129701,-2.685442808451846,-3.044148698859737,0.358705890407891,47.93794447388871,39.124839545523066,34.065082079342176,27.122500133514404,20.179918187686628,-6.16646460444956,交叉混雜,2.0
4506,2026-08-28,122.5,122.65,122.625,121.175,45612.8,43.510175550471715,52.95927440291779,0.21516339837410214,0.3487748792659142,-0.13361148089181207,36.509681634486924,44.764923240523345,123.91769200954944,122.625,121.33230799045056,-0.9174311926605505,交叉混雜,59.0
4510,2026-08-28,44.73000030517578,44.99000015258789,42.92749996185303,42.344166628519694,1613166.8,57.56270417028016,54.640201705384044,1.323987653605542,1.0667619909462218,0.2572256626593201,64.32910709178688,61.74219032292011,49.61121788562804,42.92749996185303,36.243782038078024,6.575039405171855,交叉混雜,45.0
4513,2026-08-28,16.539999771118165,16.614999961853027,17.02249994277954,17.495833285649617,274360.2,24.83184227368553,22.919598677035346,-0.4384352728544201,-0.400431825131327,-0.03800344772309305,35.78322844647242,40.282251834553044,18.04461095173777,17.02249994277954,16.00038893382131,-3.6569265756603104,空排,49.0
4523,2026-08-28,23.999999618530275,24.179999923706056,24.777499961853028,26.28500000635783,46249.8,23.678659139394718,21.42240569769799,-0.44761040677560615,-0.43748016539228757,-0.010130241383318583,36.09499363999881,37.98750287835307,26.190773572591365,24.777499961853028,23.36422635111469,-2.9361345007063973,空排,8.0
4526,2026-08-28,30.079999923706055,30.104999923706053,30.232500076293945,34.509166653951006,829510.0,41.29348659333168,34.06179731749999,-0.6904461222985638,-0.9604653384182835,0.2700192161197197,52.96802124764216,46.89451473026129,31.775318862207737,30.232500076293945,28.689681290380154,0.2232668836393366,空排,15.0
4527,2026-08-28,41.039999389648436,40.989999771118164,40.59499950408936,40.09583307902018,16864.0,43.37614178145713,41.75890960868891,0.3407986148024662,0.3215679086335683,0.019230706168897882,55.386862839596986,59.10382944530964,42.014006375305556,40.59499950408936,39.17599263287316,0.9976610441141741,多排,54.0
4529,2026-08-28,3.3420000076293945,3.3510000228881838,3.728000009059906,4.284500006834666,37986.4,48.30813170555231,25.76973801760063,-0.25665184433278254,-0.2649439621592471,0.008292117826464551,67.88041096107501,51.83990034355425,4.597642371986208,3.728000009059906,2.858357646133604,1.1266086846710857,空排,34.0
4530,2026-08-28,28.54000053405762,27.51500015258789,26.392500114440917,25.895833365122478,47695.8,80.12122725772741,79.79332605707926,0.8981836405094086,0.46980472312924737,0.4283789173801612,74.65953560344522,69.93721450896854,29.745782219270076,26.392500114440917,23.03921800961176,13.289758411974745,多排,68.0
4532,2026-08-28,24.070000076293944,23.954999923706055,23.980000019073486,24.78916664123535,435885.0,63.758093141699135,61.519648937175916,-0.15938446804304363,-0.24057722986635122,0.08119276182330759,46.33510538622454,45.95937083984801,24.530024083630103,23.980000019073486,23.42997595451687,-0.1251011514185657,交叉混雜,49.0
4533,2026-08-28,26.020000076293947,26.125,25.975,27.543333307902017,539772.6,33.47396253588407,28.255112384606335,-0.15548847946602606,-0.2539151113545308,0.09842663188850476,59.96340254606205,52.76266973465947,28.32345983905706,25.975,23.62654016094294,2.0211742059672706,交叉混雜,43.0
4534,2026-08-28,29.770000457763672,30.070000076293944,31.97750015258789,33.347500006357826,548256.4,32.55849388893723,22.572773200113904,-1.1702112549254764,-0.9748847143255892,-0.1953265405998872,47.11522132088968,43.67060280885842,36.27002429346556,31.97750015258789,27.68497601171022,-4.933157771965336,空排,84.0
4535,2026-08-28,28.729999923706053,28.754999923706055,28.704999923706055,27.955833212534586,3804.0,56.26225813250274,49.23775802012281,0.19857957939711923,0.2387979818993022,-0.040218402502182976,53.82232267129796,54.82397274049642,29.426766508005556,28.704999923706055,27.983233339406553,0.3309504044834953,交叉混雜,57.0
4536,2026-08-28,169.2,169.25,168.875,167.25833333333333,126729.0,37.79816338731794,51.19282255183262,0.5465807761766825,0.7779859813540921,-0.2314052051774096,35.93616563211859,45.82905575685032,173.17769193584363,168.875,164.57230806415637,-0.8142116950407106,交叉混雜,52.0
4538,2026-08-28,17.639999771118163,17.514999771118163,17.489999771118164,18.079999987284342,14600.0,70.62299514726313,65.53464869253946,-0.054072227677394835,-0.13077409240663404,0.0767018647292392,65.17879405785263,55.78821093767681,17.829658955632176,17.489999771118164,17.150340586604152,1.4865650788125409,交叉混雜,52.0
4540,2026-08-28,58.380000305175784,59.08000030517578,57.89499988555908,57.39499994913737,2370727.6,43.96365707557831,36.728725042103896,1.107542229764448,0.9133329389424423,0.19420929082200566,59.8760902266247,57.368363510605214,64.99414041205003,57.89499988555908,50.79585935906813,3.981347062676678,交叉混雜,75.0
4541,2026-08-28,66.81999969482422,68.12999954223633,67.43500022888183,61.23666687011719,3007249.8,21.278043697335868,30.21601752147038,0.9099820835591572,1.5530097511245597,-0.6430276675654025,35.10783665103227,46.280604771224766,74.14438848582574,67.43500022888183,60.725611971937916,-2.869430150981284,交叉混雜,87.0
4542,2026-08-28,269.1,262.35,272.95,329.325,602084.8,65.26520362781936,45.82311467888391,-11.611077929105193,-16.120404556649,4.509326627543807,67.61026726352627,53.056013148114,308.39588165522247,272.95,237.50411834477748,4.781095438725045,交叉混雜,98.0
4543,2026-08-28,30.558094787597657,31.324047660827638,31.512023830413817,33.786507829030356,104556.2,29.741416199716387,39.183945878910045,-0.593275139912592,-0.5332427604819737,-0.06003237943061823,23.634763778738673,34.29143434530245,32.97923918432391,31.512023830413817,30.044808476503725,-4.639576947584679,空排,47.0
4545,2026-08-28,32.10999946594238,32.075,32.479999732971194,34.83249956766765,49689.4,55.48225858156356,49.82356165819258,-0.5521029920910507,-0.6439978207503766,0.09189482865932586,40.22415200751008,41.904533780472946,33.54593115982345,32.479999732971194,31.41406830611894,-1.7857146527379721,交叉混雜,23.0
4549,2026-08-28,101.4,101.35,96.86000022888183,99.40333353678385,72772.2,62.78871978069048,67.96072988471708,1.7266476733007892,0.928649836485737,0.7979978368150522,68.74188294312789,63.1273580651574,106.96188029485026,96.86000022888183,86.7581201629134,6.339045794558379,交叉混雜,16.0
4550,2026-08-28,24.249999618530275,24.379999923706055,24.452499866485596,24.74416659673055,19993.0,26.32479280925301,36.013303947878605,-0.13257549616422537,-0.10953365623514198,-0.023041839929083388,27.080888962050366,38.473520911162126,24.95562182210276,24.452499866485596,23.94937791086843,-1.646051044362597,空排,42.0
4551,2026-08-28,160.2,161.55,164.05,187.9,1034107.0,47.4644567930886,36.235531720036505,-5.99476473053133,-7.344401288650271,1.3496365581189416,48.99436300138034,46.073871970944154,176.42527245845568,164.05,151.67472754154434,-1.2496190185918996,空排,74.0
4552,2026-08-28,17.2,17.410000038146972,17.54000015258789,19.11583334604899,153245.4,40.60962672330451,43.965697913731134,-0.40610121129542165,-0.4302412324434589,0.02414002114803726,28.46750753639951,31.172935360882008,18.029468608974796,17.54000015258789,17.050531696200984,-2.5085505546774174,空排,8.0
4554,2026-08-28,28.735651397705077,30.362825775146483,30.738912773132324,30.832137648264567,131976.4,27.482407330119415,29.03673317094192,-0.4440973488842843,-0.15514781335306932,-0.288949535531215,46.913103782298265,44.85493374440125,33.48715081680664,30.738912773132324,27.990674729458007,-3.0544786765927654,空排,56.0
4555,2026-08-28,46.55,47.04000015258789,46.78499984741211,46.975833384195965,129260.0,38.89214227486819,29.632839752647072,0.2285016424333577,0.22949696305750883,-0.0009953206241511414,54.40969559756742,52.701636182882865,51.95699895336831,46.78499984741211,41.613000741455906,1.3145274777655374,交叉混雜,61.0
4556,2026-08-28,73.1,75.33999938964844,81.06499977111817,85.78583323160807,249972.4,15.135941619794618,15.644488421302132,-5.724912458242613,-4.461508328517221,-1.2634041297253926,27.415676403796354,35.44023316431097,96.47316925908692,81.06499977111817,65.65683028314942,-12.909395332812354,空排,96.0
4557,2026-08-28,52.04000015258789,51.72999992370605,50.73249988555908,49.67333329518636,56405.4,55.990832423917496,57.0702385210802,0.5490845054429272,0.4987188051477023,0.05036570029522491,42.04613220890679,49.52316094954341,53.63264049659974,50.73249988555908,47.83235927451842,0.5272756419343416,多排,30.0
4558,2026-08-28,17.65999984741211,17.375,17.32000002861023,17.770833365122478,132700.4,49.907142079485766,40.75450624506712,0.07339023880131279,-0.03824853069661434,0.11163876949792713,70.35184134575157,62.625563735956625,18.983034389699387,17.32000002861023,15.656965667521074,7.678981453366444,交叉混雜,33.0
4560,2026-08-28,31.740000534057618,32.235000419616696,32.0875002861023,32.554166634877525,563691.0,26.21508143438478,44.189637366191555,-0.24568009191217044,-0.06845570387521452,-0.17722438803695592,22.379962227962338,32.09883558342209,33.73702198333149,32.0875002861023,30.437978588873104,-5.414880838770464,交叉混雜,36.0
4561,2026-08-28,44.630000305175784,46.175,43.7625,41.1158332824707,223090.0,26.775281817460694,36.26658800944128,1.5433496717865864,1.7194283207123242,-0.17607864892573777,44.077152457383164,52.776802723278706,52.09978912190521,43.7625,35.425210878094795,0.9997161106871185,交叉混雜,45.0
4562,2026-08-28,31.50999984741211,31.70499954223633,31.787499618530273,33.20499989191691,115277.6,33.74038920756493,27.056912064700004,-0.2054072454688587,-0.27954805265439164,0.07414080718553295,48.893272299400444,48.48412582767898,33.69147667290436,31.787499618530273,29.88352256415619,-0.43255997373207905,空排,5.0
4563,2026-08-28,40.470000457763675,39.929999923706056,39.81999969482422,41.03333314259847,69661.6,58.58973946361621,52.73164616455582,0.01674302978108244,-0.2571283821949637,0.27387141197604614,63.40837681404536,55.73185822277686,41.015342284807176,39.81999969482422,38.62465710484126,2.209947450676692,交叉混雜,10.0
4564,2026-08-28,17.020000076293947,17.025000190734865,16.832500076293947,17.1274999777476,644760.2,32.88774897014136,33.15095767768726,-0.09413108489101418,-0.13878878768544442,0.04465770279443024,45.44591252997385,47.38266742000685,17.86577550655754,16.832500076293947,15.799224646030355,0.4010072296473041,交叉混雜,61.0
4566,2026-08-28,65.95999908447266,68.31999969482422,70.10500030517578,66.77500006357829,1472436.4,14.69503208495482,17.145897328561748,-0.55941522482388,0.3694563710205443,-0.9288715958444242,33.114083958666356,42.085267142584925,77.75180331147268,70.10500030517578,62.45819729887888,-6.283436755949025,交叉混雜,63.0
4569,2026-08-28,165.6,162.9,163.575,166.075,91632.0,53.59498824734425,46.87643908823925,0.5242713129480023,-0.3329673030312044,0.8572386159792067,56.541181751667295,54.18813707372642,170.59583365870122,163.575,156.55416634129875,1.176830200213976,交叉混雜,54.0
4571,2026-08-28,158.5,161.0,163.325,165.9,103512.0,29.71673651325242,24.52681263083036,-0.84144409044643,-0.46582711712669556,-0.3756169733197344,48.49251719717084,48.381593278341,176.51301289848251,163.325,150.13698710151746,-1.7296800857186525,空排,18.0
4572,2026-08-28,139.8,140.15,140.3,143.78333333333333,11420.2,60.081240705367414,56.242976883505165,-0.9791486011746997,-1.1466285552072009,0.16747995403250115,47.33365191115907,44.92773542225713,141.86944509134617,140.3,138.73055490865386,-0.21382751247327964,空排,38.0
4576,2026-08-28,205.9,208.4,212.675,208.91666666666666,1500906.0,43.95891793776007,31.84487233490007,0.5016396817440523,0.6235549374976449,-0.12191525575359263,62.795554656566736,55.42417883485058,233.14648208966307,212.675,192.20351791033696,1.5634183613494717,交叉混雜,88.0
4577,2026-08-28,79.53999938964844,78.40999984741211,77.27000007629394,81.99499988555908,494244.8,69.17920437760714,52.21154672642865,0.604323741445512,-0.802121073869999,1.4064448153155111,82.89177842833175,68.33185822344565,84.65821141290996,77.27000007629394,69.88178873967792,14.145201062710388,交叉混雜,87.0
4580,2026-08-28,78.80000152587891,78.75,79.41999969482421,80.82833302815756,38530.4,41.782639333649485,39.50881813819001,-0.6021726487220036,-0.6142430941009663,0.012070445378962735,34.30555282075859,38.45839806638312,81.60376695766783,79.41999969482421,77.2362324319806,-1.2843089560119703,交叉混雜,42.0
4581,2026-08-28,48.12000045776367,48.13999977111816,49.187499809265134,49.94916667938232,8434.4,51.74676201012058,47.07620978802231,-0.6530320187256109,-0.590033841688952,-0.06299817703665889,38.35961092796339,39.135116695385,52.225656331577724,49.187499809265134,46.14934328695254,-2.6175314630318125,空排,38.0
4582,2026-08-28,23.410000228881835,23.645000076293947,25.45250015258789,26.235833326975506,80270.6,18.653058887912596,15.726374438291327,-1.0742794713500388,-0.8781867971375732,-0.19609267421246557,27.60531918565286,30.659485344838615,29.70560748311063,25.45250015258789,21.199392822065153,-8.064042910334408,空排,58.0
4583,2026-08-28,465.5,473.5,487.0,558.9583333333334,52645.0,29.68374576530884,26.331132282626797,-22.932274419312193,-24.611604071910882,1.679329652598689,38.99812895839262,37.53496718393563,521.0742223913609,487.0,452.9257776086391,-4.1067761806981515,空排,3.0
4585,2026-08-28,299.3,300.0,301.85,306.7,157732.2,35.396233211210074,30.51906100665267,-1.2684313351680885,-1.486619937221856,0.21818860205376756,49.76721460499445,49.02988881947056,316.7429513529349,301.85,286.95704864706516,-0.4472420076196862,空排,17.0
4588,2026-08-28,52.45999984741211,52.029999542236325,51.84999942779541,54.81333300272624,31913.4,71.66214193993228,59.05108203702307,-0.18806817271638465,-0.5344176832478593,0.34634951053147467,74.52473094874188,58.871123922907884,53.38759896646383,51.84999942779541,50.31239988912699,2.796528110447442,交叉混雜,23.0
4590,2026-08-28,87.5,87.39000015258789,86.35999984741211,84.15833358764648,379931.0,38.76578407754857,31.769388767025816,1.000142449880741,0.8525495447966703,0.14759290508407064,61.00360995228534,56.98177150825791,94.28714200274347,86.35999984741211,78.43285769208076,3.5201501665564114,多排,73.0
4609,2026-08-28,4.519999980926514,4.617000007629395,4.784500050544739,5.065833409627278,40401.4,39.220972147053516,31.065255749788122,-0.14258301697843212,-0.12900068705786652,-0.0135823299205656,46.67402444318271,44.231734164602656,5.298123898543254,4.784500050544739,4.270876202546223,-4.065208400085673,空排,8.0
4707,2026-08-28,33.90097579956055,33.14548816680908,32.025244045257566,30.175081316630045,5984133.6,43.03578974609251,56.0136533340652,0.6932668539769793,0.6439439445126834,0.04932290946429585,47.0148806459502,50.676097268142726,36.575197176178534,32.025244045257566,27.475290914336597,1.6385673472508304,多排,97.0
4711,2026-08-28,16.770000076293947,16.795000267028808,16.525000190734865,16.773333438237508,24536.8,47.60057003372734,44.59097418358313,0.10002304142597396,0.053285429206143924,0.046737612219830034,69.43560815570503,60.0529556900175,17.258054517453253,16.525000190734865,15.791945864016474,2.269285467274373,交叉混雜,67.0
4714,2026-08-28,11.189999961853028,10.88499994277954,10.672499942779542,11.519248421986898,2733969.2,58.38788012637662,57.06317236597687,0.05102846078988499,-0.1289435644983449,0.1799720252882299,65.12598354304075,60.822649652296754,11.46288636076936,10.672499942779542,9.882113524789723,6.816581678624606,交叉混雜,6.0
4716,2026-08-28,17.54000015258789,17.30500011444092,17.330000019073488,18.993333339691162,1431176.6,59.27784791474038,40.5152332814244,-0.21578286983405803,-0.44439087121083604,0.228608001376778,81.09646105584994,63.909424320184556,18.632386247138932,17.330000019073488,16.027613791008044,10.502017296328244,交叉混雜,81.0
4720,2026-08-28,18.47000045776367,18.230000305175782,18.86500005722046,21.48083340326945,1162611.0,44.09687542243391,32.04631740290928,-0.6140135483373506,-0.8084445955814105,0.1944310472440599,57.48943023175088,48.75588944205182,20.49372203622912,18.86500005722046,17.2362780782118,0.4505735778487843,交叉混雜,64.0
4721,2026-08-28,74.2000015258789,74.10000076293946,73.36500053405761,81.20666669209798,399677.8,47.31613633689251,42.446428645635464,-0.5901616790661421,-1.2277346448782973,0.6375729658121552,61.60880121113649,52.297575189095916,76.52346680065342,73.36500053405761,70.2065342674618,1.955976974380364,交叉混雜,43.0
4722,2026-08-28,209.0,208.3,210.25,233.78333333333333,552790.0,57.344104823663876,44.645846491725436,-3.580372913021904,-5.771307988906871,2.1909350758849673,60.72966708030566,51.453329720645,230.16429002923437,210.25,190.33570997076563,1.5457788347205708,交叉混雜,80.0
4726,2026-08-28,24.370000076293945,24.40999984741211,24.48499994277954,24.97250010172526,85689.8,35.64213001862108,41.174604850059374,-0.16123895479827866,-0.17479845048418616,0.013559495685907502,38.60254366924303,43.314722343687556,24.997064467394505,24.48499994277954,23.972935418164578,-1.1639745987589145,空排,10.0
4729,2026-08-28,18.89000015258789,18.989999961853027,19.352499961853027,20.576666641235352,108939.2,31.710360648589038,30.269914417565936,-0.3216441142892421,-0.333318415015876,0.01167430072663389,33.51426293216285,40.36517307486073,20.336837772231323,19.352499961853027,18.36816215147473,-3.3716532758029083,空排,13.0
4735,2026-08-28,38.31999969482422,38.39500007629395,36.06750020980835,32.6633334795634,97967.8,56.20218316117327,59.85933861549267,1.9088857441091207,1.8519088007890112,0.0569769433201095,64.24392498210159,66.35556753150027,42.921486594651405,36.06750020980835,29.213513824965297,7.853334163980327,交叉混雜,77.0
4736,2026-08-28,130.54017791748046,136.72008895874023,134.4350444793701,129.0700148264567,514901.0,21.367882841314994,40.38873453584687,0.2364393686153221,2.2121187660361934,-1.9756793974208713,21.51042213866117,34.3094223704704,148.305048837487,134.4350444793701,120.56504012125322,-7.390219207979435,交叉混雜,49.0
4737,2026-08-28,57.279999542236325,57.22999992370605,56.4,56.58666674296061,47460.2,73.22322421538317,67.69179408389896,0.2642739562680845,0.10216566953824713,0.16210828672983735,67.22261670099896,58.02329276469229,58.75125917402612,56.4,54.04874082597388,2.482268150816575,交叉混雜,48.0
4739,2026-08-28,86.6,86.08000030517579,85.91499977111816,97.6083334604899,1567402.2,51.76199872647183,42.14189632568871,-0.7323276405881813,-1.6809776639346543,0.948650023346473,64.29262260720998,54.524443862592065,91.48116585175339,85.91499977111816,80.34883369048293,3.1251803644950273,交叉混雜,70.0
4741,2026-08-28,41.92000122070313,42.07500076293945,42.88250026702881,52.22500019073486,83961.6,46.91969472938451,35.74263153148615,-1.6572236776527731,-2.0605175193376315,0.4032938416848584,51.36494289713625,44.62027718011578,45.476677562610405,42.88250026702881,40.288322971447215,-1.1251646665781845,空排,86.0
4743,2026-08-28,47.29000015258789,47.64000015258789,47.0125,48.64500007629395,1467077.2,24.362080471552414,37.8988438697725,-0.05616221958926815,-0.21336666973667115,0.157204450147403,45.32915636696414,48.25790355504132,49.25582338087315,47.0125,44.76917661912685,-0.13294174328221156,交叉混雜,14.0
4744,2026-08-28,27.720000076293946,28.05500011444092,28.38999996185303,28.98416665395101,56686.8,16.375347993076634,22.824057184227165,-0.4407372386694348,-0.36581928938174124,-0.07491794928769357,32.875320876929166,41.08446645359484,29.97100536756129,28.38999996185303,26.808994556144768,-3.134906527118354,空排,21.0
4745,2026-08-28,11.889999771118164,11.889999771118164,11.954999876022338,13.34416667620341,21857.8,62.35706333527047,54.687939501998386,-0.29871769087255196,-0.3891511688261667,0.09043347795361473,47.866148766159775,42.6576837094305,12.288876694002651,11.954999876022338,11.621123058042025,-0.4600607115218505,交叉混雜,4.0
4746,2026-08-28,49.49999923706055,51.179999923706056,52.19500045776367,52.39916674296061,619361.4,15.115436307159118,22.18315650183602,-0.7269287471550143,-0.31805089949286014,-0.4088778476621542,32.04360548382806,37.93105725243461,55.880235349283126,52.19500045776367,48.50976556624421,-5.450717422533137,空排,18.0
4749,2026-08-28,768.0,767.6,781.4,841.0666666666667,506632.4,61.16159862486965,44.19377697184457,-12.263387821502192,-17.14872525862919,4.885337437126999,63.705494047584246,52.4492068525736,823.7936440121975,781.4,739.0063559878024,1.1005886869721042,交叉混雜,33.0
4754,2026-08-28,38.43000106811523,38.31000022888183,37.73500022888184,37.437500127156575,27689.0,46.1420342713557,50.179192978353704,0.4154168733778505,0.33339315088828714,0.08202372248956336,75.99740090561747,70.10415368396092,39.41212187491094,37.73500022888184,36.05787858285274,2.6898098978711444,多排,56.0
4755,2026-08-28,117.7,116.4,116.6,126.79166666666667,281765.4,60.81589124867341,53.0454805611248,-1.2627357570492705,-2.3466902520706756,1.083954495021405,69.1583057729408,54.96916000291453,121.04380112303059,116.6,112.1561988769694,2.9159519725557512,交叉混雜,32.0
4760,2026-08-28,257.1,254.25,251.725,293.39166666666665,322551.0,52.805440205486,43.40476523899812,-2.3754191549735992,-5.8257342861464165,3.4503151311728173,62.636579680416034,53.511926517369005,276.47102573088836,251.725,226.97897426911163,4.081835336180358,交叉混雜,76.0
4763,2026-08-28,45.95999984741211,48.08500022888184,49.222500038146975,47.694999885559085,9240699.4,19.829792221595753,21.4010547481361,-0.6097764311361971,0.08217305695666197,-0.691949488092859,29.699105104931135,37.31295792046471,53.615972582674615,49.222500038146975,44.829027493619336,-7.257856690536678,交叉混雜,33.0
4764,2026-08-28,225.8,219.1300796508789,233.61503982543945,275.4494051615397,1555439.0,65.45814390228372,44.247396145457415,-13.100242071977732,-17.05580426296158,3.955562190983848,67.15381714217051,53.7725220501276,273.6880627033899,233.61503982543945,193.542016947489,6.799630788510029,交叉混雜,98.0
4766,2026-08-28,346.3,342.55,336.675,343.225,158436.8,63.703797066673204,68.13683248730315,3.270852158892694,1.6709703742039235,1.5998817846887707,57.15113979971211,56.75380966651938,358.94198051044873,336.675,314.4080194895513,2.4727110715081277,交叉混雜,53.0
4767,2026-08-28,28.410000228881835,27.919999885559083,27.257499980926514,27.175833415985107,17271.0,78.32526356125129,64.25834794148504,0.4918423207436078,0.22194712204604913,0.2698951986975586,88.90313459743372,78.85878478317915,29.18138740518446,27.257499980926514,25.33361255666857,9.144272295029321,多排,69.0
4768,2026-08-28,316.7689636230469,314.4344818115234,309.1172409057617,336.2724136352539,369486.8,50.39108764270869,53.06067483840832,-0.8661759690641588,-4.2907667630501685,3.4245907939860096,48.35332616597589,49.49430771015371,338.8317903357008,309.1172409057617,279.4026914758226,1.2560797588841024,交叉混雜,74.0
4770,2026-08-28,209.9,211.6,214.55,216.55833333333334,414819.0,42.35112585244788,30.169412677993428,-2.0438491378843366,-1.8636066268965583,-0.18024251098777833,58.73006458734346,50.90690557174663,224.54420884941777,214.55,204.55579115058225,0.20974131903984555,空排,23.0
4771,2026-08-28,205.9,202.65,200.325,197.05,285933.8,67.04397214438973,64.55111534317155,2.9099105393986235,1.878445152339722,1.0314653870589015,57.65367307666784,57.708819113270884,212.9252297389243,200.325,187.7247702610757,2.8328965431174398,多排,68.0
4772,2026-08-28,263.3,257.5,250.6,258.78333333333336,687512.8,69.72153064714152,67.07313333900858,3.7082256825024444,1.0358605020083878,2.6723651804940567,69.31771989166812,60.728977564814095,273.90936111928625,250.6,227.29063888071371,5.746209098164408,交叉混雜,30.0
4806,2026-08-28,9.232000160217286,9.223000144958496,9.636000061035157,9.955833355585733,7328.0,61.48073084896267,48.11490512602031,-0.2316000910021767,-0.20064791418175362,-0.03095217682042309,31.76995678937709,33.70118388467654,10.583715186717807,9.636000061035157,8.688284935352506,-4.732251483717707,交叉混雜,8.0
4807,2026-08-28,27.75,29.48500003814697,31.642500114440917,36.66083342234294,302309.6,16.421885664179555,15.925786156957207,-2.3827687802617348,-2.070337218922403,-0.3124315613393316,27.899963668967317,29.84775470030256,38.047784043712,31.642500114440917,25.23721618516984,-11.511416927446144,空排,85.0
4903,2026-08-28,36.41999969482422,35.60999984741211,37.117500114440915,38.2258331934611,718175.8,61.08323234694179,44.92816250759324,-0.5366679014688813,-0.6655739601903412,0.12890605872145988,57.72130264057071,50.099332953153265,41.089013891106084,37.117500114440915,33.145986337775746,-0.9900993151689538,交叉混雜,35.0
4904,2026-08-28,101.4,101.5,101.375,103.1533332824707,5409331.2,58.57531698734657,66.22433748037858,-0.2976985064646982,-0.27548842335049406,-0.022210083114204138,39.82650802354028,44.62389449745566,103.52405119823396,101.375,99.22594880176604,-0.8631319358816275,交叉混雜,67.0
4905,2026-08-28,90.45999908447266,90.15999908447266,79.96999931335449,72.73666636149089,33982.8,45.14351850598083,56.43360761857392,6.06303558423221,5.192574040593801,0.8704615436384096,67.98784158170535,70.94286811118874,102.75227240567483,79.96999931335449,57.187726221034154,12.667249278161435,多排,80.0
4906,2026-08-28,35.89000015258789,35.23499984741211,35.382499885559085,38.34916671117147,7884208.0,64.84518586027801,53.4331415373783,-0.10597689774733965,-0.5055227736298834,0.39954587588254376,58.88951113938751,53.749487533166,38.07679690700273,35.382499885559085,32.68820286411544,2.8757200412939214,交叉混雜,71.0
4907,2026-08-28,47.29000015258789,47.31000022888183,46.37000007629395,42.596666463216145,116497.6,44.800121659625894,54.73625547295059,1.312544126015645,1.4415710155886203,-0.12902688957297537,53.918245821669956,57.6036910900772,49.00706396270039,46.37000007629395,43.7329361898875,1.8977785685964237,交叉混雜,78.0
4908,2026-08-28,174.6,164.6,159.35,167.9,7046212.0,79.83028327672953,67.14887038738794,6.019846542798973,0.8724867521196056,5.147359790679367,72.95632498096461,65.0835042632848,187.59535360019458,159.35,131.1046463998054,19.234389708189525,交叉混雜,92.0
4909,2026-08-28,39.57000045776367,38.8,38.54499988555908,41.913333129882815,748978.8,59.77497954348235,52.179142509526514,-0.055411233139764704,-0.6214329286486266,0.5660216955088619,57.98437486903729,55.25812568796767,41.23590134051425,38.54499988555908,35.854098430603905,4.682834593127756,交叉混雜,7.0
4911,2026-08-28,28.95,28.63499984741211,28.55250005722046,31.07749999364217,12525.2,79.28242253347221,75.21254698038607,-0.6408318075354096,-0.8539095497059044,0.2130777421704948,54.20176302722834,45.32258274363234,29.440119916248747,28.55250005722046,27.664880198192172,1.3921747830220983,交叉混雜,7.0
4912,2026-08-28,93.2,92.27000045776367,91.28000030517578,88.28500010172526,1191503.0,68.2612382354971,56.661170294046116,2.0010692483492107,1.309876557420778,0.6911926909284327,81.38235523411272,70.53917695042614,97.40109222833391,91.28000030517578,85.15890838201764,8.676595767514836,多排,62.0
4915,2026-08-28,59.97999954223633,60.029999542236325,60.814999961853026,66.77333354949951,1694250.0,46.3623851588647,48.371093377281895,-1.5050358248356588,-1.7234694074970656,0.21843358266140678,35.70592355312513,35.818277403364675,63.784511431184036,60.814999961853026,57.845488492522016,-1.9978648170583855,空排,6.0
4916,2026-08-28,101.71999969482422,101.15999984741211,102.37999992370605,104.51999969482422,2218646.6,44.67382785413453,34.083606768850146,-0.29965646345245034,-0.4892419680075475,0.18958550455509715,54.89347587217172,51.04229436908256,108.7601008171154,102.37999992370605,95.9998990302967,0.11721046726252457,交叉混雜,87.0
4919,2026-08-28,119.7,119.1,122.375,148.925,2758155.6,53.130307698734256,39.080880711117786,-5.681746982065576,-7.366124202950241,1.6843772208846648,57.92351752483589,46.79038402897082,131.6251778076791,122.375,113.12482219232088,0.10214504596527069,交叉混雜,87.0
4923,2026-08-28,53.31999969482422,52.89000015258789,50.104999732971194,51.71749979654948,508201.2,62.67523402536657,54.25105593266245,1.5354250366762727,0.7528942559178866,0.7825307807583861,78.51408241393722,66.51118627002506,58.23414918175309,50.104999732971194,41.9758502841893,12.563620050805701,交叉混雜,90.0
4924,2026-08-28,10.026000022888184,9.873000049591065,9.938000059127807,11.209666649500528,23600.4,74.92561427163415,57.90974177217632,-0.17662314261064793,-0.2999957768623542,0.12337263425170625,66.85656641047515,53.93491751279054,10.331879604205561,9.938000059127807,9.544120514050054,3.1394640673767,交叉混雜,13.0
4927,2026-08-28,38.14000015258789,35.51499977111816,34.29249963760376,40.06416632334391,6843419.8,84.9531567455796,73.90951315894702,0.5406284026287267,-0.8466158910663322,1.3872442936950589,91.05365025150071,74.77049800847789,40.34579608484172,34.29249963760376,28.239203190365803,25.391850854896408,交叉混雜,79.0
4930,2026-08-28,16.160000228881835,16.154999923706054,16.167499828338624,16.682499980926515,22942.8,75.72837019381171,68.09008927513086,-0.09026896331905832,-0.1322830115747857,0.04201404825572738,57.91753157141275,50.56326239017653,16.36290765767372,16.167499828338624,15.972091999003528,0.5102840422906253,交叉混雜,11.0
4931,2026-08-28,258.1,264.05,247.275,237.65,10444630.4,61.686633194371794,60.309353654537446,12.208851706034068,11.162538060179898,1.0463136458541697,63.45139254040174,61.135033295662595,302.98333349735566,247.275,191.56666650264435,10.201193003740771,交叉混雜,90.0
4933,2026-08-28,54.539999389648436,54.02999992370606,54.91499996185303,60.53333333333333,75835.4,72.33940257160057,57.80790019022393,-1.1131185774973105,-1.5495194992099384,0.4364009217126279,60.22317496163747,48.184077151045834,57.319622349789114,54.91499996185303,52.51037757391694,0.33688156677879727,交叉混雜,17.0
4934,2026-08-28,14.410000038146972,14.330000019073486,14.352500009536744,15.777500041325887,391018.8,66.1841368337974,58.21389446737739,-0.24863582311033205,-0.3715691102901637,0.12293328717983165,60.32706409642063,49.56845176651655,14.750488412339472,14.352500009536744,13.954511606734016,1.3760681488722335,交叉混雜,49.0
4935,2026-08-28,33.939999389648435,34.25,34.55250015258789,36.17583338419596,88661.4,31.656520152599676,28.641820284021314,-0.45738932568151824,-0.448796983162182,-0.008592342519336271,35.56391808511637,38.05759473559503,35.43297564679763,34.55250015258789,33.67202465837815,-2.177847947917546,空排,16.0
4938,2026-08-28,89.06000213623047,89.43000106811523,89.6700008392334,86.5183334350586,5451021.2,26.86035361195635,27.92192566153749,0.866294253549313,1.25147592774243,-0.3851816741931171,41.222396656757056,49.48661560893857,93.83557596704121,89.6700008392334,85.50442571142558,-1.3047851324670492,交叉混雜,71.0
4939,2026-08-28,79.01999969482422,70.52999992370606,65.40500011444092,62.771666590372725,37801351.8,88.5190076852588,76.70342830080203,5.927104419746115,2.684513627937518,3.242590791808597,93.07582214280686,82.03173987161384,84.99624219509141,65.40500011444092,45.813758033790435,41.885181391916674,多排,98.0
4942,2026-08-28,33.210000610351564,33.26500053405762,33.66750030517578,36.01583347320557,76014.2,43.95121543345262,39.70812802713883,-0.7221412888723435,-0.8028236780064668,0.08068238913412329,40.537399430803994,34.92738002572463,34.68641368262014,33.66750030517578,32.648586927731415,-1.240069210340499,空排,24.0
4943,2026-08-28,8.230000114440918,8.316000080108642,8.44749994277954,8.722499990463257,24128.0,44.26980996307227,52.002741332043506,-0.13750739824631353,-0.1083172984414565,-0.029190099804857025,31.13850744453498,38.4705832644631,8.888019871317518,8.44749994277954,8.006980014241563,-5.297424632266956,空排,6.0
4946,2026-08-28,92.86000213623046,91.30000076293945,84.97000007629394,93.35999984741211,17542.4,79.20934531245791,81.19966228581112,1.9180747668452938,0.23819025260886253,1.6798845142364311,73.68732522839194,64.24537310803771,100.44100610010344,84.97000007629394,69.49899405248445,10.50959331713167,交叉混雜,12.0
4949,2026-08-28,72.95999908447266,72.4599998474121,70.25500049591065,75.68000011444092,610761.8,58.976352949651144,52.34069081434433,0.5953505184225492,-0.3299471937129684,0.9252977121355175,60.911996811323384,56.27091398849054,78.1829576534439,70.25500049591065,62.32704333837739,5.899937372015997,交叉混雜,83.0
4950,2026-08-28,15.710000038146973,15.875000095367431,15.862500047683715,16.045833349227905,10803.4,27.71835159234485,30.333517546927077,-0.06685203340855317,-0.0575348783014584,-0.009317155107094771,57.550495957434684,52.091063533697856,16.529681883496224,15.862500047683715,15.195318211871207,0.8668239678673013,交叉混雜,57.0
4951,2026-08-28,77.9,77.52000045776367,78.73999977111816,87.14999974568686,146586.2,53.815488103199115,39.18368576384124,-1.7179630736974332,-2.3153806132556127,0.5974175395581796,60.058852529973954,48.85710553822392,81.8024360851577,78.73999977111816,75.67756345707863,0.4571992685412443,交叉混雜,36.0
4952,2026-08-28,51.6,51.61000022888184,50.48250026702881,52.319166819254555,387979.2,60.75955351513917,58.92231317872103,0.36134840037134097,0.03395465558505895,0.327393744786282,57.61964339357861,54.977975367489435,53.49986683193357,50.48250026702881,47.46513370212405,2.8079062077990913,交叉混雜,77.0
4953,2026-08-28,123.0,123.1,124.85,126.675,152542.0,49.76538740311018,35.825431563167776,-0.5060860170023886,-0.46183242073474656,-0.04425359626764208,62.26781058759262,52.05157568210768,129.4164681734307,124.85,120.28353182656929,-0.28033640368441676,空排,58.0
4956,2026-08-28,36.4,33.525,32.085000133514406,34.2016666730245,5967647.2,79.51011016607507,73.18289617749777,1.106057877301744,0.15227713830500073,0.9537807389967432,68.48257946232107,63.343258287073105,37.74372427908185,32.085000133514406,26.42627598794696,15.162850581830941,交叉混雜,84.0
4958,2026-08-28,458.0,462.8,466.775,524.2666666666667,20019532.8,45.303990034054124,35.36635439352674,-10.38040051708009,-14.197544452756055,3.817143935675965,62.295869058285696,52.210446181626864,509.36172266527905,466.775,424.1882773347209,2.9403888383053984,空排,95.0
4960,2026-08-28,21.650000381469727,21.175,21.09250020980835,23.794166819254556,2701771.8,67.31920171307837,55.58635697009733,-0.20966151419609247,-0.5197261078525689,0.31006459365647643,60.12880448981394,53.31298338613506,22.799844978854154,21.09250020980835,19.385155440762546,3.5913247084341724,交叉混雜,77.0
4961,2026-08-28,164.2,164.3,165.175,165.60833333333332,241988.8,48.990190854374305,50.30053849922329,0.12883186686940462,0.373212431928269,-0.24438056505886435,35.43063080912749,44.752195166945434,176.1978232127201,165.175,154.15217678727993,-2.527622218858793,空排,51.0
4966,2026-08-28,572.6,570.8,581.55,618.6333333333333,751909.2,61.624438358341735,46.91326576480029,-9.40897029223288,-12.681481668136566,3.2725113759036866,58.01367974247013,50.28336090144137,615.0005133309481,581.55,548.0994866690518,0.42128793740865716,交叉混雜,12.0
4967,2026-08-28,274.4,268.95,270.075,255.675,5384729.6,58.85059044577427,57.07567106856613,7.37150626328895,7.352868402047568,0.018637861241382225,56.04614671697147,57.59763837260585,292.0589055962135,270.075,248.09109440378649,1.268166250115713,交叉混雜,92.0
4968,2026-08-28,91.69999847412109,91.30999908447265,93.99499969482422,102.88833338419596,327519.8,53.42574445923416,41.45796689183645,-2.541173003228664,-3.014568710065398,0.47339570683673404,47.25316741785055,43.14834964376926,100.31438573956272,93.99499969482422,87.67561365008571,-2.122453004203871,交叉混雜,5.0
4971,2026-08-28,554.2,555.1,509.825,483.525,1094658.0,61.991947536232075,65.40706843529924,31.69023328788245,25.17786167668731,6.512371611195139,62.0665097140374,60.435767850457076,620.2725464929655,509.825,399.3774535070345,11.4107782082087,交叉混雜,93.0
4972,2026-08-28,16.690000152587892,16.60500011444092,16.585000133514406,16.735833422342935,8899.8,55.395761619893804,51.0494948253963,0.004248775848459729,-0.02632216651222605,0.03057094236068578,74.02860136037432,59.75852461442101,16.782617603655645,16.585000133514406,16.387382663373167,0.9948740739059034,交叉混雜,45.0
4973,2026-08-28,155.0,153.85,154.375,160.84166666666667,1432444.6,46.93406326653535,48.16103865100844,1.1113901995014146,0.9589774238461205,0.1524127756552941,45.30055996685227,49.85568357137839,166.7756578772818,154.375,141.9743421227182,-0.8906882591093117,交叉混雜,98.0
4974,2026-08-28,68.66000061035156,68.86999969482422,68.92000007629395,70.00166651407878,107476.0,42.69460836520609,42.513034115147306,-0.08576149926506105,-0.11436769071441101,0.028606191449349963,46.337865421677165,48.26710796956397,70.42311792544788,68.92000007629395,67.41688222714001,-0.4643087664228266,空排,24.0
4976,2026-08-28,38.710000610351564,38.30500030517578,37.59250011444092,36.7,5307148.0,54.84867158386421,51.19621334864317,0.863738176451065,0.657243606752794,0.20649456969827096,60.686604322620276,58.31265269661161,39.868293859615484,37.59250011444092,35.31670636926635,4.1431173949499716,多排,78.0
4977,2026-08-28,162.8,157.5,149.125,154.625,5445887.6,72.09913768365068,66.65758944129368,5.859140043691212,2.2459995205525893,3.613140523138623,71.3542646907855,63.62794901885252,175.34045345783605,149.125,122.90954654216395,15.33948030176027,交叉混雜,72.0
4979,2026-08-28,594.6,572.2,536.875,483.275,17414288.0,72.22584039751203,68.46739277915216,40.341486869196046,32.641800642671434,7.699686226524612,68.27288321659364,65.22009629283264,645.9774988859383,536.875,427.7725011140617,13.62048894062864,多排,94.0
4989,2026-08-28,64.60000076293946,63.61000099182129,65.16500034332276,75.79476108551026,7978489.2,56.48617572123279,40.804422271400284,-1.9876667531870709,-3.098128136365827,1.1104613831787562,69.368380649943,54.35977149995549,71.08277841463493,65.16500034332276,59.24722227201058,4.657402883341524,交叉混雜,76.0
4991,2026-08-28,485.5,488.8,474.65,482.35,6111264.6,71.03838212684828,59.97559517915878,13.058272893618494,6.468663789176095,6.589609104442398,61.08361187353687,57.58728350560134,545.6823128842309,474.65,403.6176871157691,9.55440851153482,交叉混雜,93.0
4994,2026-08-28,84.58000030517579,84.07999954223632,85.78499908447266,89.19166628519694,9923.8,54.31611954971447,45.55913634436601,-1.604466910413521,-1.6779595287519393,0.07349261833841836,42.153835253423786,40.901091242574495,90.15536513659075,85.78499908447266,81.41463303235457,-2.3139197457590654,交叉混雜,27.0
4995,2026-08-28,49.66000061035156,49.28499984741211,49.285000038146975,47.005833307902016,21978.2,66.68901358391841,53.80898376390958,0.6814337205055949,0.6988531193971154,-0.017419398891520443,67.69756235991159,61.45717321809018,51.32540727717731,49.285000038146975,47.24459279911664,2.465253040301522,交叉混雜,72.0
4999,2026-08-28,18.95,18.870000267028807,18.810000228881837,19.608333428700764,34058.4,62.361492995169826,61.291310875781534,-0.10056623959063771,-0.16874201944020062,0.06817577984956291,52.35862490226473,49.39653600679404,19.390924670760587,18.810000228881837,18.229075787003087,0.7442877849764855,交叉混雜,15.0
5007,2026-08-28,56.24000091552735,56.18000030517578,56.21999988555908,56.19000002543132,16734.6,71.87980571426941,66.40029494462037,-0.01329603219121367,-0.02047186446058673,0.007175832269373062,54.73748822448369,52.40023753664445,56.71247039473392,56.21999988555908,55.72752937638425,0.3201736760694281,交叉混雜,55.0
5009,2026-08-28,33.66999969482422,33.679999923706056,33.33000011444092,33.84333330790202,1446277.6,39.5163000158829,49.1410193870419,0.0859294936983801,0.02371944532545842,0.062210048372921684,43.46723193208442,48.40353238331562,34.614892189556876,33.33000011444092,32.045108039324965,-0.09001163299539092,交叉混雜,42.0
5011,2026-08-28,18.420000076293945,18.025,18.032499980926513,20.158333396911623,296893.0,58.814744119910294,46.45553785646568,-0.3011744389033417,-0.5459871576383934,0.24481271873505173,58.815204316991945,51.779946093048,19.1851967497588,18.032499980926513,16.879803212094227,3.4243706544123524,交叉混雜,83.0
5013,2026-08-28,28.469999694824217,27.774999809265136,26.77249984741211,26.67249994277954,47293.8,88.6124808628747,83.89107332812014,0.7248278231808669,0.414054136126083,0.3107736870547839,84.03425065412986,75.26014866632195,29.536264173092736,26.77249984741211,24.008735521731484,11.3082431857445,多排,61.0
5014,2026-08-28,10.110000228881836,10.125000190734863,10.342500114440918,10.803333314259847,166880.6,19.026406403474546,18.39983490084381,-0.2067901909129528,-0.19892994448409543,-0.007860246428857381,36.64502653486517,37.82290213328177,11.03095744112525,10.342500114440918,9.654042787756588,-2.344691615063139,空排,40.0
5015,2026-08-28,21.79000015258789,21.775,21.725,22.24500010808309,17445.8,67.91458606856678,54.851810619466264,0.007795203154948638,-0.050364132264364134,0.05815933541931277,64.86776844232651,57.01680013916188,22.38872148025772,21.725,21.061278519742284,1.726123735188608,交叉混雜,14.0
5016,2026-08-28,24.849999618530273,24.725,24.45999994277954,24.486666774749757,14200.0,62.3431986798533,71.3683655160412,0.1768909057052177,0.10942538228300475,0.06746552342221296,56.48364456271684,59.313830062935835,25.173479454646003,24.45999994277954,23.746520430913076,1.3900216479001801,交叉混雜,51.0
5201,2026-08-28,26.440000152587892,26.405000305175783,26.335000228881835,27.054166793823242,37902.0,40.47263220182647,43.682527552239705,-0.11865050769306151,-0.1840354811725531,0.0653849734794916,41.6105470427877,45.199091569079194,27.23125004501067,26.335000228881835,25.438750412753002,-0.702489495894023,交叉混雜,7.0
5202,2026-08-28,11.979999923706055,11.93499984741211,12.082499933242797,13.533333285649617,120480.8,31.788922567839524,29.611413798582547,-0.2708288184050609,-0.33300815795398975,0.06217933954892885,39.28622323954762,39.811392334525976,12.53238318456898,12.082499933242797,11.632616681916614,-1.510451609525007,交叉混雜,9.0
5203,2026-08-28,58.800000762939455,58.89000053405762,61.79500026702881,65.70000012715657,111748.4,32.69331623697468,24.716378913171884,-2.0115002452615656,-1.8915374851626359,-0.1199627600989297,36.8391880067978,34.804614088565344,68.71696339854088,61.79500026702881,54.87303713551674,-4.684842994805445,空排,6.0
5205,2026-08-28,20.389999771118163,20.55499973297119,21.182499980926515,22.545833428700764,1800.2,19.441897263414177,23.08360563933362,-0.5475319481854228,-0.4993639081509277,-0.04816804003449515,34.42834676696232,31.651107804139826,22.512033436317072,21.182499980926515,19.852966525535958,-3.694088814355403,空排,6.0
5206,2026-08-28,23.510000228881836,23.039402580261232,22.367201328277588,21.78982073465983,226085.6,78.57683756402785,77.96789131394219,0.6293561382059103,0.4716965793421374,0.15765955886377292,74.0913697091211,71.0326213451387,24.439923424779945,22.367201328277588,20.29447923177523,5.958722394906341,多排,33.0
5209,2026-08-28,158.3,160.1,159.7,162.325,60539.6,12.517668565984932,25.94881686166002,-0.12182294182827036,0.23509439354868522,-0.3569173353769556,23.54957004404129,38.92146087154779,164.78247763865187,159.7,154.6175223613481,-2.0037570444583523,交叉混雜,38.0
5210,2026-08-28,29.220000076293946,29.01499996185303,28.657499885559083,29.537499936421714,119848.2,62.654566683116954,57.04959651595716,0.040078088019601665,-0.1027084196543401,0.14278650767394177,62.832185263598994,55.72938105375331,29.672791129824393,28.657499885559083,27.642208641293774,2.5909438574065775,交叉混雜,73.0
5211,2026-08-28,19.370000076293945,19.330000114440917,19.57999982833862,19.94833323160807,19637.0,40.28643518577471,34.81255787491102,-0.15275955039982492,-0.16200683801042584,0.009247287610600924,41.48084209917023,44.75824936134091,20.30938249858388,19.57999982833862,18.850617158093364,-1.6853923964851352,交叉混雜,25.0
5212,2026-08-28,46.83000030517578,46.65500030517578,46.88750038146973,47.03000005086263,8602.4,53.357161827448444,40.73822166672535,-0.10083469001146739,-0.11869604830371518,0.01786135829224779,57.87741388414183,52.25297363682706,47.68014774006161,46.88750038146973,46.09485302287785,0.23993520152490933,交叉混雜,43.0
5213,2026-08-28,21.429999923706056,21.270000076293947,21.177500247955322,22.086666742960613,125746.6,70.77961532959357,73.0486868380994,-0.14939348291701648,-0.24899592005492244,0.09960243713790595,49.62470545613164,46.48465060694168,21.664678006386197,21.177500247955322,20.690322489524448,0.5784393232012915,交叉混雜,18.0
5215,2026-08-28,39.56999969482422,39.910000228881835,39.357500076293945,41.36666673024495,91107.0,40.90690927706616,53.03414945746419,-0.17073816241785522,-0.23161225500331722,0.060874092585462,37.38967597500298,43.84481551190216,41.289577682060866,39.357500076293945,37.425422470527025,-0.9083404067863472,交叉混雜,33.0
5220,2026-08-28,19.929999542236327,19.939999771118163,20.17249994277954,20.7075000445048,19613.2,63.22232342029712,53.14402819415689,-0.1967505777921481,-0.21483073733415506,0.01808015954200695,53.75652297560484,44.51081399845509,20.716824975749255,20.17249994277954,19.62817490980983,-0.6072658622702946,空排,45.0
5222,2026-08-28,105.7,108.48214187622071,112.04107093811035,116.28035697937011,212453.8,16.59627721881919,19.97906517472454,-2.956085652066079,-2.273382637510185,-0.6827030145558943,40.986666250406664,40.95673836669366,123.99963067534189,112.04107093811035,100.08251120087881,-4.499306277512249,空排,14.0
5223,2026-08-28,23.36999969482422,23.504999732971193,23.417499923706053,24.220833237965902,10147.6,41.757479339539266,44.20185293000119,-0.08759008897266796,-0.11972783876770961,0.03213774979504165,40.69006747150082,45.60806634886618,24.086572147732312,23.417499923706053,22.748427699679795,-0.501764436973726,交叉混雜,22.0
5225,2026-08-28,60.45999984741211,60.279999542236325,64.49499969482422,70.00666631062826,221043.0,50.623456600871826,35.715690178461124,-3.0024424253866115,-3.0380087638134032,0.03556633842679169,39.59907656095248,34.051858856041676,76.76588577475346,64.49499969482422,52.224113614894975,-6.194278182382592,交叉混雜,3.0
5227,2026-08-28,31.219999694824217,31.814999961853026,32.99250001907349,33.73154017130534,230488.2,21.418741684353762,22.4677463554451,-0.9538182641476851,-0.6596091342519519,-0.2942091298957332,34.75251819353859,38.88628688560102,36.233727104341156,32.99250001907349,29.751272933805822,-6.948546653962888,空排,74.0
5228,2026-08-28,41.35,41.84000015258789,41.61750030517578,52.478333218892416,219875.8,43.57992214504809,35.17457607625581,-1.2814844733433546,-1.88035716608089,0.5988726927375354,64.12686239019456,51.4249188496944,44.654859450697046,41.61750030517578,38.58014115965452,3.321919107794861,交叉混雜,90.0
5230,2026-08-28,17.8,17.699999809265137,17.719999980926513,18.906666660308836,111251.0,49.63712017572756,45.584901190021306,-0.1753549534213832,-0.26969938017032774,0.09434442674894455,48.879296743793056,47.49667074659068,18.289764626029303,17.719999980926513,17.150235335823723,0.16930033355405483,交叉混雜,57.0
5234,2026-08-28,300.9,302.25,316.6,351.9166666666667,213579.2,21.03950751062699,18.00414165281679,-12.160875430779697,-12.57055746776835,0.40968203698865224,42.50604921843775,38.970948764707416,348.3980469443296,316.6,284.8019530556704,-4.13771320277954,空排,15.0
5236,2026-08-28,137.3,136.75,140.25,152.40833333333333,86433.0,43.101893085532424,34.824937698575795,-3.5563682244983568,-4.1964216107386685,0.6400533862403117,46.24349750124442,41.65287698327305,149.0847400402571,140.25,131.4152599597429,-1.9607843137254901,交叉混雜,40.0
5243,2026-08-28,91.12000122070313,89.82000045776367,88.67000045776368,95.02833366394043,1311807.4,67.35959767406177,61.77056948744988,0.17586932406739209,-0.7620590926205678,0.9379284166879599,56.243147967134284,53.849392723957514,94.81049671495407,88.67000045776368,82.52950420057329,2.966056817882716,交叉混雜,55.0
5244,2026-08-28,34.959999084472656,34.124999618530275,33.49249973297119,34.319166310628255,160075.2,79.03322972422568,72.05747953838774,0.545433766552982,0.17076363747105305,0.374670129081929,76.3830959571447,66.43074724610652,35.965144541729465,33.49249973297119,31.019854924212915,6.292449825938815,交叉混雜,27.0
5245,2026-08-28,23.329999923706055,23.339999961853028,23.284999942779542,24.81749989191691,23060.0,41.0929270636271,37.429699539869574,-0.217214427697332,-0.3066959623153028,0.08948153461797076,43.94416354151949,44.56217264903233,24.26108220257448,23.284999942779542,22.308917682984603,-0.1503111138739581,交叉混雜,24.0
5251,2026-08-28,25.5,25.3,25.492500019073486,28.141666603088378,29662.8,50.78603402015653,39.05358043105309,-0.47656022576001433,-0.6844896238449891,0.2079293980849748,69.02938097520628,51.402805324908016,26.351676931378744,25.492500019073486,24.633323106768227,1.7946484006027872,交叉混雜,8.0
5258,2026-08-28,47.94000015258789,47.875,49.84000015258789,50.54666639963786,408345.2,37.95208934230232,32.87315117952062,-1.0809606146044857,-0.9306987794183119,-0.15026183518617375,33.63967202310498,38.90746549934307,54.67524429150575,49.84000015258789,45.00475601367003,-5.096310007526067,交叉混雜,12.0
5263,2026-08-28,93.4,91.30999984741212,91.63000030517578,96.63745028177897,371410.8,74.33925447084523,54.82161134196605,-0.2394212283181929,-1.4846106159736578,1.245189387655465,80.27628733776436,67.05946375989797,97.96855387409795,91.63000030517578,85.29144673625362,8.588889739837393,交叉混雜,59.0
5269,2026-08-28,1437.0,1423.0,1412.0,1430.6666666666667,355184.6,70.84447532238019,65.2841364926123,5.573388592309584,-2.1757917438882117,7.749180336197796,58.72234845523574,54.8086296136564,1481.615485270697,1412.0,1342.384514729303,2.6912181303116145,交叉混雜,54.0
5272,2026-08-28,17.160000228881835,17.195000076293944,17.527500057220458,19.295833396911622,40861.0,46.54455286660989,36.353139485331724,-0.46861685577891876,-0.5463764877010782,0.0777596319221594,46.03311179582684,40.16707720023431,18.366970625081567,17.527500057220458,16.688029489359348,-1.5832266798717902,空排,14.0
5274,2026-08-28,15428.0,15814.5,16213.25,15392.810546875,243353.2,27.28910800945331,26.522715920193047,88.92579112171916,261.95184119419196,-173.0260500724728,46.53430531621938,49.09121995091959,17801.88819537028,16213.25,14624.61180462972,-3.597366351595146,交叉混雜,94.0
5276,2026-08-28,18.74000015258789,19.135000038146973,19.089999961853028,18.919166564941406,22022.6,29.11482316114264,42.20028133561377,-0.04672966163414927,0.03657497478060151,-0.08330463641475078,42.48089879118696,46.0224420108363,20.040678219328466,19.089999961853028,18.13932170437759,-2.0429502341168075,交叉混雜,69.0
5278,2026-08-28,24.50999984741211,24.439999961853026,24.519999980926514,24.320833269755045,101297.8,50.50855032292988,51.45896359658107,0.060186381647863385,0.06377015551692909,-0.0035837738690657067,45.857192308532746,49.45300378632976,24.903062342740345,24.519999980926514,24.136937619112683,-0.48939788943550355,交叉混雜,26.0
5283,2026-08-28,56.61448364257812,56.937242126464845,55.75362091064453,54.22787367502848,281118.8,44.20275335121957,61.75577491839234,0.498270835013237,0.9085952384079425,-0.41032440339470555,23.759103882275966,35.150822950500654,60.57940278681037,55.75362091064453,50.92783903447869,-6.911872846683373,交叉混雜,30.0
5284,2026-08-28,322.14911499023435,316.8245574951172,308.3622787475586,329.65409291585286,298041.8,56.423322053330125,58.661053816600415,3.8255500168847334,-0.11857004100676027,3.9441200578914937,57.09592541849291,55.74533474412534,334.4949950382129,308.3622787475586,282.2295624569043,4.260482606952265,交叉混雜,65.0
5285,2026-08-28,81.21999969482422,79.25,78.43000030517578,86.06000035603842,1283778.6,73.93084994735679,63.65833719393493,-0.08913095829481676,-1.2872320170650478,1.198101058770231,69.21524887773379,58.19082185919525,83.74337966109726,78.43000030517578,73.1166209492543,6.336862426832278,交叉混雜,85.0
5287,2026-08-28,145.1568603515625,149.52843017578124,149.1142150878906,148.53807169596354,169334.6,21.185490747663742,40.73670600306292,-1.2607200139903512,0.5009775075378226,-1.7616975215281738,12.72997152616108,23.5155116083899,161.2734316280826,149.1142150878906,136.95499854769864,-8.459431637993445,交叉混雜,20.0
5288,2026-08-28,189.2,190.2,190.925,187.06666666666666,40112.6,25.265863614751726,35.172246189281445,0.3703830054031698,0.9959583176881655,-0.6255753122849956,39.32310539991223,46.19842628397157,196.07817990738084,190.925,185.77182009261918,-1.793898127536997,交叉混雜,82.0
5289,2026-08-28,1502.1398681640626,1506.5699340820313,1495.2849670410155,1554.1783223470052,2008374.8,38.73788825575491,45.327577976350796,10.802760424235885,9.53788896267827,1.2648714615576147,43.747040014502886,48.81414253174562,1598.892422485301,1495.2849670410155,1391.67751159673,-1.6909798197898938,交叉混雜,97.0
5291,2026-08-28,62.060000610351565,59.08000030517578,56.177500343322755,57.11891110738119,2403664.2,76.46533239037575,67.04778731650109,2.557904834072289,1.0265487454601399,1.5313560886121493,89.88135744996214,77.60251414890155,66.6180830538229,56.177500343322755,45.73691763282261,21.934937619811514,交叉混雜,92.0
5292,2026-08-28,215.9,210.75,193.15,188.77727228800455,365894.4,88.67676191858376,87.26827022010988,11.253381738376163,7.877164811071875,3.376216927304288,79.02837220163133,73.90170475669099,235.0685927847367,193.15,151.23140721526332,13.901113124514621,多排,83.0
5299,2026-08-28,99.44000091552735,99.44000015258788,100.97999992370606,107.27500012715657,318058.6,33.77953222986156,26.327492711002407,-1.3030852420385628,-1.608648984925808,0.3055637428872453,45.55446667292657,46.166277987852695,105.72822967844924,100.97999992370606,96.23177016896288,-1.6636926849054707,交叉混雜,72.0
5301,2026-08-28,5.67800006866455,5.630000019073487,5.494500041007996,6.036000029246012,30569.8,61.11564017216497,56.4145864579895,-0.02469939405301602,-0.10508048301385618,0.08038108896084016,63.30535198056416,57.130158083207654,5.952802358319812,5.494500041007996,5.036197723696179,6.288108271931348,交叉混雜,2.0
5302,2026-08-28,10.460000038146973,10.420000076293945,10.562500047683717,11.515500052769978,186720.8,40.008060759210366,30.189278730858504,-0.19996785859312638,-0.24176714075243724,0.04179928215931086,49.71028842586878,46.20761544718646,11.48694882356164,10.562500047683717,9.638051271805793,-0.5917164251035659,交叉混雜,53.0
5306,2026-08-28,94.75999908447265,94.88999862670899,94.52999916076661,90.19833297729492,52997.2,39.055483018411735,41.91809546083742,1.09442478224544,1.388891263917353,-0.2944664816719129,45.64610514116556,52.61771925013039,99.60422682070708,94.52999916076661,89.45577150082613,-0.031735069325016976,交叉混雜,64.0
5309,2026-08-28,53.32000045776367,53.060000610351565,53.44000015258789,59.05083312988281,1464508.6,53.7331616844519,44.752363867401485,-0.704822897766384,-1.1312875731745193,0.4264646754081354,60.33870982987939,51.56985577680441,56.719537280900106,53.44000015258789,50.16046302427568,1.4221568266869797,交叉混雜,19.0
5312,2026-08-28,92.35999908447266,91.42999954223633,90.3650001525879,91.48666674296061,21773.0,86.83630403053922,82.61501984723559,0.4615685775630567,0.09027525137904614,0.37129332618401056,65.68859711133268,58.004545917371615,93.22619085428732,90.3650001525879,87.50380945088847,2.03064991153186,交叉混雜,35.0
5314,2026-08-28,33.36000022888184,27.529999923706054,38.99730520248413,53.30826845169067,6730553.4,73.50763827386564,61.38800453099755,-6.601698121819723,-7.739290909135915,1.1375927873161924,52.964646694119686,44.696428850547946,75.06543100050911,38.99730520248413,2.9291794044591555,-12.30163062456707,交叉混雜,1.0
5315,2026-08-28,19.279999923706054,19.189999961853026,19.189999866485596,20.525833225250246,153196.6,60.91116701800462,60.189937838057126,-0.16193521168028724,-0.2689903717473265,0.10705516006703925,51.15988128668092,47.47953940231919,19.495389968696525,19.189999866485596,18.884609764274668,0.3126635431571363,交叉混雜,18.0
5321,2026-08-28,82.11999969482422,76.73000030517578,66.61499996185303,57.17083339691162,723182.6,95.55103619670368,93.36009885476923,7.484724319032054,5.435510021179768,2.049214297852286,93.1259291999281,84.02207516295765,89.55256089010622,66.61499996185303,43.67743903359984,27.598889212152084,多排,95.0
5324,2026-08-28,12.300000190734863,12.270000076293945,12.262500047683716,12.140000041325887,251772.0,94.16268717980435,84.04193170987975,0.053813455587979675,0.05361493694129209,0.00019851864668758712,58.38115498202092,56.98001566991555,12.399670790056172,12.262500047683716,12.12532930531126,0.30581156293843137,多排,69.0
5328,2026-08-28,62.380000305175784,62.62999992370605,64.07000007629395,62.301666577657066,7557954.0,36.542504926971326,30.170147559104024,-0.29694913593087335,0.05309352165222161,-0.35004265758309494,50.185171850858715,48.94288630290592,68.89105045486137,64.07000007629395,59.24894969772653,-1.670048501669744,交叉混雜,97.0
5340,2026-08-28,80.2000015258789,79.05000076293945,76.2400001525879,80.38166694641113,3468319.0,76.68176150128312,64.21787559310184,1.575403506871453,0.27449170388197774,1.300911802989475,75.64404907200286,63.983899538963875,85.67462962505664,76.2400001525879,66.80537068011915,11.22770577392156,交叉混雜,63.0
5344,2026-08-28,13.45999984741211,13.499999809265137,13.782499980926513,15.019166628519693,33605.4,19.629350079909315,18.577284862583994,-0.37688937295623326,-0.4234948090823699,0.04660543612613666,46.06705483486502,39.53050806293247,14.48082527847317,13.782499980926513,13.084174683379857,-1.6869203012037308,空排,29.0
5345,2026-08-28,22.179999923706056,21.94499988555908,22.319999980926514,25.107499917348225,14907.6,62.82013443429442,51.041963621182326,-0.3633037340150551,-0.5154178647794544,0.15211413076439928,50.8721032511166,48.96561802098672,23.892929005423383,22.319999980926514,20.747070956429646,-0.08960906757642957,交叉混雜,38.0
5347,2026-08-28,151.5,153.1,154.35,167.775,13115748.0,32.34595916338677,32.18949246432933,-3.0629379991793257,-3.4570617726466253,0.39412377346729954,49.681095802622586,46.76815430108425,163.83183859585318,154.35,144.8681614041468,-0.874635568513116,空排,79.0
5348,2026-08-28,16.399999618530273,16.544999885559083,16.617500209808348,16.523333438237508,4460.0,57.883317344020355,62.97756705872935,-0.07476870858545581,-0.013806260053094712,-0.0609624485323611,37.874655384356586,44.18150940972632,17.104462053430172,16.617500209808348,16.130538366186524,-2.2115252304401,交叉混雜,46.0
5351,2026-08-28,116.6,120.8,114.83500022888184,97.06000010172527,13828855.8,22.134169855497436,32.18569536845266,6.631901405094737,8.026422842651069,-1.3945214375563317,45.93736242927746,54.333577505456994,143.34097459208223,114.83500022888184,86.32902586568143,1.0144988625385618,交叉混雜,96.0
5353,2026-08-28,28.039999771118165,28.05,28.225,29.612499872843426,26400.0,46.8065563793176,43.061448140332764,-0.18705157504969705,-0.23084800673383488,0.043796431684137827,46.867356901310906,45.59749295570428,28.708953062258864,28.225,27.74104693774114,-0.6200204178545776,空排,57.0
5355,2026-08-28,5.909999942779541,5.831999969482422,5.81800000667572,6.107833337783814,64001.8,88.32613447887391,77.66882036636403,0.002037911048651253,-0.04227786372309993,0.044315774771751186,60.103869252837875,54.15116736039996,6.21134460001957,5.81800000667572,5.4246554133318705,2.9563383335353586,交叉混雜,12.0
5356,2026-08-28,25.99000015258789,25.98000011444092,25.52249994277954,26.147500038146973,141887.6,42.790557034772604,47.8296717649817,0.17846469194208936,0.08914710593652342,0.08931758600556594,60.43540157274553,59.84989698470633,26.859612166365782,25.52249994277954,24.185387719193297,1.870898455445184,交叉混雜,53.0
5364,2026-08-28,8.494000053405761,8.549000072479249,8.657000064849854,8.679333368937174,27921.2,23.948091766250478,19.684621828779793,-0.06361515163324682,-0.04534626540041313,-0.018268886232833695,41.156077262838146,41.75369778218005,8.914117756987864,8.657000064849854,8.399882372711843,-1.6980459150610754,空排,4.0
5381,2026-08-28,25.59000015258789,24.82000026702881,24.420000076293945,26.345833333333335,963837.4,77.49590027981927,68.38560737132941,0.24589266266356802,-0.16467037921225502,0.41056304187582304,86.99300787645207,69.94152552509797,26.26772993419115,24.420000076293945,22.572270218396742,10.360363139808264,交叉混雜,41.0
5386,2026-08-28,241.1,236.95,252.325,276.31944376627604,1090470.8,49.88454125034852,32.99026005891979,-6.1516613502018345,-6.9248432924078696,0.7731819422060351,66.65735377696151,54.571715040744905,293.0529485055856,252.325,211.59705149441436,2.4472406618448477,交叉混雜,98.0
5388,2026-08-28,77.41999969482421,77.80999984741212,82.875,83.55499992370605,2415553.6,19.74788920256376,14.658181700970262,-2.3282109058850864,-1.766260534900023,-0.5619503709850633,27.64086630155387,36.15488566787476,95.39561445222414,82.875,70.35438554777586,-6.485671191553545,空排,23.0
5392,2026-08-28,46.76999969482422,46.26499938964844,45.707499504089355,44.38249969482422,2481559.4,65.9660139038952,51.03768632284753,1.0073424385344865,0.7480039017918582,0.2593385367426283,72.68106719217681,63.478126014594956,48.77812025736927,45.707499504089355,42.636878750809444,5.6719351552785024,多排,67.0
5398,2026-08-28,14.489999961853027,14.285000038146972,14.180000066757202,15.55166662534078,32207.4,47.62587630850251,51.54735809285099,-0.1563644879516346,-0.3057344861884112,0.1493699982367766,72.27991820991092,55.75657944764439,14.612130483122693,14.180000066757202,13.747869650391712,3.3145243269420845,交叉混雜,6.0
5403,2026-08-28,92.93999938964843,92.52999954223633,92.30999946594238,93.37333348592122,27704.4,82.13929804640564,72.45251155243899,-0.08422435442712128,-0.2345611516476908,0.15033679722056953,55.653337757746826,51.59555112929518,93.61246709812276,92.30999946594238,91.007531833762,0.6391529231393872,交叉混雜,28.0
5410,2026-08-28,36.60999984741211,36.239999771118164,35.90250015258789,39.475833384195965,238974.6,70.88618875035097,76.25261165323585,-0.33756255387888245,-0.6415380056922563,0.3039754518133738,49.47846340202799,48.05721569500644,37.56302442681344,35.90250015258789,34.24197587836234,0.9678987422469553,交叉混雜,64.0
5425,2026-08-28,92.41999969482421,91.38000030517578,87.90000038146972,100.20333366394043,26975764.8,61.4127439236495,56.592199602979385,0.14019722389875255,-1.7447599664306666,1.884957190329419,69.44486424280534,58.735181863281554,97.29025295818236,87.90000038146972,78.50974780475708,9.556316989571824,交叉混雜,86.0
5426,2026-08-28,28.320000076293944,27.83000030517578,27.570000171661377,29.658333492279052,895660.8,55.00069475302777,45.70375594535216,0.25063076921892247,0.06260739179006716,0.1880233774288553,66.18897567832347,56.85653820013901,30.643554206311236,27.570000171661377,24.496446137011517,3.735945605350649,交叉混雜,84.0
5432,2026-08-28,147.3,149.1,132.575,135.7466667175293,208196.8,59.16320758357183,63.66906874188095,7.071672517240188,4.75487120390806,2.316801313332128,68.37831972524312,66.08708807110263,170.66253767725004,132.575,94.48746232274992,15.029228738449943,交叉混雜,71.0
5434,2026-08-28,528.0,527.8,521.45,514.9666666666667,371437.2,38.14210888612042,37.91766407620664,2.7272973702756644,2.027909282117119,0.6993880881585453,52.67771036582688,52.0298120162682,546.298805965191,521.45,496.60119403480905,1.4478857033272516,多排,88.0
5438,2026-08-28,16.799999618530272,16.874999809265137,17.03499984741211,18.04999998410543,30094.8,28.64116515028493,23.06039941286592,-0.2547762709973469,-0.2989587199265618,0.04418244892921491,43.861289118306544,43.61230946571727,17.54603589637557,17.03499984741211,16.523963798448648,-1.3795163631143965,空排,17.0
5439,2026-08-28,251.1,246.25,241.375,281.1333333333333,2798033.4,60.25243745395906,47.697431042324354,-2.0962912110901186,-7.474520535984442,5.378229324894323,79.23634043745572,61.89964585385503,264.5059202947945,241.375,218.24407970520548,9.58052822371828,交叉混雜,15.0
5443,2026-08-28,105.6,105.45,103.02499961853027,103.79333330790202,1345751.6,60.44748865950448,47.94131238583631,1.7129751871357684,0.8744581423911044,0.8385170447446639,75.0522635559751,63.55310924580036,115.68706572714666,103.02499961853027,90.36293350991389,8.711478199176295,交叉混雜,70.0
5450,2026-08-28,14.910000228881836,15.125,14.872500038146972,15.015000073115031,96653.6,23.9697607268933,34.5778457945148,-0.020062939608228803,0.0022149558659221,-0.0222778954741509,41.15061058209054,46.610844247857266,15.833571073059575,14.872500038146972,13.91142900323437,-0.48747585964801976,交叉混雜,70.0
5452,2026-08-28,27.65,27.26500015258789,26.927500247955322,29.48833351135254,392318.0,77.96778733794747,68.78858139072551,-0.07564417202162232,-0.40466834755063874,0.3290241755290164,71.58338306196386,58.20504740271724,28.212013105603496,26.927500247955322,25.642987390307148,4.3542851089693535,交叉混雜,51.0
5455,2026-08-28,29.6,29.5,29.029999923706054,27.754999955495197,2021.0,57.93789365618996,53.178588659685474,0.5035700277522963,0.496709881426379,0.0068601463259173046,77.40773016235381,73.28510085860903,30.092469939324452,29.029999923706054,27.967529908087656,2.30796018254989,多排,70.0
5457,2026-08-28,27.370000457763673,27.22000026702881,27.632500076293944,30.988333161671957,324619.2,63.137049321301866,48.13755409946999,-0.7218941207962999,-0.9410693519434941,0.21917523114719417,64.43117168109796,48.813215158818025,28.892940545407715,27.632500076293944,26.372059607180173,1.1490118004845122,交叉混雜,10.0
5460,2026-08-28,16.33000030517578,16.119999980926515,16.079999876022338,16.147499895095827,55482.8,50.41701186690635,53.85961091420816,0.02525774423322602,-0.018962439022935873,0.044220183256161893,50.53398410663296,50.792971144869064,16.602544338342565,16.079999876022338,15.557455413702112,0.7462741781239319,交叉混雜,68.0
5464,2026-08-28,71.17999877929688,71.39999847412109,68.74999885559082,78.4383331934611,531076.8,50.61232675036944,47.52705927817287,-0.9911734919352,-1.9395121927160575,0.9483387007808575,59.23511757177704,52.6743114064525,78.16186131076327,68.74999885559082,59.33813640041837,6.327272277731144,交叉混雜,95.0
5465,2026-08-28,24.190000534057617,24.210000228881835,23.23000011444092,23.98000011444092,33358.8,40.9929408906708,57.18589818455348,0.35353135845148387,0.20934732712081022,0.14418403133067365,56.7060389852165,57.917859237057414,25.8264354481314,23.23000011444092,20.63356478075044,3.745158255457657,交叉混雜,11.0
5468,2026-08-28,25.77999954223633,27.13999996185303,27.374999904632567,26.84416650136312,219571.6,14.473170144096363,21.613590094479882,-0.09126114658172924,0.33447525886062884,-0.4257364054423581,27.810886600142013,41.311375009080166,31.93033258974638,27.374999904632567,22.819667219518752,-7.397258557871838,交叉混雜,86.0
5469,2026-08-28,72.38000030517578,72.52999954223633,72.6349998474121,77.41333293914795,1205675.0,50.63997521071124,36.75297690208691,-0.44638344758186577,-0.8132130143882029,0.36682956680633716,69.1385023633171,56.6885784960964,78.04659647901478,72.6349998474121,67.22340321580943,2.98066112603268,空排,26.0
5471,2026-08-28,59.17999954223633,58.15999984741211,57.060000038146974,57.615833346048994,4325856.0,71.63728650416684,60.53847686989954,0.9766249072912458,0.3161186737541577,0.6605062335370881,77.7317065418748,64.92286686514143,61.41691798503821,57.060000038146974,52.70308209125574,8.131792361883011,交叉混雜,88.0
5474,2026-08-28,152.5,155.7,153.225,158.7,108172.8,27.69112593404173,35.19064293424013,0.26695956105928076,0.278934648486184,-0.01197508742690323,48.1082667293381,50.13268597037489,164.50831324987365,153.225,141.94168675012634,0.17947462881383958,交叉混雜,27.0
5475,2026-08-28,182.7,179.55,158.225,189.21666666666667,7046961.4,81.12626809264012,78.59054881798752,7.116991477230357,0.051405074806229356,7.0655864024241275,77.53920091175465,67.50272209426006,211.31030870212368,158.225,105.13969129787631,27.034286617159115,交叉混雜,94.0
5478,2026-08-28,98.61999969482422,98.76000061035157,99.1200008392334,101.09000040690104,66120.6,9.497291715983726,13.112465092476953,-0.4225983902842927,-0.4092189191894827,-0.01337947109480997,29.533832672468293,39.69495424597473,100.46805951056032,99.1200008392334,97.77194216790647,-0.8272778253962814,空排,49.0
5481,2026-08-28,21.20999984741211,20.379999923706055,20.067499828338622,20.6049999554952,437038.0,80.04096814830275,76.84151413869623,0.17361131278433461,-0.039397549700456454,0.21300886248479106,54.977647645312516,55.27949620784726,21.67021960174868,20.067499828338622,18.464780054928564,3.650177725117079,交叉混雜,63.0
5483,2026-08-28,182.0,182.05,179.825,187.93333333333334,18074789.6,40.006514453396576,39.55935550612804,-2.4381438976824086,-3.3834929905283575,0.9453490928459489,53.939033447132644,49.69832330171931,192.4085105134481,179.825,167.24148948655187,2.0436535520645136,交叉混雜,88.0
5484,2026-08-28,40.45999984741211,40.25,41.017499923706055,44.25000006357829,170086.4,48.13119577263313,40.62560892800627,-0.6790133265774401,-0.8074910698439748,0.12847774326653472,44.230599885046225,45.22164155865888,44.052778767365055,41.017499923706055,37.982221080047054,-1.9930497038756088,交叉混雜,38.0
5487,2026-08-28,29.15,29.43000030517578,29.247500133514404,28.590833346048992,67802.6,24.16522742724199,38.335968602840154,0.15989755748124068,0.25474784502726927,-0.09485028754602859,37.19328326963679,45.38561618248066,30.371625822268143,29.247500133514404,28.123374444760664,-2.042911401851608,交叉混雜,50.0
5488,2026-08-28,12.210000038146973,12.325,12.777499961853028,13.498333358764649,224304.6,19.328400874877296,19.2530434552927,-0.42299281745885153,-0.39073160957395453,-0.032261207884897,24.88007909451163,34.94090839168004,13.81291228897999,12.777499961853028,11.742087634726067,-5.302285912001276,空排,66.0
5489,2026-08-28,41.13999938964844,41.84499969482422,41.982500076293945,47.68166681925456,48044.0,19.259883199180422,22.06785754424868,-1.4133084736923323,-1.6427846650058955,0.22947619131356323,43.46670292671761,41.775538789918365,43.82277463798251,41.982500076293945,40.14222551460538,-1.6256793616223513,空排,59.0
5490,2026-08-28,28.689999771118163,29.419999885559083,30.652499961853028,30.19583339691162,523720.2,5.029928928503444,7.219307459442831,-0.7069250226338966,-0.3677144420814542,-0.33921058055244235,20.910231614129785,35.60164222995128,34.308565967994674,30.652499961853028,26.99643395571138,-8.164098675269917,交叉混雜,60.0
5493,2026-08-28,82.0,80.41999969482421,79.61499977111816,84.8466667175293,152349.2,71.26331474158506,51.844527394027146,0.413692129270828,-0.7866724494550046,1.2003645787258326,88.86448267592233,74.50231894110911,85.33229654376768,79.61499977111816,73.89770299846865,11.1599576140488,交叉混雜,50.0
5498,2026-08-28,53.83999862670898,52.04999961853027,51.00749969482422,55.17916653951009,3318392.6,72.7934482135614,58.716371656421934,0.7359133363514658,-0.25904309522605645,0.9949564315775223,77.29632432649173,65.5206432526719,57.09685736507209,51.00749969482422,44.91814202457635,13.904815608941831,交叉混雜,86.0
5508,2026-08-28,52.95999984741211,52.929999923706056,52.814999961853026,54.26166655222575,176902.6,47.73217123419518,46.69065392332277,-0.03842669509671737,-0.1271220284734522,0.08869533337673483,48.81997387524236,49.47608594991468,55.01286961343932,52.814999961853026,50.61713031026673,0.16094208858709622,交叉混雜,38.0
5511,2026-08-28,71.75999755859375,71.59999923706054,71.00999946594239,68.16789201100667,112999.8,52.53739174158251,52.27356829224928,0.6579402830464147,0.8048484326223593,-0.14690814957594456,43.56979247768435,51.26412783762292,73.15024054603951,71.00999946594239,68.86975838584526,0.26756440463138986,多排,81.0
5512,2026-08-28,7.755999946594239,7.778999996185303,7.757499957084656,7.870833341280619,597203.0,32.9306663184987,40.20554261585805,-0.012047709589916522,-0.013492255519977557,0.0014445459300610353,42.43768946008164,46.4150524602715,7.886769233755815,7.757499957084656,7.628230680413497,-0.22559053900489862,交叉混雜,48.0
5514,2026-08-28,14.570000267028808,14.575000190734864,14.205000066757203,13.922500038146973,11878.2,90.6249707777516,89.95640902530616,0.22487268272262817,0.18981461221234422,0.03505807051028395,73.90854726969769,67.98597977433147,15.023792763034148,14.205000066757203,13.386207370480257,2.780713219684602,交叉混雜,40.0
5515,2026-08-28,53.02000045776367,53.62000045776367,49.08250064849854,44.31166699727376,615536.6,49.108403517847265,66.61563569245294,2.8407134085203154,2.7474246712421255,0.09328873727818987,55.02195949422544,63.372421293358855,59.27260276170894,49.08250064849854,38.89239853528814,6.962765356996956,交叉混雜,90.0
5516,2026-08-28,11.9,11.85,12.09500002861023,11.151666720708212,14023.0,40.59976201796231,36.75535192745395,0.18016287563389533,0.26482925433136756,-0.08466637869747223,46.06395147438624,51.649527679866594,13.14876539116549,12.09500002861023,11.041234666054969,-2.0256275036045164,交叉混雜,44.0
5519,2026-08-28,27.920000076293945,27.870000076293945,27.86500005722046,29.83198397954305,178843.8,64.47437631814678,57.773192750677495,-0.29335742277345744,-0.4260839530013762,0.13272653022791875,54.732243505039776,44.40389924747209,28.092341675343793,27.86500005722046,27.637658439097127,0.3050446996032494,交叉混雜,39.0
5520,2026-08-28,83.48000030517578,83.20000076293945,83.07500038146972,82.54000040690104,3210.8,66.49169869142717,64.32195073514839,0.26706223484393377,0.23501198401662876,0.032050250827305005,48.37463829480447,52.882030043623786,84.50972218664904,83.07500038146972,81.6402785762904,0.1504623126072807,多排,40.0
5521,2026-08-28,10.84000015258789,10.789999961853027,10.564999961853028,10.401166645685832,1772889.8,50.89011117820222,61.05471474545451,0.14909859146940718,0.13100717427141384,0.018091417197993342,44.7352506534916,52.073697037534,11.167713256299937,10.564999961853028,9.962286667406119,0.8045400566413006,多排,12.0
5522,2026-08-28,63.55999984741211,63.449999237060545,63.66999912261963,67.29166615804037,380518.6,55.21742087925266,58.67442807886951,-0.7110813362803583,-0.8733587307929125,0.16227739451255419,36.428757484562446,40.285914314545856,65.51801347936261,63.66999912261963,61.82198476587666,-1.3664204453396995,交叉混雜,40.0
5525,2026-08-28,22.179999923706056,22.13499984741211,22.199999809265137,22.203333218892414,66101.0,45.869339974894444,48.13940180187711,-0.05910632844718222,-0.06583824323345965,0.006731914786277424,48.89415498583981,48.31677189482456,23.084961664464952,22.199999809265137,21.31503795406532,-0.2252260863263421,交叉混雜,26.0
5529,2026-08-28,21.579999923706055,21.36500015258789,21.32750015258789,21.632500044504802,119039.6,77.33353462515491,72.06614818042068,0.05893243896209199,-0.04954182564415146,0.10847426460624346,81.43868958806607,69.10826390585058,22.00842444465256,21.32750015258789,20.64657586052322,5.497596244395464,交叉混雜,35.0
5530,2026-08-28,50.67999954223633,50.29999961853027,49.437499618530275,48.96583315531413,307407.0,75.42143322783527,72.1550095868564,0.6614210775503437,0.5080714141917797,0.15334966335856404,76.5959134247532,66.84287555058665,52.13952120302233,49.437499618530275,46.735478034038216,3.565109801282413,多排,55.0
5531,2026-08-28,7.368000030517578,7.41399998664856,7.511999988555909,7.811166659990946,426400.4,15.711645773171636,23.808449589624743,-0.11478717143601624,-0.1116193479023693,-0.0031678235336469462,32.116094548885556,35.81578857013605,7.842588085240613,7.511999988555909,7.181411891871204,-2.555908109518531,空排,18.0
5533,2026-08-28,13.949999809265137,13.939999961853028,13.942499923706055,13.99416667620341,92623.2,72.13453191560633,70.14386461543549,-0.023861865988681785,-0.025351698545488927,0.001489832556807142,50.15495449388896,48.59057081085125,14.046498772551073,13.942499923706055,13.838501074861037,0.05379154097271659,交叉混雜,41.0
5534,2026-08-28,76.68000030517578,78.21000061035156,78.18000106811523,79.30500030517578,1885522.0,22.47850963525984,38.52278209482637,-0.6209687588203394,-0.23698299476181073,-0.3839857640585287,30.546787664640334,35.93051851428426,81.29775961255318,78.18000106811523,75.06224252367728,-3.6838040125481544,交叉混雜,50.0
5536,2026-08-28,858.4,872.0,926.7,1108.8166666666666,767837.0,36.56931067701987,26.718032998005103,-63.07407583430563,-65.5613483363779,2.4872725020722726,39.861995856107285,35.48419705086893,1070.9586857733464,926.7,782.4413142266536,-6.010575159166941,空排,70.0
5538,2026-08-28,37.33999938964844,36.83499946594238,35.50999984741211,34.05749988555908,89569.0,68.85060529917092,67.68281081241945,0.9385183656470844,0.7332012862055313,0.20531707944155309,59.53673372245398,62.27376143688832,38.72961045818017,35.50999984741211,32.29038923664405,4.477608092202959,多排,72.0
5543,2026-08-28,26.65999984741211,25.329999923706055,25.6625,27.84083344141642,58415.0,76.69174860931228,53.9726801224799,-0.15890368157696955,-0.7815704905559446,0.6226668089789751,85.81840510528994,70.18761214840384,29.25531093369464,25.6625,22.06968906630536,16.512419361053176,交叉混雜,70.0
5546,2026-08-28,14.469999885559082,14.144999980926514,13.925000047683715,15.473333263397217,82015.8,65.67574155068604,58.49915307641407,-0.17003716044848005,-0.39197507057476577,0.22193791012628572,62.505211634785475,54.310383036662856,14.817365023125777,13.925000047683715,13.032635072241654,5.206460095970732,交叉混雜,4.0
5547,2026-08-28,19.820000076293944,19.880000114440918,19.83750009536743,19.916286786397297,11404.8,26.77798138679359,33.07767069185766,-0.0234146639612014,-0.018647841477233782,-0.004766822483967616,49.26790728993476,48.8786900788622,20.132858894153586,19.83750009536743,19.542141296581278,0.06301341420138953,交叉混雜,44.0
5548,2026-08-28,20.520000076293947,20.56999988555908,20.494999980926515,21.180062198638915,18600.0,57.30782807004968,56.68376872415904,-0.11809209397529585,-0.16811616661808715,0.050024072642791295,56.969707235909475,50.05179333506446,20.844284860246617,20.494999980926515,20.145715101606413,0.7562802524908873,交叉混雜,49.0
5601,2026-08-28,30.289999771118165,30.289999961853027,29.79749984741211,30.955833180745444,10608.0,90.67199151586962,84.90594015668589,-0.01910307801709976,-0.18104147627633005,0.1619383982592303,65.9110935573817,57.18507395035848,31.02844991774451,29.79749984741211,28.566549777079707,2.357580858076262,交叉混雜,22.0
5603,2026-08-28,14.579999923706055,14.6,14.372499942779541,14.61833332379659,172298.8,23.413514105759884,41.87280022412946,0.028646045220440897,0.017519140189616998,0.011126905030823898,37.80300105598256,44.42300246805504,15.091032680932605,14.372499942779541,13.653967204626477,-0.8523217482500848,交叉混雜,15.0
5604,2026-08-28,30.710000228881835,30.719999885559083,30.57999982833862,30.694166501363117,6615.8,46.245714215858094,49.193817101521844,0.050163760798788815,0.022371020418678667,0.027792740380110148,57.75449115945445,54.86414400684632,31.02532637870945,30.57999982833862,30.134673277967792,0.5559194657150994,交叉混雜,28.0
5607,2026-08-28,53.5,53.87999992370605,51.75499992370605,51.16249993642171,1485295.8,30.944413117271907,53.94957527668085,0.9432516364854138,0.970838878480806,-0.027587241995392198,34.5041577309066,46.55831483922901,57.04161689992572,51.75499992370605,46.46838294748638,-0.49270587205479005,交叉混雜,54.0
5608,2026-08-28,17.35,17.049999904632568,15.357499980926514,14.665000041325888,28592250.8,58.328567848637704,69.10438169411456,0.9380518384493435,0.7554239848697313,0.1826278535796122,51.224558801674576,58.77188594008665,19.25422928721035,15.357499980926514,11.460770674642678,8.741662273679172,多排,58.0
5609,2026-08-28,78.57999877929687,78.26999969482422,78.36999969482422,78.76999994913737,177291.8,39.46315593255311,44.7311283469638,-0.07122469763784522,-0.07539577786165967,0.004171080223814447,39.1272392873203,44.60778061565006,79.85550892215586,78.36999969482422,76.88449046749257,-0.5997169462492031,交叉混雜,45.0
5701,2026-08-28,4.164000129699707,4.147000026702881,4.2055000305175785,4.715500005086263,198013.4,55.300961039827826,46.72248582642165,-0.10097638423594457,-0.1242373207827881,0.023260936546843525,60.382661470063724,51.47880960886071,4.413596707236045,4.2055000305175785,3.9974033537991116,2.2470612182032133,交叉混雜,57.0
5704,2026-08-28,23.579999923706055,23.01999988555908,22.342500019073487,21.75333334604899,56032.0,94.18543870623716,87.60200153079388,0.5456024942371087,0.3657811717690371,0.17982132246807164,92.30254982527735,85.3934819510206,24.081911316333716,22.342500019073487,20.603088721813258,6.299653036701128,多排,57.0
5706,2026-08-28,45.310000610351565,45.34500007629394,45.13000011444092,47.57083333333333,70256.4,43.138678046763246,47.60497009840994,-0.2698333683799987,-0.4044012280202711,0.1345678596402724,44.475728562530804,45.137955437751515,46.21598735180522,45.13000011444092,44.04401287707662,0.04431954661482071,交叉混雜,22.0
5864,2026-08-28,34.41000061035156,34.025000381469724,32.59500026702881,36.848490937550864,2592151.2,79.01976365824015,73.85817754734929,0.22647075892689372,-0.31648821810239547,0.5429589770292892,75.94704416171703,62.37866611133139,36.78407204224415,32.59500026702881,28.405928491813466,10.292991159458177,交叉混雜,93.0
5871,2026-08-28,115.0,112.95,112.375,115.575,5412335.8,65.40688059373082,65.43062763094946,-0.15563703967430342,-0.6515669717730121,0.4959299320987087,46.04255274001018,48.16204111703825,117.70490569680851,112.375,107.04509430319149,0.5561735261401557,交叉混雜,63.0
5876,2026-08-28,43.33000030517578,43.340000534057616,43.35750026702881,43.29166685740153,4812660.6,55.590373038106115,61.448405315479974,-0.12477085081133055,-0.10326851576780297,-0.021502335043527582,44.507044420494175,46.345837295953615,44.638239578201755,43.35750026702881,42.07676095585587,-0.4785763475107385,交叉混雜,64.0
5878,2026-08-28,38.55999908447266,38.5549991607666,38.45999965667725,38.79583301544189,1636.6,19.662413557750785,28.047380773453195,-0.0449128339328837,-0.07440053893281236,0.029487704999928657,43.4752409324567,46.888808036613426,38.86078794805442,38.45999965667725,38.05921136530007,0.10400505376969707,交叉混雜,37.0
5880,2026-08-28,25.06999969482422,24.989999771118164,25.21067066192627,25.064390309651692,9727341.0,81.69658304862205,71.42409847259668,-0.10613754618121973,-0.11510960779828308,0.008972061617063348,62.31860986867242,51.90307691788732,26.914202978757057,25.21067066192627,23.50713834509548,0.1560027442392766,交叉混雜,65.0
5902,2026-08-28,34.74999923706055,34.74000015258789,34.60999984741211,34.46166655222575,12215.6,58.906447913924595,58.33903298296645,0.11641430686253074,0.10763001736662431,0.008784289495906428,60.279379162084275,58.37706873760999,35.10481558688723,34.60999984741211,34.115184107937,0.6934372371195688,多排,28.0
5903,2026-08-28,185.7,185.35,185.45,187.59166666666667,13051.6,70.69272388201358,63.08672806529354,-0.5094938648740026,-0.7132962806510615,0.20380241577705893,61.75354415178603,49.74902947183837,188.29512510131008,185.45,182.6048748986899,0.2965758964680568,交叉混雜,47.0
5904,2026-08-28,74.78000030517578,75.75,76.35499992370606,451.48499997456867,5805019.8,13.21627584156269,16.00934201974088,-98.31326959126231,-117.11743794948171,18.8041683582194,17.19738203438942,17.62485844502315,84.55165485251372,76.35499992370606,68.1583449948984,-2.8223469027793233,空排,1.0
5905,2026-08-28,7.874000072479248,7.902000045776367,8.005499982833863,8.313000027338664,441083.2,20.231757175176845,22.863400164853783,-0.1337843815162758,-0.12863241693980426,-0.005151964576471546,22.52375384907792,31.09023975774896,8.25701948992943,8.005499982833863,7.753980475738296,-2.6918995870705205,空排,24.0
5906,2026-08-28,39.19000015258789,38.59500007629394,38.99000015258789,39.84000015258789,2623.6,51.9429689375847,54.25554313230467,-0.16077835049782863,-0.23830533804755433,0.0775269875497257,37.414281143269186,42.849290991078654,41.81537465221952,38.99000015258789,36.16462565295626,-3.180303020608186,交叉混雜,8.0
5907,2026-08-28,5.017999935150146,4.965999984741211,4.951999974250794,4.956333327293396,430641.4,52.13026833147711,66.58304780700368,0.019835004503140574,0.012476841757744571,0.007358162745396003,42.21848631669757,47.431660847602146,5.097327112058241,4.951999974250794,4.806672836443346,-0.8481447305548222,交叉混雜,27.0
6005,2026-08-28,30.770000457763672,30.610000228881837,31.536752700805664,35.18391755421956,4113484.0,63.70792933306136,47.46475723038283,-0.9582875190560287,-1.1616936799196877,0.20340616086365904,63.43555573777959,46.9664830353683,35.17017889706276,31.536752700805664,27.903326504548566,-0.2750820247386938,交叉混雜,64.0
6015,2026-08-28,15.949999809265137,15.854999828338624,15.744999933242799,16.933333269755046,1341668.2,56.54359471172605,49.494199304142356,-0.08006481230294149,-0.20511141598235963,0.12504660367941814,67.50386723957357,56.55281579872206,16.51475707415785,15.744999933242799,14.975242792327746,4.160048828609762,交叉混雜,74.0
6016,2026-08-28,20.029999923706054,19.744999885559082,19.817499828338622,24.087962913513184,3570546.8,62.7211564372444,51.88335859220777,-0.617228008556129,-1.0010813630611162,0.38385335450498714,77.95566400577762,58.31903734028472,21.23960930812248,19.817499828338622,18.395390348554766,7.733067069033902,交叉混雜,79.0
6020,2026-08-28,20.64000015258789,20.585000228881835,20.747500038146974,21.743333276112875,12420.4,42.665859093582995,35.702017929203905,-0.2307059502799227,-0.29339486771449724,0.06268891743457455,60.26231108867597,49.5627004995023,21.222645336236194,20.747500038146974,20.272354740057754,0.49403707981343437,交叉混雜,55.0
6021,2026-08-28,39.20999984741211,37.98500022888184,36.482500076293945,37.974166584014895,130509.4,85.66131171790768,75.50921562064771,0.8254572482655931,0.30578261759744635,0.5196746306681468,83.1158393986215,69.15064433358232,40.60895838177978,36.482500076293945,32.35604177080811,8.956348706565896,交叉混雜,84.0
6023,2026-08-28,82.41999969482421,82.8,84.33499298095703,86.7373161315918,405569.2,30.633900931299063,27.484302420347937,-1.3442823400051367,-1.210699986922804,-0.1335823530823328,31.7142275103367,35.348560833250104,87.89456990902563,84.33499298095703,80.77541605288842,-2.7687118933943244,空排,53.0
6024,2026-08-28,62.26000061035156,61.85,61.064999961853026,61.99583880106608,208210.2,59.42303551191027,66.66672580948483,0.1085884357817335,-0.04351546725858857,0.15210390304032206,47.213110928615464,49.78417009676083,63.820492059894114,61.064999961853026,58.30950786381194,1.0398768549629227,交叉混雜,74.0
6026,2026-08-28,14.860000038146973,14.730000019073486,14.452499914169312,15.340833282470703,1041386.8,76.54501019526867,74.13601605988043,0.060003979150845765,-0.06493775305046823,0.12494173220131399,79.03928954742287,62.82643925431008,15.211637419868367,14.452499914169312,13.693362408470257,4.480196998068142,交叉混雜,65.0
6028,2026-08-28,94.7999984741211,96.89999923706054,91.54500007629395,83.33166631062825,36424.2,51.8132510722688,62.25908623353773,3.826599277955509,4.091809498233543,-0.26521022027803376,52.53982677847058,61.28123772776155,105.71546128044857,91.54500007629395,77.37453887213933,3.883334310846468,交叉混雜,48.0
6101,2026-08-28,37.95000076293945,38.01500015258789,36.79749984741211,39.47666645050049,252875.6,60.23671069471808,64.66482320359927,0.014938837679622452,-0.2866805569520158,0.3016193946316382,55.42155994813034,52.85802617690776,39.63103508610026,36.79749984741211,33.96396460872396,2.9961320280957366,交叉混雜,50.0
6103,2026-08-28,39.25000076293945,34.07000026702881,31.460000038146973,31.880833371480307,56797.0,96.66192680135973,90.60562858305266,2.656355484456043,0.6890351249109093,1.9673203595451336,93.0182493402403,86.02821242568832,42.21975011620817,31.460000038146973,20.700249960085777,49.39605830581667,交叉混雜,77.0
6104,2026-08-28,99.12000122070313,96.02000122070312,94.7700008392334,97.41833356221517,1077892.0,81.80849206080887,76.78309218877865,1.1333557115459598,0.004471172491095909,1.1288845390548639,62.126444470688575,59.22320723156013,100.73131514506363,94.7700008392334,88.80868653340318,4.7799959611787335,交叉混雜,42.0
6108,2026-08-28,23.7,24.170000076293945,21.590000057220458,19.23166675567627,5572040.0,60.59367971444369,63.306683541543514,1.739487809509086,1.5354656487839085,0.20402216072517754,72.41760999520667,71.72166002515401,27.734454447444698,21.590000057220458,15.445545666996217,19.036594232636265,交叉混雜,89.0
6109,2026-08-28,10.839999961853028,10.930000019073486,11.024999952316284,11.815000009536742,70176.8,35.6599310510722,30.92669855417602,-0.2427066440152572,-0.26607300629543895,0.02336636228018174,43.261448208482776,38.97284025870528,11.347000182575073,11.024999952316284,10.702999722057495,-1.1337898805137736,空排,46.0
6111,2026-08-28,36.35000076293945,36.365000534057614,36.89500007629395,40.45666681925456,120894.8,50.390706564547244,37.69807975411516,-0.9307787923205382,-1.1097642071803893,0.1789854148598511,62.94374088495077,46.61639755002829,38.211253322710725,36.89500007629395,35.57874682987717,0.4201088506466527,空排,12.0
6112,2026-08-28,44.90999984741211,44.72999992370605,44.73500022888184,44.16833330790202,216539.6,50.42104763870327,44.198073552184184,0.535502931408196,0.5367432895817612,-0.0012403581735651592,53.54123123954013,54.77980147563645,48.40394587196215,44.73500022888184,41.066054585801524,0.7041444206260217,交叉混雜,34.0
6113,2026-08-28,23.149999618530273,23.22999973297119,23.364999866485597,24.816666730244954,70666.4,26.78380638438653,24.41031682187348,-0.20213325480035138,-0.23165834659099538,0.029525091790643998,44.52320288358816,46.39186438022434,25.1506447094412,23.364999866485597,21.579355023529995,-1.3481730418363167,空排,48.0
6114,2026-08-28,25.4,25.48499984741211,26.0375,28.190000089009605,16001.8,37.23865583303156,32.27004437670807,-0.6797568700742502,-0.7138651590161371,0.03410828894188689,41.550489622522605,40.582135573947276,27.738544823301677,26.0375,24.336455176698326,-2.4483932077569963,空排,15.0
6115,2026-08-28,44.099999237060544,44.41499977111816,44.79999961853027,46.49416688283284,270119.0,10.754507455003985,14.119064734189253,-0.534337237448149,-0.5013983560732089,-0.032938881374940054,13.393613120378447,26.15835424919662,45.75421498115618,44.79999961853027,43.84578425590436,-1.7857134494246165,空排,37.0
6116,2026-08-28,14.410000038146972,14.175,14.002499914169311,15.60166670481364,34185714.2,61.451753852573205,54.138525462739125,-0.07020896409596489,-0.24552792817281735,0.17531896407685246,57.69084382046988,52.906385398314704,15.118637480666504,14.002499914169311,12.886362347672119,3.552937610285304,交叉混雜,86.0
6117,2026-08-28,62.380000305175784,61.95999984741211,63.69500045776367,69.25999978383382,133403.8,58.35937086028633,41.8239409702593,-1.6298828330384794,-1.8896310111921695,0.2597481781536901,54.4122788719158,43.52152666180811,67.7068135660217,63.69500045776367,59.68318734950564,-1.091138162758199,交叉混雜,7.0
6118,2026-08-28,15.29000015258789,15.314999961853028,15.472500038146972,16.315000009536742,61360.4,26.1075505538543,29.384761465843233,-0.24563199137794456,-0.2733695141699273,0.027737522791982716,33.08703656206083,36.67173231702524,15.865163068620125,15.472500038146972,15.079837007673818,-1.7611906815963438,空排,16.0
6120,2026-08-28,12.650000190734863,12.640000247955323,12.877500057220459,13.519166692097981,1231345.6,47.714736128598034,34.83182466426261,-0.182309078446119,-0.21787015037233443,0.03556107192621544,57.966351115637394,48.64011073324312,13.60621520628842,12.877500057220459,12.148784908152498,-0.6018238488932582,交叉混雜,49.0
6121,2026-08-28,400.6,399.4,397.85,400.825,451286.4,48.977508348124715,39.048108949506144,3.4262544280062457,2.8168276349947874,0.6094267930114583,57.59540805114247,54.84938614612853,438.5751377174491,397.85,357.12486228255096,1.9228352394118329,交叉混雜,68.0
6122,2026-08-28,48.720001220703125,48.240000534057614,47.48000030517578,48.716666793823244,186168.0,78.52432283323243,79.3537863721557,-0.057297315219543066,-0.30107830874751945,0.2437809935279764,62.758803616999835,53.91373127951516,49.35122336170565,47.48000030517578,45.60877724864591,2.4641980058613995,交叉混雜,57.0
6123,2026-08-28,43.369999694824216,43.18999977111817,43.027499961853025,42.94250011444092,34410.2,56.40574002768893,51.810339420916534,0.21030967813339174,0.17456721926498783,0.03574245886840391,66.72450856425485,59.55995862731464,44.07302942620633,43.027499961853025,41.98197049749972,1.098135003348744,多排,37.0
6124,2026-08-28,26.91999969482422,26.924999809265138,26.867499828338623,28.234166622161865,16180.2,44.48145801728478,39.946503450210095,-0.10221451308401797,-0.19306330265309574,0.09084878956907777,58.71008358761346,52.41437122160962,28.096652587532077,26.867499828338623,25.63834706914517,1.0514554461583447,交叉混雜,39.0
6125,2026-08-28,51.51999969482422,52.045000076293945,50.714999961853025,54.55666662851969,1186412.8,33.404695462956475,43.05999957039614,-0.03268174302478144,-0.3216043465081798,0.2889226034833984,44.710465154983375,48.355287741797106,55.01054285289526,50.714999961853025,46.419457070810786,0.5619639916422119,交叉混雜,5.0
6126,2026-08-28,29.800000381469726,29.660000228881835,30.275,33.72499993642171,282222.0,49.825853077546924,36.30937841309725,-0.6797971809732886,-0.8383247604455428,0.15852757947225427,48.699458203039775,42.439864355019914,31.804877485022168,30.275,28.74512251497783,-1.4037972536094865,交叉混雜,25.0
6127,2026-08-28,49.42000045776367,49.32000045776367,49.8,65.11249993642171,2986208.6,52.32957120766706,42.175628417985585,-2.4666354145374925,-3.3932216588853183,0.9265862443478259,60.01007968843509,47.17150952938015,52.69990906616002,49.8,46.90009093383998,2.008030596507128,交叉混雜,85.0
6128,2026-08-28,20.3,20.294999885559083,20.292500019073486,20.404166603088377,38376.6,41.66179638036589,40.49073620740971,0.006389421681365803,0.0034545521661202045,0.002934869515245599,49.25899421705395,49.91969273204694,20.590343185211992,20.292500019073486,19.99465685293498,0.03695561404465602,交叉混雜,27.0
6129,2026-08-28,13.449999809265137,13.619999885559082,14.049999952316284,15.823333247502644,525800.4,25.264939090165864,21.24887253161696,-0.5628955710998138,-0.5970324278862083,0.03413685678639444,28.737248416791417,33.63270745401904,15.039949602143013,14.049999952316284,13.060050302489556,-4.270463666102941,空排,21.0
6130,2026-08-28,27.050000381469726,27.610000228881837,26.610000133514404,25.315833441416423,103636.8,19.040309074687382,31.12734929757567,0.5646856283151678,0.6859335036433614,-0.12124787532819359,36.68471452138336,50.126490433391005,30.41686400537472,26.610000133514404,22.80313626165409,0.3382210784422209,交叉混雜,23.0
6133,2026-08-28,22.690000152587892,22.460000038146973,22.057499980926515,22.579166603088378,614192.2,49.29590208877933,45.357535331486375,0.23712488219367955,0.07961046241936112,0.15751441977431843,70.13391285808515,60.70101636171542,23.66644754446139,22.057499980926515,20.44855241739164,4.27292313221571,交叉混雜,68.0
6134,2026-08-28,28.489999771118164,28.184999656677245,27.737499809265138,30.164999993642173,138222.6,62.38369764196604,52.162841172875034,0.05880791560993259,-0.22853737892123036,0.287345294531163,74.62682425251054,58.79755122831739,29.445337792949548,27.737499809265138,26.029661825580728,4.010817773247828,交叉混雜,39.0
6136,2026-08-28,25.1,25.05,24.979999923706053,24.792500019073486,232548.0,73.71092311862598,61.605962327426184,0.1286390268056934,0.12597394381947002,0.002665082986223366,56.411033787457775,56.21479180184708,25.532886867675767,24.979999923706053,24.42711297973634,0.48038614143386243,多排,58.0
6138,2026-08-28,288.2,288.4,288.825,321.53333333333336,845298.4,56.04641455397085,44.981014688934856,-5.9333982991103085,-8.752734650482196,2.819336351371888,60.568963724668244,51.30658836504203,303.53723980228636,288.825,274.1127601977136,2.8304336535964723,空排,73.0
6139,2026-08-28,777.0,776.8,789.55,814.2333333333333,2076999.4,46.43059005912345,39.283092378960234,-7.340410508430978,-8.435528982973251,1.0951184745422733,46.31884262139063,47.11266486052591,832.329606553176,789.55,746.770393446824,-1.842821860553474,交叉混雜,88.0
6140,2026-08-28,17.25999984741211,16.89499988555908,16.84999990463257,18.781666612625123,66716.4,62.91673764666291,59.733710898458966,-0.20339846237636294,-0.3724699511202217,0.16907148874385874,53.81698276735881,49.34611403927806,17.66240360670216,16.84999990463257,16.037596202562977,1.4836823635139937,交叉混雜,4.0
6141,2026-08-28,51.08000030517578,46.900000381469724,40.73000040054321,38.10333331425985,6190532.2,93.9718006348705,91.63184318508749,4.50533367890381,2.4489303193843917,2.056403359519418,93.86015313429701,82.84010526017153,56.05714897570287,40.73000040054321,25.402851825383554,42.89221750698349,多排,98.0
6142,2026-08-28,8.803999900817871,8.936999893188476,9.221000003814698,9.400999975204467,414802.2,34.334979356389354,23.19631747056522,-0.21583923501157898,-0.17812348527648308,-0.037715749735095894,41.87277091847156,41.32516159732527,9.924372527338218,9.221000003814698,8.517627480291178,-3.806529856961374,空排,44.0
6143,2026-08-28,89.76000061035157,89.78000030517578,90.26500053405762,93.2733336130778,209103.4,41.14601631651696,38.82860743216512,-1.0610060137767192,-1.3001360699816356,0.23913005620491634,42.79689366738378,44.286088145675414,93.47437847531556,90.26500053405762,87.05562259279968,-1.069071596510662,空排,16.0
6146,2026-08-28,193.4,193.45,192.575,194.71666666666667,248918.6,50.37359238176229,55.69872282691657,-0.07875262274788497,-0.29444559448564656,0.21569297173776159,46.53329330371519,48.94115370023536,196.33454924509095,192.575,188.81545075490902,-0.03894586524730034,交叉混雜,54.0
6147,2026-08-28,176.3,169.5,161.25,190.99166666666667,38027687.2,72.24030673815518,70.50833753684879,1.4658787750348097,-3.6153800758081664,5.081258850842977,67.32011517269451,58.726050405854785,187.4707230218663,161.25,135.0292769781337,13.178294573643413,交叉混雜,96.0
6148,2026-08-28,27.91999969482422,27.835000038146973,28.0375,30.457499980926514,98852.0,53.88181571382075,37.7231113298277,-0.3700679440704917,-0.5340858709023791,0.16401792683188743,63.28286747176182,50.597714471293344,29.36052489218232,28.0375,26.714475107817684,0.9362433778352044,交叉混雜,9.0
6150,2026-08-28,61.31999969482422,60.48999938964844,59.739999771118164,60.428333346048994,153590.2,57.05354242095015,56.45290810539329,0.639601680641384,0.32580457046594724,0.31379711017543677,57.57713687479013,56.279891630789145,62.76995530407898,59.739999771118164,56.71004423815735,2.276529474746388,交叉混雜,32.0
6151,2026-08-28,36.210000610351564,36.400000381469724,35.865000343322755,37.80333340962728,74902.0,32.556387468335636,36.96336517065116,-0.07807593526955259,-0.22499401930252605,0.14691808403297346,52.99649357295038,51.019374154127384,38.03830726735312,35.865000343322755,33.69169341929239,1.2128785433534184,交叉混雜,61.0
6152,2026-08-28,13.9,13.944999980926514,13.735000038146973,13.485833326975504,590862.4,44.48278405934933,35.44355384827947,0.27425166022487524,0.28444365339727873,-0.01019199317240349,55.449716982235685,55.48281601607971,16.02021601767179,13.735000038146973,11.449784058622157,2.2934120983838584,交叉混雜,73.0
6153,2026-08-28,17.0,16.825,16.60499997138977,18.6450000445048,2711784.2,67.5522592195186,55.04512167893246,-0.0436046622884696,-0.2645027224697311,0.2208980601812615,79.17972597602514,62.16639488175939,17.8986688181587,16.60499997138977,15.311331124620839,6.89551358375822,交叉混雜,66.0
6154,2026-08-28,13.910000228881836,13.905000019073487,13.810000038146972,13.788333336512247,20828.4,53.34862660577255,47.96387295760691,0.07075660416909813,0.05658858874251482,0.014168015426583302,71.84134951334147,62.05756991267438,14.180774423534276,13.810000038146972,13.439225652759669,1.7378722080010525,多排,60.0
6155,2026-08-28,56.81999969482422,57.34000015258789,56.96500034332276,68.8141664505005,1608998.0,38.60357951533015,30.712748497411546,-1.277440971812993,-1.9452078458916071,0.667766874078614,63.476394165070936,52.60524849175609,62.92213699292596,56.96500034332276,51.00786369371956,3.923462487749595,交叉混雜,86.0
6156,2026-08-28,20.95999984741211,21.079999923706055,21.307500076293945,23.470833365122477,489300.4,47.19812206778674,36.45488248621867,-0.5736938586279194,-0.6899087104903323,0.11621485186241287,53.01099120857551,45.45347291692385,22.379279731712714,21.307500076293945,20.235720420875175,-0.26985838830486447,空排,60.0
6158,2026-08-28,16.49000015258789,16.54000015258789,16.682500171661378,17.558333333333334,23255.0,57.86414925396955,50.57241201304045,-0.30817988819067565,-0.34325908546575035,0.03507919727507469,34.780657875645346,35.00952269926847,17.211924300846118,16.682500171661378,16.153076042476638,-1.0939617550335252,空排,12.0
6160,2026-08-28,15.229999923706055,14.944999980926514,14.544999980926514,15.535833311080932,113058.6,52.40064294166734,55.81068384736112,0.05400090469591845,-0.1046007608307697,0.15860166552668814,51.39586900810119,52.322973111940726,15.819403832942047,14.544999980926514,13.27059612891098,3.128222892197643,交叉混雜,17.0
6161,2026-08-28,50.63999938964844,50.55,51.75999984741211,51.84666659037272,94427.0,34.84589891683221,29.838106538608926,-0.2976119759743483,-0.1694738523348592,-0.1281381236394891,42.06959092515521,46.09547503217521,56.07906399322048,51.75999984741211,47.44093570160374,-2.8207121612357593,交叉混雜,61.0
6163,2026-08-28,42.6,42.929999923706056,42.275,45.06749992370605,398117.2,36.15068623561041,33.500675574725605,-0.10909743032897978,-0.38925911729304247,0.2801616869640627,58.0249843993605,53.046876929558884,45.24936381661653,42.275,39.30063618338347,2.4245990232065013,交叉混雜,72.0
6164,2026-08-28,12.230000114440918,12.05,11.9375,12.84583330154419,586295.8,60.22702908317914,59.591089063992314,-0.07189525614919567,-0.2013015060697319,0.12940624992053623,63.840173865288726,54.777635432833286,12.422946260071956,11.9375,11.452053739928044,3.455500577756872,交叉混雜,66.0
6165,2026-08-28,47.939999389648435,47.68499908447266,48.65749969482422,48.938333129882814,156510.6,51.70198974258012,38.68750045803855,-0.3813046742031503,-0.35697447217684597,-0.024330202026304315,55.03050736428536,48.5884205481318,51.11005556622753,48.65749969482422,46.204943823420905,-0.7347283769324021,交叉混雜,52.0
6166,2026-08-28,117.7,120.15,127.975,134.06666666666666,1036094.2,12.36136606062183,13.82830376213709,-4.896760551834959,-3.5193138080686204,-1.3774467437663382,31.91597902104975,38.67513757870743,147.38599796778172,127.975,108.56400203221826,-8.966595038093374,空排,88.0
6167,2026-08-28,10.719999885559082,10.66999979019165,10.574999856948853,11.213333257039388,247486.2,56.02327776466689,56.97275992959625,-0.051362537219675986,-0.13215063298905758,0.08078809576938159,59.79800729156782,53.711335925322935,10.867898330567229,10.574999856948853,10.282101383330478,2.1276627596184965,交叉混雜,24.0
6168,2026-08-28,28.379999923706055,26.545000076293945,25.60750017166138,26.59833329518636,8349585.6,78.84526650347601,74.4608306383238,0.8371601395688337,0.19079983622475913,0.6463603033440746,73.79005369882758,66.28142291522218,29.11662711415414,25.60750017166138,22.098373229168615,12.66230669949061,交叉混雜,82.0
6170,2026-08-28,48.400000762939456,48.010000228881836,47.32250003814697,49.045000076293945,169526.0,82.09228605749912,82.31498435858568,0.19848163803820285,-0.10252731009150198,0.3010089481297048,68.83301237281601,62.62998665301487,49.03452418458626,47.32250003814697,45.61047589170768,2.910879018822064,交叉混雜,42.0
6171,2026-08-28,25.120000076293945,24.25999984741211,24.037499809265135,23.82749996185303,94811.2,77.41316760884062,61.763852489020536,0.4821720132213194,0.1738848163917875,0.30828719682953193,85.45809533901007,75.22590814933415,25.996251954933847,24.037499809265135,22.078747663596424,9.828392420223855,多排,54.0
6173,2026-08-28,212.2,211.3,196.1,230.44166666666666,9850228.8,68.07329471672762,60.548697034351335,4.605652171472343,-0.7008879516990327,5.306540123171375,73.12541003871974,62.805559795818546,244.3074464656339,196.1,147.8925535343661,21.876593574706785,交叉混雜,98.0
6174,2026-08-28,45.04999923706055,44.69499969482422,43.69999980926514,48.6275000890096,851632.2,61.344434415306225,56.1276134913701,-0.3807306449825205,-0.8933292195490207,0.5125985745665002,58.095890554050165,52.163689209420134,47.5461186369924,43.69999980926514,39.85388098153788,4.23340832006864,交叉混雜,91.0
6175,2026-08-28,73.71999969482422,74.51999969482422,75.57000007629395,91.80999972025553,1153381.8,41.14992024575169,29.450269897637472,-3.3340940994867907,-4.150554732915422,0.8164606334286315,62.031895883774325,48.071985612014025,79.93063808291687,75.57000007629395,71.20936206967103,1.6276339476274648,空排,83.0
6176,2026-08-28,97.63999938964844,103.02000045776367,95.89500045776367,91.07833328247071,3278682.6,18.661415500758693,41.76393932152173,2.734648947389104,3.5477728855733788,-0.8131239381842748,26.684271168442663,43.68706231740187,118.11016692233964,95.89500045776367,73.6798339931877,-2.9146482822883124,交叉混雜,11.0
6177,2026-08-28,47.80999984741211,47.975,47.91499977111816,47.05666662851969,1318460.8,51.18401297238832,51.93924637403114,0.15588448171376967,0.24605511159321106,-0.09017062987944138,44.01797381067378,48.19758128682452,49.0685300227951,47.91499977111816,46.76146951944122,-0.7617667448631119,交叉混雜,65.0
6179,2026-08-28,28.070000076293944,27.59000015258789,27.252499961853026,26.135833295186362,3692093.2,59.55493672617084,44.87256035049553,0.6736718603118916,0.4606653611793712,0.21300649913252045,80.01561150060738,69.53560660519668,29.42928537378854,27.252499961853026,25.07571454991751,11.549397894075748,多排,76.0
6180,2026-08-28,42.14999923706055,41.654999542236325,41.51749954223633,44.56999969482422,360046.2,66.34516980167949,64.08020632276161,-0.3469845647750063,-0.6444156739103029,0.2974311091352966,60.45973087309113,51.67716956067103,42.7363317604936,41.51749954223633,40.29866732397906,1.8847466814039933,交叉混雜,21.0
6182,2026-08-28,108.8,111.2,106.225,118.95833320617676,63009546.6,25.826985776664188,34.654177977534275,-2.187563076774964,-3.201231468818028,1.0136683920430638,52.93678084648241,49.25161819887827,123.26339334441639,106.225,89.1866066555836,3.5537773593786826,交叉混雜,98.0
6183,2026-08-28,93.43999938964843,93.40000076293946,93.03000068664551,91.25500005086263,44754.6,49.26920557623849,58.41760424938339,0.4532810994476222,0.620175554127635,-0.16689445468001285,26.901896647337338,39.43887282612099,95.12269474941486,93.03000068664551,90.93730662387615,-2.182092520329214,多排,43.0
6184,2026-08-28,41.46999969482422,41.64499969482422,41.944999885559085,43.405833117167155,86044.6,10.626013585977683,12.173465814997666,-0.4245394837071004,-0.4145126747454196,-0.010026808961680789,10.173144119267363,19.71975880009795,42.68334798912923,41.944999885559085,41.20665178198894,-1.8953352291076828,空排,20.0
6185,2026-08-28,12.710000038146973,12.914999961853027,13.332499933242797,13.911666647593181,382933.2,15.698350856071796,15.529839518039946,-0.34861493600686444,-0.2827226766263894,-0.06589225938047505,26.585328122668344,28.315541975551298,14.276330216162048,13.332499933242797,12.388669650323546,-5.119072327994548,空排,20.0
6186,2026-08-28,32.96042098999023,32.975210952758786,35.08510570526123,39.70170186360677,536978.6,19.145160844960134,20.69309617192505,-2.114080060343788,-2.1444254024721605,0.030345342128372366,21.01044112851686,21.9126474211713,41.56969365189388,35.08510570526123,28.600517758628577,-7.368100090613594,空排,4.0
6187,2026-08-28,1314.0,1298.0,1214.5,1100.6333333333334,3461400.4,70.48819499367636,65.90886915184143,77.333260624589,63.28345617452483,14.049804450064173,62.17175519126989,60.75141890292533,1450.0933159627452,1214.5,978.9066840372548,12.39193083573487,多排,97.0
6188,2026-08-28,68.38000030517578,68.69999923706055,69.975,73.8383332570394,546202.6,40.70401450049682,29.66579341811011,-1.0897164716634649,-1.2261164019041804,0.1363999302407155,47.15961634850866,44.37877230353728,73.04942840500517,69.975,66.90057159499482,-1.679166771335737,空排,5.0
6189,2026-08-28,48.630000305175784,48.24500045776367,48.51500015258789,50.20083344777425,349162.0,51.01023055721926,51.68953918143218,-0.19095332553156652,-0.2537346261316805,0.062781300600114,44.504957066969766,46.93550452152452,49.97682915228207,48.51500015258789,47.053171152893704,-0.7523418026610307,交叉混雜,50.0
6190,2026-08-28,67.96000061035156,66.85,67.18000068664551,73.8800002415975,2074660.0,67.94546257010172,52.37501678524512,-0.8017973858353145,-1.6279205529533851,0.8261231671180707,74.82617223503271,58.22541922351726,70.47503718450149,67.18000068664551,63.88496418878954,5.090797488121238,交叉混雜,79.0
6191,2026-08-28,82.37999877929687,83.01999969482422,84.05999984741212,92.47333335876465,1507894.6,44.51445301053664,31.98777426777268,-2.011459026711279,-2.4273389224974564,0.41587989578617757,62.66290656140786,49.005462222390946,88.0880078751316,84.05999984741212,80.03199181969264,0.7613574851199283,空排,15.0
6192,2026-08-28,116.4,116.4,116.375,117.91666666666667,99839.0,65.33274775982969,48.81226239130443,0.028575761081697237,-0.15420901682586519,0.18278477790756242,61.25530148358862,54.3750518598422,120.38649663631547,116.375,112.36350336368453,0.966702470461869,交叉混雜,52.0
6194,2026-08-28,29.620000457763673,29.57000026702881,29.647500228881835,30.9141668955485,28301.2,56.992726695398865,41.60276268861403,-0.2385527102267453,-0.32924339196341823,0.09069068173667294,65.10257370189908,47.55668427479623,29.985411921067794,29.647500228881835,29.309588536695877,0.34572820752797273,交叉混雜,26.0
6195,2026-08-28,27.889999771118163,27.814999771118163,27.807499980926515,26.959166685740154,7474.0,26.406612071116676,31.59483344792499,0.2530738974723441,0.31131861708241415,-0.05824471961007005,53.810021171759836,56.390504069754286,29.012435095802857,27.807499980926515,26.602564866050173,0.3326427678403485,多排,63.0
6196,2026-08-28,492.0,496.05,499.7,523.9833333333333,931768.4,47.28399302340671,40.56058788528824,-5.984687235896672,-6.45190841460338,0.46722117870670754,45.98606954694372,46.104245866375635,517.6660498543242,499.7,481.73395014567575,-1.4408645187112246,空排,90.0
6197,2026-08-28,302.7,300.1,303.45,322.7,1070049.0,67.93109693060461,53.071851750863935,-2.4123737115170343,-4.253939882140068,1.8415661706230333,63.09798277246005,53.35274448811711,318.2713927891558,303.45,288.62860721084417,1.9937386719393677,交叉混雜,90.0
6199,2026-08-28,93.04000091552734,94.03000030517578,96.20499992370605,98.53833312988282,772392.8,14.338226333123892,13.532529349462791,-1.7661785902720482,-1.4129342815356938,-0.3532443087363544,40.880275986161955,42.47935740042286,101.85159967530879,96.20499992370605,90.55840017210332,-3.0195903271680336,空排,56.0
6201,2026-08-28,44.779999542236325,44.749999618530275,45.45,47.4650000890096,15364.4,56.58806249623461,48.82244143943323,-0.8647011070687824,-0.9054357424661512,0.04073463539736877,32.42660945065572,31.81811127816134,47.90528505119542,45.45,42.994714948804585,-1.8701903759711969,交叉混雜,18.0
6202,2026-08-28,58.02000045776367,57.90999984741211,59.475,61.0275000890096,1092397.8,52.14964950335967,38.15361049227825,-0.42362344864780255,-0.531964234659174,0.10834078601137143,59.73892279389977,51.927533931540395,64.37392641756563,59.475,54.57607358243437,-0.1261008392115934,交叉混雜,78.0
6203,2026-08-28,59.76000061035156,59.97000007629394,60.53999996185303,64.67666651407878,59528.8,10.771947619109142,13.856289104745258,-1.29863302718163,-1.421142813901467,0.12250978671983703,24.258071964005012,29.267807872399587,62.56760010504326,60.53999996185303,58.51239981866279,-1.5526948931685491,空排,14.0
6204,2026-08-28,85.22000122070312,83.96000061035156,81.31500015258788,92.80666675567628,349230.8,63.907060034685685,60.924786830240784,0.8030973174136591,-0.6274605586668208,1.43055787608048,65.65875767447719,58.99196455128531,92.11622404960414,81.31500015258788,70.51377625557163,8.713031248842146,交叉混雜,71.0
6205,2026-08-28,63.66000137329102,62.53000106811523,61.77000045776367,68.13166688283285,813994.4,55.696327412888856,46.79305408161852,0.050503157779552055,-0.9149331053512043,0.9654362631307564,68.83923564270829,59.76267657391173,66.29413601444396,61.77000045776367,57.24586490108338,6.524206838479346,交叉混雜,79.0
6206,2026-08-28,140.0,141.6,143.625,133.76666666666668,1404670.0,28.67192884653852,28.483430247204303,1.8474959623597442,3.0178604157752034,-1.1703644534154591,41.49194033978755,48.54705635681378,155.14100716623048,143.625,132.10899283376952,-3.5683202785030463,交叉混雜,79.0
6207,2026-08-28,106.0,104.8,104.99500007629395,125.02666664123535,3910770.4,61.59408574570291,47.223697514318175,-2.6327290689352623,-4.324599107431607,1.6918700384963445,65.00274014372656,53.64441091283372,113.54220010352626,104.99500007629395,96.44780004906164,5.719319890797235,交叉混雜,92.0
6208,2026-08-28,82.0999984741211,81.93999938964843,81.98999977111816,86.62500025431315,173529.8,69.40625350934845,58.741929890695666,-0.7303572874570676,-1.128624808139241,0.3982675206821733,64.76219493644464,50.68709056914742,83.4723882683152,81.98999977111816,80.50761127392113,0.8659558227906319,交叉混雜,86.0
6209,2026-08-28,72.93999938964843,70.89999923706054,71.75499954223633,76.61166667938232,11608766.4,66.50290891673914,52.26392037810791,0.18567073139878687,-0.8087156352862893,0.9943863666850762,73.18037062684175,60.19349103598172,78.31660160085217,71.75499954223633,65.1933974836205,6.891502247303529,交叉混雜,83.0
6210,2026-08-28,17.85,17.524999809265136,17.557499885559082,19.140833314259847,7082.4,81.4170707964731,67.99587222442833,-0.27820317141500084,-0.4421822531611147,0.16397908174611386,72.6781985112739,53.2081395379573,18.352401618845132,17.557499885559082,16.762598152273032,2.8050653835204753,交叉混雜,34.0
6212,2026-08-28,31.190000152587892,30.545000267028808,29.870000267028807,29.010000069936115,1440.0,78.55820447726396,89.76344408726288,0.6151649491149627,0.47258964889389393,0.14257530022106873,56.410846909939856,63.04764968202416,31.703719389762384,29.870000267028807,28.03628114429523,2.9460988453440247,多排,33.0
6213,2026-08-28,548.1,521.65,460.65,364.3333333333333,26702934.2,81.29441178901023,80.07434734619515,58.672259968362084,48.529673163891786,10.142586804470298,76.28022135688357,74.94307868576425,627.9285574706835,460.65,293.37144252931654,26.343210680560087,多排,99.0
6214,2026-08-28,181.1,179.5,164.85,147.73333333333332,1827315.4,82.0261179550481,86.09294722592846,10.426293946497339,9.263820675174145,1.1624732713231936,75.4611192378111,74.95774948740915,197.43850297751894,164.85,132.26149702248105,9.796784956020629,多排,87.0
6215,2026-08-28,97.5199981689453,98.88999938964844,99.28499946594238,102.87166646321614,575393.6,27.87196939772426,24.432220552632174,-0.6644039221632312,-0.677409754637973,0.013005832474741852,47.86799503819804,48.10673626435884,107.23306212373609,99.28499946594238,91.33693680814866,-0.891371249256088,空排,12.0
6216,2026-08-28,21.479999923706053,21.854999923706053,21.987499809265138,22.38999996185303,190897.0,15.501494503953253,25.125508478818787,-0.245283049586007,-0.11518649440548188,-0.1300965551805251,17.377121927932222,28.757430886382906,23.004137566981846,21.987499809265138,20.97086205154843,-4.9459929513068674,空排,12.0
6217,2026-08-28,163.2,160.05,156.975,199.21666666666667,4126976.2,60.27827975123558,47.782330698767595,-3.902007526705262,-8.927127868568501,5.025120341863239,69.93692915003476,57.06302125786874,183.85186346048846,156.975,130.09813653951153,11.482720178372356,交叉混雜,96.0
6218,2026-08-28,39.869999694824216,38.94499969482422,36.80249967575073,35.711666425069176,1880646.6,69.7389086560577,73.98460964734875,1.4545739789329204,0.984841249234253,0.4697327296986674,75.49931785528906,68.55428708401105,41.90198133798999,36.80249967575073,31.703018013511475,10.590316205496217,多排,90.0
6219,2026-08-28,12.27000026702881,12.245000171661378,12.285000038146972,12.722500054041545,71700.8,52.909313519879646,52.53952517831148,-0.12275205909033637,-0.13800421496950815,0.01525215587917178,32.16131609273117,40.22881577357928,12.538605689522281,12.285000038146972,12.031394386771662,-1.5058987065754224,交叉混雜,10.0
6220,2026-08-28,25.769999694824218,25.724999809265135,25.89249982833862,30.705833212534586,227597.0,48.60901018013509,43.191043483309,-0.9113364649212734,-1.2139043279262385,0.3025678630049651,51.77799641953632,43.56203979842415,26.621071101360442,25.89249982833862,25.1639285553168,0.028965106657810998,交叉混雜,49.0
6221,2026-08-28,22.429999923706056,22.475,21.88499994277954,22.304166666666667,100583.8,40.07085420078831,59.68414062515943,0.1653335503633322,0.14313533941062218,0.022198210952710018,34.17754609066098,44.777969789148656,23.597215962255287,21.88499994277954,20.172783923303793,-0.8453241047465639,交叉混雜,7.0
6222,2026-08-28,20.179999923706056,20.160000038146972,20.345000076293946,20.557499980926515,14402.0,42.62300502845477,42.28986328742369,-0.13156186966509154,-0.12924256925142236,-0.0023193004136691786,40.07096370984524,43.42218911237745,21.029336498524508,20.345000076293946,19.660663654063384,-1.449991831541623,交叉混雜,50.0
6223,2026-08-28,5265.0,5376.5,5809.5,6075.583333333333,1313172.6,24.60847979708496,26.577907701651938,-228.49477849129016,-141.68301084982477,-86.8117676414654,29.54795863969649,37.428767988379825,6836.216278136016,5809.5,4782.783721863984,-13.417677941303038,空排,95.0
6224,2026-08-28,77.3,73.19000015258788,65.6,69.09333330790201,1489637.2,78.10148638052509,85.19099266447859,4.000877505060814,2.1845253822560338,1.8163521228047799,59.532940759612835,62.65816031041015,83.50877476215787,65.6,47.69122523784212,13.567073170731717,交叉混雜,85.0
6225,2026-08-28,66.23999938964843,58.91647186279297,43.95573625564575,30.296912002563477,215412.2,66.64647585153183,80.07501515000129,10.84460211995436,8.775153498004167,2.069448621950192,54.92718868551452,64.0141296905658,79.62698578175281,43.95573625564575,8.284486729538692,35.36344756904786,多排,98.0
6226,2026-08-28,28.4,24.68000011444092,22.83499984741211,20.384166542689005,26919507.2,93.45962939869031,81.30643526243271,2.3034489957514097,0.9784282957859799,1.32502069996543,92.20802553705552,80.56218078629784,30.720770124752335,22.83499984741211,14.949229570071887,48.894242291195894,多排,99.0
6227,2026-08-28,118.6,118.7,121.6,119.775,1065335.6,30.883676118554494,30.39766424702868,-0.054322742927865875,0.610571336418086,-0.6648940793459519,34.831763602465,41.37576319618278,130.13845789108697,121.6,113.06154210891302,-7.072368421052627,交叉混雜,70.0
6229,2026-08-28,23.6,23.779999923706054,23.685000038146974,25.034166717529295,48622.6,43.041597739106095,37.16056621288932,-0.17565309117255268,-0.2738648643330312,0.09821177316047852,65.93809650042036,54.303888683814186,24.522351995869954,23.685000038146974,22.847648080423994,1.7521652634762697,交叉混雜,47.0
6230,2026-08-28,108.4,108.25,108.85,118.83333333333333,25242.8,43.94235086730896,32.49456208934327,-2.0156132953988504,-2.7047780543980475,0.6891647589991972,55.50368365977329,48.13161690012484,112.33077426352831,108.85,105.36922573647168,0.597152044097387,交叉混雜,11.0
6231,2026-08-28,214.5,215.85,219.325,248.575,180023.0,43.1675204955704,31.171313533621877,-6.064566464282677,-7.793476154778018,1.7289096904953407,60.34550534594251,48.988467470614275,230.84283514013816,219.325,207.8071648598618,0.5357346403738795,空排,35.0
6233,2026-08-28,21.579999923706055,21.370000076293945,21.329999923706055,22.969166660308836,130251.0,60.53096994113452,52.49407171616096,-0.20011822738979745,-0.37250708025096807,0.17238885286117062,65.08751673878609,52.867291558279284,22.496822468872434,21.329999923706055,20.163177378539675,2.2034660808045166,交叉混雜,40.0
6234,2026-08-28,35.95999984741211,35.820000076293944,35.63000011444092,40.02083342870076,246995.6,60.963683711215026,47.06920812687348,-0.5147104659483333,-0.920453699896558,0.40574323394822476,64.55482296164263,52.83740208675008,38.41783098573351,35.63000011444092,32.84216924314833,3.2837471761484096,交叉混雜,75.0
6235,2026-08-28,38.49000015258789,38.25,38.642499923706055,40.004166730244954,295733.2,56.615711735216045,45.66476180030569,-0.28838004295563735,-0.4575528166878697,0.16917277373223233,58.37743087252301,51.58524343238211,39.968068623265694,38.642499923706055,37.316931224146416,0.6663689012906792,交叉混雜,5.0
6237,2026-08-28,34.30999984741211,34.00499992370605,34.04999980926514,39.07249984741211,127053.6,71.54840106804232,56.37112465097335,-0.6887866657821462,-1.1339620765410694,0.4451754107589232,71.01214817921328,53.9563736047306,35.31449501420682,34.04999980926514,32.78550460432346,3.377389016493901,交叉混雜,11.0
6239,2026-08-28,278.6,273.5,271.6,298.15833333333336,17407559.6,60.34522954218865,52.89327936043325,-0.9316706888395174,-4.057603200702392,3.1259325118628745,65.19835026318131,56.38498955226657,296.65278637723117,271.6,246.54721362276888,5.670103092783496,交叉混雜,84.0
6240,2026-08-28,22.74000015258789,21.795000076293945,20.595000076293946,18.98416659037272,72821.0,69.32334794781117,76.36495220941687,1.1167209949480217,0.8542670984668739,0.2624538964811478,71.67798548520861,69.50864871328123,23.598664631153923,20.595000076293946,17.59133552143397,11.67759123474998,多排,78.0
6241,2026-08-28,17.76637191772461,17.860929679870605,16.560464906692506,15.566154940923054,143301.6,67.09283819017556,72.78931783316662,0.6389002162730861,0.5213610122123036,0.11753920406078255,59.105164341996954,58.43754455669297,20.339075046184877,16.560464906692506,12.781854767200134,8.390681445696616,交叉混雜,90.0
6242,2026-08-28,34.01999969482422,34.01999969482422,34.23499946594238,35.64416669209798,2115.2,48.59175543105724,46.219864942987584,-0.37518225773041536,-0.4398821306292544,0.06469987289883905,49.988450433460436,38.00499083753381,34.85577946520706,34.23499946594238,33.6142194666777,-0.39433618789913444,交叉混雜,25.0
6243,2026-08-28,41.83000030517578,42.589999771118165,44.687499809265134,42.20999994277954,1059659.2,23.616750023419932,19.510935982923545,-0.950907304653164,-0.4140529684161298,-0.5368543362370342,36.470820624187084,42.447102845387576,50.209882616668786,44.687499809265134,39.16511700186148,-6.909093926315169,交叉混雜,80.0
6244,2026-08-28,24.429999542236327,24.879999732971193,24.527500057220458,26.029166730244956,2077057.8,14.637318840251393,25.019303829029102,-0.1595706884084045,-0.20330436191733636,0.04373367350893187,44.660218604980464,47.55584858543721,26.22159983244492,24.527500057220458,22.833400281995996,-0.5198264739281909,交叉混雜,58.0
6245,2026-08-28,82.67999725341797,82.67999877929688,83.30999946594238,81.69333305358887,415842.0,45.679801937335206,36.99756295470224,0.3880871527251628,0.5400277578143929,-0.15194060508923013,51.81920936036055,51.6696856340809,89.39532261886394,83.30999946594238,77.22467631302082,-0.13203999328455762,交叉混雜,67.0
6246,2026-08-28,12.369999885559082,12.35,12.467500019073487,14.02333335876465,16070.0,24.131757111538196,26.212870102273342,-0.32780730789476387,-0.41451831724832533,0.08671100935356146,42.08269620047715,42.03850567652154,13.019315399454483,12.467500019073487,11.915684638692492,-1.7445359433787302,交叉混雜,20.0
6248,2026-08-28,17.289999771118165,17.770000076293947,17.775000190734865,17.960833517710366,149898.0,30.160542995335224,45.76809012770562,-0.1463437771912517,-0.03594899036414645,-0.11039478682710524,28.501442191596155,35.0313348988641,18.743721888245865,17.775000190734865,16.806278493223864,-3.797467240630347,空排,20.0
6257,2026-08-28,204.6,202.8,203.8,217.725,5909671.4,59.720407605855684,43.525850953286266,-1.90915494976025,-3.8988126378091494,1.9896576880488994,80.32611708986113,61.6988467788115,215.81928275292293,203.8,191.7807172470771,7.458292443572123,交叉混雜,92.0
6259,2026-08-28,30.230000305175782,30.510000228881836,30.607500076293945,33.02749993006388,423455.0,33.96666225452213,26.98050930599737,-0.5254510682535454,-0.677868729587525,0.1524176613339796,66.35760776471994,53.89558683965783,33.02351600910102,30.607500076293945,28.191484143486868,3.732744983609234,空排,91.0
6261,2026-08-28,79.76000061035157,78.41999969482421,78.30499992370605,86.78499984741211,638708.2,46.315682765823674,47.77489587812843,-1.2579766476983139,-2.0720694243179887,0.8140927766196748,50.52596319694682,47.79118369958651,81.70002750301232,78.30499992370605,74.90997234439978,0.8875551714080863,交叉混雜,51.0
6263,2026-08-28,164.2,163.25,160.8,159.5,86806.2,71.70557832022303,69.69563380655347,2.2269859544982467,1.5838170163655074,0.6431689381327392,71.0660354802833,61.54424036044654,168.8811671903246,160.8,152.71883280967543,2.922885572139296,多排,72.0
6264,2026-08-28,6.038000106811523,6.034000110626221,6.044500088691711,6.0626667181650795,26220.0,83.48287117364734,83.54756924893377,-0.00523910742135314,-0.007758363487644345,0.0025192560662912053,68.47504415078566,55.54795796132769,6.073135634271047,6.044500088691711,6.015864543112375,0.2564290488940133,交叉混雜,30.0
6265,2026-08-28,59.07999954223633,59.26999969482422,56.917499732971194,53.51083329518636,5900133.8,30.317878694215167,37.55594370037313,2.1768774175542873,2.3671458565485537,-0.19026843899426638,43.74230230880795,52.09997064334026,65.79225911170411,56.917499732971194,48.042740354238276,0.32063731190950673,交叉混雜,97.0
6266,2026-08-28,25.129999923706055,25.089999961853028,24.8625,25.28916670481364,95045.4,63.28580860440181,66.12853865493544,0.03266292430855344,-0.017541415225894398,0.05020433953444784,43.90241526690614,49.83619093173024,25.776643331903617,24.8625,23.948356668096384,0.5530417295123149,交叉混雜,21.0
6269,2026-08-28,67.60000152587891,65.76000099182129,64.57500038146972,64.79666697184244,9435772.6,68.3043773414397,51.98828700851119,2.2909812141595864,1.1739504850203961,1.1170307291391903,84.24747685409673,71.99202078015448,73.96388039660279,64.57500038146972,55.18612036633665,16.144017896934944,交叉混雜,77.0
6270,2026-08-28,29.54000053405762,29.85500011444092,29.89749994277954,33.16833324432373,119335.8,52.40430459684225,41.84756918951943,-0.4838007687345929,-0.6203625286520181,0.13656175991742525,53.7318373306139,47.89751989462638,31.147962401082832,29.89749994277954,28.647037484476247,0.17560271012758327,空排,76.0
6271,2026-08-28,205.1,200.1,195.375,217.18333333333334,4508658.8,76.15637752348934,64.99596859010236,1.0495849355386042,-2.7593382892275002,3.8089232247661045,82.37771121412773,64.13636042166486,215.2081859053913,195.375,175.5418140946087,10.044785668586051,交叉混雜,84.0
6272,2026-08-28,24.079999923706055,23.714999961853028,24.044999885559083,28.34166669845581,127263.8,66.13522857594955,43.250252867295856,-0.7319867553161927,-1.1630781507927712,0.4310913954765785,83.03133833626606,63.785360278037025,25.815488911057685,24.044999885559083,22.27451086006048,10.210023398317162,交叉混雜,2.0
6274,2026-08-28,1481.0,1512.0,1503.0,1494.25,5584484.8,30.40404708480927,32.22329430543007,23.519954459128485,29.94636897259352,-6.4264145134650335,48.80930819251828,51.028272089675774,1706.3508764362125,1503.0,1299.6491235637875,-0.8649367930805056,交叉混雜,97.0
6275,2026-08-28,45.2,44.625000381469725,44.22500019073486,46.16249993642171,404582.6,61.05971234858363,53.7673810056439,0.08018499104085208,-0.28439813045941087,0.36458312150026295,61.09779312262387,56.276551263919835,46.222498833335386,44.22500019073486,42.227501548134335,3.3352189165475803,交叉混雜,35.0
6276,2026-08-28,20.250000381469725,19.780000305175783,19.88000020980835,21.6416667620341,26464.6,61.082573523905744,60.00513097635472,-0.24727993517748104,-0.47095307173976586,0.22367313656228482,60.62019729272034,52.147692664586785,21.190042730074058,19.88000020980835,18.569957689542644,1.861165926995812,交叉混雜,2.0
6277,2026-08-28,80.35999908447266,81.95999908447266,80.67499923706055,76.07999954223632,271387.4,16.343892893450814,28.8241053403296,1.034390474323672,1.5772624318728123,-0.5428719575491403,38.230576874009024,47.61833195094449,86.48854856016628,80.67499923706055,74.86144991395481,-1.7043646709711868,交叉混雜,76.0
6278,2026-08-28,193.5,185.6,174.6,182.71666666666667,10978807.0,82.02417789214266,79.78131199866027,7.196840161093377,2.6017408998195783,4.595099261273798,71.95088703908317,65.60329358067341,205.5661954905312,174.6,143.6338045094688,15.406643757159225,交叉混雜,89.0
6279,2026-08-28,127.1,127.35,126.075,121.26666666666667,369883.4,58.60220469549478,58.31158221693458,2.0429639715410133,2.27488702329109,-0.23192305175007677,50.91149900850353,57.06326728251103,134.46217692922238,126.075,117.68782307077763,0.7336902637319034,交叉混雜,59.0
6281,2026-08-28,51.55999984741211,51.489999771118164,51.525,51.52999986012777,27692.4,53.57992841706313,61.72439483948614,-0.024311662691985703,-0.009927520173721407,-0.014384142518264295,36.239796596404,44.224019384887754,51.954810874888935,51.525,51.09518912511106,-0.4366827034244574,交叉混雜,24.0
6282,2026-08-28,44.81999969482422,45.18499984741211,46.54000015258789,52.02999998728434,5573728.4,36.17667922312894,27.394526606589743,-1.37310450412442,-1.5284965481417132,0.15539204401729312,47.31496398457073,44.024176918210614,50.19262716981933,46.54000015258789,42.887373135356455,-2.6643766898621193,空排,49.0
6283,2026-08-28,20.020000076293947,20.060000038146974,20.122500038146974,21.872499974568687,87161.8,46.8292327728624,51.33398163284795,-0.3428710697138797,-0.43907214881295575,0.09620107909907605,45.25627352247323,41.82427652856842,20.431104683034718,20.122500038146974,19.81389539325923,-0.6087714643545593,空排,10.0
6284,2026-08-28,77.84000091552734,77.48000030517578,77.39000015258789,88.46333338419596,1289487.8,59.898143914778466,47.33915457797824,-1.4021759423460054,-2.405054202761795,1.0028782604157898,67.91422408161822,55.27074179730609,81.337496646194,77.39000015258789,73.44250365898178,5.181549767908775,交叉混雜,35.0
6285,2026-08-28,239.6,238.5,243.475,250.84166666666667,4409576.2,55.09156292572965,42.12293053622527,-1.7135845445954772,-2.6670319841304897,0.9534474395350125,64.11999102603596,53.706269144751495,260.3350274707911,243.475,226.6149725292089,1.447787247150634,交叉混雜,88.0
6290,2026-08-28,241.5,228.25,221.8,261.775,7126498.8,83.1749340918625,75.48985337762147,-0.7862728597241642,-7.3417807438086875,6.555507884084523,72.62957675092079,60.55912204906925,247.94816084908484,221.8,195.65183915091518,11.812443642921545,交叉混雜,78.0
6291,2026-08-28,393.4,387.8,381.875,445.26666666666665,920432.8,60.32287737108348,54.87716326241928,-2.4783704422493997,-9.65746074802023,7.1790903057708295,56.97690677464882,53.26601039452911,416.9041232217501,381.875,346.8458767782499,4.877250409165303,交叉混雜,91.0
6292,2026-08-28,61.76000061035156,61.95999984741211,61.65,59.010833231608075,175067.2,34.15643936181061,32.112292062591486,1.4461162166645636,1.5886930332153704,-0.14257681655080678,61.14744020009332,58.95274604693163,67.19692949611965,61.65,56.103070503880346,2.027577495342916,交叉混雜,81.0
6294,2026-08-28,28.770000076293947,28.780000114440917,28.0,27.826666609446207,7468.2,57.34280700021763,58.33492573182745,0.383014731176921,0.29724100798414793,0.08577372319277304,65.35111063416831,61.62089957631805,30.07770147961518,28.0,25.92229852038482,3.0357156481061662,交叉混雜,9.0
6405,2026-08-28,39.650000762939456,39.24500045776367,39.27000045776367,50.362500254313154,543204.2,46.43546879283396,46.41341334478924,-1.4395787846088766,-2.254126979015674,0.8145481944067976,56.76436504777284,48.79153453523689,41.84015387079593,39.27000045776367,36.69984704473141,2.495542477241256,交叉混雜,67.0
6409,2026-08-28,1027.0,1024.8,1007.15,1005.8,362574.4,49.01207748798891,46.868392571162005,10.0291077796644,6.907489947175576,3.121617832488824,53.85509776153265,53.129906813846695,1076.137489331109,1007.15,938.1625106688911,2.2687782356153527,多排,75.0
6411,2026-08-28,79.0,78.81999969482422,78.20499992370605,87.43999951680502,257416.4,41.78505273700789,38.243466140174526,-1.0839742057428339,-1.875607218239819,0.791633012496985,62.75358124784974,52.02218715791081,80.61417021154091,78.20499992370605,75.7958296358712,2.4231168752173526,交叉混雜,31.0
6412,2026-08-28,78.17999877929688,77.98999938964843,78.63999977111817,84.99999974568685,482874.0,62.144618278800145,49.122109551364915,-1.2674847621470775,-1.7048071712520518,0.43732240910497433,61.993946420993744,48.87935952147939,80.79836316979112,78.63999977111817,76.48163637244522,0.5849424012484116,交叉混雜,11.0
6414,2026-08-28,394.2,398.4,425.65,407.80833333333334,887046.8,17.498531923297254,18.2427450583505,-9.381848774507887,-3.7967462326877794,-5.585102541820108,32.47008863171783,40.04195610486433,490.4899649339218,425.65,360.81003506607817,-8.37542581933513,交叉混雜,77.0
6415,2026-08-28,459.8,453.15,451.85,501.95,3348628.4,53.45234031369205,45.55734292507716,-3.940209110330386,-8.634487731677698,4.694278621347312,51.87191459452296,49.976229355067865,480.89642382190556,451.85,422.8035761780945,1.3610711519309455,交叉混雜,85.0
6416,2026-08-28,100.1,98.85,98.80999984741212,92.38166694641113,409503.6,59.69877234993393,56.214357531695796,1.5119070721643908,1.4562077214128275,0.05569935075156329,55.75115877542165,54.66112018185253,105.75971399825065,98.80999984741212,91.86028569657358,1.710353360183865,多排,76.0
6417,2026-08-28,107.2,108.15,110.65,121.73333333333333,31824.4,17.951454422391777,24.376128059711974,-3.4347580256538777,-3.5549736208902685,0.1202155952363908,28.33681031146658,35.26564247052171,117.91273835554254,110.65,103.38726164445747,-4.202440126525084,空排,34.0
6418,2026-08-28,34.81999969482422,33.66500015258789,32.78249988555908,31.994166755676268,481285.2,80.82605119379097,72.94549094935083,1.111484444512108,0.5375079922197921,0.5739764522923159,85.50080270122164,73.64627404919017,36.505016611520674,32.78249988555908,29.059983159597497,15.457938248309972,多排,72.0
6419,2026-08-28,154.8,160.3,153.725,144.48333333333332,214641.8,15.550209172540544,28.10030908602866,4.22513505740659,5.226710196280969,-1.0015751388743794,43.56516204634888,51.52124974500299,179.27469358143506,153.725,128.17530641856493,0.17889087656529887,交叉混雜,95.0
6423,2026-08-28,80.51999969482422,80.03000030517578,78.73500022888183,78.50833333333334,33090.6,73.14108997195852,66.92731925137406,1.2214064437462326,0.8794817833213631,0.3419246604248696,60.8863195692139,57.977610307346765,85.80138601215319,78.73500022888183,71.66861444561047,2.749731746622772,多排,35.0
6425,2026-08-28,61.29999923706055,60.069999313354494,58.28499965667724,65.34999955495199,395048.4,72.54199751604745,61.12291223439571,0.13294988624054582,-1.1128057064609864,1.2457555927015322,77.73859105436074,65.1978760510679,63.8775786452874,58.28499965667724,52.692420668067086,11.864111404816228,交叉混雜,31.0
6426,2026-08-28,256.9,249.0,223.825,199.23333333333332,2808554.2,78.4816343647409,79.04494978157088,20.51025096952273,16.49013981142913,4.020111158093599,69.44722286037783,68.2773449794673,287.5450084250174,223.825,160.1049915749826,17.7259019323132,多排,96.0
6431,2026-08-28,19.829999923706055,19.844999885559083,19.33499994277954,18.48500010172526,80630.6,77.53696794604154,78.62020195100952,0.49846009038195405,0.4520705467117478,0.04638954367020626,49.265426935118974,54.518820767062714,20.706169013859615,19.33499994277954,17.963830871699464,1.6291682269612175,交叉混雜,63.0
6432,2026-08-28,63.86000061035156,65.89000015258789,69.2900001525879,72.47833340962728,678252.2,24.69406608565461,16.910719655938223,-2.246223224126908,-1.5320764603498545,-0.7141467637770533,44.19719017662008,42.70279886952153,77.79829936560887,69.2900001525879,60.78170093956692,-5.614083732346046,空排,91.0
6435,2026-08-28,260.5,257.45,257.8,293.8833333333333,811792.4,42.809223805019215,38.5193733133586,-5.794159503604817,-8.792009890065243,2.997850386460426,52.049825681238836,47.69980854493614,269.9108911402249,257.8,245.6891088597751,0.8533747090767994,交叉混雜,92.0
6438,2026-08-28,146.8,145.4,145.425,148.61666666666667,289252.6,67.73990002421316,53.95939382688792,0.14489700335309408,-0.803971978581754,0.948868981934848,74.03339802351567,59.522412831540564,151.2854382807206,145.425,139.56456171927942,3.8335911982121287,交叉混雜,43.0
6441,2026-08-28,21.39000015258789,21.564999961853026,21.61500005722046,21.883333333333333,25819.4,14.275840050025543,15.938579015880096,-0.02730913196110052,0.018548022800757253,-0.04585715476185777,37.542245323355026,45.685370988100985,24.039024769503406,21.61500005722046,19.190975344937513,-1.6886424069128418,空排,23.0
6442,2026-08-28,1577.0,1568.0,1502.5,1562.5833333333333,2307494.8,59.51248457897003,56.29518390973963,42.992410424806394,25.931710906471515,17.06069951833488,63.223436456411385,58.76260564897655,1715.2390296509961,1502.5,1289.7609703490039,7.487520798668886,交叉混雜,77.0
6443,2026-08-28,26.39000015258789,26.440000152587892,26.557500171661378,31.05166676839193,4263954.2,43.4600002557501,34.0101093649795,-0.726464088006125,-1.0032234578963988,0.2767593698902737,54.02085243036975,47.32245921277418,28.056719161241,26.557500171661378,25.058281182081757,0.34829877161254374,空排,68.0
6446,2026-08-28,1531.0,1464.0,1403.0,1203.0526947021485,3995521.2,70.81398225657652,68.19818366986269,90.22354581598938,79.830135840906,10.393409975083387,68.0486255363286,65.74909042972091,1631.7816702264051,1403.0,1174.2183297735949,10.121168923734853,多排,98.0
6449,2026-08-28,223.3,223.55,229.3,293.69166666666666,1859805.0,55.607736678758904,39.06616270308653,-10.70119557046985,-14.392028353980926,3.690832783511077,61.060877755194426,51.03275291280207,249.76151715319455,229.3,208.83848284680548,3.3580462276493623,空排,73.0
6451,2026-08-28,436.6,433.15,430.075,481.19166666666666,5500277.4,64.17082291067244,53.621380433482464,-1.8359850991022881,-8.038998332331097,6.203013233228809,60.65041535189995,54.14612679912844,476.587335658632,430.075,383.56266434136796,5.446724408533398,交叉混雜,94.0
6456,2026-08-28,69.66000061035156,68.4599998474121,66.1049997329712,67.79166628519694,5096377.8,69.99574868802918,62.81251533175687,1.6476778948203048,0.6730276689524153,0.9746502258678895,73.17461560120205,63.79216574002623,75.3639586989285,66.1049997329712,56.846040767013896,12.396949325905823,交叉混雜,83.0
6461,2026-08-28,16.010000038146973,15.950000095367432,15.935000085830689,15.704166746139526,101954.2,62.92227839059706,51.52772624431183,0.07390048863899246,0.056175341599309994,0.017725147039682462,60.665285639190884,55.053743688976226,16.43877527812509,15.935000085830689,15.431224893536289,1.3492283121526993,多排,39.0
6462,2026-08-28,99.96000061035156,99.35,99.48499984741211,105.8699998219808,411179.2,58.51803631895902,47.63608159253083,-0.7764411711139729,-1.427594027726148,0.6511528566121751,63.702687607765164,52.876294958523204,103.15466282455613,99.48499984741211,95.8153368702681,1.5228427953073946,交叉混雜,12.0
6465,2026-08-28,46.24000015258789,46.21999969482422,46.73249988555908,54.19343268076579,168147.0,54.522603604177974,36.150722493236984,-1.4823852324779736,-1.960594597251339,0.4782093647733654,72.88232782537116,53.61441433218646,48.444155658798635,46.73249988555908,45.02084411231952,3.5681841211218956,交叉混雜,92.0
6469,2026-08-28,68.83999938964844,68.87999954223633,69.88109741210937,74.29369939168295,290926.8,41.77851019411643,41.372584999210794,-1.6933727573430986,-1.7671658891691229,0.07379313182602432,36.352604759631234,35.646211656025,72.5749296275273,69.88109741210937,67.18726519669144,-2.119451383964401,空排,8.0
6470,2026-08-28,41.7,41.725,42.13750019073486,46.161666806538896,41677.6,45.55923671992204,45.35930096081139,-1.0820711635540192,-1.248771640298219,0.16670047674419974,32.575427477501634,30.084333475629833,43.256652087366184,42.13750019073486,41.01834829410354,-1.5129046285356875,空排,24.0
6472,2026-08-28,450.9,438.05,426.95,415.6166666666667,1864861.0,61.78144800558712,67.75238915044937,10.729687311949135,8.551568930892227,2.1781183810569082,47.082855696130714,52.85357910879326,469.48283561278845,426.95,384.4171643872115,1.8854666822813004,多排,38.0
6474,2026-08-28,38.92999954223633,39.22999992370605,38.77749938964844,37.92416655222575,168771.8,39.51197503648876,49.215622649047056,0.32621709171468893,0.4336469148329116,-0.10742982311822269,30.73768636630946,39.42392475786856,40.60865513587391,38.77749938964844,36.94634364342297,-4.068077239477945,交叉混雜,47.0
6477,2026-08-28,36.710000610351564,37.305000686645506,36.322500228881836,35.82916657129923,2120614.8,39.43423415198025,42.8458543289494,0.20334260640686352,0.11287416317803808,0.09046844322882544,51.52526455740798,51.495247552610145,39.34861094153678,36.322500228881836,33.29638951622689,2.0028880269652807,交叉混雜,59.0
6482,2026-08-28,25.779999923706054,27.174999809265138,27.402499866485595,28.035833231608073,58009.0,17.614134190708132,34.42648557617503,-0.6066599025423542,-0.23193536791152158,-0.37472453463083266,18.224032039716462,27.393875824343937,30.076836890217304,27.402499866485595,24.728162842753886,-9.67977330320039,空排,5.0
6485,2026-08-28,61.32000045776367,60.94000015258789,62.23999996185303,72.69833329518636,226191.4,57.05277058019883,40.65764693502388,-1.858064181123865,-2.5890857773793305,0.7310215962554656,64.98885805224936,52.102036846861985,67.19044784164406,62.23999996185303,57.28955208206201,2.5064255722423554,交叉混雜,9.0
6486,2026-08-28,75.66000061035156,74.76000061035157,74.56000022888183,78.52333323160808,77548.6,78.13347809422356,64.17868759397098,-0.4108191191532313,-1.021174681928568,0.6103555627753368,86.49549277516904,65.36051491204026,76.7164113534433,74.56000022888183,72.40358910432036,3.809014603378394,交叉混雜,49.0
6488,2026-08-28,973.8,986.6,948.55,1041.25,9788287.6,27.075097431027736,36.963373216354654,-16.798820981019276,-23.519086470489782,6.720265489470506,50.11534199823112,48.59211459890068,1077.7328161947328,948.55,819.3671838052672,2.4721944019819775,交叉混雜,94.0
6491,2026-08-28,373.9,371.6,372.125,349.4916666666667,208553.0,54.5494881236211,51.09355430120498,6.81831359387462,7.0569548132239674,-0.238641219349347,59.89801074453822,59.06768501720508,385.49375776617654,372.125,358.75624223382346,1.3100436681222707,交叉混雜,76.0
6492,2026-08-28,35.16000061035156,36.19000015258789,37.41750011444092,41.129166730244954,461802.4,23.653736955791153,24.19121333301485,-1.6143964324601967,-1.4959771285969954,-0.11841930386320132,28.028214913032244,29.460193615215502,40.957091374060376,37.41750011444092,33.87790885482146,-6.594506164106775,空排,12.0
6494,2026-08-28,54.3,54.69000015258789,53.66500034332275,57.323333422342934,102427.2,39.404774487961454,39.68278061521161,0.07589351312650905,-0.2580724342666044,0.33396594739311347,58.60603904177297,53.993532035805885,57.891993532850954,53.66500034332275,49.43800715379455,2.3013158942610876,交叉混雜,79.0
6496,2026-08-28,24.570000076293944,24.670000076293945,24.472500133514405,24.62750005722046,4209.6,54.72692807398898,56.18740785132097,0.01605590809280244,-0.006904728404387323,0.02296063649718976,50.55501647823559,50.56513240322285,25.156509030304974,24.472500133514405,23.788491236723836,0.5209939616292556,交叉混雜,38.0
6498,2026-08-28,75.7,75.77000122070312,75.34500007629394,85.58000043233235,136019.2,54.2425596389243,50.26907954484918,-1.4196450922114252,-2.233662500159626,0.8140174079482008,50.6980818127693,48.11566637984255,78.35409132392424,75.34500007629394,72.33590882866365,0.736613509885158,交叉混雜,7.0
6499,2026-08-28,68.96000061035156,65.9900001525879,63.14500007629395,67.38333333333334,593786.2,77.70821550981486,69.43471705497177,1.4904515084892154,-0.13023484395631757,1.6206863524455328,73.4080351193781,66.20254435866366,72.80783872766665,63.14500007629395,53.482161424921244,19.249351430481866,交叉混雜,16.0
6504,2026-08-28,37.94000015258789,37.74500007629395,38.22500019073486,37.224166806538896,10046.2,70.9602882124119,60.05917290161166,-0.016868835404693527,0.06592448952509729,-0.08279332492979082,45.842377974293974,47.98937652952416,39.563695804295996,38.22500019073486,36.886304577173725,-0.9810378410531996,交叉混雜,33.0
6505,2026-08-28,71.08000030517579,71.75,70.50499954223633,65.72833315531413,18602183.8,39.57273310090891,42.768246589507115,0.5942162968676854,0.8211600123262739,-0.2269437154585885,49.29464085215744,50.495919123827456,74.6091583296921,70.50499954223633,66.40084075478057,1.2694163384915953,交叉混雜,85.0
6506,2026-08-28,17.639999771118163,17.51499996185303,17.204999923706055,17.9474999109904,37554.0,65.67372695566209,64.78796833277774,0.03906297090198407,-0.07942342561608395,0.11848639651806803,73.09365899425858,60.98814844304349,18.050981298673687,17.204999923706055,16.359018548738423,3.4582930310546955,交叉混雜,62.0
6508,2026-08-28,26.059999847412108,26.054999923706056,26.12750005722046,25.266666634877524,17269.0,50.670290277675264,48.89631322423183,0.11482163089358721,0.15990206484442368,-0.04508043395083647,46.59412270173628,49.86695572488907,26.662068678109094,26.12750005722046,25.592931436331824,-0.48799179768913153,交叉混雜,67.0
6509,2026-08-28,45.43000030517578,45.90999984741211,46.38500003814697,48.085000101725264,741810.2,40.2977845921034,30.955392664771598,-0.5011977875319502,-0.5125107722875184,0.01131298475556819,56.463449219608265,50.05778336913539,49.15762969515335,46.38500003814697,43.61237038114059,0.1401330704732711,空排,73.0
6510,2026-08-28,2674.0,2708.5,2755.0,2943.25,299265.8,24.55582267230713,23.051169666029395,-34.95542879760342,-35.429305408869396,0.4738766112659789,46.4014268998457,47.15549608937302,2945.622249764459,2755.0,2564.377750235541,-2.722323049001815,空排,82.0
6515,2026-08-28,6156.0,6285.5,6525.75,7443.833333333333,306866.6,29.773878050580944,28.056618526233013,-227.54476109947336,-233.31856334175393,5.773802242280567,46.0898361592574,44.052680750379125,7161.6685234140205,6525.75,5889.8314765859795,-4.225567942382102,空排,95.0
6516,2026-08-28,57.85999984741211,58.15,59.189999961853026,57.93333333333333,40667.2,36.82200272849498,26.871186759394593,-0.10188526767594652,0.10666032886135506,-0.2085455965373016,49.86646424412316,48.49051962576104,62.24658832239644,59.189999961853026,56.13341160130961,-1.5036335958203577,交叉混雜,40.0
6517,2026-08-28,69.17999877929688,67.69999847412109,65.25499935150147,68.09333311716715,1387555.4,69.82893460567911,61.97595794186145,1.1046845380650012,0.005272218569578768,1.0994123194954224,66.87185440572338,61.12302081374839,72.23269965127953,65.25499935150147,58.27729905172341,9.723391595549273,交叉混雜,73.0
6523,2026-08-28,89.96000061035156,89.90000076293946,90.1700008392334,92.6516668955485,11204.0,69.00747809451198,63.87674018158754,-0.46121333466881254,-0.5875434058702312,0.1263300712014187,43.15062502975055,43.79026301300186,91.09702280510032,90.1700008392334,89.24297887336647,-0.41033357439495033,交叉混雜,14.0
6525,2026-08-28,140.1,141.8,140.6,149.48333333333332,1365857.8,38.01545750549628,34.177811004727985,-1.7748230180429232,-2.558085059758005,0.7832620417150817,61.08534459628075,51.96478677038698,151.28496237956452,140.6,129.91503762043547,2.7738264580369885,交叉混雜,90.0
6526,2026-08-28,596.2,590.2,601.15,622.1666666666666,293281.8,62.47637201578168,45.099732381385195,-1.891733901151838,-5.298599909778383,3.4068660086265448,71.52817351442667,58.08060568726229,650.2568652076897,601.15,552.0431347923103,3.135656658072033,交叉混雜,69.0
6530,2026-08-28,85.3,83.85999984741211,81.86000022888183,83.51166674296061,1553867.4,60.311353573433834,54.125552555068225,1.9556666549521822,1.0613388924635623,0.8943277624886199,60.75908954432087,57.650884379082974,91.52913657883147,81.86000022888183,72.19086387893219,6.15685473113261,交叉混雜,71.0
6531,2026-08-28,889.8,878.7,873.05,896.7166666666667,3105031.8,65.77039418333842,55.41766337052698,10.470755953388789,3.426155044955249,7.04460090843354,54.14100381899454,52.993183547227694,971.1358378103085,873.05,774.9641621896914,2.514174445908029,交叉混雜,92.0
6532,2026-08-28,89.7,88.29000091552734,84.12500076293945,82.19500020345052,485436.4,72.04705018423913,72.50457269807677,3.4507569039027004,2.8053765557520194,0.645380348150681,60.8221483969469,62.46395567163544,97.25237166580135,84.12500076293945,70.99762986007755,6.032684860953349,多排,82.0
6533,2026-08-28,260.2,253.35,247.925,220.60833333333332,1297483.4,75.3948942330841,72.2004575656687,10.865655414446934,9.575784540869346,1.2898708735775877,70.44249881211977,66.43099416274666,271.8729149735042,247.925,223.97708502649584,7.088837350005036,多排,70.0
6534,2026-08-28,91.9999984741211,91.85,93.15,92.17999992370605,33316.0,30.451769379812262,34.30779654978212,-0.36380761120706495,-0.13647052372290813,-0.22733708748415682,30.398557155706797,39.24655471781705,96.0717880893199,93.15,90.22821191068012,-2.0934010217475234,交叉混雜,54.0
6535,2026-08-28,79.08000030517579,80.75,84.94999961853027,94.30333315531412,403637.0,34.884092072111486,26.209590853815282,-3.979011607609607,-3.8040117858649287,-0.1749998217446782,34.98347686818363,33.9107287122966,94.66694019166079,84.94999961853027,75.23305904539976,-7.4749866661848,空排,1.0
6538,2026-08-28,206.5,199.7,177.375,143.88666661580405,2915296.2,77.53221385770043,83.67307840220495,18.655979372570584,16.20455077178539,2.4514286007851958,54.5209943095337,62.510799566575365,229.81531695275305,177.375,124.93468304724693,12.755461592670894,多排,96.0
6541,2026-08-28,36.47999954223633,36.51999969482422,37.34249992370606,39.24916667938233,218202.8,49.8597974018411,44.08571818883405,-0.7041058238651274,-0.6938871282803404,-0.010218695584787052,36.92410769334088,39.952198124611975,39.395809502775734,37.34249992370606,35.28919034463638,-3.3273119157086466,空排,7.0
6546,2026-08-28,63.28000030517578,62.83000030517578,62.02000007629395,65.64999961853027,183227.0,51.040597982378344,43.30280395005437,0.21953517177330895,-0.1989283865548854,0.4184635583281944,57.45122771592869,54.178652300624854,67.66590287531294,62.02000007629395,56.374097277274956,2.547562715065319,交叉混雜,16.0
6547,2026-08-28,60.35999984741211,56.470000457763675,53.48750019073486,48.809166781107585,10799422.6,81.61268338640505,77.54579210568583,3.616307103086477,2.329748288446563,1.286558814639914,91.3059853544353,82.35295882028176,63.25984951976575,53.48750019073486,43.715150861703975,21.523720062092824,多排,91.0
6548,2026-08-28,72.74000091552735,72.0099998474121,72.89999961853027,78.4016663869222,3292901.8,58.193861896556996,45.57742536803366,-0.325888764831447,-0.7975590584217175,0.47167029359027046,56.284464010953265,52.111711795208954,76.80734744123474,72.89999961853027,68.99265179582581,0.8230457950746188,交叉混雜,88.0
6550,2026-08-28,11.34000015258789,11.135000038146973,11.12000002861023,12.237499984105428,2646414.0,43.89299304187971,45.56074936747969,-0.18981847142402053,-0.31108216927667404,0.12126369785265351,49.00449309050401,47.98686379627486,11.991417623710962,11.12000002861023,10.248582433509497,0.7194224860528637,交叉混雜,1.0
6552,2026-08-28,25.360000228881837,25.015000343322754,24.817500114440918,27.298333358764648,73696.8,67.74365954372524,61.68741706632548,-0.2659380170564951,-0.5147109766782545,0.24877295962175938,58.05311589814298,50.575307509324674,25.732449141819295,24.817500114440918,23.90255108706254,1.9441890617293487,交叉混雜,22.0
6558,2026-08-28,25.310000228881837,25.125,25.53499984741211,27.86666660308838,161766.6,51.66414442060722,38.43670287724969,-0.48407160152396145,-0.6447438762092323,0.1606722746852709,53.03381442132535,47.753279480540705,27.061640452001885,25.53499984741211,24.008359242822333,-0.13706617435385063,交叉混雜,3.0
6560,2026-08-28,31.25,31.244999885559082,31.742500019073486,34.93166662851969,13688.0,55.70670465389348,56.089809287536,-0.7641185128248331,-0.9017640333963466,0.13764552057151347,38.360043670659294,38.2035578034944,32.933817379021775,31.742500019073486,30.551182659125196,-2.3391352874768243,交叉混雜,8.0
6561,2026-08-28,321.5,321.5,323.15,330.26666666666665,28104.6,50.076305246227236,39.726878959004694,-1.7662001340927418,-2.0349696016911527,0.2687694675984109,51.25419275579873,47.928901832552356,329.5908237459014,323.15,316.70917625409857,-0.20114497911186052,交叉混雜,19.0
6568,2026-08-28,129.9,128.85,132.8,150.28333333333333,75267.4,45.65574088816461,35.05032220109057,-4.500096020024188,-5.7249395051727605,1.2248434851485728,50.89850153168334,44.86140604115847,143.23980237764272,132.8,122.3601976223573,-1.3554216867469964,交叉混雜,25.0
6569,2026-08-28,92.34000091552734,92.64000091552734,94.19500045776367,102.46166687011718,38064.6,55.04738936578855,45.937560586697735,-2.150544377671835,-2.3871249832225097,0.2365806055506745,44.59723347074392,40.302773444112205,98.4729612955549,94.19500045776367,89.91703961997244,-1.6932979201563485,空排,26.0
6570,2026-08-28,52.54000015258789,53.60999984741211,55.01499996185303,53.130833307902016,85205.4,14.656572230449768,19.848687093793377,-0.028752596564601163,0.5098843863147267,-0.5386369828793278,21.17251143598719,39.118618272953164,58.95522411002383,55.01499996185303,51.07477581368223,-6.02562792186162,交叉混雜,72.0
6573,2026-08-28,17.940000152587892,17.41500015258789,17.272500133514406,19.05250007311503,476521.6,67.41735503110027,57.25908831451123,-0.2637892381996707,-0.5828370715564773,0.31904783335680664,69.9584379754163,57.140722258273186,18.626820419987492,17.272500133514406,15.91817984704132,8.843532156542201,交叉混雜,85.0
6574,2026-08-28,120.1,121.55,127.725,122.69166666666666,46008.6,43.65400700306405,31.408813452878746,-1.6624564192895832,-0.46297292541077795,-1.1994834938788053,40.04004945546131,43.82996501130468,146.59149773651902,127.725,108.85850226348097,-5.656684282638477,交叉混雜,84.0
6576,2026-08-28,79.81999969482422,79.64999923706054,79.64999885559082,80.23166618347167,76390.2,65.71829563216706,63.55152006528415,-0.13599634757228785,-0.2404073547950304,0.10441100722274255,58.83377439388246,52.06150981440828,80.40533105629005,79.64999885559082,78.8946666548916,0.5649712805974311,交叉混雜,59.0
6577,2026-08-28,80.66000213623047,80.7599998474121,80.11000061035156,78.97666702270507,43038.6,34.893865371793446,34.393674993317155,0.27085401699316947,0.3024785097108932,-0.03162449271772372,53.25166065448839,51.957241901684284,81.98493162608382,80.11000061035156,78.2350695946193,0.8613187319300682,交叉混雜,66.0
6578,2026-08-28,18.05,18.05500011444092,18.155000019073487,17.02583335240682,34020.4,50.31885729374619,49.51065078284334,0.27974826262394004,0.35773287329273123,-0.0779846106687912,47.75932387873247,54.86056003854597,19.099735940707347,18.155000019073487,17.210264097439627,-0.8537593991222548,交叉混雜,47.0
6579,2026-08-28,146.8,148.65,156.675,160.44166666666666,335926.4,30.79403203347821,20.834170443121998,-4.4545352779751965,-3.487295123950431,-0.9672401540247657,32.72856856878809,38.712226650028356,176.88775001472789,156.675,136.46224998527214,-6.175203446625186,空排,72.0
6581,2026-08-28,108.8,108.4,108.25,107.89166666666667,22282.8,73.978489492773,64.36219558145723,0.27746583024942595,0.12335650191404783,0.1541093283353781,71.16417757717022,61.81934388435835,109.6072417850758,108.25,106.8927582149242,1.1547344110854503,多排,50.0
6582,2026-08-28,32.62000045776367,32.19500045776367,31.937500095367433,32.1716667175293,40777.2,61.918751893718465,58.20096819627831,0.14499956114556056,0.013699435700567931,0.13130012544499264,62.18260105470888,57.803856272180404,32.988251890450165,31.937500095367433,30.8867483002847,2.0743589096685646,交叉混雜,54.0
6584,2026-08-28,617.2,605.8,566.375,600.5083333333333,1313762.2,68.78165018669483,57.29911836802766,18.200137110462038,4.989426550750686,13.210710559711352,88.93741864548164,73.33277966313611,679.7012059162279,566.375,453.0487940837721,20.414919443831383,交叉混雜,92.0
6585,2026-08-28,114.4,115.5,116.5,123.65833333333333,132638.0,40.048349626171635,37.74594745803183,-1.502413523230075,-1.527434038041349,0.025020514811273875,44.23814382340347,45.10350349853023,121.4097111073781,116.5,111.5902888926219,-1.7167381974248928,空排,77.0
6588,2026-08-28,110.0,103.89000015258789,98.08000030517579,92.4633332570394,3539022.4,79.75043675179656,76.96178835333204,6.0609090857769985,4.100875068933019,1.9600340168439798,67.38954711701922,64.78974143125194,115.3388460051548,98.08000030517579,80.82115460519677,14.192495566386778,多排,96.0
6589,2026-08-28,50.10999984741211,50.05999984741211,49.78249988555908,47.68583316802979,433247.4,41.91820906921192,46.68979492953391,0.7580827386758884,0.8605747928463376,-0.10249205417044926,47.18671273267484,52.19880436631021,53.0051615167057,49.78249988555908,46.55983825441247,0.1355869808008382,多排,32.0
6590,2026-08-28,64.46000061035156,64.81000061035157,64.80000038146973,66.09666595458984,9729.6,24.37322231735103,34.40952547722418,-0.39151430241788887,-0.39475125665547484,0.003236954237585965,35.14705049931969,40.34674826133635,66.15801760644001,64.80000038146973,63.44198315649945,-1.2345684826546672,交叉混雜,31.0
6591,2026-08-28,42.789999389648436,43.12499923706055,43.88499984741211,48.34499988555908,81706.8,16.868614206573376,16.43311716003776,-1.066050896945569,-1.157742720738763,0.09169182379319385,36.32052088294086,38.092968880753936,45.786551854081836,43.88499984741211,41.983447840742386,-2.586304776936308,空排,2.0
6592,2026-08-28,61.39999923706055,61.07999954223633,60.910000038146975,61.34786434173584,391786.2,54.80918771720018,64.42431450303046,0.14055639625230043,0.10763107457289314,0.03292532167940729,38.52599589441971,45.59320552032485,62.25383554380991,60.910000038146975,59.56616453248404,-0.6731243439339992,交叉混雜,52.0
6593,2026-08-28,32.400000762939456,32.31500034332275,32.34500036239624,33.37916695276896,15287.0,46.828062183997496,39.40835719806888,-0.2129785852441728,-0.28659746834266664,0.07361888309849385,47.41917696979911,46.11807232433937,32.7204305707993,32.34500036239624,31.969570153993182,-0.13912853557427177,交叉混雜,14.0
6596,2026-08-28,96.36000061035156,95.30000076293945,92.63500099182129,91.86833368937174,90739.6,84.65005545363081,86.44769269716531,1.7502729400429615,1.2474245763625391,0.5028483636804224,69.0764960073088,65.88556356271843,99.61686384773459,92.63500099182129,85.65313813590798,4.064339065954164,多排,12.0
6597,2026-08-28,73.43999938964843,72.19999923706055,69.10999984741211,67.25166664123535,2607.8,95.50707070044821,94.77941347520142,2.432567540690016,1.8265797350329174,0.6059878056570986,70.21077641699972,67.38661437758773,76.68444420928334,69.10999984741211,61.535555485540876,6.496887044743806,多排,61.0
6598,2026-08-28,28.260000228881836,28.175000190734863,28.744999980926515,26.323333390553792,179289.0,52.39387510437466,39.428268439280274,0.2611236745200749,0.37857132292834245,-0.11744764840826755,57.590084221303385,54.063704153606444,31.35407329816036,28.744999980926515,26.135926663692672,0.01739439581423769,交叉混雜,81.0
6603,2026-08-28,26.299999618530272,27.060000038146974,26.982500076293945,25.168333339691163,1216217.4,14.660400837675606,21.770210537172794,0.2492021710012473,0.4972365767896074,-0.2480344057883601,43.15609461474369,48.16007354176289,29.11970860594246,26.982500076293945,24.84529154664543,-2.5294203179972348,交叉混雜,79.0
6605,2026-08-28,139.7,139.9,138.25,136.71666666666667,295002.0,63.68369750822818,71.94485351719868,1.5688128728565118,1.4935805584190325,0.07523231443747935,48.13245876720827,52.70045131879619,143.3644789311134,138.25,133.1355210688866,0.5424954792043399,交叉混雜,46.0
6606,2026-08-28,25.99000015258789,26.120000076293945,26.30250015258789,25.765833377838135,67214.4,32.21939871867616,27.56426384341217,0.04404969246625967,0.11872010872300139,-0.07467041625674171,47.93457577851475,49.32903917600315,27.312177368317297,26.30250015258789,25.29282293685848,-0.7698879191841342,交叉混雜,59.0
6609,2026-08-28,39.779999542236325,39.42499961853027,39.00499973297119,40.08500003814697,89369.4,68.93887486862334,64.2025787889063,0.13844506422632463,-0.0794741578502337,0.21791922207655834,60.72208705257169,55.42951137576372,40.6417166041746,39.00499973297119,37.36828286176779,2.1663857119209715,交叉混雜,35.0
6612,2026-08-28,70.45428924560547,71.98714447021484,72.32857246398926,72.24785792032877,43576.6,46.451773351599286,46.06659589311978,-0.2848777749072582,0.044447289015490624,-0.3293250639227488,44.74816531885747,45.93768974408035,76.1679418586531,72.32857246398926,68.48920306932543,-2.11336870085814,交叉混雜,33.0
6613,2026-08-28,260.1,257.45,267.8,307.325,476981.2,56.84246307602308,34.989760979179465,-11.062089680919598,-13.975609831915609,2.9135201509960105,69.07597404998482,52.00929772296725,299.45671126982523,267.8,236.14328873017482,2.875280059746075,交叉混雜,82.0
6614,2026-08-28,35.99000015258789,35.93999977111817,35.96249980926514,38.29250011444092,24087.0,49.75299644974962,44.35372998694613,-0.5140965094475121,-0.6552596997211525,0.14116319027364044,43.68865460183422,39.71970883132478,36.34068871686472,35.96249980926514,35.58431090166556,-0.17378737217297577,交叉混雜,7.0
6615,2026-08-28,34.33000106811524,34.09000091552734,34.187500190734866,34.78333339691162,7030.8,43.33259918526322,38.31526208181261,-0.05442186676664562,-0.15113105829003032,0.0967091915233847,62.019220299168914,53.92974438802469,35.09063750883976,34.187500190734866,33.28436287262997,0.9140762194418188,交叉混雜,64.0
6616,2026-08-28,8.263999938964844,8.425000095367432,8.581500101089478,8.981166664759318,18417.0,19.87593286433375,24.69712182949049,-0.1928552593868691,-0.1546767003724874,-0.03817855901438169,17.492351823625697,25.817466045968104,9.01447157060403,8.581500101089478,8.148528631574926,-5.144785323846503,空排,19.0
6617,2026-08-28,120.9,110.62999954223633,102.10499992370606,90.02999992370606,1741236.8,83.9498225697967,77.07964564169947,8.576767226666334,5.765410295481179,2.8113569311851547,70.60227812058413,68.98287812412235,130.73942712005635,102.10499992370606,73.47057272735576,19.97453610649165,多排,89.0
6620,2026-08-28,77.52000122070312,76.70000076293945,79.59000091552734,85.18666712443034,420993.6,54.60124591974893,32.323270499369784,-2.3622814377082477,-2.9421142539928047,0.579832816284557,75.39200543963,57.8099063283072,89.00888576224837,79.59000091552734,70.17111606880631,6.169115501938334,交叉混雜,60.0
6624,2026-08-28,41.94000015258789,41.79499969482422,41.660000038146975,41.8324998219808,2600.0,57.642203546855455,57.78849812333373,0.09701922833625787,0.05736121519250253,0.03965801314375534,49.456831754946066,50.36017848174276,44.39430412381133,41.660000038146975,38.92569595248262,-0.02400026946450761,交叉混雜,56.0
6625,2026-08-28,77.5000015258789,77.1500015258789,77.18000068664551,77.19166666666666,84389.4,57.29983719067903,59.36410220228494,0.20557644030050426,0.13487842414602041,0.07069801615448384,46.283211970847084,49.86844289809335,78.29563177377915,77.18000068664551,76.06436959951188,-0.23322192931343041,交叉混雜,44.0
6629,2026-08-28,110.4,110.8,109.725,109.38333333333334,22580.0,42.41248542077455,48.48790929939315,0.7205160607915246,0.8599786492559877,-0.13946258846446302,36.62823167416693,46.27274205249931,116.08668630408137,109.725,103.36331369591862,-1.1164274322169008,交叉混雜,54.0
6637,2026-08-28,60.7,61.150000381469724,61.48500003814697,62.89166660308838,85074.6,32.20426119690931,49.63527098313972,-0.8184456914478488,-0.5148746917002163,-0.3035709997476326,16.75899275637275,26.388394675623786,64.35060344164587,61.48500003814697,58.61939663464807,-6.969178291532874,空排,8.0
6640,2026-08-28,1017.6,1018.8,985.85,1003.65,261860.6,56.397856736545805,47.37106943135726,18.173548140058188,7.994259090282467,10.17928904977572,60.59568508212098,56.743377498552945,1122.2615676527,985.85,849.4384323472999,7.521428209159605,交叉混雜,82.0
6641,2026-08-28,17.9,17.960000038146973,17.922500133514404,18.062500127156575,17422.0,27.175111198842785,41.352429756928515,-0.020082027562757787,-0.009808911806510421,-0.010273115756247366,33.41670310005702,42.71684912682278,18.25570622368021,17.922500133514404,17.5892940433486,-1.2414527488767357,交叉混雜,25.0
6642,2026-08-28,79.07999877929687,79.46999893188476,80.28499946594238,80.42333348592122,195292.8,48.947942599965,35.54791741416298,0.42536634705111,0.37898552242126393,0.04638082462984605,65.91044834576397,57.94815091141111,87.96964444130093,80.28499946594238,72.60035449058383,3.0080307633610612,空排,81.0
6643,2026-08-28,426.6,421.0,428.675,447.40833333333336,244939.4,57.90967562515873,45.33792065538496,-2.547976251413843,-5.402060697447872,2.8540844460340296,60.46566233280324,53.75375592318777,463.3604663936875,428.675,393.98953360631253,1.9420306759199832,交叉混雜,25.0
6645,2026-08-28,12.869999885559082,12.914999961853027,13.110000038146973,14.165000009536744,20372.2,22.796364378727894,31.234360215311092,-0.30230419352931115,-0.2949688805941106,-0.007335312935200566,23.21466509784726,32.19628714281039,13.702586130634254,13.110000038146973,12.517413945659692,-5.415716381012721,空排,16.0
6649,2026-08-28,35.16999969482422,35.06999969482422,35.432499694824216,37.298333485921226,12606.6,44.344263435702814,43.340407138541714,-0.5984444579402393,-0.6749977754396305,0.0765533174993912,42.72102139745576,40.229531104374296,36.49886271387979,35.432499694824216,34.366136675768644,-0.9384074608534946,交叉混雜,17.0
6651,2026-08-28,146.6,142.9,136.875,138.25,308526.0,72.07695226940052,65.87324882009723,4.587796041168247,2.6270497568259943,1.9607462843422523,75.47336546709276,66.61585537631741,155.83444425123784,136.875,117.91555574876216,9.954337899543379,交叉混雜,89.0
6654,2026-08-28,167.0,167.15,170.225,179.10833333333332,12400.0,41.467796973488916,29.460252590631086,-1.4752147630445336,-1.880638282703804,0.40542351965927037,69.40810302637401,56.868738367211506,182.85943498413616,170.225,157.59056501586383,3.6862975473637865,空排,92.0
6655,2026-08-28,115.9,115.85,116.875,119.30833333333334,2617.4,71.07046227795577,58.02143876001455,-0.8971240864256913,-1.034458757541855,0.1373346711161636,46.63400571500105,45.17656666432666,119.73810468216718,116.875,114.01189531783282,-0.7486631016042781,交叉混雜,42.0
6657,2026-08-28,30.129999542236327,30.125,30.467499923706054,33.532499917348225,65711.0,53.31463439524215,47.8256653660835,-0.8096378653676872,-0.9988934487069847,0.18925558333929748,49.10974659149928,44.005496076154785,31.490022279550164,30.467499923706054,29.444977567861944,-0.5497683993269783,交叉混雜,4.0
6658,2026-08-28,162.2,161.35,159.175,174.18333333333334,256315.0,57.04494259796405,44.20145633842839,-0.27954771158158565,-2.1070897739235463,1.8275420623419607,58.73883489792506,54.20585976619656,174.32086968189788,159.175,144.02913031810215,4.6018533061096205,交叉混雜,95.0
6661,2026-08-28,16.910000228881835,16.914999961853027,17.20250005722046,17.35083335240682,4444.4,45.27644663794132,56.00681849488601,-0.2028244007924478,-0.1673422192322467,-0.03548218156020108,36.113780583319304,39.27557747181074,18.112951610683574,17.20250005722046,16.292048503757343,-4.665022153877853,空排,27.0
6662,2026-08-28,29.440000534057617,29.380000495910643,29.272500228881835,29.70416669845581,1629.0,51.04062181051928,55.98770552338634,-0.0865813567747935,-0.14956848359577798,0.06298712682098448,63.79858755530886,54.32197775164025,30.305878095503864,29.272500228881835,28.239122362259806,1.6312230502505476,交叉混雜,49.0
6664,2026-08-28,353.8,346.9,347.3,364.45,703814.8,57.544916874622885,51.76034012466924,-1.3209076870759304,-4.287016669211839,2.966108982135909,60.10315740390429,53.875259120323086,369.88877224594023,347.3,324.7112277540598,3.5128131298589085,交叉混雜,76.0
6666,2026-08-28,44.23999938964844,43.80999984741211,43.32250003814697,43.575,26708.0,66.43909593866834,64.62405072993445,0.13851971472576707,-0.010001339309611022,0.1485210540353781,55.9803217889826,53.90120557876572,45.15077841374797,43.32250003814697,41.49422166254597,1.794675827317236,交叉混雜,58.0
6667,2026-08-28,219.65712890625,221.228564453125,224.7892822265625,247.03809407552083,97076.2,48.713291081395994,38.1517553930634,-5.706513991482865,-6.546097388233685,0.8395833967508199,46.31374759871494,42.70643196408886,234.7548087272583,224.7892822265625,214.8237557258667,-1.6857041354593285,空排,17.0
6668,2026-08-28,39.529999542236325,37.75,36.69000015258789,37.650833447774254,3447550.8,75.69145722745796,58.58401095223653,1.178663747258554,0.2223671016625755,0.9562966455959785,88.65077263391996,76.72434420486897,41.94292856200748,36.69000015258789,31.437071743168303,21.559003239675043,交叉混雜,70.0
6669,2026-08-28,6708.0,6551.5,6332.75,5468.583333333333,1384502.6,78.950990454626,68.98683265583043,359.7197432877838,310.55952992803384,49.160213359749946,86.16617609223874,75.55308145434145,6982.207060693189,6332.75,5683.292939306811,13.694682404958353,多排,91.0
6670,2026-08-28,268.8,266.8,265.175,266.175,233046.2,60.36521866282517,53.922203024016014,1.8202932178076594,0.843383278989569,0.9769099388180904,61.04013570962728,58.003884511070176,274.60772578787095,265.175,255.74227421212905,2.7623267653436367,交叉混雜,61.0
6671,2026-08-28,23.15,22.914999771118165,22.89499979019165,24.032499980926513,35812.4,65.90523407762022,61.7331256528003,-0.14707177180663678,-0.2791633436669895,0.13209157186035275,49.466565624926496,48.39527755072395,23.61164423464249,22.89499979019165,22.178355345740812,0.4586163388100645,交叉混雜,4.0
6672,2026-08-28,275.4,278.7,260.55,254.05,3177889.2,65.85375746692104,60.929717270119895,10.938790973934431,8.607460918569087,2.3313300553653438,69.39589078291158,63.69933919768933,310.7096398879047,260.55,210.39036011209532,11.111111111111107,交叉混雜,97.0
6674,2026-08-28,16.25999984741211,15.774999809265136,15.517499876022338,16.3708332379659,82882.0,53.73549577930133,54.03331379887807,0.03291208399448742,-0.1262250760787294,0.15913716007321682,54.882277518292966,53.66969414903948,16.75348430612681,15.517499876022338,14.281515445917867,3.109393445030547,交叉混雜,9.0
6679,2026-08-28,201.0,200.9,207.05,236.45833333333334,178696.8,52.665466356468,35.83940350328365,-7.59955308794369,-9.254096351665611,1.654543263721921,56.364475478369364,45.20053911487266,223.99231699808678,207.05,190.10768300191324,-0.9900990099009955,交叉混雜,22.0
6683,2026-08-28,1160.0,1178.5,1195.0,1394.1,595076.2,39.626815996068885,33.49082822372445,-36.52599540275082,-47.88052562012611,11.354530217375284,53.1261444323608,49.250890939499364,1395.1578324591387,1195.0,994.8421675408614,0.41841004184100417,空排,93.0
6684,2026-08-28,46.65999984741211,46.59000015258789,47.50250015258789,51.13500003814697,63521.6,37.54453340727295,27.39143455971543,-0.898960355805869,-1.037178636109779,0.13821828030391003,55.761174569341875,46.73780550480042,50.333805706728256,47.50250015258789,44.67119459844753,-0.42629527893662483,交叉混雜,46.0
6689,2026-08-28,61.92000045776367,61.410000228881835,61.74499988555908,63.27666651407878,89068.2,49.33886359466297,42.25255427993153,-0.029991698373777353,-0.19588673546145957,0.16589503708768222,56.04093291903089,52.79356764467513,64.60928047284297,61.74499988555908,58.88071929827519,0.8988571585231602,交叉混雜,28.0
6690,2026-08-28,164.6,163.9,164.075,166.45,34401.8,52.48316740765712,43.3757246570719,0.058618565653915766,-0.2000402933005133,0.2586588589544291,60.17553171568341,53.79600450144114,166.92705373832243,164.075,161.22294626167755,0.5637665701660896,交叉混雜,37.0
6691,2026-08-28,619.0,638.2818176269532,676.3909088134766,699.1969696044922,647829.6,19.774938688402628,22.610171688079554,-23.762062458910577,-16.186594401833133,-7.575468057077444,31.939762900496106,36.12530856982407,782.8846357149921,676.3909088134766,569.8971819119611,-8.632716385249143,空排,69.0
6692,2026-08-28,24.10999984741211,24.260000038146973,23.795000076293945,24.59500001271566,13440.0,41.04673714532947,49.2002380557813,0.05320319061828016,-0.05012865097624373,0.10333184159452388,59.00004235945402,54.38071861496004,25.13738604595766,23.795000076293945,22.452614106630232,2.1222910659694136,交叉混雜,18.0
6693,2026-08-28,168.0,170.0,172.975,193.425,821897.0,36.99477375065782,27.35732801592941,-4.542808841879889,-5.539786877847902,0.9969780359680129,63.885895715136705,52.67515335597515,191.3582732896506,172.975,154.59172671034938,3.1941031941031977,空排,95.0
6695,2026-08-28,48.00000076293945,48.16000061035156,49.31500015258789,53.16083316802978,346546.2,38.29138199094879,28.81712498848791,-1.1616354963811872,-1.317948477044957,0.15631298066376975,58.279707765998126,48.390338661383595,52.30693576589108,49.31500015258789,46.3230645392847,-0.23319352994548076,空排,55.0
6697,2026-08-28,41.06999969482422,40.939999389648435,40.76749954223633,41.0125,14620.0,46.67966285119423,54.10788766999376,0.09494015724877158,0.05240790975848385,0.042532247490287736,39.266889204912296,46.61563513706024,41.7997555308283,40.76749954223633,39.73524355364436,-0.4108691236795128,交叉混雜,24.0
6698,2026-08-28,31.789999389648436,31.624999809265137,32.35999994277954,36.81416664123535,113251.4,58.987031211606485,44.71820418814018,-0.9284425239572229,-1.2307642167669655,0.3023216928097425,56.21180282323262,47.5699253752712,34.6748487836597,32.35999994277954,30.04515110189938,-0.030906887132662198,交叉混雜,31.0
6703,2026-08-28,103.3,103.3,104.525,103.63787841796875,27273.6,61.91264566422204,59.09404333635357,-0.4789366524688887,-0.2911896650306807,-0.187746987438208,38.36639315989634,42.70575474028857,107.77712481148833,104.525,101.27287518851168,-1.4589811049988095,交叉混雜,61.0
6706,2026-08-28,121.7,119.95,116.89000015258789,132.28166669209799,1760455.0,67.48485926766325,61.78749097833405,0.24072644128385434,-1.6818030165659499,1.9225294578498042,65.86457541596627,56.48249207358298,130.40177191326876,116.89000015258789,103.37822839190702,6.082641661502898,交叉混雜,71.0
6708,2026-08-28,37.619999694824216,38.40499992370606,38.46000022888184,38.99166679382324,23650.8,25.694969177659292,33.51881722010656,-0.3154928379857793,-0.17949061607142408,-0.13600222191435524,31.964610461212942,40.01899217306439,40.0266262132334,38.46000022888184,36.89337424453028,-3.536145987174075,空排,29.0
6712,2026-08-28,160.0,154.6,152.5,151.50833333333333,612236.2,67.54363966531677,58.30260300999964,2.2709308163438493,0.8095313201984582,1.461399496145391,64.36730070479808,60.57581883608912,163.11776069165623,152.5,141.88223930834377,5.573770491803279,多排,70.0
6715,2026-08-28,367.0,404.3,384.975,406.69166666666666,1047387.2,15.847215935089324,33.12455633981239,-3.497453331677889,1.2167970492536382,-4.714250380931527,34.274714988078884,42.564030642799665,467.11254510447145,384.975,302.8374548955286,-8.175855575037346,交叉混雜,96.0
6716,2026-08-28,126.4,130.2,114.36000022888183,99.22166709899902,729743.8,47.847390757850725,60.36061008247628,10.222223164942662,9.830555306389591,0.3916678585530704,60.88919721671418,65.60893908587333,153.99833254691265,114.36000022888183,74.72166791085101,11.927247065249098,交叉混雜,93.0
6719,2026-08-28,193.5,194.65,201.85,233.03333333333333,567975.4,34.32204009084916,26.400838043243187,-9.322531100396077,-10.309451496998612,0.9869203966025353,38.598308280723764,37.6274332822222,218.0172182940809,201.85,185.6827817059191,-3.6413178102551376,空排,36.0
6720,2026-08-28,134.0,135.45,136.125,139.54166666666666,19676.8,40.712316145743884,43.26398621873186,-1.1350715073083961,-0.9773419478697425,-0.15772955943865363,39.685957761581676,43.05367544887406,141.01187824151486,136.125,131.23812175848514,-1.9283746556473829,空排,38.0
6721,2026-08-28,52.51999969482422,52.1,51.98499984741211,54.131666564941405,4043.4,81.14649971527649,75.36072450780647,-0.21850327909519507,-0.4324909806521495,0.21398770155695446,59.93178306795845,51.21945854540937,52.824234406919146,51.98499984741211,51.14576528790508,0.7983104350965067,交叉混雜,22.0
6722,2026-08-28,32.85,32.6,32.78999977111816,34.68000005086263,27814.8,53.70803470581741,49.35795915937684,-0.370528050495345,-0.5128036884924833,0.14227563799713827,47.09708167516444,44.25972592114917,33.507892123596285,32.78999977111816,32.07210741864004,-0.27447090212541064,交叉混雜,6.0
6725,2026-08-28,228.1,229.1,238.225,284.81666666666666,77856.4,44.66319819212296,30.293203972110128,-14.136965221905797,-16.285543064785614,2.148577842879817,46.80497335192068,39.51284204490263,259.3099784393857,238.225,217.1400215606143,-3.0328470983314073,空排,19.0
6727,2026-08-28,491.1,471.85,430.675,419.8833333333333,1912323.8,84.9726952976896,79.46194386884486,28.99271725963439,15.810990130364974,13.181727129269415,83.97788637664605,71.89320020317861,532.7844742756157,430.675,328.5655257243843,24.68798978347942,多排,96.0
6728,2026-08-28,108.7,107.9,106.8,108.525,8525.0,62.34149435660085,67.32983116792693,0.17280149559110214,-0.24927488451371024,0.4220763801048124,56.434656427532865,54.30165147721473,110.40409124248202,106.8,103.19590875751797,1.591760299625471,交叉混雜,24.0
6730,2026-08-28,33.26000061035156,33.35000038146973,33.93500022888183,35.59250017801921,6646.6,26.73828513795847,33.46075619659136,-0.5694120122085664,-0.5782986537151833,0.008886641506616888,35.853359699125534,38.110651243943394,35.535690597369026,33.93500022888183,32.33430986039464,-2.902606333575487,空排,20.0
6732,2026-08-28,152.6,152.1,154.325,168.06666666666666,113800.2,46.214240928651165,35.556388132451225,-4.657407732583266,-5.663597536482408,1.006189803899142,53.00425589518102,43.996808112244345,160.34492306297918,154.325,148.3050769370208,-0.21059452454235453,交叉混雜,25.0
6733,2026-08-28,25.989999771118164,25.734999656677246,26.039999961853027,25.49499994913737,88139.0,73.4465844588267,58.07037948779745,0.07877015122198117,0.012873342231762083,0.06589680899021909,72.38407850229623,60.44211254205122,27.656559359786897,26.039999961853027,24.423440563919158,3.302610053521858,交叉混雜,19.0
6735,2026-08-28,63.24000091552735,62.98000068664551,64.35000019073486,75.74500013987223,83601.8,44.67383819049897,34.27100474559875,-2.395438966402807,-3.1208260359108926,0.7253870695080855,53.73818222674501,45.99632628084552,69.23973201674262,64.35000019073486,59.460268364727106,-0.6992986224120403,交叉混雜,47.0
6739,2026-08-28,1033.2,1010.6,1015.05,1076.4833333333333,212040.2,62.76209849096228,43.279130781420264,-1.7661573723494257,-19.233827550406644,17.46767017805722,79.17331694799734,62.60530022353369,1127.5815862091094,1015.05,902.5184137908906,12.309738436530225,交叉混雜,86.0
6741,2026-08-28,58.41999969482422,56.52999992370606,56.04000015258789,58.395000012715656,390420.6,82.82309570312862,71.09389188593849,0.34339928859635194,-0.3514213507580993,0.6948206393544513,69.05110568242881,63.11693384691229,59.31889583248261,56.04000015258789,52.76110447269318,5.638830481347942,交叉混雜,19.0
6742,2026-08-28,44.05,43.86500015258789,43.9375,52.20333360036214,524453.6,51.6963514243964,49.76048237351621,-1.1363034880331497,-1.750228221208666,0.6139247331755162,55.548840687769776,48.67073410928036,45.447770996452086,43.9375,42.427229003547914,1.3940238681321124,交叉混雜,21.0
6743,2026-08-28,26.570000076293944,25.855000305175782,26.307500267028807,28.8625,251721.0,66.66701190367543,46.80400239245351,-0.595939765817235,-0.928362962007462,0.3324231961902271,73.85686038402734,56.75786203384559,29.138953989192302,26.307500267028807,23.476046544865312,5.863347329788437,交叉混雜,41.0
6753,2026-08-28,141.5,142.75,140.775,137.06666666666666,2284948.8,22.11579593769052,28.531744448310803,0.9622728235460727,1.2880461113319364,-0.3257732877858637,39.4233083229031,46.62312208682903,153.74246941997148,140.775,127.80753058002853,-1.616053986858466,交叉混雜,69.0
6754,2026-08-28,42.130000305175784,41.92500038146973,42.03750019073486,43.11000010172526,7807.0,41.17928287427248,44.93471519291401,-0.17347326004404806,-0.23575126856310843,0.062278008519060374,42.56672057173654,44.972937374681344,42.81337014515709,42.03750019073486,41.261630236312634,-0.5649740174765654,交叉混雜,28.0
6756,2026-08-28,100.46000061035156,99.0400001525879,99.03500022888184,97.61166661580404,114011.6,61.34241192899157,58.530341178419704,0.9764863969206914,0.7356620798416503,0.24082431707904106,54.228270435806,53.85909822595434,103.3461973479636,99.03500022888184,94.72380310980009,0.9744027554782928,多排,72.0
6757,2026-08-28,55.87999954223633,56.10999946594238,56.03499984741211,57.3533332824707,886596.8,44.802436416847435,57.83763986601032,-0.28028318962093124,-0.3142482506352677,0.03396506101433644,35.77330663991509,43.08765634648025,57.46147902951032,56.03499984741211,54.6085206653139,-1.6686024374714035,交叉混雜,17.0
6761,2026-08-28,184.9,184.0,173.85,178.175,458060.6,65.78062163148132,66.97444081746171,5.822747818637339,3.9961614015754496,1.8265864170618893,68.91991795152016,63.658257390539596,203.58762458216083,173.85,144.11237541783916,8.42680471670981,交叉混雜,78.0
6763,2026-08-28,41.9,41.90999984741211,42.27250003814697,44.35083351135254,132733.8,41.39824780267402,32.15940254759328,-0.38678557184421436,-0.45848308525319303,0.07169751340897867,43.180344388078574,43.655041185739336,43.49916624745221,42.27250003814697,41.04583382884174,-0.9994714380379935,空排,13.0
6767,2026-08-28,24.75999984741211,24.929999923706056,24.779999923706054,25.161666774749754,2400.0,24.859773052487206,36.13109714885633,-0.12020975106718623,-0.10171094116900475,-0.01849880989818148,34.239541775027305,40.805880187746126,25.630015225819843,24.779999923706054,23.929984621592265,-1.937048781773035,交叉混雜,25.0
6768,2026-08-28,65.23999938964843,64.98999900817871,65.80999927520752,73.94666627248128,292795.8,45.11566642415702,45.87820678485163,-1.6900532489626556,-1.9727897027380732,0.28273645377541756,31.771084526568586,35.15283248562079,68.32722430537851,65.80999927520752,63.29277424503653,-2.4464402745736886,交叉混雜,2.0
6770,2026-08-28,69.91999969482421,69.61999969482422,68.5399995803833,69.4841661453247,134353227.6,30.17053770973346,29.952060356993414,0.9197707183193984,0.7713555081514323,0.1484152101679661,53.20535302208094,52.97396351409959,78.84082235444737,68.5399995803833,58.23917680631922,2.1301436074630047,交叉混雜,93.0
6771,2026-08-28,42.48000030517578,42.19000015258789,40.60249996185303,40.09749978383382,65868.8,39.18953058466886,61.540417918132874,0.8472754451270177,0.7591235906234914,0.08815185450352625,37.739365033873796,50.682683422555414,44.62617723229059,40.60249996185303,36.57882269141547,0.9790038507984312,多排,28.0
6776,2026-08-28,53.380000305175784,53.380000305175784,53.760000228881836,55.24666665395101,62060.6,26.64502161712676,25.68557182195243,-0.34842853607332813,-0.37618166246791185,0.027753126394583716,35.57391396438764,42.52637032336324,54.94125727501621,53.760000228881836,52.57874318274746,-1.0416656688210553,交叉混雜,38.0
6781,2026-08-28,1084.0,1076.5,1089.95,1090.9333333333334,726328.6,59.489315798077456,40.517054820598155,9.63219519063955,5.481116684325999,4.151078506313551,64.14365119825395,57.87506932532846,1204.1529126737069,1089.95,975.7470873262932,3.6744804807559936,交叉混雜,29.0
6782,2026-08-28,234.2,217.9,211.2,200.3,1259512.2,82.35328511867058,71.25417243159445,10.477807748850893,5.994788684734717,4.483019064116176,79.39563532320788,74.11590026124804,244.56149687415513,211.2,177.83850312584485,14.346590909090914,多排,81.0
6785,2026-08-28,97.44000091552735,98.42000045776368,98.70500030517579,109.34166679382324,42875.2,19.564850140317134,27.367968141805285,-2.7361217841606162,-3.123784527027416,0.3876627428667998,34.77384800518625,37.55539888860219,101.71619013197274,98.70500030517579,95.69381047837884,-3.4496704755487717,空排,2.0
6788,2026-08-28,360.1,356.6,355.325,385.14166666666665,204823.6,70.98909287567707,58.61392472084369,-1.216978964232169,-4.679589282663381,3.462610318431212,74.71145797076147,58.02271054018511,372.0810672436398,355.325,338.5689327563602,3.7078730739463905,交叉混雜,74.0
6789,2026-08-28,443.5,436.7,439.6,476.35833333333335,1666692.0,63.999476947954065,49.80617766591928,-5.347081194808084,-10.945940525365858,5.598859330557774,68.08049763360941,55.765518439400424,470.2655987609541,439.6,408.93440123904594,4.868061874431296,交叉混雜,85.0
6790,2026-08-28,38.12000045776367,38.10500030517578,38.14500007629395,39.146666590372725,97732.8,48.84307800685457,48.83204903323097,-0.221532729931063,-0.27860154370011037,0.05706881376904738,44.623980376764536,43.460216922205746,38.555262879655196,38.14500007629395,37.7347372729327,-0.24905187847263954,交叉混雜,46.0
6791,2026-08-28,101.2,100.55999984741212,101.35499992370606,103.52333335876465,9531.8,65.69659042088075,57.664534070588985,-0.7036043051118099,-0.9783560693137141,0.27475176420190417,48.935838081439044,47.31904217584225,104.14933656023057,101.35499992370606,98.56066328718155,-0.3502539825102688,交叉混雜,25.0
6792,2026-08-28,59.31999969482422,58.85999946594238,57.999999809265134,60.35416679382324,23466.2,64.87527190494868,63.592899577701985,0.5082287239070595,0.17588988179323828,0.33233884211382125,58.9108685881018,56.677633796929925,61.13284680343331,57.999999809265134,54.86715281509696,2.5862072339097675,交叉混雜,43.0
6794,2026-08-28,77.25999908447265,73.45,73.85499992370606,77.48666699727376,48289.8,76.54443989941018,66.28733936991851,-0.02862490250700489,-1.08781885912398,1.059193956616975,70.83678368879364,61.35050052653147,80.40246993198858,73.85499992370606,67.30752991542354,5.883145391679115,交叉混雜,50.0
6796,2026-08-28,62.01999969482422,61.8,60.01999969482422,58.951666831970215,75837.6,42.39043567428277,51.33826243264974,1.0984700257951232,0.9013442040981026,0.19712582169702064,50.89573249586107,54.914410450779016,65.18979166706946,60.01999969482422,54.85020772257899,2.63245382760827,多排,20.0
6799,2026-08-28,80.34000091552734,80.1,82.62000007629395,88.94500007629395,176533.2,47.42580722641314,35.612585904655944,-1.8231146446614446,-2.08157999379157,0.2584653491301254,46.30426774425706,45.010835085808665,90.60118859725728,82.62000007629395,74.63881155533062,-2.565964747441627,交叉混雜,26.0
6803,2026-08-28,269.8,269.5,269.675,276.375,36631.0,57.57011839817947,47.70541100768616,-0.9842795254361363,-1.5038164251907231,0.5195368997545868,61.136240025138356,52.162648385746806,271.90576574062095,269.675,267.4442342593791,0.4913321590803703,交叉混雜,36.0
6804,2026-08-28,18.389999771118163,18.575,18.752499866485596,17.30166664123535,66153.2,29.355888332941852,24.538549686736722,0.22909606264088467,0.3822298293998566,-0.15313376675897195,50.78196663032622,52.582620385970834,20.174313138234922,18.752499866485596,17.33068659473627,-0.8132221629203497,交叉混雜,64.0
6805,2026-08-28,2030.0,1945.0,1827.75,1659.5833333333333,2520399.2,78.8127012899427,67.11379985728584,147.16236056183038,98.68734703638913,48.475013525441256,82.56518275659161,74.58955542088734,2233.9451177503415,1827.75,1421.5548822496585,28.2998221857475,多排,88.0
6807,2026-08-28,34.140000915527345,35.9950008392334,36.470000648498534,34.59500020345052,13044.0,19.81166700848811,35.32044487725119,-0.1543303695388616,0.44694808341582076,-0.6012784529546824,19.609010397244063,32.06868426529218,39.963362616905094,36.470000648498534,32.97663868009197,-8.143681370131285,交叉混雜,15.0
6811,2026-08-28,226.0,225.7,229.425,226.50833333333333,44129.8,45.53615749221221,37.318050685863476,-0.5342789983911018,0.07163109453354802,-0.6059100929246498,44.340145076493734,47.421910200802955,241.54837889325597,229.425,217.30162110674405,-1.7107987359703654,交叉混雜,52.0
6821,2026-08-28,42.029999542236325,41.81999969482422,41.88999977111816,50.73666648864746,139572.2,52.07184319310197,43.29804361700657,-1.2131097366253485,-1.803309351963417,0.5901996153380684,49.3412217993585,45.82164604956493,43.35883316150528,41.88999977111816,40.421166380731044,0.14323464346891518,交叉混雜,26.0
6823,2026-08-28,62.29999923706055,62.35999946594238,63.43499946594238,65.58833312988281,132411.2,50.06281420400675,49.34786693456812,-0.8874305844679213,-0.926224950506901,0.03879436603897968,36.32856632338511,41.017437817795255,66.79624892721095,63.43499946594238,60.07375000467381,-2.8927264243242923,空排,26.0
6829,2026-08-28,230.0,224.65,213.0,210.25,1238405.4,61.660306819288174,56.938885719398556,8.007792149188901,4.835994799732519,3.1717973494563827,69.33603704358755,62.42667852478873,254.0160430743113,213.0,171.9839569256887,11.737089201877934,多排,91.0
6830,2026-08-28,503.7,467.85,439.1,446.6,3548128.6,82.99543441981972,76.91289488829881,25.41848013942115,10.435610041862695,14.982870097558454,75.63489447723643,67.64773302293091,528.7399816811111,439.1,349.46001831888896,19.562741972215893,交叉混雜,95.0
6831,2026-08-28,580.0,601.7,618.2,693.9583333333334,1215571.8,38.78251734903581,32.17307904691026,-19.21138781637319,-19.958064068467454,0.7466762520942645,58.42044216323841,50.39222551810792,704.5959063357677,618.2,531.8040936642324,0.2911679068262624,空排,96.0
6834,2026-08-28,91.19999847412109,93.23999862670898,95.14499893188477,100.0049996693929,2502708.6,32.48351279556076,26.079617595466758,-1.5711008483839919,-1.3241107200132167,-0.24699012837077516,53.74895476976894,49.119546773344304,107.60824706235073,95.14499893188477,82.68175080141881,-0.9932229694165218,空排,97.0
6835,2026-08-28,31.000000381469725,31.010000228881836,30.992500019073486,33.23083333969116,16414.2,34.293011503878546,31.85256192471796,-0.36153949543803066,-0.5103384862492493,0.1487989908112186,57.42588162988246,48.45911124514704,31.399381565265582,30.992500019073486,30.58561847288139,0.6695192183214225,交叉混雜,11.0
6838,2026-08-28,23.070000076293944,22.97000026702881,23.125000095367433,23.870833365122476,54050.0,69.36456960794047,57.54189854192008,-0.21203465369990582,-0.2679959744309923,0.055961320731086506,58.13268955850745,48.97631622608023,23.675119754331185,23.125000095367433,22.57488043640368,0.32432720978472446,交叉混雜,19.0
6840,2026-08-28,90.9,86.85,77.6650001525879,68.19166698455811,711135.4,93.18979938857404,92.68303269802007,7.829016374652468,5.723352630782523,2.105663743869945,95.74610487388587,89.61353741583292,100.1441155415116,77.6650001525879,55.18588476366419,26.69799952688225,多排,90.0
6841,2026-08-28,53.7,53.21000022888184,54.115000343322755,58.423333231608076,229381.2,56.44099084976695,43.93550370315808,-1.1330915018149312,-1.4086267610264005,0.27553525921146926,59.94144267189315,47.81308786884561,56.80398373190651,54.115000343322755,51.426016954739,0.34186250127339884,交叉混雜,27.0
6843,2026-08-28,39.24000091552735,39.28000030517578,39.427500343322755,39.90083363850911,601.0,74.04925588415429,61.31278377938182,-0.11487446512022359,-0.18972539143553974,0.07485092631531615,79.69664699244846,63.24256540940087,40.19078579827215,39.427500343322755,38.66421488837336,2.2129196275197134,空排,15.0
6844,2026-08-28,60.34000015258789,60.410000228881835,60.650000190734865,62.44833354949951,20678.6,38.27008283889559,38.06100281413805,-0.42360496342906373,-0.4718425373038261,0.04823757387476235,40.16814840228314,39.575376292516545,61.63515346529983,60.650000190734865,59.6648469161699,-0.5770831864363051,空排,19.0
6846,2026-08-28,57.560000610351565,57.53000030517578,58.770000267028806,62.890000597635904,7621.8,62.53912346650551,49.78065743429622,-1.3988486785753338,-1.5297320921788133,0.13088341360347955,37.932885205255204,31.971469709648616,62.12487121633911,58.770000267028806,55.4151293177185,-1.990814680264869,交叉混雜,13.0
6854,2026-08-28,91.53999938964844,91.30999984741212,92.93499984741212,108.21666666666667,158358.2,47.124125705921514,43.31560286496569,-3.2303315460922164,-4.166480956134508,0.936149410042292,42.794590292454465,40.9889797160673,97.54312847085973,92.93499984741212,88.3268712239645,-2.4049097787050395,交叉混雜,2.0
6856,2026-08-28,42.10999984741211,42.56000022888183,43.51750011444092,44.69916667938232,1201.6,18.11559525507026,18.819344653469425,-0.7012274695102647,-0.5936117450784285,-0.1076157244318362,47.220903805218185,43.66844388490718,46.05091378062299,43.51750011444092,40.98408644825885,-2.2232455330294045,空排,12.0
6859,2026-08-28,108.7,109.25,105.19999923706055,113.28499972025553,35114.0,49.46622879843295,58.20212215511329,0.6867846812824041,-0.1350870869205365,0.8218717682029406,50.208355393904924,52.42269388965696,115.1820903269411,105.19999923706055,95.21790814718001,2.661597702705158,交叉混雜,34.0
6861,2026-08-28,191.3,194.05,202.875,258.05833333333334,318375.8,35.197039467068414,27.613166012812965,-12.787812378496085,-14.851055072017788,2.063242693521703,42.937028950209694,39.60676885104058,225.31527159981727,202.875,180.43472840018273,-4.621072088724584,空排,94.0
6862,2026-08-28,139.7,138.75,141.525,165.55833333333334,174968.2,55.47500717150234,43.54768907211682,-4.043861293352677,-5.604195554485317,1.56033426113264,68.6299042276406,50.53262606493841,150.01322714116904,141.525,133.03677285883097,1.3955131602190385,交叉混雜,8.0
6863,2026-08-28,110.2,110.6,118.125,106.853333791097,80758.6,35.256265672012944,31.245347102296158,-1.067525602898371,0.3781429380593172,-1.4456685409576884,36.08209176730009,42.07600368637299,138.9522973712247,118.125,97.29770262877531,-7.301587301587302,交叉混雜,41.0
6865,2026-08-28,25.6,26.09500026702881,25.66750020980835,26.33083324432373,9294.2,53.97124137048209,51.18811221499367,-0.028508743093695443,-0.07096448920197602,0.04245574610828058,54.965813742101034,52.3020202309013,27.285906257830337,25.66750020980835,24.04909416178636,1.2954116586101854,交叉混雜,6.0
6869,2026-08-28,67.61999969482422,67.12999954223633,67.2,70.8133331298828,285768.0,65.39667653241264,61.2009023171291,-0.4344430062453597,-0.8237371254542544,0.3892941192088947,56.13235757681701,51.48850766380662,70.37490204887249,67.2,64.02509795112752,1.1904761904761862,交叉混雜,3.0
6870,2026-08-28,257.8,259.95,258.0,259.8822509765625,31464.2,45.67596225375299,53.81341755809666,0.2865272944772528,0.7257052260659613,-0.43917793158870855,41.65216816642615,47.23077416113008,268.61776069166245,258.0,247.38223930833755,-0.9689922480620154,交叉混雜,80.0
6872,2026-08-28,15.000000190734863,15.150000095367432,15.27000002861023,16.116666571299234,59846.8,25.930855809254496,32.92406508663763,-0.28641557128806916,-0.251930621475713,-0.03448494981235617,23.272305032797803,31.962130129463674,15.99431452785957,15.27000002861023,14.54568552936089,-6.024883074111138,空排,9.0
6873,2026-08-28,69.22000122070312,69.0400001525879,72.45,80.00333340962727,434324.8,52.955934898284106,37.544334389341586,-3.262433565647541,-3.49930181275361,0.23686824710606924,50.225994631554855,40.12993140133706,81.0539155112476,72.45,63.8460844887524,-2.9675596249029543,交叉混雜,3.0
6874,2026-08-28,80.82000122070312,79.57000045776367,78.62500038146973,80.93666674296061,26534.0,85.46582616334811,77.54492296438444,0.4390451962636348,-0.24136638788230863,0.6804115841459435,85.85679930481346,69.33690462051607,82.01965679429799,78.62500038146973,75.23034396864148,5.310019268721098,交叉混雜,67.0
6875,2026-08-28,32.6,32.73000030517578,32.75500011444092,34.90416660308838,34386.8,55.53915094820295,49.23047813585171,-0.5228453685889249,-0.6848398195783727,0.16199445098944776,58.496163805334966,47.72398138151704,33.660480652651486,32.75500011444092,31.84951957623035,0.7479770560314157,空排,15.0
6877,2026-08-28,115.9,117.25,121.025,126.43333333333334,34241.2,39.73420301206254,33.42359550405762,-2.681745516765858,-2.4644849632250456,-0.2172605535408123,42.540701197146355,43.231174697673126,130.580791850746,121.025,111.469208149254,-3.738896922123533,空排,66.0
6884,2026-08-28,30.38000030517578,30.585000038146973,30.94000005722046,32.22750005722046,3406.4,17.322017874650466,26.81280809581286,-0.41694260509566305,-0.4003271543123373,-0.01661545078332577,34.99161715585092,39.80568515750754,32.05902153220059,30.94000005722046,29.82097858224033,-2.3917236357868474,空排,7.0
6885,2026-08-28,22.00999984741211,21.245000076293945,21.007500076293944,21.595833365122477,719789.8,63.091183636055035,65.12132888517233,0.264368125619562,-0.026908398900655196,0.29127652452021724,78.88312472912963,69.0515007610728,22.593051616741146,21.007500076293944,19.42194853584674,7.81863399391258,交叉混雜,24.0
6887,2026-08-28,38.09000091552734,37.295000076293945,36.882500076293944,36.20749988555908,61877.2,55.87071158140385,52.82951074227665,0.44488168969127884,0.20052422337760295,0.2443574663136759,57.52156893222172,55.74283954121258,38.95697608350364,36.882500076293944,34.80802406908425,3.5721566702912497,多排,12.0
6890,2026-08-28,168.1,164.7,168.3,195.125,412825.4,44.352378737604646,36.46118346349432,-3.6929088779241965,-5.301558561378519,1.6086496834543222,52.48683857584469,48.51963299759606,181.16120236661098,168.3,155.43879763338904,0.41592394533570326,交叉混雜,17.0
6894,2026-08-28,332.5,332.8,338.05,345.31666666666666,45422.2,49.499814350899314,36.74273027200435,-1.5064342057027602,-2.524674509226306,1.0182403035235459,72.7817224450285,60.08321751461645,356.7861176678413,338.05,319.3138823321587,3.6828871468717614,空排,81.0
6895,2026-08-28,142.3,133.25,125.175,136.75,69442.4,90.02474800488626,85.39814252325593,4.428153668565841,0.3753021855662739,4.052851482999567,87.70522883906217,76.21939560219079,147.8402411832423,125.175,102.50975881675767,19.03335330537248,交叉混雜,15.0
6899,2026-08-28,50.14000015258789,50.170000076293945,50.445000076293944,54.32249978383382,12445.8,57.277000787164894,38.00288141259003,-0.671593112260723,-0.8831315557350774,0.21153844347435435,60.134210373002084,45.683371257579374,51.219528880504484,50.445000076293944,49.670471272083404,0.10902948483075273,空排,29.0
6901,2026-08-28,16.470000076293946,16.619999885559082,16.847500038146972,17.35833331743876,1502133.8,24.400762801573396,32.583389621771644,-0.24632548386066944,-0.2150743611477833,-0.03125112271288613,38.717138250634555,43.210759288388026,17.824862507780708,16.847500038146972,15.870137568513236,-4.140082611885338,空排,59.0
6902,2026-08-28,126.7,128.5,127.15,129.3,58734.6,36.4777970404847,35.09018496415316,0.43154009075533395,0.4073683791416546,0.02417171161367937,61.90955505809143,55.53690416955744,135.04470175430504,127.15,119.25529824569497,1.8482107746755756,交叉混雜,84.0
6903,2026-08-28,311.0,313.7,316.0,353.875,181330.6,36.10561219247829,30.572383482258182,-8.783383054469766,-11.047420158115647,2.2640371036458813,57.07076184388702,47.149252988028955,328.48578138691647,316.0,303.51421861308353,0.31645569620253167,空排,85.0
6906,2026-08-28,74.54000091552734,73.21000061035156,72.46999969482422,79.47000033060709,56506.2,68.23474030972866,48.32557062401453,0.08026906436195702,-1.0408531293832313,1.1211221937451883,86.70584503692494,71.63568650050098,77.75557041257706,72.46999969482422,67.18442897707139,12.046360273465623,交叉混雜,20.0
6907,2026-08-28,184.7,186.05,183.65,175.375,1333208.6,42.04193838802161,42.65210709357045,1.3179761999018353,1.2353087101809561,0.08266748972087923,51.396127964231496,51.123947825001835,199.5148900671288,183.65,167.78510993287122,1.2796079499047068,交叉混雜,
6909,2026-08-28,40.72999954223633,40.35,40.65,46.20083338419597,172284.2,59.640194838339646,46.32366049028005,-1.0214253031152651,-1.5060037415551053,0.48457843843984016,64.84639804638314,50.02493776946282,42.10167771774286,40.65,39.19832228225714,1.9680215570466286,交叉混雜,35.0
6910,2026-08-28,24.54000015258789,24.49000015258789,24.57750015258789,26.07916669845581,13009.0,26.808585573523025,30.995950280283132,-0.2683603131138135,-0.34174030816382145,0.07337999505000797,43.30015613335459,43.65500370882181,25.18228362646919,24.57750015258789,23.972716678706593,-0.722207437516496,交叉混雜,3.0
6913,2026-08-28,147.9,145.5,142.975,130.35833333333332,770574.4,62.71959290817706,47.945867513532576,5.820133100543984,4.88725452372137,0.9328785768226142,81.84180041421033,73.76022020472175,161.21456082112087,142.975,124.73543917887912,11.208253191117333,多排,81.0
6914,2026-08-28,128.25,138.125,142.7125,143.32916666666668,240580.2,18.75790170541942,29.319420421985903,-4.771056824921715,-1.705879405148167,-3.0651774197735477,16.687612610236783,18.9505015768207,162.54686345548345,142.7125,122.87813654451655,-13.462380660418678,空排,22.0
6916,2026-08-28,18.49000015258789,18.635000038146973,18.550000190734863,19.576666736602782,24800.0,24.92572167207687,36.13988451777931,-0.165882335291073,-0.18692175917054693,0.02103942387947394,33.121380066688516,41.38892887209486,19.126742339941586,18.550000190734863,17.97325804152814,-1.886789348768976,交叉混雜,50.0
6918,2026-08-28,75.8,75.03000030517578,73.56000061035157,73.20666669209798,43465.2,60.17420968085813,60.98150343973889,1.0564623269812046,0.5585064553308378,0.4979558716503668,84.34314734830627,72.5170396349414,77.74890798628527,73.56000061035157,69.37109323441786,6.0358881903321056,多排,41.0
6919,2026-08-28,104.91999969482421,105.65999984741211,106.62999992370605,103.36499989827475,6819096.0,20.823384331210423,32.11879908555943,-0.1319306116689205,0.5855388563200877,-0.7174694679890082,31.852237566634102,41.06412425818084,113.70139554943358,106.62999992370605,99.55860429797852,-6.592892670557007,交叉混雜,15.0
6921,2026-08-28,67.16000213623047,68.53000030517578,66.77000007629394,67.13333320617676,8600.0,17.882989347812927,33.834576858004205,0.5186173592718433,0.6436686806517693,-0.12505132137992603,39.52114184229515,46.98220100365664,74.17529026287684,66.77000007629394,59.36470988971104,-1.3029782079091508,交叉混雜,
6922,2026-08-28,206.2,202.0,198.825,186.61666666666667,259872.2,62.23002301933991,56.62344312720512,6.0707553228297115,5.578395913770793,0.49235940905891873,63.7519587595859,59.898885973220686,218.77038595897557,198.825,178.8796140410244,4.866088268577902,多排,69.0
6923,2026-08-28,76.81999969482422,76.63999938964844,76.09499931335449,76.86833292643229,33498.6,68.86445366436875,66.72686554310718,0.08014823350201539,-0.07921297218580435,0.15936120568781975,53.51619702977906,51.91358950303445,78.21207377489657,76.09499931335449,73.97792485181242,1.057891083235923,交叉混雜,27.0
6924,2026-08-28,113.7,114.8,113.15,117.04666671752929,38011.6,50.1980652974274,48.05490101542229,0.4810810784709503,-0.0638518024777471,0.5449328809486974,61.31854078137507,55.90700489241684,122.35011441576816,113.15,103.94988558423185,3.844454264250989,交叉混雜,84.0
6925,2026-08-28,50.44000091552734,50.44000053405762,51.8350004196167,57.506666819254555,10987.4,38.288415279282475,26.732530704220643,-1.4111520996744318,-1.5581426161285448,0.14699051645411298,48.81108663557606,41.01302573333992,55.059430553185315,51.8350004196167,48.61057028604808,-1.803798372082092,交叉混雜,2.0
6928,2026-08-28,47.779999542236325,47.88499984741211,48.38499984741211,49.71083323160807,73046.0,19.478902694782185,19.17592659867826,-0.6589539103198945,-0.6950100839255469,0.036056173605652386,43.863732717012226,45.045302527119624,50.13130398962698,48.38499984741211,46.63869570519724,-1.6224064808651708,空排,29.0
6931,2026-08-28,41.58000030517578,41.595000457763675,40.375,39.99833342234294,48781.4,45.55894037806907,43.577158456193445,0.6586192847374761,0.5712748555236097,0.08734442921386643,53.53621737483408,57.224772165695626,44.1603599907528,40.375,36.5896400092472,2.5387034696691178,交叉混雜,22.0
6933,2026-08-28,220.3,205.4,191.225,166.775,984373.8,88.85921338485814,78.4202939288125,17.220507536534654,11.105608359198976,6.114899177335678,91.63382009055617,82.43019759640319,240.0872930715548,191.225,142.3627069284452,35.96548568440319,多排,89.0
6934,2026-08-28,73.69999847412109,73.06999893188477,73.1349998474121,72.91833318074545,14462.0,66.35736341631198,63.212130381271024,-0.30913175514947966,-0.47100679765563047,0.1618750425061508,57.035019533503075,52.204028095936835,75.5804239833496,73.1349998474121,70.6895757114746,1.3194758032711429,交叉混雜,43.0
6936,2026-08-28,32.550000762939455,32.470000457763675,32.21999998092652,32.49666655858358,25954.2,48.6529087963272,55.51495075708438,0.11815080341461481,0.041358358943419146,0.07679244447119567,49.87797685013253,52.22680701967923,32.92217751211409,32.21999998092652,31.51782244973894,0.7138447614807314,交叉混雜,39.0
6937,2026-08-28,274.0,271.3,270.825,270.06666666666666,312322.0,59.891246570543444,43.37584056528152,2.32490976397321,0.5724766006178545,1.7524331633553554,74.77063030917066,62.014922509333196,298.21357810340635,270.825,243.43642189659363,8.003323179174748,多排,76.0
6944,2026-08-28,714.4,723.0,741.6,752.5320505777995,163356.4,24.39626861301102,22.886571572556583,-11.352700109897796,-8.566191180704363,-2.786508929193433,39.075520085167085,43.029681071504385,796.8635789457571,741.6,686.3364210542429,-3.9913700107874894,空排,84.0
6945,2026-08-28,102.8,101.7400001525879,101.7900001525879,101.17500012715658,252363.8,41.50085809778051,32.30748131601088,0.4700003654071452,-0.062331999208295796,0.532332364615441,55.27467598081754,53.262888065150044,112.8376291456474,101.7900001525879,90.74237115952839,2.17113650073604,交叉混雜,12.0
6947,2026-08-28,70.06000061035157,70.87000045776367,73.7400001525879,81.34166704813639,179577.8,15.689814512876312,14.736534702489973,-2.4945438313148287,-2.428903658239038,-0.06564017307579073,27.669958094492557,34.82401486983953,81.86543636620871,73.7400001525879,65.61456393896708,-5.343093426467548,空排,28.0
6951,2026-08-28,71.68000030517578,71.7400001525879,71.56000061035157,70.95929476420085,8222.0,63.53003984446633,56.36558416417164,0.15948000282320152,0.16547481494591101,-0.0059948121227094975,59.283714657850794,55.58359471037552,72.41446244041484,71.56000061035157,70.7055387802883,0.6148677835321122,交叉混雜,63.0
6952,2026-08-28,37.75999984741211,37.37999992370605,37.48249969482422,36.2099999109904,9118.0,58.60935081949157,49.65996276513764,0.44293513796989714,0.4628125559309232,-0.019877417961026045,60.35667241904354,57.64478487182102,39.88387575888842,37.48249969482422,35.08112363076002,1.2472515758595148,交叉混雜,32.0
6953,2026-08-28,234.0,231.05,224.525,225.46666666666667,33357.4,71.78923585125855,67.02887983530384,4.150975706713041,1.9239047637613473,2.2270709429516935,76.75699645028871,65.75709068265616,241.82262685274458,224.525,207.22737314725543,6.892328248524661,交叉混雜,73.0
6955,2026-08-28,108.1135482788086,113.8067741394043,117.85338706970215,121.29279568990071,16334.2,34.80731860557868,27.737472662916936,-3.056539640176638,-1.5632733793604485,-1.4932662608161893,39.127477539225985,39.2110881186675,132.6625559459174,117.85338706970215,103.0442181934869,-7.936460124111891,空排,3.0
6957,2026-08-28,221.4,218.4,216.05,211.65,83756.6,74.05620671501,66.77010121369338,1.477464473883657,0.4894861223801567,0.9879783515035003,80.76550313721289,63.70352488157526,225.6520831073198,216.05,206.4479168926802,5.993982874334639,多排,82.0
6961,2026-08-28,51.16000061035156,51.150000381469724,51.27000007629395,53.5116668065389,6241.8,34.474769138116585,39.971089640476244,-0.4909337561142735,-0.571067242575282,0.08013348646100849,28.300119515957533,32.79830662040746,51.87905497489259,51.27000007629395,50.660945177695304,-0.9167170636512585,交叉混雜,10.0
6962,2026-08-28,31.360000228881837,31.08000030517578,31.660000228881835,34.25166686375936,1656397.4,52.62794035709221,44.80027236837838,-0.5922285874595516,-0.7168595445664764,0.12463095710692473,44.0747766840761,44.21332111650789,34.05640123927237,31.660000228881835,29.2635992184913,-1.6108673615432039,交叉混雜,9.0
6967,2026-08-28,72.88000030517578,73.55999984741212,71.41999969482421,71.4479377746582,50790.6,46.83866031521285,55.12551252110381,0.6285864494511202,0.4180349098150984,0.2105515396360218,57.88902820595875,54.97118091780033,76.22333183677875,71.41999969482421,66.61666755286967,2.9123499216796045,交叉混雜,71.0
6968,2026-08-28,41.80999984741211,42.65872497558594,43.311862754821775,43.23562100728353,39638.8,17.853029803375975,14.989340325544388,-0.43792441855872966,-0.19719887400896025,-0.2407255445497694,31.67910200694429,36.79428893754446,45.393040459078804,43.311862754821775,41.230685050564745,-3.49064533732832,交叉混雜,18.0
6969,2026-08-28,34.220000457763675,34.115000534057614,33.912500095367434,29.450833384195963,133729.4,60.493332965880896,54.213323455276765,1.1134349381991342,1.2205736712953528,-0.10713873309621857,61.7492050998053,58.21939985113863,36.1267778449727,33.912500095367434,31.69822234576217,3.64910114863669,多排,68.0
6971,2026-08-28,26.25999984741211,26.099999809265135,25.829999923706055,26.747499974568687,28853.0,73.18484742342036,70.39258845243126,-0.07223524677861803,-0.2074658363929738,0.13523058961435577,73.17025348901888,57.209156414444976,26.479209799289404,25.829999923706055,25.180790048122706,2.0131647669361,交叉混雜,19.0
6982,2026-08-28,48.0,48.12000007629395,48.38250026702881,51.90583349863688,14227.8,43.13609561224729,39.6444279458615,-0.6428175322814198,-0.7837008381190953,0.1408833058376755,40.42447920440373,40.61124641156736,49.39155102428686,48.38250026702881,47.37344950977076,-0.9972587991255836,空排,14.0
6983,2026-08-28,317.7,308.65,304.925,331.53333333333336,90832.2,74.40102376987801,54.233941674724846,0.17218457050978486,-6.983902337239695,7.15608690774948,82.92374003938542,69.95547777369596,336.2623411024036,304.925,273.58765889759644,15.766172009510532,交叉混雜,92.0
6986,2026-08-28,42.029999542236325,42.50999984741211,43.14749984741211,48.16499970753988,48407.2,38.5333316178438,35.33592799417937,-1.2017452651642273,-1.2698320686450506,0.0680868034808233,11.990797776061598,23.154860351614957,44.82505286985025,43.14749984741211,41.46994682497396,-3.5865377571438324,空排,4.0
6988,2026-08-28,11.65999984741211,11.829999923706055,12.129999876022339,13.048333390553791,61200.0,30.512880426968124,25.044024109412604,-0.3532275624567607,-0.332322915196811,-0.02090464725994967,30.150668542673557,33.996938095475414,12.996572060870252,12.129999876022339,11.263427691174426,-3.9571332431824127,空排,5.0
6994,2026-08-28,36.119999694824216,35.775,36.027499961853025,43.12000001271566,381188.0,52.3446447500854,44.96924851850385,-1.3234170470571414,-1.7754357715801172,0.45201872452297587,45.767446387033104,40.55537022060708,37.17937481873546,36.027499961853025,34.87562510497059,-0.49268333334223735,交叉混雜,1.0
6996,2026-08-28,179.4,179.0,178.875,184.88333333333333,84752.4,74.92268184023884,70.91867819057384,-0.25759368534366445,-0.8666244993932317,0.6090308140495673,49.59023350157991,49.8661824490691,184.87390340857286,178.875,172.87609659142714,0.06988120195667365,交叉混雜,68.0
7402,2026-08-28,110.3,110.6,107.85,109.92166671752929,1778721.6,45.589592498875845,40.33122807711533,0.29311674004368626,-0.6476241868548953,0.9407409268985816,56.35180310712309,53.55744644478008,117.92916036603309,107.85,97.7708396339669,4.311543810848406,交叉混雜,64.0
7547,2026-08-28,50.879998779296876,52.08999938964844,51.989999771118164,54.66499996185303,12893.6,7.742879640038673,17.23167206643008,-0.6177103223543767,-0.5036975400986511,-0.11401278225572564,29.939245086441105,40.61992281225918,57.3360859205457,51.989999771118164,46.64391362169063,-3.635316994263609,交叉混雜,5.0
7556,2026-08-28,254.8,251.2,238.425,245.57685089111328,49389.0,66.92493882882808,74.12070752557582,6.781097500730027,3.466933433688178,3.3141640670418493,65.30663954723207,63.594404057434396,268.40617830625433,238.425,208.44382169374572,8.000419419104535,交叉混雜,84.0
7610,2026-08-28,1609.0,1646.0,1685.0,1783.7816853841146,656412.4,22.96987822028689,30.556500577505375,-44.1572585207,-28.605760858784095,-15.551497661915903,31.0376176796631,40.47573352038212,2012.1889845012272,1685.0,1357.8110154987728,-11.275964391691394,空排,99.0
7631,2026-08-28,145.8,145.7,141.4,142.08333333333334,40406.4,31.892574946577128,43.78791150084387,1.8255974508722375,1.2966731489461718,0.5289243019260657,51.59050336962753,54.76076775722758,153.38507844209184,141.4,129.41492155790817,2.545968882602542,交叉混雜,72.0
7642,2026-08-28,78.61999969482422,78.5400001525879,78.41999969482421,76.84666646321615,11914.6,61.41891958567828,51.80599028231576,0.23429849923672919,0.3059884251927562,-0.07168992595602702,54.80137496587578,52.75151452470762,80.29234631998958,78.41999969482421,76.54765306965885,0.7396076350840224,多排,51.0
7689,2026-08-28,178.7,175.65,172.75,,145130.2,67.65102496988465,74.56267765474485,1.1664517986913552,0.4553383789842247,0.7111134197071305,54.27132747102821,60.39865974131561,182.19513241388336,172.75,163.30486758611664,2.170767004341534,,
7703,2026-08-28,180.8,179.5,177.975,188.61666666666667,52953.2,69.52739389673995,59.56241195854716,-0.6288740375043744,-1.8858105061302628,1.2569364686258884,60.09653461073649,53.15835044771735,189.18343197635113,177.975,166.76656802364886,2.2615535889872205,交叉混雜,28.0
7704,2026-08-28,62.64000015258789,62.880000305175784,62.985000419616696,60.013333574930826,24271.2,35.89410979109965,34.44474479545424,1.0901101005423115,1.2549514619076976,-0.16484136136538607,49.43112045950373,54.87109961504736,67.30302886214955,62.985000419616696,58.66697197708385,-0.611259733159728,交叉混雜,78.0
7705,2026-08-28,30.779999923706054,30.795000267028808,30.700000095367432,31.020833428700765,40028.8,54.270778333940676,58.75891770229365,-0.0022022312431921875,-0.02134939755346432,0.01914716631027213,39.45429023022153,46.11118652182291,31.486062733996434,30.700000095367432,29.91393745673843,-0.6514661066649702,交叉混雜,17.0
7708,2026-08-28,92.26000213623047,92.32000122070312,92.3950008392334,93.14333368937174,4127.8,20.171553564037456,27.532570729686284,-0.2221702376084096,-0.23094981871180256,0.00877958110339297,40.01498676023371,44.46639659068625,93.80395730256627,92.3950008392334,90.98604437590053,-0.3192839032769882,空排,48.0
7709,2026-08-28,70.13999938964844,70.52000045776367,71.18000030517578,81.73333326975505,34282.4,45.754704242868165,36.08509331556568,-1.4069976700023545,-1.816397410163006,0.4093997401606515,54.662144343437554,48.11118628178227,74.16106180100095,71.18000030517578,68.19893880935061,-0.25288045013213173,空排,78.0
7711,2026-08-28,497.1,485.8,436.975,363.0083333333333,1444686.6,69.43605573226851,76.27327351305325,42.88580470423261,40.96766464486161,1.9181400593710052,58.35370385242946,65.23131396375197,577.365236202708,436.975,296.584763797292,11.448023342296464,多排,
7712,2026-08-28,154.6,148.8,145.8,159.29166666666666,770781.6,69.71464525703686,64.49199257173711,1.0485618279776077,-1.8346140906383823,2.88317591861599,69.55505640818858,60.657350360570504,159.69964028311153,145.8,131.9003597168885,9.73936899862825,交叉混雜,83.0
7713,2026-08-28,73.26000061035157,72.31999969482422,71.17000045776368,70.88333307902018,6816.2,74.89147449964113,73.07183864025305,0.8195602637850641,0.4958097881703582,0.3237504756147059,89.49703698613109,79.76827487211025,74.21361323566327,71.17000045776368,68.12638767986408,3.2738506776026743,多排,57.0
7714,2026-08-28,177.1,174.55,164.5,156.45833333333334,609074.0,63.992289937366,71.3019085117505,5.76618608088512,4.135672647597519,1.630513433287601,52.002447316003405,54.378844590950756,189.6207609673529,164.5,139.3792390326471,6.079027355623101,多排,85.0
7715,2026-08-28,30.3,30.89000015258789,32.45250015258789,32.64083334604899,84002.4,18.2446562043729,21.25731620250437,-0.8073971272150615,-0.5062533596813924,-0.3011437675336691,22.65750024147367,33.73108041874079,36.38675922444896,32.45250015258789,28.518241080726817,-10.330482259779975,空排,41.0
7717,2026-08-28,414.3,411.55,417.375,457.78333333333336,173567.6,56.86231892990354,40.754066843977455,-6.110656995891986,-11.314117473801442,5.203460477909456,69.03837095959179,56.24058134245916,452.1371618248535,417.375,382.6128381751465,5.420784666067685,交叉混雜,
7718,2026-08-28,47.22999954223633,47.414999389648436,47.494999694824216,47.3341667175293,21235.0,31.896702495317697,37.19802567004512,-0.018664202852740175,0.036573816911184436,-0.05523801976392461,41.07690958472391,46.174505038527336,48.09841121204802,47.494999694824216,46.89158817760041,-0.7263884012255419,交叉混雜,55.0
7721,2026-08-28,61.91999969482422,61.79999961853027,62.02499980926514,67.41499983469645,55228.2,38.408514789812926,31.953028234168258,-0.7218476841602097,-1.0752897552371492,0.3534420710769395,63.55974256154718,51.71893005052686,64.60906041849813,62.02499980926514,59.44093920003215,1.2494952522025478,交叉混雜,53.0
7722,2026-08-28,285.6,281.65,282.55,293.66031748453776,40465.0,63.89149511585234,49.04441514122209,-0.27630419007232376,-1.7508909897706515,1.4745867996983277,62.74884504051227,54.98068775062082,300.5789241293515,282.55,264.52107587064853,2.636701468766586,交叉混雜,10.0
7723,2026-08-28,19.120000076293945,19.104999923706053,19.455000114440917,21.149166742960613,60476.4,36.165692878340735,28.813905368945154,-0.45137183594920316,-0.49333366619347474,0.04196183024427158,45.414958761611146,43.39670452019234,21.296881350484266,19.455000114440917,17.613118878397568,-1.5677229201569127,交叉混雜,3.0
7728,2026-08-28,614.346533203125,597.8732666015625,599.3866333007812,641.8455444335938,27260.8,62.10970494635565,54.254020860408545,-1.9857103027294443,-10.280241443420962,8.294531140691518,77.54369784375318,61.083140168129425,638.4927266694601,599.3866333007812,560.2805399321023,6.10847233906293,交叉混雜,83.0
7730,2026-08-28,177.43809509277344,171.11904754638672,166.15952377319337,172.44484125773113,184119.0,65.38590157693767,62.67143273832186,2.595463522920909,0.33940267631777254,2.256060846603136,60.7901148755084,57.18083994653045,184.32448039733154,166.15952377319337,147.9945671490552,6.524137756680023,交叉混雜,86.0
7732,2026-08-28,34.69000015258789,34.46999969482422,34.832499504089355,35.429999923706056,7810.0,81.91618727784386,68.52632701915817,-0.22447294822037378,-0.2740034080335868,0.049530459813213024,51.58168382667427,48.05964913688513,36.14730345956508,34.832499504089355,33.51769554861363,-0.3803882668091244,交叉混雜,37.0
7734,2026-08-28,2927.0,2922.5,3159.25,3125.6666666666665,274722.6,41.84622532100386,29.768928741214474,-80.42443308896782,-59.61126256823152,-20.8131705207363,50.58726910246267,47.42375642885348,3729.3771787943474,3159.25,2589.1228212056526,-5.199018754451214,交叉混雜,94.0
7736,2026-08-28,69.26000061035157,69.72000122070312,69.90500106811524,70.76333401997884,20400.0,34.04197819437681,39.16914232392198,-0.3252231974006605,-0.28146448203282576,-0.043758715367834766,48.76080295221315,46.973211970756914,71.16068420407936,69.90500106811524,68.64931793215112,-0.43631011992540075,空排,16.0
7738,2026-08-28,169.9,167.95,167.95,168.325,12627.2,60.75431895986663,50.33937611516492,0.45228406337363936,0.05180568139358716,0.4004783819800522,59.5202525769014,55.5998170939523,172.20379087897496,167.95,163.69620912102502,1.2206013694552018,交叉混雜,33.0
7740,2026-08-28,135.7,138.45,145.9,141.767111714681,114135.8,14.226154266196435,13.221698622303034,-2.5726031269460634,-0.8496104331473597,-1.7229926937987037,30.320889491970433,39.65313827620145,167.77187571673855,145.9,124.02812428326146,-8.156271418779989,交叉混雜,15.0
7743,2026-08-28,20.670000076293945,20.770000076293947,20.817500019073485,20.300833320617677,6415.0,47.79384595508216,51.35475259352619,0.0623095905049702,0.08867354120931753,-0.026363950704347328,61.32043184583802,55.155734416657786,21.337899752970856,20.817500019073485,20.297100285176114,0.8766661739368526,交叉混雜,47.0
7744,2026-08-28,499.4,497.0,473.75,457.21666666666664,123574.0,72.16416170142406,72.48491796497508,17.078275223097023,13.649716543804818,3.4285586792922054,66.17766339770446,63.29480309538362,535.9682068462046,473.75,411.5317931537954,8.073878627968337,多排,81.0
7747,2026-08-28,114.0,114.2,114.975,115.68106040954589,43266.0,31.076820658388094,40.02693605711954,-0.5141432533786343,-0.38492699298546845,-0.12921626039316586,19.78920309372819,34.592108141825236,116.73642884584103,114.975,113.21357115415896,-1.2828875842574423,空排,48.0
7749,2026-08-28,377.1,356.6,353.375,396.7916666666667,188185.0,75.68118589519989,68.83360358871198,-0.3196125369885294,-6.73794197952186,6.418329442533331,62.5482980259047,56.1553795220893,387.5800704151423,353.375,319.1699295848577,5.270604881499823,交叉混雜,6.0
7750,2026-08-28,2322.0,2369.5,2368.0,2182.0833333333335,508358.4,48.84604026804777,48.725939467673264,50.19645336672238,62.498261203405356,-12.301807836682976,45.45483474897715,49.798813472538114,2561.047580717956,2368.0,2174.952419282044,-2.871621621621622,交叉混雜,93.0
7751,2026-08-28,1811.0,1681.0,1516.75,1390.6666666666667,933470.2,82.1561585326217,84.12174930309448,139.88749854319735,91.7542427782069,48.13325576499045,59.33338408812778,61.84956643943266,1940.4091852694319,1516.75,1093.0908147305681,18.015493654194824,多排,96.0
7753,2026-08-28,37.24000015258789,37.380000305175784,37.575,40.2258331934611,15866.4,38.41500350276063,48.991170490018916,-0.6656296032861135,-0.7723534087469448,0.10672380546083127,33.62356537177183,38.713534317217345,38.29061532632334,37.575,36.859384673676665,-1.3972076192666825,空排,13.0
7757,2026-08-28,89.06000061035157,89.31000061035157,89.6650001525879,93.79333318074545,9358.4,7.780380591767899,12.87403656540102,-0.8984131877699326,-0.986808918719431,0.08839573094949837,36.32048512614288,39.13215833382936,91.77190622321721,89.6650001525879,87.55809408195857,-1.0762317545346642,空排,6.0
7760,2026-08-28,33.08999938964844,33.08499984741211,33.1375,33.592499828338624,81357.6,56.98762652994533,57.957395511007874,-0.22391483743738405,-0.2641032444147704,0.04018840697738635,44.927302674837996,44.33777809547699,33.86070586097032,33.1375,32.414294139029685,-0.4149377593361081,交叉混雜,35.0
7765,2026-08-28,224.4,224.05,224.475,228.16666666666666,26594.4,39.071298156489725,35.84984385142699,-0.5123271181677751,-0.6541901652463813,0.1418630470786062,45.777560142469774,47.44258195518493,228.53345446351523,224.475,220.41654553648476,-0.21160485577458263,交叉混雜,11.0
7768,2026-08-28,289.0,287.65,274.875,315.65833333333336,77355.4,51.07188627169489,55.87913621408096,-0.8976799142822074,-5.6037251679007465,4.706045253618539,55.7491693739751,52.92150275254879,308.54815813741203,274.875,241.20184186258797,5.684402000909505,交叉混雜,73.0
7769,2026-08-28,6327.0,6421.5,6431.25,6544.666666666667,378322.2,40.05145914858298,35.14216708922784,-2.2035439498231426,-1.9172589633466495,-0.28628498647649314,58.72539150192304,52.95712927835843,6744.499102153466,6431.25,6118.000897846534,0.913508260447036,空排,94.0
7772,2026-08-28,88.4,88.87000045776367,90.20499992370605,112.84999987284343,52707.0,41.1452037633417,30.826179176948237,-4.226347578090028,-5.500909230775102,1.2745616526850743,53.80699143841933,45.287559152292495,95.40519283353674,90.20499992370605,85.00480701387536,-0.22726004531837518,空排,51.0
7777,2026-08-28,39.65003356933594,39.20501708984375,39.72750835418701,39.78045501708984,4531322.2,55.43102071250223,47.99623379558409,0.1742903655520962,-0.00925822532760135,0.18354859087969755,53.35142331205208,52.223260127594706,42.65565095259507,39.72750835418701,36.79936575577895,1.063477648598542,交叉混雜,89.0
7780,2026-08-28,16.929999923706056,16.864999961853027,16.792500019073486,17.570833269755045,616698.0,52.51406622394126,51.50870494654455,-0.09356935681492828,-0.16746454121025062,0.07389518439532233,54.78201976220043,50.17137182765046,17.0885706044694,16.792500019073486,16.496429433677573,0.9379231423973331,交叉混雜,13.0
7782,2026-08-28,26.00999984741211,25.799999809265138,25.854999828338624,26.250000063578288,9403.6,34.29400615178618,28.77084258733938,-0.050773217732555054,-0.146960511705855,0.09618729397329995,73.33770117282221,60.051342927189225,26.470501876289802,25.854999828338624,25.239497780387445,2.8814564226550012,交叉混雜,30.0
7786,2026-08-28,120.3,121.85,124.075,125.88333333333334,181386.8,18.45511334323137,16.892105911994094,-1.8187605970670688,-1.2371925779249917,-0.5815680191420771,34.744778943276586,39.707136296655534,131.324500890268,124.075,116.825499109732,-3.284303848478745,空排,14.0
7788,2026-08-28,282.1,274.7,253.925,248.04166666666666,2213307.4,79.06306560089402,67.47369906685589,16.632448170141515,10.330630899813634,6.301817270327881,85.33736245134402,75.50006546834936,319.834247813705,253.925,188.015752186295,28.97509107019789,多排,96.0
7791,2026-08-28,56.79999923706055,56.78999977111816,57.964999771118165,61.03166669209798,22445.6,44.445750149536956,35.410273624721626,-1.2006475200027182,-1.247805569880593,0.04715804987787475,31.719234778103,28.990201545397866,60.65006576544677,57.964999771118165,55.27993377678956,-2.3548715645423015,交叉混雜,
7792,2026-08-28,301.2,290.15,253.9,245.23333333333332,461210.8,85.48224772899016,86.61533907553041,21.615674567357757,15.109019884084216,6.506654683273542,81.34743547136364,75.68822769017473,336.1912670432239,253.9,171.60873295677615,19.338322174084283,多排,76.0
7794,2026-08-28,28.70999984741211,28.554999923706056,28.787499713897706,,7600.0,62.767013186585416,49.1071967021214,-0.058558095579758884,-0.06471373229570841,0.006155636715949528,52.408882987037515,50.17881323069156,29.680675157397733,28.787499713897706,27.89432427039768,-0.13026387935872769,,
7795,2026-08-28,561.6,559.0,509.2,478.2416666666667,1254601.0,50.33328380703805,58.63650958944717,29.918648628707047,25.011993375889357,4.906655252817689,58.59258150300638,59.7639473163953,638.2317790313685,509.2,380.16822096863143,10.761979575805187,多排,95.0
7799,2026-08-28,368.0,362.4,360.775,382.0,286222.8,59.84896506994393,51.93973786136027,-2.3043497899082013,-6.117795938233928,3.8134461483257267,62.905006173153026,55.31575119622466,381.14648419780815,360.775,340.4035158021918,5.051624974014281,交叉混雜,
7803,2026-08-28,19.460000228881835,19.425000190734863,19.60750017166138,21.390000089009604,24951.8,62.65187415987832,58.34875491320555,-0.4498239321140076,-0.5214429918152912,0.07161905970128357,37.27968815225989,39.0935284063856,20.334625319947097,19.60750017166138,18.88037502337566,-2.0782833362453927,交叉混雜,
7805,2026-08-28,514.6,591.4,624.3,644.0166666666667,90481.0,8.793067544281731,19.72005102325062,-31.7835767061797,-13.274635491119216,-18.508941215060485,18.514184904097547,26.56311290410045,771.49997139588,624.3,477.10002860411987,-17.667787922473163,空排,4.0
7810,2026-08-28,216.9,207.95,201.275,200.56666666666666,113483.6,74.03860582359408,66.1170545039119,5.733620710821725,2.63264409677792,3.1009766140438053,85.87645908777478,73.66894097378267,223.58259842225166,201.275,178.96740157774835,10.296857533225683,多排,79.0
7811,2026-08-28,72.55999908447265,72.13999938964844,71.59999923706054,74.8383332570394,3021.8,92.54283773866453,91.59841992803922,-0.21396866595416952,-0.5701711000902611,0.35620243413609154,71.97602405985336,55.598946173866224,73.02607244305365,71.59999923706054,70.17392603106744,1.2569843191752588,交叉混雜,4.0
7814,2026-08-28,29.860000228881837,30.19500026702881,30.320000076293944,34.35583330790202,32735.6,31.722263025961162,39.356753927739774,-0.9564969622450548,-1.1227617008461044,0.16626473860104962,31.12210058285517,38.40506153454098,31.219941476174075,30.320000076293944,29.420058676413813,-2.704485732950478,空排,8.0
7818,2026-08-28,61.699999237060545,62.05,62.314999961853026,64.77666651407877,66646.4,15.008379241213223,23.711169879706972,-1.2439323042854085,-1.2577467792215566,0.01381447493614818,24.303553385465335,29.80984259401572,63.84680407864427,62.314999961853026,60.78319584506178,-2.4311975057689277,空排,5.0
7819,2026-08-28,34.62999954223633,35.164999389648436,35.214999771118165,38.500833384195964,42800.8,14.68047917835289,16.676528266257755,-0.745187807259974,-0.8383385882239547,0.09315078096398066,38.878257158142326,41.839365045945655,37.70119386164722,35.214999771118165,32.72880568058911,-2.030384142454482,空排,1.0
7820,2026-08-28,121.7,120.2,116.075,114.83166669209798,16792.0,81.99879909339597,79.44067328980412,2.7653798823376405,2.0896710681728887,0.6757088141647518,56.67771845441643,58.357792702296436,132.73972795741273,116.075,99.41027204258728,4.242946370880894,多排,9.0
7821,2026-08-28,39.06999969482422,39.09500007629394,39.562500190734866,41.215000025431316,94455.4,27.374773462914572,24.215935169125785,-0.5117904528967756,-0.5463357269757491,0.034545274078973454,44.60982873884276,42.30198220991328,40.93089296744783,39.562500190734866,38.1941074140219,-1.2954210456960495,空排,7.0
7822,2026-08-28,935.6,920.3,887.5,971.8333333333334,191387.6,65.22083323732855,61.83462231132306,7.30535085080362,-7.307862669897331,14.61321352070095,70.42459867039145,59.903912269855795,977.115553161387,887.5,797.884446838613,7.380281690140846,交叉混雜,74.0
7823,2026-08-28,83.36000061035156,83.66000061035156,83.71000061035156,83.03000043233236,31142.0,70.94742555200057,70.45561280568558,0.08259192898844958,0.13663319313467345,-0.05404126414622387,46.098005115006636,49.441344016845015,86.9550127122299,83.71000061035156,80.46498850847321,-0.37032502952140245,交叉混雜,
7827,2026-08-28,160.7,159.05,158.3,159.88333333333333,351255.6,65.19400167210969,63.67935856786318,1.3086953192136832,0.7517739570348627,0.5569213621788205,50.00190385256045,52.16048297187628,165.05433583941442,158.3,151.5456641605856,0.7580543272267773,交叉混雜,88.0
7828,2026-08-28,1620.0,1633.0,1661.75,1817.0833333333333,166212.2,57.02892668492392,38.846093629367836,-24.494220477794443,-38.77662915794947,14.28240868015503,69.61660382325795,57.331604778993245,1862.0202122002547,1661.75,1461.4797877997453,8.319542650819919,空排,97.0
7835,2026-08-28,22.24000015258789,21.940000152587892,24.104999923706053,,57060.0,59.29235892418248,35.28302453102316,-3.1194646125911625,-3.7066485824564346,0.5871839698652721,70.40471696821433,33.23545995876516,29.650685135359044,24.104999923706053,18.559314712053062,5.372328143219172,,
7839,2026-08-28,44.95,45.08499984741211,45.35499992370605,46.7033332824707,32200.0,60.23195544018177,62.26604168131841,-0.3449953120812097,-0.3689958354592724,0.024000523378062688,23.76127590615954,39.638176292660134,46.08690408392138,45.35499992370605,44.623095763490724,-1.5544006151759686,空排,3.0
7842,2026-08-28,104.5,101.88000030517578,92.80500030517578,95.25000025431315,68799.2,76.10728318301126,81.82257720003184,3.8674597675870785,2.189296927840989,1.6781628397460895,54.00211070245371,58.191058639496646,114.82140273952986,92.80500030517578,70.7885978708217,9.36910690828293,交叉混雜,5.0
7855,2026-08-28,43.5,43.494999694824216,,,912333.8,27.051248561641845,34.29955666738444,-0.09443077842951197,-0.04925452315660034,-0.045176255272911636,52.95515636943063,78.10749328113693,,,,,,
8011,2026-08-28,16.05,15.979999923706055,16.18499994277954,16.94000005722046,240554.4,58.12521504769692,48.05357659802183,-0.18811881922218632,-0.23700210678608208,0.04888328756389576,53.56445814785884,46.866235598752006,16.73089382376387,16.18499994277954,15.63910606179521,-0.525174924994266,交叉混雜,10.0
8016,2026-08-28,296.0,295.45,298.6,303.26666666666665,416376.6,49.65593655946158,41.76651644123771,-0.742152236762081,-0.8125882333708357,0.07043599660875477,48.16964104052349,48.89785310209489,319.66031438762474,298.6,277.5396856123753,-0.8707300736771676,交叉混雜,82.0
8021,2026-08-28,417.5,412.3,412.025,462.1,7176209.2,59.96412971900334,45.637776483296335,-1.5116687817302363,-7.845485209589727,6.333816427859491,73.72447893374816,59.90196966351937,457.6787022191554,412.025,366.37129778084454,10.187488623263159,交叉混雜,97.0
8024,2026-08-28,13.15,13.225000095367431,13.67750005722046,14.38416673342387,29891.4,32.76911451205726,26.76041157848572,-0.43415718313761076,-0.4243392626887166,-0.00981792044889418,34.900042415938046,36.829759819598664,14.742974839480578,13.67750005722046,12.612025274960342,-3.4911368741193813,空排,57.0
8027,2026-08-28,175.8,173.85,177.5,208.14166666666668,2556763.2,52.419660358709244,38.16030331825043,-5.958357682964305,-8.416962319706778,2.458604636742473,68.61709373477463,52.87496792065057,193.52629418372067,177.5,161.47370581627933,4.225352112676056,交叉混雜,89.0
8028,2026-08-28,245.7,247.85,256.9,289.3,1671220.0,37.973751110057364,29.19107352692414,-10.791248691391786,-11.52300686401497,0.7317581726231843,46.41049836063018,42.29578861753601,280.19129044356157,256.9,233.60870955643838,-3.0751265083690065,空排,78.0
8032,2026-08-28,36.09000015258789,36.010000228881836,36.375,39.63666642506917,24847.6,55.7996171513993,43.00497437397026,-0.5231676697686467,-0.7057924691758493,0.18262479940720255,53.68707217687435,46.997888325698135,37.83373023056736,36.375,34.91626976943264,-0.2061876644383591,交叉混雜,24.0
8033,2026-08-28,189.0,188.05,185.725,179.81666666666666,13953078.2,44.883737147271155,44.899963327087725,1.0995639908539658,0.16892362294848495,0.9306403679054809,51.495471204312956,51.1779880987151,201.55792704926623,185.725,169.89207295073376,2.0325750437474794,多排,87.0
8034,2026-08-28,19.410000228881835,18.945000076293944,19.025,20.673333263397218,151125.0,66.7240001847618,51.09385883020758,-0.14266022480010676,-0.4074493492012129,0.26478912440110614,82.42692708074077,64.66913026510804,20.136897155101938,19.025,17.91310284489806,5.913270005415374,交叉混雜,17.0
8038,2026-08-28,31.329999923706055,31.089999961853028,31.529999923706054,36.58416674931844,142026.4,61.68830385859263,47.4356256300628,-1.1575240776291764,-1.5233067092010548,0.3657826315718784,63.28983500390529,45.44164435196538,32.894743575393925,31.529999923706054,30.16525627201818,1.1734846042483893,交叉混雜,5.0
8039,2026-08-28,314.6,294.6,260.05,196.28333333333333,47283882.8,86.14715778465985,83.33785513176971,35.11298976095259,27.329683414692582,7.783306346260005,76.37762115626204,72.3541470284937,350.1709129301756,260.05,169.92908706982445,32.08998269563545,多排,99.0
8040,2026-08-28,71.21999969482422,70.91999893188476,71.99499893188477,84.79166634877522,279806.2,58.2979287478876,47.1926288874929,-2.2208097187082245,-3.0107342342762484,0.7899245155680239,57.850514854933394,47.47459542386675,76.23986009576774,71.99499893188477,67.75013776800179,0.4236462593208932,交叉混雜,67.0
8042,2026-08-28,102.08000030517579,103.25,108.15,141.056666692098,3780371.4,46.994463723876,32.40295570527921,-7.182199309069901,-8.675663764204547,1.4934644551346459,60.61786704099661,48.28301568160446,120.80468498943449,108.15,95.49531501056552,0.7859454461396156,空排,93.0
8043,2026-08-28,138.3,139.7,139.975,162.63333333333333,5321146.6,49.718708101593705,39.606666046544845,-2.2983766979908182,-3.641124666396245,1.3427479684054267,66.65267988220738,55.36491662941713,153.36185529677394,139.975,126.58814470322604,5.73316663689945,空排,97.0
8044,2026-08-28,24.789999771118165,25.164999961853027,26.04750003814697,27.42999989191691,449951.4,10.073205337798603,10.921190698827717,-0.6333365952293093,-0.4827478872945675,-0.15058870793474177,20.7499109762976,31.312238477810922,28.13214953966603,26.04750003814697,23.96285053662791,-6.324984805466581,空排,14.0
8045,2026-08-28,52.51999969482422,52.26999969482422,52.875000190734866,57.710000101725264,112418.4,56.20896464415637,46.57690527591967,-1.4005767915094367,-1.7437532473251185,0.3431764558156818,55.53092401628519,48.259780612493905,55.53928737503896,52.875000190734866,50.21071300643077,0.6146582903682635,交叉混雜,3.0
8046,2026-08-28,1202.0,1206.0,1168.4,1088.1166666666666,10679356.0,50.264708552868754,44.412325549126436,34.25744039935853,30.420045285132886,3.837395114225643,57.84570910076433,56.04964083600967,1353.936377480059,1168.4,982.863622519941,6.128038343033199,交叉混雜,98.0
8048,2026-08-28,51.8,51.84000015258789,52.240000534057614,56.423608462015785,56274.4,53.741483902752,44.84777829615332,-0.785871186448226,-1.0304821297477864,0.24461094329956046,46.68374655086494,44.74526880414641,54.224572764791105,52.240000534057614,50.25542830332412,-0.8422689366364206,空排,44.0
8049,2026-08-28,24.43000030517578,24.500000381469725,25.43000011444092,26.254999923706055,106225.2,23.578713519453224,18.894315685714236,-0.5073144155838101,-0.41956999407253504,-0.08774442151127504,28.346668897895412,31.400575288635167,27.374330034825967,25.43000011444092,23.48567019405587,-3.8537135158916254,空排,37.0
8050,2026-08-28,57.28000030517578,57.08000030517578,59.51000003814697,57.92166659037272,896453.4,37.38446497336312,35.029172657350514,-0.6187151643941746,-0.24412846230674673,-0.3745867020874279,35.17003492273277,43.285205527555526,67.2246206268171,59.51000003814697,51.79537944947684,-5.226009931565281,交叉混雜,71.0
8054,2026-08-28,82.83999938964844,81.46999969482422,82.32000007629395,95.36275266011556,672605.6,61.184815187237916,46.09371375330035,-2.3282198485171364,-3.416711634221327,1.0884917857041905,69.7953290249523,50.981576978983,86.4221692936494,82.32000007629395,78.2178308589385,2.7696773514504938,交叉混雜,7.0
8059,2026-08-28,13.889999771118164,13.734999847412109,14.344999933242798,15.848333263397217,303857.2,48.81600657251245,37.495812608698,-0.4871516175571138,-0.5669870328738635,0.07983541531674976,47.14965170368265,43.01011240185226,15.807118068951825,14.344999933242798,12.882881797533772,-3.1021283846874788,交叉混雜,3.0
8064,2026-08-28,100.98000030517578,100.24999923706055,101.67999954223633,121.42499987284343,2133555.2,61.63146511985268,46.55989859821518,-3.193068856587047,-4.642876673921728,1.4498078173346816,58.67825450630541,48.91515526191209,107.70262452475978,101.67999954223633,95.65737455971288,1.2981908573036145,交叉混雜,91.0
8066,2026-08-28,14.729999923706055,14.704999923706055,14.742500019073486,15.000833320617676,6388.8,44.627534296422255,41.08952610314787,-0.06852978903849483,-0.0863543771637989,0.017824588125304075,45.15150560682586,45.25151233400288,14.91804433467934,14.742500019073486,14.566955703467631,-0.28828360015847493,交叉混雜,11.0
8067,2026-08-28,12.380000114440918,12.59000005722046,12.952500057220458,13.095833365122477,11820.0,32.56176005251734,28.909138983722148,-0.21903549298837,-0.15378583857755657,-0.06524965441081343,36.576200201749124,40.86061091768442,13.907528273537483,12.952500057220458,11.997471840903433,-5.037636468658841,空排,26.0
8068,2026-08-28,17.019999694824218,17.029999923706054,17.45249996185303,18.279166762034098,66822.0,34.291510391183635,26.28010838185139,-0.34432297650846877,-0.35381023873857725,0.009487262230108484,38.081329826545435,40.19381238158905,18.462176897205822,17.45249996185303,16.442823026500236,-2.306264006143829,空排,15.0
8069,2026-08-28,159.3,160.1,170.95,187.45,4578999.2,44.238677469300036,35.35234602524788,-8.079924698057312,-7.98674049306124,-0.0931842049960716,40.56128998605501,37.59671125008659,200.736786190841,170.95,141.16321380915898,-6.112898508335764,空排,8.0
8070,2026-08-28,50.34000015258789,50.56000022888183,49.30000019073486,51.744166692097984,3136511.4,43.603362655949454,41.3427282556811,0.4108201194307739,0.07558013537815644,0.33523998405261746,61.496188831485995,56.8437135899693,53.00305791292712,49.30000019073486,45.59694246854261,4.2596375801611135,交叉混雜,71.0
8071,2026-08-28,24.099999618530273,24.004999923706055,23.817499828338622,25.73166653315226,631336.2,58.34704679039845,47.450248009449126,-0.10157872002194779,-0.2925198602288577,0.1909411402069099,61.53422434511604,53.321299200877554,25.443367743697493,23.817499828338622,22.19163191297975,2.8655407854745647,交叉混雜,80.0
8072,2026-08-28,26.22000045776367,26.370000457763673,26.39250020980835,27.76750005086263,90336.8,37.5648744734885,38.486591132057725,-0.282940516595783,-0.3420112359182691,0.05907071932248609,43.00125979913991,43.40061868489587,26.909856398646905,26.39250020980835,25.875144020969795,-0.7293717735667872,空排,17.0
8074,2026-08-28,55.939999389648435,55.45999946594238,55.295000076293945,61.36666673024495,667825.2,61.45755174674963,47.30772419976905,-0.45101529187621736,-1.1430149033084884,0.6919996114322711,73.03053637589557,57.99933693802031,58.549455150709456,55.295000076293945,52.040545001878435,5.072788487127078,交叉混雜,71.0
8076,2026-08-28,23.309999847412108,23.294999885559083,23.3125,24.44416659673055,530031.8,43.10097169584482,39.679970404975236,-0.14406150847996813,-0.2014131730976404,0.05735166461767227,43.2300100727747,45.38190919729994,23.86868565490262,23.3125,22.75631434509738,-0.2680965147453083,交叉混雜,42.0
8077,2026-08-28,42.91999969482422,43.614999771118164,44.52999992370606,46.63333333333333,10102.2,58.04080744554609,41.62689167576678,-0.670807546939507,-0.6177918127607114,-0.05301573417879557,46.23831356643386,44.87841673656422,47.73630948324554,44.52999992370606,41.32369036416657,-2.98674862574739,空排,39.0
8080,2026-08-28,28.0,27.879999923706055,27.927499866485597,27.894166564941408,5012.0,41.619398424510564,34.05051190255246,0.02924405265186536,0.017468381971194474,0.011775670680670886,55.361411968315494,51.835596183213504,28.678271206121163,27.927499866485597,27.17672852685003,0.25960123126312024,交叉混雜,44.0
8081,2026-08-28,257.9,257.05,259.125,273.7,389344.4,65.02904046886874,51.224668299323454,-1.6471258175418484,-2.700968578284917,1.0538427607430685,54.412701723341314,50.44113269060588,270.89416130804,259.125,247.35583869196,0.3376748673420164,交叉混雜,60.0
8083,2026-08-28,159.0,159.1,159.15,162.84166666666667,83657.6,41.75423805031159,46.31811174992242,-0.37743688029652844,-0.5224476230909108,0.1450107427943823,37.70157014791393,44.95277567460194,160.23093526756657,159.15,158.06906473243345,-0.40841972981464386,空排,45.0
8084,2026-08-28,46.40758514404297,48.34379234313965,47.711896133422854,47.08729890187581,484422.6,16.886167143061673,24.01719121304918,0.26623921081196045,0.7229112964138704,-0.45667208560190997,31.140960891448785,43.54909962034383,55.708619301228715,47.711896133422854,39.71517296561699,-3.5879859577067763,交叉混雜,40.0
8085,2026-08-28,14.639999961853027,13.390000057220458,12.359999990463256,12.179166746139526,1680708.8,91.0398104778658,88.08939472882655,0.8876731559339515,0.39462743958921087,0.4930457163447406,96.46920089637173,87.68107436372779,15.448280173365895,12.359999990463256,9.271719807560618,30.25890286320537,多排,62.0
8086,2026-08-28,116.0,115.6,116.875,130.975,4393017.6,50.25424122928681,41.35893294482763,-2.434350967999066,-3.513636576557247,1.0792856085581808,56.32165097906602,49.55741960433065,124.32218244141583,116.875,109.42781755858417,0.53475935828877,交叉混雜,31.0
8088,2026-08-28,46.06999969482422,45.974999618530276,46.96749992370606,53.11916637420654,491566.4,30.731952254749764,27.327358493854064,-1.1533695380947435,-1.3754987009806854,0.22212916288594187,39.0528860182407,41.841860902890254,49.69866079342713,46.96749992370606,44.236339053984985,-2.592217864872013,交叉混雜,51.0
8089,2026-08-28,18.100000381469727,17.96500015258789,18.075,19.37666670481364,99535.6,63.927241497689785,57.93855644733176,-0.27971562754092716,-0.35203818620651256,0.0723225586655854,44.820757109621404,44.24843614842451,18.549064098855464,18.075,17.600935901144535,-0.6915587112616662,交叉混雜,4.0
8091,2026-08-28,217.2,219.6,224.775,246.99166666666667,216365.2,37.61997471508339,30.16912983306723,-6.796558887620591,-7.316364883527102,0.5198059959065109,49.15804356364535,43.60337692849438,239.81345946757588,224.775,209.73654053242413,-1.9019019019019046,空排,87.0
8092,2026-08-28,13.390000152587891,12.960000133514404,13.032500076293946,13.743333339691162,84108.6,58.57783798598854,52.97354023010738,-0.0919796139961857,-0.22498059346989843,0.13300097947371273,50.30048946477436,49.3899868712043,13.899603430865184,13.032500076293946,12.165396721722708,0.9015886556567799,交叉混雜,17.0
8093,2026-08-28,27.34000015258789,25.515000343322754,23.75750036239624,20.90833346048991,154657.4,75.42242476457425,72.55245403714936,1.8042769216810015,1.4164032932517419,0.38787362842925965,77.30960654991506,72.2669505338006,28.849214208857223,23.75750036239624,18.665786515935256,15.542461724583465,多排,82.0
8096,2026-08-28,108.2,108.65,116.825,134.04166666666666,2736547.0,35.40941547634975,25.034400304289964,-6.825756223709135,-6.919190041184367,0.0934338174752325,41.87427514003014,39.20857591452282,136.03649601013345,116.825,97.61350398986656,-6.270062058634712,空排,90.0
8097,2026-08-28,49.23000030517578,49.64500045776367,50.68250007629395,54.52083314259847,93400.4,47.01673672177291,44.33980418368775,-1.2028165148655106,-1.220469905242508,0.017653390376997535,22.999988819451772,27.441775100271627,53.404008033941636,50.68250007629395,47.96099211864626,-3.22103455191821,空排,16.0
8099,2026-08-28,60.70000076293945,59.800000762939455,58.54000034332275,58.90666669209798,660081.0,72.6632136258145,68.62829289348271,0.8880766296985954,0.3580421998668585,0.5300344298317369,74.01103331338508,68.10166563794009,62.44540894184786,58.54000034332275,54.634591744797646,6.252135972244098,交叉混雜,45.0
8101,2026-08-28,13.019999885559082,12.224999904632568,12.20750002861023,13.220833349227906,10232.8,66.50003976237701,65.67160950041094,-0.028970868941561534,-0.2035845909897258,0.17461372204816428,49.00558410151586,49.69664033053875,14.220948265557777,12.20750002861023,10.194051791662684,1.5768960841195137,交叉混雜,16.0
8103,2026-08-28,107.33999938964844,96.9599998474121,88.07999954223632,89.63833312988281,8700606.2,85.43077787365957,83.41141500616155,6.708661178514987,2.906238072562021,3.802423105952966,73.68013837762578,71.81008078684944,113.53109649586627,88.07999954223632,62.62890258860638,23.18347021331651,交叉混雜,75.0
8104,2026-08-28,31.27999954223633,31.05499973297119,31.164999961853027,35.45499973297119,302759.2,53.730012179298996,44.35155431658394,-0.7168474931998858,-1.0315381554405612,0.3146906622406753,56.24107841422985,47.299257008667446,32.34067496784316,31.164999961853027,29.989324955862898,1.0749239164351791,交叉混雜,17.0
8105,2026-08-28,14.639999961853027,14.350000095367431,15.477500009536744,18.41666661898295,1774672.8,59.08921244126974,34.74506707799887,-0.7445375349366579,-0.9330755123990213,0.18853797746236345,78.50925440992788,59.29178945606087,18.21485821746363,15.477500009536744,12.740141801609859,7.575510310263754,交叉混雜,73.0
8107,2026-08-28,12.45,12.305000019073486,12.067500019073487,12.112500015894572,40449.4,68.34759125849934,64.29894383908137,0.14967923169097475,0.09047598617794646,0.05920324551302829,59.70404454411943,58.16823469221598,12.910598890113787,12.067500019073487,11.224401148033186,3.169668859225885,交叉混雜,29.0
8109,2026-08-28,130.4,131.2,130.525,129.15,374541.4,30.76539928394628,31.852809743087597,0.4395049931635242,0.4246607251323755,0.014844268031148689,49.01266300694745,50.37374861643817,136.70199467037483,130.525,124.34800532962518,-0.019153418885275376,交叉混雜,78.0
8110,2026-08-28,45.83000030517578,45.25,45.31749992370605,48.81083316802979,3517643.8,62.987113405146204,53.50328519220278,-0.008592245660793196,-0.37136874558527144,0.36277649992447825,60.28744082104452,53.51113595862,48.19669488948824,45.31749992370605,42.43830495792386,1.5060408836386965,交叉混雜,85.0
8111,2026-08-28,63.939999389648435,61.26999969482422,60.70999984741211,56.31833324432373,8769565.0,70.52749118623599,67.3447476120059,1.8535191722510618,1.464334702342506,0.3891844699085558,52.593676596695296,54.93108364930123,67.74372268605576,60.70999984741211,53.67627700876845,2.783728681789545,多排,49.0
8112,2026-08-28,93.11999969482422,92.7599998474121,92.175,90.19000002543132,10281855.4,37.830479101011875,43.398967621160935,1.3866672568724567,1.6591831724438764,-0.27251591557141963,39.14782200997913,48.88213837427125,100.96276189572923,92.175,83.38723810427076,-1.3832367497923417,多排,83.0
8114,2026-08-28,196.2,197.4,208.125,205.25,323646.0,33.85494419688493,27.6149661045414,-3.945292362529216,-2.469187265445346,-1.4761050970838698,32.283675588384284,40.270679563937954,233.0181928974941,208.125,183.2318071025059,-6.306306306306306,交叉混雜,25.0
8121,2026-08-28,27.68000030517578,27.795000267028808,28.687500095367433,37.5075000445048,537584.4,45.90777189520669,29.72095094984646,-1.8417811484406066,-2.268371358755978,0.42659021031537137,57.64816002389873,42.353120945173984,30.90581439142291,28.687500095367433,26.469185799311955,-0.47930582257005494,空排,57.0
8131,2026-08-28,62.54000015258789,62.510000228881836,63.36000003814697,68.3566665649414,1764942.4,45.96012449040313,39.9953613957446,-1.1031446566022325,-1.4010287197854265,0.29788406318319405,48.923167535367995,47.14324377574056,66.69112851383206,63.36000003814697,60.02887156246189,-1.041665522111986,交叉混雜,80.0
8147,2026-08-28,122.5,121.55,123.1,134.59166666666667,152413.0,61.98068674802619,46.826475738687435,-2.2212389662399232,-3.3082535918433633,1.08701462560344,56.35243390312298,49.538192101943984,129.9256482244731,123.1,116.2743517755269,0.7311129163281931,交叉混雜,40.0
8150,2026-08-28,89.41999969482421,88.9599998474121,88.9150001525879,96.1150001525879,21054642.6,55.048611688784405,44.421389207446914,-1.084529764603161,-1.7272119477934695,0.6426821831903085,56.924828678922395,50.56516254886141,97.70525234948215,88.9150001525879,80.12474795569364,1.7826011861801419,交叉混雜,92.0
8155,2026-08-28,345.8,331.55,318.425,337.2916666666667,1141866.2,80.55112593898772,69.71390334853135,9.139969360682642,1.099413661628252,8.04055569905439,85.30144143166663,71.15199925449603,363.44695370915025,318.425,273.4030462908498,16.82499803721441,交叉混雜,92.0
8162,2026-08-28,63.89999923706055,61.199999237060545,58.009999656677245,66.33499972025554,198818.6,71.59891439776122,74.77297721671434,0.5792143870567799,-0.8021676336562005,1.3813820207129803,61.59406120359696,57.20726834115158,67.30672148014114,58.009999656677245,48.713277833213354,9.636267627180398,交叉混雜,83.0
8163,2026-08-28,31.289999771118165,31.244999885559082,31.39749984741211,35.95666656494141,521088.8,50.99328427289901,42.576817713898365,-0.6337827882379372,-0.9088227992583962,0.27504001102045894,67.13020939405585,50.12481670613322,32.32513154533202,31.39749984741211,30.469868149492203,1.4411992555353514,交叉混雜,29.0
8171,2026-08-28,19.99000015258789,19.74000015258789,19.772500038146973,20.674166679382324,121399.0,65.3506755512168,55.31307629983699,-0.09823945973565884,-0.21109522365069108,0.11285576391503224,67.5665619248492,55.92732068745291,20.515520234653223,19.772500038146973,19.029479841640722,2.1620974786582665,交叉混雜,8.0
8176,2026-08-28,9.838000106811524,9.935000038146972,9.928499984741212,10.072499990463257,67969.8,23.712248850424373,27.902418364894118,-0.04784487513611069,-0.03626349770796028,-0.011581377428150408,37.7468189966124,42.953791292918474,10.189209534772766,9.928499984741212,9.667790434709657,-1.1935293881918774,交叉混雜,36.0
8182,2026-08-28,40.67000045776367,40.48500061035156,40.135000228881836,45.03000017801921,772688.8,47.490212049326644,40.71240093442537,-0.4355915588827344,-0.7983139813784781,0.3627224224957437,54.05111093835443,50.16452200768046,42.40009013847202,40.135000228881836,37.869910319291655,1.6569054550550775,交叉混雜,82.0
8183,2026-08-28,29.190000152587892,29.275000190734865,29.48750009536743,31.20416653951009,176762.8,39.481103429941015,29.82753912297238,-0.4073560780751322,-0.4920146825072812,0.08465860443214901,60.67701159273932,49.46697331578016,30.616483824786833,29.48750009536743,28.358516365948027,0.5510793476466062,空排,32.0
8201,2026-08-28,11.859999847412109,11.829999923706055,11.822499990463257,12.46749997138977,27478.6,59.248105790888246,60.087864910568,-0.09432813054707978,-0.140965396019247,0.04663726547216723,53.80155715169218,48.913925702634025,12.131104396261318,11.822499990463257,11.513895584665196,0.6555265648511946,交叉混雜,28.0
8210,2026-08-28,971.2,978.4,1031.7,1168.7666666666667,1380515.4,29.684360167129043,21.767127560198823,-45.62103090282994,-48.28547489378926,2.664443990959313,51.125882661238116,44.25008874679561,1193.8073068907515,1031.7,869.5926931092486,-4.041872637394596,空排,60.0
8213,2026-08-28,32.880001068115234,32.955000686645505,32.13250036239624,33.60083341598511,313854.2,44.73688163672577,46.65571303637203,0.16943675885891452,-0.019321339090122645,0.18875809794903717,63.473719136529745,56.89457665742625,34.889362501221875,32.13250036239624,29.37563822357061,3.166579481855125,交叉混雜,28.0
8215,2026-08-28,24.690000534057617,24.460000419616698,24.44000024795532,26.588333288828533,635198.2,63.39665040568258,47.756864132059206,-0.1573869191226649,-0.422839362502719,0.2654524433800541,79.26888405810696,62.915360388278515,26.000566955906105,24.44000024795532,22.879433540004538,7.201311363044587,交叉混雜,65.0
8222,2026-08-28,39.48000030517578,39.704999923706055,38.89750003814697,38.212499936421715,1163195.8,34.27079225079576,39.808476178093606,0.4128786517126457,0.37265374750611674,0.040224904206528966,43.779173402861105,49.03927125779489,41.906166392222126,38.89750003814697,35.88883368407182,0.006430973017495655,交叉混雜,41.0
8227,2026-08-28,160.9,155.95,152.925,168.21666666666667,1068542.6,61.695877720032584,61.129738498574795,0.2983004278592034,-2.196365443260685,2.4946658711198886,56.835413154761035,54.04077500121392,167.94174503941926,152.925,137.90825496058076,5.280366192578053,交叉混雜,35.0
8234,2026-08-28,67.7,67.84999923706054,68.20499992370605,66.64333324432373,441334.0,37.14503861301806,32.10119279185524,0.4981645696624355,0.5721361471921059,-0.07397157752967043,51.00075249933814,51.73258809070958,73.0929988478692,68.20499992370605,63.31700099954291,-0.3005643632217097,交叉混雜,22.0
8240,2026-08-28,43.99000015258789,43.070000076293944,42.6,47.31999994913737,488122.2,64.39127307185751,56.85198792383905,-0.1264739141507505,-0.8300966422540448,0.7036227281032943,64.4560838966365,57.43441084221809,45.63800547762537,42.6,39.56199452237463,5.164317457888604,交叉混雜,52.0
8249,2026-08-28,40.94000015258789,40.71000022888184,41.46749992370606,45.47750002543132,179133.6,52.115155801617306,38.096317896841306,-0.8947737719876727,-1.1682006649741472,0.2734268929864745,55.90559790331648,47.77668502991016,43.5556301780367,41.46749992370606,39.379369669375414,0.07837481486402051,交叉混雜,6.0
8255,2026-08-28,148.0,147.15,145.8,161.79166666666666,337281.2,50.65325023748797,43.917076431226626,-1.4225385739704564,-3.014097995085097,1.5915594211146407,72.42926902688708,56.20695456066278,152.97011341024205,145.8,138.62988658975797,4.252400548696837,交叉混雜,61.0
8261,2026-08-28,182.7,183.6,182.95,222.14166666666668,5635327.4,34.89114504485488,31.449566992104202,-9.388515822451524,-12.219108332114269,2.830592509662745,57.05772546575437,47.08502328897371,197.36088769682397,182.95,168.539112303176,2.4870183110139448,交叉混雜,91.0
8271,2026-08-28,232.6,229.9,230.825,209.80833333333334,4617118.2,55.61628327784199,53.925460427802605,5.621141160998434,6.419718923358223,-0.7985777623597894,54.55540498679945,55.89409819824657,243.44609762513147,230.825,218.2039023748685,0.725657965991557,交叉混雜,94.0
8272,2026-08-28,62.31999969482422,62.510000228881836,63.54000034332275,66.94333388010661,10515.8,44.21619478563102,36.2193121097626,-1.1874891071541995,-1.1725469129926163,-0.014942194161583267,31.328949820976803,33.62046984579895,65.79379260761684,63.54000034332275,61.28620807902866,-2.4236706562822468,空排,9.0
8277,2026-08-28,8.09000015258789,8.053000020980836,8.07649998664856,8.840333310763041,95477.8,78.06792736859683,66.92478940759162,-0.07339045147935508,-0.11826790381965151,0.04487745234029643,59.22668849001343,50.65061311947131,8.216315574385952,8.07649998664856,7.9366843989111695,0.7862360772508817,交叉混雜,12.0
8279,2026-08-28,81.88000030517578,83.64000015258789,86.33000030517579,89.62333348592122,125149.2,13.754851257971275,16.13617776864772,-2.1364562040855617,-1.4959145746970293,-0.6405416293885324,9.161630468549546,20.803331328854483,92.8686628261492,86.33000030517579,79.79133778420237,-6.753156822155436,空排,4.0
8284,2026-08-28,67.0999984741211,67.04999923706055,64.98499927520751,63.996666463216144,16030.2,45.25668173779812,52.242592952490405,1.1865333652294225,0.9752662811230899,0.21126708410633266,64.39484679863611,64.18276619313956,69.55965434756958,64.98499927520751,60.410344202845444,3.2545960183159917,多排,65.0
8289,2026-08-28,46.529999542236325,46.65499992370606,45.429999923706056,53.144999758402506,354440.0,53.126152187896295,50.52770179785654,-0.4748334024589411,-1.0439676237307929,0.5691342212718518,50.03166039119938,49.306255736647934,49.89039856989905,45.429999923706056,40.969601277513064,2.025090363108208,交叉混雜,87.0
8291,2026-08-28,34.96999969482422,34.494999694824216,36.507500076293944,39.6341667175293,23334.2,54.44312189723608,43.28133977002794,-1.243068847597172,-1.397706652849105,0.15463780525193283,52.267747684957975,48.19072763246989,42.646527839162225,36.507500076293944,30.368472313425663,-2.0749163177728094,交叉混雜,85.0
8299,2026-08-28,2130.0,2077.0,2047.0,2108.6666666666665,3858348.2,64.89922387005058,55.0331024422203,37.63955811717824,18.930480698127976,18.709077419050264,62.70472855460493,57.57375408342427,2302.9481855458284,2047.0,1791.0518144541716,5.031753786028334,交叉混雜,92.0
8341,2026-08-28,76.64000091552734,76.37000045776367,76.23000068664551,77.13500010172525,146209.4,50.9156864007152,49.45365421164101,0.039623442554358235,-0.0499559402501253,0.08957938280448353,58.38198223698129,53.80776953975132,77.3781779894583,76.23000068664551,75.08182338383273,0.616550252345746,交叉混雜,51.0
8342,2026-08-28,86.5,86.98999938964843,87.56499977111817,89.16333325703938,2831.2,27.198843990186983,28.340713249041457,-0.7634721634182142,-0.7034112053466306,-0.060060958071583626,49.40662730130884,45.37870600759256,89.2661144093554,87.56499977111817,85.86388513288094,-0.6452347086107371,空排,56.0
8349,2026-08-28,39.24000091552735,39.31000099182129,39.470000648498534,40.04333368937174,67797.6,54.60127938060896,50.946583268427034,-0.17297644118431776,-0.18550576108803868,0.012529319903720915,42.034479342086925,42.9377707469773,40.007440963699295,39.470000648498534,38.93256033329777,-0.6840635447756235,空排,35.0
8354,2026-08-28,17.5,17.424999809265138,16.992499923706056,16.551666688919067,80885.2,34.38314425095255,43.4012997699829,0.3355174938216976,0.3329472582943751,0.0025702355273224953,45.662522659244054,54.17881000861384,18.924577060812283,16.992499923706056,15.06042278659983,1.5153748856853504,多排,68.0
8358,2026-08-28,466.5,442.8,408.825,479.53333333333336,27123882.4,84.2958358733814,72.94871293338564,16.95283902152073,-1.095455486745991,18.04829450826672,87.49013413722426,73.3923799712253,513.7275989342409,408.825,303.92240106575906,32.81966611630894,交叉混雜,93.0
8367,2026-08-28,40.710000610351564,40.60000038146973,40.46000022888184,40.413333384195965,12274.8,54.6154664974378,60.388305811462885,0.06171917551697703,0.025929701455485794,0.03578947406149124,55.29892153597109,53.92712423070874,40.96010583103336,40.46000022888184,39.95989462673032,0.5931797644585606,多排,39.0
8374,2026-08-28,81.85999908447266,82.55999984741212,82.31999969482422,84.06499989827473,283147.8,29.726839501044875,27.774076863739737,0.17621406553151076,0.12502277979491375,0.05119128573659701,48.79877118999698,50.24353995184848,89.15507898024413,82.31999969482422,75.48492040940431,-0.2672512409119425,交叉混雜,18.0
8383,2026-08-28,66.31999816894532,67.0499984741211,68.77499923706054,68.91499951680501,2335880.2,31.858966575728793,27.19087234197967,-1.628935396128938,-1.3360443730567988,-0.2928910230721391,42.651419306186895,43.889758279457816,74.15874675976517,68.77499923706054,63.39125171435592,-3.889495881663317,空排,85.0
8390,2026-08-28,100.56000061035157,99.02000045776367,98.51000022888184,102.86499989827475,588042.2,60.348195099844496,56.01532503713875,0.41080864254990956,-0.16986781312842125,0.5806764556783308,52.83873074147719,52.83506593992478,103.32659465017473,98.51000022888184,93.69340580758895,1.3095145872284393,交叉混雜,71.0
8401,2026-08-28,22.989999771118164,23.01499996185303,22.95999984741211,22.90500005086263,25160.6,43.2959750367072,55.877017571678905,0.02087545022547488,0.032636545727460727,-0.011761095501985848,36.85759429507743,44.28505801084209,23.278879799980174,22.95999984741211,22.641119894844046,-0.6968667744551286,交叉混雜,26.0
8403,2026-08-28,19.220000076293946,19.335000228881835,19.200000190734862,19.27916669845581,95192.6,29.80149257550014,47.70068274632875,0.001935330088674192,0.016588120618915583,-0.014652790530241391,31.358569790254307,41.59840689012005,19.68340898872207,19.200000190734862,18.716591392747652,-0.7812549592926533,交叉混雜,21.0
8404,2026-08-28,16.310000228881837,16.245000076293945,16.24000015258789,16.620000012715657,155058.6,54.27744142040339,49.65486635529447,-0.07246671983577002,-0.11132478115358256,0.03885806131781254,47.61617061359155,47.041297161118266,16.54881790106767,16.24000015258789,15.931182404108107,0.06157541452065376,交叉混雜,14.0
8409,2026-08-28,18.09000015258789,18.23499984741211,18.21250009536743,18.741666762034097,6023.8,25.988201203375375,25.37659235385974,-0.15837253573306143,-0.17202559516836638,0.013653059435304954,43.72570576308789,44.63517156253294,18.74549075357222,18.21250009536743,17.679509437162643,-1.1667815744939027,交叉混雜,25.0
8410,2026-08-28,31.220000076293946,31.61500015258789,31.472500133514405,32.25916681289673,39429.6,29.218329604624586,47.07440987048183,-0.21724479941689268,-0.11617974571394454,-0.10106505370294813,28.505180267957996,37.10281197127957,33.046123599799635,31.472500133514405,29.898876667229175,-3.0899996167727712,交叉混雜,13.0
8415,2026-08-28,37.66000061035156,37.87000007629395,37.84499988555908,36.4349999109904,541717.8,24.478820433697848,35.66244457068569,0.17479447669125392,0.3873078688380803,-0.2125133921468264,23.831392421801283,39.15329469212796,38.950441894460944,37.84499988555908,36.73955787665722,-2.8933806021146644,交叉混雜,65.0
8421,2026-08-28,13.680000114440919,13.489999961853027,13.889999961853027,13.974166647593181,90074.6,58.173309467452576,50.28624433088883,-0.23412066284999256,-0.23556916116342463,0.0014484983134320784,45.94748373817247,45.50318969161974,15.243202823171497,13.889999961853027,12.536797100534557,-2.0878299580975113,交叉混雜,60.0
8422,2026-08-28,27.150000381469727,26.995000457763673,26.732500076293945,27.109166685740153,4247361.6,67.19176258323036,71.33702901939623,0.17973363516930618,0.09373317907525354,0.08600045609405264,57.05690466774634,55.288194636127244,27.501145848238895,26.732500076293945,25.963854304348995,1.3747322701840223,交叉混雜,65.0
8423,2026-08-28,17.85,17.849999809265135,17.869999885559082,17.762499872843424,7683.2,60.58336379696122,58.69004413690077,0.02738644444997007,0.03187365567651123,-0.004487211226541159,45.649458421154364,49.066381130248836,18.063036714491826,17.869999885559082,17.676963056626338,-0.39172159455414074,交叉混雜,50.0
8424,2026-08-28,69.12000122070313,69.08000030517579,68.98000068664551,69.17333374023437,8155.8,45.47779517984684,61.505591854109255,0.018888247710606265,-0.0008172714375431402,0.019705519148149407,30.546412559168758,42.98610867938793,69.46817356280863,68.98000068664551,68.49182781048239,-0.26094177021738646,交叉混雜,38.0
8426,2026-08-28,20.870000076293945,21.050000190734863,21.197500133514403,20.73250010808309,35647.2,37.029736128743686,34.695440866165,0.04455162065151441,0.09963779686018613,-0.05508617620867172,50.82976082735154,51.17611756926235,21.699574699555033,21.197500133514403,20.695425567473773,-0.6958409978762026,交叉混雜,15.0
8429,2026-08-28,6.03000020980835,6.026000118255615,6.032500076293945,6.220333369572957,103946.8,38.72920197890942,40.910163187459816,-0.03160915147405241,-0.04145325907933635,0.009844107605283939,41.51440776037945,43.37968813228346,6.101744075750193,6.032500076293945,5.963256076837697,-0.37297715918027696,交叉混雜,22.0
8431,2026-08-28,47.26999969482422,46.75499954223633,47.904999542236325,49.614166323343916,365431.6,59.1103882559751,38.58373423650639,-0.3729204266629864,-0.7838890083362685,0.4109685816732821,77.86002748877428,63.9553566521989,52.220809155457346,47.904999542236325,43.589189929015305,8.7569125810891,交叉混雜,47.0
8432,2026-08-28,50.6,50.38999977111816,50.49500007629395,50.71083323160807,19200.4,78.34613865509311,66.715656307293,0.04679380994632254,-0.009312858635726158,0.0561066685820487,64.61002008037008,55.96448882569269,51.1801042652105,50.49500007629395,49.809895887377394,0.6040185370943046,交叉混雜,54.0
8433,2026-08-28,55.89999923706055,55.329999923706055,54.89999980926514,53.806666437784834,12405.0,69.75548605916997,71.94557953651113,0.5279027865336232,0.4737125636049035,0.05419022292871972,48.17830679329479,54.90683886657945,56.661578021650605,54.89999980926514,53.138421596879674,0.7285964101732143,多排,64.0
8435,2026-08-28,53.37999954223633,53.499999618530275,53.319999885559085,53.46333312988281,9090.2,54.274313611253504,51.65446083382365,0.10709448420528389,0.09715755131741827,0.009936932887865624,51.721745503199614,52.2213237851519,54.564101173755915,53.319999885559085,52.075898597362254,0.3375846114539573,交叉混雜,41.0
8436,2026-08-28,125.4,124.9,122.25,117.98333333333333,788602.4,70.89666539876487,72.11979543429159,2.49008865633013,2.2967337096930147,0.19335494663711517,58.85706408524236,60.47275040934532,131.12041208323225,122.25,113.37958791676775,2.658486707566462,多排,56.0
8438,2026-08-28,69.82000122070312,68.21000061035156,66.89500007629394,78.26499977111817,249112.0,81.05283842875653,65.66516401641645,-0.816739446328711,-2.311335125259943,1.494595678931232,84.19910084554515,61.14260025998775,72.36933272759772,66.89500007629394,61.42066742499016,8.229316755073619,交叉混雜,89.0
8440,2026-08-28,20.61999969482422,20.44499988555908,20.025,20.788333288828532,61382.0,64.51259900323485,68.6851726342887,0.10500569678690042,-0.02267227463471414,0.12767797142161455,61.08383374381267,57.782401574758225,21.07003815296363,20.025,18.979961847036368,2.6217190365071077,交叉混雜,14.0
8442,2026-08-28,47.25999908447265,46.17999954223633,45.12999973297119,43.621666526794435,194041.4,45.086405015801155,58.6745702299994,0.6893313217254757,0.5930102218021459,0.09632109992332982,42.88988762848536,49.398786422466316,48.61974364394993,45.12999973297119,41.640255821992454,0.3766884668628867,多排,19.0
8443,2026-08-28,11.35,11.389999866485596,11.424999856948853,11.424166520436605,15986.4,58.167952919101765,64.94013201455238,-0.025086535989133907,-0.009071752471203006,-0.0160147835179309,24.064911249760513,34.4414719868802,11.5527331081042,11.424999856948853,11.297266605793506,-1.5317274322976504,交叉混雜,46.0
8444,2026-08-28,4.992000102996826,5.025000095367432,5.141000056266785,5.268333331743876,17162.0,51.38330040585523,49.741154549428316,-0.11354651282190087,-0.10655006040345846,-0.006996452418442406,52.59625534708675,49.07124440586816,5.611873791224262,5.141000056266785,4.670126321309308,-0.99202301343542,空排,3.0
8446,2026-08-28,85.18000030517578,85.21999969482422,85.32499885559082,86.55166600545247,29745.6,35.88139314000088,30.296755902081074,-0.24276863683809324,-0.29808845810514534,0.055319821267052094,55.37397354217084,49.15286067552502,85.96035910971356,85.32499885559082,84.68963860146808,0.08790233963556798,空排,37.0
8450,2026-08-28,14.550000190734863,14.644999980926514,14.79249997138977,15.169999965031941,19664.2,21.83679160727592,23.363719123872812,-0.14530921551406273,-0.12492118686933168,-0.02038802864473105,39.71327343714163,40.685158595555336,15.29750118091844,14.79249997138977,14.2874987618611,-1.6393427826528733,空排,22.0
8454,2026-08-28,252.6,254.6,259.575,285.31666666666666,297665.2,27.784206318736686,25.523811414687266,-3.374945604181164,-3.0161974545413797,-0.3587481496397844,33.379198063617295,41.12271654743384,278.03199125848454,259.575,241.11800874151544,-3.688721949340264,空排,67.0
8462,2026-08-28,174.1,174.75,172.575,157.76666666666668,74775.8,33.51333192665096,45.22842168206419,3.666126433265106,4.693877507679645,-1.0277510744145388,34.912021517539614,50.44656560768339,182.1462013215086,172.575,163.00379867849136,-0.9126466753585333,交叉混雜,75.0
8463,2026-08-28,21.420000076293945,21.39000015258789,21.154999923706054,21.414999930063882,31400.2,66.53333222681275,61.45357641853026,0.050462130233210445,-0.007828392532090304,0.05829052276530075,67.74617854059673,58.49039937642278,21.744290740755837,21.154999923706054,20.56570910665627,1.6308205036074843,交叉混雜,26.0
8464,2026-08-28,367.3,369.4,374.85,363.21666666666664,304780.6,42.38170562270795,38.06496002532063,-0.27313097931983066,1.5073327118653552,-1.7804636911851859,42.69028642654157,46.05328754976224,392.0182080725172,374.85,357.68179192748283,-2.2275576897425693,交叉混雜,51.0
8466,2026-08-28,15.680000114440919,15.755000114440918,16.17000017166138,16.505833419164023,22109.2,22.91792950478974,22.89156911219166,-0.31434767788177176,-0.26883386335314063,-0.045513814528631125,33.99337568071054,36.273345571061746,17.152692621336822,16.17000017166138,15.187307721985935,-4.143476589663756,空排,8.0
8467,2026-08-28,93.7,95.85999984741211,98.44500007629395,109.25999997456869,16826.4,25.889785050554796,20.5446532222332,-3.4299042342039883,-3.2608127225815635,-0.16909151162242475,33.406921656613406,34.83252495405685,106.33382601417252,98.44500007629395,90.55617413841539,-5.124687436137151,空排,2.0
8472,2026-08-28,66.96000061035156,68.01000061035157,68.675,76.53000005086263,8842.2,10.85053363659558,18.717226412262807,-1.8523293412943218,-1.889902366030926,0.03757302473660418,22.710588907763366,32.41022311342782,71.86437397546784,68.675,65.48562602453215,-4.332002987634233,空排,18.0
8473,2026-08-28,45.470000457763675,45.5,43.925,46.2316666285197,518104.2,68.09292391371447,67.70374716247794,0.5037995410832039,0.17360026154687008,0.3301992795363338,59.57277680148206,57.40406744823046,48.0276949544874,43.925,39.82230504551259,4.496303986064676,交叉混雜,68.0
8476,2026-08-28,19.95999984741211,19.989999771118164,20.079999923706055,21.41666669845581,244493.8,25.429656773775843,28.439925117571235,-0.3892912985868193,-0.4417262823560946,0.0524349837692753,42.09020032194539,42.197048809654575,20.747595619438776,20.079999923706055,19.412404227973333,-0.8964158658351209,空排,70.0
8477,2026-08-28,15.530000114440918,15.63499994277954,15.71499981880188,16.209166510899863,15884.4,32.19151846029928,33.454937621181,-0.11010971236890121,-0.09554002488031951,-0.0145696874885817,30.990373782009414,41.73418175229092,16.076429614797835,15.71499981880188,15.353570022805926,-1.686287067084085,空排,62.0
8478,2026-08-28,142.7,141.75,145.1,150.86666666666667,98602.8,62.20496027404003,52.50530590426999,-2.4351968310247685,-2.6178553049116093,0.18265847388684087,40.09473745158557,39.632916029942265,153.4640836161041,145.1,136.7359163838959,-2.4810475534114365,交叉混雜,13.0
8481,2026-08-28,41.08000030517578,40.87000007629395,40.67250003814697,41.23583335876465,8410.0,75.50921715025325,67.32675457311059,0.049073753030029366,-0.05522505873936879,0.10429881176939815,65.23642490843852,56.72830400462676,41.5771516577989,40.67250003814697,39.76784841849504,1.2969468911370974,交叉混雜,50.0
8487,2026-08-28,71.5000015258789,71.33000106811524,72.26000022888184,75.91000022888184,11223.6,42.39373381215133,32.98952656477924,-1.0151064441701436,-1.1492391255030092,0.1341326813328656,56.39422869435064,42.38520873745748,74.93731132031746,72.26000022888184,69.58268913744621,-0.49819914456496306,交叉混雜,55.0
8488,2026-08-28,9.905999946594239,9.914999961853027,9.970999956130981,10.089166657129924,89800.0,25.670890291164113,19.63385849260641,-0.056166158682701806,-0.0562050705810157,3.8911898313891136e-05,58.371486022764806,50.84958754742834,10.162822233638705,9.970999956130981,9.779177678623258,0.29084388723908244,空排,43.0
8489,2026-08-28,22.720000076293946,22.74000015258789,22.785000038146972,22.542500050862632,39235.0,31.900463800456095,43.89738290923154,0.0010268319660831082,0.039401272328300485,-0.03837444036221738,31.549576774694387,43.06421413158993,23.19294717285193,22.785000038146972,22.377052903442014,-1.4702623420963714,交叉混雜,6.0
8499,2026-08-28,271.6,269.55,263.225,279.2583333333333,54126.6,54.77911291678965,54.626323261425526,0.9133570600445182,-1.8275346677996274,2.7408917278441454,52.17121744549587,52.31237506466589,283.2472902102454,263.225,243.2027097897546,2.953746794567376,交叉混雜,48.0
8905,2026-08-28,34.79999923706055,34.739999771118164,34.46500034332276,31.33750015894572,8121.0,78.10260436061945,76.555501270105,0.9195743504241776,1.0480148356576628,-0.12844048523348528,50.41348529644212,61.01058853455148,35.784130596749534,34.46500034332276,33.14587008989598,0.39169629900929775,多排,69.0
8906,2026-08-28,28.309999847412108,27.914999961853027,27.647500038146973,27.539999930063882,17808.0,82.68009282785783,74.19268760876578,0.3298663008523022,0.24105709151474336,0.08880920933755881,65.86834124921192,59.65010792990757,29.305169587097417,27.647500038146973,25.989830489196528,2.5409181385422572,多排,54.0
8908,2026-08-28,40.20999984741211,40.02000007629395,39.94500026702881,40.33250013987223,20484.2,80.05652484347239,75.3859605703611,0.09426651174786826,0.020311236068324807,0.07395527567954346,72.56001731008647,61.54423198648894,40.36789780227317,39.94500026702881,39.52210273178445,1.0138896091748815,交叉混雜,45.0
8916,2026-08-28,40.79999923706055,40.625,41.42249984741211,42.802500025431314,58645.2,82.18464313938395,66.71832654089313,-0.5557680081708654,-0.6305204405488669,0.07475243237800155,59.14254812922458,45.04093731002218,43.969835844097396,41.42249984741211,38.87516385072683,-0.7785656937148058,交叉混雜,24.0
8921,2026-08-28,17.14000015258789,17.270000076293947,17.28750009536743,17.69583339691162,1600.0,34.48212589976978,35.014133528855695,-0.1207828338531236,-0.12508583823809732,0.004303004384973719,55.667302656983665,50.300602481750445,17.732205633163904,17.28750009536743,16.842794557570958,0.36153455246570887,空排,44.0
8924,2026-08-28,50.380000305175784,50.51999969482422,51.29999980926514,54.84833335876465,45080.6,15.9708789798919,13.291708192917355,-1.313693413085872,-1.4175609942194467,0.10386758113357475,23.362191137573802,25.15680327631115,53.310498569068216,51.29999980926514,49.28950104946206,-1.9493188614476062,空排,10.0
8926,2026-08-28,56.95999984741211,56.72999954223633,58.12999954223633,67.17833315531412,1712891.8,67.10049243055028,60.18663153193761,-2.155276654725739,-2.6084273801908098,0.4531507254650706,43.197432916676256,38.667173361754585,63.59764589997751,58.12999954223633,52.662353184495146,-2.2879757709432336,交叉混雜,69.0
8927,2026-08-28,20.070000076293944,20.010000038146973,20.107499980926512,20.506666692097983,85485.0,54.7209192914178,59.36548011719188,-0.09289698980616024,-0.11284340811180622,0.019946418305645988,36.5721822896743,43.67138173371225,20.91813623625972,20.107499980926512,19.296863725593305,-1.5292838202543984,交叉混雜,18.0
8928,2026-08-28,24.350000381469727,23.785000228881835,23.42750015258789,22.466666793823244,59667.8,67.78191678638129,68.48717841402942,0.4420432189024126,0.348231494637065,0.09381172426534762,58.13420021496426,59.84485213589962,24.891624023948292,23.42750015258789,21.963376281227486,3.297409477409525,多排,59.0
8929,2026-08-28,13.329999923706055,13.269999885559082,13.284999895095826,13.791666603088379,5762.4,63.53447063570091,48.233918580254596,-0.10120149720654581,-0.1441151463424346,0.0429136491358888,47.9905722113353,45.7592116836796,13.521420519294754,13.284999895095826,13.048579270896898,0.11291152245002842,交叉混雜,22.0
8930,2026-08-28,30.059999847412108,29.749999809265137,30.07749996185303,29.489999961853027,45134.8,75.768379918345,64.99912921668877,-0.029604346461017172,-0.056117833224323885,0.026513486763306712,70.17404594335224,55.78768306562388,31.180832402910966,30.07749996185303,28.974167520795092,0.5735185383284886,交叉混雜,56.0
8931,2026-08-28,41.04000015258789,40.85999984741211,40.825,41.752499961853026,24899.8,75.11925179319884,71.36006845356273,-0.1696219593422441,-0.27360639298800443,0.10398443364576032,65.76873183411534,50.95021250176649,41.328148607424204,40.825,40.3218513925758,0.6736031209334743,交叉混雜,30.0
8932,2026-08-28,102.97508544921875,106.08754272460938,103.95877151489258,106.61459032694499,6910357.2,38.25295795312525,52.30974578832802,-1.2157572686406297,-0.19111952043647945,-1.0246377482041502,36.85456436721645,40.981444967169026,117.90987443743671,103.95877151489258,90.00766859234844,-9.290960562910366,交叉混雜,55.0
8933,2026-08-28,4.57199993133545,4.546999979019165,4.498499965667724,4.548000001907349,125158.8,57.92529340696077,47.658899375906536,0.021192432391265115,3.77439885449176e-05,0.021154688402720195,65.80980612626469,58.43884178941351,4.736674932831562,4.498499965667724,4.2603249985038865,4.0346752040923555,交叉混雜,17.0
8935,2026-08-28,18.150000381469727,17.94500026702881,17.817500114440918,19.938333415985106,113906.0,78.65261858073112,73.4208097738671,-0.2768490184730865,-0.4441191012010025,0.167270082727916,55.74475807708963,48.30846255407709,18.45844951494106,17.817500114440918,17.176550713940777,1.5855213425807404,交叉混雜,26.0
8936,2026-08-28,51.17999954223633,50.919999313354495,51.37999973297119,54.4099999109904,787222.2,63.79251236815238,55.48057967883226,-0.5895943779103092,-0.7418522941584647,0.15225791624815543,47.48943147902181,43.83587868114735,52.81284812482354,51.37999973297119,49.94715134111885,-0.5449615809756783,交叉混雜,37.0
8937,2026-08-28,27.360000228881837,26.079999923706055,25.00749988555908,25.651666577657064,1269618.4,76.15180320668091,74.90257745600259,0.669213985452533,0.15713394715041004,0.5120800383021229,66.39425510037306,63.57090350217681,28.35732720351559,25.00749988555908,21.65767256760257,13.565929215220098,交叉混雜,24.0
8938,2026-08-28,51.86000061035156,52.19000015258789,52.64499988555908,53.76166655222575,125872.6,21.50421746786273,27.301363461461147,-0.7089355601686549,-0.6366488130878674,-0.07228674708078753,16.28172243326773,27.021253547928723,54.04796546878998,52.64499988555908,51.24203430232818,-2.364893840605149,空排,21.0
8940,2026-08-28,15.339999961853028,15.329999923706055,15.34000005722046,16.028333393732705,48820.8,25.42957398266114,29.353467388895393,-0.1766141682189648,-0.19919462269591398,0.022580454476949174,36.81316813255469,38.56614115047325,15.633078145375816,15.34000005722046,15.046921969065103,-1.2385947717174466,交叉混雜,13.0
8941,2026-08-28,44.25,44.33500022888184,44.02250022888184,43.503333218892415,6627.0,50.39928158320111,60.7676312546093,0.21075569229215319,0.2620812786849522,-0.051325586392798994,44.83262999934409,49.910966469551305,45.192059020621386,44.02250022888184,42.85294143714229,-0.051110747378853,交叉混雜,47.0
8942,2026-08-28,42.94000015258789,42.4,40.81749992370605,40.26833311716715,321528.6,69.53270291438947,73.82440978691551,1.073156612575069,0.8250507283627864,0.24810588421228252,59.006983404518984,62.65676018618103,45.33707995599082,40.81749992370605,36.29791989142128,4.611994469901572,多排,65.0
8996,2026-08-28,1226.0,1188.0,1147.0,1204.95,4334224.0,68.84976496782599,56.97763318285307,34.32427184617768,15.10117886491825,19.22309298125943,62.56547091719392,58.726916724692195,1344.4415303190808,1147.0,949.5584696809192,10.28770706190061,交叉混雜,95.0
9103,2026-08-28,5.122000026702881,5.16399998664856,5.182499980926513,5.264999993642172,575342.0,30.97748827688792,38.55082957215647,-0.025272074083146023,-0.01588852688884547,-0.009383547194300554,34.22424856085496,42.56147869288239,5.309136750857731,5.182499980926513,5.0558632109952955,-1.9778110486772051,空排,51.0
9105,2026-08-28,8.354000091552734,8.423000049591064,8.353000068664551,8.826666712760925,12444208.8,19.99644841483519,24.72569916763955,-0.030034563126239533,-0.0460047185560588,0.01597015542981927,47.54627834934773,48.513779010628795,8.664809493906159,8.353000068664551,8.041190643422944,-0.035911494913996256,交叉混雜,74.0
9110,2026-08-28,3.0859999656677246,3.0799999475479125,3.1274999737739564,3.238500003019969,8600.2,82.9594739045663,75.81616385072077,-0.025341881027188595,-0.028695082328794086,0.0033532013016054907,50.807009115551345,47.973880542734506,3.3254766376993548,3.1274999737739564,2.929523309848558,-0.8792987808790826,交叉混雜,35.0
9136,2026-08-28,11.360000038146973,11.484999942779542,11.44500002861023,13.003333393732706,418022.4,57.43912923644577,50.85347153515887,-0.16917862604097778,-0.2510140692024628,0.081835443161485,59.15126550287586,52.365655654063254,12.007793809043806,11.44500002861023,10.882206248176653,2.2280452600913825,交叉混雜,86.0
9802,2026-08-28,72.31999816894532,71.60999984741211,71.52000007629394,73.85833333333333,368625.6,63.874382254309296,58.301676676833765,-0.28158320958208094,-0.4806252551673854,0.19904204558530447,46.67865393690554,47.80239609245409,74.23494821065424,71.52000007629394,68.80505194193364,0.2516734784063706,交叉混雜,9.0
9902,2026-08-28,13.780000114440918,13.785000038146972,13.767500019073486,13.740833298365276,73196.8,28.076731801165725,38.3138854073307,0.003526062624892745,0.011150736424720488,-0.0076246737998277424,36.45726303868596,43.88367129919482,13.954653457061019,13.767500019073486,13.580346581085953,-1.2166307417592555,交叉混雜,27.0
9904,2026-08-28,24.86999969482422,24.839999771118165,24.439999866485596,24.85833330154419,13918936.4,41.616895936024456,59.54302436342235,0.11034892738734925,0.06911393214078154,0.04123499524656771,34.80321758228345,45.3502697086711,25.554780567656636,24.439999866485596,23.325219165314557,-0.36824666737942796,交叉混雜,23.0
9905,2026-08-28,21.470000076293946,21.45,21.30000009536743,20.995000012715657,101295.8,68.66491824042095,67.47356063384521,0.16352287728813053,0.16024018347879304,0.003282693809337489,66.85803968154795,63.647076005735705,21.907843109703393,21.30000009536743,20.692157081031468,1.1737048853229317,多排,60.0
9907,2026-08-28,15.360000228881836,15.20500020980835,14.990000152587891,15.385000054041544,2089711.8,84.03623498200969,84.3823332824128,0.054887877106812866,-0.02444625994522366,0.07933413705203653,65.55704206449482,59.15577622853691,15.591402094431762,14.990000152587891,14.38859821074402,2.4016025698284245,交叉混雜,25.0
9908,2026-08-28,29.06999969482422,29.06999988555908,29.06999988555908,29.3683331489563,107690.8,38.36717124061896,43.87610056444146,-0.06457429244879975,-0.07911184147365695,0.014537549024857196,47.34875962694496,46.25393210103398,29.220087696946443,29.06999988555908,28.91991207417172,-0.06880168069236918,交叉混雜,47.0
9910,2026-08-28,69.08000030517579,69.39000091552734,69.36500053405761,71.30500055948893,1047783.6,23.64911833682696,33.41013702091226,-0.19828280118437647,-0.05242879523590241,-0.14585400594847406,36.25643007386661,43.16089703780201,71.91824466965937,69.36500053405761,66.81175639845586,-1.6795265290071182,交叉混雜,6.0
9911,2026-08-28,83.01999969482422,82.75999908447265,82.41999969482421,83.09333330790201,120223.4,71.06471375436121,70.99269329118191,0.06733237325637731,-0.05674275101198759,0.1240751242683649,56.1645593936831,53.87507949791829,83.50695563764779,82.41999969482421,81.33304375200063,0.5823851405386941,交叉混雜,50.0
9912,2026-08-28,13.19000015258789,13.030000114440918,12.842500066757202,12.676666673024496,347524.4,82.1852014043134,80.36549416345792,0.18868867695096725,0.08835584833931581,0.10033282861165144,92.70691873598764,84.18180486815199,13.562350378789477,12.842500066757202,12.122649754724927,9.791709621770321,多排,73.0
9914,2026-08-28,84.61999969482422,84.94000015258788,84.15000076293946,78.3266668955485,1857403.4,29.805969800005542,36.6730724806407,1.6363804945298455,2.1477901461580258,-0.5114096516281803,41.358631075863634,49.239973634924056,93.93903992747089,84.15000076293946,74.36096159840802,-1.2477745446210313,交叉混雜,61.0
9917,2026-08-28,110.7,109.95,108.95,110.125,270350.2,86.76248028388528,82.74933312606282,0.5042530424561562,0.1486257435534083,0.3556272989027479,71.37300174934843,62.95404585441742,111.7201415506279,108.95,106.1798584493721,1.8815970628728746,交叉混雜,53.0
9919,2026-08-28,13.88000030517578,13.870000171661378,13.905000066757202,13.937499968210856,176598.6,51.839788445470674,48.03639299960028,-0.02150890868480637,-0.022171837539363803,0.0006629288545574319,45.58891112406812,47.43022008475434,14.073272840645714,13.905000066757202,13.73672729286869,-0.39553890703649425,交叉混雜,27.0
9921,2026-08-28,104.2,103.33000030517579,99.85,85.62666613260905,2214119.4,58.47580335858403,59.386444276113934,5.039780167066709,5.515213525600625,-0.4754333585339161,50.23206302350105,58.23355641940888,116.65307030981351,99.85,83.04692969018647,3.154732098147227,多排,80.0
9924,2026-08-28,38.78000030517578,38.580000686645505,38.54000034332275,39.678333600362144,93244.4,72.00508127300891,65.50114679021708,-0.2189190730938222,-0.32992942979587503,0.11101035670205284,49.40813870527277,46.096867024090905,38.99607015766004,38.54000034332275,38.08393052898546,0.28542081363839955,交叉混雜,12.0
9925,2026-08-28,39.93000030517578,39.960000610351564,40.03999996185303,40.52583325703939,832313.4,30.43807947628975,35.47593449785186,-0.18494326750108314,-0.18681721566182652,0.0018739481607433772,42.90481108472079,42.060824790281565,40.34710855811133,40.03999996185303,39.732891365594725,-0.47452919059178844,空排,49.0
9926,2026-08-28,49.17999954223633,49.034999465942384,49.154999542236325,49.4291664759318,12187.0,50.92638218455005,51.504421628889745,-0.09673713470708378,-0.12507919566640252,0.028342060959318738,49.25212722456193,48.49793042636532,49.789864047442045,49.154999542236325,48.520135037030606,-0.11189313117167662,交叉混雜,51.0
9927,2026-08-28,69.2000015258789,69.13000106811523,69.17500076293945,69.18166732788086,51392.8,58.96706165251118,53.21723575679762,-0.005151995800332543,0.0004691188151188315,-0.005621114615451374,46.29048321740095,48.575260362939815,69.90301239168443,69.17500076293945,68.44698913419447,-0.10842397974867275,交叉混雜,39.0
9928,2026-08-28,18.09000015258789,18.32000026702881,18.272500228881835,18.2825000445048,56142.4,23.252905957407048,38.92067592357563,-0.029963095620686886,0.02603302195545664,-0.05599611757614353,17.191675687001208,34.81450301930491,18.733020447632782,18.272500228881835,17.81198001013089,-1.764944380368012,交叉混雜,56.0
9930,2026-08-28,63.41999969482422,63.41999969482422,62.93499984741211,64.85166695912679,75654.0,54.67223262332058,67.45520712411675,-0.1207614883105137,-0.258498329803924,0.1377368414934103,44.66223586215193,46.928166013301045,64.15461978723437,62.93499984741211,61.71537990758985,0.2621730787463735,交叉混雜,28.0
9931,2026-08-28,34.01999969482422,33.95,33.88749980926514,34.03833325703939,12103.2,54.01242222125682,67.65600702558788,0.03217233659502483,0.012255932684704405,0.019916403910320426,44.50352399774557,48.24339065866676,34.210112243526424,33.88749980926514,33.56488737500385,-0.11066421351565682,交叉混雜,49.0
9933,2026-08-28,41.58999938964844,41.78499984741211,40.29250030517578,40.67999998728434,1695473.4,33.96162542860529,51.54818934288676,0.6203239242920446,0.5631414308235843,0.05718249346846038,38.89963944147611,49.07664975115078,45.06548028798806,40.29250030517578,35.5195203223635,0.7631647741299777,交叉混雜,77.0
9934,2026-08-28,11.210000038146973,11.280000019073487,11.209999942779541,10.702500009536744,757253.2,28.304722077521458,34.88876053073827,0.14426212520169202,0.19180008543503274,-0.047537960233340726,39.80183510422493,49.484845894589114,11.940969095829363,11.209999942779541,10.47903078972972,-0.981262817763585,交叉混雜,69.0
9935,2026-08-28,20.060000228881837,20.270000076293947,20.169999980926512,19.48333330154419,385973.6,16.16382328251762,29.14934941032986,0.15652379945635886,0.2587300909078094,-0.10220629145145055,29.96472337676134,43.97456739749914,20.934611549858825,20.169999980926512,19.4053884119942,-2.3301894815642417,交叉混雜,54.0
9937,2026-08-28,55.099999237060544,55.07999954223633,55.154999542236325,55.37666651407878,16062.4,72.11852829894367,62.66918810592268,-0.09791097223391176,-0.11289267926869787,0.014981707034786101,48.408711596332736,47.272936045307816,55.507285749109066,55.154999542236325,54.802713335363585,-0.09972091119883535,交叉混雜,42.0
9938,2026-08-28,42.47999954223633,42.275,42.48750019073486,44.49583333333333,640075.6,74.46987861168144,70.91823916502752,-0.6491274337397002,-0.7588739363760717,0.10974650263637153,38.34007157319887,39.182420353240936,44.234038621921826,42.48750019073486,40.7409617595479,-0.9120369870531263,交叉混雜,21.0
9939,2026-08-28,133.0,132.2,134.175,130.09166666666667,695041.6,52.640205946003356,48.02627962825896,0.5972102447997543,1.0341798680794023,-0.43696962327964806,43.007738721584566,48.575954224913666,143.2783539221296,134.175,125.07164607787043,-1.6210173281162743,交叉混雜,61.0
9940,2026-08-28,20.60999984741211,20.699999809265137,20.779999828338624,20.099166615804037,260360.6,18.768292146712927,21.502737091464418,0.09121839134090948,0.17699127838267317,-0.0857728870417637,40.50744212405794,47.228651773626986,21.456990216326542,20.779999828338624,20.103009440350707,-1.34744865568659,交叉混雜,44.0
9941,2026-08-28,86.44000091552735,85.63000030517578,84.73000030517578,82.96000010172526,1752742.0,77.88272883094898,77.04376030839575,1.1249828825029482,1.001506176267723,0.12347670623522511,61.76924941439966,61.830428018118354,88.19051368769824,84.73000030517578,81.26948692265331,2.2070083349581737,多排,64.0
9942,2026-08-28,115.0,114.65,115.225,118.175,91043.2,56.603181339591465,37.07420162234733,-0.9335112423838581,-1.1602995131181588,0.22678827073430075,62.5405954694061,50.16116068058143,117.64150029675459,115.225,112.8084997032454,0.6725970926448303,交叉混雜,57.0
9943,2026-08-28,51.5,51.25,51.285000038146975,53.81499989827474,30507.4,63.51475209233753,61.72681616872517,-0.4314994094002529,-0.595536192766513,0.16403678336626015,42.01944127223733,40.63175038077629,51.99663250530819,51.285000038146975,50.57336757098576,-0.16573905653563017,交叉混雜,21.0
9944,2026-08-28,17.420000076293945,17.425,17.512500095367432,17.637500095367432,27044.8,61.25064580000469,55.49206790573882,-0.07928982416621366,-0.0725392870809671,-0.006750537085246561,41.71451993551492,43.39333734579917,17.811401817981828,17.512500095367432,17.213598372753037,-0.9279069979316757,空排,58.0
9945,2026-08-28,28.65,29.220000076293946,28.187500095367433,26.960833326975504,7369060.6,25.768755725727672,44.240820165397466,0.5880141771209964,0.6985179065565854,-0.11050372943558906,33.295035993228225,48.210693685728295,30.86977606433961,28.187500095367433,25.505224126395255,-0.6651888061483267,交叉混雜,61.0
9946,2026-08-28,18.570000076293944,18.780000114440917,18.517500019073488,18.721666685740153,652521.8,25.55395405657784,45.94379374424005,0.007597500452629191,0.09689193254690025,-0.08929443209427106,16.34296797075271,31.177128295367254,19.702616005303675,18.517500019073488,17.3323840328433,-4.954770550337322,交叉混雜,58.0
9949,2026-08-28,24.200000381469728,23.820000076293944,23.749999809265137,24.709166526794434,90893.4,68.75998105053145,52.727391160780385,-0.03949630065326204,-0.23092381312397442,0.19142751247071238,83.55011348201104,66.11664016942291,24.756296285894276,23.749999809265137,22.743703332636,5.26315874009912,交叉混雜,71.0
9950,2026-08-28,10.310000228881837,10.29000015258789,10.365000009536743,10.479166634877522,31420.4,53.816200088980494,48.24508374228441,-0.04003680364730755,-0.04735965675602295,0.007322853108715402,55.016851685893315,49.74075740047635,10.559935852147634,10.365000009536743,10.170064166925853,-0.1447142118014045,交叉混雜,42.0
9951,2026-08-28,54.16000061035156,53.87000045776367,53.42500019073486,53.24500020345052,47928.0,79.72249223434373,79.49586070654021,0.31382581838079204,0.21112185965627273,0.10270395872451932,61.78497745140008,60.504605360224254,54.5963698151804,53.42500019073486,52.253630566289324,1.4506327925834859,多排,47.0
9955,2026-08-28,24.960000228881835,24.80500011444092,24.407499885559083,25.333333269755045,371806.8,45.18795749753727,50.06198958682108,0.07934078887051754,-0.043950122323209495,0.12329091119372704,53.23801062654987,53.151458558818916,25.918956458188877,24.407499885559083,22.89604331292929,1.8129693659138457,交叉混雜,19.0
9958,2026-08-28,94.74000091552735,97.97000045776367,103.28500022888184,110.48666674296061,2543941.0,4.723234318613098,7.750656648427543,-4.404996787332891,-3.3704927353821303,-1.0345040519507607,18.149948906818224,27.30591435007571,116.79714259384824,103.28500022888184,89.77285786391545,-10.732442519315526,空排,6.0
9960,2026-08-28,30.33000030517578,30.45500030517578,31.057500171661378,32.02583351135254,428.0,50.23330946238946,42.04082328419908,-0.512428393868948,-0.4813446277304274,-0.031083766138520597,33.558599426862074,39.83172462627003,32.913152914119074,31.057500171661378,29.20184742920368,-2.6000166375212213,空排,78.0
9962,2026-08-28,10.25,10.224999904632568,10.147999954223632,9.912166738510132,31230.2,55.52561136690291,50.87229241392989,0.09952536465627837,0.10174464119497907,-0.0022192765387007013,66.49475626025571,63.933635958254825,10.539090281630761,10.147999954223632,9.756909626816503,1.9905442270131384,多排,52.0
1235,2026-08-28,37.26999969482422,36.77999992370606,36.58250007629395,36.85500030517578,16769.8,53.92936521464813,55.64534535136285,0.145647676482767,-0.02845347873189136,0.17410115521465835,50.4877763836937,51.36267081444568,38.2125715235812,36.58250007629395,34.9524286290067,1.1412558541251803,交叉混雜,14.0
1341,2026-08-28,59.95999984741211,59.829999923706055,59.53999996185303,59.535000038146975,5022.4,73.07899248813138,63.75814445984881,0.2620782811883444,0.20494347814321237,0.05713480304513205,57.04712160798168,55.08141235203399,61.173078924863404,59.53999996185303,57.90692099884265,0.9405416738778208,多排,46.0
1418,2026-08-28,17.860000228881837,17.810000038146974,17.934999847412108,18.26166671117147,9358.0,44.702125431471906,39.22271991817847,-0.13232357562129238,-0.1418660633090137,0.009542487687721313,38.259173638370804,41.47949726513831,18.26122215381843,17.934999847412108,17.608777541005786,-1.0315018064458032,交叉混雜,24.0
1445,2026-08-28,10.420000076293945,10.36500005722046,10.389999961853027,10.951666673024496,59868.8,37.18800205798523,35.64951243236575,-0.1393012406602967,-0.19064216846146118,0.051340927801164477,59.2717686711427,49.84225283452194,10.741837377209107,10.389999961853027,10.038162546496947,1.0587106694017236,交叉混雜,10.0
1463,2026-08-28,17.50999984741211,17.55500011444092,17.66500005722046,17.69000005722046,12032.0,15.090608013115304,27.060121251309994,-0.08097614434865719,-0.04955733116179212,-0.03141881318686507,33.23891381662217,38.63698655058069,17.951723657080883,17.66500005722046,17.378276457360037,-1.500144001312186,空排,38.0
1516,2026-08-28,14.85,14.864999961853027,15.082499933242797,17.361666520436604,9255.4,48.2077695872308,45.09203427330422,-0.48474299810307286,-0.6027558522294163,0.11801285412634344,41.33810995866328,40.06526020917135,15.978264700467681,15.082499933242797,14.186735166017913,-2.2045412545299996,空排,10.0
2724,2026-08-28,10.779999732971191,10.714999771118164,10.739999866485595,11.538333304723103,32900.0,72.06323285871913,68.52756021697392,-0.18277413335981585,-0.23145398182065044,0.04867984846083459,43.94159730671094,44.01746426056968,11.040175148141962,10.739999866485595,10.439824584829228,-0.8379911459419069,交叉混雜,2.0
2752,2026-08-28,179.7,179.35,178.15,177.60833333333332,2661.0,67.01396592629523,57.94107355909691,0.8822287193460454,0.6951376104695465,0.18709110887649893,61.89773833106373,59.564379806710406,182.39388104404637,178.15,173.90611895595364,1.0384507437552593,多排,37.0
2901,2026-08-28,23.759999465942382,23.749999809265137,23.83499984741211,23.85916659037272,3812.4,61.85421238995656,58.77297840021423,-0.06436933847482251,-0.05693034226395302,-0.007438996210869492,45.446287675193204,46.802332512956276,24.370182889745106,23.83499984741211,23.299816805079114,-0.7761704638815975,交叉混雜,47.0
2910,2026-08-28,24.33000030517578,24.250000190734863,24.322500038146973,23.735833390553793,9412.0,40.71732811293927,39.318831809697926,0.0010560539980772887,0.03513072457224639,-0.0340746705741691,48.716806586613686,49.380998632566,25.16259734677754,24.322500038146973,23.482402729516405,-0.2980780677696191,交叉混雜,69.0
2941,2026-08-28,29.809999465942383,29.924999618530272,30.695000076293944,32.2208332379659,604.4,23.025987857456776,17.68376066899544,-0.6744025160115719,-0.6620705641206613,-0.01233195189091052,28.737731972300793,33.8609370983924,32.47822705297258,30.695000076293944,28.91177309961531,-2.752890349320504,空排,10.0
3158,2026-08-28,83.36000061035156,83.06000061035157,83.21499977111816,83.27666664123535,3003.0,25.186562423653015,29.91188110636778,0.013582364688502935,-0.008306981019638128,0.021889345708141064,47.40449070728521,48.90876871390088,84.34129025936541,83.21499977111816,82.08870928287091,-0.2583666066328338,交叉混雜,21.0
3168,2026-08-28,41.87999954223633,41.79999961853027,41.92250003814697,43.69666659037272,5767.8,65.9733061769814,53.165094070087946,-0.32401038135135707,-0.44507888551513225,0.12106850416377518,55.098303281594795,49.440973266412456,43.121830727824054,41.92250003814697,40.72316934846989,0.4233965908822459,交叉混雜,32.0
3465,2026-08-28,29.370000076293945,29.379999923706055,29.657499980926513,31.960594781239827,19605.6,16.951042510166648,22.86245142170893,-0.514387552989426,-0.6002785903284962,0.08589103733907022,26.403791833941995,33.47409601894783,30.34595759485506,29.657499980926513,28.969042366997964,-1.374019998949967,空排,9.0
3531,2026-08-28,21.70999984741211,21.685000038146974,21.717500114440917,22.480833307902017,5400.4,63.28712819910787,70.65429056671749,-0.1992329925809173,-0.22798498561944283,0.02875199303852552,44.11540653179323,44.765566726750826,22.339275866358655,21.717500114440917,21.09572436252318,-1.0014970106816816,交叉混雜,40.0
4192,2026-08-28,19.79000015258789,19.685000228881837,19.372500133514404,19.967500114440917,11904.8,77.88072847431985,83.64195884062404,0.018818438450953323,-0.047345675422571724,0.06616411387352505,29.160808495173,40.7463023265538,20.26426104965742,19.372500133514404,18.480739217371386,-1.6647355490060394,交叉混雜,18.0
4419,2026-08-28,46.199999237060545,46.38999938964844,46.20999984741211,46.38000005086263,8883.8,12.677404656504832,21.85936125709072,0.048028798416297036,0.07214491834861488,-0.02411611993231784,44.278634304269424,48.4420059582515,47.54045191573725,46.20999984741211,44.87954777908696,-0.2380466861160857,交叉混雜,55.0
4528,2026-08-28,15.029999923706054,15.075,15.132499885559081,15.428333314259847,13057.8,21.672075819724217,23.881310768787586,-0.08829213451645046,-0.09038386979228574,0.0020917352758352825,39.87100420262745,41.531329192157564,15.295610872599452,15.132499885559081,14.96938889851871,-0.8755981269527431,空排,28.0
4568,2026-08-28,39.71999969482422,39.579999923706055,39.60750026702881,40.370833206176755,1946.0,81.08383353203487,66.92013685702567,-0.09042089268973541,-0.1733812638091151,0.08296037111937968,69.14465297257405,54.405571966494314,40.338235164694495,39.60750026702881,38.87676536936313,0.7384996702091471,交叉混雜,40.0
4584,2026-08-28,39.55999984741211,39.41999969482422,39.25,39.938333384195964,1053.0,69.40980976423093,64.52650916711532,-0.07618160660181417,-0.15014306915396405,0.07396146255214989,50.307446346664776,49.62771681733243,40.366856670586806,39.25,38.133143329413194,0.38216949268511147,交叉混雜,19.0
4702,2026-08-28,9.610000038146973,9.651000022888184,9.640000057220458,9.784999990463257,44645.8,24.2763329599784,30.10143154640918,-0.011000356442227854,-0.013180413529876825,0.0021800570876489705,47.72952555595419,48.8175037191942,9.776728889087753,9.640000057220458,9.503271225353163,-0.2074706591562301,交叉混雜,45.0
4706,2026-08-28,32.939999389648435,32.81999969482422,32.46249980926514,32.355833276112875,5815.2,35.22841172684868,36.263911942591776,0.15958133600052093,0.11205234707797687,0.04752898892254406,54.05836729833858,53.21988371871735,33.75289943631098,32.46249980926514,31.1721001822193,1.6557572395624696,多排,66.0
5310,2026-08-28,24.620000076293945,25.079999923706055,25.042499923706053,24.66583318710327,2611.0,43.88565818710926,49.273928634709776,0.02535104146942757,0.10503640709377333,-0.07968536562434576,51.93812336606622,50.98404065826817,25.915049014438306,25.042499923706053,24.1699508329738,-0.16971118632537738,交叉混雜,25.0
5523,2026-08-28,30.350000381469727,30.350000381469727,30.352500343322752,30.379166730244954,5716.6,99.0412437887579,97.48103133421981,-0.004548540130492995,-0.005958415220610311,0.001409875090117316,48.30673199735047,48.04536299740054,30.374860681900937,30.352500343322752,30.330140004744568,-0.008236428052873375,交叉混雜,53.0
5703,2026-08-28,14.889999961853027,14.874999904632569,14.602499961853027,14.189999961853028,3844.0,41.03979455500065,65.25506782565935,0.19585250074172578,0.23760587280454726,-0.04175337206282148,33.57355780355856,42.62585987788373,15.43124343125477,14.602499961853027,13.773756492451284,-3.098786813934924,多排,45.0
6144,2026-08-28,13.15,13.294999980926514,13.454999971389771,13.966666682561238,16010.0,21.448968310049096,21.67324532375938,-0.18215520739826907,-0.1526069544795936,-0.029548252918675466,41.618515520527104,43.69283356781041,14.398063466365826,13.454999971389771,12.511936476413716,-2.6384213353764627,空排,7.0
6169,2026-08-28,12.529999923706054,12.575,12.819999980926514,13.975833304723103,2380.6,45.41609355912733,31.621692005301483,-0.353002690162727,-0.39846341130495927,0.04546072114223226,49.88632056342147,41.35040570856724,13.49776713848419,12.819999980926514,12.142232823368838,-1.3260558708983308,空排,8.0
6198,2026-08-28,19.629999542236327,19.639999771118163,19.56999988555908,20.120000012715657,13405.6,29.67289064856385,39.00882991390949,-0.089701160859331,-0.1220820212025156,0.0323808603431846,38.76453541161252,44.119900861224,20.150743291993024,19.56999988555908,18.98925647912514,-0.8686779152934637,交叉混雜,14.0
6464,2026-08-28,78.38000030517578,78.59000015258789,78.15,76.73083330790202,31751.2,59.77940268663551,75.60554350152249,0.2652508146316279,0.40467452562281975,-0.13942371099119183,31.393139776514516,43.727726205115765,80.11763357939599,78.15,76.18236642060403,-0.9596909457723601,交叉混雜,60.0
6512,2026-08-28,20.520000076293947,20.43000011444092,20.267499923706055,20.060000133514404,743.6,98.03166817263032,93.23983247143353,0.13830895955153721,0.104648955769814,0.03366000378172321,67.21442003246713,60.38089801133272,20.754461546747542,20.267499923706055,19.780538300664567,1.6405598076492893,多排,59.0
6527,2026-08-28,75.24000091552735,75.07000045776367,74.60499954223633,72.3199998219808,15523.0,43.92956491902921,59.66090722195649,0.9744179835760605,1.027907520676964,-0.05348953710090343,42.98788965160374,53.848493600145964,77.57819602515029,74.60499954223633,71.63180305932237,-0.14074062446295502,多排,48.0
6556,2026-08-28,61.16000061035156,59.83000030517578,61.625000190734866,66.96833311716715,8430.0,69.19946256423225,58.10763263245008,-1.443795175266068,-1.8804980500502464,0.43670287478417835,56.06995519078278,46.44018482160175,67.9565010917245,61.625000190734866,55.29349928974523,-0.5273849130521904,交叉混雜,19.0
6680,2026-08-28,50.87999954223633,51.55000038146973,52.63598575592041,52.7653284072876,1034.8,13.52934108492015,16.70156827253406,-0.7856200959226385,-0.518669968768679,-0.2669501271539595,30.12262577769644,38.237964883654755,56.88315066190363,52.63598575592041,48.38882084993719,-5.0079536234845135,空排,9.0
6762,2026-08-28,165.0,167.5,168.6,167.60237808227538,503.8,20.317519974562174,21.828503009668925,-1.1409719159088638,-0.1569724824352588,-0.9839994334736051,15.067061714902621,36.34871064118177,174.80356434047752,168.6,162.39643565952247,-3.321470937129297,交叉混雜,35.0
6855,2026-08-28,116.8,116.4,116.95,119.31666666666666,444.0,70.16316641416252,63.09043028838684,-0.18556001353694285,-0.30092514664206194,0.11536513310511909,45.515501754503276,47.4475074856177,120.3973483326051,116.95,113.5026516673949,-0.812312954253957,交叉混雜,46.0
6904,2026-08-28,124.4,124.3,123.075,123.25833333333334,621.6,56.81557643004294,59.96623855593904,0.5796966688451306,0.2392476903925728,0.34044897845255784,66.87101437392019,59.123874722426066,126.49744910769,123.075,119.65255089231,1.970343286613851,交叉混雜,60.0
6908,2026-08-28,30.5,30.879999923706055,31.997499847412108,35.430833180745445,14819.2,12.383319674223108,17.52340874244707,-1.284307936416539,-1.249832040010404,-0.03447589640613513,26.247610057028638,29.416617416132695,34.628383783155826,31.997499847412108,29.36661591166839,-6.242674761896003,空排,2.0
6929,2026-08-28,23.15,23.060000228881837,23.097500228881835,23.24583339691162,3261.6,37.95571206450474,46.29238027785681,-0.009472018569550045,-0.001202323195084004,-0.00826969537446604,37.44803922079383,44.07339613080455,24.226764002425934,23.097500228881835,21.968236455337735,-2.5868610150924543,交叉混雜,16.0
6958,2026-08-28,17.730000305175782,17.61500015258789,17.842884731292724,17.52846161524455,11823.8,69.26462603731653,63.33292726927248,-0.04885450675988068,-0.039812086123124715,-0.009042420636755963,49.84622870515069,48.98012387164162,18.868351403898984,17.842884731292724,16.817418058686464,-0.8007896172903135,交叉混雜,54.0
6965,2026-08-28,75.07999877929687,74.71999969482422,75.52000007629394,78.13666674296061,13045.0,71.90231131018167,57.5598743201455,-0.8442252592538182,-0.9529508489155261,0.10872558966170787,51.313265062347256,45.18473892317561,77.63719752055195,75.52000007629394,73.40280263203593,-0.4237329551489269,交叉混雜,34.0
6997,2026-08-28,68.31999969482422,68.4599998474121,69.76000022888184,72.17166671752929,3086.4,14.284794699264353,20.0972140371401,-1.034835351279611,-1.0169998576539423,-0.017835493625668608,32.5622935156066,39.321104057026844,74.02954968003567,69.76000022888184,65.490450777728,-2.522936099637749,空排,9.0
7584,2026-08-28,26.889999771118163,26.919999885559083,26.347500133514405,27.322500133514403,1984.8,61.41917773632996,53.99189100637628,0.046267267695480285,-0.12334267184146853,0.1696099395369488,56.41954288039194,53.76950905088123,28.096326250703754,26.347500133514405,24.598674016325056,2.8560593761915585,交叉混雜,20.0
7767,2026-08-28,45.13999938964844,44.91499977111816,46.13999996185303,44.25666650136312,28081.6,51.938446623084,41.326757066978885,-0.19051805342442663,0.06076459278782767,-0.25128264621225427,35.231456234827064,43.11559847488618,49.22725773759253,46.13999996185303,43.05274218611353,-3.337671194202765,交叉混雜,33.0
7770,2026-08-28,36.8,37.420000076293945,38.60000019073486,40.962500127156574,5060.2,18.545696227758455,24.1914800508187,-1.1772240064610742,-1.0327725626112345,-0.14445144384983966,20.748303500055314,21.87063008830772,41.242766160679565,38.60000019073486,35.957234220790156,-5.310883273431626,空排,2.0
8047,2026-08-28,44.55,46.27000007629395,45.945000076293944,46.319166819254555,14060.6,22.88825253875545,37.23595020923326,-0.1271717285354228,0.2323563929414588,-0.3595281214768816,31.825043318822225,42.06135379917053,49.72846832430398,45.945000076293944,42.161531828283906,-4.233322609781641,交叉混雜,87.0
8102,2026-08-28,67.83999938964844,68.90999984741211,69.05000038146973,70.74166679382324,3282.4,26.65196909525108,32.46136803819529,-0.8412066326790466,-0.5884614883423942,-0.2527451443366524,39.72434549266773,42.30585323796021,72.02675298604255,69.05000038146973,66.0732477768969,-2.2447507210813686,空排,42.0
8411,2026-08-28,12.839999961853028,12.860000038146973,12.912500047683716,12.59499994913737,31574.8,62.76399597692678,48.49692676679767,0.02552495169631719,0.05152446053691897,-0.02599950884060178,56.873941104940954,53.33667233778255,13.132248723929093,12.912500047683716,12.692751371438339,0.2904144158214146,交叉混雜,61.0
8416,2026-08-28,168.2,168.35,168.7,171.225,7858.8,50.29173295703876,48.64681223128059,-0.455684313982772,-0.4848777920322381,0.029193478049466093,44.13291415344291,45.28650453071,170.20087693664357,168.7,167.1991230633564,-0.4149377593360929,空排,44.0
8437,2026-08-28,9.200000190734864,9.13000020980835,9.090500116348267,9.746833356221517,11363.6,56.931851052438866,47.53155388545271,-0.11305076444965678,-0.18166363057381135,0.06861286612415457,80.12131911889516,56.14514618889515,9.308478995885476,9.090500116348267,8.872521236811057,2.7446238715835403,交叉混雜,3.0
8482,2026-08-28,48.50999984741211,48.7,48.87749977111817,48.8875,14224.4,38.08837894077481,47.30982993561186,-0.19013569064996716,-0.09990463377114828,-0.09023105687881888,40.945969018384524,44.91388076438532,50.54435106378219,48.87749977111817,47.21064847845415,-2.4090819164087045,空排,37.0
9906,2026-08-28,40.17000045776367,39.71000022888184,39.76499996185303,41.09083321889241,28914.4,58.7426537464076,50.59042117240847,0.02853849936140307,-0.1690047601486667,0.19754325951006976,61.17054089366338,55.48936499988693,41.43772172880206,39.76499996185303,38.092278194904,2.351315986378424,交叉混雜,41.0
9918,2026-08-28,42.99000015258789,42.880000305175784,42.76000003814697,43.209166526794434,16164.6,63.16083297370798,68.3853388080645,-0.04731643789274642,-0.11213113564427563,0.0648146977515292,53.228502386043814,51.27794011376301,43.31687063209151,42.76000003814697,42.20312944420243,0.5612721273127266,交叉混雜,60.0
9929,2026-08-28,11.310000038146972,11.280000114440918,11.337499952316284,11.421666653951009,3964.0,69.26390328776904,62.97862509840988,-0.02688272544077641,-0.022466833964879928,-0.004415891475896484,49.91195228619882,49.24321365770105,11.655180577078367,11.337499952316284,11.0198193275542,-0.33075864819526846,交叉混雜,54.0
3332,2026-08-28,61.9,61.920000076293945,62.525000190734865,64.10500005086263,1961.8,42.110260824459274,41.2139454609908,-0.6381952672849636,-0.6327768396425069,-0.005418427642456702,43.86344781503261,44.15140433657058,64.30899301088155,62.525000190734865,60.74100737058818,-1.31947129192918,空排,48.0
4183,2026-08-28,14.019999885559082,14.130000019073487,14.357500028610229,14.183333333333334,4808.8,41.984983673272765,44.52677042098965,-0.12051710443621388,-0.0481753998581432,-0.07234170457807068,41.978661350204945,43.2318377055805,15.007419124655287,14.357500028610229,13.70758093256517,-2.4899880055569388,交叉混雜,31.0
6752,2026-08-28,96.6586410522461,98.52932052612304,98.86966018676758,99.2815533955892,6940.6,30.626267328582884,29.31545815876313,-0.5141324688209608,-0.13284589936999172,-0.38128656945096906,29.205061949133096,39.887436989041355,102.57822247359537,98.86966018676758,95.16109789993978,-2.2956099053633103,空排,13.0
8087,2026-08-28,26.260000228881836,26.5600004196167,27.587500190734865,30.412499936421714,11920.4,16.500228212369116,19.6196826963439,-0.9258621143697887,-0.9021206564948562,-0.023741457874932537,28.977386767121473,33.66262870988196,30.156520895411134,27.587500190734865,25.018479486058595,-5.391934024398152,空排,5.0
