stock_code,trade_date,open,high,low,close,volume
1104,2026-10-08,26.700000762939453,26.950000762939453,26.649999618530273,26.850000381469727,218979
1103,2026-10-08,13.149999618530273,13.149999618530273,13.050000190734863,13.149999618530273,312004
1102,2026-10-08,35.599998474121094,36.349998474121094,35.599998474121094,36.349998474121094,10772524
1101,2026-10-08,25.5,25.899999618530273,25.450000762939453,25.700000762939453,32955388
1109,2026-10-08,13.25,13.300000190734863,13.149999618530273,13.149999618530273,131001
1110,2026-10-08,14.300000190734863,14.449999809265137,14.300000190734863,14.449999809265137,99482
1108,2026-10-08,11.100000381469727,11.100000381469727,11.0,11.100000381469727,90732
1201,2026-10-08,11.449999809265137,11.600000381469727,11.449999809265137,11.550000190734863,348504
1213,2026-10-08,7.46999979019165,7.5,7.46999979019165,7.5,4285
1215,2026-10-08,105.0,106.5,105.0,106.5,522670
1210,2026-10-08,51.29999923706055,51.400001525878906,51.099998474121094,51.29999923706055,929291
1216,2026-10-08,75.0,76.19999694824219,75.0,75.5999984741211,10206015
1218,2026-10-08,14.5,14.75,14.449999809265137,14.649999618530273,672507
1217,2026-10-08,9.90999984741211,9.949999809265137,9.899999618530273,9.949999809265137,331547
1219,2026-10-08,11.199999809265137,11.25,11.100000381469727,11.25,87837
1220,2026-10-08,10.899999618530273,11.0,10.899999618530273,10.949999809265137,112166
1225,2026-10-08,24.200000762939453,24.200000762939453,23.950000762939453,24.0,24342
1227,2026-10-08,27.700000762939453,27.899999618530273,27.649999618530273,27.799999237060547,399844
1229,2026-10-08,39.650001525878906,39.95000076293945,39.599998474121094,39.95000076293945,1654228
1231,2026-10-08,78.0,78.19999694824219,77.5,77.9000015258789,239436
1232,2026-10-08,155.0,155.0,154.0,154.5,41575
1233,2026-10-08,28.0,28.0,27.899999618530273,28.0,8187
1234,2026-10-08,32.150001525878906,32.29999923706055,32.04999923706055,32.29999923706055,101484
1235,2026-10-08,31.299999237060547,32.0,31.299999237060547,31.450000762939453,21073
1236,2026-10-08,25.799999237060547,25.899999618530273,25.700000762939453,25.700000762939453,8252
1256,2026-10-08,167.5,168.0,166.5,167.5,15308
1301,2026-10-08,78.0,82.4000015258789,76.5999984741211,81.30000305175781,245059431
1303,2026-10-08,314.0,316.0,304.0,310.0,73192408
1304,2026-10-08,13.050000190734863,13.449999809265137,12.899999618530273,13.149999618530273,6012406
1305,2026-10-08,12.899999618530273,13.149999618530273,12.800000190734863,13.0,3149616
1307,2026-10-08,31.5,31.549999237060547,31.200000762939453,31.299999237060547,319816
1308,2026-10-08,14.600000381469727,14.899999618530273,14.5,14.550000190734863,1612269
1309,2026-10-08,14.399999618530273,14.699999809265137,14.199999809265137,14.350000381469727,2379661
1310,2026-10-08,9.90999984741211,10.25,9.8100004196167,10.050000190734863,8836836
1312,2026-10-08,15.0,15.5,14.899999618530273,15.149999618530273,22287490
1313,2026-10-08,12.699999809265137,13.100000381469727,12.600000381469727,12.800000190734863,6842975
1314,2026-10-08,8.90999984741211,9.25,8.899999618530273,9.0600004196167,56347837
1315,2026-10-08,72.5,73.69999694824219,72.0999984741211,72.80000305175781,140758
1316,2026-10-08,10.300000190734863,10.600000381469727,10.300000190734863,10.399999618530273,2349304
1319,2026-10-08,80.19999694824219,80.80000305175781,79.80000305175781,80.80000305175781,1248359
1321,2026-10-08,32.5,32.849998474121094,32.5,32.650001525878906,98002
1323,2026-10-08,21.5,21.600000381469727,21.5,21.549999237060547,15882
1324,2026-10-08,9.920000076293945,9.949999809265137,9.880000114440918,9.880000114440918,117726
1325,2026-10-08,29.25,30.549999237060547,28.549999237060547,30.549999237060547,3948769
1326,2026-10-08,76.30000305175781,79.0999984741211,75.5,77.5999984741211,82244579
1337,2026-10-08,4.429999828338623,4.429999828338623,4.369999885559082,4.400000095367432,123952
1338,2026-10-08,15.050000190734863,15.100000381469727,14.800000190734863,15.100000381469727,23466
1339,2026-10-08,42.099998474121094,42.29999923706055,41.900001525878906,42.25,58936
1340,2026-10-08,5.159999847412109,5.170000076293945,5.130000114440918,5.139999866485596,65101
1342,2026-10-08,100.0,101.0,100.0,101.0,103155
1402,2026-10-08,28.450000762939453,28.75,28.399999618530273,28.399999618530273,4381438
1410,2026-10-08,23.850000381469727,24.0,23.700000762939453,23.75,56191
1409,2026-10-08,26.0,26.799999237060547,25.899999618530273,26.049999237060547,18776486
1417,2026-10-08,8.109999656677246,8.15999984741211,8.09000015258789,8.15999984741211,67382
1416,2026-10-08,11.800000190734863,12.5,11.699999809265137,12.0,907168
1418,2026-10-08,18.299999237060547,18.899999618530273,18.299999237060547,18.649999618530273,17076
1419,2026-10-08,65.69999694824219,65.9000015258789,65.69999694824219,65.9000015258789,9166
1423,2026-10-08,34.20000076293945,34.95000076293945,34.20000076293945,34.75,3728
1432,2026-10-08,15.0,15.0,14.899999618530273,15.0,44146
1434,2026-10-08,18.950000762939453,19.600000381469727,18.899999618530273,19.450000762939453,8983239
1435,2026-10-08,21.200000762939453,21.200000762939453,20.0,20.5,18273
1436,2026-10-08,36.25,36.25,35.900001525878906,36.0,95540
1437,2026-10-08,31.149999618530273,31.299999237060547,31.149999618530273,31.25,29919
1438,2026-10-08,21.850000381469727,21.850000381469727,21.5,21.600000381469727,8385
1439,2026-10-08,28.950000762939453,29.0,28.049999237060547,28.049999237060547,41211
1440,2026-10-08,14.0,14.449999809265137,13.899999618530273,14.350000381469727,10099297
1441,2026-10-08,9.600000381469727,9.649999618530273,9.59000015258789,9.600000381469727,32038
1442,2026-10-08,26.75,26.950000762939453,26.549999237060547,26.649999618530273,131197
1443,2026-10-08,23.049999237060547,23.049999237060547,22.299999237060547,22.549999237060547,22146
1444,2026-10-08,6.989999771118164,7.070000171661377,6.909999847412109,7.0,950034
1445,2026-10-08,10.399999618530273,10.449999809265137,10.199999809265137,10.449999809265137,115411
1446,2026-10-08,13.300000190734863,13.399999618530273,13.300000190734863,13.350000381469727,37622
1447,2026-10-08,6.53000020980835,6.670000076293945,6.519999980926514,6.599999904632568,538397
1449,2026-10-08,12.899999618530273,13.199999809265137,12.850000381469727,13.199999809265137,801352
1452,2026-10-08,10.600000381469727,10.75,10.550000190734863,10.699999809265137,61369
1451,2026-10-08,17.0,17.149999618530273,17.0,17.149999618530273,277586
1453,2026-10-08,10.850000381469727,10.949999809265137,10.75,10.800000190734863,56027
1455,2026-10-08,10.350000381469727,10.800000190734863,10.100000381469727,10.25,8572873
1454,2026-10-08,12.050000190734863,12.199999809265137,12.050000190734863,12.199999809265137,32229
1456,2026-10-08,14.350000381469727,15.300000190734863,14.199999809265137,14.949999809265137,185248
1457,2026-10-08,14.25,14.300000190734863,14.199999809265137,14.300000190734863,81027
1459,2026-10-08,18.25,18.399999618530273,17.799999237060547,18.399999618530273,439708
1460,2026-10-08,6.150000095367432,6.179999828338623,6.099999904632568,6.130000114440918,196751
1463,2026-10-08,17.600000381469727,17.700000762939453,17.600000381469727,17.649999618530273,81116
1464,2026-10-08,9.9399995803833,9.9399995803833,9.899999618530273,9.930000305175781,170649
1465,2026-10-08,11.550000190734863,11.649999618530273,11.5,11.649999618530273,81588
1466,2026-10-08,14.550000190734863,14.600000381469727,14.25,14.25,262580
1467,2026-10-08,8.119999885559082,8.229999542236328,8.119999885559082,8.199999809265137,162913
1468,2026-10-08,13.25,13.300000190734863,12.949999809265137,13.149999618530273,90437
1471,2026-10-08,9.420000076293945,9.449999809265137,9.3100004196167,9.3100004196167,213167
1470,2026-10-08,24.100000381469727,24.200000762939453,24.100000381469727,24.200000762939453,3000
1472,2026-10-08,89.5,89.9000015258789,89.0,89.69999694824219,29385
1473,2026-10-08,19.0,19.0,18.899999618530273,18.950000762939453,73217
1474,2026-10-08,9.979999542236328,10.050000190734863,9.859999656677246,10.050000190734863,87641
1475,2026-10-08,26.350000381469727,26.350000381469727,25.5,26.0,21005
1476,2026-10-08,297.0,313.0,296.0,310.0,4195012
1477,2026-10-08,202.0,205.0,201.0,204.0,1533586
1503,2026-10-08,198.5,198.5,195.5,197.0,706721
1504,2026-10-08,72.5,73.30000305175781,71.0,71.69999694824219,10597031
1506,2026-10-08,9.609999656677246,9.619999885559082,9.579999923706055,9.600000381469727,95102
1414,2026-10-08,17.649999618530273,17.950000762939453,17.549999237060547,17.950000762939453,81632
1512,2026-10-08,6.21999979019165,6.369999885559082,6.139999866485596,6.269999980926514,28553
1513,2026-10-08,167.5,167.5,166.0,167.0,1464379
1515,2026-10-08,28.399999618530273,28.399999618530273,28.0,28.100000381469727,342300
1514,2026-10-08,104.0,104.0,102.0,102.5,783606
1516,2026-10-08,13.800000190734863,14.350000381469727,13.800000190734863,14.0,73846
1517,2026-10-08,10.399999618530273,10.399999618530273,10.199999809265137,10.399999618530273,269390
1519,2026-10-08,694.0,697.0,689.0,692.0,1030592
1521,2026-10-08,25.549999237060547,25.799999237060547,25.299999237060547,25.799999237060547,21342
1522,2026-10-08,26.0,26.399999618530273,26.0,26.399999618530273,351138
1524,2026-10-08,26.100000381469727,27.25,26.100000381469727,26.950000762939453,984292
1526,2026-10-08,15.550000190734863,15.550000190734863,14.899999618530273,14.899999618530273,81184
1525,2026-10-08,63.29999923706055,64.30000305175781,63.20000076293945,63.20000076293945,6113
1527,2026-10-08,32.5,32.54999923706055,32.349998474121094,32.45000076293945,105444
1528,2026-10-08,23.899999618530273,23.950000762939453,23.5,23.700000762939453,2215850
1530,2026-10-08,26.200000762939453,26.350000381469727,26.149999618530273,26.200000762939453,28839
1529,2026-10-08,15.850000381469727,15.899999618530273,15.649999618530273,15.649999618530273,356266
1531,2026-10-08,11.399999618530273,11.899999618530273,11.399999618530273,11.75,302760
1532,2026-10-08,21.799999237060547,21.799999237060547,21.649999618530273,21.75,114267
1533,2026-10-08,30.299999237060547,30.299999237060547,30.049999237060547,30.100000381469727,127223
1535,2026-10-08,45.5,45.79999923706055,45.5,45.79999923706055,13215
1536,2026-10-08,46.54999923706055,46.650001525878906,46.29999923706055,46.400001525878906,393969
1537,2026-10-08,114.0,114.5,113.5,114.0,79349
1538,2026-10-08,9.100000381469727,9.100000381469727,9.100000381469727,9.100000381469727,1001
1539,2026-10-08,15.550000190734863,15.649999618530273,15.550000190734863,15.600000381469727,30415
1540,2026-10-08,18.899999618530273,19.100000381469727,18.850000381469727,18.950000762939453,102741
1558,2026-10-08,109.0,109.0,106.5,107.5,56572
1560,2026-10-08,1030.0,1030.0,1000.0,1010.0,529661
1563,2026-10-08,80.0,80.69999694824219,78.0,79.30000305175781,557741
1568,2026-10-08,31.350000381469727,31.450000762939453,30.899999618530273,31.25,177976
1582,2026-10-08,71.80000305175781,71.80000305175781,70.9000015258789,71.0999984741211,277349
1587,2026-10-08,23.899999618530273,23.899999618530273,23.600000381469727,23.850000381469727,47195
1590,2026-10-08,1205.0,1255.0,1195.0,1205.0,2034898
1597,2026-10-08,145.0,145.0,141.0,142.5,639066
1598,2026-10-08,20.600000381469727,20.649999618530273,20.0,20.100000381469727,183174
1603,2026-10-08,30.700000762939453,30.75,30.5,30.600000381469727,88236
1604,2026-10-08,23.299999237060547,23.649999618530273,23.25,23.649999618530273,508878
1605,2026-10-08,40.20000076293945,40.349998474121094,39.099998474121094,39.099998474121094,23709247
1608,2026-10-08,36.79999923706055,37.0,36.54999923706055,36.54999923706055,1642953
1609,2026-10-08,39.0,39.150001525878906,38.20000076293945,38.25,2989051
1611,2026-10-08,11.300000190734863,11.399999618530273,11.25,11.350000381469727,283928
1612,2026-10-08,34.75,34.79999923706055,34.0,34.349998474121094,1033520
1614,2026-10-08,31.0,31.149999618530273,30.700000762939453,31.149999618530273,52293
1615,2026-10-08,43.0,46.04999923706055,42.70000076293945,46.04999923706055,1469481
1616,2026-10-08,18.649999618530273,18.700000762939453,18.350000381469727,18.700000762939453,153239
1617,2026-10-08,24.299999237060547,24.450000762939453,23.700000762939453,24.100000381469727,1639584
1618,2026-10-08,38.599998474121094,38.599998474121094,38.0,38.099998474121094,1005729
1623,2026-10-08,195.0,198.0,192.5,194.0,83978
1702,2026-10-08,32.75,33.599998474121094,32.75,33.349998474121094,319263
1707,2026-10-08,84.9000015258789,85.4000015258789,84.5,85.4000015258789,135580
1708,2026-10-08,56.70000076293945,58.400001525878906,56.70000076293945,57.0,4925961
1709,2026-10-08,60.20000076293945,62.0,59.0,61.0,10815186
1711,2026-10-08,44.79999923706055,49.79999923706055,44.5,46.25,37830269
1710,2026-10-08,17.600000381469727,18.25,17.5,18.100000381469727,10690280
1712,2026-10-08,39.900001525878906,40.099998474121094,39.900001525878906,39.95000076293945,446701
1713,2026-10-08,45.0,45.0,44.29999923706055,44.95000076293945,79218
1714,2026-10-08,19.799999237060547,20.899999618530273,19.5,19.950000762939453,76638754
1717,2026-10-08,74.80000305175781,75.9000015258789,74.30000305175781,74.4000015258789,6226449
1718,2026-10-08,11.300000190734863,12.399999618530273,11.199999809265137,12.199999809265137,100745785
1720,2026-10-08,56.29999923706055,57.5,56.29999923706055,56.900001525878906,701317
1721,2026-10-08,26.899999618530273,28.649999618530273,26.600000381469727,27.75,3784800
1723,2026-10-08,82.80000305175781,84.4000015258789,82.69999694824219,84.30000305175781,1194144
1722,2026-10-08,41.349998474121094,41.650001525878906,41.349998474121094,41.45000076293945,1645996
1725,2026-10-08,34.099998474121094,35.04999923706055,34.099998474121094,34.79999923706055,134679
1726,2026-10-08,75.9000015258789,76.19999694824219,75.80000305175781,76.19999694824219,15357
1727,2026-10-08,105.5,113.0,105.5,107.0,10981109
1730,2026-10-08,51.20000076293945,51.5,51.099998474121094,51.29999923706055,35955
1731,2026-10-08,21.0,21.100000381469727,20.950000762939453,21.049999237060547,158100
1732,2026-10-08,27.549999237060547,29.100000381469727,27.049999237060547,28.0,3294253
1733,2026-10-08,30.549999237060547,30.549999237060547,30.299999237060547,30.450000762939453,54159
1734,2026-10-08,32.099998474121094,32.650001525878906,32.0,32.400001525878906,216176
1735,2026-10-08,23.049999237060547,24.299999237060547,23.049999237060547,23.200000762939453,433557
1736,2026-10-08,123.5,126.0,123.0,123.0,459546
1737,2026-10-08,29.950000762939453,30.049999237060547,29.950000762939453,30.0,76206
1752,2026-10-08,31.600000381469727,33.349998474121094,31.600000381469727,33.25,357497
1760,2026-10-08,54.900001525878906,56.70000076293945,54.5,55.70000076293945,440810
1762,2026-10-08,33.849998474121094,36.0,33.849998474121094,35.349998474121094,377814
1773,2026-10-08,176.0,181.5,175.0,175.5,795740
1776,2026-10-08,18.5,19.950000762939453,18.5,19.350000381469727,216492
1783,2026-10-08,38.54999923706055,38.70000076293945,38.04999923706055,38.099998474121094,109527
1786,2026-10-08,41.45000076293945,41.849998474121094,41.349998474121094,41.70000076293945,131757
1789,2026-10-08,18.950000762939453,19.399999618530273,18.899999618530273,19.100000381469727,445647
1795,2026-10-08,182.5,182.5,179.5,180.5,585529
1802,2026-10-08,66.0,66.80000305175781,62.599998474121094,63.900001525878906,160114222
1805,2026-10-08,10.0,10.0,9.920000076293945,9.989999771118164,70689
1806,2026-10-08,7.960000038146973,7.96999979019165,7.809999942779541,7.920000076293945,174244
1808,2026-10-08,32.150001525878906,32.75,31.899999618530273,32.54999923706055,595841
1809,2026-10-08,45.5,46.599998474121094,45.29999923706055,45.45000076293945,2040169
1810,2026-10-08,23.399999618530273,23.399999618530273,23.200000762939453,23.399999618530273,938122
1817,2026-10-08,39.70000076293945,39.95000076293945,39.54999923706055,39.70000076293945,24242
1903,2026-10-08,47.25,47.5,47.0,47.45000076293945,39928
1904,2026-10-08,25.049999237060547,25.25,24.850000381469727,25.0,1126526
1905,2026-10-08,12.899999618530273,12.899999618530273,12.75,12.800000190734863,1042847
1906,2026-10-08,10.600000381469727,10.75,10.600000381469727,10.75,85136
1907,2026-10-08,28.149999618530273,28.549999237060547,28.100000381469727,28.450000762939453,651143
1909,2026-10-08,10.100000381469727,10.25,10.100000381469727,10.199999809265137,981217
2002,2026-10-08,18.899999618530273,19.049999237060547,18.899999618530273,18.950000762939453,26654257
2007,2026-10-08,6.900000095367432,6.949999809265137,6.880000114440918,6.909999847412109,80484
2006,2026-10-08,85.9000015258789,86.0,84.69999694824219,85.30000305175781,760790
2008,2026-10-08,30.549999237060547,30.549999237060547,30.549999237060547,30.549999237060547,10000
2009,2026-10-08,39.95000076293945,39.95000076293945,39.5,39.599998474121094,599122
2010,2026-10-08,22.549999237060547,22.799999237060547,22.5,22.700000762939453,572925
2012,2026-10-08,14.0,14.199999809265137,13.850000381469727,14.050000190734863,66880
2013,2026-10-08,41.150001525878906,41.54999923706055,41.099998474121094,41.349998474121094,31130
2014,2026-10-08,16.899999618530273,17.049999237060547,16.850000381469727,16.950000762939453,1024223
2015,2026-10-08,64.5,65.0,64.5,65.0,59901
2017,2026-10-08,8.890000343322754,9.079999923706055,8.859999656677246,9.0,280339
2020,2026-10-08,24.399999618530273,24.399999618530273,24.0,24.149999618530273,1135823
2022,2026-10-08,7.159999847412109,7.159999847412109,7.110000133514404,7.150000095367432,248055
2023,2026-10-08,13.800000190734863,14.050000190734863,13.800000190734863,13.949999809265137,997005
2024,2026-10-08,12.75,13.600000381469727,12.75,12.850000381469727,74328
2025,2026-10-08,13.550000190734863,14.0,13.449999809265137,13.600000381469727,1016407
2027,2026-10-08,47.70000076293945,48.599998474121094,47.150001525878906,48.25,11759998
2028,2026-10-08,16.700000762939453,16.850000381469727,16.600000381469727,16.75,44337
2029,2026-10-08,21.700000762939453,22.100000381469727,21.649999618530273,21.799999237060547,95773
2030,2026-10-08,36.349998474121094,36.95000076293945,35.20000076293945,35.54999923706055,4805178
2031,2026-10-08,45.54999923706055,46.25,45.54999923706055,45.95000076293945,222374
2032,2026-10-08,18.649999618530273,18.649999618530273,18.350000381469727,18.549999237060547,451882
2033,2026-10-08,52.0,52.20000076293945,50.5,52.20000076293945,627868
2034,2026-10-08,24.100000381469727,24.299999237060547,23.850000381469727,24.049999237060547,2337750
2038,2026-10-08,12.5,12.550000190734863,12.449999809265137,12.5,97305
2049,2026-10-08,340.0,340.0,332.5,332.5,2443493
2059,2026-10-08,10935.0,10965.0,10615.0,10615.0,2001427
2062,2026-10-08,17.850000381469727,18.0,17.850000381469727,18.0,192123
2069,2026-10-08,24.649999618530273,25.100000381469727,24.5,24.649999618530273,591501
2072,2026-10-08,130.5,132.0,130.0,131.0,106444
2101,2026-10-08,29.899999618530273,30.5,29.899999618530273,30.0,3641244
2102,2026-10-08,16.5,16.600000381469727,16.399999618530273,16.399999618530273,227451
2103,2026-10-08,29.049999237060547,30.049999237060547,28.950000762939453,29.200000762939453,6331088
2104,2026-10-08,11.350000381469727,11.649999618530273,11.300000190734863,11.600000381469727,6168903
2105,2026-10-08,30.200000762939453,30.549999237060547,30.200000762939453,30.350000381469727,2928435
2106,2026-10-08,16.700000762939453,16.850000381469727,16.700000762939453,16.799999237060547,573690
2107,2026-10-08,28.149999618530273,28.75,28.149999618530273,28.5,450346
2108,2026-10-08,29.75,31.100000381469727,29.700000762939453,30.200000762939453,2255477
2109,2026-10-08,14.25,14.350000381469727,14.199999809265137,14.300000190734863,73101
2114,2026-10-08,89.69999694824219,90.0999984741211,89.69999694824219,90.0999984741211,21185
2115,2026-10-08,24.850000381469727,24.899999618530273,24.75,24.899999618530273,38011
2201,2026-10-08,28.899999618530273,29.0,28.600000381469727,28.899999618530273,1359931
2204,2026-10-08,51.599998474121094,51.79999923706055,51.5,51.599998474121094,389049
2206,2026-10-08,63.099998474121094,63.70000076293945,63.0,63.599998474121094,480521
2207,2026-10-08,519.0,525.0,517.0,518.0,229542
2208,2026-10-08,18.5,18.600000381469727,18.399999618530273,18.549999237060547,1111152
2211,2026-10-08,79.4000015258789,79.9000015258789,79.30000305175781,79.69999694824219,312898
2227,2026-10-08,44.04999923706055,44.400001525878906,44.04999923706055,44.400001525878906,14955
2228,2026-10-08,74.9000015258789,74.9000015258789,74.0,74.0,48212
2231,2026-10-08,91.9000015258789,91.9000015258789,90.80000305175781,91.30000305175781,106248
2233,2026-10-08,167.0,167.0,164.0,164.0,278349
2236,2026-10-08,84.30000305175781,84.30000305175781,80.5999984741211,81.5999984741211,1259546
2239,2026-10-08,18.0,18.200000762939453,17.649999618530273,17.799999237060547,173284
2241,2026-10-08,53.400001525878906,57.20000076293945,50.400001525878906,50.5,24332464
2243,2026-10-08,60.099998474121094,61.099998474121094,57.70000076293945,59.29999923706055,410316
2247,2026-10-08,224.5,231.0,224.5,226.0,83255
2250,2026-10-08,55.0,55.0,54.70000076293945,54.79999923706055,21765
2302,2026-10-08,47.900001525878906,50.5,47.900001525878906,50.099998474121094,8045660
2301,2026-10-08,299.0,301.0,292.0,297.5,13577943
2303,2026-10-08,147.5,149.5,147.0,147.5,82754521
2305,2026-10-08,62.29999923706055,64.69999694824219,62.20000076293945,64.69999694824219,10580467
2308,2026-10-08,1980.0,1990.0,1950.0,1965.0,5276302
2312,2026-10-08,30.850000381469727,31.0,30.600000381469727,30.649999618530273,4759023
2313,2026-10-08,244.0,251.0,242.5,248.0,23566905
2314,2026-10-08,10.899999618530273,10.899999618530273,10.800000190734863,10.899999618530273,81825
2316,2026-10-08,179.0,179.0,170.0,171.0,3068611
2317,2026-10-08,251.0,251.0,249.0,249.0,40050776
2321,2026-10-08,25.600000381469727,25.600000381469727,25.600000381469727,25.600000381469727,2524
2324,2026-10-08,35.75,35.75,35.400001525878906,35.5,22113740
2327,2026-10-08,640.0,647.0,619.0,635.0,47097780
2328,2026-10-08,48.0,48.25,47.79999923706055,48.04999923706055,873744
2329,2026-10-08,44.79999923706055,45.150001525878906,43.54999923706055,44.5,4592388
2330,2026-10-08,2550.0,2575.0,2550.0,2550.0,22484073
2331,2026-10-08,19.0,19.0,18.799999237060547,18.799999237060547,597502
2332,2026-10-08,21.100000381469727,21.299999237060547,20.700000762939453,20.799999237060547,14855710
2337,2026-10-08,119.5,121.5,116.0,116.0,37016818
2338,2026-10-08,47.400001525878906,48.75,47.099998474121094,47.099998474121094,3301321
2340,2026-10-08,48.5,52.900001525878906,47.79999923706055,52.900001525878906,65046684
2342,2026-10-08,49.900001525878906,50.5,48.849998474121094,49.150001525878906,3136049
2344,2026-10-08,181.0,182.0,177.0,177.0,70059736
2345,2026-10-08,1990.0,2100.0,1970.0,2070.0,4463341
2347,2026-10-08,96.0,97.80000305175781,96.0,96.4000015258789,1893171
2349,2026-10-08,10.300000190734863,10.399999618530273,10.25,10.350000381469727,1008854
2348,2026-10-08,70.80000305175781,71.30000305175781,70.69999694824219,71.30000305175781,223949
2351,2026-10-08,217.0,221.5,216.0,216.0,2289945
2352,2026-10-08,29.0,29.0,28.5,28.549999237060547,4094044
2353,2026-10-08,31.200000762939453,31.549999237060547,31.049999237060547,31.299999237060547,7938128
2354,2026-10-08,62.099998474121094,62.599998474121094,61.70000076293945,62.0,5384645
2355,2026-10-08,44.650001525878906,45.400001525878906,44.5,45.20000076293945,4114006
2356,2026-10-08,57.900001525878906,58.099998474121094,57.5,57.5,10765161
2357,2026-10-08,989.0,1005.0,987.0,996.0,1792862
2359,2026-10-08,127.5,130.0,125.0,127.0,1570526
2362,2026-10-08,46.349998474121094,46.849998474121094,46.349998474121094,46.75,396942
2360,2026-10-08,2365.0,2390.0,2315.0,2330.0,1763030
2364,2026-10-08,64.19999694824219,64.5,63.400001525878906,64.4000015258789,124768
2363,2026-10-08,59.0,59.5,56.79999923706055,57.79999923706055,11097269
2365,2026-10-08,27.700000762939453,27.700000762939453,27.25,27.5,715700
2367,2026-10-08,47.0,47.20000076293945,45.900001525878906,45.900001525878906,7183623
2368,2026-10-08,1245.0,1290.0,1210.0,1285.0,9696058
2369,2026-10-08,32.599998474121094,32.70000076293945,31.649999618530273,32.0,4624908
2371,2026-10-08,30.399999618530273,30.549999237060547,30.149999618530273,30.399999618530273,6082109
2373,2026-10-08,52.5,52.5,52.20000076293945,52.400001525878906,13243
2374,2026-10-08,66.5999984741211,66.69999694824219,66.0999984741211,66.19999694824219,839486
2375,2026-10-08,129.0,134.0,125.0,130.5,5676501
2376,2026-10-08,362.0,365.0,360.0,363.0,3823464
2377,2026-10-08,155.5,157.0,153.5,154.5,3250588
2379,2026-10-08,736.0,750.0,736.0,749.0,1174423
2380,2026-10-08,15.800000190734863,15.850000381469727,15.600000381469727,15.850000381469727,173936
2382,2026-10-08,328.0,328.5,321.0,325.5,17487175
2383,2026-10-08,5910.0,6065.0,5745.0,6000.0,1851258
2385,2026-10-08,104.0,106.0,104.0,104.0,1960865
2387,2026-10-08,36.099998474121094,36.25,36.04999923706055,36.150001525878906,112207
2388,2026-10-08,71.5,71.80000305175781,70.4000015258789,70.9000015258789,1172707
2390,2026-10-08,10.050000190734863,10.25,10.050000190734863,10.149999618530273,273842
2392,2026-10-08,40.54999923706055,40.70000076293945,40.150001525878906,40.20000076293945,1773708
2393,2026-10-08,67.9000015258789,68.5,67.5,67.80000305175781,1867008
2395,2026-10-08,725.0,729.0,714.0,727.0,1852636
2397,2026-10-08,63.400001525878906,65.5,63.099998474121094,65.0999984741211,344503
2399,2026-10-08,49.54999923706055,50.0,48.95000076293945,49.20000076293945,2519270
2401,2026-10-08,26.25,26.5,25.899999618530273,26.0,1959214
2402,2026-10-08,61.599998474121094,62.20000076293945,60.79999923706055,61.0,2512445
2404,2026-10-08,1315.0,1315.0,1285.0,1305.0,1097495
2405,2026-10-08,15.050000190734863,15.149999618530273,15.0,15.050000190734863,530877
2406,2026-10-08,30.600000381469727,30.75,30.049999237060547,30.049999237060547,3076260
2408,2026-10-08,522.0,537.0,522.0,532.0,64437976
2409,2026-10-08,37.400001525878906,37.75,36.5,36.599998474121094,273873214
2412,2026-10-08,145.0,146.5,145.0,146.5,9153351
2413,2026-10-08,56.5,58.400001525878906,56.0,57.20000076293945,3846409
2414,2026-10-08,54.20000076293945,54.20000076293945,53.900001525878906,53.900001525878906,77261
2415,2026-10-08,29.200000762939453,29.200000762939453,28.299999237060547,28.600000381469727,441000
2417,2026-10-08,38.099998474121094,38.099998474121094,37.5,37.5,346205
2419,2026-10-08,27.399999618530273,27.399999618530273,27.0,27.0,621677
2421,2026-10-08,171.0,172.0,167.0,168.0,1773787
2420,2026-10-08,56.29999923706055,57.0,56.20000076293945,56.599998474121094,198341
2423,2026-10-08,70.5,71.4000015258789,70.5,70.80000305175781,65111
2424,2026-10-08,9.680000305175781,9.789999961853027,9.40999984741211,9.789999961853027,90511
2425,2026-10-08,36.75,36.75,35.75,35.75,535313
2426,2026-10-08,102.5,103.5,100.0,103.0,14021475
2427,2026-10-08,22.950000762939453,23.049999237060547,22.850000381469727,22.899999618530273,234665
2428,2026-10-08,272.0,286.0,267.0,282.0,3583439
2429,2026-10-08,30.299999237060547,30.299999237060547,29.600000381469727,30.0,295174
2430,2026-10-08,17.600000381469727,17.600000381469727,17.299999237060547,17.399999618530273,40347
2431,2026-10-08,10.0,10.050000190734863,9.979999542236328,10.050000190734863,92989
2433,2026-10-08,39.5,39.54999923706055,39.25,39.400001525878906,57773
2434,2026-10-08,60.5,60.5,58.900001525878906,59.0,154832
2436,2026-10-08,72.4000015258789,72.4000015258789,71.19999694824219,71.19999694824219,2429598
2438,2026-10-08,19.149999618530273,19.350000381469727,19.100000381469727,19.299999237060547,38015
2439,2026-10-08,79.0,81.0999984741211,78.4000015258789,80.5999984741211,4230740
2440,2026-10-08,14.100000381469727,14.149999618530273,13.949999809265137,14.149999618530273,133810
2441,2026-10-08,125.5,128.5,123.5,127.0,4112204
2442,2026-10-08,13.899999618530273,14.050000190734863,13.899999618530273,14.0,931729
2444,2026-10-08,15.600000381469727,15.75,15.0,15.5,1401956
2449,2026-10-08,295.5,310.0,284.0,304.5,52000825
2450,2026-10-08,28.100000381469727,28.149999618530273,27.950000762939453,28.100000381469727,133272
2451,2026-10-08,286.0,290.5,283.0,284.5,2747821
2453,2026-10-08,53.29999923706055,53.29999923706055,53.0,53.099998474121094,120567
2454,2026-10-08,4800.0,4850.0,4690.0,4690.0,8706851
2455,2026-10-08,555.0,571.0,546.0,558.0,6216280
2457,2026-10-08,22.0,22.0,21.700000762939453,21.75,718593
2458,2026-10-08,133.0,135.0,131.5,132.0,1197405
2459,2026-10-08,64.9000015258789,65.0999984741211,64.80000305175781,65.0,37570
2460,2026-10-08,30.399999618530273,30.5,30.0,30.399999618530273,150642
2461,2026-10-08,17.200000762939453,17.200000762939453,16.850000381469727,17.0,592551
2462,2026-10-08,20.200000762939453,20.200000762939453,19.899999618530273,20.0,95411
2464,2026-10-08,190.0,190.5,185.5,187.0,6083396
2465,2026-10-08,88.4000015258789,88.4000015258789,85.4000015258789,85.69999694824219,2316065
2466,2026-10-08,180.5,198.5,180.0,198.5,1618095
2467,2026-10-08,567.0,567.0,547.0,552.0,963397
2468,2026-10-08,41.849998474121094,42.849998474121094,40.5,40.650001525878906,1522581
2471,2026-10-08,51.5,51.5,51.0,51.0,64229
2472,2026-10-08,241.0,246.0,232.0,243.5,6702303
2474,2026-10-08,198.0,198.0,195.0,195.5,1916102
2476,2026-10-08,131.5,134.5,129.0,130.5,2573576
2477,2026-10-08,22.600000381469727,22.649999618530273,22.399999618530273,22.399999618530273,116804
2478,2026-10-08,133.0,136.0,129.0,134.5,6327267
2480,2026-10-08,166.0,167.0,165.0,165.0,141699
2481,2026-10-08,175.0,176.5,172.0,172.5,16601851
2482,2026-10-08,16.049999237060547,16.149999618530273,16.049999237060547,16.149999618530273,63703
2483,2026-10-08,39.45000076293945,39.54999923706055,38.25,38.29999923706055,1212181
2484,2026-10-08,86.0,92.19999694824219,83.5,90.5999984741211,40775557
2485,2026-10-08,42.79999923706055,43.0,41.400001525878906,41.54999923706055,11396554
2486,2026-10-08,238.0,239.5,234.5,238.5,2518388
2488,2026-10-08,49.95000076293945,49.95000076293945,49.599998474121094,49.79999923706055,68077
2489,2026-10-08,41.75,42.400001525878906,40.70000076293945,41.0,24835804
2491,2026-10-08,39.70000076293945,39.75,38.75,38.849998474121094,706976
2492,2026-10-08,431.0,431.5,400.0,420.0,64554204
2493,2026-10-08,213.5,222.0,209.5,216.5,2513381
2495,2026-10-08,37.650001525878906,38.20000076293945,37.25,37.849998474121094,850174
2496,2026-10-08,54.900001525878906,54.900001525878906,54.79999923706055,54.79999923706055,3194
2497,2026-10-08,44.599998474121094,44.900001525878906,44.150001525878906,44.150001525878906,175029
2498,2026-10-08,42.349998474121094,42.70000076293945,42.0,42.0,3160949
2501,2026-10-08,20.450000762939453,20.700000762939453,20.450000762939453,20.649999618530273,638534
2504,2026-10-08,31.25,32.0,31.149999618530273,31.950000762939453,3149610
2505,2026-10-08,16.950000762939453,17.0,16.899999618530273,17.0,169587
2506,2026-10-08,8.329999923706055,8.399999618530273,8.329999923706055,8.399999618530273,56827
2509,2026-10-08,13.550000190734863,13.649999618530273,13.399999618530273,13.399999618530273,149652
2511,2026-10-08,8.239999771118164,8.25,8.229999542236328,8.25,873871
2514,2026-10-08,11.25,11.350000381469727,11.25,11.350000381469727,28190
2515,2026-10-08,12.100000381469727,12.100000381469727,11.850000381469727,11.949999809265137,4887251
2516,2026-10-08,15.0,15.25,14.949999809265137,15.149999618530273,139607
2520,2026-10-08,37.0,37.79999923706055,37.0,37.349998474121094,2105831
2524,2026-10-08,33.650001525878906,33.79999923706055,33.400001525878906,33.650001525878906,26655
2527,2026-10-08,50.599998474121094,51.599998474121094,50.20000076293945,51.099998474121094,652932
2528,2026-10-08,18.700000762939453,18.75,18.600000381469727,18.600000381469727,262323
2530,2026-10-08,20.049999237060547,20.149999618530273,19.950000762939453,20.049999237060547,391293
2534,2026-10-08,16.600000381469727,16.75,16.549999237060547,16.649999618530273,136682
2535,2026-10-08,90.0,91.5,89.9000015258789,91.4000015258789,377968
2536,2026-10-08,18.399999618530273,18.700000762939453,18.299999237060547,18.700000762939453,438713
2537,2026-10-08,11.0,11.0,10.899999618530273,10.949999809265137,262736
2538,2026-10-08,8.729999542236328,8.90999984741211,8.729999542236328,8.90999984741211,210241
2539,2026-10-08,33.79999923706055,33.79999923706055,33.400001525878906,33.45000076293945,385776
2540,2026-10-08,49.5,49.599998474121094,48.95000076293945,49.5,538756
2542,2026-10-08,38.75,39.25,38.75,39.04999923706055,7872068
2543,2026-10-08,39.150001525878906,40.20000076293945,38.599998474121094,39.599998474121094,1047361
2545,2026-10-08,34.0,34.20000076293945,33.900001525878906,34.150001525878906,133566
2546,2026-10-08,108.5,108.5,107.5,107.5,117597
2547,2026-10-08,9.720000267028809,9.8100004196167,9.710000038146973,9.739999771118164,900986
2548,2026-10-08,91.19999694824219,92.19999694824219,91.19999694824219,91.80000305175781,412361
2597,2026-10-08,165.5,165.5,163.5,164.0,123912
2601,2026-10-08,6.130000114440918,6.170000076293945,6.050000190734863,6.119999885559082,1962612
2603,2026-10-08,232.5,236.0,231.0,232.5,6743686
2605,2026-10-08,36.599998474121094,36.900001525878906,36.25,36.70000076293945,5349811
2606,2026-10-08,74.30000305175781,75.5,74.30000305175781,74.9000015258789,1433389
2607,2026-10-08,55.599998474121094,56.5,55.099998474121094,56.5,517281
2609,2026-10-08,59.29999923706055,60.400001525878906,58.79999923706055,59.70000076293945,18010593
2608,2026-10-08,28.600000381469727,28.649999618530273,28.5,28.600000381469727,352331
2610,2026-10-08,20.25,20.299999237060547,20.149999618530273,20.149999618530273,8130036
2611,2026-10-08,15.050000190734863,15.25,15.0,15.199999809265137,315971
2612,2026-10-08,61.5,62.599998474121094,61.29999923706055,62.5,203128
2613,2026-10-08,21.899999618530273,22.0,21.700000762939453,22.0,277974
2614,2026-10-08,15.449999809265137,15.449999809265137,15.149999618530273,15.350000381469727,1172469
2615,2026-10-08,112.0,113.0,110.0,111.5,7872610
2616,2026-10-08,13.149999618530273,13.149999618530273,13.100000381469727,13.149999618530273,116984
2618,2026-10-08,41.95000076293945,41.95000076293945,41.400001525878906,41.400001525878906,10675561
2617,2026-10-08,31.799999237060547,32.25,31.700000762939453,32.04999923706055,402746
2630,2026-10-08,45.54999923706055,45.599998474121094,45.20000076293945,45.20000076293945,480089
2634,2026-10-08,63.599998474121094,63.79999923706055,62.900001525878906,63.20000076293945,3871602
2636,2026-10-08,70.5,70.5,69.9000015258789,70.0999984741211,101980
2633,2026-10-08,25.600000381469727,25.75,25.600000381469727,25.700000762939453,4254758
2637,2026-10-08,96.80000305175781,99.5999984741211,96.5,98.4000015258789,1702472
2645,2026-10-08,174.0,174.5,171.5,171.5,862938
2642,2026-10-08,20.200000762939453,20.75,20.200000762939453,20.399999618530273,56194
2646,2026-10-08,20.100000381469727,20.100000381469727,20.0,20.100000381469727,2473377
2701,2026-10-08,10.300000190734863,10.300000190734863,10.25,10.300000190734863,45117
2702,2026-10-08,12.100000381469727,12.149999618530273,12.100000381469727,12.100000381469727,51785
2704,2026-10-08,45.25,45.25,44.849998474121094,44.95000076293945,16024
2705,2026-10-08,15.100000381469727,15.100000381469727,15.0,15.050000190734863,175797
2706,2026-10-08,12.100000381469727,12.199999809265137,12.050000190734863,12.199999809265137,71131
2707,2026-10-08,175.0,176.0,175.0,176.0,117970
2712,2026-10-08,13.199999809265137,13.300000190734863,13.199999809265137,13.300000190734863,18535
2722,2026-10-08,21.700000762939453,21.700000762939453,21.350000381469727,21.5,11990
2723,2026-10-08,79.80000305175781,80.4000015258789,79.5,79.80000305175781,185432
2727,2026-10-08,233.0,237.5,233.0,237.5,460365
2731,2026-10-08,144.5,145.5,144.0,145.0,243410
2739,2026-10-08,36.400001525878906,36.400001525878906,36.04999923706055,36.04999923706055,29604
2748,2026-10-08,39.04999923706055,39.04999923706055,38.650001525878906,38.900001525878906,21338
2753,2026-10-08,184.0,185.5,183.0,185.0,154093
2762,2026-10-08,77.69999694824219,78.4000015258789,77.4000015258789,77.4000015258789,60037
2801,2026-10-08,27.700000762939453,28.049999237060547,27.649999618530273,27.950000762939453,18977876
2812,2026-10-08,18.899999618530273,18.950000762939453,18.799999237060547,18.799999237060547,3917935
2816,2026-10-08,40.54999923706055,40.849998474121094,40.349998474121094,40.79999923706055,229244
2820,2026-10-08,16.850000381469727,16.950000762939453,16.850000381469727,16.850000381469727,911811
2832,2026-10-08,56.900001525878906,56.900001525878906,56.599998474121094,56.79999923706055,32800
2834,2026-10-08,17.549999237060547,17.600000381469727,17.399999618530273,17.450000762939453,18040930
2836,2026-10-08,12.100000381469727,12.149999618530273,12.050000190734863,12.050000190734863,1110786
2838,2026-10-08,20.649999618530273,20.649999618530273,20.350000381469727,20.399999618530273,856544
2845,2026-10-08,12.949999809265137,13.050000190734863,12.899999618530273,12.949999809265137,2823889
2849,2026-10-08,15.5,15.550000190734863,15.300000190734863,15.350000381469727,39292
2850,2026-10-08,163.0,165.0,162.0,164.5,180952
2851,2026-10-08,48.0,48.29999923706055,47.20000076293945,47.95000076293945,1779779
2852,2026-10-08,27.649999618530273,27.75,27.600000381469727,27.75,171093
2855,2026-10-08,57.70000076293945,58.900001525878906,57.0,58.599998474121094,3541146
2880,2026-10-08,46.599998474121094,47.150001525878906,45.79999923706055,45.79999923706055,8904196
2881,2026-10-08,154.5,155.5,152.5,153.0,14118033
2882,2026-10-08,113.0,113.5,110.0,110.0,19318895
2883,2026-10-08,38.5,38.650001525878906,37.400001525878906,37.54999923706055,47998775
2884,2026-10-08,45.75,45.95000076293945,45.0,45.0,15410839
2885,2026-10-08,69.69999694824219,70.0,68.30000305175781,68.30000305175781,20169533
2886,2026-10-08,49.75,50.099998474121094,49.25,49.29999923706055,23875602
2887,2026-10-08,41.95000076293945,42.5,40.95000076293945,41.0,46624702
2889,2026-10-08,16.350000381469727,16.549999237060547,16.350000381469727,16.5,5476826
2890,2026-10-08,45.0,45.25,44.04999923706055,44.04999923706055,20172214
2891,2026-10-08,68.69999694824219,69.19999694824219,67.30000305175781,67.30000305175781,23606755
2892,2026-10-08,38.79999923706055,39.25,38.599998474121094,38.650001525878906,14695032
2897,2026-10-08,10.649999618530273,10.75,10.600000381469727,10.699999809265137,2352538
2901,2026-10-08,25.200000762939453,25.25,25.100000381469727,25.100000381469727,39405
2903,2026-10-08,22.0,22.149999618530273,22.0,22.149999618530273,1235086
2904,2026-10-08,12.649999618530273,12.649999618530273,12.550000190734863,12.600000381469727,31260
2905,2026-10-08,17.649999618530273,17.75,17.600000381469727,17.649999618530273,346193
2906,2026-10-08,13.25,14.399999618530273,13.25,14.100000381469727,609577
2908,2026-10-08,22.0,22.049999237060547,21.899999618530273,22.0,261587
2911,2026-10-08,5.949999809265137,5.949999809265137,5.889999866485596,5.949999809265137,56029
2912,2026-10-08,212.5,213.5,211.5,213.0,1911236
2913,2026-10-08,10.949999809265137,11.0,10.899999618530273,10.949999809265137,531743
2915,2026-10-08,58.29999923706055,59.099998474121094,58.20000076293945,58.900001525878906,1387637
2923,2026-10-08,23.200000762939453,24.149999618530273,23.200000762939453,24.0,20967
2929,2026-10-08,5.820000171661377,5.820000171661377,5.71999979019165,5.760000228881836,65624
2939,2026-10-08,24.299999237060547,24.299999237060547,23.5,23.600000381469727,50001
2945,2026-10-08,39.25,39.400001525878906,39.25,39.400001525878906,3588
3002,2026-10-08,18.799999237060547,19.25,18.700000762939453,18.75,135219
3003,2026-10-08,58.20000076293945,58.5,58.0,58.0,204134
3004,2026-10-08,121.0,121.0,119.5,120.5,112453
3005,2026-10-08,118.0,118.5,117.0,118.5,1151724
3006,2026-10-08,273.0,275.5,266.0,267.0,6887450
3008,2026-10-08,6805.0,6930.0,6600.0,6660.0,1911896
3010,2026-10-08,132.0,133.0,131.0,132.5,535530
3011,2026-10-08,10.0,10.0,9.850000381469727,9.869999885559082,259977
3013,2026-10-08,95.30000305175781,98.80000305175781,94.69999694824219,97.9000015258789,6363228
3014,2026-10-08,147.5,147.5,145.0,145.0,2393511
3015,2026-10-08,52.599998474121094,52.599998474121094,51.70000076293945,51.70000076293945,351609
3016,2026-10-08,193.0,194.5,178.5,183.5,6317874
3017,2026-10-08,3445.0,3515.0,3410.0,3440.0,3155899
3018,2026-10-08,11.149999618530273,11.5,10.949999809265137,11.0,124993
3019,2026-10-08,138.5,139.0,137.0,137.0,1606259
3021,2026-10-08,27.549999237060547,27.549999237060547,26.600000381469727,27.100000381469727,677051
3022,2026-10-08,90.69999694824219,92.0,89.4000015258789,90.30000305175781,745738
3023,2026-10-08,323.0,330.0,323.0,329.0,632896
3024,2026-10-08,13.800000190734863,14.149999618530273,13.649999618530273,13.949999809265137,817599
3025,2026-10-08,58.099998474121094,58.5,55.900001525878906,56.20000076293945,620683
3026,2026-10-08,832.0,888.0,812.0,877.0,15736436
3027,2026-10-08,19.950000762939453,19.950000762939453,19.049999237060547,19.100000381469727,277380
3028,2026-10-08,62.900001525878906,63.79999923706055,62.70000076293945,63.599998474121094,534805
3029,2026-10-08,115.0,117.0,114.5,114.5,748240
3030,2026-10-08,311.0,316.0,307.0,313.5,2223254
3031,2026-10-08,33.0,35.0,33.0,33.20000076293945,5318626
3032,2026-10-08,76.80000305175781,77.5999984741211,76.5999984741211,77.0,182835
3033,2026-10-08,41.599998474121094,41.900001525878906,41.54999923706055,41.54999923706055,1685056
3034,2026-10-08,533.0,538.0,528.0,531.0,2272922
3035,2026-10-08,210.0,210.0,201.5,202.0,3332395
3036,2026-10-08,213.5,217.0,212.0,215.5,5313998
3037,2026-10-08,1280.0,1295.0,1255.0,1270.0,8604045
3038,2026-10-08,20.5,20.5,20.299999237060547,20.399999618530273,64467
3040,2026-10-08,33.0,33.0,32.04999923706055,32.04999923706055,546462
3041,2026-10-08,24.049999237060547,24.049999237060547,23.549999237060547,23.850000381469727,463434
3042,2026-10-08,207.5,215.0,203.5,211.0,12671292
3043,2026-10-08,20.850000381469727,20.899999618530273,20.549999237060547,20.549999237060547,44036
3044,2026-10-08,571.0,594.0,568.0,582.0,1990601
3045,2026-10-08,122.0,124.0,122.0,124.0,5980439
3046,2026-10-08,52.70000076293945,53.0,52.20000076293945,52.29999923706055,170692
3047,2026-10-08,14.399999618530273,14.5,14.300000190734863,14.350000381469727,321279
3048,2026-10-08,54.79999923706055,58.29999923706055,54.79999923706055,57.0,12166301
3049,2026-10-08,12.199999809265137,12.199999809265137,12.0,12.0,2613732
3050,2026-10-08,11.600000381469727,11.699999809265137,11.550000190734863,11.600000381469727,305743
3051,2026-10-08,22.350000381469727,22.450000762939453,22.200000762939453,22.25,338980
3052,2026-10-08,10.449999809265137,10.5,10.449999809265137,10.449999809265137,102731
3054,2026-10-08,58.5,58.900001525878906,58.099998474121094,58.099998474121094,43150
3055,2026-10-08,223.0,223.0,219.0,223.0,378865
3056,2026-10-08,13.649999618530273,13.75,13.550000190734863,13.75,556671
3057,2026-10-08,15.0,15.600000381469727,14.949999809265137,15.600000381469727,86396
3058,2026-10-08,8.199999809265137,8.420000076293945,8.199999809265137,8.319999694824219,580657
3059,2026-10-08,38.5,38.5,38.0,38.099998474121094,752752
3060,2026-10-08,29.200000762939453,29.350000381469727,28.75,28.75,582218
3062,2026-10-08,22.200000762939453,22.450000762939453,22.100000381469727,22.200000762939453,946419
3090,2026-10-08,174.5,176.0,169.0,174.0,4365302
3092,2026-10-08,24.149999618530273,24.200000762939453,24.049999237060547,24.149999618530273,72353
3094,2026-10-08,67.5999984741211,69.4000015258789,66.5999984741211,69.30000305175781,2335091
3130,2026-10-08,208.5,208.5,207.5,207.5,15816
3135,2026-10-08,157.0,159.0,157.0,157.5,365940
3138,2026-10-08,102.0,102.0,99.5999984741211,99.5999984741211,254605
3149,2026-10-08,76.30000305175781,76.9000015258789,75.0,76.5999984741211,5390434
3164,2026-10-08,16.700000762939453,16.950000762939453,16.600000381469727,16.950000762939453,54508
3167,2026-10-08,1025.0,1055.0,990.0,1055.0,1093521
3189,2026-10-08,1080.0,1095.0,1040.0,1075.0,7231726
3168,2026-10-08,42.099998474121094,42.099998474121094,41.79999923706055,42.099998474121094,5000
3209,2026-10-08,46.95000076293945,47.04999923706055,46.20000076293945,46.54999923706055,1053333
3229,2026-10-08,55.400001525878906,56.5,55.099998474121094,55.400001525878906,613208
3257,2026-10-08,49.20000076293945,49.45000076293945,48.900001525878906,49.25,63030
3231,2026-10-08,184.0,190.0,182.5,188.5,45524226
3266,2026-10-08,13.850000381469727,14.0,13.850000381469727,14.0,11552
3296,2026-10-08,28.200000762939453,28.549999237060547,28.0,28.549999237060547,55987
3305,2026-10-08,110.5,111.0,109.5,110.5,813542
3308,2026-10-08,22.75,22.75,21.75,22.25,29404
3311,2026-10-08,47.5,49.95000076293945,45.599998474121094,46.900001525878906,3843038
3312,2026-10-08,51.5,51.599998474121094,50.79999923706055,50.900001525878906,380286
3321,2026-10-08,17.649999618530273,17.649999618530273,17.200000762939453,17.350000381469727,120843
3338,2026-10-08,70.4000015258789,70.4000015258789,67.80000305175781,68.5,588042
3346,2026-10-08,22.5,22.5,22.0,22.0,803780
3356,2026-10-08,67.5,67.5,66.5999984741211,66.69999694824219,222345
3376,2026-10-08,168.0,171.5,166.0,169.5,1958664
3380,2026-10-08,30.5,30.799999237060547,30.25,30.299999237060547,1570949
3406,2026-10-08,1070.0,1105.0,1060.0,1060.0,3072775
3413,2026-10-08,288.0,291.0,285.5,289.5,466056
3416,2026-10-08,176.0,185.0,174.5,182.0,1927919
3419,2026-10-08,11.899999618530273,12.25,11.899999618530273,11.949999809265137,73834
3432,2026-10-08,14.75,14.75,14.5,14.5,16001
3437,2026-10-08,21.200000762939453,21.649999618530273,21.100000381469727,21.149999618530273,428992
3443,2026-10-08,8550.0,8600.0,8325.0,8360.0,1217308
3447,2026-10-08,28.100000381469727,30.25,27.600000381469727,30.25,675155
3450,2026-10-08,528.0,533.0,518.0,522.0,4747829
3481,2026-10-08,51.70000076293945,52.5,51.0,51.0,79618711
3494,2026-10-08,7.070000171661377,7.139999866485596,7.010000228881836,7.090000152587891,39802
3501,2026-10-08,38.0,38.20000076293945,37.79999923706055,37.95000076293945,73636
3504,2026-10-08,83.5999984741211,85.5,82.5,82.5999984741211,770455
3515,2026-10-08,220.0,220.5,218.0,218.5,221579
3518,2026-10-08,49.150001525878906,50.0,48.5,49.5,1719026
3528,2026-10-08,86.0,86.5,85.30000305175781,86.0,243414
3530,2026-10-08,58.400001525878906,58.400001525878906,57.599998474121094,57.599998474121094,108159
3532,2026-10-08,515.0,518.0,474.0,509.0,12883428
3533,2026-10-08,1820.0,1935.0,1820.0,1915.0,2315995
3535,2026-10-08,91.5,94.4000015258789,91.19999694824219,92.5,799668
3543,2026-10-08,55.0,57.70000076293945,54.599998474121094,56.099998474121094,4619004
3545,2026-10-08,49.099998474121094,49.79999923706055,48.900001525878906,49.0,625113
3550,2026-10-08,24.549999237060547,24.600000381469727,23.799999237060547,23.899999618530273,1109440
3557,2026-10-08,23.649999618530273,24.0,23.649999618530273,24.0,38485
3563,2026-10-08,733.0,742.0,728.0,730.0,456445
3576,2026-10-08,18.350000381469727,18.5,18.149999618530273,18.149999618530273,5969700
3583,2026-10-08,738.0,745.0,730.0,736.0,528748
3588,2026-10-08,54.20000076293945,54.900001525878906,53.20000076293945,53.20000076293945,510240
3591,2026-10-08,26.399999618530273,29.25,26.399999618530273,29.100000381469727,2623374
3592,2026-10-08,236.0,236.0,233.0,235.5,342858
3593,2026-10-08,10.399999618530273,11.600000381469727,10.399999618530273,11.600000381469727,2168
3596,2026-10-08,156.5,157.5,155.5,156.5,712550
3605,2026-10-08,166.0,166.0,163.0,163.0,3326747
3607,2026-10-08,13.949999809265137,14.0,13.850000381469727,13.850000381469727,54405
3617,2026-10-08,241.0,243.0,240.5,241.5,219056
3645,2026-10-08,74.0999984741211,74.9000015258789,72.69999694824219,73.0,1269005
3622,2026-10-08,46.70000076293945,47.70000076293945,46.150001525878906,46.20000076293945,286895
3652,2026-10-08,35.45000076293945,35.45000076293945,34.70000076293945,35.25,55539
3653,2026-10-08,6800.0,7245.0,6775.0,7165.0,1628395
3661,2026-10-08,4165.0,4480.0,4155.0,4345.0,4914129
3665,2026-10-08,2335.0,2400.0,2300.0,2360.0,3625818
3669,2026-10-08,32.20000076293945,32.5,32.20000076293945,32.25,53625
3673,2026-10-08,75.5999984741211,76.30000305175781,74.4000015258789,74.4000015258789,6372863
3679,2026-10-08,107.5,108.0,107.5,108.0,16905
3686,2026-10-08,15.850000381469727,15.850000381469727,15.449999809265137,15.5,55218
3701,2026-10-08,61.5,63.20000076293945,60.599998474121094,63.0,2892595
3694,2026-10-08,51.70000076293945,51.79999923706055,50.79999923706055,51.0,560695
3702,2026-10-08,118.0,120.0,116.5,117.5,9687626
3703,2026-10-08,19.350000381469727,19.549999237060547,19.350000381469727,19.5,232529
3704,2026-10-08,39.650001525878906,39.650001525878906,39.0,39.099998474121094,958322
3705,2026-10-08,57.79999923706055,60.0,57.79999923706055,59.099998474121094,941582
3706,2026-10-08,80.5999984741211,80.80000305175781,80.0,80.5999984741211,4380502
3708,2026-10-08,95.19999694824219,96.80000305175781,94.0999984741211,94.0999984741211,375071
3711,2026-10-08,732.0,752.0,715.0,744.0,15666989
3712,2026-10-08,20.299999237060547,20.350000381469727,20.100000381469727,20.200000762939453,365498
3714,2026-10-08,67.0,67.5,66.30000305175781,67.0,4099622
3715,2026-10-08,136.5,140.0,133.5,137.5,7358825
3716,2026-10-08,33.849998474121094,34.29999923706055,33.70000076293945,34.150001525878906,306414
3717,2026-10-08,27.450000762939453,29.0,27.200000762939453,27.75,10199987
4104,2026-10-08,72.0,72.19999694824219,71.80000305175781,72.0,80314
4106,2026-10-08,24.25,24.600000381469727,24.149999618530273,24.399999618530273,143232
4108,2026-10-08,11.300000190734863,11.75,11.300000190734863,11.550000190734863,422818
4119,2026-10-08,53.599998474121094,54.400001525878906,53.5,54.400001525878906,116989
4133,2026-10-08,22.5,23.5,21.899999618530273,22.649999618530273,2087377
4137,2026-10-08,76.4000015258789,77.30000305175781,76.4000015258789,77.19999694824219,113575
4142,2026-10-08,18.549999237060547,19.450000762939453,18.549999237060547,19.200000762939453,5494599
4148,2026-10-08,32.099998474121094,32.29999923706055,31.75,31.950000762939453,14100
4164,2026-10-08,28.149999618530273,28.600000381469727,28.0,28.0,268007
4169,2026-10-08,149.5,150.0,147.5,147.5,93998
4178,2026-10-08,18.350000381469727,19.850000381469727,17.899999618530273,19.600000381469727,1435383
4306,2026-10-08,14.5,14.649999618530273,14.449999809265137,14.550000190734863,450809
4414,2026-10-08,8.069999694824219,8.109999656677246,8.050000190734863,8.069999694824219,123982
4426,2026-10-08,7.590000152587891,7.599999904632568,7.539999961853027,7.599999904632568,26436
4438,2026-10-08,56.5,56.599998474121094,56.29999923706055,56.599998474121094,25851
4439,2026-10-08,96.5,96.80000305175781,94.80000305175781,96.80000305175781,18000
4440,2026-10-08,17.450000762939453,17.5,17.399999618530273,17.450000762939453,54461
4441,2026-10-08,171.0,171.5,169.5,171.5,96143
4526,2026-10-08,33.349998474121094,33.349998474121094,33.0,33.0,995683
4532,2026-10-08,24.600000381469727,24.649999618530273,24.350000381469727,24.399999618530273,535267
4536,2026-10-08,159.0,160.0,158.0,159.0,65967
4540,2026-10-08,58.599998474121094,58.900001525878906,57.29999923706055,57.5,1437684
4545,2026-10-08,38.349998474121094,38.79999923706055,37.70000076293945,38.349998474121094,100208
4551,2026-10-08,185.0,188.0,182.5,184.0,1704536
4552,2026-10-08,15.300000190734863,15.350000381469727,15.149999618530273,15.350000381469727,186928
4555,2026-10-08,42.25,42.349998474121094,41.849998474121094,41.849998474121094,108640
4557,2026-10-08,50.20000076293945,50.5,50.099998474121094,50.29999923706055,52175
4560,2026-10-08,30.0,30.100000381469727,29.799999237060547,30.100000381469727,189224
4562,2026-10-08,30.299999237060547,30.299999237060547,29.899999618530273,30.0,68958
4564,2026-10-08,15.899999618530273,16.0,15.600000381469727,15.899999618530273,1268163
4566,2026-10-08,76.5,77.69999694824219,74.5,76.0,2052881
4571,2026-10-08,153.0,153.0,151.5,151.5,83516
4576,2026-10-08,232.0,232.0,226.0,228.5,611822
4583,2026-10-08,420.0,427.5,415.5,417.0,156360
4585,2026-10-08,292.0,293.0,290.0,292.0,88900
4588,2026-10-08,56.5,56.5,55.599998474121094,56.5,27307
4720,2026-10-08,23.649999618530273,25.549999237060547,23.25,25.549999237060547,10552318
4722,2026-10-08,222.0,223.0,213.0,215.5,1751748
4736,2026-10-08,132.5,138.0,132.0,134.5,469864
4737,2026-10-08,55.5,55.599998474121094,54.79999923706055,55.0,18015
4739,2026-10-08,87.19999694824219,88.69999694824219,86.5999984741211,87.19999694824219,962922
4746,2026-10-08,48.0,49.099998474121094,47.599998474121094,48.95000076293945,795388
4755,2026-10-08,127.5,133.0,126.5,127.0,754274
4763,2026-10-08,46.54999923706055,47.650001525878906,46.54999923706055,46.650001525878906,5156412
4764,2026-10-08,203.5,211.5,199.0,199.0,1645775
4766,2026-10-08,360.0,360.0,353.5,354.5,108768
4770,2026-10-08,276.5,288.5,271.0,282.0,1923936
4771,2026-10-08,201.0,204.5,201.0,203.0,68758
4807,2026-10-08,31.600000381469727,34.75,31.600000381469727,34.25,538443
4904,2026-10-08,105.0,106.5,105.0,106.0,5947425
4906,2026-10-08,41.5,42.599998474121094,41.5,41.79999923706055,5871484
4912,2026-10-08,111.0,112.5,109.0,109.5,901439
4915,2026-10-08,63.5,63.79999923706055,63.20000076293945,63.29999923706055,2528893
4916,2026-10-08,101.5,103.0,101.0,102.0,1639746
4919,2026-10-08,157.0,162.0,152.0,155.5,14893041
4927,2026-10-08,54.0,56.70000076293945,53.099998474121094,54.20000076293945,13203080
4934,2026-10-08,15.600000381469727,17.100000381469727,15.600000381469727,17.100000381469727,4678596
4935,2026-10-08,33.79999923706055,36.0,33.79999923706055,34.29999923706055,455658
4938,2026-10-08,89.4000015258789,90.0999984741211,89.4000015258789,89.69999694824219,4932645
4942,2026-10-08,31.549999237060547,31.649999618530273,31.5,31.649999618530273,24010
4943,2026-10-08,7.059999942779541,7.059999942779541,6.639999866485596,6.639999866485596,12485
4949,2026-10-08,84.0,86.5,83.0999984741211,85.30000305175781,2352654
4952,2026-10-08,49.04999923706055,49.400001525878906,48.650001525878906,48.650001525878906,139432
4956,2026-10-08,42.400001525878906,44.29999923706055,42.0,42.099998474121094,4138180
4958,2026-10-08,593.0,613.0,587.0,592.0,33637232
4960,2026-10-08,24.049999237060547,24.299999237060547,23.799999237060547,23.799999237060547,2383176
4961,2026-10-08,179.0,180.0,177.0,178.0,498335
4967,2026-10-08,270.0,272.0,268.0,269.5,2184839
4968,2026-10-08,97.30000305175781,97.5999984741211,96.5,96.69999694824219,243886
4976,2026-10-08,37.95000076293945,37.95000076293945,37.150001525878906,37.29999923706055,823429
4977,2026-10-08,175.0,175.5,172.0,172.5,1458226
4989,2026-10-08,74.19999694824219,75.9000015258789,71.5999984741211,73.19999694824219,23695073
4994,2026-10-08,82.30000305175781,84.0,80.5,80.5,10191
4999,2026-10-08,17.700000762939453,17.850000381469727,17.700000762939453,17.75,72361
5203,2026-10-08,59.79999923706055,62.0,59.20000076293945,60.20000076293945,273704
5215,2026-10-08,37.70000076293945,37.75,37.54999923706055,37.70000076293945,10151
5222,2026-10-08,103.0,103.0,101.5,102.0,214526
5225,2026-10-08,53.400001525878906,58.400001525878906,53.400001525878906,56.099998474121094,781903
5234,2026-10-08,330.0,336.0,323.0,334.0,841409
5236,2026-10-08,125.5,125.5,125.0,125.0,101956
5243,2026-10-08,96.80000305175781,106.0,96.0999984741211,105.0,8056196
5244,2026-10-08,41.25,42.650001525878906,40.849998474121094,40.849998474121094,3102411
5258,2026-10-08,42.0,42.349998474121094,41.849998474121094,41.900001525878906,170166
5269,2026-10-08,1465.0,1490.0,1450.0,1490.0,418861
5283,2026-10-08,51.5,51.79999923706055,51.29999923706055,51.79999923706055,91622
5284,2026-10-08,285.0,287.0,281.5,282.0,298005
5285,2026-10-08,97.9000015258789,101.0,93.9000015258789,94.4000015258789,2493439
5288,2026-10-08,187.0,190.0,187.0,188.5,78477
5292,2026-10-08,242.5,250.0,230.0,243.0,538117
5306,2026-10-08,87.80000305175781,88.0,87.0999984741211,87.5999984741211,92197
5388,2026-10-08,73.5,73.5999984741211,72.9000015258789,73.0,1865861
5434,2026-10-08,601.0,602.0,593.0,596.0,526566
5469,2026-10-08,80.5,80.9000015258789,79.4000015258789,80.19999694824219,1675918
5471,2026-10-08,51.599998474121094,51.599998474121094,50.599998474121094,50.79999923706055,851627
5484,2026-10-08,38.95000076293945,39.0,38.29999923706055,38.650001525878906,87393
5515,2026-10-08,52.099998474121094,52.900001525878906,52.0,52.70000076293945,308786
5519,2026-10-08,24.700000762939453,24.75,24.600000381469727,24.700000762939453,113787
5521,2026-10-08,11.100000381469727,11.100000381469727,10.949999809265137,11.050000190734863,1111188
5522,2026-10-08,61.0,61.29999923706055,60.70000076293945,60.79999923706055,361751
5525,2026-10-08,21.950000762939453,21.950000762939453,21.850000381469727,21.950000762939453,18627
5531,2026-10-08,7.010000228881836,7.050000190734863,6.909999847412109,6.96999979019165,404530
5534,2026-10-08,71.4000015258789,72.5,71.19999694824219,72.19999694824219,537694
5538,2026-10-08,36.099998474121094,36.45000076293945,36.099998474121094,36.20000076293945,66405
5546,2026-10-08,13.5,13.699999809265137,13.100000381469727,13.5,72022
5607,2026-10-08,52.5,52.900001525878906,52.29999923706055,52.79999923706055,249298
5608,2026-10-08,16.549999237060547,16.600000381469727,16.399999618530273,16.5,1047090
5706,2026-10-08,44.70000076293945,44.70000076293945,44.20000076293945,44.20000076293945,111554
5871,2026-10-08,105.5,106.0,105.5,105.5,3171065
5876,2026-10-08,49.599998474121094,49.79999923706055,49.099998474121094,49.650001525878906,4970065
5880,2026-10-08,26.5,26.600000381469727,26.350000381469727,26.450000762939453,10214586
5907,2026-10-08,4.690000057220459,4.699999809265137,4.679999828338623,4.679999828338623,87274
6005,2026-10-08,32.29999923706055,32.29999923706055,31.899999618530273,32.04999923706055,5816922
6024,2026-10-08,59.400001525878906,59.599998474121094,58.599998474121094,58.70000076293945,540339
6108,2026-10-08,25.75,25.799999237060547,24.950000762939453,25.600000381469727,1473320
6112,2026-10-08,44.54999923706055,45.099998474121094,44.54999923706055,45.04999923706055,334372
6115,2026-10-08,43.900001525878906,44.25,43.75,43.95000076293945,52319
6116,2026-10-08,15.25,15.449999809265137,15.100000381469727,15.100000381469727,18822327
6117,2026-10-08,67.0,67.0,65.5999984741211,66.30000305175781,521416
6120,2026-10-08,13.75,14.0,13.699999809265137,13.699999809265137,2315600
6128,2026-10-08,19.200000762939453,19.200000762939453,19.100000381469727,19.149999618530273,29167
6133,2026-10-08,27.149999618530273,27.649999618530273,26.799999237060547,27.049999237060547,1650698
6136,2026-10-08,25.299999237060547,26.649999618530273,25.299999237060547,26.600000381469727,914447
6139,2026-10-08,787.0,787.0,770.0,778.0,1723337
6141,2026-10-08,53.599998474121094,53.599998474121094,51.0,51.29999923706055,1627684
6142,2026-10-08,9.199999809265137,9.300000190734863,8.979999542236328,9.029999732971191,648575
6152,2026-10-08,20.100000381469727,21.25,19.299999237060547,21.0,14613985
6153,2026-10-08,17.799999237060547,18.049999237060547,17.299999237060547,17.299999237060547,3332303
6155,2026-10-08,70.80000305175781,74.69999694824219,69.4000015258789,70.9000015258789,5639167
6164,2026-10-08,13.300000190734863,13.300000190734863,13.0,13.0,387541
6165,2026-10-08,47.75,48.099998474121094,47.599998474121094,47.900001525878906,171924
6166,2026-10-08,129.5,129.5,125.0,125.0,1571378
6168,2026-10-08,40.900001525878906,42.400001525878906,39.900001525878906,40.349998474121094,11023912
6176,2026-10-08,90.5999984741211,91.69999694824219,90.5999984741211,91.0999984741211,823345
6177,2026-10-08,45.400001525878906,46.0,45.400001525878906,45.95000076293945,432952
6183,2026-10-08,91.4000015258789,91.5,90.9000015258789,91.4000015258789,22683
6184,2026-10-08,40.0,40.0,39.900001525878906,40.0,33479
6189,2026-10-08,49.400001525878906,49.45000076293945,49.099998474121094,49.29999923706055,142315
6191,2026-10-08,87.5,88.4000015258789,86.69999694824219,87.9000015258789,1874235
6192,2026-10-08,111.5,112.5,111.0,111.5,65410
6196,2026-10-08,670.0,676.0,648.0,674.0,1161137
6197,2026-10-08,371.0,387.0,368.0,381.5,4832059
6201,2026-10-08,44.0,44.150001525878906,44.0,44.150001525878906,17298
6202,2026-10-08,60.5,60.900001525878906,58.599998474121094,58.900001525878906,1840518
6205,2026-10-08,71.9000015258789,72.4000015258789,70.5,70.5999984741211,525683
6206,2026-10-08,133.5,134.0,133.0,133.5,571853
6209,2026-10-08,91.5,92.5,89.0,90.0999984741211,13900173
6213,2026-10-08,786.0,806.0,763.0,806.0,5189880
6214,2026-10-08,190.5,193.0,190.0,192.0,1176971
6215,2026-10-08,95.9000015258789,95.9000015258789,93.0999984741211,93.30000305175781,1181025
6216,2026-10-08,21.25,21.25,20.549999237060547,20.649999618530273,270257
6224,2026-10-08,80.19999694824219,80.69999694824219,78.19999694824219,79.9000015258789,509090
6225,2026-10-08,68.69999694824219,73.5,68.69999694824219,71.5999984741211,262009
6226,2026-10-08,42.5,47.0,42.5,44.400001525878906,24988287
6230,2026-10-08,114.5,115.5,114.0,115.5,26721
6235,2026-10-08,36.5,36.599998474121094,36.0,36.099998474121094,570626
6239,2026-10-08,306.0,312.0,296.0,308.0,15919435
6243,2026-10-08,39.25,39.25,38.400001525878906,38.45000076293945,170728
6257,2026-10-08,275.5,291.5,274.0,283.0,25885918
6269,2026-10-08,64.9000015258789,64.9000015258789,63.400001525878906,63.599998474121094,2196378
6271,2026-10-08,241.0,246.0,236.5,245.5,3608630
6272,2026-10-08,25.399999618530273,25.799999237060547,25.299999237060547,25.799999237060547,110885
6277,2026-10-08,78.5,80.80000305175781,78.5,79.80000305175781,413359
6278,2026-10-08,247.5,256.0,240.5,248.0,21663786
6281,2026-10-08,50.79999923706055,51.0,50.5,51.0,49410
6282,2026-10-08,43.650001525878906,43.79999923706055,43.04999923706055,43.20000076293945,4802737
6283,2026-10-08,18.799999237060547,19.0,18.75,18.75,40973
6285,2026-10-08,253.0,259.0,252.5,256.5,3478284
6405,2026-10-08,40.25,40.650001525878906,39.79999923706055,39.79999923706055,501860
6409,2026-10-08,882.0,888.0,865.0,868.0,279946
6412,2026-10-08,74.0,74.0,72.80000305175781,73.0,707097
6414,2026-10-08,405.5,406.5,397.5,399.0,892754
6415,2026-10-08,461.0,475.0,451.5,462.5,4374305
6416,2026-10-08,122.5,123.0,120.0,120.5,1001451
6426,2026-10-08,331.0,352.5,328.0,341.0,2848074
6431,2026-10-08,16.700000762939453,16.799999237060547,16.399999618530273,16.799999237060547,108930
6438,2026-10-08,165.5,165.5,162.5,164.5,319743
6442,2026-10-08,1780.0,1790.0,1715.0,1785.0,3688593
6443,2026-10-08,27.450000762939453,27.600000381469727,27.0,27.0,2764361
6446,2026-10-08,1205.0,1235.0,1190.0,1195.0,1834611
6449,2026-10-08,260.0,278.5,251.0,271.0,9615144
6451,2026-10-08,426.5,426.5,413.0,420.5,1249930
6456,2026-10-08,101.5,104.5,99.4000015258789,100.0,17805770
6472,2026-10-08,428.0,430.0,419.5,421.0,358917
6491,2026-10-08,411.5,411.5,398.0,403.0,406182
6477,2026-10-08,33.75,33.849998474121094,33.599998474121094,33.70000076293945,253899
6504,2026-10-08,38.45000076293945,41.70000076293945,38.45000076293945,41.70000076293945,598949
6505,2026-10-08,107.0,114.0,105.5,110.5,41277546
6525,2026-10-08,142.0,142.0,136.5,138.0,871100
6515,2026-10-08,5520.0,5680.0,5445.0,5615.0,1096804
6526,2026-10-08,780.0,817.0,778.0,801.0,1045273
6531,2026-10-08,995.0,1015.0,980.0,980.0,3270367
6533,2026-10-08,348.5,354.0,341.0,352.5,1190253
6541,2026-10-08,33.20000076293945,34.400001525878906,32.5,33.95000076293945,636096
6550,2026-10-08,16.149999618530273,16.899999618530273,16.149999618530273,16.700000762939453,761752
6552,2026-10-08,24.600000381469727,24.700000762939453,24.450000762939453,24.5,27121
6558,2026-10-08,25.149999618530273,25.149999618530273,24.899999618530273,25.100000381469727,134320
6573,2026-10-08,16.0,16.0,15.800000190734863,15.949999809265137,83366
6579,2026-10-08,154.0,154.0,150.0,151.0,327809
6581,2026-10-08,108.0,108.0,107.5,107.5,7329
6582,2026-10-08,31.299999237060547,32.650001525878906,31.299999237060547,31.799999237060547,109892
6585,2026-10-08,101.0,102.0,98.5999984741211,99.19999694824219,634914
6589,2026-10-08,50.599998474121094,51.29999923706055,50.5,51.29999923706055,411017
6591,2026-10-08,41.75,42.0,41.70000076293945,41.79999923706055,44382
6592,2026-10-08,56.599998474121094,57.0,56.5,56.70000076293945,282549
6598,2026-10-08,27.600000381469727,28.100000381469727,27.149999618530273,27.600000381469727,503347
6605,2026-10-08,136.5,138.0,136.5,136.5,103928
6606,2026-10-08,23.950000762939453,24.450000762939453,23.950000762939453,24.450000762939453,89334
6614,2026-10-08,35.29999923706055,35.29999923706055,35.20000076293945,35.25,34000
6625,2026-10-08,73.80000305175781,73.9000015258789,73.4000015258789,73.9000015258789,25388
6641,2026-10-08,17.600000381469727,17.600000381469727,17.149999618530273,17.25,7000
6655,2026-10-08,124.5,129.5,124.5,125.5,49014
6657,2026-10-08,34.400001525878906,35.0,33.5,34.849998474121094,185964
6658,2026-10-08,198.5,222.0,198.5,214.5,2595225
6666,2026-10-08,43.20000076293945,44.0,43.20000076293945,44.0,15173
6668,2026-10-08,50.599998474121094,53.0,50.20000076293945,51.099998474121094,4478750
6669,2026-10-08,2230.0,2270.0,2200.0,2240.0,2110932
6670,2026-10-08,274.0,280.0,274.0,279.0,313395
6671,2026-10-08,23.100000381469727,23.299999237060547,23.0,23.049999237060547,24000
6672,2026-10-08,505.0,555.0,505.0,555.0,3820220
6674,2026-10-08,18.299999237060547,18.350000381469727,18.25,18.350000381469727,75020
6689,2026-10-08,62.29999923706055,62.900001525878906,62.20000076293945,62.599998474121094,108599
6691,2026-10-08,781.0,794.0,772.0,789.0,874738
6695,2026-10-08,52.29999923706055,52.79999923706055,50.29999923706055,50.900001525878906,500206
6698,2026-10-08,31.549999237060547,31.799999237060547,31.450000762939453,31.600000381469727,51764
6706,2026-10-08,151.0,153.5,149.0,151.5,1511367
6715,2026-10-08,482.5,495.0,464.0,464.0,1306220
6719,2026-10-08,187.5,194.5,187.5,192.0,1856241
6722,2026-10-08,33.0,33.20000076293945,32.79999923706055,33.150001525878906,37567
6742,2026-10-08,59.29999923706055,60.400001525878906,57.0,57.900001525878906,1145979
6743,2026-10-08,35.79999923706055,35.95000076293945,34.099998474121094,35.5,790261
6753,2026-10-08,131.5,132.0,130.5,131.0,245501
6754,2026-10-08,40.5,41.5,40.5,41.5,27227
6756,2026-10-08,97.0999984741211,98.0,96.0,97.5999984741211,105144
6768,2026-10-08,64.5,64.80000305175781,63.70000076293945,63.79999923706055,156830
6757,2026-10-08,53.70000076293945,53.70000076293945,53.0,53.29999923706055,215536
6770,2026-10-08,73.5,75.4000015258789,72.0,72.19999694824219,114030911
6776,2026-10-08,52.29999923706055,53.0,52.29999923706055,53.0,48653
6781,2026-10-08,1025.0,1035.0,1010.0,1020.0,322877
6782,2026-10-08,232.5,232.5,229.0,230.0,105431
6789,2026-10-08,485.0,485.5,475.0,481.0,655594
6790,2026-10-08,37.20000076293945,37.25,37.099998474121094,37.25,156909
6794,2026-10-08,71.5,72.5,71.4000015258789,71.5999984741211,43080
6792,2026-10-08,60.5,65.5999984741211,60.5,61.29999923706055,187931
6796,2026-10-08,57.0,57.29999923706055,55.79999923706055,56.599998474121094,17563
6799,2026-10-08,92.0,94.0,91.0999984741211,91.4000015258789,266353
6805,2026-10-08,2330.0,2425.0,2310.0,2370.0,1686201
6807,2026-10-08,35.599998474121094,35.599998474121094,34.0,34.0,41333
6830,2026-10-08,528.0,536.0,520.0,530.0,559994
6831,2026-10-08,488.0,515.0,468.0,476.0,1896353
6834,2026-10-08,125.5,137.0,123.0,132.0,18592714
6835,2026-10-08,32.400001525878906,32.400001525878906,32.04999923706055,32.04999923706055,17125
6838,2026-10-08,24.799999237060547,25.100000381469727,24.799999237060547,25.100000381469727,108522
6861,2026-10-08,270.5,273.5,261.5,262.5,868690
6862,2026-10-08,145.0,147.5,142.0,146.5,376127
6863,2026-10-08,96.0,96.80000305175781,95.5,95.5999984741211,43288
6869,2026-10-08,70.9000015258789,71.19999694824219,70.0999984741211,70.5999984741211,292117
6873,2026-10-08,65.0999984741211,66.19999694824219,64.19999694824219,66.0999984741211,247120
6885,2026-10-08,30.399999618530273,30.450000762939453,29.5,29.600000381469727,642967
6901,2026-10-08,17.5,18.299999237060547,17.399999618530273,17.700000762939453,4041433
6890,2026-10-08,155.5,156.0,151.5,152.0,156068
6902,2026-10-08,141.5,142.0,135.5,136.5,280496
6906,2026-10-08,78.80000305175781,80.0,78.5999984741211,78.9000015258789,20553
6909,2026-10-08,43.150001525878906,43.5,42.900001525878906,43.5,242197
6914,2026-10-08,118.0,118.5,118.0,118.0,22074
6916,2026-10-08,18.700000762939453,18.899999618530273,18.700000762939453,18.799999237060547,18200
6918,2026-10-08,73.5999984741211,76.9000015258789,73.5999984741211,75.5,59052
6923,2026-10-08,73.69999694824219,73.80000305175781,73.0,73.4000015258789,54561
6919,2026-10-08,78.0999984741211,79.0999984741211,77.5,77.5,2940107
6928,2026-10-08,45.0,45.0,44.0,45.0,24760
6931,2026-10-08,38.04999923706055,38.04999923706055,37.75,37.95000076293945,48762
6933,2026-10-08,380.0,384.0,372.0,382.0,734913
6934,2026-10-08,73.4000015258789,74.0,73.4000015258789,73.5999984741211,12070
6936,2026-10-08,32.0,32.45000076293945,32.0,32.400001525878906,18724
6937,2026-10-08,290.5,292.0,285.0,286.5,308838
6944,2026-10-08,908.0,918.0,858.0,860.0,965830
6947,2026-10-08,67.69999694824219,68.4000015258789,67.0,68.0,147361
6957,2026-10-08,444.0,450.0,430.5,448.0,404549
6958,2026-10-08,16.700000762939453,16.700000762939453,16.649999618530273,16.649999618530273,16392
6962,2026-10-08,32.79999923706055,32.79999923706055,31.950000762939453,32.0,1720008
6994,2026-10-08,30.25,30.5,29.850000381469727,30.200000762939453,524561
7705,2026-10-08,29.75,29.899999618530273,29.700000762939453,29.700000762939453,34705
7711,2026-10-08,632.0,639.0,623.0,635.0,612497
7721,2026-10-08,60.70000076293945,63.5,60.099998474121094,61.099998474121094,58168
7722,2026-10-08,270.0,270.0,264.0,264.0,37171
7732,2026-10-08,33.54999923706055,33.54999923706055,33.04999923706055,33.54999923706055,6000
7736,2026-10-08,71.80000305175781,72.0,70.69999694824219,70.69999694824219,57098
7749,2026-10-08,369.0,372.0,359.0,364.0,618957
7750,2026-10-08,1995.0,2000.0,1960.0,1975.0,81178
7765,2026-10-08,236.5,237.0,234.5,236.0,57305
7760,2026-10-08,32.5,33.0,32.5,33.0,15043
7768,2026-10-08,297.5,303.0,297.0,300.0,56268
7769,2026-10-08,5880.0,6050.0,5880.0,5925.0,579438
7780,2026-10-08,16.149999618530273,16.600000381469727,16.100000381469727,16.549999237060547,2004103
7786,2026-10-08,116.5,117.5,116.0,116.0,80545
7788,2026-10-08,313.0,316.0,303.0,305.0,3366154
7791,2026-10-08,53.20000076293945,53.900001525878906,53.20000076293945,53.900001525878906,7873
7795,2026-10-08,541.0,542.0,525.0,525.0,671288
7799,2026-10-08,516.0,518.0,503.0,518.0,280690
7818,2026-10-08,61.099998474121094,61.099998474121094,60.79999923706055,61.0,4460
7821,2026-10-08,35.0,35.5,35.0,35.099998474121094,88714
7822,2026-10-08,935.0,969.0,919.0,948.0,256329
8011,2026-10-08,16.700000762939453,17.0,16.5,16.549999237060547,1087567
8016,2026-10-08,289.5,291.5,288.0,291.0,317169
8021,2026-10-08,553.0,568.0,544.0,557.0,8740819
8028,2026-10-08,285.0,287.0,280.0,285.0,2710550
8033,2026-10-08,172.0,172.5,170.0,170.5,1480023
8039,2026-10-08,306.5,331.5,302.5,305.5,60083576
8045,2026-10-08,56.79999923706055,58.099998474121094,55.70000076293945,57.099998474121094,177404
8046,2026-10-08,1480.0,1490.0,1435.0,1475.0,5351046
8070,2026-10-08,51.599998474121094,51.900001525878906,50.5,50.5,2104216
8072,2026-10-08,26.899999618530273,27.049999237060547,26.700000762939453,26.899999618530273,110713
8081,2026-10-08,264.5,264.5,260.5,262.0,288986
8103,2026-10-08,117.0,119.0,114.0,114.5,1864891
8104,2026-10-08,30.950000762939453,31.0,30.799999237060547,30.950000762939453,200805
8105,2026-10-08,15.050000190734863,15.149999618530273,14.949999809265137,15.0,1392190
8110,2026-10-08,49.599998474121094,50.400001525878906,49.20000076293945,49.25,4656105
8112,2026-10-08,85.5999984741211,86.30000305175781,84.80000305175781,85.0999984741211,11920588
8114,2026-10-08,177.0,179.0,175.0,177.5,299982
8131,2026-10-08,68.19999694824219,71.0,67.19999694824219,68.0,8143989
8150,2026-10-08,126.0,129.5,124.0,128.0,36836868
8163,2026-10-08,30.0,30.0,29.649999618530273,29.850000381469727,447820
8201,2026-10-08,16.75,17.0,16.299999237060547,16.850000381469727,360265
8210,2026-10-08,872.0,884.0,867.0,874.0,1539456
8213,2026-10-08,37.75,39.400001525878906,37.599998474121094,38.349998474121094,5971881
8215,2026-10-08,27.899999618530273,28.399999618530273,27.75,28.0,553472
8222,2026-10-08,35.0,35.29999923706055,34.849998474121094,35.099998474121094,94976
8249,2026-10-08,39.5,39.5,39.150001525878906,39.29999923706055,74761
8261,2026-10-08,189.5,191.5,180.0,180.5,5440533
8271,2026-10-08,201.0,203.0,199.5,199.5,1204781
8341,2026-10-08,73.5999984741211,73.80000305175781,73.5,73.80000305175781,101670
8367,2026-10-08,40.900001525878906,40.95000076293945,40.79999923706055,40.900001525878906,20100
8374,2026-10-08,75.5999984741211,75.5999984741211,74.0999984741211,74.0999984741211,214054
8404,2026-10-08,13.5,14.199999809265137,13.399999618530273,14.0,456907
8411,2026-10-08,11.600000381469727,11.75,11.399999618530273,11.75,324606
8422,2026-10-08,25.649999618530273,25.649999618530273,25.299999237060547,25.549999237060547,2655366
8429,2026-10-08,5.889999866485596,5.900000095367432,5.889999866485596,5.900000095367432,60264
8438,2026-10-08,81.80000305175781,81.80000305175781,80.30000305175781,80.9000015258789,263807
8442,2026-10-08,47.400001525878906,49.54999923706055,47.150001525878906,48.599998474121094,317911
8443,2026-10-08,10.949999809265137,11.149999618530273,10.850000381469727,11.149999618530273,53505
8454,2026-10-08,241.5,243.0,240.5,241.0,147701
8462,2026-10-08,157.0,157.0,155.0,156.0,123060
8464,2026-10-08,361.5,368.0,361.5,366.5,226161
8466,2026-10-08,15.050000190734863,15.100000381469727,15.0,15.050000190734863,18675
8467,2026-10-08,90.69999694824219,90.69999694824219,90.69999694824219,90.69999694824219,5019
8473,2026-10-08,40.150001525878906,40.150001525878906,39.650001525878906,39.79999923706055,256281
8476,2026-10-08,20.899999618530273,21.5,20.899999618530273,21.399999618530273,545017
8478,2026-10-08,140.0,140.0,138.5,140.0,71867
8481,2026-10-08,40.5,40.599998474121094,40.45000076293945,40.599998474121094,4003
8926,2026-10-08,60.400001525878906,61.70000076293945,60.0,61.099998474121094,2993458
8940,2026-10-08,15.199999809265137,15.199999809265137,15.149999618530273,15.149999618530273,7324
8996,2026-10-08,1640.0,1710.0,1600.0,1710.0,1070799
9802,2026-10-08,66.0,66.0,65.4000015258789,65.9000015258789,168231
9902,2026-10-08,13.5,13.550000190734863,13.199999809265137,13.300000190734863,279993
9904,2026-10-08,24.850000381469727,25.149999618530273,24.850000381469727,25.049999237060547,15202080
9905,2026-10-08,21.25,21.350000381469727,21.200000762939453,21.350000381469727,60184
9906,2026-10-08,40.650001525878906,41.400001525878906,39.04999923706055,39.150001525878906,102039
9907,2026-10-08,14.850000381469727,14.899999618530273,14.75,14.800000190734863,665615
9908,2026-10-08,28.899999618530273,29.049999237060547,28.899999618530273,28.950000762939453,134809
9910,2026-10-08,66.0999984741211,66.5,66.0999984741211,66.30000305175781,579370
9911,2026-10-08,81.30000305175781,81.5,81.19999694824219,81.30000305175781,154568
9912,2026-10-08,13.050000190734863,13.050000190734863,12.949999809265137,12.949999809265137,7939
9914,2026-10-08,66.19999694824219,68.30000305175781,66.19999694824219,67.80000305175781,1342272
9917,2026-10-08,106.0,106.5,106.0,106.5,344894
9918,2026-10-08,42.900001525878906,42.900001525878906,42.900001525878906,42.900001525878906,3398
9919,2026-10-08,15.0,16.100000381469727,14.800000190734863,16.100000381469727,5216264
9921,2026-10-08,91.30000305175781,92.9000015258789,91.0,92.80000305175781,1005233
9924,2026-10-08,38.099998474121094,38.20000076293945,37.95000076293945,37.95000076293945,44440
9925,2026-10-08,39.400001525878906,39.5,39.400001525878906,39.400001525878906,155587
9926,2026-10-08,49.20000076293945,49.20000076293945,48.79999923706055,49.04999923706055,6026
9927,2026-10-08,62.5,62.5,61.70000076293945,62.0,243822
9928,2026-10-08,17.850000381469727,17.850000381469727,17.700000762939453,17.799999237060547,22120
9929,2026-10-08,12.050000190734863,12.5,11.300000190734863,11.300000190734863,243358
9930,2026-10-08,58.70000076293945,58.70000076293945,58.099998474121094,58.400001525878906,138428
9931,2026-10-08,33.900001525878906,34.0,33.79999923706055,34.0,19102
9933,2026-10-08,43.25,43.849998474121094,42.75,43.099998474121094,4441678
9934,2026-10-08,9.800000190734863,9.859999656677246,9.789999961853027,9.829999923706055,218212
9935,2026-10-08,18.299999237060547,18.299999237060547,18.0,18.149999618530273,304695
9938,2026-10-08,39.0,39.70000076293945,39.0,39.54999923706055,802082
9939,2026-10-08,126.5,128.0,126.5,128.0,424042
9940,2026-10-08,20.100000381469727,20.100000381469727,19.950000762939453,20.0,201424
9941,2026-10-08,76.30000305175781,76.69999694824219,76.0999984741211,76.5999984741211,495327
9942,2026-10-08,113.0,113.5,113.0,113.0,39082
9943,2026-10-08,50.099998474121094,50.5,50.0,50.20000076293945,36790
9944,2026-10-08,17.149999618530273,17.350000381469727,17.149999618530273,17.350000381469727,51133
9945,2026-10-08,29.450000762939453,30.049999237060547,29.450000762939453,29.799999237060547,9897139
9946,2026-10-08,16.75,16.75,16.5,16.549999237060547,245171
9955,2026-10-08,23.950000762939453,24.799999237060547,23.950000762939453,24.100000381469727,462798
9958,2026-10-08,89.4000015258789,89.5999984741211,89.0,89.0999984741211,551149
2254,2026-10-08,93.4000015258789,94.4000015258789,91.4000015258789,92.30000305175781,4072745
2258,2026-10-08,31.0,31.100000381469727,30.5,30.549999237060547,294554
2432,2026-10-08,28.399999618530273,29.0,28.399999618530273,28.799999237060547,109034
3150,2026-10-08,15.100000381469727,15.600000381469727,15.100000381469727,15.600000381469727,32000
4195,2026-10-08,15.850000381469727,16.649999618530273,15.800000190734863,16.299999237060547,107040
4582,2026-10-08,22.200000762939453,22.200000762939453,21.899999618530273,22.0,27689
4590,2026-10-08,88.5999984741211,89.19999694824219,88.19999694824219,88.9000015258789,81119
6534,2026-10-08,94.5,95.4000015258789,94.5,94.5,180070
6645,2026-10-08,13.100000381469727,13.5,13.100000381469727,13.5,218481
6854,2026-10-08,91.0,92.9000015258789,91.0,92.9000015258789,102555
6908,2026-10-08,26.049999237060547,26.149999618530273,26.0,26.0,38050
6924,2026-10-08,133.0,133.5,130.5,133.5,31046
6921,2026-10-08,65.0,65.69999694824219,65.0,65.69999694824219,13100
6949,2026-10-08,45.650001525878906,47.150001525878906,44.95000076293945,46.849998474121094,2296875
6951,2026-10-08,69.0,69.0,67.80000305175781,68.0,95064
6969,2026-10-08,30.25,30.5,30.049999237060547,30.200000762939453,62648
6988,2026-10-08,12.850000381469727,13.0,12.5,12.550000190734863,129600
7610,2026-10-08,1810.0,1810.0,1695.0,1700.0,864280
7631,2026-10-08,139.0,140.0,139.0,139.0,34380
7730,2026-10-08,197.0,207.0,192.0,201.5,259310
7740,2026-10-08,107.0,118.5,104.0,118.5,411485
7803,2026-10-08,17.5,17.5,17.0,17.399999618530273,101445
7823,2026-10-08,78.69999694824219,80.0,78.69999694824219,79.9000015258789,31040
7827,2026-10-08,164.5,170.5,163.5,169.0,433216
7835,2026-10-08,19.600000381469727,20.700000762939453,19.600000381469727,19.600000381469727,56020
8162,2026-10-08,64.9000015258789,69.5,64.19999694824219,67.5999984741211,780563
8487,2026-10-08,70.0,70.0999984741211,70.0,70.0999984741211,4026
0050,2026-10-08,115.3499984741211,115.55000305175781,114.9000015258789,114.94999694824219,97713681
0051,2026-10-08,153.14999389648438,153.4499969482422,152.10000610351562,152.9499969482422,21528
0052,2026-10-08,67.19999694824219,67.4000015258789,66.8499984741211,67.0,18962518
0053,2026-10-08,259.8999938964844,260.79998779296875,258.75,259.95001220703125,197140
0055,2026-10-08,50.0,50.0,49.09000015258789,49.22999954223633,1170918
0056,2026-10-08,58.400001525878906,58.400001525878906,58.0,58.29999923706055,40468232
0057,2026-10-08,341.70001220703125,341.8999938964844,340.8999938964844,341.79998779296875,7687
0061,2026-10-08,23.06999969482422,23.329999923706055,23.06999969482422,23.079999923706055,384919
9103,2026-10-08,5.75,5.880000114440918,5.5,5.880000114440918,7802749
9105,2026-10-08,8.880000114440918,8.880000114440918,8.609999656677246,8.630000114440918,18284581
9110,2026-10-08,3.119999885559082,3.5999999046325684,3.049999952316284,3.450000047683716,261000
9136,2026-10-08,9.600000381469727,9.779999732971191,9.199999809265137,9.199999809265137,194700
1240,2026-10-08,54.20000076293945,54.20000076293945,53.70000076293945,53.79999923706055,11885
1259,2026-10-08,65.5,65.5,64.19999694824219,64.19999694824219,12009
1264,2026-10-08,249.5,250.0,249.0,249.5,29835
1268,2026-10-08,175.0,175.0,174.0,174.5,16273
1294,2026-10-08,49.349998474121094,49.650001525878906,49.349998474121094,49.650001525878906,15551
1295,2026-10-08,50.5,51.20000076293945,49.54999923706055,50.099998474121094,63964
1336,2026-10-08,18.049999237060547,18.149999618530273,17.799999237060547,17.799999237060547,163494
1565,2026-10-08,97.69999694824219,97.80000305175781,96.9000015258789,97.5,389961
1569,2026-10-08,70.9000015258789,72.19999694824219,68.69999694824219,70.0,4423756
1580,2026-10-08,96.19999694824219,97.0,96.19999694824219,97.0,82949
1584,2026-10-08,18.100000381469727,18.200000762939453,17.700000762939453,17.799999237060547,794550
1586,2026-10-08,17.75,17.950000762939453,17.700000762939453,17.799999237060547,158001
1591,2026-10-08,40.650001525878906,42.150001525878906,40.54999923706055,41.400001525878906,106281
1593,2026-10-08,31.600000381469727,31.600000381469727,31.549999237060547,31.549999237060547,5649
1595,2026-10-08,72.30000305175781,75.30000305175781,72.30000305175781,73.4000015258789,1544232
1599,2026-10-08,22.649999618530273,22.75,22.5,22.549999237060547,33118
1742,2026-10-08,17.649999618530273,17.649999618530273,17.399999618530273,17.600000381469727,14078
1777,2026-10-08,74.80000305175781,76.0,74.80000305175781,75.69999694824219,16875
1780,2026-10-08,24.649999618530273,24.75,24.600000381469727,24.649999618530273,44691
1781,2026-10-08,9.989999771118164,10.899999618530273,9.989999771118164,10.899999618530273,645463
1784,2026-10-08,59.29999923706055,60.29999923706055,59.099998474121094,59.29999923706055,54842
1785,2026-10-08,105.0,105.5,103.0,103.5,8844883
1788,2026-10-08,127.0,128.0,127.0,127.5,50719
1796,2026-10-08,30.299999237060547,30.299999237060547,29.5,29.5,10003
1799,2026-10-08,28.200000762939453,29.0,28.149999618530273,28.600000381469727,142582
1813,2026-10-08,11.199999809265137,11.5,11.100000381469727,11.100000381469727,41361
1815,2026-10-08,132.5,139.5,129.0,135.0,96489591
2035,2026-10-08,26.649999618530273,27.649999618530273,26.649999618530273,27.649999618530273,3083
2061,2026-10-08,68.4000015258789,68.80000305175781,66.0,67.30000305175781,2230509
2063,2026-10-08,23.549999237060547,23.600000381469727,23.350000381469727,23.549999237060547,36534
2065,2026-10-08,35.70000076293945,36.04999923706055,35.400001525878906,35.79999923706055,65579
2066,2026-10-08,51.599998474121094,52.20000076293945,51.599998474121094,52.20000076293945,21000
2070,2026-10-08,62.29999923706055,62.5,61.900001525878906,61.900001525878906,46399
2221,2026-10-08,188.5,195.0,188.5,192.0,584129
2230,2026-10-08,21.75,23.450000762939453,21.75,22.299999237060547,174697
2596,2026-10-08,34.5,34.5,33.75,34.150001525878906,52250
2640,2026-10-08,155.0,156.5,155.0,155.0,12581
2641,2026-10-08,17.149999618530273,17.299999237060547,17.149999618530273,17.200000762939453,666021
2643,2026-10-08,62.79999923706055,62.900001525878906,62.20000076293945,62.900001525878906,6144
2719,2026-10-08,19.149999618530273,19.350000381469727,19.149999618530273,19.350000381469727,8476
2724,2026-10-08,12.449999809265137,13.199999809265137,12.399999618530273,13.199999809265137,3327
2726,2026-10-08,7.980000019073486,7.989999771118164,7.920000076293945,7.980000019073486,42050
2729,2026-10-08,154.0,154.5,153.5,154.5,9329
2732,2026-10-08,63.20000076293945,63.20000076293945,63.0,63.20000076293945,14190
2734,2026-10-08,14.5,14.649999618530273,14.399999618530273,14.649999618530273,179778
2736,2026-10-08,11.050000190734863,11.25,11.050000190734863,11.149999618530273,33136
2740,2026-10-08,31.350000381469727,31.350000381469727,31.350000381469727,31.350000381469727,1001
2743,2026-10-08,51.900001525878906,52.0,51.0,51.900001525878906,28287
2745,2026-10-08,85.80000305175781,86.0999984741211,85.69999694824219,86.0,44127
2751,2026-10-08,57.20000076293945,57.20000076293945,54.599998474121094,56.099998474121094,24180
2752,2026-10-08,179.5,180.0,179.5,180.0,3819
2754,2026-10-08,67.30000305175781,67.30000305175781,67.30000305175781,67.30000305175781,8230
2755,2026-10-08,98.0999984741211,98.0999984741211,96.80000305175781,98.0,28052
2756,2026-10-08,60.20000076293945,61.29999923706055,59.0,61.099998474121094,95194
2916,2026-10-08,40.5,40.599998474121094,40.5,40.599998474121094,10210
2924,2026-10-08,18.149999618530273,18.149999618530273,18.149999618530273,18.149999618530273,1000
2926,2026-10-08,29.950000762939453,30.200000762939453,29.399999618530273,30.200000762939453,6306
2941,2026-10-08,31.850000381469727,31.850000381469727,30.0,31.149999618530273,7068
2947,2026-10-08,60.599998474121094,60.70000076293945,60.20000076293945,60.20000076293945,15439
2949,2026-10-08,64.80000305175781,64.80000305175781,64.80000305175781,64.80000305175781,1135
3066,2026-10-08,27.600000381469727,28.25,27.049999237060547,27.149999618530273,1032198
3067,2026-10-08,16.5,16.5,16.299999237060547,16.299999237060547,7000
3071,2026-10-08,22.850000381469727,22.850000381469727,22.5,22.75,181658
3073,2026-10-08,20.450000762939453,22.450000762939453,20.399999618530273,22.450000762939453,46233
3078,2026-10-08,46.400001525878906,46.54999923706055,46.0,46.54999923706055,334968
3081,2026-10-08,3075.0,3120.0,2955.0,2960.0,3035695
3083,2026-10-08,23.200000762939453,23.200000762939453,22.950000762939453,22.950000762939453,22902
3086,2026-10-08,26.5,27.350000381469727,26.5,27.0,45106
3088,2026-10-08,131.5,134.0,131.5,132.0,489574
3093,2026-10-08,46.5,46.70000076293945,45.79999923706055,46.150001525878906,136311
3095,2026-10-08,33.0,33.0,32.650001525878906,32.650001525878906,5239
3105,2026-10-08,578.0,592.0,566.0,581.0,16456823
3114,2026-10-08,39.54999923706055,39.54999923706055,38.20000076293945,38.349998474121094,717099
3115,2026-10-08,8.069999694824219,8.109999656677246,8.0,8.0,23013
3118,2026-10-08,31.299999237060547,31.399999618530273,31.100000381469727,31.299999237060547,17590
3122,2026-10-08,24.100000381469727,24.100000381469727,23.700000762939453,23.950000762939453,33067
3128,2026-10-08,20.100000381469727,20.299999237060547,20.049999237060547,20.200000762939453,34331
3131,2026-10-08,2410.0,2465.0,2390.0,2465.0,234498
3141,2026-10-08,81.5,81.9000015258789,78.5999984741211,79.0999984741211,1432296
3147,2026-10-08,290.0,318.0,289.5,308.0,2603899
3152,2026-10-08,243.0,243.0,238.5,243.0,69462
3163,2026-10-08,699.0,700.0,678.0,689.0,1723141
3162,2026-10-08,83.0999984741211,83.4000015258789,81.30000305175781,82.19999694824219,1189820
3169,2026-10-08,109.0,109.0,106.0,106.5,133092
3171,2026-10-08,57.79999923706055,58.0,57.79999923706055,58.0,3735
3176,2026-10-08,38.54999923706055,39.70000076293945,38.29999923706055,38.70000076293945,502104
3178,2026-10-08,67.4000015258789,67.69999694824219,66.4000015258789,67.5,52157
3188,2026-10-08,22.549999237060547,23.0,22.5,22.850000381469727,107595
3191,2026-10-08,17.450000762939453,17.5,17.450000762939453,17.450000762939453,6015
3205,2026-10-08,46.79999923706055,46.79999923706055,46.20000076293945,46.599998474121094,16210
3206,2026-10-08,34.400001525878906,34.45000076293945,33.900001525878906,34.20000076293945,19107
3207,2026-10-08,39.04999923706055,39.70000076293945,38.900001525878906,39.25,124273
3211,2026-10-08,386.0,395.5,378.0,388.0,2939053
3213,2026-10-08,123.5,124.0,123.0,123.5,104075
3217,2026-10-08,128.0,128.5,127.0,127.0,249045
3218,2026-10-08,133.5,134.0,133.0,133.0,114156
3221,2026-10-08,53.400001525878906,55.900001525878906,52.5,55.0,3225144
3219,2026-10-08,130.0,143.0,130.0,130.0,5989053
3224,2026-10-08,32.650001525878906,32.650001525878906,31.950000762939453,32.29999923706055,14003
3226,2026-10-08,57.29999923706055,57.29999923706055,57.29999923706055,57.29999923706055,5018
3227,2026-10-08,185.5,188.0,185.5,187.0,640082
3228,2026-10-08,166.0,166.0,161.5,164.5,311882
3230,2026-10-08,40.349998474121094,40.349998474121094,39.900001525878906,39.900001525878906,301481
3232,2026-10-08,20.049999237060547,20.049999237060547,19.899999618530273,19.950000762939453,7779
3234,2026-10-08,186.5,188.5,181.0,183.0,4362096
3236,2026-10-08,55.400001525878906,61.5,54.599998474121094,58.900001525878906,19289379
3252,2026-10-08,15.050000190734863,15.350000381469727,14.949999809265137,15.350000381469727,33138
3259,2026-10-08,11.100000381469727,11.949999809265137,10.949999809265137,11.949999809265137,8099
3260,2026-10-08,365.0,369.0,362.5,362.5,4243444
3265,2026-10-08,238.5,238.5,238.5,238.5,4587558
3264,2026-10-08,244.5,256.5,243.0,256.0,16097624
3268,2026-10-08,24.200000762939453,24.700000762939453,24.0,24.399999618530273,382297
3272,2026-10-08,13.899999618530273,13.899999618530273,13.649999618530273,13.899999618530273,9362
3276,2026-10-08,14.199999809265137,14.25,14.100000381469727,14.199999809265137,34220
3284,2026-10-08,21.5,21.649999618530273,21.0,21.25,273111
3285,2026-10-08,43.0,44.29999923706055,42.900001525878906,44.099998474121094,64514
3287,2026-10-08,43.0,43.45000076293945,42.79999923706055,43.45000076293945,865062
3288,2026-10-08,22.649999618530273,22.649999618530273,21.700000762939453,22.149999618530273,40278
3289,2026-10-08,141.0,142.5,140.5,142.5,307395
3290,2026-10-08,52.099998474121094,55.79999923706055,51.29999923706055,55.79999923706055,3902940
3293,2026-10-08,780.0,788.0,773.0,788.0,1064359
3294,2026-10-08,31.899999618530273,31.950000762939453,31.350000381469727,31.5,273948
3297,2026-10-08,33.0,33.29999923706055,32.5,32.54999923706055,303232
3303,2026-10-08,49.95000076293945,50.70000076293945,49.900001525878906,50.70000076293945,241690
3306,2026-10-08,46.79999923706055,46.849998474121094,46.599998474121094,46.849998474121094,29230
3310,2026-10-08,68.30000305175781,68.5,67.80000305175781,68.30000305175781,48000
3313,2026-10-08,10.300000190734863,10.399999618530273,10.300000190734863,10.350000381469727,86398
3317,2026-10-08,69.80000305175781,72.5,69.0,71.5,8237207
3322,2026-10-08,11.0,11.350000381469727,10.550000190734863,10.550000190734863,1178321
3323,2026-10-08,29.5,30.25,29.5,29.799999237060547,503274
3324,2026-10-08,1420.0,1570.0,1395.0,1520.0,6092371
3325,2026-10-08,11.300000190734863,11.350000381469727,11.199999809265137,11.25,68302
3339,2026-10-08,44.79999923706055,46.54999923706055,44.400001525878906,45.75,908537
3349,2026-10-08,18.299999237060547,18.799999237060547,17.850000381469727,18.5,65396
3354,2026-10-08,30.5,32.400001525878906,30.399999618530273,32.0,2410997
3357,2026-10-08,223.0,229.0,217.5,226.5,1567847
3360,2026-10-08,15.199999809265137,15.449999809265137,15.149999618530273,15.399999618530273,190328
3362,2026-10-08,193.0,198.0,190.0,190.0,3855913
3363,2026-10-08,674.0,676.0,663.0,667.0,1680373
3372,2026-10-08,16.600000381469727,16.899999618530273,16.350000381469727,16.399999618530273,334200
3373,2026-10-08,17.399999618530273,18.75,17.100000381469727,18.5,1755468
3374,2026-10-08,491.0,512.0,481.5,497.0,9132925
3379,2026-10-08,27.700000762939453,27.700000762939453,27.149999618530273,27.299999237060547,45611
3388,2026-10-08,86.5,88.0,86.19999694824219,87.0,570686
3390,2026-10-08,22.299999237060547,22.299999237060547,22.049999237060547,22.200000762939453,93314
3402,2026-10-08,139.5,140.5,139.0,139.5,213236
3430,2026-10-08,112.0,112.0,110.0,111.0,87916
3434,2026-10-08,31.100000381469727,31.299999237060547,30.700000762939453,30.899999618530273,67239
3438,2026-10-08,60.79999923706055,60.79999923706055,60.099998474121094,60.599998474121094,73331
3441,2026-10-08,245.0,249.5,236.5,249.5,1981886
3444,2026-10-08,78.30000305175781,78.30000305175781,77.19999694824219,78.30000305175781,31303
3455,2026-10-08,283.0,284.0,273.0,284.0,811229
3465,2026-10-08,29.5,29.5,29.25,29.350000381469727,8001
3466,2026-10-08,27.5,28.899999618530273,27.5,28.600000381469727,648257
3467,2026-10-08,71.19999694824219,72.69999694824219,70.4000015258789,70.5,328349
3479,2026-10-08,135.0,135.0,133.0,133.5,374292
3483,2026-10-08,79.0,81.69999694824219,78.5,79.0,401081
3484,2026-10-08,49.599998474121094,50.0,49.099998474121094,49.20000076293945,109447
3485,2026-10-08,218.5,223.0,215.5,221.5,72516
3489,2026-10-08,22.299999237060547,22.75,22.299999237060547,22.649999618530273,46094
3490,2026-10-08,45.599998474121094,46.400001525878906,45.20000076293945,45.20000076293945,1294093
3491,2026-10-08,1685.0,1730.0,1670.0,1685.0,1133665
3492,2026-10-08,19.25,19.350000381469727,19.100000381469727,19.149999618530273,22029
3498,2026-10-08,230.0,232.0,225.5,225.5,1452507
3499,2026-10-08,13.300000190734863,13.300000190734863,13.149999618530273,13.149999618530273,32769
3508,2026-10-08,25.100000381469727,25.450000762939453,24.549999237060547,24.700000762939453,181836
3511,2026-10-08,19.799999237060547,20.350000381469727,19.799999237060547,19.950000762939453,65306
3512,2026-10-08,18.950000762939453,19.0,18.799999237060547,19.0,17001
3516,2026-10-08,25.700000762939453,26.0,25.600000381469727,26.0,27612
3520,2026-10-08,17.700000762939453,18.299999237060547,17.700000762939453,18.200000762939453,219098
3521,2026-10-08,11.5,11.550000190734863,11.300000190734863,11.449999809265137,51127
3522,2026-10-08,12.199999809265137,12.199999809265137,11.800000190734863,12.0,56078
3523,2026-10-08,13.75,14.449999809265137,13.75,14.449999809265137,10299
3526,2026-10-08,277.0,277.0,273.0,275.5,168987
3527,2026-10-08,50.5,52.79999923706055,50.400001525878906,51.599998474121094,258732
3529,2026-10-08,3000.0,3035.0,2915.0,2915.0,877241
3531,2026-10-08,21.200000762939453,21.649999618530273,21.200000762939453,21.649999618530273,12095
3537,2026-10-08,55.599998474121094,58.099998474121094,55.599998474121094,56.900001525878906,454505
3540,2026-10-08,24.0,24.0,23.649999618530273,23.799999237060547,121040
3541,2026-10-08,24.700000762939453,24.700000762939453,24.299999237060547,24.5,68449
3546,2026-10-08,72.5999984741211,73.5,72.5,73.5,119714
3548,2026-10-08,74.5999984741211,74.5999984741211,72.5,73.80000305175781,145439
3551,2026-10-08,198.5,199.0,195.0,198.0,402199
3552,2026-10-08,44.04999923706055,44.04999923706055,43.04999923706055,43.20000076293945,157464
3556,2026-10-08,64.5999984741211,66.5,64.5999984741211,65.69999694824219,656765
3555,2026-10-08,161.0,161.0,158.0,158.0,59929
3558,2026-10-08,134.5,139.0,134.5,135.5,457271
3564,2026-10-08,61.20000076293945,66.9000015258789,59.70000076293945,66.9000015258789,2874930
3567,2026-10-08,26.049999237060547,26.25,25.850000381469727,26.200000762939453,24560
3570,2026-10-08,170.0,170.5,169.0,170.5,10794
3577,2026-10-08,110.0,110.0,106.0,106.0,299887
3580,2026-10-08,102.0,103.0,100.5,102.5,392974
3581,2026-10-08,113.5,113.5,109.0,110.5,247147
3587,2026-10-08,246.5,250.0,242.5,243.0,526964
3594,2026-10-08,46.20000076293945,46.5,45.900001525878906,46.25,168514
3597,2026-10-08,40.400001525878906,40.400001525878906,40.400001525878906,40.400001525878906,762754
3609,2026-10-08,24.799999237060547,25.149999618530273,24.25,25.100000381469727,133337
3611,2026-10-08,183.0,184.5,183.0,184.5,36244
3615,2026-10-08,43.900001525878906,43.900001525878906,42.45000076293945,42.900001525878906,722479
3623,2026-10-08,30.0,30.450000762939453,29.600000381469727,29.899999618530273,136401
3624,2026-10-08,165.5,175.0,161.5,175.0,47954177
3628,2026-10-08,72.30000305175781,72.30000305175781,71.19999694824219,71.5,99100
3625,2026-10-08,,,,,0
3629,2026-10-08,15.300000190734863,15.300000190734863,15.300000190734863,15.300000190734863,11000
3630,2026-10-08,28.200000762939453,28.350000381469727,27.549999237060547,27.75,648359
3631,2026-10-08,43.900001525878906,47.04999923706055,43.20000076293945,47.04999923706055,1135901
3646,2026-10-08,25.100000381469727,25.100000381469727,25.100000381469727,25.100000381469727,2051
3663,2026-10-08,62.0,62.29999923706055,61.400001525878906,61.599998474121094,395844
3664,2026-10-08,8.1899995803833,8.199999809265137,8.1899995803833,8.199999809265137,5000
3666,2026-10-08,25.399999618530273,27.5,25.399999618530273,26.600000381469727,215296
3672,2026-10-08,12.100000381469727,12.300000190734863,11.75,11.899999618530273,135124
3675,2026-10-08,352.5,360.0,343.0,344.0,1184921
3684,2026-10-08,62.099998474121094,66.5,58.5,62.5,1274546
3680,2026-10-08,572.0,577.0,556.0,571.0,1154171
3685,2026-10-08,35.349998474121094,38.400001525878906,35.349998474121094,37.900001525878906,2490727
3687,2026-10-08,60.5,61.099998474121094,60.5,60.70000076293945,25133
3689,2026-10-08,118.0,119.5,117.0,117.5,1000929
3691,2026-10-08,103.5,105.0,103.5,103.5,256643
3693,2026-10-08,760.0,789.0,715.0,736.0,7489677
3707,2026-10-08,88.19999694824219,90.4000015258789,85.0999984741211,85.9000015258789,28803061
3709,2026-10-08,65.9000015258789,66.19999694824219,65.30000305175781,66.19999694824219,263125
3710,2026-10-08,8.069999694824219,8.260000228881836,8.050000190734863,8.260000228881836,135544
3713,2026-10-08,14.649999618530273,14.850000381469727,13.850000381469727,14.850000381469727,473177
4102,2026-10-08,18.600000381469727,18.899999618530273,18.399999618530273,18.799999237060547,44228
4105,2026-10-08,80.4000015258789,81.19999694824219,80.19999694824219,80.9000015258789,979313
4107,2026-10-08,109.5,110.0,109.0,109.5,20896
4109,2026-10-08,10.899999618530273,11.0,10.899999618530273,10.949999809265137,112640
4111,2026-10-08,28.850000381469727,29.100000381469727,28.850000381469727,29.0,45217
4113,2026-10-08,14.949999809265137,14.949999809265137,14.550000190734863,14.949999809265137,208589
4114,2026-10-08,29.350000381469727,30.200000762939453,29.350000381469727,30.149999618530273,2909333
4116,2026-10-08,39.54999923706055,40.0,39.54999923706055,39.900001525878906,7122
4121,2026-10-08,12.949999809265137,13.75,12.949999809265137,13.25,405675
4123,2026-10-08,30.950000762939453,31.350000381469727,30.899999618530273,31.350000381469727,1329512
4127,2026-10-08,42.349998474121094,42.650001525878906,40.20000076293945,40.54999923706055,738049
4126,2026-10-08,77.5,77.69999694824219,77.5,77.5,25443
4128,2026-10-08,15.449999809265137,15.699999809265137,15.350000381469727,15.550000190734863,1495744
4129,2026-10-08,83.19999694824219,83.9000015258789,83.19999694824219,83.69999694824219,98182
4131,2026-10-08,31.399999618530273,31.399999618530273,31.200000762939453,31.200000762939453,4000
4138,2026-10-08,53.79999923706055,54.599998474121094,53.70000076293945,53.79999923706055,17733
4139,2026-10-08,43.150001525878906,45.5,43.150001525878906,45.0,134254
4147,2026-10-08,60.79999923706055,61.900001525878906,60.79999923706055,61.20000076293945,396784
4153,2026-10-08,31.799999237060547,31.799999237060547,30.899999618530273,30.899999618530273,27595
4154,2026-10-08,11.75,12.449999809265137,11.75,12.449999809265137,3000
4157,2026-10-08,8.630000114440918,9.399999618530273,8.600000381469727,9.329999923706055,7671251
4160,2026-10-08,38.650001525878906,39.599998474121094,38.599998474121094,38.900001525878906,19265
4161,2026-10-08,21.299999237060547,21.600000381469727,21.200000762939453,21.399999618530273,18055
4162,2026-10-08,57.5,57.70000076293945,56.70000076293945,57.20000076293945,617068
4163,2026-10-08,130.0,135.5,130.0,135.5,19937
4166,2026-10-08,23.899999618530273,24.350000381469727,23.899999618530273,24.200000762939453,82000
4167,2026-10-08,20.950000762939453,22.399999618530273,20.950000762939453,22.0,9739219
4168,2026-10-08,23.0,23.0,22.649999618530273,22.799999237060547,44969
4171,2026-10-08,19.049999237060547,20.200000762939453,18.399999618530273,19.850000381469727,2577822
4173,2026-10-08,17.100000381469727,17.549999237060547,17.100000381469727,17.549999237060547,74701
4174,2026-10-08,52.0,54.0,50.0,53.70000076293945,1075032
4175,2026-10-08,51.599998474121094,51.599998474121094,51.0,51.0,9084
4188,2026-10-08,13.949999809265137,14.0,13.75,13.949999809265137,47259
4192,2026-10-08,17.799999237060547,18.100000381469727,17.75,18.0,33000
4198,2026-10-08,47.20000076293945,47.20000076293945,46.099998474121094,47.150001525878906,3061
4205,2026-10-08,67.4000015258789,67.80000305175781,67.4000015258789,67.80000305175781,32437
4207,2026-10-08,19.25,19.5,19.25,19.450000762939453,217738
4303,2026-10-08,31.600000381469727,32.900001525878906,31.200000762939453,31.649999618530273,1197824
4304,2026-10-08,16.5,17.0,16.049999237060547,16.649999618530273,27026
4305,2026-10-08,41.20000076293945,41.20000076293945,40.849998474121094,40.95000076293945,11000
4401,2026-10-08,13.75,13.949999809265137,13.75,13.949999809265137,85406
4402,2026-10-08,13.5,13.800000190734863,13.0,13.350000381469727,25132
4406,2026-10-08,10.149999618530273,10.149999618530273,10.149999618530273,10.149999618530273,13002
4413,2026-10-08,20.0,20.0,19.350000381469727,19.850000381469727,37534
4416,2026-10-08,12.649999618530273,13.0,12.25,12.25,1404492
4417,2026-10-08,48.95000076293945,48.95000076293945,48.25,48.79999923706055,29125
4420,2026-10-08,35.400001525878906,36.0,35.400001525878906,35.79999923706055,51587
4430,2026-10-08,17.75,19.549999237060547,17.75,19.549999237060547,479357
4432,2026-10-08,15.199999809265137,15.350000381469727,15.149999618530273,15.199999809265137,18186
4442,2026-10-08,53.0,53.400001525878906,53.0,53.400001525878906,6146
4502,2026-10-08,15.649999618530273,15.699999809265137,15.649999618530273,15.699999809265137,3402
4503,2026-10-08,23.899999618530273,24.5,23.799999237060547,24.299999237060547,147535
4506,2026-10-08,118.0,118.0,117.5,118.0,42116
4510,2026-10-08,41.849998474121094,41.95000076293945,41.650001525878906,41.650001525878906,284237
4513,2026-10-08,16.200000762939453,16.25,16.049999237060547,16.149999618530273,188459
4523,2026-10-08,24.0,24.100000381469727,23.700000762939453,24.0,38605
4527,2026-10-08,45.0,45.0,44.900001525878906,45.0,27166
4528,2026-10-08,14.75,14.800000190734863,14.649999618530273,14.800000190734863,22166
4529,2026-10-08,3.390000104904175,3.4000000953674316,3.309999942779541,3.309999942779541,5000
4533,2026-10-08,25.5,25.549999237060547,25.25,25.450000762939453,314374
4534,2026-10-08,30.25,31.049999237060547,29.899999618530273,30.75,638801
4535,2026-10-08,26.700000762939453,26.799999237060547,26.5,26.5,3000
4541,2026-10-08,58.599998474121094,59.0,58.29999923706055,58.79999923706055,579546
4538,2026-10-08,17.950000762939453,17.950000762939453,17.5,17.600000381469727,16409
4542,2026-10-08,325.0,338.5,317.0,329.0,944748
4543,2026-10-08,32.75,32.75,31.549999237060547,32.54999923706055,457760
4550,2026-10-08,24.049999237060547,24.149999618530273,24.049999237060547,24.100000381469727,10013
4549,2026-10-08,98.0999984741211,98.4000015258789,97.4000015258789,98.0,18646
4554,2026-10-08,28.200000762939453,28.200000762939453,27.75,27.850000381469727,8580
4556,2026-10-08,142.5,145.0,133.0,145.0,851736
4558,2026-10-08,17.049999237060547,17.049999237060547,17.0,17.049999237060547,9177
4561,2026-10-08,41.900001525878906,43.099998474121094,41.650001525878906,43.099998474121094,251786
4563,2026-10-08,52.400001525878906,53.70000076293945,52.400001525878906,53.20000076293945,188842
4568,2026-10-08,39.0,39.04999923706055,39.0,39.0,8250
4577,2026-10-08,88.80000305175781,92.0999984741211,87.5,90.5999984741211,497125
4580,2026-10-08,82.5,82.5,82.0,82.19999694824219,28139
4609,2026-10-08,4.610000133514404,4.610000133514404,4.610000133514404,4.610000133514404,1017
4702,2026-10-08,9.369999885559082,9.380000114440918,9.3100004196167,9.359999656677246,47718
4706,2026-10-08,47.45000076293945,47.45000076293945,44.20000076293945,45.0,505734
4707,2026-10-08,32.0,33.5,31.450000762939453,32.79999923706055,5042953
4711,2026-10-08,17.049999237060547,18.100000381469727,16.850000381469727,17.200000762939453,1247696
4714,2026-10-08,12.100000381469727,12.800000190734863,12.0,12.449999809265137,3829581
4716,2026-10-08,19.799999237060547,20.799999237060547,19.5,19.75,6934937
4721,2026-10-08,82.30000305175781,83.80000305175781,80.5999984741211,81.9000015258789,420372
4726,2026-10-08,22.700000762939453,24.0,22.700000762939453,23.799999237060547,145982
4728,2026-10-08,408.0,408.0,396.0,396.0,5079
4729,2026-10-08,19.600000381469727,19.600000381469727,19.399999618530273,19.450000762939453,70157
4735,2026-10-08,38.0,38.70000076293945,37.95000076293945,38.04999923706055,92449
4741,2026-10-08,40.5,40.75,40.20000076293945,40.29999923706055,30655
4743,2026-10-08,47.349998474121094,48.400001525878906,47.099998474121094,48.099998474121094,1405738
4744,2026-10-08,28.049999237060547,28.75,28.049999237060547,28.549999237060547,9010
4747,2026-10-08,23.350000381469727,23.350000381469727,23.200000762939453,23.350000381469727,16925
4749,2026-10-08,771.0,773.0,758.0,759.0,1121767
4754,2026-10-08,37.900001525878906,37.900001525878906,37.70000076293945,37.849998474121094,17197
4760,2026-10-08,337.5,367.0,334.0,367.0,1297753
4767,2026-10-08,28.5,28.5,28.100000381469727,28.399999618530273,5135
4768,2026-10-08,363.0,369.0,360.0,365.5,411845
4772,2026-10-08,278.0,278.5,272.0,274.5,654857
4806,2026-10-08,11.0,11.300000190734863,10.899999618530273,11.25,19072
4903,2026-10-08,48.900001525878906,50.70000076293945,45.75,45.95000076293945,19313545
4905,2026-10-08,90.0,92.19999694824219,89.0,89.0,36648
4907,2026-10-08,42.849998474121094,43.20000076293945,42.650001525878906,42.849998474121094,34334
4908,2026-10-08,251.0,256.0,242.0,243.5,6982582
4909,2026-10-08,37.150001525878906,37.599998474121094,36.79999923706055,37.0,217042
4911,2026-10-08,27.799999237060547,28.0,27.75,28.0,15060
4923,2026-10-08,62.400001525878906,62.599998474121094,61.099998474121094,61.400001525878906,455483
4924,2026-10-08,15.699999809265137,17.25,15.199999809265137,17.149999618530273,1120020
4931,2026-10-08,249.0,249.0,242.0,244.5,4434402
4933,2026-10-08,52.599998474121094,53.20000076293945,52.400001525878906,53.0,45071
4939,2026-10-08,76.19999694824219,80.69999694824219,76.19999694824219,78.30000305175781,12223594
4946,2026-10-08,99.0,99.5,98.0999984741211,99.5,11806
4950,2026-10-08,15.600000381469727,15.899999618530273,15.5,15.899999618530273,14066
4951,2026-10-08,89.0,89.30000305175781,88.19999694824219,88.30000305175781,142420
4953,2026-10-08,117.5,118.0,116.5,117.0,188997
4966,2026-10-08,563.0,563.0,557.0,558.0,424187
4972,2026-10-08,16.149999618530273,16.200000762939453,16.100000381469727,16.200000762939453,27270
4971,2026-10-08,603.0,608.0,584.0,596.0,1150837
4973,2026-10-08,145.0,149.0,145.0,149.0,1444435
4974,2026-10-08,69.19999694824219,69.4000015258789,68.9000015258789,68.9000015258789,150483
4979,2026-10-08,570.0,574.0,558.0,565.0,3593805
4991,2026-10-08,513.0,515.0,498.0,511.0,2406091
4995,2026-10-08,46.349998474121094,47.400001525878906,46.349998474121094,46.79999923706055,18568
5009,2026-10-08,32.900001525878906,34.0,32.70000076293945,33.650001525878906,4092564
5011,2026-10-08,22.5,23.0,21.700000762939453,22.450000762939453,1504079
5013,2026-10-08,52.70000076293945,53.900001525878906,50.70000076293945,53.0,608673
5015,2026-10-08,22.399999618530273,22.899999618530273,22.350000381469727,22.899999618530273,18320
5014,2026-10-08,10.149999618530273,10.149999618530273,10.0,10.100000381469727,91048
5016,2026-10-08,27.450000762939453,27.450000762939453,26.649999618530273,26.75,94503
5201,2026-10-08,27.350000381469727,28.149999618530273,27.350000381469727,28.149999618530273,36161
5202,2026-10-08,14.350000381469727,14.399999618530273,14.050000190734863,14.050000190734863,508297
5205,2026-10-08,33.29999923706055,33.29999923706055,33.20000076293945,33.29999923706055,144494
5206,2026-10-08,23.399999618530273,23.399999618530273,22.950000762939453,23.0,380675
5209,2026-10-08,180.0,182.0,178.5,181.0,404591
5210,2026-10-08,29.850000381469727,30.049999237060547,29.799999237060547,29.899999618530273,126891
5211,2026-10-08,20.850000381469727,20.899999618530273,20.600000381469727,20.600000381469727,24608
5213,2026-10-08,20.200000762939453,20.200000762939453,20.0,20.049999237060547,189572
5220,2026-10-08,21.899999618530273,22.399999618530273,21.25,22.100000381469727,91024
5223,2026-10-08,22.5,22.899999618530273,22.299999237060547,22.399999618530273,22007
5227,2026-10-08,29.0,29.0,28.649999618530273,28.799999237060547,142122
5228,2026-10-08,61.0,61.29999923706055,57.29999923706055,61.29999923706055,4796986
5230,2026-10-08,23.799999237060547,25.0,23.75,25.0,4458182
5245,2026-10-08,20.0,20.600000381469727,19.700000762939453,19.950000762939453,88664
5251,2026-10-08,31.399999618530273,31.399999618530273,29.700000762939453,29.799999237060547,181443
5263,2026-10-08,92.0,98.0,91.0,96.0999984741211,877688
5272,2026-10-08,17.600000381469727,17.600000381469727,17.5,17.5,21664
5274,2026-10-08,16355.0,17840.0,15975.0,17485.0,1190237
5278,2026-10-08,23.25,23.299999237060547,23.0,23.100000381469727,161669
5287,2026-10-08,137.0,137.5,137.0,137.0,47922
5289,2026-10-08,1270.0,1280.0,1250.0,1250.0,1141751
5291,2026-10-08,64.5,65.9000015258789,62.099998474121094,62.20000076293945,434312
5299,2026-10-08,99.5,99.9000015258789,98.0999984741211,98.0999984741211,182721
5301,2026-10-08,6.0,6.0,5.800000190734863,5.800000190734863,27374
5302,2026-10-08,9.789999961853027,9.850000381469727,9.739999771118164,9.819999694824219,237753
5309,2026-10-08,69.0,69.9000015258789,66.4000015258789,67.80000305175781,17195022
5310,2026-10-08,30.149999618530273,30.149999618530273,28.600000381469727,28.600000381469727,47091
5312,2026-10-08,89.0,89.5,89.0,89.30000305175781,12290
5314,2026-10-08,27.5,27.950000762939453,27.049999237060547,27.149999618530273,15489395
5315,2026-10-08,19.149999618530273,19.299999237060547,19.0,19.25,236697
5321,2026-10-08,69.69999694824219,71.4000015258789,69.4000015258789,70.80000305175781,197319
5324,2026-10-08,12.350000381469727,12.600000381469727,12.350000381469727,12.5,47049
5328,2026-10-08,57.79999923706055,59.5,57.0,58.29999923706055,4159458
5340,2026-10-08,91.0,97.0,90.5999984741211,94.4000015258789,14453640
5345,2026-10-08,21.100000381469727,21.549999237060547,20.899999618530273,21.549999237060547,13292
5344,2026-10-08,14.399999618530273,14.399999618530273,14.0,14.100000381469727,35084
5347,2026-10-08,189.5,191.0,185.0,186.5,10531654
5348,2026-10-08,17.450000762939453,18.049999237060547,17.299999237060547,17.299999237060547,34347
5351,2026-10-08,115.5,118.5,114.5,115.0,11980954
5353,2026-10-08,29.200000762939453,29.200000762939453,28.600000381469727,28.899999618530273,19340
5355,2026-10-08,7.760000228881836,7.800000190734863,7.5,7.769999980926514,121050
5356,2026-10-08,26.25,26.25,25.75,25.75,63074
5364,2026-10-08,8.289999961853027,8.350000381469727,8.289999961853027,8.350000381469727,15329
5381,2026-10-08,22.149999618530273,22.25,21.600000381469727,21.600000381469727,869720
5386,2026-10-08,279.0,295.0,279.0,282.5,1023823
5392,2026-10-08,38.849998474121094,38.849998474121094,38.20000076293945,38.20000076293945,990918
5398,2026-10-08,16.399999618530273,16.5,15.0,15.300000190734863,825960
5403,2026-10-08,91.5999984741211,91.80000305175781,91.5,91.80000305175781,25363
5410,2026-10-08,33.25,33.5,33.25,33.5,123200
5425,2026-10-08,102.5,103.5,99.9000015258789,100.5,7395214
5426,2026-10-08,30.200000762939453,30.299999237060547,29.25,29.25,717222
5432,2026-10-08,194.5,195.5,179.5,179.5,579770
5438,2026-10-08,17.0,17.100000381469727,16.899999618530273,17.100000381469727,48503
5439,2026-10-08,262.0,269.0,254.0,260.5,1941374
5443,2026-10-08,112.0,113.0,109.5,110.5,1084349
5450,2026-10-08,14.550000190734863,14.800000190734863,14.449999809265137,14.800000190734863,108512
5452,2026-10-08,31.0,31.200000762939453,30.149999618530273,30.450000762939453,1680279
5455,2026-10-08,30.799999237060547,30.799999237060547,30.799999237060547,30.799999237060547,2000
5457,2026-10-08,23.850000381469727,24.049999237060547,23.299999237060547,23.299999237060547,711009
5460,2026-10-08,19.049999237060547,21.149999618530273,18.200000762939453,20.75,3705303
5464,2026-10-08,94.80000305175781,95.0,91.30000305175781,94.5999984741211,349319
5465,2026-10-08,33.54999923706055,33.70000076293945,32.5,32.75,384556
5468,2026-10-08,24.350000381469727,24.399999618530273,23.950000762939453,23.950000762939453,82993
5474,2026-10-08,159.0,162.0,159.0,159.5,63863
5475,2026-10-08,194.0,203.0,192.0,203.0,17155280
5478,2026-10-08,96.80000305175781,97.69999694824219,96.80000305175781,97.0999984741211,53024
5481,2026-10-08,20.450000762939453,20.450000762939453,20.0,20.450000762939453,56749
5483,2026-10-08,221.0,221.0,208.5,216.5,21464568
5487,2026-10-08,30.399999618530273,30.399999618530273,28.899999618530273,28.950000762939453,171312
5488,2026-10-08,11.949999809265137,11.949999809265137,11.75,11.899999618530273,268192
5489,2026-10-08,41.599998474121094,41.599998474121094,41.099998474121094,41.5,20100
5490,2026-10-08,25.600000381469727,25.600000381469727,25.399999618530273,25.399999618530273,80976
5493,2026-10-08,90.0,92.0,89.5,91.30000305175781,76494
5498,2026-10-08,54.900001525878906,55.400001525878906,53.099998474121094,54.099998474121094,1480870
5508,2026-10-08,53.900001525878906,54.20000076293945,53.400001525878906,53.79999923706055,162195
5511,2026-10-08,68.0999984741211,70.69999694824219,68.0999984741211,70.0,194159
5512,2026-10-08,7.519999980926514,7.590000152587891,7.5,7.539999961853027,205584
5514,2026-10-08,14.899999618530273,15.100000381469727,14.850000381469727,15.100000381469727,60251
5516,2026-10-08,11.75,12.699999809265137,11.699999809265137,12.699999809265137,30777
5523,2026-10-08,30.200000762939453,30.350000381469727,30.200000762939453,30.350000381469727,10011
5529,2026-10-08,25.649999618530273,25.950000762939453,25.149999618530273,25.75,118407
5530,2026-10-08,48.29999923706055,48.29999923706055,47.79999923706055,48.150001525878906,265649
5536,2026-10-08,1050.0,1085.0,1025.0,1030.0,3107324
5543,2026-10-08,28.25,28.25,26.600000381469727,26.600000381469727,8010
5547,2026-10-08,20.200000762939453,20.200000762939453,20.0,20.149999618530273,46105
5548,2026-10-08,20.100000381469727,20.100000381469727,20.0,20.100000381469727,21150
5601,2026-10-08,28.700000762939453,29.299999237060547,28.600000381469727,29.299999237060547,9596
5603,2026-10-08,14.050000190734863,14.199999809265137,13.949999809265137,14.0,69237
5609,2026-10-08,78.69999694824219,79.19999694824219,78.69999694824219,79.0999984741211,164475
5701,2026-10-08,4.050000190734863,4.130000114440918,4.0,4.0,187710
5704,2026-10-08,22.5,23.100000381469727,22.5,22.850000381469727,60806
5864,2026-10-08,39.04999923706055,39.70000076293945,38.79999923706055,39.45000076293945,1807207
5878,2026-10-08,37.5,37.5,37.5,37.5,3130
5902,2026-10-08,34.20000076293945,34.20000076293945,33.70000076293945,34.0,29001
5903,2026-10-08,185.0,185.5,185.0,185.5,10111
5904,2026-10-08,70.30000305175781,70.30000305175781,69.0999984741211,69.5,2298203
5905,2026-10-08,7.349999904632568,7.409999847412109,7.320000171661377,7.389999866485596,142187
6015,2026-10-08,18.0,18.299999237060547,17.850000381469727,18.149999618530273,3035288
6016,2026-10-08,24.200000762939453,24.200000762939453,23.75,23.950000762939453,6929899
6020,2026-10-08,20.600000381469727,20.75,20.5,20.5,5000
6021,2026-10-08,42.79999923706055,43.95000076293945,42.79999923706055,43.25,333111
6026,2026-10-08,15.850000381469727,15.899999618530273,15.75,15.800000190734863,443236
6023,2026-10-08,84.0999984741211,84.5999984741211,84.0999984741211,84.0999984741211,213875
6028,2026-10-08,109.0,114.0,106.5,113.5,66956
6101,2026-10-08,38.79999923706055,39.04999923706055,38.04999923706055,38.20000076293945,169904
6103,2026-10-08,39.900001525878906,39.900001525878906,37.099998474121094,37.79999923706055,84598
6104,2026-10-08,87.5999984741211,88.19999694824219,87.19999694824219,87.30000305175781,433043
6109,2026-10-08,10.399999618530273,10.5,10.300000190734863,10.5,44708
6111,2026-10-08,35.79999923706055,35.95000076293945,35.5,35.5,84520
6113,2026-10-08,24.549999237060547,25.600000381469727,23.700000762939453,23.700000762939453,506710
6114,2026-10-08,22.5,22.850000381469727,22.5,22.600000381469727,15171
6118,2026-10-08,16.149999618530273,16.25,15.850000381469727,16.100000381469727,130038
6121,2026-10-08,372.5,372.5,363.0,364.0,546286
6122,2026-10-08,60.0,63.400001525878906,59.5,63.0,1513819
6123,2026-10-08,43.099998474121094,43.099998474121094,42.5,42.5,18318
6125,2026-10-08,50.099998474121094,52.099998474121094,49.849998474121094,51.20000076293945,984973
6126,2026-10-08,32.5,32.5,31.799999237060547,31.899999618530273,559523
6127,2026-10-08,58.5,64.0999984741211,58.5,64.0999984741211,25419848
6129,2026-10-08,14.449999809265137,14.449999809265137,14.199999809265137,14.25,161431
6130,2026-10-08,22.5,23.0,22.049999237060547,23.0,88009
6134,2026-10-08,28.350000381469727,28.450000762939453,28.0,28.0,200281
6138,2026-10-08,268.0,271.0,266.5,267.0,528896
6140,2026-10-08,20.049999237060547,20.149999618530273,20.0,20.149999618530273,197290
6143,2026-10-08,78.0,78.0999984741211,77.0,77.0,495290
6144,2026-10-08,13.350000381469727,13.350000381469727,12.949999809265137,13.300000190734863,7425
6146,2026-10-08,182.0,197.5,182.0,191.5,1415423
6147,2026-10-08,230.0,236.5,222.0,226.0,48385818
6148,2026-10-08,37.099998474121094,37.650001525878906,36.650001525878906,37.150001525878906,747553
6150,2026-10-08,64.80000305175781,65.0,62.5,64.0,378485
6151,2026-10-08,35.650001525878906,35.70000076293945,35.099998474121094,35.150001525878906,78306
6154,2026-10-08,14.25,14.25,14.149999618530273,14.25,24724
6156,2026-10-08,23.600000381469727,23.950000762939453,23.450000762939453,23.799999237060547,814375
6158,2026-10-08,17.799999237060547,17.899999618530273,17.700000762939453,17.899999618530273,38307
6160,2026-10-08,13.850000381469727,14.100000381469727,13.800000190734863,13.949999809265137,36353
6161,2026-10-08,48.95000076293945,49.0,48.75,49.0,27880
6163,2026-10-08,43.04999923706055,45.099998474121094,41.75,43.849998474121094,1819521
6170,2026-10-08,48.900001525878906,49.599998474121094,48.75,49.599998474121094,185255
6171,2026-10-08,24.299999237060547,24.700000762939453,23.899999618530273,24.100000381469727,72250
6174,2026-10-08,58.20000076293945,64.0,58.0,64.0,10281598
6175,2026-10-08,75.5999984741211,78.4000015258789,75.0999984741211,77.9000015258789,1998739
6179,2026-10-08,37.349998474121094,39.400001525878906,37.29999923706055,37.79999923706055,9538552
6180,2026-10-08,39.5,39.599998474121094,38.70000076293945,39.150001525878906,843129
6182,2026-10-08,132.0,133.0,125.5,129.0,60789183
6185,2026-10-08,12.5,12.5,12.300000190734863,12.300000190734863,392512
6186,2026-10-08,28.950000762939453,28.950000762939453,28.75,28.899999618530273,155095
6187,2026-10-08,1500.0,1595.0,1490.0,1525.0,2978789
6188,2026-10-08,62.79999923706055,63.099998474121094,62.29999923706055,62.5,672386
6190,2026-10-08,75.9000015258789,77.69999694824219,75.19999694824219,76.5,2862384
6194,2026-10-08,31.75,32.45000076293945,31.75,32.25,88491
6195,2026-10-08,27.799999237060547,28.100000381469727,27.799999237060547,28.049999237060547,8257
6199,2026-10-08,140.0,142.5,138.5,142.0,7940313
6203,2026-10-08,59.79999923706055,60.0,58.5,59.900001525878906,68145
6204,2026-10-08,111.5,113.0,107.0,111.5,382942
6207,2026-10-08,145.5,148.5,142.0,146.0,4057417
6208,2026-10-08,79.0,79.0999984741211,78.30000305175781,78.30000305175781,137453
6210,2026-10-08,17.549999237060547,17.850000381469727,17.5,17.850000381469727,17000
6217,2026-10-08,169.0,169.5,165.0,168.0,2547046
6218,2026-10-08,60.79999923706055,62.900001525878906,55.70000076293945,56.0,6053295
6219,2026-10-08,12.0,12.050000190734863,11.949999809265137,12.0,59945
6220,2026-10-08,25.700000762939453,25.75,25.450000762939453,25.5,135146
6221,2026-10-08,29.799999237060547,30.299999237060547,29.649999618530273,29.649999618530273,331842
6223,2026-10-08,5450.0,5665.0,5450.0,5575.0,542431
6227,2026-10-08,141.5,141.5,137.5,138.5,563421
6228,2026-10-08,19.100000381469727,19.100000381469727,17.799999237060547,18.0,27609
6229,2026-10-08,23.799999237060547,24.200000762939453,23.799999237060547,24.100000381469727,37206
6231,2026-10-08,235.0,235.0,230.5,232.5,170727
6233,2026-10-08,24.850000381469727,25.399999618530273,24.850000381469727,25.149999618530273,338387
6234,2026-10-08,42.0,42.75,39.45000076293945,39.5,2477553
6237,2026-10-08,35.04999923706055,35.349998474121094,34.599998474121094,34.650001525878906,239774
6240,2026-10-08,26.049999237060547,26.899999618530273,26.0,26.399999618530273,10692
6241,2026-10-08,16.350000381469727,16.799999237060547,16.200000762939453,16.799999237060547,63440
6244,2026-10-08,22.600000381469727,22.700000762939453,22.299999237060547,22.299999237060547,2895443
6245,2026-10-08,87.30000305175781,88.5,86.4000015258789,88.0,432141
6246,2026-10-08,12.550000190734863,12.899999618530273,12.5,12.550000190734863,36015
6248,2026-10-08,17.0,17.200000762939453,16.899999618530273,17.149999618530273,52601
6259,2026-10-08,33.04999923706055,33.650001525878906,32.20000076293945,33.099998474121094,521250
6261,2026-10-08,77.4000015258789,77.5,76.0,76.4000015258789,445745
6263,2026-10-08,175.0,177.5,173.0,176.0,518192
6264,2026-10-08,6.0,6.059999942779541,6.0,6.059999942779541,15180
6265,2026-10-08,48.900001525878906,49.849998474121094,48.900001525878906,49.20000076293945,874169
6266,2026-10-08,26.299999237060547,26.600000381469727,26.149999618530273,26.5,170892
6274,2026-10-08,1705.0,1750.0,1645.0,1740.0,7908087
6270,2026-10-08,29.799999237060547,29.799999237060547,29.549999237060547,29.700000762939453,81848
6275,2026-10-08,47.349998474121094,47.650001525878906,46.70000076293945,46.849998474121094,143151
6279,2026-10-08,116.5,117.5,116.0,116.0,189880
6284,2026-10-08,79.69999694824219,80.4000015258789,78.19999694824219,78.9000015258789,648142
6290,2026-10-08,282.0,284.5,280.0,280.5,1521618
6291,2026-10-08,456.0,471.0,438.5,439.0,1408301
6292,2026-10-08,68.80000305175781,68.80000305175781,66.80000305175781,66.9000015258789,303910
6294,2026-10-08,27.75,28.0,27.700000762939453,28.0,11758
6411,2026-10-08,78.9000015258789,78.9000015258789,77.5,77.5,196736
6417,2026-10-08,106.5,106.5,103.5,103.5,194209
6418,2026-10-08,34.349998474121094,34.45000076293945,34.29999923706055,34.29999923706055,51051
6419,2026-10-08,163.5,163.5,156.0,158.5,365492
6423,2026-10-08,86.0999984741211,89.30000305175781,86.0999984741211,87.69999694824219,48629
6425,2026-10-08,73.5999984741211,73.5999984741211,72.0,72.0999984741211,350266
6432,2026-10-08,65.0,67.5,64.5,66.19999694824219,673036
6435,2026-10-08,254.0,259.5,251.0,259.5,263628
6441,2026-10-08,22.299999237060547,22.549999237060547,22.200000762939453,22.350000381469727,80924
6461,2026-10-08,29.799999237060547,29.799999237060547,28.799999237060547,29.200000762939453,174145
6462,2026-10-08,102.5,102.5,100.5,100.5,193986
6465,2026-10-08,41.20000076293945,42.04999923706055,40.45000076293945,41.70000076293945,147410
6470,2026-10-08,42.599998474121094,42.849998474121094,42.400001525878906,42.75,22300
6469,2026-10-08,64.80000305175781,67.5,64.80000305175781,66.4000015258789,1091125
6474,2026-10-08,35.400001525878906,35.5,35.400001525878906,35.45000076293945,46000
6485,2026-10-08,85.5999984741211,87.19999694824219,81.0999984741211,81.19999694824219,1994166
6486,2026-10-08,78.4000015258789,78.4000015258789,77.5999984741211,78.0,43766
6488,2026-10-08,1180.0,1195.0,1095.0,1130.0,20447776
6492,2026-10-08,34.20000076293945,34.20000076293945,33.900001525878906,33.900001525878906,84066
6494,2026-10-08,52.099998474121094,52.70000076293945,50.900001525878906,51.29999923706055,100788
6496,2026-10-08,23.950000762939453,23.950000762939453,23.450000762939453,23.850000381469727,21064
6498,2026-10-08,75.5,75.5,72.5,73.5,135950
6499,2026-10-08,80.5,81.30000305175781,79.5,80.5999984741211,272098
6506,2026-10-08,18.850000381469727,19.0,18.799999237060547,19.0,97538
6508,2026-10-08,27.399999618530273,27.399999618530273,26.049999237060547,26.399999618530273,35869
6509,2026-10-08,50.400001525878906,51.0,50.099998474121094,50.70000076293945,737764
6510,2026-10-08,3000.0,3320.0,3000.0,3320.0,1469872
6512,2026-10-08,20.149999618530273,20.200000762939453,20.100000381469727,20.100000381469727,12320
6517,2026-10-08,67.0999984741211,67.5999984741211,66.0,66.0,338573
6523,2026-10-08,89.0,89.0999984741211,88.9000015258789,88.9000015258789,19341
6530,2026-10-08,97.69999694824219,99.0999984741211,96.0999984741211,96.0999984741211,868926
6532,2026-10-08,114.0,117.0,108.0,108.5,1549065
6535,2026-10-08,81.0,81.69999694824219,80.80000305175781,81.30000305175781,59244
6538,2026-10-08,346.0,351.5,322.5,332.5,6275252
6542,2026-10-08,38.400001525878906,38.599998474121094,38.150001525878906,38.150001525878906,9010
6546,2026-10-08,61.5,61.900001525878906,61.20000076293945,61.5,78881
6547,2026-10-08,62.099998474121094,63.0,61.599998474121094,62.0,3967835
6548,2026-10-08,78.0,78.0,76.30000305175781,77.30000305175781,3363943
6556,2026-10-08,61.900001525878906,61.900001525878906,61.900001525878906,61.900001525878906,3016
6560,2026-10-08,33.04999923706055,33.04999923706055,32.70000076293945,32.79999923706055,66124
6561,2026-10-08,310.0,310.0,307.5,308.5,121405
6568,2026-10-08,134.0,134.5,129.0,129.0,304710
6569,2026-10-08,92.0999984741211,92.0999984741211,91.0999984741211,91.4000015258789,29317
6570,2026-10-08,47.04999923706055,47.349998474121094,46.79999923706055,47.20000076293945,72191
6574,2026-10-08,120.0,123.0,118.0,123.0,47034
6576,2026-10-08,78.30000305175781,79.0,78.19999694824219,78.19999694824219,39504
6577,2026-10-08,80.30000305175781,80.30000305175781,79.5,80.0,13454
6578,2026-10-08,16.350000381469727,16.950000762939453,16.350000381469727,16.649999618530273,43628
6584,2026-10-08,539.0,539.0,528.0,531.0,186412
6588,2026-10-08,109.5,109.5,106.5,107.5,498015
6590,2026-10-08,64.0,64.30000305175781,63.5,64.0,19501
6593,2026-10-08,32.20000076293945,32.400001525878906,31.700000762939453,32.29999923706055,21700
6596,2026-10-08,96.5999984741211,97.0999984741211,96.4000015258789,96.80000305175781,100337
6603,2026-10-08,28.799999237060547,29.850000381469727,28.700000762939453,29.549999237060547,3040417
6609,2026-10-08,39.150001525878906,39.150001525878906,38.04999923706055,38.650001525878906,51008
6612,2026-10-08,74.0,74.0,71.80000305175781,71.9000015258789,19660
6613,2026-10-08,289.5,290.5,284.5,286.0,200866
6615,2026-10-08,33.400001525878906,33.45000076293945,33.349998474121094,33.349998474121094,18683
6616,2026-10-08,8.539999961853027,8.729999542236328,8.359999656677246,8.729999542236328,8000
6617,2026-10-08,122.0,123.5,118.5,119.0,301047
6620,2026-10-08,126.5,133.0,126.0,127.5,2128247
6624,2026-10-08,38.0,38.349998474121094,36.70000076293945,38.349998474121094,7003
6629,2026-10-08,101.0,101.0,101.0,101.0,6144
6637,2026-10-08,55.5,56.400001525878906,55.0,56.0,84105
6640,2026-10-08,1075.0,1085.0,1050.0,1050.0,191636
6642,2026-10-08,78.19999694824219,79.5,77.5999984741211,77.5999984741211,237975
6643,2026-10-08,497.0,502.0,489.0,489.0,410940
6649,2026-10-08,36.150001525878906,36.599998474121094,36.099998474121094,36.599998474121094,14007
6651,2026-10-08,142.0,146.5,141.0,141.5,230888
6654,2026-10-08,217.0,220.0,215.0,218.0,19726
6664,2026-10-08,374.0,376.5,370.5,373.5,225097
6667,2026-10-08,280.0,285.0,273.5,283.0,878257
6679,2026-10-08,198.0,199.0,196.0,196.5,165169
6683,2026-10-08,1425.0,1455.0,1410.0,1415.0,648744
6684,2026-10-08,48.0,48.349998474121094,47.849998474121094,48.04999923706055,35004
6690,2026-10-08,177.0,180.0,177.0,178.0,105464
6692,2026-10-08,23.100000381469727,23.299999237060547,22.350000381469727,22.799999237060547,19100
6693,2026-10-08,195.0,200.5,195.0,196.5,566062
6697,2026-10-08,41.29999923706055,41.5,40.75,40.79999923706055,26559
6703,2026-10-08,99.80000305175781,100.0,99.80000305175781,99.9000015258789,27885
6708,2026-10-08,69.5,69.9000015258789,67.19999694824219,69.19999694824219,489461
6712,2026-10-08,162.0,162.0,160.0,161.5,180446
6716,2026-10-08,138.5,138.5,138.5,138.5,426765
6720,2026-10-08,123.0,125.0,117.0,117.0,67077
6721,2026-10-08,48.5,48.650001525878906,48.5,48.5,24313
6725,2026-10-08,218.0,218.5,212.5,213.5,117685
6727,2026-10-08,525.0,534.0,517.0,530.0,787447
6728,2026-10-08,108.5,109.0,108.5,108.5,12030
6730,2026-10-08,33.0,33.0,33.0,33.0,2151
6733,2026-10-08,24.799999237060547,24.950000762939453,24.700000762939453,24.899999618530273,22330
6732,2026-10-08,153.0,153.0,151.5,152.0,39813
6735,2026-10-08,63.20000076293945,63.20000076293945,62.099998474121094,62.599998474121094,46512
6739,2026-10-08,1095.0,1100.0,1055.0,1080.0,155637
6751,2026-10-08,51.5,53.400001525878906,50.400001525878906,51.400001525878906,330421
6741,2026-10-08,54.29999923706055,54.79999923706055,53.79999923706055,54.20000076293945,274559
6752,2026-10-08,97.0,97.0,96.69999694824219,97.0,15850
6761,2026-10-08,167.0,167.5,165.5,166.5,96341
6763,2026-10-08,41.599998474121094,41.70000076293945,41.5,41.54999923706055,93571
6767,2026-10-08,24.0,24.5,24.0,24.5,12000
6785,2026-10-08,90.30000305175781,90.5,88.0999984741211,88.0999984741211,83056
6788,2026-10-08,375.0,390.0,364.5,375.5,1119681
6791,2026-10-08,100.5,100.5,96.0999984741211,99.30000305175781,20791
6803,2026-10-08,263.0,265.0,262.5,265.0,59474
6804,2026-10-08,18.200000762939453,18.200000762939453,17.600000381469727,17.850000381469727,61313
6811,2026-10-08,275.5,290.0,273.5,281.0,2077611
6821,2026-10-08,45.400001525878906,45.650001525878906,44.900001525878906,44.900001525878906,62149
6823,2026-10-08,61.20000076293945,61.20000076293945,59.5,59.70000076293945,33610
6829,2026-10-08,212.0,212.0,209.0,210.0,394579
6840,2026-10-08,94.5,96.0,91.9000015258789,94.5,297021
6841,2026-10-08,55.900001525878906,56.900001525878906,55.900001525878906,56.70000076293945,188229
6843,2026-10-08,38.099998474121094,38.20000076293945,38.0,38.0,24016
6844,2026-10-08,56.900001525878906,56.900001525878906,56.099998474121094,56.099998474121094,30427
6846,2026-10-08,58.0,58.400001525878906,57.70000076293945,58.29999923706055,9000
6855,2026-10-08,111.5,112.0,111.5,111.5,13034
6856,2026-10-08,40.29999923706055,41.04999923706055,40.150001525878906,41.04999923706055,11000
6859,2026-10-08,120.5,120.5,119.0,120.5,16822
6870,2026-10-08,316.0,326.0,315.0,319.0,75456
6865,2026-10-08,26.399999618530273,26.600000381469727,26.399999618530273,26.450000762939453,6000
6872,2026-10-08,23.399999618530273,23.399999618530273,21.649999618530273,21.799999237060547,74404
6874,2026-10-08,70.0,70.30000305175781,69.80000305175781,70.30000305175781,8344
6875,2026-10-08,27.5,27.75,26.899999618530273,27.0,192718
6877,2026-10-08,128.0,134.5,128.0,134.0,234368
6881,2026-10-08,216.0,216.0,216.0,216.0,4326
6884,2026-10-08,32.20000076293945,32.20000076293945,31.299999237060547,32.099998474121094,37300
6894,2026-10-08,359.0,370.0,359.0,362.0,81175
6895,2026-10-08,155.0,155.5,153.5,155.5,7544
6899,2026-10-08,49.29999923706055,50.20000076293945,49.29999923706055,50.20000076293945,6287
6903,2026-10-08,325.5,327.5,319.0,326.5,190313
6907,2026-10-08,185.0,191.0,181.0,182.5,1462355
6913,2026-10-08,131.5,132.0,129.0,129.5,295196
6922,2026-10-08,204.0,205.0,202.0,203.0,66765
6925,2026-10-08,70.0,75.5,69.9000015258789,71.30000305175781,452904
6945,2026-10-08,137.0,140.5,129.5,133.0,792303
6961,2026-10-08,45.95000076293945,45.95000076293945,45.599998474121094,45.599998474121094,7962
6953,2026-10-08,263.0,263.0,255.0,255.0,76604
6967,2026-10-08,72.30000305175781,72.80000305175781,71.80000305175781,71.9000015258789,91887
6968,2026-10-08,41.29999923706055,41.349998474121094,41.099998474121094,41.29999923706055,40720
6971,2026-10-08,23.5,25.299999237060547,23.450000762939453,24.399999618530273,88226
6982,2026-10-08,44.70000076293945,45.29999923706055,44.70000076293945,44.79999923706055,26095
6983,2026-10-08,382.0,382.0,366.0,374.5,69873
6986,2026-10-08,44.0,44.29999923706055,44.0,44.29999923706055,35500
6996,2026-10-08,167.0,167.5,165.5,166.0,33218
6997,2026-10-08,68.0,68.0,66.69999694824219,66.69999694824219,6122
7402,2026-10-08,100.5,100.5,99.19999694824219,99.19999694824219,62419
7547,2026-10-08,61.5,61.5,59.900001525878906,60.0,54383
7556,2026-10-08,303.0,303.0,287.5,290.0,116049
7642,2026-10-08,65.4000015258789,66.4000015258789,65.0,65.9000015258789,53500
7703,2026-10-08,207.0,207.0,200.5,202.0,47547
7704,2026-10-08,60.5,63.29999923706055,60.20000076293945,62.599998474121094,95228
7708,2026-10-08,91.5,91.5,91.5,91.5,14604
7709,2026-10-08,82.19999694824219,83.5999984741211,81.5,81.5999984741211,93466
7712,2026-10-08,176.0,182.0,173.5,173.5,724181
7713,2026-10-08,73.19999694824219,73.5,73.19999694824219,73.5,3000
7714,2026-10-08,169.0,171.5,168.5,170.0,149058
7715,2026-10-08,26.600000381469727,27.5,26.450000762939453,26.549999237060547,58096
7717,2026-10-08,581.0,590.0,570.0,577.0,561019
7718,2026-10-08,46.0,46.0,45.849998474121094,45.900001525878906,27000
7723,2026-10-08,21.799999237060547,22.75,20.799999237060547,22.299999237060547,855461
7728,2026-10-08,643.0,679.0,630.0,631.0,95780
7734,2026-10-08,2710.0,2715.0,2640.0,2710.0,152058
7738,2026-10-08,159.0,162.0,158.0,161.0,56056
7743,2026-10-08,26.0,26.100000381469727,24.899999618530273,26.0,130768
7744,2026-10-08,530.0,532.0,506.0,506.0,113712
7747,2026-10-08,110.0,111.0,109.0,111.0,91716
7751,2026-10-08,1660.0,1660.0,1585.0,1620.0,192834
7757,2026-10-08,88.5,88.9000015258789,88.5,88.9000015258789,9329
7753,2026-10-08,35.349998474121094,35.75,35.349998474121094,35.70000076293945,10095
7767,2026-10-08,45.400001525878906,45.400001525878906,45.349998474121094,45.349998474121094,4895
7770,2026-10-08,39.79999923706055,40.70000076293945,39.79999923706055,40.70000076293945,22607
7772,2026-10-08,143.0,145.5,134.0,135.0,503115
7777,2026-10-08,37.20000076293945,37.599998474121094,37.04999923706055,37.099998474121094,669880
7782,2026-10-08,25.149999618530273,25.149999618530273,25.100000381469727,25.100000381469727,17101
7792,2026-10-08,395.5,407.0,389.5,403.5,875192
7805,2026-10-08,499.5,509.0,495.0,505.0,68466
7794,2026-10-08,29.5,29.5,29.049999237060547,29.299999237060547,36489
7810,2026-10-08,249.0,249.0,245.0,245.0,107029
7814,2026-10-08,28.0,28.5,28.0,28.5,7000
7819,2026-10-08,33.04999923706055,33.04999923706055,32.95000076293945,32.95000076293945,28051
7828,2026-10-08,1800.0,1840.0,1765.0,1840.0,160048
7839,2026-10-08,44.25,44.5,43.099998474121094,44.0,10017
8024,2026-10-08,12.050000190734863,12.5,12.050000190734863,12.350000381469727,111128
8027,2026-10-08,207.0,209.5,200.0,202.5,2074384
8032,2026-10-08,36.150001525878906,36.150001525878906,35.29999923706055,36.099998474121094,22345
8034,2026-10-08,19.350000381469727,19.5,19.299999237060547,19.450000762939453,41841
8038,2026-10-08,35.0,36.5,34.900001525878906,36.20000076293945,716629
8040,2026-10-08,90.19999694824219,90.80000305175781,88.19999694824219,89.0,990154
8042,2026-10-08,125.0,138.5,121.5,138.5,19812389
8043,2026-10-08,143.0,149.0,140.0,146.5,3606689
8044,2026-10-08,24.350000381469727,24.350000381469727,24.049999237060547,24.200000762939453,246977
8047,2026-10-08,43.5,45.400001525878906,43.5,44.5,106339
8049,2026-10-08,24.549999237060547,24.549999237060547,24.399999618530273,24.450000762939453,58697
8050,2026-10-08,60.599998474121094,61.5,60.29999923706055,60.400001525878906,859547
8048,2026-10-08,52.0,52.0,50.29999923706055,51.400001525878906,89023
8054,2026-10-08,81.30000305175781,82.4000015258789,80.80000305175781,81.0,610329
8059,2026-10-08,17.700000762939453,17.950000762939453,17.600000381469727,17.600000381469727,37984
8066,2026-10-08,14.199999809265137,14.5,14.199999809265137,14.5,20199
8064,2026-10-08,134.5,135.0,132.5,133.5,1760173
8068,2026-10-08,17.350000381469727,18.75,17.299999237060547,18.75,946995
8069,2026-10-08,145.0,147.0,144.0,144.0,3431597
8071,2026-10-08,21.799999237060547,21.850000381469727,21.549999237060547,21.75,185773
8074,2026-10-08,57.900001525878906,58.099998474121094,56.400001525878906,56.5,689131
8076,2026-10-08,21.299999237060547,21.549999237060547,21.25,21.399999618530273,313595
8077,2026-10-08,41.099998474121094,41.29999923706055,41.099998474121094,41.29999923706055,3000
8080,2026-10-08,28.450000762939453,28.450000762939453,28.299999237060547,28.299999237060547,24055
8084,2026-10-08,14.399999618530273,14.399999618530273,14.399999618530273,14.399999618530273,369603
8083,2026-10-08,160.0,161.0,160.0,161.0,64087
8085,2026-10-08,15.100000381469727,15.5,14.800000190734863,15.100000381469727,360581
8086,2026-10-08,142.5,154.0,140.0,154.0,30570504
8087,2026-10-08,22.850000381469727,22.899999618530273,22.600000381469727,22.850000381469727,15314
8088,2026-10-08,44.900001525878906,45.29999923706055,43.79999923706055,43.79999923706055,453585
8089,2026-10-08,19.299999237060547,19.399999618530273,19.149999618530273,19.399999618530273,86574
8091,2026-10-08,229.5,231.5,226.5,230.0,286116
8092,2026-10-08,12.199999809265137,13.149999618530273,12.100000381469727,12.75,237776
8093,2026-10-08,26.299999237060547,26.399999618530273,25.899999618530273,26.299999237060547,43000
8096,2026-10-08,89.69999694824219,90.9000015258789,88.19999694824219,90.30000305175781,1824887
8097,2026-10-08,48.29999923706055,48.400001525878906,47.900001525878906,48.20000076293945,59081
8099,2026-10-08,58.900001525878906,59.400001525878906,58.20000076293945,58.70000076293945,51726
8102,2026-10-08,60.400001525878906,60.70000076293945,60.20000076293945,60.5,11108
8107,2026-10-08,11.75,11.949999809265137,11.75,11.899999618530273,23797
8109,2026-10-08,135.5,136.5,133.5,136.0,146776
8111,2026-10-08,93.0,97.19999694824219,92.5999984741211,93.69999694824219,17017156
8121,2026-10-08,33.5,35.29999923706055,32.54999923706055,34.400001525878906,2795892
8147,2026-10-08,142.0,142.0,139.0,139.0,134286
8155,2026-10-08,332.5,332.5,322.5,326.5,470860
8171,2026-10-08,21.0,21.149999618530273,20.850000381469727,21.149999618530273,114175
8176,2026-10-08,9.720000267028809,9.720000267028809,9.640000343322754,9.649999618530273,121320
8182,2026-10-08,43.79999923706055,46.54999923706055,42.75,45.70000076293945,2970993
8227,2026-10-08,370.0,370.0,335.0,335.0,1286869
8234,2026-10-08,62.0,63.70000076293945,62.0,63.400001525878906,501519
8240,2026-10-08,55.099998474121094,55.5,54.099998474121094,54.5,392907
8255,2026-10-08,151.0,151.5,149.0,150.5,244824
8272,2026-10-08,60.20000076293945,60.599998474121094,60.0,60.599998474121094,6304
8279,2026-10-08,80.5,80.9000015258789,80.4000015258789,80.9000015258789,22000
8277,2026-10-08,15.5,15.5,15.100000381469727,15.449999809265137,30177
8284,2026-10-08,67.5999984741211,68.0,67.5,68.0,11364
8289,2026-10-08,55.0,60.900001525878906,54.400001525878906,60.900001525878906,4821875
8291,2026-10-08,26.950000762939453,27.75,26.950000762939453,27.299999237060547,8155
8299,2026-10-08,2075.0,2095.0,2050.0,2060.0,2223205
8342,2026-10-08,85.0,85.0,84.9000015258789,84.9000015258789,5050
8349,2026-10-08,41.54999923706055,41.54999923706055,41.0,41.25,69765
8354,2026-10-08,16.600000381469727,16.950000762939453,16.600000381469727,16.950000762939453,53462
8358,2026-10-08,540.0,542.0,533.0,535.0,3525647
8383,2026-10-08,70.5999984741211,70.5999984741211,69.0,69.0,783227
8401,2026-10-08,22.600000381469727,22.75,22.5,22.700000762939453,33523
8390,2026-10-08,91.0,93.0,90.69999694824219,90.9000015258789,331453
8403,2026-10-08,18.950000762939453,19.25,18.899999618530273,19.049999237060547,206094
8409,2026-10-08,17.899999618530273,17.899999618530273,17.899999618530273,17.899999618530273,6007
8410,2026-10-08,26.299999237060547,26.450000762939453,25.899999618530273,26.450000762939453,107232
8415,2026-10-08,35.150001525878906,35.400001525878906,35.150001525878906,35.20000076293945,87696
8421,2026-10-08,13.100000381469727,13.199999809265137,12.899999618530273,13.149999618530273,116657
8423,2026-10-08,18.25,18.25,17.799999237060547,17.799999237060547,14465
8424,2026-10-08,69.5,69.5,69.0,69.5,15080
8426,2026-10-08,20.899999618530273,20.899999618530273,20.600000381469727,20.600000381469727,15238
8431,2026-10-08,63.5,63.599998474121094,57.900001525878906,59.599998474121094,1738514
8432,2026-10-08,53.79999923706055,53.900001525878906,53.0,53.20000076293945,76674
8433,2026-10-08,52.20000076293945,52.5,52.20000076293945,52.5,6070
8435,2026-10-08,52.599998474121094,52.79999923706055,52.5,52.70000076293945,39435
8436,2026-10-08,103.0,103.5,102.5,103.0,322386
8437,2026-10-08,11.25,11.25,10.5,10.550000190734863,43721
8444,2026-10-08,3.4100000858306885,3.490000009536743,3.369999885559082,3.490000009536743,39398
8440,2026-10-08,20.0,20.25,20.0,20.100000381469727,32334
8446,2026-10-08,86.0,87.9000015258789,85.5,86.4000015258789,30612
8450,2026-10-08,14.050000190734863,14.149999618530273,13.949999809265137,14.100000381469727,19428
8472,2026-10-08,67.9000015258789,67.9000015258789,67.9000015258789,67.9000015258789,1751
8477,2026-10-08,14.100000381469727,14.100000381469727,13.199999809265137,13.5,51931
8489,2026-10-08,21.649999618530273,21.899999618530273,21.649999618530273,21.899999618530273,37777
8905,2026-10-08,34.150001525878906,34.150001525878906,33.5,33.95000076293945,29563
8906,2026-10-08,28.200000762939453,28.600000381469727,28.200000762939453,28.600000381469727,6271
8908,2026-10-08,39.95000076293945,39.95000076293945,39.5,39.79999923706055,63611
8916,2026-10-08,40.95000076293945,40.95000076293945,40.70000076293945,40.849998474121094,32301
8917,2026-10-08,52.20000076293945,52.900001525878906,52.20000076293945,52.900001525878906,6223
8921,2026-10-08,16.700000762939453,16.850000381469727,16.700000762939453,16.850000381469727,2050
8924,2026-10-08,49.70000076293945,50.0,49.0,49.29999923706055,45785
8928,2026-10-08,22.450000762939453,22.700000762939453,22.100000381469727,22.25,53176
8927,2026-10-08,18.450000762939453,18.600000381469727,18.25,18.25,155000
8929,2026-10-08,12.800000190734863,12.800000190734863,12.75,12.75,23967
8930,2026-10-08,28.200000762939453,28.200000762939453,28.0,28.0,31809
8931,2026-10-08,42.5,42.79999923706055,42.400001525878906,42.54999923706055,35187
8932,2026-10-08,90.69999694824219,95.0999984741211,90.19999694824219,92.69999694824219,1880396
8933,2026-10-08,4.539999961853027,4.539999961853027,4.429999828338623,4.449999809265137,109552
8935,2026-10-08,18.100000381469727,19.0,18.100000381469727,18.899999618530273,82922
8936,2026-10-08,53.20000076293945,54.400001525878906,52.900001525878906,54.0,1752647
8937,2026-10-08,25.5,25.5,24.950000762939453,25.200000762939453,82003
8938,2026-10-08,51.79999923706055,52.0,51.599998474121094,51.900001525878906,50022
8941,2026-10-08,43.400001525878906,43.849998474121094,43.0,43.25,19013
8942,2026-10-08,40.75,40.75,40.20000076293945,40.20000076293945,145377
9951,2026-10-08,46.25,47.29999923706055,46.25,47.099998474121094,54142
9960,2026-10-08,37.900001525878906,39.20000076293945,37.900001525878906,38.45000076293945,15064
9962,2026-10-08,10.199999809265137,10.300000190734863,10.100000381469727,10.25,137602
00929,2026-10-08,30.020000457763672,30.1200008392334,29.8799991607666,30.030000686645508,28312889
7689,2026-10-08,156.0,158.5,154.0,156.0,67840
2237,2026-10-08,26.549999237060547,26.549999237060547,25.100000381469727,25.100000381469727,286887
7855,2026-10-08,41.849998474121094,42.04999923706055,41.45000076293945,41.599998474121094,474025
3718,2026-10-08,64.0,64.0,62.79999923706055,63.099998474121094,1224954
7825,2026-10-08,76.19999694824219,77.80000305175781,75.0,75.4000015258789,239076
2938,2026-10-08,18.299999237060547,18.549999237060547,18.299999237060547,18.549999237060547,54258
7812,2026-10-08,64.9000015258789,66.30000305175781,64.4000015258789,64.9000015258789,76521
7856,2026-10-08,4485.0,4630.0,4260.0,4260.0,524351
6604,2026-10-08,25.25,25.399999618530273,25.25,25.299999237060547,169372
1203,2026-10-08,43.099998474121094,43.150001525878906,42.75,42.75,25028
1341,2026-10-08,59.099998474121094,59.099998474121094,59.099998474121094,59.099998474121094,1004
1413,2026-10-08,9.220000267028809,9.220000267028809,9.0600004196167,9.210000038146973,13000
1541,2026-10-08,20.299999237060547,20.5,20.25,20.5,7002
1626,2026-10-08,9.779999732971191,9.779999732971191,9.729999542236328,9.739999771118164,4536
2248,2026-10-08,60.29999923706055,60.29999923706055,60.29999923706055,60.29999923706055,1552
2910,2026-10-08,23.600000381469727,23.600000381469727,23.5,23.600000381469727,6010
4190,2026-10-08,24.5,24.5,24.5,24.5,4898
4569,2026-10-08,159.0,159.5,158.0,159.5,11177
4930,2026-10-08,15.949999809265137,15.949999809265137,15.649999618530273,15.699999809265137,139437
5007,2026-10-08,55.70000076293945,55.70000076293945,55.70000076293945,55.70000076293945,6070
5533,2026-10-08,14.0,14.050000190734863,13.899999618530273,14.050000190734863,42001
6464,2026-10-08,76.0,76.30000305175781,76.0,76.30000305175781,3362
6887,2026-10-08,36.79999923706055,37.0,36.599998474121094,36.849998474121094,6000
6952,2026-10-08,38.599998474121094,39.099998474121094,38.599998474121094,38.95000076293945,10282
6965,2026-10-08,63.400001525878906,65.9000015258789,63.400001525878906,65.80000305175781,101060
8463,2026-10-08,21.25,21.25,21.149999618530273,21.200000762939453,12094
8482,2026-10-08,49.20000076293945,50.099998474121094,49.20000076293945,50.099998474121094,2002
8499,2026-10-08,253.0,253.5,251.0,253.5,5903
6771,2026-10-08,42.099998474121094,42.70000076293945,42.099998474121094,42.70000076293945,45000
6955,2026-10-08,93.0,93.0,93.0,93.0,3032
1570,2026-10-08,32.25,32.650001525878906,32.25,32.650001525878906,17278
2064,2026-10-08,11.850000381469727,11.899999618530273,11.850000381469727,11.899999618530273,10004
2235,2026-10-08,28.299999237060547,28.5,28.299999237060547,28.5,2000
2937,2026-10-08,45.0,45.0,45.0,45.0,3452
2948,2026-10-08,36.400001525878906,36.79999923706055,36.400001525878906,36.79999923706055,3173
3064,2026-10-08,14.899999618530273,14.949999809265137,14.899999618530273,14.949999809265137,2285
3158,2026-10-08,85.0,85.0,85.0,85.0,2730
4120,2026-10-08,46.099998474121094,46.5,45.79999923706055,46.0,7846
4419,2026-10-08,45.400001525878906,48.5,45.400001525878906,48.5,3002
4433,2026-10-08,18.0,18.0,17.799999237060547,17.899999618530273,15002
4530,2026-10-08,24.299999237060547,25.850000381469727,24.299999237060547,25.75,6003
4584,2026-10-08,37.900001525878906,38.0,37.900001525878906,38.0,4020
4745,2026-10-08,12.050000190734863,12.199999809265137,12.050000190734863,12.199999809265137,7409
5212,2026-10-08,49.04999923706055,49.04999923706055,48.900001525878906,48.900001525878906,9142
5604,2026-10-08,31.649999618530273,31.649999618530273,31.549999237060547,31.600000381469727,7303
6124,2026-10-08,26.950000762939453,27.450000762939453,26.799999237060547,27.450000762939453,10978
6169,2026-10-08,11.800000190734863,12.0,11.699999809265137,12.0,20000
6222,2026-10-08,19.450000762939453,19.450000762939453,19.450000762939453,19.450000762939453,1000
6276,2026-10-08,19.100000381469727,19.100000381469727,19.0,19.0,3205
6482,2026-10-08,23.100000381469727,23.200000762939453,23.100000381469727,23.200000762939453,7206
6516,2026-10-08,56.0,56.70000076293945,55.79999923706055,56.70000076293945,20406
6527,2026-10-08,74.5,74.5,73.80000305175781,74.0,21000
6597,2026-10-08,64.5999984741211,69.0,64.5999984741211,69.0,17000
6910,2026-10-08,25.450000762939453,25.5,25.399999618530273,25.5,5065
6929,2026-10-08,22.0,22.0,22.0,22.0,2300
7584,2026-10-08,28.200000762939453,28.299999237060547,28.200000762939453,28.200000762939453,4000
7716,2026-10-08,23.700000762939453,24.549999237060547,23.600000381469727,24.549999237060547,5000
7811,2026-10-08,73.0,73.0,73.0,73.0,6000
7842,2026-10-08,96.5,96.69999694824219,95.5,96.5,5228
8416,2026-10-08,171.0,171.0,171.0,171.0,2600
9950,2026-10-08,10.149999618530273,10.25,10.149999618530273,10.25,4051
1583,2026-10-08,47.29999923706055,47.29999923706055,47.29999923706055,47.29999923706055,1042
4572,2026-10-08,139.0,139.0,138.5,138.5,2204
8101,2026-10-08,10.300000190734863,10.300000190734863,10.300000190734863,10.300000190734863,1002
9937,2026-10-08,55.20000076293945,55.20000076293945,55.20000076293945,55.20000076293945,2101
8067,2026-10-08,11.5,11.5,11.5,11.5,1001
8923,2026-10-08,18.450000762939453,18.450000762939453,18.450000762939453,18.450000762939453,1324
