stock_code,trade_date,open,high,low,close,volume
1104,2026-09-14,27.0,27.100000381469727,26.75,26.850000381469727,462933
1101,2026-09-14,24.399999618530273,24.399999618530273,23.899999618530273,23.950000762939453,29732302
1102,2026-09-14,35.29999923706055,35.29999923706055,34.849998474121094,34.95000076293945,4449365
1103,2026-09-14,13.0,13.149999618530273,13.0,13.0,203734
1110,2026-09-14,15.649999618530273,15.850000381469727,15.550000190734863,15.600000381469727,121000
1108,2026-09-14,11.100000381469727,11.100000381469727,11.0,11.050000190734863,214338
1109,2026-09-14,13.399999618530273,13.449999809265137,13.350000381469727,13.399999618530273,61766
1201,2026-09-14,12.050000190734863,12.050000190734863,11.949999809265137,12.0,332661
1203,2026-09-14,43.0,43.70000076293945,42.5,43.70000076293945,23647
1210,2026-09-14,52.0,52.29999923706055,51.70000076293945,51.900001525878906,1162996
1215,2026-09-14,110.0,110.0,107.5,107.5,1038013
1216,2026-09-14,74.5999984741211,75.30000305175781,74.5999984741211,74.69999694824219,7281877
1217,2026-09-14,9.970000267028809,9.970000267028809,9.930000305175781,9.949999809265137,184354
1218,2026-09-14,14.25,14.350000381469727,14.199999809265137,14.25,868108
1219,2026-09-14,11.399999618530273,11.449999809265137,11.25,11.300000190734863,275843
1220,2026-09-14,10.800000190734863,10.800000190734863,10.699999809265137,10.75,75754
1225,2026-09-14,24.299999237060547,24.799999237060547,24.100000381469727,24.799999237060547,74952
1227,2026-09-14,28.299999237060547,28.350000381469727,28.200000762939453,28.350000381469727,429508
1229,2026-09-14,40.5,40.5,40.29999923706055,40.29999923706055,1383997
1231,2026-09-14,80.4000015258789,80.4000015258789,79.80000305175781,79.9000015258789,234823
1232,2026-09-14,155.0,155.0,153.5,154.0,118532
1233,2026-09-14,28.049999237060547,28.200000762939453,27.899999618530273,27.950000762939453,18015
1234,2026-09-14,33.29999923706055,33.400001525878906,33.150001525878906,33.20000076293945,68628
1235,2026-09-14,37.599998474121094,37.599998474121094,37.0,37.25,3342
1256,2026-09-14,171.5,173.0,171.5,172.5,11683
1236,2026-09-14,25.549999237060547,25.899999618530273,25.549999237060547,25.850000381469727,29210
1301,2026-09-14,63.70000076293945,63.79999923706055,61.5,62.5,21372868
1303,2026-09-14,232.0,236.5,220.5,233.5,51242323
1304,2026-09-14,12.399999618530273,12.399999618530273,12.050000190734863,12.149999618530273,1861560
1305,2026-09-14,12.149999618530273,12.149999618530273,11.850000381469727,11.899999618530273,1366858
1307,2026-09-14,30.549999237060547,30.549999237060547,30.049999237060547,30.25,341220
1308,2026-09-14,14.350000381469727,14.350000381469727,14.050000190734863,14.100000381469727,1166068
1310,2026-09-14,8.600000381469727,8.699999809265137,8.510000228881836,8.619999885559082,1232662
1312,2026-09-14,14.100000381469727,14.550000190734863,14.050000190734863,14.399999618530273,8629002
1309,2026-09-14,14.199999809265137,14.199999809265137,13.600000381469727,13.75,2193525
1313,2026-09-14,12.0,12.0,11.649999618530273,11.800000190734863,1264540
1314,2026-09-14,8.149999618530273,8.270000457763672,8.0600004196167,8.25,13857909
1315,2026-09-14,65.9000015258789,66.30000305175781,65.80000305175781,66.30000305175781,5297
1316,2026-09-14,10.699999809265137,10.800000190734863,10.550000190734863,10.699999809265137,957363
1319,2026-09-14,78.30000305175781,78.5999984741211,77.69999694824219,78.19999694824219,544496
1321,2026-09-14,31.799999237060547,32.25,31.75,32.20000076293945,36000
1324,2026-09-14,10.050000190734863,10.100000381469727,9.970000267028809,9.989999771118164,14153
1323,2026-09-14,21.850000381469727,21.899999618530273,21.5,21.5,93394
1325,2026-09-14,25.549999237060547,25.649999618530273,25.299999237060547,25.450000762939453,97327
1337,2026-09-14,4.510000228881836,4.510000228881836,4.389999866485596,4.429999828338623,473783
1326,2026-09-14,70.5,70.5,66.19999694824219,67.4000015258789,25222023
1338,2026-09-14,14.449999809265137,14.600000381469727,14.300000190734863,14.600000381469727,45134
1340,2026-09-14,5.190000057220459,5.199999809265137,5.150000095367432,5.190000057220459,46805
1339,2026-09-14,42.599998474121094,42.79999923706055,42.400001525878906,42.70000076293945,25220
1342,2026-09-14,99.0999984741211,101.0,98.4000015258789,100.0,93907
1402,2026-09-14,28.399999618530273,28.450000762939453,28.049999237060547,28.100000381469727,7705503
1413,2026-09-14,9.279999732971191,9.279999732971191,9.140000343322754,9.199999809265137,13441
1410,2026-09-14,24.399999618530273,24.649999618530273,24.049999237060547,24.450000762939453,100070
1409,2026-09-14,24.200000762939453,24.649999618530273,23.899999618530273,24.350000381469727,8847880
1414,2026-09-14,17.5,17.549999237060547,17.25,17.5,390016
1416,2026-09-14,11.199999809265137,11.300000190734863,11.149999618530273,11.300000190734863,226208
1417,2026-09-14,8.140000343322754,8.140000343322754,8.029999732971191,8.0600004196167,82590
1419,2026-09-14,66.19999694824219,66.30000305175781,65.19999694824219,66.30000305175781,61237
1423,2026-09-14,34.099998474121094,34.25,34.099998474121094,34.25,2002
1432,2026-09-14,15.050000190734863,15.050000190734863,14.949999809265137,14.949999809265137,61132
1434,2026-09-14,17.700000762939453,17.799999237060547,17.450000762939453,17.649999618530273,1168688
1435,2026-09-14,22.100000381469727,22.100000381469727,22.100000381469727,22.100000381469727,3010
1436,2026-09-14,36.599998474121094,36.599998474121094,36.0,36.25,120229
1438,2026-09-14,21.049999237060547,21.200000762939453,21.049999237060547,21.049999237060547,10479
1437,2026-09-14,31.850000381469727,32.099998474121094,31.799999237060547,32.04999923706055,108702
1439,2026-09-14,28.649999618530273,28.649999618530273,28.5,28.549999237060547,5148
1440,2026-09-14,13.300000190734863,13.350000381469727,13.199999809265137,13.25,772651
1441,2026-09-14,8.680000305175781,8.699999809265137,8.579999923706055,8.699999809265137,26284
1442,2026-09-14,29.799999237060547,30.0,29.649999618530273,30.0,100386
1443,2026-09-14,23.0,23.399999618530273,22.5,23.299999237060547,23259
1445,2026-09-14,10.550000190734863,10.649999618530273,10.199999809265137,10.199999809265137,14077
1444,2026-09-14,6.760000228881836,6.760000228881836,6.699999809265137,6.760000228881836,749146
1446,2026-09-14,13.25,13.449999809265137,13.25,13.300000190734863,33059
1447,2026-09-14,6.489999771118164,6.489999771118164,6.25,6.420000076293945,856379
1449,2026-09-14,12.199999809265137,12.350000381469727,12.100000381469727,12.25,158308
1451,2026-09-14,16.950000762939453,17.0,16.899999618530273,17.0,92127
1452,2026-09-14,11.0,11.199999809265137,11.0,11.199999809265137,8057
1453,2026-09-14,10.899999618530273,10.949999809265137,10.899999618530273,10.949999809265137,11270
1454,2026-09-14,12.5,12.5,12.449999809265137,12.449999809265137,6000
1455,2026-09-14,9.8100004196167,9.819999694824219,9.739999771118164,9.739999771118164,328456
1456,2026-09-14,14.0,14.550000190734863,13.899999618530273,14.149999618530273,120000
1457,2026-09-14,14.5,14.5,14.350000381469727,14.449999809265137,150823
1459,2026-09-14,15.600000381469727,15.600000381469727,15.350000381469727,15.350000381469727,31293
1463,2026-09-14,16.950000762939453,17.450000762939453,16.899999618530273,17.299999237060547,157010
1460,2026-09-14,6.489999771118164,6.489999771118164,6.389999866485596,6.409999847412109,280122
1464,2026-09-14,9.979999542236328,9.979999542236328,9.9399995803833,9.9399995803833,207547
1465,2026-09-14,11.899999618530273,11.949999809265137,11.75,11.899999618530273,65573
1466,2026-09-14,14.800000190734863,14.899999618530273,14.649999618530273,14.899999618530273,135021
1467,2026-09-14,7.960000038146973,8.0,7.920000076293945,7.949999809265137,76711
1468,2026-09-14,13.0,13.199999809265137,12.699999809265137,13.199999809265137,70000
1470,2026-09-14,23.850000381469727,23.850000381469727,23.850000381469727,23.850000381469727,1025
1471,2026-09-14,9.5,9.59000015258789,9.350000381469727,9.399999618530273,126318
1473,2026-09-14,19.700000762939453,19.799999237060547,19.700000762939453,19.799999237060547,25401
1475,2026-09-14,26.049999237060547,26.049999237060547,25.799999237060547,25.799999237060547,28000
1474,2026-09-14,9.899999618530273,9.90999984741211,9.8100004196167,9.90999984741211,37000
1476,2026-09-14,291.0,291.0,285.0,287.5,735276
1477,2026-09-14,195.0,195.5,193.0,194.5,552681
1506,2026-09-14,9.899999618530273,9.899999618530273,9.729999542236328,9.789999961853027,286586
1503,2026-09-14,201.0,205.0,197.5,198.0,1938252
1504,2026-09-14,70.4000015258789,72.30000305175781,69.80000305175781,70.5,7584621
1512,2026-09-14,6.190000057220459,6.239999771118164,6.079999923706055,6.150000095367432,24004
1513,2026-09-14,164.0,165.5,163.5,164.0,1092807
1514,2026-09-14,100.0,101.5,99.5999984741211,100.5,844942
1515,2026-09-14,30.450000762939453,30.850000381469727,29.799999237060547,29.950000762939453,786148
1516,2026-09-14,13.899999618530273,14.149999618530273,13.899999618530273,14.0,16042
1517,2026-09-14,10.550000190734863,10.550000190734863,10.300000190734863,10.449999809265137,232496
1521,2026-09-14,24.700000762939453,24.700000762939453,24.299999237060547,24.450000762939453,31003
1519,2026-09-14,708.0,725.0,702.0,702.0,1268879
1522,2026-09-14,25.399999618530273,25.399999618530273,25.0,25.100000381469727,461821
1524,2026-09-14,25.950000762939453,26.200000762939453,25.700000762939453,25.899999618530273,125365
1526,2026-09-14,15.399999618530273,15.399999618530273,14.949999809265137,15.0,122026
1525,2026-09-14,64.5,64.5999984741211,64.5,64.5999984741211,3200
1527,2026-09-14,32.400001525878906,32.400001525878906,32.099998474121094,32.25,128847
1528,2026-09-14,21.549999237060547,23.299999237060547,21.399999618530273,23.299999237060547,15529649
1530,2026-09-14,27.350000381469727,27.450000762939453,27.299999237060547,27.450000762939453,14648
1529,2026-09-14,15.699999809265137,15.850000381469727,15.550000190734863,15.800000190734863,169141
1531,2026-09-14,11.649999618530273,11.75,11.5,11.600000381469727,71029
1532,2026-09-14,22.600000381469727,22.75,22.450000762939453,22.649999618530273,211795
1533,2026-09-14,30.399999618530273,30.399999618530273,30.0,30.0,153576
1535,2026-09-14,45.0,45.0,44.599998474121094,44.599998474121094,76608
1536,2026-09-14,47.150001525878906,47.400001525878906,46.70000076293945,47.0,567448
1537,2026-09-14,115.0,115.0,114.0,114.5,67446
1539,2026-09-14,15.5,15.699999809265137,15.449999809265137,15.649999618530273,20118
1540,2026-09-14,19.299999237060547,19.299999237060547,19.049999237060547,19.200000762939453,124833
1541,2026-09-14,20.649999618530273,20.899999618530273,20.600000381469727,20.899999618530273,11000
1558,2026-09-14,108.5,108.5,107.0,107.5,116917
1560,2026-09-14,775.0,776.0,740.0,756.0,1836515
1563,2026-09-14,75.4000015258789,75.4000015258789,73.5999984741211,74.69999694824219,334733
1568,2026-09-14,28.149999618530273,29.100000381469727,27.899999618530273,29.0,205406
1582,2026-09-14,70.30000305175781,70.30000305175781,68.9000015258789,69.5,270433
1587,2026-09-14,23.649999618530273,23.899999618530273,23.299999237060547,23.299999237060547,175246
1583,2026-09-14,47.150001525878906,47.20000076293945,47.099998474121094,47.20000076293945,5187
1590,2026-09-14,1255.0,1275.0,1250.0,1275.0,361585
1597,2026-09-14,144.5,144.5,137.5,139.0,1512038
1598,2026-09-14,20.5,20.649999618530273,20.200000762939453,20.200000762939453,89496
1603,2026-09-14,30.0,30.049999237060547,29.700000762939453,29.899999618530273,116879
1604,2026-09-14,23.399999618530273,23.450000762939453,23.350000381469727,23.399999618530273,109569
1608,2026-09-14,36.20000076293945,36.20000076293945,35.650001525878906,35.95000076293945,1204052
1605,2026-09-14,37.0,37.20000076293945,36.29999923706055,36.849998474121094,13507492
1609,2026-09-14,37.54999923706055,37.70000076293945,37.29999923706055,37.400001525878906,1656394
1611,2026-09-14,11.550000190734863,11.550000190734863,11.399999618530273,11.399999618530273,327483
1612,2026-09-14,34.599998474121094,34.849998474121094,34.54999923706055,34.75,197730
1614,2026-09-14,31.0,31.0,30.899999618530273,30.950000762939453,71987
1615,2026-09-14,43.5,43.5,43.04999923706055,43.400001525878906,94272
1616,2026-09-14,19.049999237060547,19.100000381469727,18.399999618530273,18.450000762939453,174148
1617,2026-09-14,17.549999237060547,17.899999618530273,17.299999237060547,17.75,121901
1618,2026-09-14,38.79999923706055,38.95000076293945,38.599998474121094,38.79999923706055,206347
1623,2026-09-14,204.0,205.5,203.5,203.5,39126
1702,2026-09-14,32.20000076293945,32.349998474121094,32.099998474121094,32.349998474121094,103118
1707,2026-09-14,89.0,89.0,87.0,87.0999984741211,747805
1708,2026-09-14,48.79999923706055,48.79999923706055,47.75,48.0,1026817
1709,2026-09-14,36.20000076293945,36.70000076293945,35.29999923706055,36.0,9300454
1710,2026-09-14,16.100000381469727,16.100000381469727,15.550000190734863,16.0,4383703
1711,2026-09-14,37.95000076293945,38.150001525878906,37.04999923706055,37.79999923706055,2385550
1712,2026-09-14,40.099998474121094,40.75,39.650001525878906,39.79999923706055,600204
1713,2026-09-14,42.400001525878906,43.099998474121094,42.150001525878906,42.349998474121094,786195
1714,2026-09-14,14.699999809265137,15.149999618530273,14.649999618530273,15.0,12497985
1717,2026-09-14,70.4000015258789,70.4000015258789,68.19999694824219,69.19999694824219,7659553
1718,2026-09-14,10.350000381469727,10.649999618530273,10.199999809265137,10.550000190734863,10050254
1720,2026-09-14,55.900001525878906,56.0,55.70000076293945,55.900001525878906,99354
1721,2026-09-14,22.399999618530273,22.399999618530273,21.549999237060547,21.700000762939453,438633
1722,2026-09-14,42.849998474121094,42.849998474121094,42.29999923706055,42.349998474121094,3281214
1723,2026-09-14,81.69999694824219,81.80000305175781,80.19999694824219,81.5999984741211,465828
1725,2026-09-14,32.79999923706055,33.0,32.400001525878906,33.0,19260
1726,2026-09-14,76.69999694824219,76.69999694824219,76.4000015258789,76.5999984741211,17502
1727,2026-09-14,89.0,89.69999694824219,86.19999694824219,88.5,1486930
1731,2026-09-14,21.0,21.049999237060547,20.799999237060547,20.899999618530273,41158
1730,2026-09-14,51.20000076293945,51.5,51.20000076293945,51.400001525878906,20404
1733,2026-09-14,30.700000762939453,30.700000762939453,30.200000762939453,30.25,74718
1734,2026-09-14,30.950000762939453,31.200000762939453,30.899999618530273,31.200000762939453,101697
1735,2026-09-14,19.75,19.950000762939453,19.700000762939453,19.700000762939453,57394
1736,2026-09-14,130.0,130.0,124.0,125.5,566793
1737,2026-09-14,30.549999237060547,30.549999237060547,30.25,30.399999618530273,382100
1752,2026-09-14,31.350000381469727,31.450000762939453,31.200000762939453,31.299999237060547,26777
1760,2026-09-14,54.20000076293945,54.29999923706055,53.400001525878906,53.900001525878906,89816
1762,2026-09-14,33.29999923706055,33.5,32.95000076293945,33.5,49256
1773,2026-09-14,158.0,158.0,155.0,157.0,411173
1776,2026-09-14,17.299999237060547,17.600000381469727,17.299999237060547,17.549999237060547,17475
1783,2026-09-14,36.45000076293945,36.54999923706055,36.29999923706055,36.349998474121094,93594
1786,2026-09-14,42.5,43.400001525878906,42.29999923706055,43.400001525878906,74891
1789,2026-09-14,18.149999618530273,18.149999618530273,18.0,18.049999237060547,474898
1795,2026-09-14,173.0,175.0,170.5,174.0,507845
1802,2026-09-14,57.70000076293945,58.400001525878906,56.400001525878906,57.599998474121094,10719172
1805,2026-09-14,10.100000381469727,10.100000381469727,10.100000381469727,10.100000381469727,11222
1806,2026-09-14,8.0,8.039999961853027,7.949999809265137,8.029999732971191,49367
1808,2026-09-14,34.04999923706055,34.29999923706055,33.099998474121094,33.150001525878906,1476659
1809,2026-09-14,37.400001525878906,38.099998474121094,36.25,37.25,867494
1817,2026-09-14,40.25,40.45000076293945,40.150001525878906,40.29999923706055,25240
1810,2026-09-14,24.0,24.399999618530273,23.75,23.799999237060547,1800558
1903,2026-09-14,47.0,47.5,46.75,47.5,74833
1904,2026-09-14,24.799999237060547,24.950000762939453,24.450000762939453,24.899999618530273,1093845
1905,2026-09-14,13.149999618530273,13.25,13.100000381469727,13.149999618530273,1066699
1906,2026-09-14,10.899999618530273,11.0,10.850000381469727,11.0,29923
1907,2026-09-14,28.700000762939453,29.0,28.600000381469727,28.899999618530273,613205
1909,2026-09-14,10.300000190734863,10.350000381469727,10.199999809265137,10.25,1590062
2002,2026-09-14,18.899999618530273,18.950000762939453,18.75,18.799999237060547,18754955
2006,2026-09-14,81.69999694824219,82.5999984741211,81.30000305175781,82.0,703160
2007,2026-09-14,6.789999961853027,6.840000152587891,6.739999771118164,6.800000190734863,119614
2008,2026-09-14,30.549999237060547,30.549999237060547,30.549999237060547,30.549999237060547,2287
2010,2026-09-14,22.0,22.0,21.700000762939453,21.799999237060547,764333
2009,2026-09-14,38.75,38.849998474121094,38.04999923706055,38.650001525878906,1346181
2012,2026-09-14,14.100000381469727,14.149999618530273,13.899999618530273,14.0,49437
2013,2026-09-14,42.0,42.04999923706055,41.349998474121094,41.54999923706055,52472
2014,2026-09-14,16.549999237060547,16.549999237060547,16.399999618530273,16.5,1991364
2015,2026-09-14,64.0,64.5,63.79999923706055,64.5,98207
2017,2026-09-14,8.75,8.760000228881836,8.609999656677246,8.699999809265137,279918
2020,2026-09-14,21.600000381469727,21.600000381469727,21.350000381469727,21.5,180831
2023,2026-09-14,13.800000190734863,13.850000381469727,13.800000190734863,13.800000190734863,377137
2022,2026-09-14,7.289999961853027,7.340000152587891,7.190000057220459,7.230000019073486,199023
2025,2026-09-14,12.300000190734863,12.300000190734863,12.100000381469727,12.149999618530273,177762
2028,2026-09-14,15.699999809265137,15.699999809265137,15.550000190734863,15.600000381469727,56013
2027,2026-09-14,46.5,46.54999923706055,45.70000076293945,45.75,7729177
2029,2026-09-14,21.0,21.0,20.799999237060547,20.850000381469727,196430
2030,2026-09-14,23.5,23.600000381469727,23.200000762939453,23.299999237060547,956869
2031,2026-09-14,43.95000076293945,43.95000076293945,43.20000076293945,43.349998474121094,448183
2032,2026-09-14,17.0,17.0,16.549999237060547,16.600000381469727,209185
2033,2026-09-14,28.149999618530273,29.899999618530273,26.0,26.649999618530273,1843573
2034,2026-09-14,20.5,20.5,20.049999237060547,20.149999618530273,454980
2038,2026-09-14,12.0,12.100000381469727,11.850000381469727,11.949999809265137,126420
2049,2026-09-14,349.5,350.0,323.5,323.5,9043570
2059,2026-09-14,11900.0,12025.0,11785.0,11985.0,216845
2062,2026-09-14,18.100000381469727,18.149999618530273,18.0,18.100000381469727,165406
2069,2026-09-14,24.649999618530273,24.649999618530273,23.450000762939453,23.75,2044316
2072,2026-09-14,127.0,129.5,126.5,128.0,167604
2101,2026-09-14,30.25,30.299999237060547,29.850000381469727,30.200000762939453,1266094
2102,2026-09-14,17.950000762939453,17.950000762939453,17.75,17.899999618530273,64627
2103,2026-09-14,25.700000762939453,25.75,25.149999618530273,25.5,2524855
2104,2026-09-14,10.449999809265137,10.449999809265137,10.25,10.350000381469727,2065855
2105,2026-09-14,30.299999237060547,30.399999618530273,30.049999237060547,30.200000762939453,3025773
2106,2026-09-14,16.649999618530273,16.649999618530273,16.5,16.600000381469727,551546
2107,2026-09-14,26.549999237060547,26.899999618530273,26.549999237060547,26.75,130852
2108,2026-09-14,28.350000381469727,28.350000381469727,27.299999237060547,28.100000381469727,1222107
2109,2026-09-14,14.699999809265137,14.850000381469727,14.699999809265137,14.800000190734863,58186
2114,2026-09-14,89.19999694824219,89.19999694824219,88.9000015258789,89.19999694824219,15371
2115,2026-09-14,23.649999618530273,23.950000762939453,23.649999618530273,23.850000381469727,51140
2201,2026-09-14,30.0,30.450000762939453,29.850000381469727,30.25,2306904
2204,2026-09-14,52.599998474121094,52.70000076293945,52.29999923706055,52.599998474121094,271415
2206,2026-09-14,62.5,63.29999923706055,62.5,63.0,382819
2207,2026-09-14,527.0,539.0,525.0,539.0,143311
2208,2026-09-14,19.25,19.25,19.0,19.0,1859929
2211,2026-09-14,82.69999694824219,82.69999694824219,80.0999984741211,80.4000015258789,2130973
2227,2026-09-14,46.849998474121094,46.849998474121094,46.25,46.54999923706055,38628
2228,2026-09-14,74.69999694824219,75.30000305175781,74.69999694824219,74.9000015258789,43355
2231,2026-09-14,89.4000015258789,90.0999984741211,88.5,89.69999694824219,80662
2233,2026-09-14,160.0,160.0,154.0,157.5,627264
2236,2026-09-14,122.5,122.5,118.0,118.5,272860
2239,2026-09-14,19.5,19.5,19.100000381469727,19.399999618530273,6020
2241,2026-09-14,33.20000076293945,33.849998474121094,32.849998474121094,33.54999923706055,234621
2243,2026-09-14,50.0,50.0,47.599998474121094,47.900001525878906,363308
2247,2026-09-14,227.0,229.0,227.0,229.0,13935
2248,2026-09-14,59.0,59.5,58.900001525878906,59.29999923706055,16928
2250,2026-09-14,55.20000076293945,56.20000076293945,55.099998474121094,55.20000076293945,48482
2301,2026-09-14,273.5,281.5,272.0,278.5,10446503
2302,2026-09-14,40.650001525878906,42.95000076293945,40.099998474121094,41.79999923706055,2329755
2303,2026-09-14,136.5,143.5,135.0,142.5,122389286
2305,2026-09-14,40.45000076293945,45.150001525878906,39.5,45.150001525878906,33321557
2308,2026-09-14,1560.0,1630.0,1560.0,1620.0,7766454
2312,2026-09-14,30.399999618530273,31.649999618530273,30.0,30.950000762939453,8279520
2313,2026-09-14,215.5,222.0,213.0,220.5,11959516
2314,2026-09-14,10.5,11.5,10.5,11.300000190734863,143852
2316,2026-09-14,156.5,157.5,152.5,155.5,984870
2317,2026-09-14,244.5,249.5,243.5,248.5,19739714
2323,2026-09-14,10.649999618530273,10.699999809265137,10.550000190734863,10.550000190734863,2917103
2324,2026-09-14,37.5,38.349998474121094,37.29999923706055,37.95000076293945,36443422
2327,2026-09-14,525.0,550.0,520.0,543.0,20550691
2329,2026-09-14,41.25,42.400001525878906,40.900001525878906,42.04999923706055,1432583
2328,2026-09-14,45.45000076293945,46.25,45.04999923706055,45.650001525878906,930314
2330,2026-09-14,2385.0,2395.0,2380.0,2385.0,18694508
2331,2026-09-14,18.5,18.850000381469727,18.399999618530273,18.75,609618
2332,2026-09-14,18.799999237060547,19.100000381469727,18.649999618530273,18.950000762939453,5934131
2337,2026-09-14,116.5,117.5,114.5,116.0,20371216
2338,2026-09-14,46.099998474121094,52.400001525878906,45.400001525878906,48.650001525878906,52123066
2340,2026-09-14,31.100000381469727,33.20000076293945,30.799999237060547,32.349998474121094,2907470
2342,2026-09-14,37.04999923706055,40.150001525878906,36.79999923706055,39.599998474121094,2397990
2344,2026-09-14,166.5,167.5,160.0,160.5,112953515
2345,2026-09-14,1840.0,1895.0,1830.0,1865.0,2718228
2347,2026-09-14,89.4000015258789,90.19999694824219,88.5999984741211,90.0,1684033
2348,2026-09-14,70.0,70.69999694824219,69.0999984741211,70.30000305175781,260329
2349,2026-09-14,10.350000381469727,10.399999618530273,10.100000381469727,10.25,1090004
2351,2026-09-14,234.0,257.0,228.5,257.0,13719401
2352,2026-09-14,28.600000381469727,29.049999237060547,28.200000762939453,28.799999237060547,4235597
2354,2026-09-14,64.69999694824219,64.9000015258789,63.29999923706055,64.69999694824219,7998990
2353,2026-09-14,31.0,31.549999237060547,30.950000762939453,31.399999618530273,10634782
2355,2026-09-14,41.45000076293945,41.5,40.849998474121094,41.0,823308
2356,2026-09-14,61.0,62.29999923706055,61.0,61.79999923706055,7353467
2359,2026-09-14,127.0,128.5,125.0,126.5,1252944
2357,2026-09-14,900.0,936.0,900.0,935.0,2317626
2360,2026-09-14,2105.0,2180.0,2080.0,2145.0,1071040
2362,2026-09-14,46.5,47.25,46.400001525878906,46.79999923706055,457268
2363,2026-09-14,50.0,52.29999923706055,49.70000076293945,51.5,3460890
2364,2026-09-14,62.599998474121094,65.0999984741211,61.599998474121094,65.0,271347
2365,2026-09-14,27.700000762939453,28.100000381469727,27.549999237060547,27.75,379148
2367,2026-09-14,40.099998474121094,40.599998474121094,39.70000076293945,40.0,2410064
2368,2026-09-14,985.0,1035.0,978.0,1015.0,4433311
2369,2026-09-14,29.200000762939453,29.600000381469727,28.75,29.25,1863834
2371,2026-09-14,27.700000762939453,28.200000762939453,27.600000381469727,27.75,8039438
2373,2026-09-14,52.79999923706055,53.0,52.599998474121094,52.900001525878906,23129
2374,2026-09-14,67.0,67.19999694824219,65.9000015258789,66.69999694824219,1298412
2375,2026-09-14,116.0,123.0,114.5,120.0,1739397
2376,2026-09-14,346.0,348.5,343.0,345.5,2521133
2377,2026-09-14,148.0,152.5,148.0,151.0,6511582
2379,2026-09-14,690.0,732.0,686.0,713.0,2468973
2380,2026-09-14,16.950000762939453,17.100000381469727,16.700000762939453,17.0,104076
2382,2026-09-14,330.0,334.0,328.5,332.5,6853048
2383,2026-09-14,5270.0,5395.0,5230.0,5340.0,1099428
2387,2026-09-14,36.349998474121094,36.349998474121094,36.0,36.099998474121094,111440
2385,2026-09-14,104.5,105.5,103.5,105.0,1022560
2388,2026-09-14,74.69999694824219,74.80000305175781,72.5,72.5999984741211,2486235
2390,2026-09-14,10.100000381469727,10.100000381469727,9.8100004196167,9.960000038146973,571379
2392,2026-09-14,42.04999923706055,42.400001525878906,41.04999923706055,41.70000076293945,1777527
2393,2026-09-14,61.400001525878906,62.29999923706055,61.0,62.099998474121094,694281
2395,2026-09-14,663.0,684.0,653.0,671.0,2397387
2397,2026-09-14,59.29999923706055,60.0,58.79999923706055,59.79999923706055,93820
2399,2026-09-14,45.099998474121094,45.349998474121094,44.25,44.900001525878906,1530964
2401,2026-09-14,23.899999618530273,24.5,23.700000762939453,24.149999618530273,1301460
2402,2026-09-14,54.0,54.900001525878906,53.20000076293945,54.400001525878906,660280
2404,2026-09-14,995.0,1040.0,992.0,1015.0,900065
2405,2026-09-14,14.699999809265137,14.800000190734863,14.550000190734863,14.699999809265137,432514
2406,2026-09-14,26.399999618530273,27.0,26.100000381469727,26.600000381469727,1557240
2408,2026-09-14,477.5,486.0,470.0,473.0,44317688
2409,2026-09-14,29.25,29.75,28.799999237060547,28.799999237060547,276435486
2413,2026-09-14,49.20000076293945,51.70000076293945,48.79999923706055,50.20000076293945,4857421
2412,2026-09-14,141.0,142.0,140.5,142.0,14961291
2414,2026-09-14,53.400001525878906,53.400001525878906,52.400001525878906,52.70000076293945,75812
2415,2026-09-14,27.049999237060547,27.549999237060547,26.700000762939453,27.049999237060547,85075
2417,2026-09-14,38.04999923706055,38.650001525878906,37.79999923706055,38.25,159289
2419,2026-09-14,27.299999237060547,27.399999618530273,26.850000381469727,26.850000381469727,599217
2420,2026-09-14,53.20000076293945,54.099998474121094,52.900001525878906,53.79999923706055,211571
2421,2026-09-14,161.0,165.0,161.0,163.5,1876835
2423,2026-09-14,71.4000015258789,73.5,71.4000015258789,72.9000015258789,61103
2424,2026-09-14,7.699999809265137,8.010000228881836,7.699999809265137,7.940000057220459,48000
2425,2026-09-14,36.95000076293945,37.150001525878906,36.04999923706055,36.099998474121094,372963
2426,2026-09-14,94.0,96.30000305175781,92.5,94.0,26562450
2427,2026-09-14,22.850000381469727,23.450000762939453,22.649999618530273,22.799999237060547,2331872
2428,2026-09-14,252.5,256.5,247.5,253.5,793326
2429,2026-09-14,30.5,31.0,30.100000381469727,30.600000381469727,150386
2430,2026-09-14,17.75,17.850000381469727,17.700000762939453,17.700000762939453,28612
2431,2026-09-14,9.9399995803833,9.960000038146973,9.899999618530273,9.920000076293945,78220
2433,2026-09-14,41.04999923706055,41.04999923706055,40.70000076293945,40.70000076293945,51957
2434,2026-09-14,59.5,65.5999984741211,59.099998474121094,61.599998474121094,758278
2436,2026-09-14,66.19999694824219,69.30000305175781,65.5999984741211,68.19999694824219,3568494
2438,2026-09-14,18.5,19.399999618530273,18.5,19.100000381469727,46395
2439,2026-09-14,76.5999984741211,77.30000305175781,75.19999694824219,77.0,527860
2440,2026-09-14,13.800000190734863,13.850000381469727,13.699999809265137,13.800000190734863,94348
2441,2026-09-14,110.5,115.5,109.5,115.0,2477852
2442,2026-09-14,14.850000381469727,14.850000381469727,14.550000190734863,14.649999618530273,1245835
2449,2026-09-14,257.0,265.0,253.0,263.0,10567307
2444,2026-09-14,11.100000381469727,11.899999618530273,11.0,11.75,746282
2450,2026-09-14,28.200000762939453,28.299999237060547,28.149999618530273,28.200000762939453,60863
2451,2026-09-14,274.5,275.5,270.0,272.5,1331331
2453,2026-09-14,53.29999923706055,56.0,53.20000076293945,55.099998474121094,2357184
2454,2026-09-14,4475.0,4650.0,4435.0,4565.0,5523435
2455,2026-09-14,497.0,535.0,493.0,529.0,1369082
2457,2026-09-14,21.600000381469727,21.899999618530273,21.5,21.600000381469727,600348
2459,2026-09-14,65.5,65.5999984741211,65.0,65.30000305175781,46439
2458,2026-09-14,126.0,127.5,124.5,126.5,1112778
2460,2026-09-14,30.049999237060547,30.049999237060547,29.100000381469727,29.399999618530273,226192
2461,2026-09-14,17.799999237060547,17.850000381469727,17.25,17.450000762939453,256169
2462,2026-09-14,19.0,19.299999237060547,19.0,19.200000762939453,121027
2464,2026-09-14,184.5,184.5,175.0,176.5,8889623
2465,2026-09-14,87.5,90.4000015258789,87.4000015258789,89.0,1089595
2466,2026-09-14,104.0,107.5,103.5,104.5,1579707
2467,2026-09-14,537.0,545.0,527.0,536.0,835196
2468,2026-09-14,38.79999923706055,39.349998474121094,38.400001525878906,39.349998474121094,2173232
2471,2026-09-14,51.0,52.5,50.79999923706055,51.20000076293945,1023980
2472,2026-09-14,209.0,214.5,205.0,210.5,1373634
2474,2026-09-14,203.5,206.0,203.0,205.5,1244061
2476,2026-09-14,117.5,120.5,115.0,119.0,1003579
2477,2026-09-14,22.0,22.0,21.700000762939453,21.799999237060547,26077
2478,2026-09-14,115.5,121.0,114.0,119.0,1661096
2480,2026-09-14,159.0,163.5,158.0,158.0,562081
2481,2026-09-14,148.0,164.0,146.0,158.5,57748928
2482,2026-09-14,15.699999809265137,15.949999809265137,15.649999618530273,15.899999618530273,29453
2483,2026-09-14,30.149999618530273,31.149999618530273,29.600000381469727,30.950000762939453,543302
2484,2026-09-14,65.4000015258789,68.5,64.69999694824219,67.5,3289450
2485,2026-09-14,38.20000076293945,39.150001525878906,38.0,38.599998474121094,1192073
2486,2026-09-14,231.5,238.5,228.0,235.5,3396343
2488,2026-09-14,48.25,48.70000076293945,48.25,48.400001525878906,75437
2489,2026-09-14,36.79999923706055,40.400001525878906,36.20000076293945,39.349998474121094,19455102
2491,2026-09-14,39.25,41.150001525878906,38.79999923706055,39.70000076293945,884918
2492,2026-09-14,303.0,309.5,291.0,303.0,26672520
2493,2026-09-14,171.0,173.5,167.5,171.5,522879
2495,2026-09-14,37.45000076293945,37.5,36.349998474121094,37.29999923706055,1016514
2496,2026-09-14,55.5,55.5,54.79999923706055,54.900001525878906,7381
2497,2026-09-14,43.099998474121094,43.54999923706055,42.29999923706055,43.099998474121094,120267
2498,2026-09-14,39.900001525878906,40.25,39.849998474121094,39.95000076293945,1391220
2501,2026-09-14,22.100000381469727,22.100000381469727,21.799999237060547,21.850000381469727,1568914
2504,2026-09-14,31.5,31.5,30.950000762939453,31.0,1027813
2505,2026-09-14,17.299999237060547,17.399999618530273,17.149999618530273,17.350000381469727,52484
2506,2026-09-14,8.649999618530273,8.649999618530273,8.5600004196167,8.59000015258789,159993
2511,2026-09-14,8.390000343322754,8.430000305175781,8.380000114440918,8.40999984741211,365399
2509,2026-09-14,14.449999809265137,14.449999809265137,14.300000190734863,14.350000381469727,33352
2514,2026-09-14,11.600000381469727,11.600000381469727,11.449999809265137,11.550000190734863,116961
2515,2026-09-14,12.0,12.0,11.899999618530273,11.949999809265137,1862761
2516,2026-09-14,14.5,14.649999618530273,14.449999809265137,14.5,77222
2520,2026-09-14,36.04999923706055,36.5,36.04999923706055,36.5,864675
2524,2026-09-14,33.900001525878906,34.25,33.79999923706055,34.25,59957
2527,2026-09-14,42.849998474121094,43.900001525878906,42.849998474121094,43.70000076293945,218079
2530,2026-09-14,19.350000381469727,20.600000381469727,19.350000381469727,20.549999237060547,1629905
2528,2026-09-14,20.100000381469727,20.100000381469727,19.600000381469727,19.600000381469727,183622
2534,2026-09-14,16.799999237060547,16.899999618530273,16.700000762939453,16.799999237060547,173688
2535,2026-09-14,89.0999984741211,89.69999694824219,88.5,89.5999984741211,197406
2536,2026-09-14,19.0,19.350000381469727,18.950000762939453,19.350000381469727,384709
2537,2026-09-14,11.399999618530273,11.399999618530273,11.149999618530273,11.25,833824
2538,2026-09-14,8.739999771118164,8.739999771118164,8.640000343322754,8.65999984741211,253852
2539,2026-09-14,34.95000076293945,35.04999923706055,34.599998474121094,34.599998474121094,749330
2540,2026-09-14,49.04999923706055,49.099998474121094,47.900001525878906,47.95000076293945,324066
2542,2026-09-14,46.29999923706055,46.349998474121094,45.25,45.75,8119155
2543,2026-09-14,37.79999923706055,38.0,37.20000076293945,37.70000076293945,489974
2546,2026-09-14,101.0,103.0,100.5,102.5,93239
2547,2026-09-14,9.829999923706055,9.829999923706055,9.739999771118164,9.760000228881836,1306217
2545,2026-09-14,33.54999923706055,33.54999923706055,33.099998474121094,33.150001525878906,171881
2548,2026-09-14,94.5999984741211,94.5999984741211,92.9000015258789,93.0999984741211,1161273
2597,2026-09-14,168.5,170.0,167.0,167.0,126447
2603,2026-09-14,235.0,237.0,230.5,236.0,11386565
2601,2026-09-14,6.519999980926514,6.519999980926514,6.349999904632568,6.420000076293945,1801294
2605,2026-09-14,36.5,37.099998474121094,35.900001525878906,36.099998474121094,6271925
2607,2026-09-14,52.599998474121094,53.099998474121094,52.400001525878906,53.0,175720
2608,2026-09-14,28.799999237060547,28.799999237060547,28.600000381469727,28.649999618530273,163994
2606,2026-09-14,76.5,77.0,75.19999694824219,76.0,2387654
2609,2026-09-14,60.0,60.0,58.29999923706055,59.400001525878906,27341049
2610,2026-09-14,20.200000762939453,20.25,20.100000381469727,20.149999618530273,6360900
2611,2026-09-14,13.899999618530273,13.899999618530273,13.699999809265137,13.850000381469727,186812
2612,2026-09-14,65.0999984741211,65.0999984741211,62.900001525878906,63.70000076293945,483760
2613,2026-09-14,22.299999237060547,22.299999237060547,22.0,22.0,236322
2614,2026-09-14,17.950000762939453,17.950000762939453,17.75,17.799999237060547,442255
2615,2026-09-14,113.0,114.5,110.0,113.0,11427591
2616,2026-09-14,13.399999618530273,13.399999618530273,13.300000190734863,13.300000190734863,55654
2617,2026-09-14,33.70000076293945,33.849998474121094,32.599998474121094,33.04999923706055,1730086
2618,2026-09-14,42.099998474121094,42.349998474121094,41.650001525878906,42.0,8974041
2630,2026-09-14,48.20000076293945,49.0,48.0,48.04999923706055,807637
2633,2026-09-14,25.950000762939453,26.100000381469727,25.950000762939453,26.0,2223612
2634,2026-09-14,64.69999694824219,65.30000305175781,63.79999923706055,63.79999923706055,8180425
2636,2026-09-14,70.0,70.69999694824219,69.30000305175781,69.80000305175781,319158
2637,2026-09-14,102.0,102.0,99.30000305175781,100.5,3369155
2642,2026-09-14,20.200000762939453,20.25,20.100000381469727,20.200000762939453,34917
2645,2026-09-14,172.0,174.0,171.0,173.5,711591
2646,2026-09-14,20.200000762939453,20.200000762939453,20.100000381469727,20.149999618530273,3079710
2701,2026-09-14,10.350000381469727,10.399999618530273,10.25,10.300000190734863,62600
2702,2026-09-14,12.550000190734863,12.649999618530273,12.5,12.649999618530273,27433
2704,2026-09-14,45.25,45.900001525878906,45.25,45.650001525878906,52359
2705,2026-09-14,15.449999809265137,15.5,15.100000381469727,15.199999809265137,180577
2706,2026-09-14,12.199999809265137,12.199999809265137,12.100000381469727,12.199999809265137,80444
2707,2026-09-14,177.5,178.0,177.0,178.0,71124
2712,2026-09-14,14.199999809265137,14.199999809265137,13.699999809265137,14.050000190734863,47000
2722,2026-09-14,21.799999237060547,21.850000381469727,21.350000381469727,21.549999237060547,7115
2723,2026-09-14,77.5,78.4000015258789,76.30000305175781,78.0999984741211,246450
2727,2026-09-14,228.5,229.0,227.0,228.0,188706
2731,2026-09-14,141.0,141.5,139.0,141.0,317721
2739,2026-09-14,37.099998474121094,37.5,36.54999923706055,36.900001525878906,75648
2748,2026-09-14,38.650001525878906,38.900001525878906,38.54999923706055,38.900001525878906,36130
2753,2026-09-14,178.5,178.5,176.5,177.5,94144
2762,2026-09-14,79.4000015258789,80.0,79.19999694824219,79.9000015258789,37399
2801,2026-09-14,27.899999618530273,28.649999618530273,27.799999237060547,28.549999237060547,48926064
2812,2026-09-14,19.5,19.5,19.299999237060547,19.450000762939453,14655165
2816,2026-09-14,39.20000076293945,39.5,39.0,39.20000076293945,232137
2820,2026-09-14,17.299999237060547,17.450000762939453,17.200000762939453,17.450000762939453,2767352
2832,2026-09-14,56.099998474121094,56.70000076293945,55.79999923706055,56.5,293305
2834,2026-09-14,18.0,18.399999618530273,17.850000381469727,18.350000381469727,64080936
2836,2026-09-14,12.25,12.399999618530273,12.149999618530273,12.350000381469727,2522375
2838,2026-09-14,21.0,21.649999618530273,21.0,21.600000381469727,2188115
2845,2026-09-14,13.600000381469727,13.850000381469727,13.5,13.850000381469727,12269202
2849,2026-09-14,15.649999618530273,16.200000762939453,15.350000381469727,16.049999237060547,305214
2850,2026-09-14,157.5,157.5,155.5,156.0,228287
2851,2026-09-14,47.099998474121094,47.599998474121094,46.400001525878906,47.599998474121094,3970370
2852,2026-09-14,28.200000762939453,28.200000762939453,27.799999237060547,27.899999618530273,192040
2855,2026-09-14,51.400001525878906,53.5,51.0,53.099998474121094,5437101
2880,2026-09-14,46.0,46.400001525878906,45.099998474121094,46.25,9409399
2881,2026-09-14,146.5,154.5,146.0,154.5,13548678
2883,2026-09-14,37.849998474121094,39.0,37.25,38.95000076293945,38878854
2882,2026-09-14,109.0,114.0,108.5,113.0,14926894
2884,2026-09-14,46.25,46.400001525878906,45.20000076293945,46.29999923706055,35527070
2885,2026-09-14,69.5,70.80000305175781,68.5999984741211,70.69999694824219,13068220
2887,2026-09-14,42.349998474121094,43.599998474121094,42.150001525878906,43.599998474121094,34267849
2886,2026-09-14,51.400001525878906,52.5,51.099998474121094,52.400001525878906,18756964
2889,2026-09-14,16.700000762939453,17.049999237060547,16.549999237060547,17.0,16286004
2890,2026-09-14,43.70000076293945,45.099998474121094,43.400001525878906,45.0,25689790
2891,2026-09-14,67.0999984741211,68.0,66.5,68.0,22742904
2892,2026-09-14,38.54999923706055,40.0,38.54999923706055,39.849998474121094,30970690
2897,2026-09-14,11.0,11.199999809265137,10.899999618530273,11.199999809265137,10226563
2901,2026-09-14,23.299999237060547,23.5,23.299999237060547,23.5,10005
2904,2026-09-14,12.550000190734863,12.649999618530273,12.5,12.649999618530273,31281
2903,2026-09-14,22.200000762939453,22.299999237060547,22.0,22.0,1097233
2905,2026-09-14,18.350000381469727,18.5,18.100000381469727,18.399999618530273,836547
2906,2026-09-14,13.899999618530273,13.899999618530273,13.75,13.850000381469727,38908
2908,2026-09-14,21.899999618530273,21.899999618530273,21.75,21.799999237060547,170167
2910,2026-09-14,23.149999618530273,23.75,23.149999618530273,23.75,4142
2911,2026-09-14,6.369999885559082,6.369999885559082,6.260000228881836,6.260000228881836,42263
2912,2026-09-14,216.0,217.0,215.5,216.5,882199
2913,2026-09-14,10.899999618530273,11.0,10.850000381469727,10.899999618530273,585080
2915,2026-09-14,56.29999923706055,57.0,56.0,56.79999923706055,1362305
2923,2026-09-14,24.0,25.25,24.0,25.0,119631
2929,2026-09-14,5.789999961853027,5.789999961853027,5.619999885559082,5.75,147224
2939,2026-09-14,19.700000762939453,19.799999237060547,19.649999618530273,19.700000762939453,12006
2945,2026-09-14,39.849998474121094,39.849998474121094,39.849998474121094,39.849998474121094,2455
3002,2026-09-14,17.049999237060547,17.049999237060547,16.75,16.850000381469727,32098
3003,2026-09-14,56.79999923706055,57.599998474121094,55.5,57.20000076293945,379390
3004,2026-09-14,118.5,118.5,115.5,116.0,430871
3005,2026-09-14,114.0,118.0,114.0,116.5,2603870
3006,2026-09-14,280.5,287.5,272.0,272.0,12107379
3008,2026-09-14,6395.0,6420.0,5995.0,5995.0,2583316
3010,2026-09-14,124.0,125.5,123.5,125.5,298867
3011,2026-09-14,9.779999732971191,9.880000114440918,9.350000381469727,9.380000114440918,1147606
3013,2026-09-14,84.4000015258789,85.0999984741211,83.5,83.69999694824219,502178
3014,2026-09-14,130.0,131.0,128.5,130.5,360120
3015,2026-09-14,51.099998474121094,52.099998474121094,50.79999923706055,51.900001525878906,228081
3016,2026-09-14,104.0,117.0,102.0,112.5,19880500
3017,2026-09-14,3255.0,3360.0,3210.0,3315.0,2005357
3018,2026-09-14,11.050000190734863,11.25,11.050000190734863,11.25,9131
3019,2026-09-14,136.5,138.0,132.0,133.5,2951319
3021,2026-09-14,23.5,23.5,22.350000381469727,22.350000381469727,240179
3022,2026-09-14,82.69999694824219,87.0,82.69999694824219,86.30000305175781,1106770
3023,2026-09-14,320.0,328.0,317.0,320.5,547919
3024,2026-09-14,14.399999618530273,14.850000381469727,14.300000190734863,14.75,1064808
3025,2026-09-14,49.95000076293945,50.900001525878906,49.900001525878906,50.900001525878906,53120
3026,2026-09-14,730.0,757.0,717.0,730.0,7526299
3027,2026-09-14,17.700000762939453,17.950000762939453,17.649999618530273,17.850000381469727,96681
3028,2026-09-14,61.70000076293945,61.70000076293945,60.599998474121094,61.099998474121094,487785
3029,2026-09-14,120.0,125.0,117.0,117.5,16086035
3030,2026-09-14,263.0,263.0,258.0,260.5,507294
3031,2026-09-14,23.5,23.75,23.049999237060547,23.600000381469727,415330
3032,2026-09-14,72.0,72.0,70.0,71.0,347787
3033,2026-09-14,41.400001525878906,41.75,40.25,41.5,2635571
3034,2026-09-14,545.0,561.0,537.0,557.0,3218301
3035,2026-09-14,167.0,176.0,165.0,174.0,2557537
3036,2026-09-14,190.0,193.5,189.0,192.5,3122059
3037,2026-09-14,947.0,979.0,932.0,972.0,12149271
3038,2026-09-14,20.0,20.100000381469727,19.899999618530273,20.0,76310
3040,2026-09-14,34.79999923706055,34.79999923706055,33.25,33.45000076293945,161750
3041,2026-09-14,22.600000381469727,22.649999618530273,22.25,22.399999618530273,185105
3042,2026-09-14,173.0,180.0,171.5,178.0,5667744
3043,2026-09-14,20.049999237060547,20.149999618530273,19.799999237060547,20.149999618530273,46102
3045,2026-09-14,120.5,121.5,120.0,121.0,3080785
3044,2026-09-14,495.0,517.0,493.0,511.0,2471845
3046,2026-09-14,53.0,53.0,51.900001525878906,52.099998474121094,322880
3047,2026-09-14,13.5,13.5,13.300000190734863,13.449999809265137,361410
3048,2026-09-14,49.5,50.79999923706055,49.29999923706055,50.20000076293945,653194
3049,2026-09-14,12.100000381469727,12.149999618530273,11.899999618530273,12.050000190734863,2783196
3050,2026-09-14,11.100000381469727,11.199999809265137,11.0,11.100000381469727,213250
3051,2026-09-14,21.399999618530273,21.549999237060547,21.0,21.350000381469727,341176
3052,2026-09-14,10.399999618530273,10.399999618530273,10.25,10.300000190734863,160606
3054,2026-09-14,55.400001525878906,56.20000076293945,54.599998474121094,55.29999923706055,35481
3055,2026-09-14,149.5,158.5,148.5,157.5,1550883
3056,2026-09-14,13.699999809265137,13.699999809265137,13.449999809265137,13.649999618530273,476041
3057,2026-09-14,16.850000381469727,16.850000381469727,16.25,16.25,50720
3058,2026-09-14,8.050000190734863,8.079999923706055,8.0,8.029999732971191,254646
3059,2026-09-14,37.25,37.54999923706055,36.599998474121094,37.20000076293945,779929
3060,2026-09-14,26.399999618530273,26.700000762939453,26.200000762939453,26.25,432060
3062,2026-09-14,20.600000381469727,20.649999618530273,20.200000762939453,20.450000762939453,549837
3090,2026-09-14,161.0,165.5,157.0,162.5,3069950
3092,2026-09-14,22.799999237060547,23.0,22.299999237060547,22.600000381469727,128581
3094,2026-09-14,40.45000076293945,44.5,40.349998474121094,44.099998474121094,7302066
3130,2026-09-14,209.0,210.0,208.0,209.0,33252
3135,2026-09-14,162.0,162.0,158.0,159.5,609901
3138,2026-09-14,88.0,89.19999694824219,87.4000015258789,88.19999694824219,111331
3149,2026-09-14,61.70000076293945,61.70000076293945,59.70000076293945,61.20000076293945,3691492
3164,2026-09-14,15.899999618530273,15.899999618530273,15.75,15.75,6322
3167,2026-09-14,810.0,832.0,781.0,812.0,3648524
3168,2026-09-14,42.75,42.75,42.150001525878906,42.150001525878906,2003
3189,2026-09-14,795.0,810.0,784.0,798.0,10428440
3209,2026-09-14,44.79999923706055,45.20000076293945,44.150001525878906,44.900001525878906,684453
3229,2026-09-14,68.5999984741211,72.9000015258789,66.4000015258789,68.5999984741211,14839483
3231,2026-09-14,181.0,183.0,179.5,181.0,28412708
3257,2026-09-14,46.29999923706055,46.900001525878906,45.849998474121094,46.650001525878906,86670
3296,2026-09-14,25.549999237060547,26.549999237060547,25.299999237060547,25.549999237060547,203286
3266,2026-09-14,13.850000381469727,13.850000381469727,13.75,13.850000381469727,11370
3305,2026-09-14,98.9000015258789,101.5,98.30000305175781,100.5,509051
3308,2026-09-14,22.100000381469727,22.100000381469727,21.350000381469727,21.75,44970
3311,2026-09-14,35.400001525878906,36.5,34.099998474121094,35.150001525878906,3027244
3312,2026-09-14,47.5,48.0,46.70000076293945,47.400001525878906,460269
3321,2026-09-14,17.049999237060547,17.25,16.950000762939453,17.049999237060547,73616
3338,2026-09-14,65.30000305175781,67.0999984741211,65.0,65.80000305175781,346453
3346,2026-09-14,19.399999618530273,19.600000381469727,19.25,19.450000762939453,253137
3376,2026-09-14,180.5,187.0,178.0,181.5,7344714
3380,2026-09-14,30.299999237060547,30.649999618530273,29.700000762939453,29.75,2351265
3406,2026-09-14,1015.0,1020.0,954.0,954.0,4779690
3413,2026-09-14,275.0,281.0,271.5,275.5,688766
3416,2026-09-14,161.5,163.0,158.0,161.5,153316
3419,2026-09-14,11.0,11.0,10.899999618530273,10.949999809265137,44330
3432,2026-09-14,14.25,14.300000190734863,14.25,14.300000190734863,8001
3437,2026-09-14,17.899999618530273,18.149999618530273,17.75,17.899999618530273,511059
3443,2026-09-14,5995.0,6575.0,5850.0,6480.0,2491259
3447,2026-09-14,27.0,27.75,26.850000381469727,27.100000381469727,83250
3450,2026-09-14,490.0,535.0,489.0,511.0,11084640
3481,2026-09-14,46.900001525878906,48.25,46.25,47.650001525878906,99779761
3494,2026-09-14,6.940000057220459,7.079999923706055,6.940000057220459,7.039999961853027,11050
3501,2026-09-14,38.599998474121094,38.599998474121094,38.25,38.45000076293945,77541
3515,2026-09-14,205.0,205.5,202.0,203.5,344501
3518,2026-09-14,28.899999618530273,30.149999618530273,28.799999237060547,29.799999237060547,440659
3528,2026-09-14,81.5999984741211,82.19999694824219,81.0,81.5999984741211,108773
3530,2026-09-14,56.5,56.79999923706055,55.400001525878906,56.70000076293945,73410
3532,2026-09-14,410.0,419.0,400.0,415.5,4993189
3533,2026-09-14,1580.0,1610.0,1555.0,1610.0,624164
3535,2026-09-14,84.69999694824219,85.80000305175781,82.5999984741211,83.0999984741211,630040
3543,2026-09-14,42.04999923706055,43.849998474121094,41.0,42.04999923706055,858158
3545,2026-09-14,47.70000076293945,49.54999923706055,47.70000076293945,49.150001525878906,510569
3550,2026-09-14,21.899999618530273,22.149999618530273,21.649999618530273,21.850000381469727,476476
3557,2026-09-14,23.100000381469727,23.100000381469727,22.75,22.75,54402
3563,2026-09-14,659.0,673.0,651.0,652.0,251448
3576,2026-09-14,16.350000381469727,17.0,16.049999237060547,16.450000762939453,4366250
3504,2026-09-14,79.5,82.0,77.30000305175781,78.0,1185237
3583,2026-09-14,692.0,694.0,675.0,684.0,683521
3588,2026-09-14,51.099998474121094,52.0,51.0,51.599998474121094,72676
3592,2026-09-14,218.5,224.0,217.0,222.0,300462
3593,2026-09-14,9.729999542236328,10.149999618530273,9.729999542236328,10.149999618530273,3238
3596,2026-09-14,152.5,154.0,151.5,153.0,380019
3605,2026-09-14,120.0,127.0,118.0,125.5,7743664
3607,2026-09-14,13.600000381469727,13.649999618530273,13.449999809265137,13.600000381469727,104266
3617,2026-09-14,238.0,245.0,237.5,243.5,208897
3622,2026-09-14,45.0,45.0,43.5,44.75,324498
3652,2026-09-14,32.400001525878906,33.099998474121094,32.29999923706055,33.0,52567
3645,2026-09-14,67.0,68.5999984741211,66.80000305175781,67.69999694824219,817038
3653,2026-09-14,5580.0,5920.0,5500.0,5815.0,929782
3661,2026-09-14,3410.0,3655.0,3410.0,3610.0,1953211
3669,2026-09-14,32.5,32.5,32.150001525878906,32.349998474121094,48491
3673,2026-09-14,60.599998474121094,65.30000305175781,60.0,63.70000076293945,4147642
3665,2026-09-14,1825.0,2000.0,1810.0,1950.0,2033528
3679,2026-09-14,108.0,109.0,108.0,108.0,8145
3686,2026-09-14,14.149999618530273,14.199999809265137,14.100000381469727,14.149999618530273,60142
3701,2026-09-14,38.599998474121094,40.650001525878906,38.5,39.70000076293945,285090
3694,2026-09-14,50.0,50.0,49.150001525878906,49.70000076293945,516885
3702,2026-09-14,106.0,109.0,105.5,107.5,5154998
3703,2026-09-14,19.700000762939453,19.75,19.600000381469727,19.649999618530273,315678
3704,2026-09-14,40.400001525878906,41.599998474121094,40.099998474121094,41.20000076293945,2843666
3705,2026-09-14,55.29999923706055,55.79999923706055,55.099998474121094,55.79999923706055,100859
3706,2026-09-14,79.69999694824219,79.80000305175781,78.5,78.5999984741211,7372421
3708,2026-09-14,94.80000305175781,97.5,93.9000015258789,97.0999984741211,449773
3711,2026-09-14,599.0,620.0,596.0,612.0,8211659
3712,2026-09-14,20.700000762939453,20.850000381469727,20.25,20.700000762939453,319214
3714,2026-09-14,61.20000076293945,62.70000076293945,60.0,61.599998474121094,4643117
3715,2026-09-14,119.5,123.5,119.0,121.0,2376534
3716,2026-09-14,33.900001525878906,33.900001525878906,33.70000076293945,33.849998474121094,118273
3717,2026-09-14,21.149999618530273,21.25,20.899999618530273,21.149999618530273,503072
4104,2026-09-14,72.5,72.5,71.69999694824219,71.9000015258789,128246
4106,2026-09-14,24.299999237060547,24.5,24.299999237060547,24.350000381469727,53629
4108,2026-09-14,11.199999809265137,11.75,11.149999618530273,11.350000381469727,346572
4119,2026-09-14,58.70000076293945,58.900001525878906,58.099998474121094,58.099998474121094,144398
4133,2026-09-14,20.100000381469727,20.200000762939453,20.049999237060547,20.100000381469727,21172
4137,2026-09-14,75.19999694824219,76.69999694824219,74.5999984741211,76.19999694824219,130557
4142,2026-09-14,17.149999618530273,17.299999237060547,17.049999237060547,17.200000762939453,466258
4148,2026-09-14,34.150001525878906,35.75,34.0,34.79999923706055,152591
4155,2026-09-14,15.100000381469727,15.100000381469727,14.5,14.600000381469727,354228
4164,2026-09-14,25.399999618530273,25.549999237060547,25.100000381469727,25.149999618530273,255030
4169,2026-09-14,145.0,145.0,142.5,143.0,140756
4178,2026-09-14,16.600000381469727,16.700000762939453,16.5,16.600000381469727,42000
4190,2026-09-14,25.350000381469727,25.899999618530273,25.100000381469727,25.899999618530273,32424
4306,2026-09-14,14.699999809265137,14.699999809265137,14.600000381469727,14.649999618530273,595325
4414,2026-09-14,8.100000381469727,8.15999984741211,8.050000190734863,8.09000015258789,112821
4426,2026-09-14,7.579999923706055,7.599999904632568,7.559999942779541,7.590000152587891,45000
4438,2026-09-14,57.599998474121094,57.599998474121094,56.599998474121094,56.70000076293945,59652
4439,2026-09-14,93.9000015258789,93.9000015258789,93.30000305175781,93.9000015258789,9549
4440,2026-09-14,17.600000381469727,17.649999618530273,17.5,17.5,39058
4441,2026-09-14,172.0,173.0,171.0,173.0,46480
4526,2026-09-14,30.0,30.600000381469727,30.0,30.149999618530273,740213
4532,2026-09-14,23.350000381469727,23.600000381469727,23.299999237060547,23.549999237060547,270951
4536,2026-09-14,162.5,162.5,161.0,161.0,64796
4540,2026-09-14,57.5,57.5,55.400001525878906,56.20000076293945,998822
4545,2026-09-14,32.75,33.54999923706055,32.45000076293945,33.349998474121094,150606
4551,2026-09-14,155.0,158.5,152.0,156.5,320270
4552,2026-09-14,15.699999809265137,15.699999809265137,15.300000190734863,15.350000381469727,123075
4557,2026-09-14,50.0,50.599998474121094,49.599998474121094,50.5,17259
4555,2026-09-14,42.25,42.45000076293945,41.5,42.0,78010
4560,2026-09-14,29.299999237060547,29.299999237060547,28.799999237060547,28.899999618530273,202000
4562,2026-09-14,29.0,29.399999618530273,28.649999618530273,28.950000762939453,97691
4566,2026-09-14,64.19999694824219,64.5999984741211,63.0,63.400001525878906,508929
4564,2026-09-14,15.699999809265137,15.75,15.550000190734863,15.699999809265137,266434
4569,2026-09-14,152.0,154.0,152.0,153.0,30558
4571,2026-09-14,147.5,149.5,146.5,149.0,74194
4576,2026-09-14,238.0,238.5,228.0,228.0,2749289
4572,2026-09-14,144.5,144.5,142.5,142.5,25267
4581,2026-09-14,47.099998474121094,47.150001525878906,47.099998474121094,47.150001525878906,3070
4583,2026-09-14,424.0,434.0,424.0,430.5,29788
4588,2026-09-14,53.099998474121094,54.70000076293945,52.099998474121094,54.5,271721
4585,2026-09-14,296.0,307.0,295.5,299.0,408056
4720,2026-09-14,18.0,18.399999618530273,17.950000762939453,18.149999618530273,198732
4722,2026-09-14,182.0,192.0,177.0,189.0,872590
4737,2026-09-14,57.5,58.400001525878906,53.20000076293945,55.099998474121094,174701
4736,2026-09-14,127.5,128.5,126.5,128.5,172974
4739,2026-09-14,76.9000015258789,78.5999984741211,76.0999984741211,77.5,606013
4746,2026-09-14,45.20000076293945,45.79999923706055,45.0,45.45000076293945,338560
4755,2026-09-14,111.0,111.5,109.0,111.5,126467
4763,2026-09-14,48.900001525878906,49.599998474121094,47.70000076293945,49.20000076293945,6512977
4764,2026-09-14,211.0,211.0,205.5,209.5,351757
4766,2026-09-14,335.0,335.5,333.0,335.0,70583
4771,2026-09-14,199.0,204.5,199.0,204.5,38410
4770,2026-09-14,227.0,229.0,220.5,225.5,259993
4807,2026-09-14,28.450000762939453,28.799999237060547,27.799999237060547,28.0,92938
4904,2026-09-14,104.5,106.0,104.5,106.0,1494075
4906,2026-09-14,35.599998474121094,36.400001525878906,35.5,35.599998474121094,1557451
4912,2026-09-14,91.30000305175781,91.30000305175781,88.69999694824219,89.30000305175781,176282
4915,2026-09-14,63.70000076293945,66.5,62.900001525878906,64.69999694824219,12450000
4916,2026-09-14,94.0999984741211,94.80000305175781,93.5,93.80000305175781,645521
4919,2026-09-14,112.0,115.0,109.0,113.5,2866839
4927,2026-09-14,40.900001525878906,41.849998474121094,40.650001525878906,41.25,1640937
4930,2026-09-14,15.800000190734863,15.800000190734863,15.800000190734863,15.800000190734863,3606
4934,2026-09-14,13.449999809265137,13.550000190734863,13.300000190734863,13.5,195704
4935,2026-09-14,31.299999237060547,31.850000381469727,31.100000381469727,31.75,78175
4938,2026-09-14,90.5999984741211,91.19999694824219,89.5,90.5,3444890
4942,2026-09-14,31.850000381469727,31.850000381469727,31.5,31.5,62729
4943,2026-09-14,7.429999828338623,7.429999828338623,7.349999904632568,7.349999904632568,64253
4949,2026-09-14,76.5,76.5,72.19999694824219,72.19999694824219,645438
4952,2026-09-14,47.349998474121094,47.650001525878906,46.75,47.29999923706055,121675
4956,2026-09-14,31.600000381469727,34.45000076293945,31.299999237060547,33.849998474121094,1438321
4958,2026-09-14,480.0,498.0,475.5,490.5,17926647
4961,2026-09-14,170.5,178.0,168.0,177.5,1243576
4960,2026-09-14,20.149999618530273,20.350000381469727,20.0,20.0,954196
4967,2026-09-14,275.0,277.5,272.5,274.0,2451284
4968,2026-09-14,88.0,89.69999694824219,86.80000305175781,88.9000015258789,298011
4976,2026-09-14,36.099998474121094,36.849998474121094,35.20000076293945,35.20000076293945,1065500
4977,2026-09-14,170.0,173.0,167.0,168.0,1749043
4989,2026-09-14,59.0,61.599998474121094,58.29999923706055,60.20000076293945,2926679
4994,2026-09-14,82.5,82.5,81.30000305175781,82.19999694824219,9310
4999,2026-09-14,18.049999237060547,18.100000381469727,17.899999618530273,17.899999618530273,57869
5007,2026-09-14,55.20000076293945,55.599998474121094,55.20000076293945,55.599998474121094,22020
5203,2026-09-14,55.400001525878906,57.70000076293945,55.29999923706055,57.70000076293945,146709
5215,2026-09-14,38.0,38.0,37.20000076293945,37.79999923706055,30170
5222,2026-09-14,104.0,104.0,102.0,102.0,97633
5225,2026-09-14,53.0,53.5,52.599998474121094,53.29999923706055,169354
5236,2026-09-14,130.0,131.5,129.5,131.0,59391
5234,2026-09-14,283.0,287.0,280.5,284.0,86998
5243,2026-09-14,87.0,87.4000015258789,86.30000305175781,86.4000015258789,495015
5244,2026-09-14,32.70000076293945,33.79999923706055,32.5,33.5,171722
5258,2026-09-14,41.95000076293945,42.79999923706055,41.0,42.150001525878906,198004
5269,2026-09-14,1305.0,1395.0,1300.0,1365.0,352613
5283,2026-09-14,52.400001525878906,53.29999923706055,52.400001525878906,53.099998474121094,34184
5284,2026-09-14,296.0,300.5,292.0,297.0,180030
5285,2026-09-14,79.5999984741211,88.5,79.5,87.5999984741211,1611811
5288,2026-09-14,178.5,183.5,178.5,183.0,47817
5292,2026-09-14,226.0,226.0,213.5,215.5,85579
5306,2026-09-14,86.9000015258789,89.69999694824219,86.9000015258789,89.0999984741211,103305
5388,2026-09-14,71.4000015258789,71.80000305175781,70.69999694824219,71.30000305175781,961680
5434,2026-09-14,524.0,547.0,518.0,543.0,679198
5469,2026-09-14,71.69999694824219,72.4000015258789,70.9000015258789,72.0999984741211,764847
5471,2026-09-14,51.599998474121094,51.900001525878906,50.70000076293945,51.20000076293945,654013
5484,2026-09-14,40.20000076293945,40.20000076293945,39.45000076293945,39.5,93186
5515,2026-09-14,49.349998474121094,49.75,49.20000076293945,49.54999923706055,197920
5519,2026-09-14,25.850000381469727,25.850000381469727,25.0,25.299999237060547,424486
5521,2026-09-14,10.449999809265137,10.449999809265137,10.300000190734863,10.350000381469727,1072564
5522,2026-09-14,62.099998474121094,62.29999923706055,61.099998474121094,61.29999923706055,907057
5525,2026-09-14,21.899999618530273,21.899999618530273,21.700000762939453,21.799999237060547,104447
5531,2026-09-14,7.190000057220459,7.190000057220459,7.070000171661377,7.099999904632568,240334
5533,2026-09-14,13.800000190734863,13.899999618530273,13.75,13.75,142208
5534,2026-09-14,74.0,74.0,73.30000305175781,73.69999694824219,389030
5538,2026-09-14,35.70000076293945,35.79999923706055,35.349998474121094,35.54999923706055,47371
5546,2026-09-14,14.949999809265137,14.949999809265137,14.100000381469727,14.5,14058
5607,2026-09-14,53.20000076293945,53.20000076293945,51.79999923706055,52.0,464340
5608,2026-09-14,16.850000381469727,16.850000381469727,16.450000762939453,16.649999618530273,1321341
5706,2026-09-14,43.849998474121094,43.900001525878906,43.70000076293945,43.849998474121094,107329
5876,2026-09-14,48.25,49.95000076293945,48.25,49.79999923706055,7683647
5871,2026-09-14,111.0,114.0,111.0,113.5,4743829
5880,2026-09-14,26.950000762939453,27.450000762939453,26.850000381469727,27.399999618530273,19972385
5906,2026-09-14,37.150001525878906,38.5,37.150001525878906,38.5,2000
5907,2026-09-14,4.820000171661377,4.96999979019165,4.699999809265137,4.820000171661377,805241
6005,2026-09-14,31.399999618530273,32.150001525878906,31.049999237060547,32.04999923706055,3666283
6024,2026-09-14,60.5,61.0,60.5,61.0,112335
6108,2026-09-14,22.0,22.5,21.399999618530273,22.149999618530273,1701261
6112,2026-09-14,47.5,50.599998474121094,47.29999923706055,50.599998474121094,10707326
6115,2026-09-14,43.849998474121094,44.04999923706055,43.650001525878906,44.0,46036
6116,2026-09-14,13.899999618530273,14.100000381469727,13.600000381469727,13.850000381469727,23023973
6117,2026-09-14,61.0,62.400001525878906,60.900001525878906,61.29999923706055,107598
6120,2026-09-14,12.0,12.0,11.75,11.800000190734863,877653
6128,2026-09-14,18.850000381469727,19.0,18.799999237060547,18.899999618530273,39670
6133,2026-09-14,22.799999237060547,23.649999618530273,22.649999618530273,23.399999618530273,1356446
6136,2026-09-14,24.600000381469727,24.700000762939453,24.600000381469727,24.649999618530273,78303
6141,2026-09-14,48.70000076293945,49.900001525878906,47.79999923706055,49.0,2075463
6139,2026-09-14,704.0,717.0,695.0,705.0,1228266
6142,2026-09-14,8.6899995803833,9.039999961853027,8.6899995803833,8.800000190734863,368044
6152,2026-09-14,15.0,15.25,14.800000190734863,15.149999618530273,1503347
6153,2026-09-14,17.350000381469727,17.450000762939453,17.0,17.25,1192727
6155,2026-09-14,54.5,56.400001525878906,53.79999923706055,55.400001525878906,565540
6164,2026-09-14,11.25,11.25,11.050000190734863,11.149999618530273,189237
6165,2026-09-14,47.25,47.599998474121094,47.099998474121094,47.54999923706055,77554
6166,2026-09-14,110.5,112.5,108.0,110.5,974459
6168,2026-09-14,28.850000381469727,30.649999618530273,28.549999237060547,30.049999237060547,4952972
6176,2026-09-14,90.4000015258789,94.5999984741211,89.69999694824219,93.9000015258789,5481842
6177,2026-09-14,47.349998474121094,47.349998474121094,46.5,46.849998474121094,972022
6183,2026-09-14,90.19999694824219,91.80000305175781,90.19999694824219,91.80000305175781,18904
6184,2026-09-14,40.04999923706055,40.04999923706055,39.5,39.70000076293945,158415
6189,2026-09-14,46.29999923706055,47.099998474121094,46.04999923706055,47.0,260575
6191,2026-09-14,81.9000015258789,82.5,80.9000015258789,82.30000305175781,733117
6192,2026-09-14,109.0,110.5,108.5,110.5,132241
6196,2026-09-14,505.0,527.0,505.0,517.0,1437652
6197,2026-09-14,298.0,301.0,294.5,298.0,726358
6201,2026-09-14,44.45000076293945,44.95000076293945,44.45000076293945,44.95000076293945,12448
6202,2026-09-14,54.79999923706055,55.70000076293945,54.099998474121094,54.79999923706055,458631
6205,2026-09-14,61.70000076293945,61.79999923706055,60.29999923706055,61.20000076293945,120495
6206,2026-09-14,138.0,138.0,135.0,136.5,443711
6209,2026-09-14,78.9000015258789,81.5999984741211,76.80000305175781,76.80000305175781,7794027
6213,2026-09-14,492.0,521.0,482.0,515.0,9091418
6214,2026-09-14,189.0,190.0,184.5,188.0,2271332
6215,2026-09-14,97.5,97.5,95.0,96.4000015258789,440636
6216,2026-09-14,19.75,19.75,19.450000762939453,19.600000381469727,137432
6225,2026-09-14,74.0,74.0,67.5,67.5,113025
6224,2026-09-14,85.69999694824219,86.80000305175781,84.80000305175781,85.30000305175781,888119
6226,2026-09-14,29.5,33.0,29.399999618530273,33.0,33399605
6230,2026-09-14,116.0,116.5,112.0,116.5,263526
6235,2026-09-14,38.099998474121094,38.45000076293945,37.54999923706055,38.04999923706055,131783
6239,2026-09-14,265.0,277.0,262.0,272.5,6637098
6243,2026-09-14,36.79999923706055,37.70000076293945,36.349998474121094,37.0,247941
6257,2026-09-14,206.0,213.0,204.0,210.5,2845165
6269,2026-09-14,65.80000305175781,66.4000015258789,63.70000076293945,64.80000305175781,3188274
6271,2026-09-14,216.0,223.0,214.0,220.5,1909779
6272,2026-09-14,27.700000762939453,27.700000762939453,26.950000762939453,27.0,199275
6277,2026-09-14,76.30000305175781,76.80000305175781,75.69999694824219,76.4000015258789,88917
6278,2026-09-14,182.0,187.0,179.5,185.0,1504373
6281,2026-09-14,51.20000076293945,51.400001525878906,51.20000076293945,51.29999923706055,24177
6282,2026-09-14,42.400001525878906,42.95000076293945,41.79999923706055,42.5,2882817
6283,2026-09-14,18.799999237060547,18.799999237060547,18.25,18.299999237060547,225515
6285,2026-09-14,218.5,224.5,216.0,221.5,1931130
6405,2026-09-14,37.349998474121094,38.400001525878906,37.20000076293945,37.70000076293945,159074
6409,2026-09-14,854.0,875.0,846.0,871.0,292148
6412,2026-09-14,73.5,74.5999984741211,73.30000305175781,74.19999694824219,383814
6414,2026-09-14,365.5,374.0,365.5,373.5,606422
6415,2026-09-14,386.0,424.5,385.0,416.0,2753976
6416,2026-09-14,113.0,120.5,112.5,119.0,2281668
6431,2026-09-14,18.25,18.25,17.049999237060547,17.549999237060547,90003
6426,2026-09-14,295.5,327.0,293.0,312.0,4226962
6438,2026-09-14,147.0,147.0,144.0,145.0,180529
6442,2026-09-14,1620.0,1685.0,1575.0,1600.0,1561756
6443,2026-09-14,23.0,24.200000762939453,22.850000381469727,23.299999237060547,3243081
6446,2026-09-14,1280.0,1280.0,1165.0,1190.0,5148680
6449,2026-09-14,214.0,217.0,205.5,214.0,1170235
6451,2026-09-14,400.0,428.0,397.0,418.0,2045613
6456,2026-09-14,63.099998474121094,65.0999984741211,61.599998474121094,63.29999923706055,1535692
6464,2026-09-14,76.0999984741211,76.19999694824219,75.5999984741211,75.5999984741211,6583
6472,2026-09-14,396.5,403.5,393.0,403.0,265133
6477,2026-09-14,33.70000076293945,34.29999923706055,33.70000076293945,34.0,343106
6491,2026-09-14,367.5,380.0,363.5,378.5,173017
6504,2026-09-14,36.650001525878906,37.79999923706055,36.650001525878906,37.54999923706055,35000
6505,2026-09-14,84.5999984741211,84.9000015258789,80.4000015258789,82.5999984741211,23850272
6515,2026-09-14,6685.0,6780.0,6555.0,6645.0,309950
6525,2026-09-14,123.0,130.5,119.0,128.5,858851
6526,2026-09-14,618.0,637.0,607.0,630.0,239044
6531,2026-09-14,957.0,994.0,933.0,967.0,2457039
6533,2026-09-14,230.0,240.0,230.0,232.5,920070
6541,2026-09-14,30.399999618530273,31.049999237060547,30.399999618530273,30.850000381469727,261201
6550,2026-09-14,9.989999771118164,9.989999771118164,9.880000114440918,9.90999984741211,1777261
6552,2026-09-14,23.299999237060547,23.799999237060547,23.049999237060547,23.649999618530273,26410
6558,2026-09-14,23.950000762939453,23.950000762939453,23.25,23.399999618530273,124818
6573,2026-09-14,15.899999618530273,16.0,15.550000190734863,15.899999618530273,84524
6579,2026-09-14,147.0,149.5,145.5,149.5,154644
6581,2026-09-14,109.5,110.5,109.5,110.5,6450
6582,2026-09-14,31.5,31.5,31.149999618530273,31.149999618530273,14007
6585,2026-09-14,102.0,103.0,100.0,103.0,105277
6589,2026-09-14,45.349998474121094,48.20000076293945,45.099998474121094,48.099998474121094,751882
6591,2026-09-14,41.400001525878906,41.79999923706055,41.29999923706055,41.70000076293945,68066
6592,2026-09-14,59.5,60.0,59.400001525878906,59.79999923706055,187942
6598,2026-09-14,27.899999618530273,28.200000762939453,27.700000762939453,27.850000381469727,81250
6605,2026-09-14,137.5,137.5,136.0,136.5,115235
6606,2026-09-14,25.5,25.649999618530273,25.200000762939453,25.299999237060547,55621
6614,2026-09-14,35.79999923706055,36.099998474121094,35.29999923706055,35.5,58201
6625,2026-09-14,73.4000015258789,74.0,73.19999694824219,73.5999984741211,62806
6655,2026-09-14,121.0,122.5,121.0,122.5,11523
6657,2026-09-14,35.5,35.5,33.70000076293945,33.70000076293945,196683
6666,2026-09-14,45.20000076293945,45.20000076293945,43.599998474121094,44.25,22301
6658,2026-09-14,166.0,169.0,162.5,167.5,95136
6668,2026-09-14,40.29999923706055,42.5,40.20000076293945,42.04999923706055,2473849
6669,2026-09-14,2315.0,2315.0,2240.0,2270.0,1670167
6670,2026-09-14,273.0,276.0,273.0,273.0,65018
6671,2026-09-14,23.0,23.0,22.649999618530273,23.0,5050
6672,2026-09-14,288.5,297.5,285.0,294.0,2400503
6674,2026-09-14,16.0,16.0,15.800000190734863,15.949999809265137,4600
6689,2026-09-14,66.0999984741211,70.5,66.0999984741211,70.5,2971240
6691,2026-09-14,609.0,618.0,602.0,616.0,233714
6695,2026-09-14,46.5,46.95000076293945,46.0,46.150001525878906,174061
6698,2026-09-14,31.200000762939453,31.850000381469727,31.200000762939453,31.450000762939453,87413
6706,2026-09-14,135.0,151.0,133.0,151.0,22913539
6715,2026-09-14,313.5,351.0,312.0,344.0,879120
6719,2026-09-14,177.5,184.5,177.0,183.0,315853
6722,2026-09-14,32.650001525878906,32.650001525878906,32.099998474121094,32.099998474121094,19555
6742,2026-09-14,45.20000076293945,45.79999923706055,44.400001525878906,45.150001525878906,257323
6743,2026-09-14,29.5,29.5,28.799999237060547,29.100000381469727,108454
6753,2026-09-14,133.0,135.5,132.0,133.0,412007
6754,2026-09-14,43.25,43.25,42.0,42.0,12080
6757,2026-09-14,53.70000076293945,54.0,53.599998474121094,53.900001525878906,264866
6756,2026-09-14,97.4000015258789,97.4000015258789,94.0999984741211,94.9000015258789,58306
6768,2026-09-14,61.5,62.099998474121094,61.099998474121094,62.099998474121094,236540
6770,2026-09-14,69.0,71.4000015258789,68.0999984741211,70.4000015258789,83765885
6776,2026-09-14,51.20000076293945,51.70000076293945,51.099998474121094,51.599998474121094,51118
6781,2026-09-14,999.0,1015.0,982.0,1000.0,216648
6782,2026-09-14,221.5,226.5,219.5,226.5,147661
6789,2026-09-14,435.0,443.0,429.5,436.5,729642
6790,2026-09-14,37.650001525878906,37.79999923706055,37.650001525878906,37.75,220606
6792,2026-09-14,57.599998474121094,59.099998474121094,57.20000076293945,59.0,26000
6794,2026-09-14,75.19999694824219,77.19999694824219,75.0,76.30000305175781,11000
6796,2026-09-14,51.70000076293945,51.79999923706055,49.5,51.0,125379
6799,2026-09-14,77.9000015258789,79.5,77.30000305175781,79.0,102299
6805,2026-09-14,2095.0,2210.0,2085.0,2175.0,856885
6807,2026-09-14,33.20000076293945,33.349998474121094,32.79999923706055,33.349998474121094,5305
6830,2026-09-14,540.0,584.0,538.0,560.0,1491702
6831,2026-09-14,551.0,556.0,530.0,543.0,716096
6834,2026-09-14,104.0,104.5,98.0999984741211,98.69999694824219,7007560
6835,2026-09-14,31.049999237060547,31.049999237060547,30.100000381469727,30.5,6295
6838,2026-09-14,23.200000762939453,23.549999237060547,23.149999618530273,23.25,39195
6861,2026-09-14,226.5,235.5,226.5,235.5,1095659
6862,2026-09-14,132.5,134.5,130.5,132.5,65781
6863,2026-09-14,91.5999984741211,93.4000015258789,91.0,93.30000305175781,121965
6869,2026-09-14,63.20000076293945,63.5,62.400001525878906,63.0,138022
6873,2026-09-14,67.80000305175781,69.19999694824219,67.5,68.0,197374
6885,2026-09-14,27.25,27.899999618530273,26.299999237060547,27.5,894532
6887,2026-09-14,36.79999923706055,38.099998474121094,36.5,37.29999923706055,29220
6890,2026-09-14,148.0,148.5,146.5,148.0,220104
6901,2026-09-14,14.600000381469727,15.149999618530273,14.5,15.0,647257
6902,2026-09-14,120.5,125.0,120.5,122.5,52371
6906,2026-09-14,80.69999694824219,85.30000305175781,80.5999984741211,83.0999984741211,47901
6909,2026-09-14,43.0,43.0,40.900001525878906,41.70000076293945,1685410
6914,2026-09-14,120.0,120.0,118.0,120.0,107933
6916,2026-09-14,18.299999237060547,18.399999618530273,18.200000762939453,18.25,19000
6918,2026-09-14,72.5999984741211,74.0999984741211,72.5999984741211,72.69999694824219,35100
6919,2026-09-14,79.69999694824219,80.80000305175781,78.9000015258789,79.69999694824219,2512019
6923,2026-09-14,76.4000015258789,76.4000015258789,75.19999694824219,75.4000015258789,31745
6928,2026-09-14,48.0,48.0,46.04999923706055,46.099998474121094,31151
6931,2026-09-14,39.29999923706055,40.900001525878906,39.20000076293945,40.20000076293945,83510
6933,2026-09-14,304.5,334.5,294.0,309.5,1822017
6934,2026-09-14,75.0999984741211,75.0999984741211,73.0,73.0999984741211,41714
6936,2026-09-14,31.700000762939453,31.75,31.649999618530273,31.649999618530273,11020
6937,2026-09-14,284.5,290.0,279.0,283.5,309106
6944,2026-09-14,681.0,694.0,676.0,688.0,274338
6947,2026-09-14,68.5999984741211,68.5999984741211,67.5999984741211,67.9000015258789,79372
6952,2026-09-14,38.349998474121094,39.900001525878906,38.349998474121094,38.54999923706055,18941
6957,2026-09-14,231.5,242.5,231.0,239.5,176646
6958,2026-09-14,17.100000381469727,17.600000381469727,17.100000381469727,17.600000381469727,20027
6962,2026-09-14,30.149999618530273,31.149999618530273,30.100000381469727,30.850000381469727,1014443
6965,2026-09-14,68.30000305175781,69.9000015258789,67.4000015258789,69.0,71183
6994,2026-09-14,28.200000762939453,29.5,27.950000762939453,28.0,880158
7705,2026-09-14,30.200000762939453,30.200000762939453,29.850000381469727,29.950000762939453,42409
7711,2026-09-14,478.0,478.0,478.0,478.0,401754
7721,2026-09-14,59.599998474121094,59.599998474121094,58.79999923706055,59.20000076293945,33496
7722,2026-09-14,260.5,264.5,256.5,264.5,42456
7732,2026-09-14,33.099998474121094,34.54999923706055,33.099998474121094,34.150001525878906,6000
7736,2026-09-14,69.0999984741211,69.9000015258789,68.0999984741211,69.0,46468
7750,2026-09-14,1905.0,1980.0,1855.0,1970.0,454119
7749,2026-09-14,347.5,347.5,337.0,342.0,130759
7760,2026-09-14,32.099998474121094,32.5,31.299999237060547,32.5,26011
7765,2026-09-14,234.0,240.0,234.0,240.0,528857
7768,2026-09-14,260.0,260.0,254.5,256.5,38406
7769,2026-09-14,6295.0,6470.0,6210.0,6365.0,396971
7780,2026-09-14,16.299999237060547,16.299999237060547,15.949999809265137,16.049999237060547,1118523
7786,2026-09-14,114.5,115.5,113.5,115.0,45344
7788,2026-09-14,275.0,288.0,265.5,282.0,1682367
7791,2026-09-14,55.29999923706055,55.29999923706055,54.900001525878906,55.099998474121094,22866
7795,2026-09-14,495.0,517.0,477.0,492.5,1165635
7799,2026-09-14,414.5,418.5,405.0,415.5,392546
7818,2026-09-14,59.20000076293945,60.400001525878906,59.099998474121094,60.20000076293945,59450
7821,2026-09-14,38.900001525878906,38.900001525878906,38.599998474121094,38.75,71553
7822,2026-09-14,822.0,834.0,819.0,819.0,93507
8011,2026-09-14,15.5,15.5,15.350000381469727,15.5,217278
8016,2026-09-14,277.5,280.5,273.0,277.5,385034
8021,2026-09-14,414.0,444.5,410.5,441.0,753151
8028,2026-09-14,220.0,224.5,216.5,222.0,2034726
8033,2026-09-14,173.0,177.5,172.0,172.5,2699602
8039,2026-09-14,268.0,280.0,261.0,273.0,13972912
8045,2026-09-14,47.0,48.099998474121094,46.70000076293945,47.20000076293945,366774
8046,2026-09-14,1040.0,1070.0,1025.0,1065.0,5668063
8070,2026-09-14,49.25,50.599998474121094,48.25,50.29999923706055,2132164
8081,2026-09-14,244.5,249.0,243.5,247.5,211088
8072,2026-09-14,26.100000381469727,26.850000381469727,26.0,26.450000762939453,169196
8103,2026-09-14,110.0,117.5,108.5,113.0,2451296
8104,2026-09-14,29.799999237060547,29.899999618530273,29.299999237060547,29.700000762939453,224329
8105,2026-09-14,14.699999809265137,14.699999809265137,14.350000381469727,14.5,965822
8110,2026-09-14,41.04999923706055,41.79999923706055,40.70000076293945,41.45000076293945,2467121
8112,2026-09-14,84.0,84.0999984741211,82.80000305175781,83.5,4079045
8114,2026-09-14,177.5,181.0,175.5,179.5,253481
8131,2026-09-14,60.099998474121094,60.099998474121094,58.70000076293945,59.099998474121094,1269592
8150,2026-09-14,85.5,88.19999694824219,84.30000305175781,86.5999984741211,10189421
8163,2026-09-14,29.600000381469727,29.950000762939453,29.399999618530273,29.700000762939453,328508
8201,2026-09-14,11.850000381469727,11.850000381469727,11.699999809265137,11.699999809265137,21002
8210,2026-09-14,888.0,901.0,882.0,891.0,765668
8213,2026-09-14,32.70000076293945,32.95000076293945,32.25,32.849998474121094,250146
8215,2026-09-14,25.0,25.25,24.700000762939453,25.0,363560
8222,2026-09-14,34.70000076293945,35.25,34.45000076293945,34.75,238363
8249,2026-09-14,37.599998474121094,37.70000076293945,37.099998474121094,37.599998474121094,76940
8261,2026-09-14,158.0,170.5,158.0,167.5,2507672
8271,2026-09-14,206.0,206.0,201.0,202.5,867523
8341,2026-09-14,75.0999984741211,75.0999984741211,74.0,74.30000305175781,267352
8367,2026-09-14,40.04999923706055,40.20000076293945,40.04999923706055,40.20000076293945,5000
8374,2026-09-14,78.0,78.0999984741211,77.0,77.0,175846
8404,2026-09-14,13.899999618530273,14.0,13.800000190734863,13.899999618530273,331601
8411,2026-09-14,12.899999618530273,12.899999618530273,12.649999618530273,12.850000381469727,145395
8422,2026-09-14,26.100000381469727,26.350000381469727,25.850000381469727,26.149999618530273,2526012
8429,2026-09-14,5.949999809265137,5.980000019073486,5.929999828338623,5.929999828338623,60304
8438,2026-09-14,66.80000305175781,67.69999694824219,66.0999984741211,67.0999984741211,59355
8442,2026-09-14,45.54999923706055,45.70000076293945,45.400001525878906,45.54999923706055,16000
8443,2026-09-14,11.149999618530273,11.149999618530273,11.100000381469727,11.149999618530273,30567
8454,2026-09-14,241.0,245.5,237.5,243.0,383472
8462,2026-09-14,158.5,161.0,158.5,161.0,26684
8463,2026-09-14,21.100000381469727,21.299999237060547,20.799999237060547,21.100000381469727,19012
8464,2026-09-14,370.0,387.0,370.0,375.5,289042
8466,2026-09-14,13.600000381469727,13.75,13.550000190734863,13.75,22000
8467,2026-09-14,82.4000015258789,84.5999984741211,82.4000015258789,83.4000015258789,8155
8473,2026-09-14,38.54999923706055,38.650001525878906,38.0,38.29999923706055,307327
8476,2026-09-14,19.649999618530273,19.649999618530273,19.149999618530273,19.600000381469727,115610
8478,2026-09-14,141.0,142.0,140.0,142.0,45383
8481,2026-09-14,41.45000076293945,41.45000076293945,40.79999923706055,40.900001525878906,9000
8482,2026-09-14,47.25,47.29999923706055,47.25,47.29999923706055,4000
8488,2026-09-14,9.970000267028809,9.970000267028809,9.920000076293945,9.9399995803833,22270
8499,2026-09-14,250.0,257.0,250.0,254.0,24642
8926,2026-09-14,58.29999923706055,58.400001525878906,57.29999923706055,57.5,1699611
8940,2026-09-14,14.699999809265137,14.699999809265137,14.550000190734863,14.699999809265137,63357
8996,2026-09-14,1295.0,1295.0,1205.0,1230.0,5865767
9802,2026-09-14,63.79999923706055,64.30000305175781,63.099998474121094,64.0,615913
9902,2026-09-14,13.5,13.5,13.050000190734863,13.300000190734863,108734
9904,2026-09-14,24.200000762939453,24.25,24.0,24.049999237060547,6144315
9905,2026-09-14,21.350000381469727,21.450000762939453,21.25,21.299999237060547,101386
9906,2026-09-14,39.099998474121094,39.099998474121094,38.099998474121094,38.54999923706055,37474
9907,2026-09-14,15.100000381469727,15.100000381469727,15.0,15.0,766381
9908,2026-09-14,28.950000762939453,29.049999237060547,28.950000762939453,29.0,114486
9910,2026-09-14,67.80000305175781,68.0999984741211,67.5,67.9000015258789,352394
9911,2026-09-14,81.69999694824219,81.80000305175781,81.5999984741211,81.80000305175781,131496
9912,2026-09-14,12.850000381469727,13.100000381469727,12.800000190734863,13.100000381469727,10948
9914,2026-09-14,67.9000015258789,69.30000305175781,66.4000015258789,68.5,3206334
9917,2026-09-14,105.5,106.5,105.0,106.0,255271
9918,2026-09-14,43.150001525878906,43.5,42.70000076293945,43.5,15252
9919,2026-09-14,13.899999618530273,14.0,13.800000190734863,13.949999809265137,58304
9921,2026-09-14,85.9000015258789,90.19999694824219,85.30000305175781,89.80000305175781,2295904
9924,2026-09-14,38.099998474121094,38.25,37.79999923706055,38.0,109210
9925,2026-09-14,39.5,39.599998474121094,39.349998474121094,39.45000076293945,785323
9926,2026-09-14,49.25,49.25,48.900001525878906,49.0,7328
9927,2026-09-14,69.5,69.9000015258789,69.5,69.69999694824219,33860
9928,2026-09-14,17.600000381469727,17.850000381469727,17.600000381469727,17.600000381469727,47410
9929,2026-09-14,11.0,11.0,10.850000381469727,10.949999809265137,8000
9930,2026-09-14,61.5,61.5,61.099998474121094,61.20000076293945,172167
9931,2026-09-14,34.099998474121094,34.099998474121094,33.95000076293945,33.95000076293945,13100
9933,2026-09-14,41.650001525878906,41.95000076293945,40.79999923706055,40.900001525878906,1882439
9934,2026-09-14,9.869999885559082,9.869999885559082,9.75,9.84000015258789,745912
9935,2026-09-14,18.100000381469727,18.149999618530273,17.850000381469727,17.899999618530273,464828
9937,2026-09-14,54.70000076293945,55.099998474121094,54.0,54.0,89102
9938,2026-09-14,38.04999923706055,38.099998474121094,37.70000076293945,38.0,1379396
9939,2026-09-14,128.0,128.0,125.5,126.5,588683
9940,2026-09-14,20.0,20.049999237060547,19.850000381469727,19.850000381469727,465320
9941,2026-09-14,80.0,82.30000305175781,79.5999984741211,82.0999984741211,1460880
9942,2026-09-14,113.5,114.0,113.0,114.0,43354
9943,2026-09-14,50.79999923706055,50.79999923706055,50.599998474121094,50.79999923706055,32705
9944,2026-09-14,17.399999618530273,17.399999618530273,17.149999618530273,17.149999618530273,23010
9945,2026-09-14,27.850000381469727,27.950000762939453,27.649999618530273,27.850000381469727,2507836
9946,2026-09-14,16.950000762939453,17.0,16.799999237060547,16.950000762939453,175463
9955,2026-09-14,23.5,23.5,23.200000762939453,23.299999237060547,71646
9958,2026-09-14,90.19999694824219,91.80000305175781,90.0,91.0999984741211,814852
2254,2026-09-14,65.80000305175781,70.4000015258789,65.80000305175781,70.4000015258789,1084195
2258,2026-09-14,29.950000762939453,30.5,29.850000381469727,30.100000381469727,289370
2432,2026-09-14,27.100000381469727,27.299999237060547,27.100000381469727,27.299999237060547,4000
3150,2026-09-14,15.5,15.5,15.0,15.300000190734863,108504
4195,2026-09-14,13.5,13.649999618530273,13.350000381469727,13.399999618530273,54409
4582,2026-09-14,22.299999237060547,22.5,22.100000381469727,22.450000762939453,85842
4590,2026-09-14,89.5,89.9000015258789,88.4000015258789,88.4000015258789,172570
6534,2026-09-14,90.5,90.69999694824219,90.0,90.69999694824219,32195
6645,2026-09-14,13.050000190734863,13.149999618530273,12.600000381469727,12.949999809265137,58681
6771,2026-09-14,41.75,41.75,41.75,41.75,2006
6854,2026-09-14,88.30000305175781,90.5,88.30000305175781,89.4000015258789,69562
6921,2026-09-14,61.0,61.400001525878906,61.0,61.0,6000
6924,2026-09-14,142.0,144.0,136.0,142.0,112179
6949,2026-09-14,50.0,56.900001525878906,48.25,56.20000076293945,7504272
6951,2026-09-14,69.5999984741211,69.9000015258789,69.5999984741211,69.9000015258789,24247
6969,2026-09-14,33.29999923706055,33.54999923706055,32.5,32.900001525878906,147849
6988,2026-09-14,11.899999618530273,12.0,11.850000381469727,12.0,24000
7631,2026-09-14,138.0,138.0,133.5,135.0,51065
7610,2026-09-14,1920.0,1920.0,1780.0,1780.0,955448
7730,2026-09-14,168.0,169.5,166.0,169.0,22500
7740,2026-09-14,126.0,128.0,124.0,125.0,122896
7803,2026-09-14,19.0,19.100000381469727,18.799999237060547,18.850000381469727,41100
7823,2026-09-14,82.30000305175781,87.0999984741211,81.69999694824219,83.0,160402
7827,2026-09-14,150.5,152.5,149.5,150.0,71895
7835,2026-09-14,21.600000381469727,21.600000381469727,20.149999618530273,20.399999618530273,45160
8162,2026-09-14,60.0,61.0,59.099998474121094,59.70000076293945,84750
8487,2026-09-14,70.30000305175781,70.30000305175781,70.0,70.0999984741211,10025
0050,2026-09-14,106.30000305175781,107.1500015258789,105.8499984741211,106.80000305175781,88189091
0051,2026-09-14,144.0,144.0,141.0,142.60000610351562,67201
0052,2026-09-14,61.70000076293945,62.150001525878906,61.5,62.0,10850839
0053,2026-09-14,238.60000610351562,239.14999389648438,236.64999389648438,238.85000610351562,118581
0055,2026-09-14,49.33000183105469,50.45000076293945,48.75,50.349998474121094,1178749
0056,2026-09-14,54.900001525878906,55.54999923706055,54.54999923706055,55.5,18305847
0057,2026-09-14,316.1000061035156,318.75,315.8999938964844,318.6000061035156,17086
0061,2026-09-14,23.790000915527344,24.0,23.770000457763672,23.920000076293945,26584
9103,2026-09-14,5.0,5.010000228881836,4.949999809265137,4.980000019073486,490998
9105,2026-09-14,8.550000190734863,8.609999656677246,8.329999923706055,8.329999923706055,14873859
9136,2026-09-14,9.40999984741211,9.449999809265137,9.289999961853027,9.390000343322754,113495
9110,2026-09-14,3.0299999713897705,3.0299999713897705,3.0299999713897705,3.0299999713897705,1005
1240,2026-09-14,54.900001525878906,55.400001525878906,54.900001525878906,55.400001525878906,7390
1259,2026-09-14,64.4000015258789,65.0,63.5,65.0,18023
1264,2026-09-14,247.5,247.5,246.0,246.5,35487
1268,2026-09-14,171.5,172.0,171.0,172.0,36131
1294,2026-09-14,52.0,52.0,50.79999923706055,50.900001525878906,19309
1295,2026-09-14,44.54999923706055,45.0,44.54999923706055,45.0,10077
1336,2026-09-14,16.450000762939453,16.75,16.149999618530273,16.600000381469727,187671
1565,2026-09-14,96.9000015258789,96.9000015258789,95.9000015258789,96.0,77045
1569,2026-09-14,49.599998474121094,50.099998474121094,48.400001525878906,48.900001525878906,883828
1570,2026-09-14,32.0,32.0,31.799999237060547,31.799999237060547,30724
1580,2026-09-14,97.5,97.5,96.19999694824219,96.5999984741211,94842
1584,2026-09-14,17.899999618530273,18.0,17.700000762939453,17.899999618530273,291180
1586,2026-09-14,18.049999237060547,18.049999237060547,17.899999618530273,17.950000762939453,163180
1591,2026-09-14,37.5,41.25,37.0,41.25,1075591
1593,2026-09-14,31.799999237060547,31.799999237060547,31.399999618530273,31.450000762939453,11000
1595,2026-09-14,61.5,62.400001525878906,61.20000076293945,62.0,93978
1599,2026-09-14,23.299999237060547,23.75,23.299999237060547,23.5,34815
1742,2026-09-14,17.5,17.799999237060547,17.399999618530273,17.600000381469727,48001
1777,2026-09-14,74.5,74.5,73.30000305175781,73.69999694824219,76974
1780,2026-09-14,24.200000762939453,24.450000762939453,24.200000762939453,24.299999237060547,8501
1781,2026-09-14,10.050000190734863,10.199999809265137,9.960000038146973,10.199999809265137,6118
1784,2026-09-14,58.400001525878906,58.599998474121094,57.5,58.599998474121094,34785
1785,2026-09-14,95.0,96.19999694824219,93.80000305175781,95.4000015258789,3125287
1796,2026-09-14,29.799999237060547,29.799999237060547,29.5,29.5,3062
1788,2026-09-14,128.0,128.5,128.0,128.5,15099
1799,2026-09-14,29.350000381469727,29.600000381469727,29.0,29.049999237060547,63496
1813,2026-09-14,11.350000381469727,11.399999618530273,11.25,11.399999618530273,26628
1815,2026-09-14,126.0,127.0,119.5,120.5,47987701
2061,2026-09-14,46.599998474121094,47.900001525878906,46.0,47.25,729662
2063,2026-09-14,24.299999237060547,24.299999237060547,24.049999237060547,24.049999237060547,4030
2064,2026-09-14,12.300000190734863,12.300000190734863,12.300000190734863,12.300000190734863,1000
2065,2026-09-14,35.54999923706055,35.54999923706055,35.099998474121094,35.099998474121094,16249
2066,2026-09-14,51.20000076293945,51.20000076293945,50.20000076293945,51.0,42321
2067,2026-09-14,4.949999809265137,4.949999809265137,4.670000076293945,4.880000114440918,15330
2070,2026-09-14,59.0,59.79999923706055,58.29999923706055,59.5,28214
2221,2026-09-14,92.80000305175781,97.80000305175781,89.19999694824219,90.30000305175781,4838296
2230,2026-09-14,21.5,22.149999618530273,21.350000381469727,21.700000762939453,24224
2596,2026-09-14,36.29999923706055,36.75,36.0,36.400001525878906,315548
2640,2026-09-14,154.0,154.5,153.5,154.5,12655
2641,2026-09-14,17.700000762939453,17.700000762939453,17.5,17.5,947342
2718,2026-09-14,39.95000076293945,40.5,39.95000076293945,40.20000076293945,25134
2719,2026-09-14,19.399999618530273,19.5,19.299999237060547,19.299999237060547,6000
2729,2026-09-14,152.5,152.5,152.5,152.5,7437
2726,2026-09-14,8.149999618530273,8.149999618530273,7.920000076293945,8.039999961853027,10000
2732,2026-09-14,62.29999923706055,62.400001525878906,62.099998474121094,62.099998474121094,36967
2734,2026-09-14,14.550000190734863,14.699999809265137,14.550000190734863,14.699999809265137,39213
2736,2026-09-14,11.449999809265137,11.449999809265137,11.350000381469727,11.399999618530273,23100
2740,2026-09-14,31.600000381469727,32.150001525878906,31.600000381469727,32.150001525878906,6020
2743,2026-09-14,51.5,51.5,51.099998474121094,51.099998474121094,43757
2745,2026-09-14,85.0999984741211,85.0999984741211,83.80000305175781,84.5999984741211,75064
2751,2026-09-14,52.79999923706055,54.5,52.79999923706055,54.5,4397
2754,2026-09-14,69.4000015258789,70.19999694824219,69.0,70.19999694824219,40753
2755,2026-09-14,98.30000305175781,98.5,98.30000305175781,98.5,11162
2756,2026-09-14,62.099998474121094,62.099998474121094,61.5,61.5,78106
2916,2026-09-14,40.099998474121094,40.70000076293945,40.04999923706055,40.70000076293945,63553
2924,2026-09-14,17.049999237060547,17.049999237060547,17.049999237060547,17.049999237060547,1001
2937,2026-09-14,43.5,43.75,43.5,43.75,5001
2941,2026-09-14,30.75,30.75,30.200000762939453,30.700000762939453,4001
2947,2026-09-14,60.5,60.79999923706055,60.5,60.79999923706055,7941
2948,2026-09-14,37.900001525878906,37.900001525878906,37.29999923706055,37.29999923706055,2023
3066,2026-09-14,23.0,23.700000762939453,22.850000381469727,23.399999618530273,288504
3071,2026-09-14,23.649999618530273,23.649999618530273,23.25,23.350000381469727,52611
3073,2026-09-14,21.799999237060547,22.0,21.5,21.600000381469727,22368
3078,2026-09-14,43.900001525878906,43.900001525878906,43.45000076293945,43.599998474121094,322552
3081,2026-09-14,2725.0,2830.0,2685.0,2750.0,2507127
3083,2026-09-14,22.450000762939453,22.450000762939453,22.0,22.149999618530273,84550
3086,2026-09-14,29.0,29.799999237060547,29.0,29.700000762939453,41193
3088,2026-09-14,124.0,125.0,122.5,124.0,267606
3093,2026-09-14,43.54999923706055,44.29999923706055,43.150001525878906,43.849998474121094,107480
3105,2026-09-14,423.0,451.0,420.0,443.0,12811518
3114,2026-09-14,29.850000381469727,30.100000381469727,29.450000762939453,29.899999618530273,134192
3115,2026-09-14,8.359999656677246,8.369999885559082,8.300000190734863,8.369999885559082,7016
3118,2026-09-14,31.200000762939453,31.700000762939453,31.200000762939453,31.600000381469727,14530
3122,2026-09-14,23.5,24.100000381469727,23.399999618530273,24.100000381469727,15224
3128,2026-09-14,20.700000762939453,20.850000381469727,20.200000762939453,20.25,164580
3141,2026-09-14,87.4000015258789,91.5,87.0,89.5999984741211,2035659
3131,2026-09-14,2275.0,2345.0,2250.0,2330.0,215340
3147,2026-09-14,223.5,232.5,222.0,228.0,1127445
3158,2026-09-14,85.9000015258789,90.5,85.9000015258789,90.5,98668
3162,2026-09-14,69.0999984741211,73.5999984741211,69.0999984741211,73.5999984741211,1035279
3152,2026-09-14,220.5,221.0,218.0,219.5,47438
3163,2026-09-14,647.0,666.0,645.0,657.0,1160081
3169,2026-09-14,99.5999984741211,101.5,99.4000015258789,100.0,66030
3171,2026-09-14,59.099998474121094,59.099998474121094,57.29999923706055,58.70000076293945,39107
3176,2026-09-14,35.099998474121094,36.599998474121094,35.099998474121094,36.099998474121094,573246
3178,2026-09-14,59.29999923706055,59.29999923706055,56.20000076293945,59.0,60360
3188,2026-09-14,23.649999618530273,23.700000762939453,23.5,23.600000381469727,68674
3191,2026-09-14,16.700000762939453,16.700000762939453,16.5,16.5,10101
3205,2026-09-14,47.29999923706055,47.29999923706055,46.400001525878906,46.400001525878906,9004
3206,2026-09-14,34.95000076293945,35.0,34.04999923706055,34.54999923706055,39246
3207,2026-09-14,36.5,37.20000076293945,36.099998474121094,36.849998474121094,63154
3213,2026-09-14,120.5,122.5,119.5,121.0,152838
3217,2026-09-14,127.0,127.5,125.0,127.0,241317
3211,2026-09-14,356.0,372.0,349.0,363.0,2259661
3218,2026-09-14,133.0,135.0,132.5,134.5,73483
3219,2026-09-14,84.80000305175781,87.9000015258789,84.5,85.19999694824219,220289
3221,2026-09-14,45.0,46.70000076293945,44.29999923706055,45.849998474121094,790174
3224,2026-09-14,33.0,33.70000076293945,32.5,32.54999923706055,49902
3226,2026-09-14,56.0,56.5,55.099998474121094,56.0,27032
3228,2026-09-14,166.0,166.0,163.0,164.0,96746
3227,2026-09-14,181.5,182.5,179.5,181.0,470891
3232,2026-09-14,19.5,19.600000381469727,19.450000762939453,19.600000381469727,17055
3234,2026-09-14,183.0,186.5,173.0,174.0,3301354
3236,2026-09-14,42.29999923706055,43.900001525878906,41.45000076293945,43.20000076293945,1302857
3260,2026-09-14,400.0,401.5,394.0,397.5,3970743
3264,2026-09-14,225.0,232.0,222.0,228.0,4863945
3230,2026-09-14,42.0,42.79999923706055,41.79999923706055,41.95000076293945,313730
3268,2026-09-14,17.299999237060547,17.450000762939453,17.25,17.25,28246
3265,2026-09-14,163.5,164.0,159.5,162.5,668252
3272,2026-09-14,14.0,14.25,14.0,14.199999809265137,12950
3276,2026-09-14,13.949999809265137,14.100000381469727,13.899999618530273,14.0,43524
3284,2026-09-14,19.049999237060547,19.600000381469727,19.049999237060547,19.450000762939453,50242
3287,2026-09-14,34.349998474121094,35.0,34.29999923706055,34.849998474121094,53526
3288,2026-09-14,20.100000381469727,21.0,20.0,20.649999618530273,34056
3289,2026-09-14,131.5,134.5,130.0,133.0,333284
3290,2026-09-14,45.25,46.20000076293945,45.099998474121094,46.099998474121094,224467
3293,2026-09-14,692.0,703.0,687.0,700.0,670318
3294,2026-09-14,28.850000381469727,29.399999618530273,28.600000381469727,28.899999618530273,154866
3297,2026-09-14,27.0,29.5,27.0,28.399999618530273,372093
3303,2026-09-14,47.900001525878906,48.150001525878906,47.349998474121094,47.95000076293945,203212
3306,2026-09-14,45.0,46.0,44.70000076293945,45.79999923706055,81309
3310,2026-09-14,70.4000015258789,70.4000015258789,67.30000305175781,67.69999694824219,8122
3313,2026-09-14,10.699999809265137,10.699999809265137,10.600000381469727,10.699999809265137,24685
3317,2026-09-14,54.5,55.599998474121094,53.29999923706055,54.79999923706055,389589
3322,2026-09-14,10.850000381469727,10.850000381469727,10.649999618530273,10.649999618530273,263120
3323,2026-09-14,26.75,27.100000381469727,26.5,26.850000381469727,240778
3324,2026-09-14,1335.0,1355.0,1280.0,1310.0,804063
3325,2026-09-14,11.050000190734863,11.300000190734863,11.0,11.199999809265137,41028
3332,2026-09-14,61.5,61.5,60.29999923706055,60.29999923706055,2020
3339,2026-09-14,44.150001525878906,44.75,42.349998474121094,42.5,959956
3349,2026-09-14,20.0,20.0,19.799999237060547,19.950000762939453,55568
3354,2026-09-14,29.600000381469727,30.950000762939453,28.850000381469727,28.899999618530273,1521677
3357,2026-09-14,197.0,202.0,194.5,199.0,630239
3360,2026-09-14,14.550000190734863,14.550000190734863,14.25,14.399999618530273,131844
3362,2026-09-14,174.5,180.0,162.0,169.0,5052602
3363,2026-09-14,660.0,685.0,656.0,672.0,2042586
3372,2026-09-14,14.300000190734863,14.800000190734863,14.100000381469727,14.600000381469727,307515
3373,2026-09-14,15.850000381469727,15.949999809265137,15.800000190734863,15.800000190734863,24038
3374,2026-09-14,440.0,447.5,417.5,427.0,16622812
3379,2026-09-14,26.799999237060547,27.0,26.0,27.0,56573
3390,2026-09-14,21.399999618530273,21.75,21.25,21.5,128999
3402,2026-09-14,123.0,124.0,121.5,123.5,75072
3388,2026-09-14,81.0,81.4000015258789,79.80000305175781,81.0,436855
3430,2026-09-14,101.5,102.5,99.9000015258789,101.0,206082
3434,2026-09-14,29.700000762939453,30.049999237060547,29.450000762939453,29.450000762939453,74889
3438,2026-09-14,61.20000076293945,62.099998474121094,61.20000076293945,61.5,43442
3441,2026-09-14,167.0,173.0,157.5,161.0,33054856
3444,2026-09-14,77.5,79.0999984741211,77.5,78.19999694824219,128667
3455,2026-09-14,230.0,237.0,222.5,232.0,1345845
3465,2026-09-14,29.0,29.200000762939453,29.0,29.200000762939453,8000
3466,2026-09-14,24.0,24.149999618530273,23.649999618530273,24.0,176963
3467,2026-09-14,64.4000015258789,64.4000015258789,64.4000015258789,64.4000015258789,123688
3479,2026-09-14,129.0,132.0,128.5,130.0,247149
3483,2026-09-14,75.80000305175781,77.9000015258789,75.80000305175781,76.30000305175781,116695
3484,2026-09-14,43.70000076293945,44.150001525878906,43.5,44.0,129735
3485,2026-09-14,189.0,193.0,187.0,191.5,63821
3489,2026-09-14,22.0,22.0,21.399999618530273,21.799999237060547,36139
3490,2026-09-14,41.04999923706055,43.54999923706055,40.75,42.04999923706055,2696222
3491,2026-09-14,1410.0,1460.0,1385.0,1390.0,1321759
3492,2026-09-14,18.950000762939453,19.100000381469727,18.950000762939453,19.100000381469727,3260
3498,2026-09-14,188.0,199.0,186.5,190.0,2331175
3499,2026-09-14,13.399999618530273,13.5,13.100000381469727,13.100000381469727,45202
3508,2026-09-14,21.200000762939453,22.5,20.899999618530273,21.950000762939453,272829
3511,2026-09-14,18.549999237060547,19.149999618530273,18.450000762939453,18.5,82785
3512,2026-09-14,19.25,19.25,19.149999618530273,19.200000762939453,5200
3516,2026-09-14,25.399999618530273,25.399999618530273,24.649999618530273,25.200000762939453,148247
3520,2026-09-14,17.549999237060547,17.549999237060547,17.299999237060547,17.299999237060547,78428
3521,2026-09-14,11.949999809265137,12.199999809265137,11.949999809265137,12.199999809265137,7010
3522,2026-09-14,12.149999618530273,13.399999618530273,12.149999618530273,13.050000190734863,383353
3523,2026-09-14,13.199999809265137,14.449999809265137,13.199999809265137,14.449999809265137,26973
3526,2026-09-14,266.5,270.0,264.5,267.5,111292
3527,2026-09-14,48.150001525878906,50.400001525878906,48.150001525878906,50.0,24789
3529,2026-09-14,2530.0,2770.0,2530.0,2725.0,1201208
3531,2026-09-14,21.299999237060547,21.299999237060547,21.299999237060547,21.299999237060547,1000
3537,2026-09-14,51.29999923706055,52.900001525878906,51.099998474121094,52.5,114758
3540,2026-09-14,22.100000381469727,22.600000381469727,22.0,22.549999237060547,229324
3541,2026-09-14,21.850000381469727,22.299999237060547,21.850000381469727,22.200000762939453,47580
3546,2026-09-14,72.5,72.69999694824219,72.0,72.19999694824219,88917
3548,2026-09-14,78.5,79.4000015258789,76.80000305175781,78.19999694824219,154512
3551,2026-09-14,169.5,171.0,168.5,170.0,145942
3552,2026-09-14,42.099998474121094,42.099998474121094,41.54999923706055,41.54999923706055,89536
3555,2026-09-14,182.0,192.0,180.0,189.0,36328
3556,2026-09-14,55.79999923706055,56.0,54.79999923706055,55.79999923706055,154148
3558,2026-09-14,116.5,120.5,116.5,119.5,27179
3564,2026-09-14,48.5,49.29999923706055,47.75,48.0,260309
3567,2026-09-14,25.299999237060547,25.350000381469727,25.299999237060547,25.350000381469727,15140
3570,2026-09-14,167.5,168.0,166.5,168.0,47649
3577,2026-09-14,111.5,112.5,111.0,112.0,127293
3580,2026-09-14,82.5,83.5999984741211,81.69999694824219,82.0999984741211,118495
3581,2026-09-14,98.5,99.69999694824219,95.80000305175781,97.0999984741211,155402
3587,2026-09-14,234.5,237.0,230.0,233.5,230267
3594,2026-09-14,45.349998474121094,46.79999923706055,45.099998474121094,46.599998474121094,241934
3597,2026-09-14,26.0,27.0,26.0,26.899999618530273,50049
3609,2026-09-14,18.149999618530273,19.850000381469727,18.100000381469727,19.850000381469727,575359
3611,2026-09-14,181.5,182.0,181.5,182.0,9825
3615,2026-09-14,33.849998474121094,34.29999923706055,33.29999923706055,33.70000076293945,265746
3623,2026-09-14,27.200000762939453,28.850000381469727,27.149999618530273,27.299999237060547,874371
3624,2026-09-14,122.0,128.5,117.0,123.0,42426596
3625,2026-09-14,12.199999809265137,12.649999618530273,12.199999809265137,12.5,135115
3628,2026-09-14,76.19999694824219,78.0,73.5999984741211,74.0999984741211,594009
3630,2026-09-14,26.0,26.0,25.75,25.950000762939453,200583
3631,2026-09-14,38.599998474121094,38.599998474121094,38.0,38.25,64041
3646,2026-09-14,25.0,25.0,24.700000762939453,24.899999618530273,42122
3663,2026-09-14,59.0,59.0,56.70000076293945,56.70000076293945,240153
3675,2026-09-14,258.0,284.5,256.0,284.5,1863106
3672,2026-09-14,12.100000381469727,12.100000381469727,11.800000190734863,11.800000190734863,7002
3680,2026-09-14,500.0,516.0,492.0,505.0,1131276
3684,2026-09-14,54.0,54.29999923706055,54.0,54.20000076293945,160893
3685,2026-09-14,36.54999923706055,37.400001525878906,36.29999923706055,37.150001525878906,383161
3687,2026-09-14,61.900001525878906,62.0,61.0,61.0,35719
3689,2026-09-14,107.0,107.5,106.0,107.0,482882
3691,2026-09-14,94.0,96.80000305175781,91.80000305175781,95.5,265644
3693,2026-09-14,656.0,695.0,637.0,687.0,1750998
3707,2026-09-14,58.29999923706055,61.29999923706055,57.70000076293945,60.29999923706055,3274343
3709,2026-09-14,62.099998474121094,62.5,61.0,62.099998474121094,184699
3713,2026-09-14,14.600000381469727,14.600000381469727,14.100000381469727,14.100000381469727,33014
4102,2026-09-14,19.200000762939453,19.299999237060547,18.649999618530273,18.700000762939453,21103
4105,2026-09-14,77.69999694824219,78.0999984741211,76.9000015258789,78.0999984741211,213907
4107,2026-09-14,112.0,112.5,111.5,111.5,34678
4109,2026-09-14,10.850000381469727,11.149999618530273,10.850000381469727,11.149999618530273,152877
4111,2026-09-14,28.799999237060547,28.799999237060547,28.399999618530273,28.649999618530273,85793
4113,2026-09-14,15.75,15.800000190734863,15.75,15.75,36598
4116,2026-09-14,39.29999923706055,39.29999923706055,39.29999923706055,39.29999923706055,12200
4114,2026-09-14,29.600000381469727,29.600000381469727,29.299999237060547,29.450000762939453,358071
4121,2026-09-14,12.800000190734863,12.800000190734863,12.649999618530273,12.699999809265137,12011
4126,2026-09-14,77.4000015258789,77.4000015258789,77.0999984741211,77.19999694824219,10407
4123,2026-09-14,30.299999237060547,30.399999618530273,30.0,30.350000381469727,782727
4127,2026-09-14,62.0,62.400001525878906,60.599998474121094,61.79999923706055,86214
4128,2026-09-14,14.5,14.550000190734863,14.100000381469727,14.399999618530273,535941
4129,2026-09-14,81.5999984741211,82.5,81.4000015258789,82.5,109982
4131,2026-09-14,32.599998474121094,32.599998474121094,30.5,32.0,13743
4138,2026-09-14,53.599998474121094,53.599998474121094,53.0,53.599998474121094,15775
4147,2026-09-14,59.599998474121094,60.20000076293945,58.79999923706055,60.0,449535
4139,2026-09-14,41.0,41.25,40.0,41.20000076293945,34736
4154,2026-09-14,11.449999809265137,12.0,11.449999809265137,11.800000190734863,7000
4157,2026-09-14,8.649999618530273,8.760000228881836,8.630000114440918,8.6899995803833,392648
4160,2026-09-14,38.70000076293945,38.79999923706055,38.54999923706055,38.54999923706055,15683
4161,2026-09-14,21.75,22.450000762939453,21.75,22.299999237060547,8000
4162,2026-09-14,54.5,54.5,53.900001525878906,54.20000076293945,183162
4163,2026-09-14,128.5,130.0,128.5,130.0,12665
4166,2026-09-14,23.799999237060547,23.850000381469727,23.600000381469727,23.799999237060547,47096
4167,2026-09-14,18.850000381469727,19.0,18.700000762939453,18.899999618530273,424312
4168,2026-09-14,21.600000381469727,21.799999237060547,21.049999237060547,21.799999237060547,36210
4171,2026-09-14,16.25,16.25,16.100000381469727,16.149999618530273,49627
4173,2026-09-14,17.100000381469727,17.200000762939453,16.950000762939453,17.100000381469727,62690
4174,2026-09-14,25.399999618530273,25.399999618530273,24.799999237060547,25.100000381469727,346631
4175,2026-09-14,51.0,51.20000076293945,50.599998474121094,51.20000076293945,5464
4183,2026-09-14,13.5,13.5,13.199999809265137,13.5,3000
4192,2026-09-14,18.200000762939453,18.25,18.200000762939453,18.200000762939453,10274
4188,2026-09-14,14.699999809265137,15.149999618530273,14.300000190734863,14.75,126359
4198,2026-09-14,48.0,49.79999923706055,48.0,49.79999923706055,4023
4205,2026-09-14,69.0,69.0999984741211,68.80000305175781,68.80000305175781,30242
4303,2026-09-14,36.29999923706055,36.349998474121094,35.75,35.79999923706055,340923
4207,2026-09-14,19.5,19.5,19.399999618530273,19.450000762939453,81841
4304,2026-09-14,17.200000762939453,17.200000762939453,17.200000762939453,17.200000762939453,6108
4305,2026-09-14,41.900001525878906,42.0,41.849998474121094,42.0,11003
4401,2026-09-14,13.949999809265137,14.25,13.800000190734863,13.800000190734863,13045
4402,2026-09-14,14.550000190734863,14.550000190734863,14.050000190734863,14.300000190734863,3515
4406,2026-09-14,9.899999618530273,9.90999984741211,9.899999618530273,9.899999618530273,8000
4416,2026-09-14,10.949999809265137,10.949999809265137,10.25,10.850000381469727,1562259
4417,2026-09-14,50.0,50.0,49.20000076293945,49.29999923706055,100724
4419,2026-09-14,45.29999923706055,45.29999923706055,45.099998474121094,45.099998474121094,11004
4420,2026-09-14,39.20000076293945,40.0,39.0,39.849998474121094,67017
4432,2026-09-14,15.399999618530273,15.600000381469727,15.350000381469727,15.550000190734863,10021
4433,2026-09-14,18.399999618530273,18.5,18.299999237060547,18.350000381469727,114276
4442,2026-09-14,54.79999923706055,56.70000076293945,54.099998474121094,56.099998474121094,69206
4502,2026-09-14,15.649999618530273,15.75,15.5,15.649999618530273,45000
4503,2026-09-14,22.399999618530273,22.700000762939453,22.299999237060547,22.5,81167
4506,2026-09-14,119.5,119.5,119.0,119.0,64937
4510,2026-09-14,42.5,42.5,41.29999923706055,42.0,621601
4513,2026-09-14,15.350000381469727,15.699999809265137,15.100000381469727,15.5,192040
4523,2026-09-14,24.100000381469727,24.100000381469727,23.75,23.799999237060547,39097
4527,2026-09-14,41.0,41.04999923706055,40.900001525878906,41.0,23197
4528,2026-09-14,15.100000381469727,15.199999809265137,14.850000381469727,15.050000190734863,21367
4529,2026-09-14,3.5799999237060547,3.819999933242798,3.450000047683716,3.819999933242798,20000
4530,2026-09-14,25.700000762939453,25.700000762939453,25.700000762939453,25.700000762939453,1042
4533,2026-09-14,24.899999618530273,24.899999618530273,24.299999237060547,24.450000762939453,248968
4534,2026-09-14,27.799999237060547,28.450000762939453,27.299999237060547,27.899999618530273,214926
4535,2026-09-14,27.299999237060547,27.399999618530273,27.299999237060547,27.399999618530273,14002
4538,2026-09-14,17.200000762939453,17.5,17.100000381469727,17.100000381469727,10000
4541,2026-09-14,56.5,57.599998474121094,56.20000076293945,56.70000076293945,531349
4542,2026-09-14,256.5,262.0,250.5,253.5,205614
4543,2026-09-14,28.049999237060547,28.149999618530273,27.700000762939453,28.0,46589
4549,2026-09-14,94.30000305175781,95.5,94.0,94.9000015258789,38339
4550,2026-09-14,23.5,24.399999618530273,23.5,24.399999618530273,16000
4554,2026-09-14,28.049999237060547,28.299999237060547,28.0,28.299999237060547,8242
4556,2026-09-14,104.0,104.0,91.0,91.19999694824219,2247929
4558,2026-09-14,17.100000381469727,17.450000762939453,16.950000762939453,17.25,18000
4561,2026-09-14,40.400001525878906,40.5,39.0,40.0,94302
4563,2026-09-14,44.25,45.5,44.0,45.04999923706055,122140
4568,2026-09-14,38.54999923706055,38.54999923706055,38.54999923706055,38.54999923706055,4201
4577,2026-09-14,85.0,85.5999984741211,83.5999984741211,84.5,230503
4580,2026-09-14,81.30000305175781,81.30000305175781,80.4000015258789,81.0,49164
4584,2026-09-14,37.79999923706055,37.79999923706055,37.599998474121094,37.599998474121094,3893
4609,2026-09-14,4.239999771118164,4.239999771118164,4.239999771118164,4.239999771118164,1000
4702,2026-09-14,9.279999732971191,9.319999694824219,9.149999618530273,9.319999694824219,25327
4706,2026-09-14,35.75,38.20000076293945,35.75,36.400001525878906,28473
4707,2026-09-14,26.100000381469727,26.299999237060547,25.200000762939453,26.049999237060547,1470936
4711,2026-09-14,16.299999237060547,16.450000762939453,16.049999237060547,16.299999237060547,43447
4714,2026-09-14,11.800000190734863,11.800000190734863,11.350000381469727,11.550000190734863,1729415
4716,2026-09-14,16.700000762939453,16.75,16.5,16.600000381469727,470539
4721,2026-09-14,70.80000305175781,72.0999984741211,70.4000015258789,71.4000015258789,116658
4726,2026-09-14,22.899999618530273,23.0,22.25,22.950000762939453,183476
4728,2026-09-14,400.0,400.0,400.0,400.0,1022
4729,2026-09-14,18.200000762939453,18.75,18.149999618530273,18.25,50015
4735,2026-09-14,35.900001525878906,36.04999923706055,35.650001525878906,35.79999923706055,19140
4741,2026-09-14,37.29999923706055,38.29999923706055,36.599998474121094,37.54999923706055,85207
4743,2026-09-14,43.79999923706055,43.79999923706055,43.0,43.400001525878906,747410
4744,2026-09-14,27.0,27.399999618530273,26.75,26.950000762939453,48108
4747,2026-09-14,25.049999237060547,25.100000381469727,24.75,24.799999237060547,31123
4749,2026-09-14,707.0,727.0,701.0,712.0,402196
4760,2026-09-14,255.0,259.5,246.5,258.0,307239
4767,2026-09-14,27.899999618530273,27.899999618530273,27.25,27.75,16110
4768,2026-09-14,295.5,313.0,289.0,303.0,297342
4772,2026-09-14,232.0,239.5,228.5,238.5,429235
4903,2026-09-14,33.45000076293945,36.45000076293945,33.400001525878906,34.900001525878906,2211679
4905,2026-09-14,81.19999694824219,81.19999694824219,78.0,78.0,22862
4907,2026-09-14,43.79999923706055,44.45000076293945,43.75,43.900001525878906,75603
4908,2026-09-14,227.5,235.0,220.0,226.5,3756016
4909,2026-09-14,34.0,34.099998474121094,33.5,33.599998474121094,248956
4911,2026-09-14,28.100000381469727,28.350000381469727,28.100000381469727,28.200000762939453,7976
4923,2026-09-14,51.0,53.29999923706055,50.5,52.0,218361
4924,2026-09-14,12.75,13.25,12.399999618530273,12.399999618530273,237096
4931,2026-09-14,229.0,237.5,223.0,231.5,2393845
4933,2026-09-14,51.099998474121094,51.70000076293945,50.70000076293945,51.29999923706055,37156
4939,2026-09-14,82.4000015258789,83.80000305175781,80.5999984741211,80.69999694824219,8566002
4946,2026-09-14,92.9000015258789,93.0,91.5999984741211,91.5999984741211,7521
4950,2026-09-14,15.649999618530273,16.450000762939453,15.649999618530273,16.399999618530273,8769
4951,2026-09-14,84.0999984741211,84.0999984741211,81.30000305175781,81.30000305175781,233094
4953,2026-09-14,118.5,121.0,117.5,120.5,439185
4966,2026-09-14,528.0,545.0,521.0,539.0,237662
4971,2026-09-14,531.0,559.0,531.0,535.0,1229886
4972,2026-09-14,16.649999618530273,16.649999618530273,16.299999237060547,16.299999237060547,24414
4973,2026-09-14,140.0,140.0,136.5,137.5,522629
4974,2026-09-14,70.80000305175781,71.0999984741211,70.0,70.9000015258789,54642
4979,2026-09-14,510.0,547.0,508.0,546.0,954348
4991,2026-09-14,430.0,451.5,422.0,446.5,3355498
4995,2026-09-14,50.400001525878906,52.599998474121094,49.599998474121094,52.400001525878906,61131
5009,2026-09-14,32.29999923706055,32.29999923706055,31.850000381469727,31.850000381469727,1568585
5011,2026-09-14,18.299999237060547,18.299999237060547,18.100000381469727,18.200000762939453,77357
5013,2026-09-14,28.200000762939453,29.950000762939453,28.200000762939453,29.350000381469727,21036
5014,2026-09-14,9.890000343322754,9.899999618530273,9.819999694824219,9.819999694824219,183257
5015,2026-09-14,22.100000381469727,22.100000381469727,21.850000381469727,21.850000381469727,8543
5016,2026-09-14,24.399999618530273,24.5,24.200000762939453,24.450000762939453,8000
5201,2026-09-14,29.450000762939453,29.899999618530273,29.25,29.75,50117
5202,2026-09-14,12.149999618530273,12.899999618530273,12.050000190734863,12.899999618530273,1023657
5206,2026-09-14,22.350000381469727,22.350000381469727,22.049999237060547,22.149999618530273,88223
5209,2026-09-14,173.0,182.0,172.5,175.0,351944
5210,2026-09-14,29.0,29.799999237060547,28.399999618530273,28.5,249812
5211,2026-09-14,20.100000381469727,20.399999618530273,19.950000762939453,20.0,24187
5213,2026-09-14,20.649999618530273,20.649999618530273,20.399999618530273,20.549999237060547,210997
5220,2026-09-14,19.950000762939453,19.950000762939453,19.549999237060547,19.649999618530273,12549
5223,2026-09-14,24.049999237060547,24.049999237060547,23.0,23.450000762939453,13501
5227,2026-09-14,29.950000762939453,30.200000762939453,29.200000762939453,29.5,143065
5228,2026-09-14,39.900001525878906,39.900001525878906,38.25,39.70000076293945,123888
5230,2026-09-14,18.299999237060547,18.899999618530273,18.299999237060547,18.5,134426
5251,2026-09-14,26.350000381469727,28.299999237060547,26.350000381469727,26.850000381469727,383281
5263,2026-09-14,92.0999984741211,92.5,90.30000305175781,91.0,184055
5272,2026-09-14,16.950000762939453,16.950000762939453,16.799999237060547,16.799999237060547,19261
5274,2026-09-14,17765.0,18035.0,17170.0,17800.0,184793
5278,2026-09-14,23.799999237060547,23.799999237060547,23.450000762939453,23.549999237060547,29698
5287,2026-09-14,135.5,135.5,134.5,134.5,29143
5289,2026-09-14,1265.0,1310.0,1245.0,1300.0,845030
5291,2026-09-14,57.20000076293945,58.79999923706055,57.20000076293945,57.79999923706055,401587
5299,2026-09-14,91.80000305175781,94.0999984741211,91.0999984741211,93.5999984741211,132081
5301,2026-09-14,5.320000171661377,5.360000133514404,5.079999923706055,5.079999923706055,28000
5302,2026-09-14,9.720000267028809,9.75,9.630000114440918,9.640000343322754,206419
5309,2026-09-14,49.45000076293945,49.650001525878906,48.04999923706055,49.20000076293945,859483
5312,2026-09-14,91.30000305175781,91.30000305175781,90.0,90.0,5580
5314,2026-09-14,37.95000076293945,37.95000076293945,37.95000076293945,37.95000076293945,11208064
5315,2026-09-14,18.100000381469727,18.100000381469727,18.0,18.049999237060547,146505
5321,2026-09-14,75.5,75.5,71.5999984741211,71.9000015258789,393514
5324,2026-09-14,12.199999809265137,12.25,12.100000381469727,12.149999618530273,214166
5328,2026-09-14,55.400001525878906,55.599998474121094,53.5,54.099998474121094,2987006
5340,2026-09-14,86.0,87.0,84.0999984741211,84.4000015258789,5174528
5344,2026-09-14,13.300000190734863,13.300000190734863,13.149999618530273,13.149999618530273,21093
5345,2026-09-14,22.299999237060547,22.399999618530273,22.0,22.350000381469727,17020
5347,2026-09-14,155.0,160.0,152.5,158.5,6097435
5348,2026-09-14,16.899999618530273,16.899999618530273,16.899999618530273,16.899999618530273,1033
5353,2026-09-14,28.200000762939453,28.200000762939453,27.25,27.600000381469727,62010
5351,2026-09-14,106.0,107.5,104.0,106.0,5909521
5355,2026-09-14,5.840000152587891,5.989999771118164,5.840000152587891,5.869999885559082,30151
5356,2026-09-14,26.149999618530273,26.200000762939453,25.850000381469727,25.850000381469727,7100
5364,2026-09-14,8.319999694824219,8.380000114440918,8.199999809265137,8.380000114440918,36035
5381,2026-09-14,22.850000381469727,23.0,22.549999237060547,22.850000381469727,203054
5386,2026-09-14,308.0,321.5,299.5,302.5,2539078
5392,2026-09-14,40.20000076293945,40.25,39.5,39.75,595434
5398,2026-09-14,14.350000381469727,14.699999809265137,14.25,14.699999809265137,48115
5403,2026-09-14,93.5,93.5,92.80000305175781,92.9000015258789,51695
5410,2026-09-14,32.5,33.29999923706055,32.349998474121094,33.04999923706055,450696
5425,2026-09-14,84.5999984741211,92.0,84.4000015258789,90.5,12559495
5426,2026-09-14,27.950000762939453,28.049999237060547,27.149999618530273,27.700000762939453,324303
5432,2026-09-14,146.5,150.0,145.5,146.5,19740
5438,2026-09-14,16.200000762939453,16.600000381469727,16.200000762939453,16.450000762939453,43031
5443,2026-09-14,103.0,105.0,102.0,102.5,842845
5439,2026-09-14,245.5,251.0,240.0,247.0,1013793
5450,2026-09-14,14.449999809265137,14.75,14.25,14.399999618530273,61076
5452,2026-09-14,25.799999237060547,26.100000381469727,25.649999618530273,25.850000381469727,185180
5455,2026-09-14,30.0,30.0,29.600000381469727,29.600000381469727,2000
5457,2026-09-14,26.0,26.0,24.899999618530273,24.950000762939453,532053
5460,2026-09-14,17.049999237060547,17.049999237060547,16.600000381469727,16.649999618530273,33418
5464,2026-09-14,87.4000015258789,91.19999694824219,85.5999984741211,89.19999694824219,913167
5465,2026-09-14,24.399999618530273,24.399999618530273,24.049999237060547,24.350000381469727,47000
5468,2026-09-14,25.549999237060547,26.0,25.0,25.0,219874
5474,2026-09-14,147.5,152.5,147.5,151.5,121193
5475,2026-09-14,172.5,181.5,171.0,175.5,4413314
5478,2026-09-14,96.80000305175781,97.30000305175781,96.5,97.0999984741211,41218
5481,2026-09-14,20.75,21.399999618530273,20.600000381469727,21.0,77205
5483,2026-09-14,172.5,179.0,170.0,177.0,6608217
5487,2026-09-14,29.5,30.0,29.5,29.850000381469727,7105
5488,2026-09-14,11.699999809265137,11.699999809265137,11.5,11.649999618530273,148257
5489,2026-09-14,40.25,40.349998474121094,39.04999923706055,40.349998474121094,43329
5490,2026-09-14,25.350000381469727,25.549999237060547,25.100000381469727,25.350000381469727,228581
5493,2026-09-14,84.5,84.5,82.69999694824219,82.69999694824219,32227
5498,2026-09-14,50.0,51.599998474121094,49.900001525878906,50.5,635239
5508,2026-09-14,52.29999923706055,52.79999923706055,52.099998474121094,52.20000076293945,248651
5511,2026-09-14,69.4000015258789,69.5,69.0999984741211,69.5,49889
5512,2026-09-14,7.730000019073486,7.739999771118164,7.679999828338623,7.710000038146973,392049
5514,2026-09-14,14.649999618530273,14.949999809265137,14.649999618530273,14.949999809265137,2403
5516,2026-09-14,11.800000190734863,12.300000190734863,11.699999809265137,12.199999809265137,41527
5523,2026-09-14,30.200000762939453,30.200000762939453,30.200000762939453,30.200000762939453,11000
5529,2026-09-14,23.799999237060547,23.850000381469727,23.5,23.799999237060547,86000
5530,2026-09-14,49.54999923706055,49.79999923706055,49.400001525878906,49.400001525878906,106828
5536,2026-09-14,833.0,853.0,816.0,850.0,224100
5543,2026-09-14,28.200000762939453,28.200000762939453,27.149999618530273,27.149999618530273,9000
5547,2026-09-14,20.0,20.0,19.850000381469727,19.850000381469727,11069
5548,2026-09-14,20.200000762939453,20.200000762939453,20.0,20.149999618530273,11600
5601,2026-09-14,31.0,31.100000381469727,30.200000762939453,30.200000762939453,10000
5603,2026-09-14,13.550000190734863,13.600000381469727,13.449999809265137,13.600000381469727,112864
5604,2026-09-14,30.799999237060547,31.200000762939453,30.799999237060547,31.200000762939453,13507
5609,2026-09-14,78.5999984741211,78.80000305175781,78.0999984741211,78.5,126472
5701,2026-09-14,4.099999904632568,4.389999866485596,4.090000152587891,4.119999885559082,20239
5704,2026-09-14,22.950000762939453,23.25,22.649999618530273,22.649999618530273,15798
5864,2026-09-14,34.95000076293945,35.599998474121094,34.25,35.5,2221845
5902,2026-09-14,34.79999923706055,34.79999923706055,34.75,34.75,190000
5903,2026-09-14,184.0,185.0,183.5,185.0,14970
5904,2026-09-14,72.4000015258789,72.9000015258789,71.5999984741211,72.69999694824219,3060946
5905,2026-09-14,7.440000057220459,7.440000057220459,7.289999961853027,7.320000171661377,689024
6015,2026-09-14,16.850000381469727,17.399999618530273,16.75,17.350000381469727,1624754
6016,2026-09-14,22.200000762939453,22.75,21.950000762939453,22.549999237060547,3319702
6020,2026-09-14,20.399999618530273,20.450000762939453,20.299999237060547,20.450000762939453,14022
6021,2026-09-14,42.54999923706055,44.79999923706055,42.54999923706055,44.79999923706055,583629
6023,2026-09-14,84.19999694824219,85.19999694824219,84.19999694824219,85.0999984741211,233166
6026,2026-09-14,15.100000381469727,15.300000190734863,15.050000190734863,15.25,789780
6101,2026-09-14,37.900001525878906,37.95000076293945,37.45000076293945,37.75,177780
6103,2026-09-14,31.299999237060547,31.299999237060547,31.0,31.0,3049
6104,2026-09-14,90.5,91.30000305175781,89.69999694824219,90.0999984741211,212938
6109,2026-09-14,10.5,10.649999618530273,10.449999809265137,10.600000381469727,54307
6111,2026-09-14,34.54999923706055,34.54999923706055,33.650001525878906,33.75,143452
6113,2026-09-14,21.799999237060547,22.450000762939453,21.5,22.25,69038
6118,2026-09-14,14.899999618530273,15.050000190734863,14.75,14.899999618530273,60403
6121,2026-09-14,376.5,381.5,374.5,377.5,202681
6122,2026-09-14,50.79999923706055,51.79999923706055,50.70000076293945,51.400001525878906,315096
6123,2026-09-14,42.599998474121094,42.900001525878906,42.54999923706055,42.75,24469
6124,2026-09-14,26.600000381469727,27.049999237060547,26.600000381469727,27.049999237060547,3031
6125,2026-09-14,48.0,48.70000076293945,47.5,48.400001525878906,392519
6126,2026-09-14,28.649999618530273,28.899999618530273,28.549999237060547,28.850000381469727,246759
6127,2026-09-14,46.95000076293945,47.95000076293945,45.400001525878906,47.04999923706055,1859065
6129,2026-09-14,14.25,14.25,13.399999618530273,13.800000190734863,671538
6130,2026-09-14,24.399999618530273,24.450000762939453,23.549999237060547,24.149999618530273,57570
6134,2026-09-14,27.950000762939453,28.5,27.950000762939453,28.149999618530273,75218
6138,2026-09-14,265.5,272.0,261.0,269.0,296004
6140,2026-09-14,18.0,18.25,17.700000762939453,18.25,290055
6143,2026-09-14,80.69999694824219,80.69999694824219,79.30000305175781,80.0999984741211,204662
6144,2026-09-14,13.199999809265137,13.199999809265137,13.199999809265137,13.199999809265137,2000
6146,2026-09-14,179.0,181.0,178.5,179.5,144857
6147,2026-09-14,176.0,191.5,171.0,188.5,39684395
6148,2026-09-14,33.29999923706055,34.099998474121094,33.29999923706055,34.099998474121094,1346205
6150,2026-09-14,61.29999923706055,61.599998474121094,60.5,60.70000076293945,182972
6151,2026-09-14,34.150001525878906,34.400001525878906,33.75,34.29999923706055,83259
6156,2026-09-14,20.25,20.350000381469727,20.0,20.0,402357
6158,2026-09-14,17.200000762939453,17.200000762939453,16.600000381469727,16.799999237060547,35204
6160,2026-09-14,14.5,14.600000381469727,14.25,14.550000190734863,27447
6161,2026-09-14,47.599998474121094,48.45000076293945,47.45000076293945,48.04999923706055,48116
6163,2026-09-14,38.70000076293945,39.54999923706055,37.900001525878906,39.04999923706055,323714
6167,2026-09-14,10.149999618530273,10.149999618530273,9.930000305175781,10.050000190734863,174768
6169,2026-09-14,12.0,12.149999618530273,12.0,12.149999618530273,9036
6170,2026-09-14,47.95000076293945,48.150001525878906,47.95000076293945,48.099998474121094,97316
6171,2026-09-14,25.75,25.899999618530273,25.399999618530273,25.700000762939453,55232
6173,2026-09-14,274.0,304.5,272.5,293.0,24106890
6174,2026-09-14,40.349998474121094,42.20000076293945,40.29999923706055,41.45000076293945,457094
6175,2026-09-14,68.5,69.9000015258789,67.4000015258789,69.0999984741211,373481
6179,2026-09-14,35.5,36.099998474121094,32.849998474121094,34.29999923706055,12456814
6180,2026-09-14,40.79999923706055,41.150001525878906,40.75,41.04999923706055,105252
6182,2026-09-14,102.5,105.5,100.0,103.5,16734045
6185,2026-09-14,12.600000381469727,12.600000381469727,12.399999618530273,12.449999809265137,466704
6186,2026-09-14,30.100000381469727,30.450000762939453,29.899999618530273,30.0,370239
6187,2026-09-14,1210.0,1250.0,1185.0,1225.0,1901566
6188,2026-09-14,62.599998474121094,63.0,61.900001525878906,62.599998474121094,580086
6190,2026-09-14,66.5,67.30000305175781,65.5999984741211,66.4000015258789,858028
6194,2026-09-14,29.899999618530273,30.0,29.899999618530273,29.950000762939453,13000
6195,2026-09-14,27.649999618530273,27.899999618530273,27.350000381469727,27.899999618530273,20906
6198,2026-09-14,19.399999618530273,19.399999618530273,19.399999618530273,19.399999618530273,3293
6199,2026-09-14,98.4000015258789,101.0,97.69999694824219,99.9000015258789,3049737
6203,2026-09-14,60.79999923706055,60.79999923706055,59.79999923706055,59.900001525878906,51499
6204,2026-09-14,88.19999694824219,91.4000015258789,87.69999694824219,90.80000305175781,192913
6207,2026-09-14,108.5,109.0,105.0,107.0,2537224
6208,2026-09-14,73.5999984741211,75.0,73.0,73.5999984741211,117667
6210,2026-09-14,17.0,17.850000381469727,16.5,17.5,37304
6212,2026-09-14,32.20000076293945,32.20000076293945,32.20000076293945,32.20000076293945,1100
6217,2026-09-14,162.0,163.5,156.5,159.5,1805299
6218,2026-09-14,44.599998474121094,45.849998474121094,43.25,44.20000076293945,1236023
6219,2026-09-14,11.949999809265137,12.449999809265137,11.949999809265137,12.100000381469727,52383
6220,2026-09-14,25.350000381469727,25.75,25.299999237060547,25.75,43475
6221,2026-09-14,25.600000381469727,25.600000381469727,25.600000381469727,25.600000381469727,311713
6223,2026-09-14,5455.0,5660.0,5370.0,5620.0,522505
6227,2026-09-14,130.0,134.0,124.5,127.5,4410204
6229,2026-09-14,23.350000381469727,23.350000381469727,23.200000762939453,23.200000762939453,4034
6231,2026-09-14,209.5,217.0,204.0,209.5,344238
6233,2026-09-14,20.100000381469727,20.5,20.0,20.350000381469727,49169
6234,2026-09-14,33.20000076293945,34.20000076293945,32.650001525878906,33.849998474121094,202111
6237,2026-09-14,33.599998474121094,33.599998474121094,33.04999923706055,33.400001525878906,70687
6240,2026-09-14,22.799999237060547,23.850000381469727,22.799999237060547,23.5,61020
6241,2026-09-14,15.5,15.5,15.100000381469727,15.449999809265137,40157
6242,2026-09-14,33.70000076293945,33.70000076293945,33.70000076293945,33.70000076293945,1301
6244,2026-09-14,22.25,22.549999237060547,21.950000762939453,22.200000762939453,948918
6245,2026-09-14,82.0999984741211,88.0,82.0999984741211,85.30000305175781,3178610
6246,2026-09-14,12.550000190734863,12.699999809265137,12.550000190734863,12.649999618530273,7012
6248,2026-09-14,16.799999237060547,16.799999237060547,16.549999237060547,16.799999237060547,48105
6259,2026-09-14,28.100000381469727,28.799999237060547,27.75,28.399999618530273,155921
6261,2026-09-14,74.5999984741211,74.9000015258789,72.9000015258789,73.80000305175781,286181
6263,2026-09-14,153.5,155.5,152.5,155.0,35025
6264,2026-09-14,6.0,6.03000020980835,6.0,6.019999980926514,67050
6265,2026-09-14,47.650001525878906,49.70000076293945,47.400001525878906,49.0,1925083
6266,2026-09-14,24.600000381469727,24.75,24.5,24.549999237060547,54179
6270,2026-09-14,27.799999237060547,28.649999618530273,27.649999618530273,28.25,104329
6274,2026-09-14,1340.0,1440.0,1320.0,1415.0,7026394
6275,2026-09-14,45.54999923706055,45.54999923706055,44.95000076293945,45.29999923706055,104081
6279,2026-09-14,110.5,112.0,110.0,111.5,218527
6276,2026-09-14,19.350000381469727,19.75,19.25,19.700000762939453,16220
6290,2026-09-14,253.0,262.0,252.0,260.0,1377058
6284,2026-09-14,75.0999984741211,76.9000015258789,74.4000015258789,76.0,681061
6291,2026-09-14,460.5,484.5,440.0,465.5,2113857
6292,2026-09-14,65.69999694824219,67.69999694824219,65.5,66.5,734975
6411,2026-09-14,76.4000015258789,77.80000305175781,76.4000015258789,77.0,144768
6417,2026-09-14,102.5,104.0,102.5,104.0,11415
6418,2026-09-14,34.54999923706055,35.25,34.5,35.25,101227
6423,2026-09-14,81.5,82.19999694824219,81.5,81.5,18000
6419,2026-09-14,150.0,151.0,147.5,149.0,79031
6425,2026-09-14,60.5,62.099998474121094,60.0,61.599998474121094,129760
6432,2026-09-14,54.400001525878906,54.400001525878906,52.099998474121094,53.099998474121094,252224
6441,2026-09-14,24.799999237060547,25.399999618530273,23.850000381469727,24.5,379770
6435,2026-09-14,226.5,246.5,226.0,241.5,343060
6461,2026-09-14,25.399999618530273,25.700000762939453,25.0,25.200000762939453,40475
6462,2026-09-14,96.30000305175781,98.5999984741211,95.0999984741211,97.9000015258789,283463
6465,2026-09-14,41.79999923706055,41.849998474121094,40.79999923706055,41.0,81128
6469,2026-09-14,66.0999984741211,66.0999984741211,65.19999694824219,65.4000015258789,257324
6470,2026-09-14,43.04999923706055,43.04999923706055,42.599998474121094,42.599998474121094,27028
6474,2026-09-14,35.150001525878906,35.349998474121094,35.099998474121094,35.29999923706055,32334
6485,2026-09-14,59.099998474121094,59.900001525878906,58.70000076293945,59.5,76565
6486,2026-09-14,80.0,81.19999694824219,80.0,80.5999984741211,65829
6488,2026-09-14,880.0,907.0,872.0,896.0,3966160
6492,2026-09-14,33.79999923706055,34.0,33.54999923706055,33.54999923706055,141761
6494,2026-09-14,49.79999923706055,50.70000076293945,49.45000076293945,49.79999923706055,46086
6496,2026-09-14,24.399999618530273,24.399999618530273,23.75,24.25,3330
6498,2026-09-14,65.69999694824219,66.5999984741211,64.80000305175781,65.9000015258789,129329
6499,2026-09-14,70.4000015258789,70.4000015258789,68.5,69.9000015258789,153598
6506,2026-09-14,18.299999237060547,18.299999237060547,17.899999618530273,17.899999618530273,77000
6508,2026-09-14,24.799999237060547,25.049999237060547,24.75,24.75,24721
6509,2026-09-14,45.25,45.25,44.349998474121094,45.0,417698
6510,2026-09-14,3400.0,3520.0,3375.0,3400.0,781973
6516,2026-09-14,56.20000076293945,56.29999923706055,55.900001525878906,55.900001525878906,24248
6517,2026-09-14,63.5,63.5,61.5,62.29999923706055,262690
6523,2026-09-14,90.0999984741211,90.0999984741211,89.19999694824219,89.19999694824219,20514
6527,2026-09-14,75.19999694824219,75.30000305175781,74.9000015258789,74.9000015258789,17000
6530,2026-09-14,90.19999694824219,93.9000015258789,90.0999984741211,91.0,550289
6535,2026-09-14,75.5,77.0,74.5,75.5,142013
6532,2026-09-14,92.0,95.5,91.80000305175781,93.80000305175781,290658
6538,2026-09-14,362.0,379.5,355.0,372.0,404724
6542,2026-09-14,44.29999923706055,44.29999923706055,43.0,43.5,9015
6546,2026-09-14,58.79999923706055,60.0,58.599998474121094,59.400001525878906,92138
6547,2026-09-14,58.400001525878906,59.29999923706055,56.5,58.5,5560821
6548,2026-09-14,68.5999984741211,73.5,68.5,72.5,2661468
6556,2026-09-14,61.5,61.5,60.400001525878906,60.400001525878906,3000
6561,2026-09-14,317.5,318.5,313.0,314.5,53995
6568,2026-09-14,132.0,138.5,132.0,136.5,54561
6569,2026-09-14,89.80000305175781,90.80000305175781,89.0,90.80000305175781,22687
6570,2026-09-14,47.5,47.599998474121094,47.20000076293945,47.400001525878906,29120
6574,2026-09-14,118.0,119.5,117.5,119.0,7811
6576,2026-09-14,80.0999984741211,82.0,79.69999694824219,81.9000015258789,125818
6578,2026-09-14,17.200000762939453,17.200000762939453,16.950000762939453,17.049999237060547,55199
6584,2026-09-14,562.0,567.0,543.0,545.0,354708
6588,2026-09-14,105.0,113.0,104.0,107.5,1378951
6590,2026-09-14,60.0,62.0,60.0,62.0,27522
6593,2026-09-14,31.5,31.850000381469727,31.5,31.850000381469727,13211
6596,2026-09-14,93.9000015258789,93.9000015258789,93.0,93.0999984741211,81310
6603,2026-09-14,24.149999618530273,26.299999237060547,24.149999618530273,25.5,1746679
6609,2026-09-14,39.099998474121094,39.400001525878906,38.5,39.099998474121094,45408
6612,2026-09-14,71.30000305175781,71.80000305175781,71.30000305175781,71.80000305175781,2658
6613,2026-09-14,254.5,256.5,251.5,254.0,150213
6616,2026-09-14,8.210000038146973,8.350000381469727,8.210000038146973,8.350000381469727,2000
6615,2026-09-14,33.900001525878906,33.900001525878906,33.5,33.650001525878906,3027
6617,2026-09-14,130.0,130.0,126.0,127.0,363165
6620,2026-09-14,125.0,128.0,120.0,126.5,1250913
6624,2026-09-14,38.29999923706055,42.349998474121094,38.04999923706055,38.400001525878906,16159
6629,2026-09-14,104.5,104.5,104.5,104.5,1061
6640,2026-09-14,1140.0,1185.0,1085.0,1135.0,362402
6643,2026-09-14,402.0,432.0,400.0,421.5,411378
6649,2026-09-14,35.849998474121094,36.25,35.150001525878906,36.150001525878906,31003
6642,2026-09-14,76.5,76.69999694824219,75.5999984741211,76.0999984741211,34741
6651,2026-09-14,135.5,143.0,135.5,141.0,118969
6654,2026-09-14,202.5,204.0,197.0,204.0,18397
6662,2026-09-14,28.649999618530273,28.700000762939453,28.649999618530273,28.700000762939453,2001
6664,2026-09-14,330.0,338.0,328.0,335.0,248200
6667,2026-09-14,244.5,249.0,238.5,245.5,182825
6680,2026-09-14,53.79999923706055,53.79999923706055,52.0,52.0,7021
6679,2026-09-14,194.0,198.0,192.0,197.5,126880
6683,2026-09-14,1260.0,1375.0,1235.0,1350.0,682554
6684,2026-09-14,45.70000076293945,45.70000076293945,44.349998474121094,44.900001525878906,38190
6690,2026-09-14,181.0,188.0,181.0,188.0,570596
6692,2026-09-14,23.149999618530273,23.450000762939453,22.799999237060547,23.450000762939453,22455
6693,2026-09-14,163.0,184.0,163.0,180.5,1380260
6703,2026-09-14,99.9000015258789,100.5,99.5,100.5,32887
6697,2026-09-14,40.95000076293945,42.45000076293945,40.95000076293945,41.5,64448
6712,2026-09-14,153.5,154.5,151.5,154.5,149858
6716,2026-09-14,114.0,124.5,112.5,121.0,732487
6720,2026-09-14,131.5,131.5,129.0,129.0,18014
6721,2026-09-14,49.599998474121094,49.650001525878906,49.599998474121094,49.599998474121094,8483
6725,2026-09-14,211.5,213.0,207.0,207.0,69391
6727,2026-09-14,505.0,509.0,482.0,488.5,1094254
6728,2026-09-14,107.5,108.0,106.5,108.0,16433
6732,2026-09-14,144.5,147.0,143.0,145.5,66875
6733,2026-09-14,24.950000762939453,25.149999618530273,24.850000381469727,25.149999618530273,27000
6735,2026-09-14,60.599998474121094,61.0,59.0,61.0,52721
6739,2026-09-14,1270.0,1270.0,1145.0,1145.0,537034
6741,2026-09-14,59.20000076293945,59.20000076293945,58.099998474121094,58.900001525878906,76800
6751,2026-09-14,42.0,42.400001525878906,41.650001525878906,41.650001525878906,4409
6752,2026-09-14,96.0,97.4000015258789,95.80000305175781,97.0,34009
6761,2026-09-14,162.0,164.0,160.0,162.5,141356
6763,2026-09-14,40.5,41.29999923706055,40.099998474121094,41.20000076293945,144393
6767,2026-09-14,24.5,24.649999618530273,24.5,24.649999618530273,3000
6785,2026-09-14,95.4000015258789,95.5999984741211,93.19999694824219,93.30000305175781,15735
6788,2026-09-14,323.0,330.5,322.5,327.0,90599
6791,2026-09-14,98.5999984741211,103.0,98.5999984741211,102.5,37632
6803,2026-09-14,270.0,270.0,268.0,268.0,40323
6804,2026-09-14,17.600000381469727,18.0,17.600000381469727,18.0,18200
6811,2026-09-14,235.0,248.0,233.0,248.0,1032665
6821,2026-09-14,39.70000076293945,41.29999923706055,39.54999923706055,40.599998474121094,83991
6823,2026-09-14,59.0,59.5,58.79999923706055,59.29999923706055,53804
6829,2026-09-14,222.0,229.5,217.5,217.5,915783
6840,2026-09-14,90.5,90.69999694824219,86.80000305175781,90.5999984741211,338923
6841,2026-09-14,52.29999923706055,52.29999923706055,51.0,52.0,88652
6843,2026-09-14,38.45000076293945,38.45000076293945,37.95000076293945,38.29999923706055,5010
6844,2026-09-14,59.20000076293945,59.29999923706055,59.0,59.0,10215
6846,2026-09-14,56.20000076293945,56.900001525878906,56.20000076293945,56.79999923706055,5100
6859,2026-09-14,116.0,117.0,113.0,117.0,39485
6865,2026-09-14,25.799999237060547,27.700000762939453,25.799999237060547,27.700000762939453,127461
6870,2026-09-14,308.0,314.5,301.0,306.5,114857
6872,2026-09-14,22.649999618530273,23.5,22.399999618530273,22.5,451929
6874,2026-09-14,68.0,70.5,68.0,69.80000305175781,32467
6875,2026-09-14,31.850000381469727,32.099998474121094,31.450000762939453,32.0,136723
6877,2026-09-14,110.5,112.5,109.0,112.0,39310
6881,2026-09-14,212.5,213.5,212.0,213.0,9022
6884,2026-09-14,30.25,32.349998474121094,30.200000762939453,32.349998474121094,5799
6894,2026-09-14,354.5,369.0,354.5,364.0,116134
6895,2026-09-14,153.0,153.0,150.0,150.0,17644
6899,2026-09-14,49.5,49.5,49.04999923706055,49.099998474121094,5056
6903,2026-09-14,292.5,297.0,290.0,292.0,129680
6904,2026-09-14,122.5,122.5,122.5,122.5,1000
6907,2026-09-14,178.0,180.5,174.0,178.5,846217
6910,2026-09-14,25.450000762939453,25.450000762939453,24.799999237060547,24.899999618530273,16000
6913,2026-09-14,128.5,128.5,122.5,125.0,340556
6922,2026-09-14,183.5,188.5,183.0,187.0,56932
6925,2026-09-14,51.20000076293945,55.20000076293945,51.20000076293945,55.20000076293945,105095
6929,2026-09-14,21.049999237060547,22.399999618530273,21.049999237060547,21.299999237060547,5307
6945,2026-09-14,98.5,98.5,96.5,98.4000015258789,96512
6953,2026-09-14,223.5,232.5,223.5,229.5,42146
6967,2026-09-14,64.5,65.4000015258789,64.0,65.0,91806
6968,2026-09-14,41.25,41.54999923706055,41.04999923706055,41.54999923706055,41640
6971,2026-09-14,24.850000381469727,24.899999618530273,24.799999237060547,24.799999237060547,11240
6982,2026-09-14,44.150001525878906,44.150001525878906,43.0,44.099998474121094,39404
6983,2026-09-14,345.5,353.0,340.5,349.0,32537
6986,2026-09-14,41.0,41.20000076293945,40.0,40.25,37105
6996,2026-09-14,164.0,165.5,164.0,165.5,23278
7402,2026-09-14,101.5,103.5,101.0,101.0,206746
7547,2026-09-14,50.0,51.400001525878906,49.5,49.5,47250
7556,2026-09-14,237.0,243.0,237.0,243.0,10705
7584,2026-09-14,26.100000381469727,27.799999237060547,26.100000381469727,27.799999237060547,10091
7642,2026-09-14,73.9000015258789,73.9000015258789,71.69999694824219,71.69999694824219,17582
7703,2026-09-14,199.0,199.0,193.5,194.5,58648
7704,2026-09-14,60.20000076293945,61.70000076293945,60.20000076293945,61.599998474121094,21169
7708,2026-09-14,91.9000015258789,91.9000015258789,91.5,91.80000305175781,8601
7709,2026-09-14,82.69999694824219,84.9000015258789,82.0,83.0,113591
7712,2026-09-14,141.5,153.0,141.5,150.0,167707
7714,2026-09-14,178.5,189.5,178.5,181.5,1437323
7715,2026-09-14,27.649999618530273,28.049999237060547,27.5,27.600000381469727,58128
7716,2026-09-14,23.399999618530273,23.399999618530273,23.299999237060547,23.299999237060547,2000
7717,2026-09-14,505.0,540.0,485.0,489.5,1802398
7718,2026-09-14,45.79999923706055,46.0,45.79999923706055,46.0,15050
7723,2026-09-14,19.149999618530273,19.149999618530273,18.850000381469727,19.049999237060547,24669
7728,2026-09-14,640.0,666.0,622.0,648.0,64317
7734,2026-09-14,2455.0,2580.0,2445.0,2495.0,294845
7738,2026-09-14,163.5,163.5,160.0,163.5,32540
7743,2026-09-14,21.799999237060547,23.0,21.799999237060547,22.799999237060547,9587
7744,2026-09-14,485.0,487.0,477.5,484.0,86374
7747,2026-09-14,113.5,113.5,112.0,113.5,5155
7751,2026-09-14,1305.0,1460.0,1305.0,1415.0,250506
7753,2026-09-14,36.54999923706055,36.54999923706055,36.0,36.0,15075
7757,2026-09-14,88.69999694824219,88.69999694824219,88.0,88.0,5190
7767,2026-09-14,46.20000076293945,49.45000076293945,46.0,47.29999923706055,185710
7770,2026-09-14,36.04999923706055,36.5,36.04999923706055,36.5,4401
7772,2026-09-14,125.0,131.5,123.0,128.0,129685
7777,2026-09-14,36.0,36.29999923706055,35.5,36.0,807975
7792,2026-09-14,301.0,312.0,300.0,311.5,234692
7794,2026-09-14,31.700000762939453,31.700000762939453,31.5,31.600000381469727,10100
7805,2026-09-14,498.5,502.0,494.5,502.0,22533
7810,2026-09-14,221.5,225.5,215.5,221.0,63345
7811,2026-09-14,72.0,72.19999694824219,72.0,72.19999694824219,7000
7819,2026-09-14,34.400001525878906,34.400001525878906,34.099998474121094,34.099998474121094,23442
7828,2026-09-14,1970.0,1975.0,1875.0,1940.0,259263
7839,2026-09-14,43.0,43.5,43.0,43.349998474121094,8010
7842,2026-09-14,97.30000305175781,99.5999984741211,97.30000305175781,99.4000015258789,9010
8024,2026-09-14,12.399999618530273,12.75,12.25,12.600000381469727,32178
8027,2026-09-14,165.5,169.5,161.0,166.5,1343449
8034,2026-09-14,19.799999237060547,19.850000381469727,19.549999237060547,19.700000762939453,43764
8038,2026-09-14,29.100000381469727,30.350000381469727,29.100000381469727,30.0,93981
8040,2026-09-14,76.5,78.69999694824219,75.5,78.0999984741211,699010
8042,2026-09-14,110.0,114.5,108.5,110.5,3022265
8043,2026-09-14,133.5,135.5,131.5,133.0,955524
8044,2026-09-14,23.049999237060547,23.700000762939453,22.899999618530273,23.700000762939453,235618
8048,2026-09-14,47.5,48.400001525878906,47.20000076293945,48.099998474121094,34814
8049,2026-09-14,24.700000762939453,24.700000762939453,24.450000762939453,24.450000762939453,114785
8054,2026-09-14,80.5,82.69999694824219,79.5999984741211,82.4000015258789,502632
8050,2026-09-14,55.400001525878906,57.29999923706055,55.099998474121094,56.79999923706055,713704
8064,2026-09-14,113.0,117.5,109.5,112.5,4777563
8067,2026-09-14,12.199999809265137,12.600000381469727,12.199999809265137,12.300000190734863,9400
8068,2026-09-14,16.200000762939453,16.450000762939453,16.0,16.200000762939453,66448
8069,2026-09-14,145.0,148.0,143.0,146.0,3715132
8071,2026-09-14,21.299999237060547,21.700000762939453,21.299999237060547,21.399999618530273,265728
8074,2026-09-14,48.900001525878906,50.20000076293945,48.900001525878906,49.70000076293945,229730
8076,2026-09-14,21.700000762939453,21.700000762939453,21.399999618530273,21.600000381469727,412139
8080,2026-09-14,29.5,29.5,29.5,29.5,4103
8083,2026-09-14,158.0,158.0,156.0,157.0,23231
8084,2026-09-14,43.400001525878906,43.400001525878906,41.20000076293945,41.29999923706055,465763
8085,2026-09-14,14.5,14.5,14.0,14.050000190734863,194807
8086,2026-09-14,103.5,108.0,103.5,106.0,1501872
8087,2026-09-14,24.200000762939453,24.799999237060547,23.850000381469727,24.399999618530273,10057
8088,2026-09-14,41.70000076293945,41.79999923706055,41.20000076293945,41.650001525878906,199825
8089,2026-09-14,18.0,18.200000762939453,17.5,18.049999237060547,105176
8091,2026-09-14,206.0,210.0,203.0,208.0,214615
8092,2026-09-14,13.0,13.0,12.5,12.600000381469727,16041
8093,2026-09-14,25.5,25.5,25.200000762939453,25.5,13521
8096,2026-09-14,89.4000015258789,89.4000015258789,84.4000015258789,85.80000305175781,7143983
8097,2026-09-14,48.400001525878906,48.400001525878906,47.849998474121094,48.25,52002
8099,2026-09-14,60.20000076293945,60.400001525878906,59.0,59.0,134933
8107,2026-09-14,12.350000381469727,12.350000381469727,12.300000190734863,12.300000190734863,14108
8109,2026-09-14,126.5,128.0,125.0,127.0,142240
8111,2026-09-14,70.0999984741211,72.9000015258789,69.30000305175781,71.30000305175781,4235784
8121,2026-09-14,26.5,26.950000762939453,26.0,26.600000381469727,224593
8147,2026-09-14,128.0,132.5,128.0,132.5,93869
8155,2026-09-14,323.0,323.0,315.0,317.0,443786
8171,2026-09-14,19.850000381469727,19.850000381469727,19.649999618530273,19.850000381469727,48319
8176,2026-09-14,9.920000076293945,9.970000267028809,9.90999984741211,9.9399995803833,107851
8182,2026-09-14,37.04999923706055,38.0,36.5,37.54999923706055,196134
8183,2026-09-14,29.0,29.049999237060547,28.049999237060547,28.200000762939453,225441
8227,2026-09-14,240.5,259.0,235.0,241.5,19045243
8234,2026-09-14,63.900001525878906,63.900001525878906,62.0,62.79999923706055,280739
8240,2026-09-14,51.0,51.29999923706055,49.650001525878906,50.20000076293945,418302
8255,2026-09-14,134.0,136.0,132.5,134.5,172614
8272,2026-09-14,62.099998474121094,67.80000305175781,61.400001525878906,65.0,49728
8279,2026-09-14,78.69999694824219,78.69999694824219,78.0,78.69999694824219,9010
8284,2026-09-14,69.4000015258789,69.4000015258789,68.5,68.5999984741211,17756
8289,2026-09-14,41.04999923706055,41.5,40.150001525878906,41.04999923706055,252523
8291,2026-09-14,28.899999618530273,31.75,28.899999618530273,31.5,8555
8299,2026-09-14,1920.0,1960.0,1910.0,1930.0,2123626
8349,2026-09-14,38.29999923706055,38.54999923706055,37.900001525878906,38.400001525878906,40134
8354,2026-09-14,17.149999618530273,17.149999618530273,17.0,17.0,6125
8358,2026-09-14,477.0,530.0,477.0,522.0,32784434
8383,2026-09-14,64.69999694824219,65.4000015258789,63.79999923706055,64.0999984741211,591674
8390,2026-09-14,91.0,91.19999694824219,90.0,90.69999694824219,212264
8401,2026-09-14,22.649999618530273,22.649999618530273,22.399999618530273,22.649999618530273,23033
8403,2026-09-14,18.899999618530273,18.950000762939453,18.75,18.899999618530273,139859
8410,2026-09-14,29.149999618530273,29.299999237060547,28.799999237060547,28.850000381469727,24078
8415,2026-09-14,35.54999923706055,35.54999923706055,34.95000076293945,34.95000076293945,527657
8421,2026-09-14,12.399999618530273,12.399999618530273,12.199999809265137,12.300000190734863,100055
8423,2026-09-14,17.700000762939453,18.299999237060547,17.100000381469727,17.700000762939453,59355
8424,2026-09-14,69.19999694824219,69.19999694824219,68.80000305175781,68.80000305175781,12596
8426,2026-09-14,20.5,20.649999618530273,20.5,20.549999237060547,3005
8431,2026-09-14,56.29999923706055,62.5,55.20000076293945,62.5,2483155
8432,2026-09-14,50.5,50.5,49.75,50.20000076293945,15239
8435,2026-09-14,53.599998474121094,53.70000076293945,53.29999923706055,53.29999923706055,15841
8436,2026-09-14,106.5,106.5,105.0,105.5,272881
8437,2026-09-14,9.489999771118164,9.489999771118164,9.0,9.1899995803833,71978
8440,2026-09-14,19.850000381469727,19.899999618530273,19.5,19.899999618530273,114054
8444,2026-09-14,4.880000114440918,4.880000114440918,4.599999904632568,4.599999904632568,2000
8446,2026-09-14,85.19999694824219,85.80000305175781,85.19999694824219,85.19999694824219,37975
8450,2026-09-14,14.449999809265137,14.449999809265137,14.25,14.449999809265137,15134
8455,2026-09-14,23.600000381469727,23.600000381469727,23.600000381469727,23.600000381469727,1000
8472,2026-09-14,78.0999984741211,83.0999984741211,78.0999984741211,78.80000305175781,7823
8477,2026-09-14,15.300000190734863,15.300000190734863,15.300000190734863,15.300000190734863,5000
8489,2026-09-14,21.950000762939453,21.950000762939453,21.700000762939453,21.75,16622
8905,2026-09-14,33.849998474121094,34.150001525878906,33.849998474121094,34.0,7328
8908,2026-09-14,40.0,41.0,40.0,40.0,44387
8916,2026-09-14,41.150001525878906,41.150001525878906,40.75,40.79999923706055,63971
8917,2026-09-14,51.5,52.5,51.5,52.0,487233
8921,2026-09-14,16.25,16.549999237060547,16.25,16.549999237060547,3000
8924,2026-09-14,50.0,50.5,49.849998474121094,50.099998474121094,85130
8927,2026-09-14,18.850000381469727,19.149999618530273,18.799999237060547,19.0,64999
8928,2026-09-14,22.600000381469727,23.350000381469727,22.600000381469727,23.0,6462
8929,2026-09-14,12.899999618530273,13.100000381469727,12.800000190734863,13.0,35242
8930,2026-09-14,29.0,29.0,28.799999237060547,29.0,14231
8931,2026-09-14,41.29999923706055,44.04999923706055,41.04999923706055,43.5,415747
8932,2026-09-14,90.5,91.5999984741211,88.5,90.5999984741211,1384784
8933,2026-09-14,4.440000057220459,4.440000057220459,4.400000095367432,4.429999828338623,55689
8935,2026-09-14,17.799999237060547,17.799999237060547,17.399999618530273,17.5,89696
8936,2026-09-14,50.70000076293945,51.400001525878906,50.400001525878906,50.900001525878906,619433
8938,2026-09-14,51.20000076293945,53.0,51.099998474121094,52.099998474121094,107967
8937,2026-09-14,29.5,29.5,28.299999237060547,29.299999237060547,136197
8941,2026-09-14,44.25,45.400001525878906,44.25,45.400001525878906,4092
8942,2026-09-14,41.5,41.5,41.20000076293945,41.29999923706055,82063
9949,2026-09-14,24.200000762939453,24.200000762939453,23.950000762939453,23.950000762939453,5271
9951,2026-09-14,49.0,49.0,48.599998474121094,48.79999923706055,16857
9960,2026-09-14,31.200000762939453,31.200000762939453,30.399999618530273,30.399999618530273,25391
00929,2026-09-14,28.5,28.719999313354492,28.270000457763672,28.6200008392334,40517825
9962,2026-09-14,9.949999809265137,9.949999809265137,9.899999618530273,9.899999618530273,40005
7689,2026-09-14,155.0,156.0,152.5,156.0,15354
2237,2026-09-14,27.200000762939453,27.200000762939453,26.799999237060547,26.799999237060547,98295
7855,2026-09-14,42.099998474121094,42.099998474121094,42.0,42.04999923706055,368806
7825,2026-09-14,102.5,102.5,90.0,90.30000305175781,1152880
3718,2026-09-14,63.0,63.5,60.79999923706055,61.099998474121094,5205745
1418,2026-09-14,17.5,17.5,17.25,17.25,15012
1626,2026-09-14,9.649999618530273,9.670000076293945,9.539999961853027,9.670000076293945,18725
1732,2026-09-14,25.799999237060547,25.799999237060547,25.700000762939453,25.700000762939453,39146
2024,2026-09-14,13.149999618530273,13.149999618530273,13.149999618530273,13.149999618530273,2005
8101,2026-09-14,12.550000190734863,12.550000190734863,12.550000190734863,12.550000190734863,1841
6908,2026-09-14,30.200000762939453,30.450000762939453,30.200000762939453,30.450000762939453,2000
2073,2026-09-14,25.0,25.0,25.0,25.0,1034
2235,2026-09-14,28.0,28.0,28.0,28.0,8090
2643,2026-09-14,62.5,62.79999923706055,62.5,62.79999923706055,2025
2724,2026-09-14,10.5,10.5,10.5,10.5,1466
2752,2026-09-14,177.0,177.0,176.5,177.0,7326
2926,2026-09-14,30.049999237060547,30.100000381469727,30.049999237060547,30.100000381469727,2020
3252,2026-09-14,15.199999809265137,15.25,15.199999809265137,15.199999809265137,4000
3259,2026-09-14,11.0,11.0,11.0,11.0,10534
3629,2026-09-14,18.5,18.5,18.0,18.0,8000
3632,2026-09-14,7.110000133514404,7.110000133514404,7.110000133514404,7.110000133514404,1340
3664,2026-09-14,6.800000190734863,6.980000019073486,6.800000190734863,6.980000019073486,12634
4153,2026-09-14,31.899999618530273,31.899999618530273,31.899999618530273,31.899999618530273,1346
4430,2026-09-14,17.5,17.600000381469727,17.299999237060547,17.600000381469727,5165
4745,2026-09-14,11.600000381469727,11.649999618530273,11.550000190734863,11.649999618530273,5040
4754,2026-09-14,37.5,37.5,37.5,37.5,5582
4806,2026-09-14,8.699999809265137,9.0600004196167,8.399999618530273,8.399999618530273,29106
5205,2026-09-14,19.700000762939453,19.75,19.700000762939453,19.75,4000
5212,2026-09-14,46.54999923706055,46.599998474121094,46.54999923706055,46.599998474121094,8003
5245,2026-09-14,21.649999618530273,21.649999618530273,21.5,21.5,8000
5310,2026-09-14,25.0,25.0,25.0,25.0,10011
5878,2026-09-14,38.099998474121094,38.099998474121094,38.099998474121094,38.099998474121094,1289
6028,2026-09-14,95.0,95.0,95.0,95.0,1100
6114,2026-09-14,23.0,23.0,22.75,23.0,7222
6154,2026-09-14,13.899999618530273,14.199999809265137,13.899999618530273,14.199999809265137,22798
6222,2026-09-14,19.100000381469727,19.25,19.100000381469727,19.25,4005
6294,2026-09-14,28.100000381469727,28.100000381469727,28.100000381469727,28.100000381469727,5549
6512,2026-09-14,20.350000381469727,20.350000381469727,20.100000381469727,20.100000381469727,3556
6577,2026-09-14,78.5,79.0,78.5,78.9000015258789,11306
6637,2026-09-14,54.0,54.0,54.0,54.0,1222
6661,2026-09-14,16.850000381469727,16.850000381469727,16.299999237060547,16.600000381469727,3000
6708,2026-09-14,37.0,37.0,37.0,37.0,1000
6730,2026-09-14,31.5,31.5,31.5,31.5,1060
6855,2026-09-14,113.0,113.0,113.0,113.0,1001
6961,2026-09-14,49.04999923706055,49.04999923706055,49.04999923706055,49.04999923706055,2043
7713,2026-09-14,73.0,73.0,73.0,73.0,1048
7814,2026-09-14,29.0,29.0,28.149999618530273,28.149999618530273,14017
8032,2026-09-14,34.599998474121094,34.650001525878906,34.54999923706055,34.54999923706055,17025
8066,2026-09-14,14.300000190734863,14.300000190734863,14.300000190734863,14.300000190734863,10270
8077,2026-09-14,42.349998474121094,42.349998474121094,42.349998474121094,42.349998474121094,1002
8342,2026-09-14,85.19999694824219,85.19999694824219,85.19999694824219,85.19999694824219,1038
8409,2026-09-14,17.950000762939453,18.100000381469727,17.950000762939453,18.100000381469727,3080
8416,2026-09-14,170.0,170.0,170.0,170.0,3521
8906,2026-09-14,28.25,28.299999237060547,28.25,28.299999237060547,6120
9950,2026-09-14,10.25,10.25,10.25,10.25,4030
