stock_code,trade_date,open,high,low,close,volume
2330,2026-07-27,2330.0,2365.0,2330.0,2345.0,14333383
00929,2026-07-27,28.739999771118164,28.739999771118164,28.010000228881836,28.170000076293945,29313129
1101,2026-07-27,24.049999237060547,24.350000381469727,23.899999618530273,24.350000381469727,21943948
1102,2026-07-27,33.099998474121094,33.099998474121094,32.70000076293945,32.95000076293945,4679624
1103,2026-07-27,13.25,13.399999618530273,13.149999618530273,13.350000381469727,595761
1104,2026-07-27,26.950000762939453,26.950000762939453,26.649999618530273,26.75,212743
1108,2026-07-27,12.199999809265137,12.199999809265137,12.0,12.0,334540
1109,2026-07-27,13.800000190734863,13.850000381469727,13.800000190734863,13.800000190734863,80712
1110,2026-07-27,16.0,16.0,15.850000381469727,15.949999809265137,117203
1201,2026-07-27,12.550000190734863,12.550000190734863,12.25,12.300000190734863,188744
1203,2026-07-27,46.79999923706055,46.900001525878906,46.650001525878906,46.849998474121094,12289
1210,2026-07-27,57.79999923706055,58.20000076293945,57.70000076293945,58.0,931145
1213,2026-07-27,7.239999771118164,7.239999771118164,7.239999771118164,7.239999771118164,13000
1215,2026-07-27,109.5,109.5,105.0,105.5,1487009
1216,2026-07-27,78.69999694824219,79.0,77.19999694824219,77.9000015258789,9609664
1217,2026-07-27,9.979999542236328,9.989999771118164,9.920000076293945,9.979999542236328,284488
1218,2026-07-27,16.049999237060547,16.049999237060547,15.699999809265137,15.850000381469727,1763563
1219,2026-07-27,11.850000381469727,11.850000381469727,11.600000381469727,11.649999618530273,363079
1220,2026-07-27,11.399999618530273,11.399999618530273,11.25,11.25,49193
1225,2026-07-27,26.649999618530273,26.75,26.100000381469727,26.600000381469727,88698
1227,2026-07-27,29.399999618530273,29.5,29.200000762939453,29.299999237060547,357706
1229,2026-07-27,42.5,42.599998474121094,41.25,41.54999923706055,1902964
1231,2026-07-27,93.5,93.5,91.80000305175781,91.9000015258789,305600
1232,2026-07-27,154.0,155.0,152.5,154.0,203477
1233,2026-07-27,29.049999237060547,29.049999237060547,29.0,29.0,4015
1234,2026-07-27,33.70000076293945,33.900001525878906,33.650001525878906,33.75,72432
1235,2026-07-27,36.400001525878906,36.400001525878906,36.099998474121094,36.349998474121094,12083
1236,2026-07-27,23.549999237060547,23.549999237060547,23.350000381469727,23.549999237060547,29174
1256,2026-07-27,184.0,184.5,182.5,182.5,16218
1301,2026-07-27,62.29999923706055,62.5,59.79999923706055,60.20000076293945,29751048
1303,2026-07-27,173.5,179.0,166.0,166.5,57021636
1304,2026-07-27,12.699999809265137,12.75,11.949999809265137,12.100000381469727,7399298
1305,2026-07-27,12.350000381469727,12.350000381469727,11.649999618530273,11.800000190734863,3827279
1307,2026-07-27,32.04999923706055,32.099998474121094,31.299999237060547,31.350000381469727,526926
1308,2026-07-27,14.0,14.0,13.149999618530273,13.149999618530273,3385969
1309,2026-07-27,14.5,14.550000190734863,13.649999618530273,13.699999809265137,5024896
1310,2026-07-27,8.970000267028809,9.010000228881836,8.970000267028809,8.970000267028809,5150485
1312,2026-07-27,12.949999809265137,12.949999809265137,11.949999809265137,12.050000190734863,19723313
1313,2026-07-27,11.800000190734863,11.800000190734863,11.100000381469727,11.149999618530273,6422949
1314,2026-07-27,8.210000038146973,8.210000038146973,7.920000076293945,7.949999809265137,27079411
1315,2026-07-27,63.70000076293945,63.70000076293945,63.599998474121094,63.599998474121094,9185
1316,2026-07-27,10.25,10.25,10.100000381469727,10.100000381469727,412373
1319,2026-07-27,72.69999694824219,72.69999694824219,72.0,72.5,1175381
1321,2026-07-27,32.20000076293945,32.599998474121094,32.20000076293945,32.5,210603
1323,2026-07-27,19.75,19.950000762939453,19.700000762939453,19.950000762939453,11221
1324,2026-07-27,10.149999618530273,10.300000190734863,10.149999618530273,10.25,21500
1325,2026-07-27,27.850000381469727,28.75,27.350000381469727,27.549999237060547,792269
1326,2026-07-27,65.9000015258789,67.4000015258789,62.599998474121094,63.099998474121094,40309305
1337,2026-07-27,4.860000133514404,4.860000133514404,4.760000228881836,4.78000020980835,359809
1338,2026-07-27,15.699999809265137,15.699999809265137,15.350000381469727,15.399999618530273,51421
1339,2026-07-27,44.29999923706055,44.849998474121094,43.95000076293945,44.70000076293945,36465
1340,2026-07-27,5.300000190734863,5.309999942779541,5.25,5.260000228881836,38205
1342,2026-07-27,110.0,110.5,108.0,108.5,309519
1402,2026-07-27,27.450000762939453,27.700000762939453,27.399999618530273,27.649999618530273,8804126
1409,2026-07-27,23.0,23.100000381469727,22.100000381469727,22.200000762939453,10185214
1410,2026-07-27,26.399999618530273,27.450000762939453,25.950000762939453,26.149999618530273,222501
1413,2026-07-27,10.0,11.300000190734863,10.0,10.600000381469727,930598
1414,2026-07-27,17.799999237060547,18.049999237060547,17.700000762939453,18.049999237060547,421067
1416,2026-07-27,10.949999809265137,10.949999809265137,10.850000381469727,10.899999618530273,272618
1417,2026-07-27,8.529999732971191,8.529999732971191,8.329999923706055,8.399999618530273,54953
1418,2026-07-27,18.5,18.5,18.5,18.5,2850
1419,2026-07-27,67.0,68.5,66.69999694824219,68.5,180470
1423,2026-07-27,35.650001525878906,35.70000076293945,35.650001525878906,35.70000076293945,12482
1432,2026-07-27,15.0,15.050000190734863,14.949999809265137,15.0,78072
1434,2026-07-27,19.100000381469727,19.100000381469727,18.200000762939453,18.25,4883124
1435,2026-07-27,25.5,25.5,25.5,25.5,18140
1436,2026-07-27,38.150001525878906,38.150001525878906,36.95000076293945,37.0,555995
1437,2026-07-27,30.899999618530273,30.899999618530273,30.549999237060547,30.75,123200
1438,2026-07-27,22.299999237060547,22.299999237060547,21.5,21.950000762939453,28066
1440,2026-07-27,12.800000190734863,12.800000190734863,12.600000381469727,12.649999618530273,965615
1441,2026-07-27,8.970000267028809,9.050000190734863,8.970000267028809,9.050000190734863,3772
1442,2026-07-27,29.899999618530273,30.450000762939453,29.649999618530273,30.200000762939453,619594
1443,2026-07-27,27.0,27.0,26.5,26.5,2074
1444,2026-07-27,7.900000095367432,7.900000095367432,7.679999828338623,7.699999809265137,1194723
1445,2026-07-27,10.75,10.850000381469727,10.699999809265137,10.699999809265137,12169
1446,2026-07-27,14.050000190734863,14.350000381469727,14.0,14.050000190734863,290030
1447,2026-07-27,7.5,7.53000020980835,7.0,7.25,1634132
1449,2026-07-27,12.699999809265137,12.75,12.600000381469727,12.600000381469727,132224
1451,2026-07-27,17.399999618530273,17.399999618530273,17.25,17.299999237060547,73016
1452,2026-07-27,11.649999618530273,11.649999618530273,11.5,11.5,82026
1453,2026-07-27,11.300000190734863,11.350000381469727,11.25,11.25,14098
1454,2026-07-27,12.75,12.75,12.300000190734863,12.550000190734863,19010
1455,2026-07-27,9.15999984741211,9.15999984741211,8.930000305175781,8.930000305175781,459401
1456,2026-07-27,13.350000381469727,14.050000190734863,13.350000381469727,13.949999809265137,124821
1457,2026-07-27,14.300000190734863,14.399999618530273,14.25,14.25,55480
1460,2026-07-27,6.940000057220459,6.940000057220459,6.840000152587891,6.840000152587891,138085
1463,2026-07-27,17.899999618530273,18.0,17.799999237060547,17.799999237060547,59182
1464,2026-07-27,10.399999618530273,10.399999618530273,10.300000190734863,10.350000381469727,159239
1465,2026-07-27,13.050000190734863,13.050000190734863,12.75,12.850000381469727,59763
1466,2026-07-27,16.899999618530273,16.899999618530273,16.200000762939453,16.399999618530273,382424
1467,2026-07-27,10.300000190734863,10.550000190734863,9.989999771118164,10.100000381469727,809288
1468,2026-07-27,13.100000381469727,13.149999618530273,12.850000381469727,13.050000190734863,29000
1470,2026-07-27,22.850000381469727,22.850000381469727,22.850000381469727,22.850000381469727,1000
1471,2026-07-27,9.899999618530273,9.899999618530273,9.510000228881836,9.649999618530273,201302
1473,2026-07-27,20.350000381469727,20.350000381469727,20.0,20.149999618530273,34337
1474,2026-07-27,10.550000190734863,10.550000190734863,10.350000381469727,10.399999618530273,33054
1475,2026-07-27,26.649999618530273,26.649999618530273,26.600000381469727,26.600000381469727,2000
1476,2026-07-27,339.0,340.5,333.0,340.0,764473
1477,2026-07-27,215.0,217.5,214.5,217.0,570760
1503,2026-07-27,207.0,207.0,199.0,200.5,871036
1504,2026-07-27,66.80000305175781,66.80000305175781,64.5,64.80000305175781,4387353
1506,2026-07-27,10.800000190734863,10.800000190734863,10.550000190734863,10.600000381469727,90101
1512,2026-07-27,6.869999885559082,6.889999866485596,6.869999885559082,6.889999866485596,6046
1513,2026-07-27,159.0,159.0,155.5,155.5,1682300
1514,2026-07-27,107.0,107.0,103.5,104.0,1003341
1515,2026-07-27,33.45000076293945,33.79999923706055,32.150001525878906,32.25,2080267
1516,2026-07-27,15.800000190734863,15.800000190734863,15.800000190734863,15.800000190734863,7279
1517,2026-07-27,11.350000381469727,12.350000381469727,11.300000190734863,11.600000381469727,1424858
1519,2026-07-27,712.0,721.0,704.0,712.0,792866
1521,2026-07-27,25.0,25.0,24.649999618530273,24.899999618530273,11797
1522,2026-07-27,28.0,28.049999237060547,27.649999618530273,28.0,221880
1524,2026-07-27,26.0,26.450000762939453,25.950000762939453,26.25,261820
1526,2026-07-27,16.100000381469727,17.700000762939453,16.100000381469727,17.700000762939453,1192278
1527,2026-07-27,33.599998474121094,34.04999923706055,33.599998474121094,33.900001525878906,122874
1528,2026-07-27,19.100000381469727,19.25,18.600000381469727,18.649999618530273,653669
1529,2026-07-27,18.649999618530273,18.649999618530273,18.200000762939453,18.299999237060547,224876
1530,2026-07-27,28.799999237060547,28.799999237060547,28.100000381469727,28.350000381469727,113353
1531,2026-07-27,13.050000190734863,13.050000190734863,12.949999809265137,13.050000190734863,47603
1532,2026-07-27,23.350000381469727,23.399999618530273,22.899999618530273,23.0,961970
1533,2026-07-27,33.150001525878906,33.650001525878906,33.150001525878906,33.20000076293945,111251
1535,2026-07-27,46.04999923706055,46.04999923706055,45.70000076293945,45.849998474121094,31730
1536,2026-07-27,51.099998474121094,51.099998474121094,49.099998474121094,49.29999923706055,1112226
1537,2026-07-27,127.0,129.5,127.0,128.0,127636
1538,2026-07-27,9.899999618530273,9.989999771118164,9.899999618530273,9.949999809265137,6000
1539,2026-07-27,16.299999237060547,16.450000762939453,16.200000762939453,16.299999237060547,70204
1540,2026-07-27,21.700000762939453,21.700000762939453,21.25,21.25,142810
1541,2026-07-27,22.0,22.149999618530273,22.0,22.0,10020
1558,2026-07-27,90.19999694824219,90.19999694824219,89.0999984741211,89.19999694824219,20987
1560,2026-07-27,669.0,688.0,664.0,673.0,662241
1563,2026-07-27,62.0,62.0,60.599998474121094,61.099998474121094,357389
1568,2026-07-27,28.549999237060547,28.799999237060547,28.0,28.25,290108
1582,2026-07-27,69.80000305175781,70.0,68.0,68.19999694824219,441547
1583,2026-07-27,50.0,50.0,50.0,50.0,1251
1587,2026-07-27,25.049999237060547,26.0,24.850000381469727,25.200000762939453,186552
1590,2026-07-27,1425.0,1450.0,1405.0,1425.0,380069
1597,2026-07-27,125.0,127.5,122.0,124.5,370400
1598,2026-07-27,19.899999618530273,19.899999618530273,19.399999618530273,19.600000381469727,80001
1603,2026-07-27,29.299999237060547,29.350000381469727,28.899999618530273,29.100000381469727,52268
1604,2026-07-27,23.299999237060547,23.399999618530273,23.25,23.350000381469727,168730
1605,2026-07-27,33.45000076293945,33.75,31.899999618530273,32.099998474121094,16620747
1608,2026-07-27,30.299999237060547,30.299999237060547,28.950000762939453,29.049999237060547,1551147
1609,2026-07-27,37.349998474121094,37.349998474121094,35.900001525878906,36.099998474121094,2103723
1611,2026-07-27,12.0,12.050000190734863,11.850000381469727,11.899999618530273,382335
1612,2026-07-27,31.100000381469727,31.299999237060547,30.899999618530273,31.0,364098
1614,2026-07-27,31.100000381469727,31.149999618530273,31.100000381469727,31.149999618530273,19150
1615,2026-07-27,42.900001525878906,43.5,42.70000076293945,43.0,73294
1616,2026-07-27,19.200000762939453,19.399999618530273,19.049999237060547,19.049999237060547,199394
1617,2026-07-27,17.700000762939453,18.149999618530273,17.299999237060547,17.450000762939453,442981
1618,2026-07-27,38.0,38.400001525878906,37.95000076293945,38.25,430100
1623,2026-07-27,218.0,218.5,215.0,217.0,52290
1626,2026-07-27,10.0,10.050000190734863,9.920000076293945,9.920000076293945,28275
1702,2026-07-27,33.54999923706055,33.54999923706055,33.20000076293945,33.349998474121094,146630
1707,2026-07-27,91.5,91.5999984741211,90.5,90.80000305175781,160763
1708,2026-07-27,53.5,53.5,50.900001525878906,51.400001525878906,1624417
1709,2026-07-27,26.549999237060547,27.0,25.75,26.0,2015111
1710,2026-07-27,15.600000381469727,15.600000381469727,14.199999809265137,14.399999618530273,10532036
1711,2026-07-27,35.79999923706055,36.0,34.25,34.400001525878906,3616676
1712,2026-07-27,39.349998474121094,39.45000076293945,39.099998474121094,39.400001525878906,475084
1713,2026-07-27,48.54999923706055,48.54999923706055,47.95000076293945,47.95000076293945,95449
1714,2026-07-27,14.800000190734863,14.949999809265137,14.050000190734863,14.199999809265137,13005828
1717,2026-07-27,61.400001525878906,61.5,59.20000076293945,59.400001525878906,6100159
1718,2026-07-27,10.800000190734863,10.800000190734863,10.0,10.100000381469727,41097794
1720,2026-07-27,56.70000076293945,57.5,56.400001525878906,57.400001525878906,350660
1721,2026-07-27,20.350000381469727,21.350000381469727,20.350000381469727,20.799999237060547,445049
1722,2026-07-27,46.45000076293945,46.900001525878906,46.349998474121094,46.54999923706055,1275257
1723,2026-07-27,88.9000015258789,88.9000015258789,85.30000305175781,85.5,591577
1725,2026-07-27,29.950000762939453,29.950000762939453,29.149999618530273,29.299999237060547,21137
1726,2026-07-27,76.0,76.80000305175781,76.0,76.80000305175781,31120
1727,2026-07-27,75.80000305175781,76.5999984741211,73.0999984741211,73.5999984741211,971528
1730,2026-07-27,51.900001525878906,51.900001525878906,51.5,51.599998474121094,24098
1731,2026-07-27,20.649999618530273,20.649999618530273,20.549999237060547,20.649999618530273,37011
1732,2026-07-27,28.350000381469727,28.399999618530273,27.149999618530273,27.549999237060547,454758
1733,2026-07-27,32.04999923706055,32.29999923706055,31.799999237060547,32.0,112634
1734,2026-07-27,31.399999618530273,31.450000762939453,31.100000381469727,31.399999618530273,204133
1735,2026-07-27,19.549999237060547,19.649999618530273,19.299999237060547,19.299999237060547,78280
1736,2026-07-27,135.5,137.5,132.0,132.5,201929
1737,2026-07-27,32.150001525878906,32.25,32.04999923706055,32.20000076293945,80200
1752,2026-07-27,31.600000381469727,32.099998474121094,31.450000762939453,31.75,31332
1760,2026-07-27,61.099998474121094,61.29999923706055,60.400001525878906,60.400001525878906,73639
1762,2026-07-27,34.75,34.79999923706055,33.95000076293945,34.099998474121094,97312
1773,2026-07-27,165.5,165.5,157.5,158.0,608828
1776,2026-07-27,17.299999237060547,17.299999237060547,17.049999237060547,17.149999618530273,20176
1783,2026-07-27,40.45000076293945,40.75,40.04999923706055,40.599998474121094,85282
1786,2026-07-27,49.5,50.400001525878906,49.5,49.79999923706055,75855
1789,2026-07-27,19.700000762939453,19.700000762939453,19.450000762939453,19.5,199698
1795,2026-07-27,185.5,186.5,183.0,184.5,779815
1802,2026-07-27,51.5,51.70000076293945,50.099998474121094,50.599998474121094,10335953
1805,2026-07-27,10.199999809265137,10.199999809265137,9.949999809265137,9.949999809265137,63194
1806,2026-07-27,8.260000228881836,8.260000228881836,8.109999656677246,8.170000076293945,62798
1808,2026-07-27,32.45000076293945,32.45000076293945,31.899999618530273,32.04999923706055,361082
1809,2026-07-27,36.900001525878906,37.400001525878906,35.5,36.0,745065
1810,2026-07-27,27.600000381469727,27.850000381469727,26.200000762939453,26.350000381469727,10161010
1817,2026-07-27,38.45000076293945,38.650001525878906,38.400001525878906,38.45000076293945,44223
1903,2026-07-27,48.849998474121094,48.849998474121094,48.400001525878906,48.650001525878906,46708
1904,2026-07-27,21.450000762939453,21.700000762939453,21.299999237060547,21.350000381469727,605393
1905,2026-07-27,14.0,14.0,13.350000381469727,13.399999618530273,1876429
1906,2026-07-27,11.050000190734863,11.050000190734863,10.800000190734863,10.899999618530273,23109
1907,2026-07-27,28.100000381469727,28.149999618530273,27.899999618530273,28.0,787268
1909,2026-07-27,9.960000038146973,10.050000190734863,9.930000305175781,9.989999771118164,1192649
2002,2026-07-27,19.25,19.350000381469727,19.149999618530273,19.149999618530273,23188707
2006,2026-07-27,71.80000305175781,73.0999984741211,71.5999984741211,72.80000305175781,2157322
2007,2026-07-27,7.289999961853027,7.289999961853027,7.090000152587891,7.130000114440918,100019
2008,2026-07-27,31.0,31.0,30.5,31.0,12050
2009,2026-07-27,37.45000076293945,37.849998474121094,37.150001525878906,37.150001525878906,306930
2010,2026-07-27,21.100000381469727,21.25,21.049999237060547,21.100000381469727,458478
2012,2026-07-27,15.850000381469727,15.850000381469727,15.550000190734863,15.550000190734863,35336
2013,2026-07-27,41.400001525878906,41.400001525878906,40.900001525878906,41.04999923706055,98748
2014,2026-07-27,17.549999237060547,17.549999237060547,17.049999237060547,17.100000381469727,1521127
2015,2026-07-27,64.19999694824219,64.80000305175781,64.19999694824219,64.30000305175781,365334
2017,2026-07-27,8.979999542236328,9.109999656677246,8.949999809265137,9.010000228881836,306768
2020,2026-07-27,21.350000381469727,21.450000762939453,21.299999237060547,21.299999237060547,226799
2022,2026-07-27,7.78000020980835,7.789999961853027,7.699999809265137,7.710000038146973,238108
2023,2026-07-27,14.050000190734863,14.100000381469727,13.850000381469727,13.899999618530273,721924
2024,2026-07-27,13.850000381469727,13.850000381469727,13.850000381469727,13.850000381469727,4008
2025,2026-07-27,11.699999809265137,11.949999809265137,11.699999809265137,11.850000381469727,238506
2027,2026-07-27,44.400001525878906,45.150001525878906,43.45000076293945,44.29999923706055,16745338
2028,2026-07-27,15.600000381469727,15.699999809265137,15.5,15.699999809265137,81467
2029,2026-07-27,20.850000381469727,20.850000381469727,20.700000762939453,20.700000762939453,66141
2030,2026-07-27,17.5,17.549999237060547,17.299999237060547,17.299999237060547,274937
2031,2026-07-27,40.70000076293945,40.95000076293945,40.400001525878906,40.70000076293945,469339
2032,2026-07-27,16.049999237060547,16.149999618530273,15.949999809265137,16.0,190242
2033,2026-07-27,15.300000190734863,15.300000190734863,15.100000381469727,15.199999809265137,27000
2034,2026-07-27,19.299999237060547,19.399999618530273,19.049999237060547,19.100000381469727,619333
2038,2026-07-27,12.75,12.850000381469727,12.600000381469727,12.649999618530273,127597
2049,2026-07-27,316.0,321.0,306.5,316.5,943730
2059,2026-07-27,7780.0,8120.0,7675.0,8005.0,382074
2062,2026-07-27,18.850000381469727,18.850000381469727,18.5,18.600000381469727,133588
2069,2026-07-27,18.600000381469727,18.600000381469727,18.149999618530273,18.200000762939453,129423
2072,2026-07-27,148.0,154.5,146.5,150.5,811460
2101,2026-07-27,33.20000076293945,33.29999923706055,32.75,33.099998474121094,489376
2102,2026-07-27,19.100000381469727,19.149999618530273,19.0,19.0,74612
2103,2026-07-27,23.299999237060547,23.299999237060547,22.0,22.049999237060547,5013867
2104,2026-07-27,10.350000381469727,10.350000381469727,10.0,10.050000190734863,5074425
2105,2026-07-27,31.0,31.149999618530273,30.700000762939453,30.950000762939453,6558594
2106,2026-07-27,17.850000381469727,18.100000381469727,17.600000381469727,18.049999237060547,846437
2107,2026-07-27,25.950000762939453,26.0,25.700000762939453,25.950000762939453,134236
2108,2026-07-27,28.399999618530273,28.399999618530273,27.649999618530273,27.700000762939453,591158
2109,2026-07-27,14.5,14.5,14.399999618530273,14.399999618530273,47015
2114,2026-07-27,87.5999984741211,88.19999694824219,87.5999984741211,87.80000305175781,17116
2115,2026-07-27,22.25,22.299999237060547,22.100000381469727,22.299999237060547,44000
2201,2026-07-27,28.149999618530273,28.149999618530273,27.649999618530273,27.649999618530273,767241
2204,2026-07-27,52.0,52.29999923706055,51.599998474121094,51.79999923706055,390897
2206,2026-07-27,61.79999923706055,63.20000076293945,61.400001525878906,63.0,1204239
2207,2026-07-27,502.0,503.0,493.0,499.5,221956
2208,2026-07-27,19.700000762939453,19.850000381469727,19.100000381469727,19.200000762939453,3415610
2211,2026-07-27,88.30000305175781,88.5999984741211,87.5,88.4000015258789,476115
2227,2026-07-27,50.099998474121094,50.79999923706055,50.0,50.0,63975
2228,2026-07-27,79.9000015258789,80.5,79.30000305175781,79.30000305175781,47977
2231,2026-07-27,95.69999694824219,95.69999694824219,94.0,94.30000305175781,180134
2233,2026-07-27,204.0,206.5,196.0,200.5,313525
2236,2026-07-27,146.5,150.0,145.0,145.0,493502
2239,2026-07-27,20.25,20.350000381469727,19.799999237060547,19.850000381469727,28045
2241,2026-07-27,35.29999923706055,35.29999923706055,33.0,33.599998474121094,965360
2243,2026-07-27,50.0,50.400001525878906,47.5,47.5,378894
2247,2026-07-27,225.5,226.5,223.5,225.5,11674
2248,2026-07-27,62.29999923706055,62.900001525878906,61.599998474121094,61.70000076293945,39293
2250,2026-07-27,61.099998474121094,61.79999923706055,60.599998474121094,61.0,47843
2301,2026-07-27,216.5,216.5,204.0,206.5,8745147
2302,2026-07-27,42.5,42.79999923706055,40.20000076293945,40.5,2306252
2303,2026-07-27,123.0,127.0,118.0,119.5,175813656
2305,2026-07-27,32.29999923706055,32.650001525878906,30.149999618530273,31.450000762939453,5030143
2308,2026-07-27,1755.0,1785.0,1695.0,1705.0,7442970
2312,2026-07-27,31.850000381469727,32.0,30.600000381469727,31.0,8767524
2313,2026-07-27,202.5,205.0,194.0,195.5,23900769
2314,2026-07-27,12.199999809265137,12.550000190734863,12.199999809265137,12.550000190734863,66215
2316,2026-07-27,155.0,157.0,148.5,151.0,1092199
2317,2026-07-27,253.0,254.5,246.0,247.5,23945275
2323,2026-07-27,10.399999618530273,10.399999618530273,10.050000190734863,10.100000381469727,3840891
2324,2026-07-27,37.5,37.5,36.04999923706055,36.29999923706055,29103641
2327,2026-07-27,650.0,655.0,590.0,604.0,43421715
2328,2026-07-27,44.900001525878906,45.20000076293945,44.29999923706055,44.5,1278787
2329,2026-07-27,45.04999923706055,45.20000076293945,43.25,43.599998474121094,1969563
2331,2026-07-27,19.5,19.5,18.75,18.850000381469727,964310
2332,2026-07-27,22.299999237060547,24.299999237060547,22.299999237060547,24.25,64997749
2337,2026-07-27,123.5,124.0,118.0,118.5,23587106
2338,2026-07-27,40.849998474121094,41.20000076293945,40.25,40.5,824233
2340,2026-07-27,30.799999237060547,31.25,30.049999237060547,30.200000762939453,1403994
2342,2026-07-27,39.20000076293945,39.70000076293945,37.099998474121094,37.349998474121094,1762724
2344,2026-07-27,155.0,158.0,150.0,152.0,68942178
2345,2026-07-27,2280.0,2285.0,2170.0,2180.0,1193435
2347,2026-07-27,88.80000305175781,89.4000015258789,87.0999984741211,87.5,1354184
2348,2026-07-27,78.80000305175781,78.80000305175781,77.5,77.5,396446
2349,2026-07-27,11.300000190734863,11.300000190734863,10.850000381469727,10.899999618530273,1366217
2351,2026-07-27,159.5,164.0,154.0,156.0,1420875
2352,2026-07-27,29.399999618530273,29.399999618530273,28.25,28.5,4063579
2353,2026-07-27,30.350000381469727,30.350000381469727,29.600000381469727,29.799999237060547,13542244
2354,2026-07-27,57.5,57.5,55.5,55.5,2741885
2355,2026-07-27,41.0,41.150001525878906,39.900001525878906,40.04999923706055,2298442
2356,2026-07-27,64.19999694824219,64.5999984741211,61.400001525878906,62.400001525878906,16565974
2357,2026-07-27,778.0,778.0,735.0,748.0,2578370
2359,2026-07-27,142.0,144.0,138.5,141.0,3251618
2360,2026-07-27,2100.0,2115.0,1980.0,2040.0,1617532
2362,2026-07-27,44.150001525878906,44.400001525878906,43.150001525878906,43.54999923706055,532326
2363,2026-07-27,55.29999923706055,55.70000076293945,53.20000076293945,53.599998474121094,2853201
2364,2026-07-27,71.19999694824219,71.5,70.19999694824219,70.30000305175781,84384
2365,2026-07-27,30.049999237060547,30.25,29.200000762939453,29.350000381469727,1048447
2367,2026-07-27,42.099998474121094,43.20000076293945,41.150001525878906,41.5,4470196
2368,2026-07-27,905.0,907.0,874.0,881.0,1884281
2369,2026-07-27,32.650001525878906,33.29999923706055,31.399999618530273,31.600000381469727,5091209
2371,2026-07-27,26.0,26.0,25.5,25.649999618530273,4054855
2373,2026-07-27,54.400001525878906,54.400001525878906,53.79999923706055,53.900001525878906,23187
2374,2026-07-27,68.5,69.5,67.5,67.69999694824219,3065918
2375,2026-07-27,131.5,136.5,127.0,128.5,4456473
2376,2026-07-27,355.0,355.0,338.0,344.5,4710926
2377,2026-07-27,146.5,147.0,137.5,139.5,9386258
2379,2026-07-27,754.0,783.0,745.0,750.0,3698470
2380,2026-07-27,19.100000381469727,19.700000762939453,19.100000381469727,19.200000762939453,31199
2382,2026-07-27,324.5,326.5,314.5,319.0,13761280
2383,2026-07-27,4825.0,4890.0,4640.0,4670.0,952188
2385,2026-07-27,107.0,107.0,105.0,105.0,1513068
2387,2026-07-27,38.849998474121094,39.25,38.29999923706055,38.349998474121094,176864
2388,2026-07-27,74.5,75.19999694824219,72.69999694824219,73.0,2832088
2390,2026-07-27,11.100000381469727,11.100000381469727,10.75,10.75,385634
2392,2026-07-27,35.849998474121094,35.900001525878906,35.04999923706055,35.25,1025058
2393,2026-07-27,65.5999984741211,65.5999984741211,63.400001525878906,63.599998474121094,2657268
2395,2026-07-27,586.0,588.0,557.0,565.0,2726435
2397,2026-07-27,59.400001525878906,59.400001525878906,56.900001525878906,56.900001525878906,312625
2399,2026-07-27,37.79999923706055,38.25,36.29999923706055,36.45000076293945,1138214
2401,2026-07-27,28.5,28.5,27.0,27.149999618530273,2254787
2402,2026-07-27,58.0,58.0,56.099998474121094,56.29999923706055,974158
2404,2026-07-27,1130.0,1130.0,1085.0,1100.0,898240
2405,2026-07-27,16.5,16.5,16.0,16.049999237060547,640620
2406,2026-07-27,33.650001525878906,34.0,32.599998474121094,32.79999923706055,6678752
2408,2026-07-27,401.5,406.5,387.0,394.5,42949599
2409,2026-07-27,25.549999237060547,25.600000381469727,23.350000381469727,23.5,119377087
2412,2026-07-27,139.5,140.5,139.0,140.5,18078201
2413,2026-07-27,40.349998474121094,40.79999923706055,39.599998474121094,39.79999923706055,266746
2414,2026-07-27,55.70000076293945,55.79999923706055,54.900001525878906,55.70000076293945,176035
2415,2026-07-27,32.45000076293945,32.650001525878906,31.950000762939453,32.0,115033
2417,2026-07-27,41.5,41.900001525878906,40.150001525878906,40.75,621183
2419,2026-07-27,24.649999618530273,25.0,24.450000762939453,24.450000762939453,298528
2420,2026-07-27,56.70000076293945,57.0,56.20000076293945,56.599998474121094,170485
2421,2026-07-27,132.0,132.0,128.0,129.0,694456
2423,2026-07-27,74.5999984741211,74.5999984741211,71.19999694824219,71.9000015258789,165467
2424,2026-07-27,7.860000133514404,8.5,7.860000133514404,8.300000190734863,36200
2425,2026-07-27,46.5,47.599998474121094,45.20000076293945,45.900001525878906,4522130
2426,2026-07-27,62.0,62.79999923706055,59.599998474121094,60.400001525878906,8083682
2427,2026-07-27,23.200000762939453,23.350000381469727,22.850000381469727,23.049999237060547,310945
2428,2026-07-27,241.0,244.5,233.0,235.0,385875
2429,2026-07-27,39.5,39.5,37.5,37.5,378353
2430,2026-07-27,17.549999237060547,17.549999237060547,17.450000762939453,17.5,164319
2431,2026-07-27,10.699999809265137,10.800000190734863,10.449999809265137,10.449999809265137,113865
2433,2026-07-27,42.25,42.25,41.79999923706055,42.20000076293945,27000
2434,2026-07-27,69.69999694824219,69.69999694824219,64.9000015258789,64.9000015258789,114170
2436,2026-07-27,58.5,59.29999923706055,56.79999923706055,57.0,1257058
2438,2026-07-27,17.799999237060547,17.799999237060547,17.350000381469727,17.350000381469727,89766
2439,2026-07-27,82.9000015258789,83.80000305175781,82.69999694824219,83.30000305175781,443710
2440,2026-07-27,15.699999809265137,15.850000381469727,15.399999618530273,15.600000381469727,124004
2441,2026-07-27,119.5,121.0,114.5,115.5,2480904
2442,2026-07-27,19.350000381469727,19.350000381469727,19.200000762939453,19.25,307045
2444,2026-07-27,11.100000381469727,11.149999618530273,10.949999809265137,11.050000190734863,147008
2449,2026-07-27,273.5,282.0,265.0,267.5,12274459
2450,2026-07-27,28.899999618530273,28.899999618530273,28.700000762939453,28.850000381469727,39923
2451,2026-07-27,265.5,270.5,261.5,264.5,11246877
2453,2026-07-27,52.20000076293945,52.20000076293945,51.599998474121094,51.70000076293945,100417
2454,2026-07-27,3655.0,3690.0,3525.0,3590.0,6841496
2455,2026-07-27,322.5,338.0,319.0,320.5,6941049
2457,2026-07-27,23.700000762939453,23.950000762939453,23.350000381469727,23.399999618530273,1029734
2458,2026-07-27,167.5,171.0,163.5,164.0,1269493
2459,2026-07-27,65.30000305175781,65.4000015258789,65.0,65.19999694824219,57627
2460,2026-07-27,32.099998474121094,32.099998474121094,30.600000381469727,30.799999237060547,229885
2461,2026-07-27,16.0,16.200000762939453,15.899999618530273,16.049999237060547,335171
2462,2026-07-27,20.700000762939453,20.700000762939453,20.149999618530273,20.25,205401
2464,2026-07-27,144.0,145.5,138.0,139.5,3000341
2465,2026-07-27,80.5,80.5,77.19999694824219,77.30000305175781,653788
2466,2026-07-27,95.0,104.0,89.0,97.80000305175781,3458281
2467,2026-07-27,526.0,541.0,513.0,517.0,1429718
2468,2026-07-27,34.900001525878906,34.900001525878906,34.099998474121094,34.29999923706055,178681
2471,2026-07-27,48.70000076293945,49.0,48.400001525878906,48.849998474121094,98425
2472,2026-07-27,258.0,265.0,250.0,252.5,1614960
2474,2026-07-27,191.0,191.0,186.0,187.0,1434531
2476,2026-07-27,118.5,120.0,115.5,116.5,1186751
2477,2026-07-27,21.450000762939453,21.600000381469727,21.299999237060547,21.450000762939453,70168
2478,2026-07-27,129.5,134.0,122.5,124.0,2936699
2480,2026-07-27,160.0,160.0,158.5,158.5,122276
2481,2026-07-27,138.0,142.0,133.0,134.0,12127998
2482,2026-07-27,17.600000381469727,17.649999618530273,17.299999237060547,17.5,95052
2483,2026-07-27,39.0,39.650001525878906,36.150001525878906,36.150001525878906,284820
2484,2026-07-27,71.19999694824219,76.0,70.5999984741211,71.30000305175781,38526379
2485,2026-07-27,40.25,41.20000076293945,39.75,40.20000076293945,2670322
2486,2026-07-27,219.0,227.5,216.5,219.0,5193021
2488,2026-07-27,49.900001525878906,49.900001525878906,49.599998474121094,49.599998474121094,49840
2489,2026-07-27,30.100000381469727,30.299999237060547,28.899999618530273,29.200000762939453,6152199
2491,2026-07-27,29.100000381469727,29.100000381469727,27.399999618530273,27.450000762939453,148316
2492,2026-07-27,270.0,270.0,247.0,250.0,2437921
2493,2026-07-27,212.5,220.0,197.5,201.0,3342468
2495,2026-07-27,37.5,37.599998474121094,36.25,36.349998474121094,773322
2496,2026-07-27,60.0,60.0,59.70000076293945,59.70000076293945,4620
2497,2026-07-27,52.099998474121094,52.400001525878906,51.5,51.599998474121094,207388
2498,2026-07-27,42.20000076293945,42.29999923706055,41.349998474121094,41.400001525878906,2318972
2501,2026-07-27,22.649999618530273,22.649999618530273,22.200000762939453,22.200000762939453,3552027
2504,2026-07-27,31.899999618530273,31.950000762939453,31.600000381469727,31.799999237060547,974098
2505,2026-07-27,17.75,17.950000762939453,17.700000762939453,17.899999618530273,328921
2506,2026-07-27,8.739999771118164,8.75,8.680000305175781,8.699999809265137,28483
2509,2026-07-27,13.199999809265137,13.300000190734863,13.199999809265137,13.199999809265137,37662
2511,2026-07-27,8.550000190734863,8.569999694824219,8.520000457763672,8.529999732971191,897823
2514,2026-07-27,12.949999809265137,12.949999809265137,12.699999809265137,12.699999809265137,57543
2515,2026-07-27,12.050000190734863,12.100000381469727,11.75,11.800000190734863,5179188
2516,2026-07-27,14.300000190734863,14.300000190734863,14.0,14.100000381469727,67010
2520,2026-07-27,34.900001525878906,35.5,34.29999923706055,35.29999923706055,886171
2524,2026-07-27,35.79999923706055,36.150001525878906,34.95000076293945,35.75,74162
2527,2026-07-27,46.5,47.099998474121094,45.650001525878906,46.099998474121094,585670
2528,2026-07-27,22.5,22.600000381469727,22.25,22.399999618530273,501232
2530,2026-07-27,20.0,20.200000762939453,19.899999618530273,20.049999237060547,535852
2534,2026-07-27,17.25,17.450000762939453,17.149999618530273,17.350000381469727,265786
2535,2026-07-27,88.0999984741211,88.0999984741211,85.80000305175781,86.19999694824219,160372
2536,2026-07-27,18.25,18.399999618530273,18.200000762939453,18.25,533139
2537,2026-07-27,11.050000190734863,11.149999618530273,11.0,11.0,591197
2538,2026-07-27,9.979999542236328,10.050000190734863,9.949999809265137,10.050000190734863,483854
2539,2026-07-27,40.70000076293945,41.400001525878906,40.5,41.099998474121094,822674
2540,2026-07-27,54.0,54.29999923706055,53.400001525878906,54.20000076293945,485369
2542,2026-07-27,44.70000076293945,44.70000076293945,43.599998474121094,43.650001525878906,3430083
2543,2026-07-27,40.099998474121094,40.79999923706055,38.349998474121094,39.0,1126004
2545,2026-07-27,33.45000076293945,33.45000076293945,33.04999923706055,33.25,146033
2546,2026-07-27,96.0999984741211,97.19999694824219,96.0999984741211,97.19999694824219,83724
2547,2026-07-27,10.100000381469727,10.199999809265137,10.100000381469727,10.149999618530273,1197461
2548,2026-07-27,98.5999984741211,99.5,98.30000305175781,99.19999694824219,520446
2597,2026-07-27,162.0,164.0,161.0,163.0,186272
2601,2026-07-27,6.75,6.800000190734863,6.460000038146973,6.46999979019165,1689114
2603,2026-07-27,203.5,206.0,202.5,203.0,4568477
2605,2026-07-27,32.29999923706055,32.5,31.200000762939453,31.299999237060547,3627740
2606,2026-07-27,64.30000305175781,64.5,62.599998474121094,62.79999923706055,1861336
2607,2026-07-27,47.79999923706055,47.79999923706055,47.29999923706055,47.5,147594
2608,2026-07-27,29.5,29.600000381469727,29.25,29.549999237060547,282655
2609,2026-07-27,51.0,51.29999923706055,50.599998474121094,50.70000076293945,7921436
2610,2026-07-27,20.850000381469727,21.25,20.799999237060547,21.049999237060547,24962203
2611,2026-07-27,14.300000190734863,14.300000190734863,13.949999809265137,13.949999809265137,132869
2612,2026-07-27,52.900001525878906,52.900001525878906,51.599998474121094,51.900001525878906,193603
2613,2026-07-27,21.0,21.0,20.75,20.899999618530273,73728
2614,2026-07-27,18.25,18.25,18.100000381469727,18.100000381469727,251153
2615,2026-07-27,86.0,86.0,83.0,83.5,8562566
2616,2026-07-27,13.899999618530273,13.899999618530273,13.75,13.75,91998
2617,2026-07-27,29.299999237060547,29.299999237060547,28.75,28.799999237060547,303517
2618,2026-07-27,41.5,42.150001525878906,41.29999923706055,41.5,36343423
2630,2026-07-27,53.29999923706055,53.599998474121094,50.400001525878906,50.900001525878906,3262202
2633,2026-07-27,26.0,26.149999618530273,25.950000762939453,26.0,1954632
2634,2026-07-27,65.4000015258789,65.4000015258789,61.29999923706055,61.599998474121094,37610059
2636,2026-07-27,66.4000015258789,66.4000015258789,65.5,65.80000305175781,109394
2637,2026-07-27,84.5,84.5,81.9000015258789,82.30000305175781,1537264
2642,2026-07-27,20.549999237060547,20.700000762939453,20.350000381469727,20.450000762939453,38607
2645,2026-07-27,197.5,197.5,188.0,191.0,2122526
2646,2026-07-27,21.299999237060547,21.5,21.200000762939453,21.450000762939453,2487886
2701,2026-07-27,10.800000190734863,10.899999618530273,10.75,10.75,37443
2702,2026-07-27,13.0,13.0,12.850000381469727,12.850000381469727,27941
2704,2026-07-27,46.45000076293945,46.45000076293945,45.650001525878906,46.0,34268
2705,2026-07-27,16.399999618530273,16.399999618530273,16.200000762939453,16.299999237060547,40842
2706,2026-07-27,12.75,12.850000381469727,12.75,12.75,102030
2707,2026-07-27,179.0,181.0,179.0,180.0,137908
2712,2026-07-27,15.199999809265137,15.199999809265137,15.199999809265137,15.199999809265137,1000
2722,2026-07-27,22.25,22.25,21.450000762939453,21.5,61097
2723,2026-07-27,62.29999923706055,62.599998474121094,61.900001525878906,62.29999923706055,138294
2727,2026-07-27,222.0,226.0,221.0,226.0,346641
2731,2026-07-27,145.5,147.0,145.0,145.5,254295
2739,2026-07-27,34.650001525878906,35.20000076293945,34.650001525878906,35.20000076293945,59925
2748,2026-07-27,39.849998474121094,40.150001525878906,39.79999923706055,40.04999923706055,94708
2753,2026-07-27,179.0,179.0,177.0,178.5,108002
2762,2026-07-27,86.0,88.5999984741211,86.0,87.80000305175781,147919
2801,2026-07-27,24.549999237060547,24.850000381469727,24.350000381469727,24.799999237060547,27053766
2812,2026-07-27,20.450000762939453,20.700000762939453,20.450000762939453,20.649999618530273,26763458
2816,2026-07-27,33.70000076293945,33.900001525878906,33.54999923706055,33.650001525878906,54103
2820,2026-07-27,16.549999237060547,16.700000762939453,16.5,16.600000381469727,1277195
2832,2026-07-27,56.400001525878906,56.5,55.900001525878906,56.400001525878906,87041
2834,2026-07-27,18.100000381469727,18.149999618530273,18.0,18.149999618530273,33329003
2836,2026-07-27,12.850000381469727,12.949999809265137,12.75,12.899999618530273,6645144
2838,2026-07-27,20.549999237060547,20.549999237060547,20.200000762939453,20.399999618530273,2342141
2845,2026-07-27,13.449999809265137,13.449999809265137,13.300000190734863,13.399999618530273,3122794
2849,2026-07-27,14.550000190734863,14.949999809265137,14.449999809265137,14.899999618530273,275183
2850,2026-07-27,152.5,160.0,151.5,157.0,995161
2851,2026-07-27,35.25,35.25,34.79999923706055,34.95000076293945,846984
2852,2026-07-27,26.649999618530273,26.799999237060547,26.649999618530273,26.75,124301
2855,2026-07-27,44.400001525878906,44.45000076293945,43.900001525878906,44.20000076293945,1859665
2867,2026-07-27,9.300000190734863,9.359999656677246,9.199999809265137,9.34000015258789,22782047
2880,2026-07-27,41.099998474121094,41.79999923706055,40.349998474121094,41.75,13310053
2881,2026-07-27,129.0,129.5,127.0,129.0,9431864
2882,2026-07-27,97.9000015258789,98.30000305175781,96.69999694824219,98.0,9586879
2883,2026-07-27,30.950000762939453,30.950000762939453,30.5,30.700000762939453,18460400
2884,2026-07-27,36.349998474121094,36.349998474121094,35.900001525878906,36.29999923706055,20147981
2885,2026-07-27,63.900001525878906,64.69999694824219,63.20000076293945,64.5,21196417
2886,2026-07-27,49.0,49.75,48.29999923706055,49.650001525878906,23074264
2887,2026-07-27,34.5,34.75,34.04999923706055,34.650001525878906,25521332
2889,2026-07-27,15.75,15.75,15.550000190734863,15.649999618530273,2562461
2890,2026-07-27,39.70000076293945,39.79999923706055,38.849998474121094,39.099998474121094,32682314
2891,2026-07-27,63.599998474121094,63.599998474121094,62.5,62.900001525878906,18470531
2892,2026-07-27,34.599998474121094,34.95000076293945,34.099998474121094,34.95000076293945,23937236
2897,2026-07-27,10.149999618530273,10.350000381469727,10.100000381469727,10.300000190734863,6204895
2901,2026-07-27,24.0,24.299999237060547,24.0,24.299999237060547,6740
2903,2026-07-27,22.25,22.450000762939453,22.200000762939453,22.350000381469727,1955848
2904,2026-07-27,13.550000190734863,13.550000190734863,13.5,13.5,7495
2905,2026-07-27,16.149999618530273,16.25,15.949999809265137,16.100000381469727,930264
2906,2026-07-27,13.199999809265137,13.25,13.149999618530273,13.149999618530273,71156
2908,2026-07-27,21.700000762939453,21.799999237060547,21.600000381469727,21.799999237060547,50649
2910,2026-07-27,23.700000762939453,25.899999618530273,23.700000762939453,25.899999618530273,74589
2911,2026-07-27,7.199999809265137,7.199999809265137,7.019999980926514,7.019999980926514,82713
2912,2026-07-27,240.5,241.5,237.5,239.0,2465362
2913,2026-07-27,11.149999618530273,11.199999809265137,11.100000381469727,11.149999618530273,507399
2915,2026-07-27,51.70000076293945,51.900001525878906,51.29999923706055,51.400001525878906,870637
2923,2026-07-27,34.849998474121094,35.0,30.049999237060547,33.400001525878906,270036
2929,2026-07-27,5.829999923706055,5.880000114440918,5.769999980926514,5.800000190734863,33505
2939,2026-07-27,18.549999237060547,20.200000762939453,18.549999237060547,20.200000762939453,156000
2945,2026-07-27,41.599998474121094,41.650001525878906,41.099998474121094,41.099998474121094,4072
3002,2026-07-27,17.350000381469727,17.649999618530273,17.25,17.299999237060547,110968
3003,2026-07-27,59.599998474121094,60.099998474121094,58.29999923706055,59.5,231022
3004,2026-07-27,136.0,136.0,132.5,132.5,261597
3005,2026-07-27,114.0,114.0,111.0,111.5,1609482
3006,2026-07-27,205.0,208.0,198.5,201.0,4680532
3008,2026-07-27,4005.0,4150.0,3905.0,4040.0,1751428
3010,2026-07-27,119.5,119.5,116.0,116.5,537027
3011,2026-07-27,12.050000190734863,12.050000190734863,11.800000190734863,12.0,286215
3013,2026-07-27,85.5,85.5,83.0,83.5,852738
3014,2026-07-27,130.0,131.5,128.5,129.0,529400
3015,2026-07-27,55.0,55.79999923706055,53.79999923706055,54.20000076293945,283838
3016,2026-07-27,94.5,95.80000305175781,90.5,91.5,2450329
3017,2026-07-27,2375.0,2395.0,2310.0,2355.0,1559257
3018,2026-07-27,14.300000190734863,14.300000190734863,14.300000190734863,14.300000190734863,76283
3019,2026-07-27,133.0,137.0,131.5,132.0,1864646
3021,2026-07-27,21.549999237060547,22.200000762939453,21.149999618530273,21.149999618530273,152738
3022,2026-07-27,95.0999984741211,95.5999984741211,89.19999694824219,89.69999694824219,3545594
3023,2026-07-27,285.5,287.5,280.5,284.0,1162477
3024,2026-07-27,13.300000190734863,13.300000190734863,12.850000381469727,12.850000381469727,793340
3025,2026-07-27,57.0,57.0,55.099998474121094,55.20000076293945,73583
3026,2026-07-27,640.0,640.0,576.0,576.0,1163042
3027,2026-07-27,19.100000381469727,19.450000762939453,19.0,19.100000381469727,149819
3028,2026-07-27,67.80000305175781,67.80000305175781,63.20000076293945,63.400001525878906,1561131
3029,2026-07-27,104.5,104.5,103.0,103.0,383749
3030,2026-07-27,292.0,293.5,283.5,286.0,827881
3031,2026-07-27,23.549999237060547,23.700000762939453,22.799999237060547,23.0,442068
3032,2026-07-27,78.5999984741211,84.69999694824219,77.5,81.9000015258789,1102977
3033,2026-07-27,50.099998474121094,50.099998474121094,48.04999923706055,48.20000076293945,4538978
3034,2026-07-27,510.0,525.0,507.0,511.0,2510356
3035,2026-07-27,195.5,199.5,192.0,193.0,3244050
3036,2026-07-27,208.0,208.5,199.5,201.0,4614823
3037,2026-07-27,850.0,854.0,804.0,815.0,11460800
3038,2026-07-27,20.649999618530273,20.75,20.399999618530273,20.399999618530273,114627
3040,2026-07-27,35.849998474121094,36.900001525878906,35.849998474121094,35.900001525878906,76065
3041,2026-07-27,23.450000762939453,23.549999237060547,22.75,22.899999618530273,776377
3042,2026-07-27,163.0,165.0,154.5,156.5,8378711
3043,2026-07-27,20.450000762939453,20.5,20.299999237060547,20.299999237060547,46502
3044,2026-07-27,400.0,400.0,385.0,387.0,951948
3045,2026-07-27,113.5,114.0,112.5,114.0,6003672
3046,2026-07-27,55.400001525878906,55.900001525878906,54.20000076293945,54.5,181648
3047,2026-07-27,14.649999618530273,15.149999618530273,14.550000190734863,14.800000190734863,481524
3048,2026-07-27,50.5,50.900001525878906,48.599998474121094,49.04999923706055,1108781
3049,2026-07-27,10.899999618530273,10.949999809265137,10.550000190734863,10.550000190734863,1646216
3050,2026-07-27,11.550000190734863,11.600000381469727,11.350000381469727,11.449999809265137,377224
3051,2026-07-27,22.450000762939453,22.649999618530273,22.100000381469727,22.350000381469727,322163
3052,2026-07-27,10.699999809265137,10.75,10.649999618530273,10.699999809265137,184987
3054,2026-07-27,53.400001525878906,53.400001525878906,51.0,51.20000076293945,71392
3055,2026-07-27,129.0,134.5,122.0,122.0,5009857
3056,2026-07-27,14.149999618530273,14.149999618530273,13.850000381469727,14.100000381469727,405777
3057,2026-07-27,15.649999618530273,15.699999809265137,15.399999618530273,15.399999618530273,80490
3058,2026-07-27,8.5,8.600000381469727,8.420000076293945,8.460000038146973,166412
3059,2026-07-27,40.0,40.849998474121094,39.849998474121094,40.04999923706055,1104900
3060,2026-07-27,28.899999618530273,29.049999237060547,27.950000762939453,28.149999618530273,884673
3062,2026-07-27,20.600000381469727,20.950000762939453,20.299999237060547,20.399999618530273,1506759
3090,2026-07-27,162.0,162.0,148.0,149.5,1472878
3092,2026-07-27,24.5,24.600000381469727,23.950000762939453,24.100000381469727,109310
3094,2026-07-27,36.849998474121094,36.849998474121094,35.0,35.0,729745
3130,2026-07-27,206.0,207.0,206.0,206.5,70500
3135,2026-07-27,157.0,160.5,154.0,155.0,1273623
3138,2026-07-27,96.69999694824219,97.19999694824219,95.19999694824219,95.5999984741211,126556
3149,2026-07-27,68.30000305175781,71.0,67.19999694824219,67.80000305175781,4103793
3164,2026-07-27,16.399999618530273,16.5,16.399999618530273,16.450000762939453,15012
3167,2026-07-27,605.0,605.0,558.0,558.0,877211
3168,2026-07-27,43.95000076293945,43.95000076293945,43.400001525878906,43.650001525878906,25000
3189,2026-07-27,702.0,718.0,673.0,676.0,8314850
3209,2026-07-27,57.900001525878906,58.20000076293945,55.900001525878906,56.20000076293945,936683
3229,2026-07-27,40.79999923706055,40.79999923706055,36.5,38.0,163014
3231,2026-07-27,180.0,180.5,167.5,171.5,85047290
3257,2026-07-27,50.79999923706055,51.79999923706055,50.70000076293945,50.70000076293945,196205
3266,2026-07-27,13.800000190734863,13.800000190734863,13.550000190734863,13.600000381469727,19020
3296,2026-07-27,26.399999618530273,26.399999618530273,25.5,25.5,31303
3305,2026-07-27,109.5,109.5,105.0,105.5,941530
3308,2026-07-27,20.399999618530273,20.399999618530273,19.700000762939453,19.700000762939453,14556
3311,2026-07-27,34.29999923706055,34.45000076293945,33.900001525878906,33.900001525878906,118281
3312,2026-07-27,47.25,47.400001525878906,46.0,46.400001525878906,439555
3321,2026-07-27,18.75,18.799999237060547,18.100000381469727,18.25,67873
3338,2026-07-27,63.20000076293945,64.30000305175781,62.099998474121094,62.5,173118
3346,2026-07-27,20.700000762939453,20.799999237060547,20.25,20.299999237060547,230442
3356,2026-07-27,58.29999923706055,59.20000076293945,58.29999923706055,58.599998474121094,228974
3376,2026-07-27,186.0,188.5,181.0,182.0,2174470
3380,2026-07-27,29.799999237060547,30.450000762939453,29.5,30.0,1581470
3406,2026-07-27,509.0,522.0,508.0,509.0,961290
3413,2026-07-27,324.5,330.0,320.5,323.5,899306
3416,2026-07-27,186.0,186.0,171.5,172.0,518469
3419,2026-07-27,12.399999618530273,12.399999618530273,12.050000190734863,12.149999618530273,56153
3432,2026-07-27,17.149999618530273,17.149999618530273,17.0,17.0,4020
3437,2026-07-27,17.75,17.799999237060547,17.200000762939453,17.200000762939453,265509
3443,2026-07-27,4080.0,4080.0,3855.0,3920.0,1357154
3447,2026-07-27,29.450000762939453,29.75,28.850000381469727,29.399999618530273,113610
3450,2026-07-27,423.5,442.0,416.0,425.0,7690647
3481,2026-07-27,49.70000076293945,50.20000076293945,45.599998474121094,45.849998474121094,276319279
3494,2026-07-27,7.329999923706055,7.440000057220459,7.050000190734863,7.28000020980835,31353
3501,2026-07-27,40.54999923706055,40.79999923706055,40.150001525878906,40.349998474121094,144232
3504,2026-07-27,63.29999923706055,68.30000305175781,62.900001525878906,65.19999694824219,1717980
3515,2026-07-27,207.5,208.5,202.0,202.0,171026
3518,2026-07-27,26.450000762939453,26.450000762939453,25.850000381469727,25.850000381469727,258573
3528,2026-07-27,85.0999984741211,86.0,83.30000305175781,83.5,83934
3530,2026-07-27,57.79999923706055,58.400001525878906,56.20000076293945,56.29999923706055,64678
3532,2026-07-27,372.0,380.0,357.5,362.0,5072619
3533,2026-07-27,1970.0,1970.0,1890.0,1910.0,344624
3535,2026-07-27,90.0,90.9000015258789,86.4000015258789,86.5,727209
3543,2026-07-27,27.549999237060547,27.600000381469727,26.899999618530273,27.399999618530273,301846
3545,2026-07-27,48.79999923706055,49.599998474121094,47.599998474121094,47.849998474121094,519617
3550,2026-07-27,21.950000762939453,22.200000762939453,21.0,21.100000381469727,715249
3557,2026-07-27,26.100000381469727,26.100000381469727,25.549999237060547,25.799999237060547,17725
3563,2026-07-27,670.0,693.0,660.0,661.0,396890
3576,2026-07-27,18.0,18.149999618530273,17.600000381469727,17.850000381469727,5597057
3583,2026-07-27,715.0,745.0,703.0,726.0,638392
3588,2026-07-27,54.599998474121094,54.599998474121094,52.599998474121094,52.70000076293945,183212
3591,2026-07-27,21.100000381469727,21.299999237060547,20.25,20.299999237060547,1018488
3592,2026-07-27,241.0,243.5,236.5,237.5,215530
3593,2026-07-27,13.600000381469727,13.600000381469727,13.0,13.0,13007
3596,2026-07-27,185.5,188.0,182.5,182.5,272831
3605,2026-07-27,90.0,92.69999694824219,89.5999984741211,90.0,3862815
3607,2026-07-27,14.550000190734863,14.550000190734863,14.25,14.25,168067
3617,2026-07-27,213.5,213.5,207.5,209.0,148597
3622,2026-07-27,53.900001525878906,53.900001525878906,53.0,53.599998474121094,68181
3645,2026-07-27,69.30000305175781,69.30000305175781,66.30000305175781,66.9000015258789,1048090
3652,2026-07-27,32.349998474121094,32.349998474121094,31.100000381469727,31.200000762939453,183361
3653,2026-07-27,3475.0,3580.0,3420.0,3490.0,601932
3661,2026-07-27,3385.0,3420.0,3285.0,3365.0,985680
3665,2026-07-27,2225.0,2225.0,2075.0,2145.0,1608354
3669,2026-07-27,42.54999923706055,44.0,40.400001525878906,42.349998474121094,4738783
3673,2026-07-27,62.099998474121094,62.599998474121094,59.79999923706055,60.20000076293945,3248461
3679,2026-07-27,109.0,109.5,108.5,109.0,17371
3686,2026-07-27,15.25,15.449999809265137,15.199999809265137,15.199999809265137,39302
3694,2026-07-27,60.5,61.0,58.900001525878906,59.099998474121094,735657
3701,2026-07-27,39.5,40.400001525878906,38.599998474121094,39.5,632056
3702,2026-07-27,118.0,118.5,113.5,114.0,4321503
3703,2026-07-27,20.799999237060547,20.850000381469727,20.700000762939453,20.799999237060547,503057
3704,2026-07-27,46.79999923706055,46.79999923706055,44.70000076293945,45.04999923706055,1437353
3705,2026-07-27,54.400001525878906,54.400001525878906,53.900001525878906,54.400001525878906,127655
3706,2026-07-27,91.69999694824219,91.80000305175781,89.5999984741211,90.0,5976694
3708,2026-07-27,100.0,100.0,97.80000305175781,98.0999984741211,310446
3711,2026-07-27,601.0,613.0,590.0,595.0,11343332
3712,2026-07-27,18.799999237060547,18.799999237060547,17.950000762939453,18.5,421413
3714,2026-07-27,54.29999923706055,54.400001525878906,51.5,51.79999923706055,3832903
3715,2026-07-27,116.5,116.5,109.5,110.0,3598343
3716,2026-07-27,33.650001525878906,33.650001525878906,33.349998474121094,33.45000076293945,62008
3717,2026-07-27,22.25,22.5,21.549999237060547,21.799999237060547,1403991
4104,2026-07-27,71.5999984741211,71.5999984741211,70.4000015258789,70.9000015258789,49972
4106,2026-07-27,24.899999618530273,24.899999618530273,24.600000381469727,24.600000381469727,51584
4108,2026-07-27,11.75,11.75,11.600000381469727,11.600000381469727,147634
4119,2026-07-27,52.79999923706055,53.599998474121094,50.29999923706055,51.0,468692
4133,2026-07-27,21.75,22.149999618530273,21.350000381469727,21.5,213759
4137,2026-07-27,94.5,95.69999694824219,94.5,94.9000015258789,68073
4142,2026-07-27,17.450000762939453,17.549999237060547,17.100000381469727,17.149999618530273,754689
4148,2026-07-27,31.299999237060547,31.649999618530273,31.200000762939453,31.200000762939453,26100
4155,2026-07-27,15.350000381469727,15.399999618530273,15.199999809265137,15.300000190734863,155838
4164,2026-07-27,27.450000762939453,27.450000762939453,27.0,27.100000381469727,144471
4169,2026-07-27,223.0,223.0,223.0,223.0,57635
4178,2026-07-27,18.549999237060547,18.649999618530273,18.350000381469727,18.450000762939453,92373
4190,2026-07-27,26.149999618530273,26.149999618530273,25.649999618530273,25.649999618530273,17298
4306,2026-07-27,14.699999809265137,14.699999809265137,14.399999618530273,14.399999618530273,375351
4414,2026-07-27,8.600000381469727,8.619999885559082,8.479999542236328,8.550000190734863,46002
4426,2026-07-27,8.359999656677246,8.359999656677246,8.180000305175781,8.279999732971191,35000
4438,2026-07-27,61.599998474121094,61.599998474121094,60.599998474121094,61.400001525878906,9175
4439,2026-07-27,99.30000305175781,99.30000305175781,99.30000305175781,99.30000305175781,1000
4440,2026-07-27,17.5,17.549999237060547,17.450000762939453,17.549999237060547,25018
4441,2026-07-27,176.5,178.0,174.0,174.0,30470
4526,2026-07-27,30.799999237060547,30.850000381469727,29.799999237060547,29.899999618530273,1199005
4532,2026-07-27,24.549999237060547,24.649999618530273,24.100000381469727,24.200000762939453,523069
4536,2026-07-27,166.0,166.0,164.5,165.0,199390
4540,2026-07-27,50.5,50.900001525878906,49.29999923706055,49.79999923706055,512357
4545,2026-07-27,33.29999923706055,33.599998474121094,33.099998474121094,33.150001525878906,35020
4551,2026-07-27,184.0,184.0,175.5,177.0,747063
4552,2026-07-27,18.950000762939453,18.950000762939453,18.450000762939453,18.5,203310
4555,2026-07-27,45.45000076293945,45.5,44.70000076293945,44.79999923706055,60102
4557,2026-07-27,52.20000076293945,52.5,51.099998474121094,52.400001525878906,43923
4560,2026-07-27,31.5,31.600000381469727,31.149999618530273,31.600000381469727,127000
4562,2026-07-27,31.850000381469727,31.850000381469727,30.700000762939453,31.0,82211
4564,2026-07-27,17.75,17.75,16.899999618530273,17.149999618530273,1130479
4566,2026-07-27,70.5999984741211,71.5999984741211,68.30000305175781,69.69999694824219,2503715
4569,2026-07-27,153.5,156.0,152.0,153.0,30390
4571,2026-07-27,153.0,153.0,150.0,150.5,45282
4572,2026-07-27,143.5,144.0,142.0,142.0,7210
4576,2026-07-27,191.5,193.0,186.0,190.0,427324
4581,2026-07-27,50.70000076293945,50.70000076293945,50.599998474121094,50.599998474121094,3000
4583,2026-07-27,577.0,583.0,561.0,573.0,24347
4585,2026-07-27,300.0,302.0,297.0,299.0,69291
4588,2026-07-27,51.70000076293945,51.70000076293945,50.79999923706055,51.099998474121094,17367
4720,2026-07-27,20.0,20.0,19.299999237060547,19.350000381469727,267035
4722,2026-07-27,204.5,209.5,198.0,198.5,624833
4736,2026-07-27,130.0,130.5,129.0,130.0,108765
4737,2026-07-27,56.5,56.5,55.5,56.5,19001
4739,2026-07-27,81.80000305175781,82.30000305175781,79.9000015258789,80.5999984741211,621479
4746,2026-07-27,51.20000076293945,51.29999923706055,50.70000076293945,51.29999923706055,187228
4755,2026-07-27,116.0,116.0,112.0,112.5,321590
4763,2026-07-27,50.400001525878906,50.900001525878906,49.0,49.70000076293945,4978401
4764,2026-07-27,281.5,301.0,272.0,288.0,1927573
4766,2026-07-27,332.5,332.5,325.5,326.5,159954
4770,2026-07-27,229.0,229.0,222.0,222.5,174619
4771,2026-07-27,184.0,188.5,182.0,186.5,81328
4807,2026-07-27,38.20000076293945,39.400001525878906,37.900001525878906,38.349998474121094,79440
4904,2026-07-27,105.5,107.5,104.5,107.0,8173328
4906,2026-07-27,34.0,34.400001525878906,33.25,33.349998474121094,1802718
4912,2026-07-27,83.0,83.9000015258789,82.5,82.9000015258789,60807
4915,2026-07-27,65.69999694824219,65.69999694824219,64.5999984741211,64.80000305175781,1496729
4916,2026-07-27,103.0,103.5,99.69999694824219,100.0,1616201
4919,2026-07-27,136.0,136.0,127.0,128.0,4308315
4927,2026-07-27,34.25,34.29999923706055,33.150001525878906,33.400001525878906,1361652
4930,2026-07-27,16.299999237060547,16.350000381469727,16.200000762939453,16.25,113148
4934,2026-07-27,15.25,15.25,14.600000381469727,14.649999618530273,516964
4935,2026-07-27,35.95000076293945,35.95000076293945,35.099998474121094,35.099998474121094,24000
4938,2026-07-27,89.4000015258789,89.4000015258789,86.5999984741211,87.0999984741211,9307429
4942,2026-07-27,37.349998474121094,37.349998474121094,36.95000076293945,37.04999923706055,75377
4949,2026-07-27,65.69999694824219,67.0,65.0999984741211,65.4000015258789,282006
4952,2026-07-27,49.150001525878906,49.150001525878906,47.95000076293945,48.04999923706055,264805
4956,2026-07-27,29.450000762939453,29.799999237060547,28.799999237060547,28.950000762939453,441100
4958,2026-07-27,480.0,484.5,451.0,457.5,27491117
4960,2026-07-27,21.0,21.0,20.200000762939453,20.450000762939453,1038046
4961,2026-07-27,161.5,162.0,157.0,157.0,189864
4967,2026-07-27,219.0,219.0,213.5,214.0,1011081
4968,2026-07-27,97.4000015258789,97.4000015258789,95.4000015258789,95.4000015258789,312295
4976,2026-07-27,31.100000381469727,33.900001525878906,30.950000762939453,33.900001525878906,2702728
4977,2026-07-27,135.0,138.5,130.0,131.5,3558765
4989,2026-07-27,64.30000305175781,66.0,63.099998474121094,63.5,2443544
4994,2026-07-27,92.30000305175781,94.5,91.0,93.0,16000
4999,2026-07-27,19.299999237060547,19.399999618530273,19.149999618530273,19.299999237060547,29463
5007,2026-07-27,56.79999923706055,56.79999923706055,56.29999923706055,56.400001525878906,19271
5203,2026-07-27,67.0,69.9000015258789,66.9000015258789,69.0,273417
5215,2026-07-27,38.099998474121094,38.95000076293945,38.0,38.150001525878906,26224
5222,2026-07-27,117.5,117.5,113.0,114.0,162156
5225,2026-07-27,72.69999694824219,73.30000305175781,72.4000015258789,72.69999694824219,76252
5234,2026-07-27,335.0,335.0,319.5,325.5,220545
5236,2026-07-27,150.0,150.0,146.5,147.0,86470
5243,2026-07-27,86.30000305175781,86.5999984741211,84.19999694824219,84.5999984741211,674131
5244,2026-07-27,31.649999618530273,32.04999923706055,31.299999237060547,31.850000381469727,52083
5258,2026-07-27,52.20000076293945,53.29999923706055,51.29999923706055,51.900001525878906,260958
5269,2026-07-27,1380.0,1385.0,1340.0,1360.0,255381
5283,2026-07-27,53.400001525878906,53.400001525878906,52.79999923706055,53.099998474121094,35628
5284,2026-07-27,290.0,290.0,275.5,279.5,151729
5285,2026-07-27,77.5,78.0,74.30000305175781,74.5,515825
5288,2026-07-27,197.5,197.5,193.5,194.0,105261
5292,2026-07-27,164.5,166.5,164.5,165.0,36475
5306,2026-07-27,91.4000015258789,91.80000305175781,89.30000305175781,89.9000015258789,156503
5388,2026-07-27,89.80000305175781,94.69999694824219,89.69999694824219,91.30000305175781,8801483
5434,2026-07-27,546.0,555.0,535.0,535.0,509838
5469,2026-07-27,72.69999694824219,72.69999694824219,70.30000305175781,70.4000015258789,671228
5471,2026-07-27,55.29999923706055,55.400001525878906,53.0,53.70000076293945,1392343
5484,2026-07-27,41.0,41.0,39.5,39.5,186968
5515,2026-07-27,43.849998474121094,44.20000076293945,42.849998474121094,43.25,374841
5519,2026-07-27,28.399999618530273,28.399999618530273,27.899999618530273,28.0,187494
5521,2026-07-27,10.149999618530273,10.199999809265137,10.100000381469727,10.199999809265137,821701
5522,2026-07-27,66.69999694824219,66.69999694824219,65.5999984741211,66.4000015258789,227749
5525,2026-07-27,23.100000381469727,23.149999618530273,22.899999618530273,22.899999618530273,116701
5531,2026-07-27,7.75,7.800000190734863,7.670000076293945,7.75,315100
5533,2026-07-27,14.300000190734863,14.300000190734863,14.25,14.25,56730
5534,2026-07-27,80.19999694824219,80.19999694824219,79.19999694824219,79.30000305175781,189854
5538,2026-07-27,34.849998474121094,34.849998474121094,33.650001525878906,33.95000076293945,25000
5546,2026-07-27,15.0,15.149999618530273,14.149999618530273,14.649999618530273,88830
5607,2026-07-27,50.0,50.0,49.150001525878906,49.349998474121094,280555
5608,2026-07-27,13.850000381469727,13.899999618530273,13.600000381469727,13.649999618530273,695513
5706,2026-07-27,45.400001525878906,45.95000076293945,45.0,45.0,117997
5871,2026-07-27,120.0,120.0,119.0,119.5,2531988
5876,2026-07-27,46.29999923706055,47.099998474121094,46.25,46.900001525878906,15699066
5880,2026-07-27,25.799999237060547,25.899999618530273,25.549999237060547,25.850000381469727,14505513
5907,2026-07-27,4.880000114440918,4.940000057220459,4.809999942779541,4.889999866485596,60000
6005,2026-07-27,35.0,35.400001525878906,34.79999923706055,34.95000076293945,5318164
6024,2026-07-27,64.9000015258789,65.19999694824219,64.4000015258789,64.5999984741211,273294
6108,2026-07-27,17.0,17.0,16.600000381469727,16.850000381469727,175538
6112,2026-07-27,41.0,41.0,40.29999923706055,40.29999923706055,248804
6115,2026-07-27,46.099998474121094,46.150001525878906,45.900001525878906,45.900001525878906,32434
6116,2026-07-27,13.800000190734863,13.850000381469727,13.0,13.0,20165668
6117,2026-07-27,67.0,68.69999694824219,67.0,68.4000015258789,145372
6120,2026-07-27,13.149999618530273,13.149999618530273,12.399999618530273,12.449999809265137,2791730
6128,2026-07-27,20.299999237060547,20.299999237060547,20.200000762939453,20.200000762939453,24961
6133,2026-07-27,21.200000762939453,21.200000762939453,20.600000381469727,20.700000762939453,341968
6136,2026-07-27,24.549999237060547,24.549999237060547,24.149999618530273,24.200000762939453,69441
6139,2026-07-27,836.0,848.0,756.0,757.0,8740347
6141,2026-07-27,36.04999923706055,37.599998474121094,34.79999923706055,34.79999923706055,4063652
6142,2026-07-27,9.869999885559082,10.300000190734863,9.670000076293945,10.199999809265137,1785344
6152,2026-07-27,12.350000381469727,12.350000381469727,12.0,12.0,369929
6153,2026-07-27,16.600000381469727,16.600000381469727,15.800000190734863,15.899999618530273,2921111
6155,2026-07-27,56.0,57.29999923706055,53.79999923706055,54.099998474121094,1035673
6164,2026-07-27,12.199999809265137,12.199999809265137,11.600000381469727,11.75,939074
6165,2026-07-27,49.95000076293945,50.20000076293945,48.70000076293945,48.900001525878906,326760
6166,2026-07-27,163.0,165.5,150.0,150.0,7288172
6168,2026-07-27,23.850000381469727,24.049999237060547,22.799999237060547,23.0,985103
6176,2026-07-27,88.0999984741211,89.5,85.69999694824219,86.4000015258789,2501332
6177,2026-07-27,48.599998474121094,48.849998474121094,48.20000076293945,48.20000076293945,484065
6183,2026-07-27,91.80000305175781,92.30000305175781,90.0999984741211,91.0999984741211,27712
6184,2026-07-27,42.599998474121094,43.0,42.5,42.70000076293945,50162
6189,2026-07-27,49.349998474121094,49.400001525878906,48.04999923706055,48.099998474121094,254327
6191,2026-07-27,89.5999984741211,89.5999984741211,87.4000015258789,87.5,1439997
6192,2026-07-27,115.0,115.0,113.5,114.0,53604
6196,2026-07-27,524.0,532.0,494.5,497.5,1139367
6197,2026-07-27,312.0,315.5,304.0,310.0,1097937
6201,2026-07-27,49.0,49.0,48.599998474121094,48.599998474121094,18072
6202,2026-07-27,54.20000076293945,54.5,51.79999923706055,52.0,1479799
6205,2026-07-27,60.400001525878906,61.400001525878906,59.099998474121094,59.599998474121094,247904
6206,2026-07-27,133.5,136.0,122.5,123.5,2341605
6209,2026-07-27,69.0,72.4000015258789,68.5,69.30000305175781,8550700
6213,2026-07-27,300.5,307.5,290.0,299.0,11423766
6214,2026-07-27,142.0,144.5,140.0,143.5,1439024
6215,2026-07-27,96.80000305175781,96.80000305175781,93.5,94.0,263836
6216,2026-07-27,22.149999618530273,22.25,22.0,22.049999237060547,51608
6224,2026-07-27,56.0,56.70000076293945,55.0,55.400001525878906,138957
6225,2026-07-27,25.649999618530273,25.649999618530273,24.049999237060547,24.049999237060547,9069
6226,2026-07-27,18.100000381469727,18.700000762939453,17.5,17.799999237060547,9594111
6230,2026-07-27,116.5,116.5,113.0,114.0,17993
6235,2026-07-27,38.599998474121094,38.900001525878906,38.20000076293945,38.400001525878906,323938
6239,2026-07-27,278.0,281.5,269.0,271.0,6752958
6243,2026-07-27,54.900001525878906,55.5,50.599998474121094,51.400001525878906,12889989
6257,2026-07-27,217.0,219.0,207.5,209.0,2912317
6269,2026-07-27,54.29999923706055,55.0,53.0,53.20000076293945,1689410
6271,2026-07-27,188.0,189.5,178.5,180.0,3528536
6272,2026-07-27,25.549999237060547,26.399999618530273,25.5,26.0,128292
6277,2026-07-27,77.9000015258789,79.30000305175781,77.19999694824219,77.4000015258789,226450
6278,2026-07-27,159.5,161.0,154.5,155.5,1324777
6281,2026-07-27,51.900001525878906,52.20000076293945,51.400001525878906,52.20000076293945,107993
6282,2026-07-27,47.20000076293945,47.5,45.650001525878906,45.849998474121094,4816719
6283,2026-07-27,20.850000381469727,21.0,20.100000381469727,20.149999618530273,193649
6285,2026-07-27,248.0,255.0,244.0,245.0,3537546
6405,2026-07-27,39.75,39.75,36.79999923706055,37.25,741219
6409,2026-07-27,1040.0,1040.0,995.0,995.0,454642
6412,2026-07-27,81.9000015258789,81.9000015258789,81.0,81.19999694824219,352146
6414,2026-07-27,508.0,520.0,458.0,463.5,6308957
6415,2026-07-27,467.5,467.5,437.5,441.0,2207427
6416,2026-07-27,103.5,108.0,99.9000015258789,100.5,888969
6426,2026-07-27,164.0,172.0,158.5,167.5,851280
6431,2026-07-27,16.649999618530273,17.0,16.649999618530273,16.700000762939453,26001
6438,2026-07-27,145.0,145.0,141.5,141.5,227207
6442,2026-07-27,1345.0,1385.0,1305.0,1305.0,1472445
6443,2026-07-27,28.649999618530273,28.649999618530273,26.950000762939453,27.100000381469727,3875873
6446,2026-07-27,1155.0,1195.0,1130.0,1185.0,1458790
6449,2026-07-27,240.0,245.0,229.5,231.0,746372
6451,2026-07-27,440.0,443.5,415.5,418.0,2051174
6456,2026-07-27,64.0999984741211,64.4000015258789,61.29999923706055,61.599998474121094,1429972
6464,2026-07-27,79.69999694824219,79.69999694824219,79.4000015258789,79.4000015258789,5010
6472,2026-07-27,396.0,403.0,390.0,396.0,338781
6477,2026-07-27,39.0,39.04999923706055,35.849998474121094,36.0,2325894
6491,2026-07-27,334.5,338.5,332.0,336.5,302222
6504,2026-07-27,38.5,41.650001525878906,37.849998474121094,40.900001525878906,195470
6505,2026-07-27,81.69999694824219,82.9000015258789,77.30000305175781,77.30000305175781,34667962
6515,2026-07-27,6395.0,6395.0,6095.0,6170.0,113114
6525,2026-07-27,142.0,144.0,137.5,138.0,1556832
6526,2026-07-27,575.0,585.0,565.0,566.0,205498
6531,2026-07-27,823.0,826.0,773.0,773.0,4134548
6533,2026-07-27,216.5,217.0,207.5,208.0,387786
6541,2026-07-27,39.29999923706055,40.75,38.650001525878906,39.599998474121094,237640
6550,2026-07-27,12.149999618530273,12.149999618530273,11.899999618530273,11.949999809265137,688755
6552,2026-07-27,25.25,25.299999237060547,24.799999237060547,24.850000381469727,101460
6558,2026-07-27,27.0,27.0,26.5,26.5,106974
6573,2026-07-27,18.850000381469727,19.0,17.700000762939453,17.75,325264
6579,2026-07-27,178.5,181.5,165.5,167.5,1396748
6581,2026-07-27,107.0,108.5,107.0,108.5,23000
6582,2026-07-27,33.150001525878906,33.150001525878906,31.899999618530273,32.0,29550
6585,2026-07-27,121.5,122.5,119.0,119.5,291548
6589,2026-07-27,46.20000076293945,47.45000076293945,45.650001525878906,46.70000076293945,457885
6591,2026-07-27,45.29999923706055,45.79999923706055,44.849998474121094,45.29999923706055,103060
6592,2026-07-27,61.29999923706055,61.29999923706055,60.20000076293945,60.29999923706055,263697
6598,2026-07-27,27.700000762939453,30.450000762939453,27.700000762939453,29.549999237060547,1032316
6605,2026-07-27,131.5,133.0,130.5,131.5,177166
6606,2026-07-27,25.700000762939453,26.149999618530273,25.399999618530273,25.5,27259
6614,2026-07-27,38.099998474121094,38.349998474121094,37.900001525878906,37.900001525878906,38483
6625,2026-07-27,75.19999694824219,75.9000015258789,75.19999694824219,75.4000015258789,30580
6641,2026-07-27,17.549999237060547,17.899999618530273,17.549999237060547,17.75,12001
6655,2026-07-27,117.0,117.0,117.0,117.0,2007
6657,2026-07-27,33.54999923706055,33.79999923706055,32.900001525878906,33.0,120384
6658,2026-07-27,154.0,157.5,152.5,154.0,181723
6666,2026-07-27,43.849998474121094,44.900001525878906,43.849998474121094,44.650001525878906,7066
6668,2026-07-27,33.79999923706055,36.70000076293945,33.70000076293945,34.70000076293945,801870
6669,2026-07-27,5700.0,5780.0,5480.0,5580.0,1408706
6670,2026-07-27,270.0,273.5,268.0,272.5,351502
6671,2026-07-27,22.350000381469727,22.450000762939453,22.200000762939453,22.450000762939453,10254
6672,2026-07-27,225.5,228.0,217.0,219.0,1311015
6674,2026-07-27,16.049999237060547,16.049999237060547,15.600000381469727,16.049999237060547,9004
6689,2026-07-27,60.900001525878906,60.900001525878906,59.79999923706055,60.099998474121094,51589
6691,2026-07-27,726.0,726.0,687.0,689.0,581408
6695,2026-07-27,52.099998474121094,52.599998474121094,50.20000076293945,50.599998474121094,471773
6698,2026-07-27,34.20000076293945,34.29999923706055,33.04999923706055,33.25,136756
6706,2026-07-27,105.5,109.5,104.0,105.5,1054320
6715,2026-07-27,415.0,418.5,388.0,395.0,667446
6719,2026-07-27,230.5,232.0,218.5,219.5,909409
6722,2026-07-27,34.400001525878906,34.400001525878906,34.04999923706055,34.04999923706055,8000
6742,2026-07-27,42.04999923706055,43.900001525878906,42.04999923706055,42.599998474121094,302848
6743,2026-07-27,30.5,30.649999618530273,30.149999618530273,30.600000381469727,109375
6753,2026-07-27,139.5,139.5,132.5,135.5,1108636
6754,2026-07-27,42.04999923706055,42.04999923706055,41.79999923706055,41.79999923706055,17000
6756,2026-07-27,96.0999984741211,97.0,93.5999984741211,93.9000015258789,79906
6757,2026-07-27,54.900001525878906,55.900001525878906,54.70000076293945,55.29999923706055,964494
6768,2026-07-27,69.9000015258789,72.9000015258789,69.0999984741211,71.4000015258789,379343
6770,2026-07-27,61.599998474121094,62.099998474121094,59.0,59.79999923706055,72239251
6776,2026-07-27,54.20000076293945,54.5,53.70000076293945,53.900001525878906,102614
6781,2026-07-27,995.0,997.0,967.0,976.0,324209
6782,2026-07-27,183.5,186.0,182.0,185.0,58069
6789,2026-07-27,465.5,474.0,452.0,458.0,829378
6790,2026-07-27,38.75,39.0,38.70000076293945,38.900001525878906,53852
6792,2026-07-27,52.099998474121094,52.599998474121094,52.0,52.20000076293945,36000
6794,2026-07-27,78.5999984741211,78.5999984741211,78.5999984741211,78.5999984741211,1250
6796,2026-07-27,57.5,59.0,57.5,59.0,8005
6799,2026-07-27,82.19999694824219,82.19999694824219,80.19999694824219,80.69999694824219,151389
6805,2026-07-27,1410.0,1450.0,1360.0,1430.0,397667
6830,2026-07-27,360.0,386.0,351.5,371.0,1217562
6831,2026-07-27,678.0,678.0,620.0,620.0,267628
6834,2026-07-27,88.30000305175781,96.5999984741211,88.0999984741211,89.5999984741211,2734562
6835,2026-07-27,31.700000762939453,32.29999923706055,31.049999237060547,31.299999237060547,78037
6838,2026-07-27,24.299999237060547,24.299999237060547,23.799999237060547,24.200000762939453,67770
6861,2026-07-27,206.0,209.0,200.0,200.0,283042
6862,2026-07-27,141.0,144.0,138.5,138.5,110087
6863,2026-07-27,117.5,126.0,117.5,120.5,655086
6869,2026-07-27,67.30000305175781,68.4000015258789,66.4000015258789,67.9000015258789,306147
6873,2026-07-27,85.80000305175781,85.80000305175781,83.5,84.19999694824219,236869
6885,2026-07-27,20.799999237060547,21.0,20.799999237060547,21.0,106064
6887,2026-07-27,37.849998474121094,38.0,37.54999923706055,37.95000076293945,6000
6890,2026-07-27,175.0,183.5,172.5,176.0,428006
6901,2026-07-27,16.5,17.450000762939453,16.399999618530273,17.149999618530273,1664077
6902,2026-07-27,122.0,122.0,117.5,120.0,48251
6906,2026-07-27,70.80000305175781,71.30000305175781,69.80000305175781,69.80000305175781,28122
6909,2026-07-27,42.0,42.25,40.599998474121094,40.849998474121094,272633
6914,2026-07-27,145.0,145.5,144.5,145.0,25430
6916,2026-07-27,19.950000762939453,19.950000762939453,19.25,19.25,42000
6918,2026-07-27,72.4000015258789,72.80000305175781,72.4000015258789,72.5,6000
6919,2026-07-27,98.69999694824219,103.0,98.30000305175781,101.0,2069785
6923,2026-07-27,79.9000015258789,79.9000015258789,77.69999694824219,77.69999694824219,92562
6928,2026-07-27,51.599998474121094,51.599998474121094,49.54999923706055,49.54999923706055,289347
6931,2026-07-27,38.95000076293945,39.099998474121094,38.900001525878906,39.099998474121094,20161
6933,2026-07-27,167.0,167.5,160.5,161.5,200864
6934,2026-07-27,79.0,79.9000015258789,79.0,79.80000305175781,7130
6936,2026-07-27,31.600000381469727,31.799999237060547,31.600000381469727,31.649999618530273,16340
6937,2026-07-27,286.0,290.0,270.5,275.0,366994
6944,2026-07-27,805.0,827.0,775.0,779.0,665378
6947,2026-07-27,82.5,83.4000015258789,76.19999694824219,76.30000305175781,1296823
6952,2026-07-27,35.20000076293945,35.20000076293945,35.150001525878906,35.150001525878906,4001
6957,2026-07-27,240.0,240.0,232.5,234.0,102801
6958,2026-07-27,18.049999237060547,18.100000381469727,17.799999237060547,18.100000381469727,24329
6962,2026-07-27,33.099998474121094,33.099998474121094,31.950000762939453,32.0,1176671
6965,2026-07-27,77.80000305175781,78.5,77.80000305175781,78.19999694824219,9104
6994,2026-07-27,40.20000076293945,40.95000076293945,39.900001525878906,40.349998474121094,206468
7705,2026-07-27,30.299999237060547,30.5,30.299999237060547,30.5,36265
7711,2026-07-27,291.0,302.5,290.0,300.5,176554
7721,2026-07-27,61.79999923706055,63.400001525878906,61.5,61.5,34033
7722,2026-07-27,292.0,294.5,289.5,289.5,14536
7736,2026-07-27,70.4000015258789,70.4000015258789,70.0999984741211,70.0999984741211,14030
7749,2026-07-27,355.0,355.5,348.5,349.0,66103
7750,2026-07-27,2050.0,2080.0,1975.0,2015.0,83225
7760,2026-07-27,34.849998474121094,34.849998474121094,33.5,33.5,32000
7765,2026-07-27,226.5,232.0,226.5,227.5,38859
7768,2026-07-27,275.0,276.5,269.0,271.5,71721
7769,2026-07-27,6075.0,6205.0,5860.0,5985.0,376940
7780,2026-07-27,17.350000381469727,17.399999618530273,17.149999618530273,17.200000762939453,347943
7786,2026-07-27,128.0,128.5,126.0,128.5,151964
7788,2026-07-27,207.0,213.5,204.0,206.0,563923
7791,2026-07-27,61.29999923706055,62.29999923706055,61.099998474121094,61.5,14062
7795,2026-07-27,392.5,408.0,387.0,390.0,436387
7799,2026-07-27,404.0,407.5,395.0,397.0,185745
7818,2026-07-27,68.0,68.0,66.5999984741211,66.80000305175781,43500
7821,2026-07-27,40.79999923706055,41.29999923706055,40.5,41.099998474121094,89753
7822,2026-07-27,879.0,879.0,834.0,835.0,73193
8011,2026-07-27,16.100000381469727,16.200000762939453,16.0,16.049999237060547,191356
8016,2026-07-27,296.5,300.0,286.5,289.5,759504
8021,2026-07-27,372.0,389.5,360.5,363.5,4967300
8028,2026-07-27,301.0,310.0,301.0,309.0,1299242
8033,2026-07-27,187.0,187.0,172.5,174.5,1569292
8039,2026-07-27,235.0,244.0,216.0,216.0,35337548
8045,2026-07-27,61.0,62.599998474121094,59.599998474121094,59.599998474121094,195158
8046,2026-07-27,1090.0,1110.0,1045.0,1060.0,9821718
8070,2026-07-27,47.849998474121094,47.900001525878906,46.400001525878906,46.599998474121094,1439103
8072,2026-07-27,26.700000762939453,26.950000762939453,26.549999237060547,26.600000381469727,72335
8081,2026-07-27,260.0,262.0,253.0,256.5,1141278
8103,2026-07-27,79.4000015258789,79.69999694824219,77.0,77.19999694824219,377183
8104,2026-07-27,32.900001525878906,33.45000076293945,32.5,32.599998474121094,175716
8105,2026-07-27,16.899999618530273,17.0,16.350000381469727,16.549999237060547,1915303
8110,2026-07-27,41.04999923706055,41.04999923706055,39.29999923706055,39.79999923706055,2487011
8112,2026-07-27,88.0,88.0,81.9000015258789,82.30000305175781,16569046
8114,2026-07-27,228.0,231.0,210.5,212.5,1613710
8131,2026-07-27,63.599998474121094,64.4000015258789,60.79999923706055,61.79999923706055,3366110
8150,2026-07-27,90.0,90.80000305175781,85.80000305175781,87.0,27180940
8163,2026-07-27,32.29999923706055,32.29999923706055,30.799999237060547,31.0,784773
8201,2026-07-27,12.050000190734863,12.100000381469727,12.0,12.050000190734863,21001
8210,2026-07-27,1120.0,1120.0,1085.0,1100.0,319995
8213,2026-07-27,31.850000381469727,31.850000381469727,30.700000762939453,30.799999237060547,345609
8215,2026-07-27,24.350000381469727,24.350000381469727,23.450000762939453,23.649999618530273,537117
8222,2026-07-27,38.54999923706055,38.54999923706055,37.099998474121094,37.29999923706055,667843
8249,2026-07-27,43.04999923706055,43.400001525878906,42.5,42.70000076293945,66303
8261,2026-07-27,216.5,219.0,196.0,196.5,1956310
8271,2026-07-27,211.0,214.5,206.0,210.0,4366613
8341,2026-07-27,77.5,77.9000015258789,77.0999984741211,77.4000015258789,158929
8367,2026-07-27,40.150001525878906,40.5,40.150001525878906,40.29999923706055,29069
8374,2026-07-27,78.30000305175781,78.30000305175781,76.19999694824219,77.0,103851
8404,2026-07-27,16.649999618530273,16.899999618530273,16.649999618530273,16.799999237060547,81001
8411,2026-07-27,13.100000381469727,13.149999618530273,12.899999618530273,13.0,31663
8422,2026-07-27,26.25,26.25,25.399999618530273,25.450000762939453,4938872
8429,2026-07-27,6.070000171661377,6.139999866485596,6.059999942779541,6.099999904632568,27814
8438,2026-07-27,66.4000015258789,66.4000015258789,63.400001525878906,64.19999694824219,278625
8442,2026-07-27,46.29999923706055,46.29999923706055,45.45000076293945,45.45000076293945,31055
8443,2026-07-27,11.399999618530273,11.5,11.399999618530273,11.5,7840
8454,2026-07-27,240.0,242.5,235.5,239.0,406829
8462,2026-07-27,157.0,159.0,156.0,158.5,58142
8463,2026-07-27,21.399999618530273,21.450000762939453,21.350000381469727,21.399999618530273,10999
8464,2026-07-27,376.5,379.5,373.0,379.0,411513
8466,2026-07-27,16.850000381469727,17.149999618530273,16.75,17.049999237060547,13000
8467,2026-07-27,100.5,101.0,100.5,101.0,2000
8473,2026-07-27,44.25,44.5,43.29999923706055,43.45000076293945,275867
8476,2026-07-27,23.450000762939453,23.450000762939453,21.200000762939453,21.350000381469727,1210148
8478,2026-07-27,150.5,153.5,149.5,153.0,106142
8481,2026-07-27,40.0,40.20000076293945,40.0,40.20000076293945,3025
8482,2026-07-27,49.900001525878906,49.900001525878906,49.900001525878906,49.900001525878906,1124
8488,2026-07-27,10.149999618530273,10.399999618530273,10.149999618530273,10.399999618530273,9000
8499,2026-07-27,263.0,265.5,257.5,258.5,26444
8926,2026-07-27,65.19999694824219,65.30000305175781,63.29999923706055,63.5,2404792
8940,2026-07-27,16.0,16.100000381469727,16.0,16.100000381469727,10450
8996,2026-07-27,1055.0,1085.0,970.0,975.0,1853217
9802,2026-07-27,72.5,74.5,72.0999984741211,74.0999984741211,667922
9902,2026-07-27,13.850000381469727,13.850000381469727,13.449999809265137,13.449999809265137,141298
9904,2026-07-27,24.350000381469727,24.450000762939453,24.200000762939453,24.25,9312942
9905,2026-07-27,20.649999618530273,20.75,20.600000381469727,20.700000762939453,53352
9906,2026-07-27,40.849998474121094,41.0,40.0,40.150001525878906,28015
9907,2026-07-27,15.149999618530273,15.199999809265137,14.949999809265137,15.050000190734863,2055201
9908,2026-07-27,29.450000762939453,29.450000762939453,28.950000762939453,29.399999618530273,124434
9910,2026-07-27,69.4000015258789,69.80000305175781,68.5999984741211,69.19999694824219,760687
9911,2026-07-27,83.30000305175781,83.30000305175781,82.5999984741211,82.80000305175781,180684
9912,2026-07-27,12.5,12.5,12.5,12.5,3192
9914,2026-07-27,80.0,80.0,77.19999694824219,77.69999694824219,969299
9917,2026-07-27,111.0,111.0,109.5,110.0,303679
9918,2026-07-27,43.70000076293945,43.70000076293945,42.79999923706055,43.150001525878906,13212
9919,2026-07-27,14.600000381469727,14.649999618530273,14.149999618530273,14.199999809265137,469856
9921,2026-07-27,88.69999694824219,88.69999694824219,84.80000305175781,85.19999694824219,1722610
9924,2026-07-27,39.599998474121094,39.95000076293945,39.599998474121094,39.75,87880
9925,2026-07-27,40.400001525878906,40.5,40.20000076293945,40.29999923706055,344836
9926,2026-07-27,49.650001525878906,49.70000076293945,49.54999923706055,49.54999923706055,6020
9927,2026-07-27,69.69999694824219,70.0999984741211,69.5999984741211,69.80000305175781,86806
9928,2026-07-27,18.100000381469727,18.149999618530273,18.0,18.049999237060547,8501
9929,2026-07-27,11.75,11.899999618530273,11.449999809265137,11.449999809265137,17000
9930,2026-07-27,63.599998474121094,64.0,63.20000076293945,64.0,144960
9931,2026-07-27,34.25,34.25,33.849998474121094,33.900001525878906,19327
9933,2026-07-27,40.54999923706055,40.54999923706055,39.45000076293945,39.599998474121094,877743
9934,2026-07-27,10.75,10.75,10.550000190734863,10.600000381469727,404673
9935,2026-07-27,19.600000381469727,19.600000381469727,19.25,19.25,193965
9937,2026-07-27,55.599998474121094,55.599998474121094,55.5,55.5,19030
9938,2026-07-27,47.0,47.45000076293945,46.849998474121094,47.20000076293945,1051022
9939,2026-07-27,129.5,130.0,128.0,128.5,570065
9940,2026-07-27,20.350000381469727,20.350000381469727,20.149999618530273,20.299999237060547,134660
9941,2026-07-27,82.5,82.69999694824219,81.80000305175781,82.30000305175781,638107
9942,2026-07-27,124.0,124.0,123.0,123.5,69689
9943,2026-07-27,53.099998474121094,53.099998474121094,52.70000076293945,53.0,23780
9944,2026-07-27,17.899999618530273,17.899999618530273,17.75,17.850000381469727,22218
9945,2026-07-27,26.350000381469727,26.350000381469727,25.950000762939453,26.299999237060547,2896927
9946,2026-07-27,17.950000762939453,18.149999618530273,17.850000381469727,18.049999237060547,87068
9955,2026-07-27,24.049999237060547,24.200000762939453,23.700000762939453,23.75,150971
9958,2026-07-27,112.0,112.0,107.5,108.5,1271582
2254,2026-07-27,59.5,59.5,59.5,59.5,1000
2258,2026-07-27,32.25,32.25,31.549999237060547,32.099998474121094,285451
2432,2026-07-27,28.049999237060547,28.450000762939453,28.049999237060547,28.100000381469727,13179
3150,2026-07-27,16.799999237060547,17.0,16.700000762939453,16.700000762939453,7000
4195,2026-07-27,16.149999618530273,16.149999618530273,15.699999809265137,15.75,99430
4582,2026-07-27,28.700000762939453,28.700000762939453,27.5,27.649999618530273,111579
4590,2026-07-27,86.5,86.5,82.0999984741211,82.5,223586
6534,2026-07-27,93.0,93.4000015258789,92.0999984741211,92.30000305175781,65271
6645,2026-07-27,13.850000381469727,13.949999809265137,13.649999618530273,13.649999618530273,12101
6771,2026-07-27,38.5,38.599998474121094,38.45000076293945,38.5,39385
6854,2026-07-27,98.80000305175781,99.0999984741211,95.0,95.19999694824219,233660
6908,2026-07-27,35.0,35.0,35.0,35.0,1027
6921,2026-07-27,64.9000015258789,67.5,64.80000305175781,65.69999694824219,9034
6924,2026-07-27,103.5,103.5,101.5,101.5,5171
6949,2026-07-27,1000.0,1010.0,984.0,993.0,47992
6951,2026-07-27,71.9000015258789,71.9000015258789,71.80000305175781,71.80000305175781,6423
6955,2026-07-27,115.5,115.5,115.0,115.0,9000
6969,2026-07-27,39.75,39.79999923706055,34.70000076293945,34.70000076293945,938065
7610,2026-07-27,1495.0,1495.0,1495.0,1495.0,142312
7631,2026-07-27,139.0,139.0,136.5,138.0,26750
7730,2026-07-27,162.0,164.0,159.5,160.5,55273
7740,2026-07-27,145.0,147.5,141.0,146.0,78203
7803,2026-07-27,21.149999618530273,21.600000381469727,20.5,20.799999237060547,25000
7823,2026-07-27,82.9000015258789,82.9000015258789,81.0,81.19999694824219,13016
7827,2026-07-27,136.0,140.5,132.0,137.0,257219
7835,2026-07-27,38.099998474121094,38.099998474121094,32.849998474121094,33.04999923706055,119667
8162,2026-07-27,59.0,59.599998474121094,56.70000076293945,57.099998474121094,156881
8487,2026-07-27,75.5,75.5,75.4000015258789,75.5,9251
0050,2026-07-27,101.30000305175781,101.30000305175781,100.05000305175781,100.55000305175781,89323168
0051,2026-07-27,136.5,136.89999389648438,135.0,135.0,49503
0052,2026-07-27,59.20000076293945,59.29999923706055,58.5,58.79999923706055,12617076
0053,2026-07-27,227.0500030517578,227.0500030517578,224.1999969482422,225.0500030517578,20473
0055,2026-07-27,42.5,43.099998474121094,42.5,43.099998474121094,312504
0056,2026-07-27,50.150001525878906,50.150001525878906,49.31999969482422,49.54999923706055,44760940
0057,2026-07-27,299.95001220703125,301.95001220703125,299.95001220703125,301.1499938964844,8253
0061,2026-07-27,24.81999969482422,25.0,24.799999237060547,25.0,22092
9103,2026-07-27,5.400000095367432,5.550000190734863,5.269999980926514,5.309999942779541,1247903
9105,2026-07-27,8.5,8.5,8.25,8.3100004196167,11250832
9136,2026-07-27,10.899999618530273,11.850000381469727,10.800000190734863,11.699999809265137,650120
1240,2026-07-27,54.70000076293945,55.20000076293945,54.599998474121094,54.599998474121094,9010
1268,2026-07-27,172.0,173.0,172.0,172.0,9307
1294,2026-07-27,56.0,56.0,55.79999923706055,55.79999923706055,7300
1295,2026-07-27,47.5,47.599998474121094,47.20000076293945,47.20000076293945,15832
1336,2026-07-27,15.600000381469727,15.600000381469727,15.199999809265137,15.25,92185
1565,2026-07-27,95.0999984741211,95.0999984741211,93.0,93.0,37516
1569,2026-07-27,42.29999923706055,42.29999923706055,41.0,41.04999923706055,215329
1570,2026-07-27,36.95000076293945,37.349998474121094,36.70000076293945,36.75,17012
1580,2026-07-27,112.0,112.5,112.0,112.0,32458
1584,2026-07-27,19.25,19.25,18.700000762939453,18.75,615470
1586,2026-07-27,18.25,18.25,17.899999618530273,18.049999237060547,271122
1591,2026-07-27,45.5,45.5,45.5,45.5,190097
1593,2026-07-27,30.200000762939453,30.200000762939453,30.100000381469727,30.100000381469727,22350
1595,2026-07-27,53.599998474121094,54.0,52.5,53.0,176725
1599,2026-07-27,23.0,24.350000381469727,23.0,23.450000762939453,37711
1742,2026-07-27,16.200000762939453,16.200000762939453,16.149999618530273,16.149999618530273,5004
1777,2026-07-27,72.5,72.5,71.5999984741211,71.5999984741211,8740
1780,2026-07-27,23.200000762939453,24.149999618530273,23.100000381469727,23.549999237060547,108160
1781,2026-07-27,11.300000190734863,11.449999809265137,11.300000190734863,11.449999809265137,5006
1784,2026-07-27,60.099998474121094,60.099998474121094,58.79999923706055,58.79999923706055,115044
1785,2026-07-27,105.0,107.0,103.0,104.5,3001636
1788,2026-07-27,130.0,130.5,129.5,130.0,14502
1799,2026-07-27,37.849998474121094,39.29999923706055,36.04999923706055,38.349998474121094,797395
1813,2026-07-27,11.800000190734863,11.850000381469727,11.800000190734863,11.850000381469727,5263
1815,2026-07-27,73.30000305175781,74.5,72.0999984741211,72.9000015258789,5446029
2061,2026-07-27,52.099998474121094,53.5,49.70000076293945,51.29999923706055,1413211
2063,2026-07-27,24.049999237060547,24.049999237060547,24.0,24.0,5000
2064,2026-07-27,12.949999809265137,13.25,12.5,12.5,312268
2065,2026-07-27,32.0,32.0,31.600000381469727,31.600000381469727,25212
2066,2026-07-27,63.29999923706055,63.29999923706055,62.0,62.099998474121094,17000
2070,2026-07-27,51.599998474121094,51.70000076293945,51.0,51.20000076293945,67716
2073,2026-07-27,28.399999618530273,28.399999618530273,28.399999618530273,28.399999618530273,2000
2221,2026-07-27,49.29999923706055,50.20000076293945,48.349998474121094,48.79999923706055,197592
2230,2026-07-27,22.5,22.5,22.0,22.100000381469727,56203
2596,2026-07-27,31.350000381469727,31.350000381469727,31.350000381469727,31.350000381469727,2370
2640,2026-07-27,148.0,148.5,147.0,147.0,8527
2641,2026-07-27,17.25,17.299999237060547,17.0,17.049999237060547,638437
2643,2026-07-27,58.5,58.5,58.5,58.5,3034
2718,2026-07-27,45.79999923706055,45.79999923706055,45.20000076293945,45.20000076293945,17268
2719,2026-07-27,22.700000762939453,22.799999237060547,22.450000762939453,22.549999237060547,29000
2726,2026-07-27,9.149999618530273,9.149999618530273,9.0,9.020000457763672,8001
2729,2026-07-27,161.0,162.0,161.0,161.5,14540
2732,2026-07-27,64.19999694824219,64.19999694824219,64.19999694824219,64.19999694824219,1012
2734,2026-07-27,15.050000190734863,15.300000190734863,14.949999809265137,15.0,80504
2736,2026-07-27,11.949999809265137,12.0,11.75,11.850000381469727,23010
2740,2026-07-27,33.75,33.75,33.75,33.75,1003
2743,2026-07-27,61.79999923706055,61.900001525878906,60.20000076293945,60.20000076293945,45644
2745,2026-07-27,94.5999984741211,94.5999984741211,94.0999984741211,94.19999694824219,67505
2751,2026-07-27,52.70000076293945,52.70000076293945,51.5,51.5,8155
2752,2026-07-27,175.5,176.0,175.5,176.0,3494
2754,2026-07-27,68.0,68.30000305175781,67.4000015258789,68.30000305175781,19033
2755,2026-07-27,105.0,105.0,103.5,103.5,14684
2756,2026-07-27,59.70000076293945,59.70000076293945,59.70000076293945,59.70000076293945,1000
2916,2026-07-27,39.599998474121094,39.95000076293945,39.599998474121094,39.75,36601
2924,2026-07-27,18.450000762939453,18.450000762939453,18.450000762939453,18.450000762939453,1000
2926,2026-07-27,31.549999237060547,31.950000762939453,31.5,31.950000762939453,4046
2941,2026-07-27,30.799999237060547,30.799999237060547,30.799999237060547,30.799999237060547,1000
2947,2026-07-27,67.9000015258789,67.9000015258789,65.4000015258789,65.4000015258789,3443
2949,2026-07-27,65.80000305175781,65.80000305175781,65.80000305175781,65.80000305175781,1000
3066,2026-07-27,22.200000762939453,22.299999237060547,21.5,21.600000381469727,211883
3071,2026-07-27,25.850000381469727,25.850000381469727,25.100000381469727,25.200000762939453,177547
3073,2026-07-27,21.700000762939453,21.950000762939453,21.600000381469727,21.600000381469727,40065
3078,2026-07-27,52.70000076293945,53.0,51.900001525878906,52.099998474121094,286184
3081,2026-07-27,1825.0,1895.0,1740.0,1755.0,5164866
3083,2026-07-27,24.899999618530273,25.549999237060547,24.899999618530273,25.25,28000
3086,2026-07-27,28.950000762939453,29.25,28.399999618530273,28.600000381469727,179490
3088,2026-07-27,150.5,151.5,138.5,140.5,2358895
3093,2026-07-27,48.349998474121094,49.29999923706055,46.29999923706055,46.70000076293945,324450
3095,2026-07-27,38.099998474121094,38.099998474121094,38.0,38.0,5009
3105,2026-07-27,313.5,368.0,307.5,347.0,31929177
3114,2026-07-27,31.799999237060547,31.850000381469727,31.0,31.299999237060547,264305
3115,2026-07-27,9.609999656677246,9.609999656677246,9.5600004196167,9.5600004196167,3129
3118,2026-07-27,31.799999237060547,31.950000762939453,31.799999237060547,31.950000762939453,8011
3122,2026-07-27,25.299999237060547,25.600000381469727,24.799999237060547,24.950000762939453,69222
3128,2026-07-27,21.850000381469727,22.5,21.799999237060547,22.0,87661
3131,2026-07-27,2865.0,2865.0,2700.0,2705.0,214966
3141,2026-07-27,67.0,68.30000305175781,65.5,66.19999694824219,398164
3147,2026-07-27,227.5,233.0,225.0,230.0,554841
3152,2026-07-27,231.5,233.0,227.0,229.0,63613
3162,2026-07-27,65.5,65.5999984741211,62.599998474121094,63.29999923706055,680217
3163,2026-07-27,708.0,766.0,695.0,724.0,4102924
3169,2026-07-27,102.5,102.5,99.4000015258789,99.5,87987
3171,2026-07-27,65.9000015258789,65.9000015258789,64.30000305175781,64.30000305175781,5050
3176,2026-07-27,32.849998474121094,33.400001525878906,32.75,33.099998474121094,204293
3178,2026-07-27,63.599998474121094,63.599998474121094,61.79999923706055,62.0,30689
3188,2026-07-27,23.5,23.5,23.299999237060547,23.299999237060547,87038
3191,2026-07-27,17.350000381469727,18.100000381469727,17.350000381469727,18.049999237060547,11001
3205,2026-07-27,49.54999923706055,50.0,49.5,49.54999923706055,53002
3206,2026-07-27,33.79999923706055,34.349998474121094,33.0,33.29999923706055,24133
3207,2026-07-27,46.45000076293945,46.45000076293945,42.349998474121094,42.650001525878906,383198
3211,2026-07-27,381.5,386.0,365.5,368.5,2133631
3213,2026-07-27,130.0,130.0,124.5,125.5,222166
3217,2026-07-27,151.5,152.0,149.0,149.0,167215
3218,2026-07-27,136.5,138.0,135.5,138.0,62844
3219,2026-07-27,62.599998474121094,64.30000305175781,60.5,60.900001525878906,80116
3221,2026-07-27,50.599998474121094,52.29999923706055,48.849998474121094,49.29999923706055,8324162
3224,2026-07-27,35.54999923706055,36.099998474121094,35.400001525878906,35.400001525878906,36002
3227,2026-07-27,200.0,202.5,194.5,195.0,554059
3228,2026-07-27,157.0,157.5,152.0,152.5,136049
3230,2026-07-27,39.150001525878906,39.70000076293945,38.45000076293945,39.25,752219
3232,2026-07-27,21.149999618530273,21.149999618530273,20.5,20.700000762939453,5001
3234,2026-07-27,104.5,109.5,103.0,106.0,689035
3236,2026-07-27,41.599998474121094,43.599998474121094,41.04999923706055,41.75,2767167
3252,2026-07-27,16.700000762939453,16.700000762939453,16.350000381469727,16.350000381469727,31015
3259,2026-07-27,14.75,15.350000381469727,14.600000381469727,15.25,10193
3260,2026-07-27,386.0,392.0,378.5,386.5,3645783
3264,2026-07-27,215.0,216.5,199.0,202.0,6186236
3265,2026-07-27,160.0,162.0,154.5,158.0,507162
3268,2026-07-27,19.899999618530273,20.25,19.700000762939453,19.700000762939453,46081
3272,2026-07-27,14.800000190734863,14.800000190734863,14.699999809265137,14.699999809265137,25876
3276,2026-07-27,16.700000762939453,16.700000762939453,15.149999618530273,15.649999618530273,900852
3284,2026-07-27,21.450000762939453,21.450000762939453,20.5,21.100000381469727,396337
3285,2026-07-27,39.900001525878906,40.5,38.04999923706055,38.95000076293945,20881
3287,2026-07-27,28.950000762939453,29.350000381469727,28.899999618530273,29.149999618530273,43901
3288,2026-07-27,24.899999618530273,24.899999618530273,24.899999618530273,24.899999618530273,39356
3289,2026-07-27,151.0,151.0,147.0,147.0,270687
3290,2026-07-27,59.5,60.0,58.0,58.5,341050
3293,2026-07-27,717.0,727.0,713.0,722.0,685220
3294,2026-07-27,30.0,30.600000381469727,29.899999618530273,30.0,238902
3297,2026-07-27,29.350000381469727,29.950000762939453,29.25,29.299999237060547,30179
3685,2026-07-27,40.099998474121094,40.099998474121094,37.70000076293945,38.29999923706055,1278205
6015,2026-07-27,16.200000762939453,16.200000762939453,15.800000190734863,15.850000381469727,967663
4749,2026-07-27,779.0,789.0,763.0,765.0,439408
3339,2026-07-27,34.0,35.29999923706055,33.70000076293945,34.5,214063
4772,2026-07-27,232.0,241.5,230.0,236.5,387912
6244,2026-07-27,24.850000381469727,24.850000381469727,23.100000381469727,23.399999618530273,4258273
3303,2026-07-27,51.20000076293945,51.599998474121094,50.900001525878906,50.900001525878906,221234
3306,2026-07-27,44.54999923706055,44.79999923706055,44.04999923706055,44.20000076293945,107205
3310,2026-07-27,66.5999984741211,66.5999984741211,65.4000015258789,65.5,8090
3313,2026-07-27,11.5,11.600000381469727,11.449999809265137,11.449999809265137,26627
3317,2026-07-27,75.19999694824219,75.5999984741211,72.4000015258789,72.69999694824219,705794
3322,2026-07-27,12.300000190734863,12.300000190734863,12.100000381469727,12.199999809265137,161558
3323,2026-07-27,29.25,29.850000381469727,29.200000762939453,29.399999618530273,171837
3324,2026-07-27,943.0,943.0,890.0,913.0,1373832
3325,2026-07-27,12.300000190734863,12.350000381469727,12.100000381469727,12.100000381469727,135370
3332,2026-07-27,65.0,65.0,63.400001525878906,63.5,35782
3349,2026-07-27,23.299999237060547,23.299999237060547,22.350000381469727,22.75,16991
3354,2026-07-27,21.5,21.899999618530273,21.25,21.25,72248
3357,2026-07-27,207.0,210.0,202.0,205.0,1275972
3360,2026-07-27,16.899999618530273,17.0,16.450000762939453,16.5,757622
3362,2026-07-27,153.0,165.5,153.0,165.5,6846941
3363,2026-07-27,574.0,596.0,566.0,574.0,3232493
3372,2026-07-27,16.549999237060547,16.649999618530273,16.049999237060547,16.100000381469727,636286
3373,2026-07-27,17.950000762939453,18.299999237060547,17.549999237060547,17.700000762939453,311492
3374,2026-07-27,365.0,375.0,330.5,334.0,19076485
3379,2026-07-27,29.950000762939453,30.799999237060547,29.0,29.049999237060547,65954
3388,2026-07-27,74.0999984741211,74.5,72.69999694824219,72.80000305175781,364401
3390,2026-07-27,23.549999237060547,23.850000381469727,23.149999618530273,23.350000381469727,220620
3402,2026-07-27,136.5,136.5,126.5,127.5,1061760
3430,2026-07-27,107.5,111.5,103.5,109.0,295130
3434,2026-07-27,29.5,29.950000762939453,29.5,29.600000381469727,105259
3438,2026-07-27,54.099998474121094,55.5,53.70000076293945,53.70000076293945,48417
3441,2026-07-27,65.0,70.69999694824219,65.0,68.5,9738840
3444,2026-07-27,71.5,72.5,70.4000015258789,70.9000015258789,76292
3455,2026-07-27,190.5,190.5,181.0,182.0,655294
3465,2026-07-27,30.350000381469727,30.5,30.100000381469727,30.100000381469727,18128
3466,2026-07-27,29.899999618530273,29.899999618530273,28.899999618530273,28.899999618530273,26170
3467,2026-07-27,49.25,50.099998474121094,49.25,50.0,14134
3479,2026-07-27,154.0,155.5,145.0,145.5,2451312
3483,2026-07-27,78.0999984741211,78.30000305175781,76.69999694824219,77.19999694824219,236083
3484,2026-07-27,48.0,49.20000076293945,47.849998474121094,48.20000076293945,236238
3485,2026-07-27,220.5,224.5,215.0,217.0,85048
3489,2026-07-27,19.25,19.899999618530273,19.049999237060547,19.350000381469727,138077
3490,2026-07-27,27.100000381469727,27.450000762939453,26.549999237060547,27.100000381469727,296045
3491,2026-07-27,1205.0,1220.0,1115.0,1130.0,770310
3492,2026-07-27,22.200000762939453,23.0,22.200000762939453,22.700000762939453,40027
3498,2026-07-27,111.0,112.0,106.5,107.5,423032
3499,2026-07-27,13.649999618530273,13.75,13.600000381469727,13.75,4048
3508,2026-07-27,15.350000381469727,15.600000381469727,15.300000190734863,15.600000381469727,52008
3511,2026-07-27,20.25,20.399999618530273,19.899999618530273,20.0,208951
3512,2026-07-27,19.700000762939453,19.75,19.450000762939453,19.450000762939453,58030
3516,2026-07-27,26.0,26.0,25.75,25.75,2000
3520,2026-07-27,17.649999618530273,17.950000762939453,17.200000762939453,17.200000762939453,477412
3521,2026-07-27,12.199999809265137,12.350000381469727,12.199999809265137,12.350000381469727,9027
3522,2026-07-27,13.25,13.25,12.699999809265137,12.699999809265137,27200
3523,2026-07-27,18.549999237060547,18.549999237060547,16.799999237060547,16.799999237060547,167037
3526,2026-07-27,309.0,312.5,306.0,306.0,83037
3527,2026-07-27,56.400001525878906,56.5,54.70000076293945,54.70000076293945,44798
3529,2026-07-27,2500.0,2550.0,2395.0,2405.0,159489
3537,2026-07-27,54.599998474121094,55.79999923706055,53.5,54.099998474121094,301855
3540,2026-07-27,21.600000381469727,21.649999618530273,21.25,21.25,155849
3541,2026-07-27,21.600000381469727,21.600000381469727,21.600000381469727,21.600000381469727,3004
3546,2026-07-27,76.19999694824219,77.0999984741211,74.0,74.0999984741211,126570
3548,2026-07-27,74.5,76.30000305175781,74.0,74.9000015258789,111990
3551,2026-07-27,185.0,185.0,179.5,180.0,343659
3552,2026-07-27,47.29999923706055,47.599998474121094,46.0,46.150001525878906,85517
3555,2026-07-27,166.0,166.0,154.0,154.0,36627
3556,2026-07-27,62.099998474121094,62.79999923706055,60.599998474121094,60.900001525878906,251658
3558,2026-07-27,128.0,130.5,127.0,128.0,112920
3564,2026-07-27,48.599998474121094,48.75,45.20000076293945,46.45000076293945,85786
3567,2026-07-27,27.200000762939453,27.299999237060547,26.950000762939453,27.200000762939453,36140
3570,2026-07-27,165.0,165.0,164.5,164.5,5130
3577,2026-07-27,147.0,148.0,132.0,133.5,2120783
3580,2026-07-27,79.80000305175781,80.5,78.80000305175781,79.19999694824219,199485
3581,2026-07-27,114.0,114.0,107.0,109.0,140407
3587,2026-07-27,251.5,253.0,243.0,243.5,410715
3594,2026-07-27,55.099998474121094,55.900001525878906,53.20000076293945,55.400001525878906,1456325
3597,2026-07-27,27.399999618530273,27.399999618530273,26.049999237060547,26.049999237060547,20000
3609,2026-07-27,25.399999618530273,25.5,25.299999237060547,25.5,7000
3611,2026-07-27,186.0,187.0,185.5,186.0,17242
3615,2026-07-27,37.25,37.54999923706055,35.849998474121094,36.25,441483
3623,2026-07-27,21.5,21.5,21.299999237060547,21.299999237060547,7050
3624,2026-07-27,84.4000015258789,84.4000015258789,76.0,76.0,544025
3625,2026-07-27,17.450000762939453,17.850000381469727,17.0,17.350000381469727,331038
3628,2026-07-27,66.80000305175781,67.0,65.69999694824219,66.19999694824219,49969
3629,2026-07-27,13.0,13.050000190734863,13.0,13.050000190734863,6000
3630,2026-07-27,25.0,27.100000381469727,25.0,26.450000762939453,1814590
3631,2026-07-27,32.849998474121094,32.849998474121094,32.349998474121094,32.5,18000
3632,2026-07-27,8.75,8.75,8.729999542236328,8.729999542236328,4504
3663,2026-07-27,65.5,67.0,64.80000305175781,65.4000015258789,311919
3664,2026-07-27,6.099999904632568,6.099999904632568,6.099999904632568,6.099999904632568,1000
3672,2026-07-27,13.5,14.100000381469727,13.399999618530273,14.0,134785
3675,2026-07-27,240.0,240.0,235.0,240.0,91010
3680,2026-07-27,454.0,459.5,438.0,442.0,808280
3687,2026-07-27,69.30000305175781,70.30000305175781,67.69999694824219,68.0,95859
3689,2026-07-27,107.5,108.5,106.0,107.5,494769
3691,2026-07-27,114.5,115.0,110.0,110.5,337714
3693,2026-07-27,505.0,508.0,485.0,488.0,427118
3707,2026-07-27,61.099998474121094,61.70000076293945,58.70000076293945,59.099998474121094,3167664
3709,2026-07-27,72.30000305175781,73.30000305175781,71.69999694824219,71.9000015258789,403329
3710,2026-07-27,5.53000020980835,5.53000020980835,5.360000133514404,5.380000114440918,118077
3713,2026-07-27,14.0,14.350000381469727,13.899999618530273,14.0,15470
4102,2026-07-27,19.700000762939453,19.799999237060547,19.399999618530273,19.549999237060547,19334
4105,2026-07-27,77.0999984741211,77.30000305175781,76.4000015258789,76.69999694824219,272214
4107,2026-07-27,119.0,119.5,118.5,118.5,103493
4109,2026-07-27,11.649999618530273,11.649999618530273,11.399999618530273,11.449999809265137,61238
4111,2026-07-27,30.049999237060547,30.049999237060547,30.049999237060547,30.049999237060547,34225
4113,2026-07-27,14.649999618530273,14.75,14.600000381469727,14.75,47289
4114,2026-07-27,29.600000381469727,29.600000381469727,29.200000762939453,29.25,538871
4116,2026-07-27,38.599998474121094,38.599998474121094,38.54999923706055,38.54999923706055,2062
4120,2026-07-27,46.099998474121094,46.5,45.849998474121094,46.5,39114
4121,2026-07-27,13.399999618530273,13.550000190734863,13.300000190734863,13.300000190734863,36642
4123,2026-07-27,38.349998474121094,38.45000076293945,38.099998474121094,38.099998474121094,637961
4126,2026-07-27,76.5,76.5,76.19999694824219,76.30000305175781,27680
4127,2026-07-27,78.80000305175781,82.5,77.4000015258789,78.5,264475
4128,2026-07-27,14.899999618530273,15.149999618530273,14.800000190734863,14.800000190734863,661732
4129,2026-07-27,88.0999984741211,88.5,87.5,88.0,49337
4131,2026-07-27,34.900001525878906,34.900001525878906,34.0,34.70000076293945,4000
4138,2026-07-27,51.20000076293945,51.20000076293945,50.900001525878906,51.0,9424
4139,2026-07-27,40.0,40.0,39.95000076293945,39.95000076293945,15065
4147,2026-07-27,58.5,59.599998474121094,58.29999923706055,59.0,421164
4153,2026-07-27,31.299999237060547,31.399999618530273,31.299999237060547,31.399999618530273,8033
4154,2026-07-27,12.5,12.5,12.5,12.5,1001
4157,2026-07-27,8.380000114440918,8.380000114440918,8.300000190734863,8.300000190734863,314033
4160,2026-07-27,39.29999923706055,39.5,39.04999923706055,39.5,14278
4161,2026-07-27,22.399999618530273,22.399999618530273,22.299999237060547,22.299999237060547,2625
4162,2026-07-27,65.5999984741211,66.0999984741211,65.30000305175781,65.4000015258789,227406
4163,2026-07-27,124.0,124.0,122.0,123.0,17620
4166,2026-07-27,25.0,25.399999618530273,24.75,25.200000762939453,62000
4167,2026-07-27,20.600000381469727,20.799999237060547,20.5,20.5,758980
4168,2026-07-27,23.200000762939453,23.200000762939453,22.799999237060547,22.950000762939453,43424
4171,2026-07-27,19.149999618530273,19.75,18.700000762939453,19.049999237060547,221208
4173,2026-07-27,18.0,18.0,17.799999237060547,17.899999618530273,23665
4174,2026-07-27,27.25,27.399999618530273,27.0,27.049999237060547,213695
4175,2026-07-27,50.29999923706055,50.400001525878906,50.20000076293945,50.29999923706055,17069
4188,2026-07-27,10.25,10.25,9.949999809265137,10.0,6002
4198,2026-07-27,40.900001525878906,40.900001525878906,40.900001525878906,40.900001525878906,1000
4205,2026-07-27,70.5,70.5,70.19999694824219,70.30000305175781,18784
4207,2026-07-27,19.700000762939453,19.75,19.649999618530273,19.649999618530273,24593
4303,2026-07-27,43.150001525878906,43.95000076293945,42.75,43.25,134232
4304,2026-07-27,18.75,18.75,17.0,17.0,27267
4305,2026-07-27,41.29999923706055,41.29999923706055,41.0,41.0,13000
4401,2026-07-27,15.0,15.0,14.75,14.850000381469727,16050
4402,2026-07-27,16.100000381469727,16.100000381469727,16.0,16.0,4012
4413,2026-07-27,14.25,14.25,14.25,14.25,7000
4416,2026-07-27,10.600000381469727,10.600000381469727,10.350000381469727,10.5,76221
4417,2026-07-27,43.150001525878906,43.349998474121094,43.099998474121094,43.349998474121094,34433
4419,2026-07-27,45.099998474121094,45.099998474121094,45.099998474121094,45.099998474121094,2001
4420,2026-07-27,36.29999923706055,36.29999923706055,35.099998474121094,35.25,26600
4430,2026-07-27,16.899999618530273,17.200000762939453,16.899999618530273,17.149999618530273,9914
4432,2026-07-27,15.949999809265137,16.200000762939453,15.949999809265137,15.949999809265137,11002
4433,2026-07-27,19.600000381469727,19.600000381469727,19.600000381469727,19.600000381469727,1384
4442,2026-07-27,59.400001525878906,59.599998474121094,56.099998474121094,59.29999923706055,315703
4502,2026-07-27,15.699999809265137,15.699999809265137,15.649999618530273,15.699999809265137,7019
4503,2026-07-27,36.45000076293945,36.45000076293945,35.900001525878906,35.900001525878906,51068
4506,2026-07-27,120.0,121.5,120.0,121.0,43115
4510,2026-07-27,39.29999923706055,39.29999923706055,37.650001525878906,37.650001525878906,188977
4513,2026-07-27,20.549999237060547,20.549999237060547,19.5,19.899999618530273,763702
4523,2026-07-27,23.899999618530273,25.299999237060547,23.899999618530273,24.649999618530273,113801
4527,2026-07-27,39.29999923706055,39.29999923706055,39.29999923706055,39.29999923706055,4000
4528,2026-07-27,15.350000381469727,15.649999618530273,15.350000381469727,15.649999618530273,14143
4529,2026-07-27,4.329999923706055,4.730000019073486,4.179999828338623,4.489999771118164,15101
4533,2026-07-27,26.600000381469727,26.600000381469727,25.450000762939453,25.75,260248
4534,2026-07-27,40.79999923706055,40.79999923706055,36.75,36.75,2769934
4538,2026-07-27,17.049999237060547,17.100000381469727,17.049999237060547,17.100000381469727,7000
4541,2026-07-27,71.4000015258789,71.4000015258789,65.4000015258789,66.5999984741211,4510549
4542,2026-07-27,331.0,331.0,310.0,315.5,42555
4543,2026-07-27,31.049999237060547,31.149999618530273,30.5,30.600000381469727,58849
4549,2026-07-27,96.9000015258789,97.0,95.5,95.5999984741211,48771
4550,2026-07-27,24.600000381469727,24.600000381469727,24.600000381469727,24.600000381469727,1000
4554,2026-07-27,30.950000762939453,31.0,30.75,30.75,18546
4556,2026-07-27,132.0,132.0,120.0,120.0,66486
4558,2026-07-27,16.700000762939453,16.799999237060547,16.700000762939453,16.700000762939453,23236
4561,2026-07-27,36.29999923706055,36.29999923706055,34.75,35.04999923706055,80276
4563,2026-07-27,39.099998474121094,40.150001525878906,39.099998474121094,39.79999923706055,29196
4568,2026-07-27,39.599998474121094,39.599998474121094,39.599998474121094,39.599998474121094,1007
4577,2026-07-27,69.69999694824219,70.4000015258789,66.5999984741211,68.4000015258789,101599
4580,2026-07-27,81.19999694824219,81.5999984741211,80.69999694824219,80.69999694824219,10973
4609,2026-07-27,5.0,5.0,4.75,4.75,3000
4702,2026-07-27,9.640000343322754,9.640000343322754,9.5,9.5,87655
4706,2026-07-27,34.0,34.0,33.900001525878906,33.900001525878906,13060
4707,2026-07-27,34.599998474121094,35.79999923706055,31.799999237060547,31.799999237060547,9437573
4711,2026-07-27,16.5,16.5,16.0,16.100000381469727,66828
4714,2026-07-27,10.800000190734863,10.800000190734863,10.550000190734863,10.649999618530273,491506
4716,2026-07-27,18.049999237060547,18.200000762939453,17.700000762939453,17.899999618530273,537330
4721,2026-07-27,73.0999984741211,73.69999694824219,71.4000015258789,71.5999984741211,347670
4726,2026-07-27,25.0,25.049999237060547,24.799999237060547,25.0,68578
4729,2026-07-27,18.850000381469727,19.350000381469727,18.700000762939453,18.899999618530273,104565
4735,2026-07-27,30.600000381469727,30.700000762939453,30.5,30.549999237060547,11204
4741,2026-07-27,45.54999923706055,45.900001525878906,44.599998474121094,45.099998474121094,64461
4743,2026-07-27,46.54999923706055,46.70000076293945,45.900001525878906,46.20000076293945,790341
4744,2026-07-27,29.799999237060547,29.799999237060547,29.149999618530273,29.5,12006
4745,2026-07-27,13.149999618530273,13.199999809265137,12.899999618530273,12.899999618530273,123791
4747,2026-07-27,49.79999923706055,49.79999923706055,49.79999923706055,49.79999923706055,2697
4754,2026-07-27,36.900001525878906,36.900001525878906,36.70000076293945,36.70000076293945,13127
4760,2026-07-27,241.0,245.5,232.0,235.0,272288
4767,2026-07-27,25.549999237060547,26.200000762939453,25.549999237060547,26.049999237060547,5072
4768,2026-07-27,328.5,333.0,301.0,305.0,400035
4806,2026-07-27,10.0,10.0,10.0,10.0,4515
4903,2026-07-27,38.25,40.349998474121094,38.25,38.79999923706055,2688639
4907,2026-07-27,40.599998474121094,41.400001525878906,40.599998474121094,41.29999923706055,14000
4908,2026-07-27,139.5,146.5,138.5,141.5,1147642
4909,2026-07-27,37.900001525878906,38.70000076293945,37.79999923706055,38.29999923706055,151228
4911,2026-07-27,35.0,35.0,34.70000076293945,34.849998474121094,25773
4923,2026-07-27,43.79999923706055,44.349998474121094,42.54999923706055,42.599998474121094,195357
4924,2026-07-27,9.859999656677246,9.899999618530273,9.800000190734863,9.800000190734863,8001
4931,2026-07-27,196.0,206.0,196.0,197.0,1825858
4933,2026-07-27,56.099998474121094,56.5,55.099998474121094,55.099998474121094,94744
4939,2026-07-27,62.400001525878906,63.900001525878906,57.79999923706055,58.79999923706055,9853305
4946,2026-07-27,83.5999984741211,83.5999984741211,81.4000015258789,81.4000015258789,10663
4950,2026-07-27,16.549999237060547,16.549999237060547,16.549999237060547,16.549999237060547,1017
4951,2026-07-27,82.0999984741211,83.0,80.4000015258789,80.5999984741211,207885
4953,2026-07-27,123.5,124.0,121.0,121.0,169489
4966,2026-07-27,613.0,613.0,593.0,611.0,467002
4971,2026-07-27,402.5,440.0,388.5,419.5,907653
4972,2026-07-27,16.5,16.5,16.5,16.5,16304
4973,2026-07-27,143.0,143.0,137.0,137.5,599916
4974,2026-07-27,67.0,67.9000015258789,67.0,67.80000305175781,92237
4979,2026-07-27,434.0,467.5,421.5,444.0,31700145
4991,2026-07-27,411.0,447.5,404.0,427.5,6081216
4995,2026-07-27,50.70000076293945,50.70000076293945,48.25,48.29999923706055,115037
5009,2026-07-27,33.349998474121094,33.75,32.95000076293945,33.150001525878906,1450849
5011,2026-07-27,19.799999237060547,20.149999618530273,19.600000381469727,20.049999237060547,226225
5014,2026-07-27,11.25,11.5,11.199999809265137,11.350000381469727,360394
5015,2026-07-27,21.299999237060547,21.399999618530273,21.299999237060547,21.350000381469727,4734
5201,2026-07-27,27.700000762939453,27.700000762939453,27.049999237060547,27.649999618530273,9000
5202,2026-07-27,12.300000190734863,12.550000190734863,12.25,12.550000190734863,127647
5205,2026-07-27,22.049999237060547,22.049999237060547,22.049999237060547,22.049999237060547,1000
5206,2026-07-27,20.350000381469727,20.5,20.350000381469727,20.450000762939453,45138
5209,2026-07-27,152.5,153.5,152.5,153.0,31407
5210,2026-07-27,28.799999237060547,29.600000381469727,28.600000381469727,29.100000381469727,123497
5211,2026-07-27,19.25,19.25,19.100000381469727,19.100000381469727,15027
5212,2026-07-27,47.5,47.5,47.5,47.5,3002
5213,2026-07-27,22.149999618530273,22.149999618530273,21.950000762939453,22.049999237060547,110096
5220,2026-07-27,20.549999237060547,21.0,20.549999237060547,20.850000381469727,23749
5223,2026-07-27,23.5,23.5,23.5,23.5,1001
5227,2026-07-27,40.400001525878906,42.599998474121094,40.150001525878906,42.099998474121094,1721639
5228,2026-07-27,40.5,41.900001525878906,39.099998474121094,39.54999923706055,219505
5230,2026-07-27,18.200000762939453,18.549999237060547,17.899999618530273,18.049999237060547,154288
5245,2026-07-27,23.100000381469727,23.100000381469727,23.0,23.0,16964
5251,2026-07-27,27.149999618530273,27.25,26.950000762939453,26.950000762939453,22775
5263,2026-07-27,96.5,96.5,94.0999984741211,94.30000305175781,37359
5272,2026-07-27,18.25,18.399999618530273,18.0,18.100000381469727,51587
5274,2026-07-27,14850.0,14935.0,14245.0,14455.0,85169
5276,2026-07-27,19.649999618530273,19.649999618530273,18.799999237060547,18.799999237060547,3000
5278,2026-07-27,23.75,23.899999618530273,23.700000762939453,23.799999237060547,19305
5287,2026-07-27,147.0,147.0,146.0,146.5,31570
5289,2026-07-27,1355.0,1355.0,1270.0,1275.0,1651816
5291,2026-07-27,53.400001525878906,53.400001525878906,49.95000076293945,50.70000076293945,427369
5299,2026-07-27,92.4000015258789,92.5999984741211,88.0999984741211,89.5,313693
5301,2026-07-27,5.829999923706055,5.829999923706055,5.440000057220459,5.440000057220459,3000
5302,2026-07-27,10.550000190734863,10.550000190734863,10.199999809265137,10.199999809265137,459998
5309,2026-07-27,52.20000076293945,52.400001525878906,50.79999923706055,51.20000076293945,760635
5312,2026-07-27,98.4000015258789,98.4000015258789,91.0,91.5,685267
5314,2026-07-27,56.5,56.900001525878906,55.400001525878906,55.900001525878906,1243163
5315,2026-07-27,19.350000381469727,19.350000381469727,19.100000381469727,19.100000381469727,91833
5321,2026-07-27,57.599998474121094,63.0,54.29999923706055,55.5,802864
5324,2026-07-27,12.0,12.050000190734863,12.0,12.0,18094
5328,2026-07-27,61.0,67.0,60.20000076293945,64.69999694824219,24513060
5340,2026-07-27,68.5,68.5,65.5,67.0,625438
5344,2026-07-27,14.550000190734863,14.550000190734863,14.550000190734863,14.550000190734863,1000
5345,2026-07-27,27.700000762939453,28.450000762939453,24.950000762939453,25.049999237060547,72020
5347,2026-07-27,157.0,157.5,151.0,152.5,10334752
5348,2026-07-27,16.850000381469727,16.850000381469727,16.350000381469727,16.700000762939453,3045
5351,2026-07-27,84.5999984741211,84.5999984741211,79.5999984741211,80.30000305175781,11073650
5353,2026-07-27,28.549999237060547,28.649999618530273,28.0,28.049999237060547,45320
5355,2026-07-27,5.75,5.75,5.75,5.75,7004
5356,2026-07-27,24.700000762939453,24.700000762939453,24.450000762939453,24.5,51244
5364,2026-07-27,8.65999984741211,8.65999984741211,8.65999984741211,8.65999984741211,2000
5371,2026-07-27,81.9000015258789,81.9000015258789,77.5999984741211,78.69999694824219,6565461
5381,2026-07-27,23.600000381469727,23.950000762939453,23.299999237060547,23.600000381469727,254798
5386,2026-07-27,256.5,256.5,242.0,243.5,462666
5392,2026-07-27,41.20000076293945,41.849998474121094,39.75,40.04999923706055,880722
5398,2026-07-27,15.149999618530273,15.149999618530273,15.050000190734863,15.050000190734863,15058
5403,2026-07-27,94.4000015258789,94.4000015258789,93.9000015258789,93.9000015258789,29384
5410,2026-07-27,36.900001525878906,37.04999923706055,36.20000076293945,36.349998474121094,338132
5425,2026-07-27,82.5,83.80000305175781,80.0999984741211,80.80000305175781,3336248
5426,2026-07-27,26.049999237060547,26.049999237060547,25.0,25.149999618530273,370076
5432,2026-07-27,116.0,117.5,114.5,115.0,23651
5438,2026-07-27,17.549999237060547,17.549999237060547,17.100000381469727,17.100000381469727,84409
5439,2026-07-27,235.5,236.0,223.0,227.0,1982038
5443,2026-07-27,96.19999694824219,97.69999694824219,94.5999984741211,95.69999694824219,579203
5450,2026-07-27,15.949999809265137,16.5,15.899999618530273,16.0,373106
5452,2026-07-27,26.350000381469727,26.350000381469727,25.5,25.75,293779
5457,2026-07-27,29.899999618530273,30.100000381469727,29.700000762939453,29.799999237060547,325694
5460,2026-07-27,15.899999618530273,16.049999237060547,15.899999618530273,16.049999237060547,40021
5464,2026-07-27,79.69999694824219,81.9000015258789,77.0,77.0999984741211,216879
5465,2026-07-27,21.549999237060547,22.049999237060547,21.549999237060547,21.899999618530273,32131
5468,2026-07-27,24.5,25.549999237060547,24.149999618530273,24.5,176780
5474,2026-07-27,151.0,151.0,145.5,145.5,81830
5475,2026-07-27,125.5,133.5,125.0,128.0,2465900
5478,2026-07-27,98.80000305175781,100.0,98.80000305175781,99.5,50061
5481,2026-07-27,21.0,21.200000762939453,20.899999618530273,20.899999618530273,62433
5483,2026-07-27,201.0,205.0,195.0,196.5,11638001
5487,2026-07-27,28.25,28.700000762939453,27.850000381469727,28.049999237060547,64552
5488,2026-07-27,13.5,13.550000190734863,13.100000381469727,13.199999809265137,527374
5489,2026-07-27,45.900001525878906,45.900001525878906,44.150001525878906,44.349998474121094,64924
5490,2026-07-27,33.25,33.5,32.150001525878906,32.25,749014
5493,2026-07-27,80.80000305175781,80.80000305175781,78.69999694824219,78.69999694824219,40588
5498,2026-07-27,46.400001525878906,47.900001525878906,45.400001525878906,45.95000076293945,1372868
5508,2026-07-27,51.29999923706055,52.20000076293945,51.20000076293945,51.20000076293945,192603
5511,2026-07-27,75.0,75.0,72.5999984741211,73.19999694824219,218886
5512,2026-07-27,7.889999866485596,7.889999866485596,7.789999961853027,7.789999961853027,529970
5516,2026-07-27,10.800000190734863,10.800000190734863,10.600000381469727,10.649999618530273,17000
5529,2026-07-27,21.399999618530273,21.5,21.350000381469727,21.350000381469727,30939
5530,2026-07-27,48.400001525878906,48.70000076293945,48.099998474121094,48.20000076293945,156124
5536,2026-07-27,1120.0,1135.0,1070.0,1085.0,484188
5543,2026-07-27,28.399999618530273,28.399999618530273,28.200000762939453,28.25,10000
5547,2026-07-27,19.950000762939453,19.950000762939453,19.899999618530273,19.899999618530273,7050
5548,2026-07-27,20.799999237060547,20.799999237060547,20.75,20.799999237060547,11202
5601,2026-07-27,30.5,30.5,30.5,30.5,4015
5603,2026-07-27,14.25,15.0,14.25,14.649999618530273,176890
5604,2026-07-27,30.350000381469727,30.350000381469727,30.350000381469727,30.350000381469727,2575
5609,2026-07-27,79.5,80.0,79.0999984741211,79.4000015258789,197866
5701,2026-07-27,4.699999809265137,4.699999809265137,4.440000057220459,4.5,50012
5704,2026-07-27,21.649999618530273,21.649999618530273,21.600000381469727,21.600000381469727,4313
5864,2026-07-27,32.900001525878906,32.900001525878906,31.850000381469727,32.0,1050037
5902,2026-07-27,34.20000076293945,34.349998474121094,33.75,34.0,14000
5903,2026-07-27,188.0,189.5,188.0,189.5,13744
5904,2026-07-27,656.0,669.0,651.0,663.0,314744
5905,2026-07-27,8.520000457763672,8.670000076293945,8.5,8.5600004196167,226909
6016,2026-07-27,21.950000762939453,22.149999618530273,21.200000762939453,21.299999237060547,11438618
6020,2026-07-27,21.549999237060547,21.549999237060547,21.350000381469727,21.350000381469727,27078
6021,2026-07-27,35.599998474121094,35.599998474121094,35.25,35.29999923706055,43335
6023,2026-07-27,86.9000015258789,87.30000305175781,86.5,86.5,169477
6026,2026-07-27,14.300000190734863,14.300000190734863,14.100000381469727,14.149999618530273,590514
6028,2026-07-27,80.19999694824219,80.19999694824219,80.0999984741211,80.0999984741211,6200
6101,2026-07-27,39.0,39.0,37.45000076293945,38.20000076293945,127151
6103,2026-07-27,34.599998474121094,36.04999923706055,34.599998474121094,36.04999923706055,15629
6104,2026-07-27,92.80000305175781,93.0,90.80000305175781,91.0,262390
6109,2026-07-27,11.600000381469727,11.850000381469727,11.600000381469727,11.75,69765
6111,2026-07-27,41.099998474121094,41.099998474121094,39.849998474121094,40.0,105629
6113,2026-07-27,22.899999618530273,22.899999618530273,22.299999237060547,22.399999618530273,49931
6114,2026-07-27,28.600000381469727,28.600000381469727,27.700000762939453,27.700000762939453,2122
6118,2026-07-27,16.200000762939453,16.200000762939453,15.899999618530273,15.949999809265137,42737
6121,2026-07-27,382.5,387.0,372.0,373.0,363596
6122,2026-07-27,49.79999923706055,50.099998474121094,49.29999923706055,50.0,132773
6123,2026-07-27,43.0,43.04999923706055,42.099998474121094,42.900001525878906,29537
6124,2026-07-27,25.899999618530273,25.950000762939453,25.850000381469727,25.899999618530273,24938
6125,2026-07-27,49.79999923706055,49.79999923706055,48.599998474121094,49.0,335004
6126,2026-07-27,30.75,30.75,30.200000762939453,30.5,234385
6127,2026-07-27,52.099998474121094,54.900001525878906,50.79999923706055,51.400001525878906,3426223
6129,2026-07-27,14.949999809265137,14.949999809265137,14.600000381469727,14.649999618530273,413983
6130,2026-07-27,24.399999618530273,25.049999237060547,23.75,24.200000762939453,137008
6134,2026-07-27,26.5,26.549999237060547,26.0,26.149999618530273,129128
6138,2026-07-27,331.0,331.0,311.0,316.5,713010
6140,2026-07-27,17.149999618530273,17.149999618530273,17.0,17.0,44706
6143,2026-07-27,95.9000015258789,96.0,93.4000015258789,93.80000305175781,259472
6144,2026-07-27,13.399999618530273,13.75,13.399999618530273,13.75,3005
6146,2026-07-27,190.5,193.0,190.5,191.5,90255
6147,2026-07-27,158.0,158.0,142.5,142.5,75335274
6148,2026-07-27,28.149999618530273,28.700000762939453,28.0,28.399999618530273,95970
6150,2026-07-27,55.5,56.29999923706055,54.900001525878906,54.900001525878906,131838
6151,2026-07-27,35.400001525878906,35.650001525878906,35.349998474121094,35.400001525878906,65494
6154,2026-07-27,13.699999809265137,13.850000381469727,13.649999618530273,13.699999809265137,67950
6156,2026-07-27,22.700000762939453,23.0,22.0,22.200000762939453,690584
6158,2026-07-27,18.100000381469727,18.100000381469727,17.5,17.649999618530273,66030
6160,2026-07-27,15.5,15.5,15.0,15.100000381469727,20605
6161,2026-07-27,50.599998474121094,51.0,49.150001525878906,49.29999923706055,97491
6163,2026-07-27,40.150001525878906,40.79999923706055,39.400001525878906,40.20000076293945,997004
6167,2026-07-27,10.649999618530273,10.699999809265137,10.5,10.5,168750
6169,2026-07-27,13.699999809265137,13.75,13.699999809265137,13.75,5197
6170,2026-07-27,47.0,47.04999923706055,46.650001525878906,46.70000076293945,84254
6171,2026-07-27,23.149999618530273,23.149999618530273,23.149999618530273,23.149999618530273,1025
6173,2026-07-27,159.5,159.5,148.5,148.5,1166525
6174,2026-07-27,43.79999923706055,45.79999923706055,42.70000076293945,42.900001525878906,1879703
6175,2026-07-27,81.80000305175781,84.80000305175781,79.30000305175781,80.30000305175781,1267662
6179,2026-07-27,24.700000762939453,25.0,24.149999618530273,24.299999237060547,408638
6180,2026-07-27,43.25,44.099998474121094,43.0,43.400001525878906,321650
6182,2026-07-27,110.0,110.0,103.5,109.0,18910725
6185,2026-07-27,14.350000381469727,14.350000381469727,14.100000381469727,14.100000381469727,123890
6186,2026-07-27,42.20000076293945,42.650001525878906,42.0,42.0,501476
6187,2026-07-27,975.0,1035.0,957.0,1035.0,3157158
6188,2026-07-27,70.69999694824219,70.69999694824219,68.80000305175781,69.5,526880
6190,2026-07-27,71.19999694824219,71.9000015258789,68.9000015258789,69.5,965879
6194,2026-07-27,30.200000762939453,30.200000762939453,30.0,30.0,27159
6195,2026-07-27,27.200000762939453,27.200000762939453,27.0,27.149999618530273,24064
6198,2026-07-27,20.399999618530273,20.399999618530273,20.25,20.25,4482
6199,2026-07-27,104.0,104.0,100.0,100.0,47967
6203,2026-07-27,66.0,66.9000015258789,66.0,66.5999984741211,43497
6204,2026-07-27,69.80000305175781,73.19999694824219,68.9000015258789,69.5,93694
6207,2026-07-27,108.0,112.0,103.0,104.5,3842167
6208,2026-07-27,83.30000305175781,83.30000305175781,81.0,82.0,256829
6210,2026-07-27,18.5,18.5,18.399999618530273,18.399999618530273,7349
6217,2026-07-27,138.0,138.0,138.0,138.0,316616
6218,2026-07-27,34.29999923706055,34.75,32.5,32.54999923706055,231854
6219,2026-07-27,13.300000190734863,13.300000190734863,12.800000190734863,12.949999809265137,96233
6220,2026-07-27,28.350000381469727,28.5,27.25,27.25,202850
6221,2026-07-27,21.299999237060547,21.350000381469727,21.299999237060547,21.350000381469727,5769
6222,2026-07-27,20.450000762939453,20.450000762939453,20.299999237060547,20.350000381469727,11559
6223,2026-07-27,5760.0,5815.0,5475.0,5570.0,500346
6227,2026-07-27,113.0,117.0,112.0,113.5,352692
6228,2026-07-27,18.399999618530273,18.399999618530273,18.0,18.0,2000
6229,2026-07-27,23.299999237060547,23.399999618530273,23.049999237060547,23.149999618530273,36048
6231,2026-07-27,219.5,223.5,214.5,220.0,198997
6233,2026-07-27,22.200000762939453,22.899999618530273,21.299999237060547,21.350000381469727,537000
6234,2026-07-27,35.900001525878906,35.900001525878906,34.25,34.54999923706055,352154
6237,2026-07-27,35.0,35.099998474121094,34.099998474121094,34.099998474121094,139506
6240,2026-07-27,18.0,18.0,17.799999237060547,17.799999237060547,6000
6241,2026-07-27,16.0,16.5,15.850000381469727,16.049999237060547,215736
6245,2026-07-27,84.69999694824219,85.4000015258789,81.9000015258789,82.30000305175781,509634
6246,2026-07-27,12.949999809265137,13.25,12.949999809265137,13.0,17160
6248,2026-07-27,17.75,17.75,17.600000381469727,17.649999618530273,42298
6259,2026-07-27,31.600000381469727,32.400001525878906,30.200000762939453,30.649999618530273,394308
6261,2026-07-27,83.4000015258789,83.4000015258789,80.69999694824219,81.0999984741211,338682
6263,2026-07-27,151.5,155.0,148.5,148.5,62820
6264,2026-07-27,5.909999847412109,6.110000133514404,5.909999847412109,5.940000057220459,4010
6265,2026-07-27,46.79999923706055,47.0,45.75,46.150001525878906,756460
6266,2026-07-27,24.850000381469727,24.899999618530273,24.700000762939453,24.700000762939453,56619
6270,2026-07-27,30.350000381469727,30.649999618530273,29.799999237060547,29.850000381469727,220806
6274,2026-07-27,1290.0,1305.0,1205.0,1215.0,4007881
6275,2026-07-27,43.599998474121094,43.650001525878906,42.599998474121094,42.599998474121094,178087
6276,2026-07-27,20.100000381469727,20.5,19.75,19.850000381469727,37122
6279,2026-07-27,116.5,117.5,115.0,115.5,197601
6284,2026-07-27,77.5999984741211,82.0,77.5999984741211,78.9000015258789,907092
6290,2026-07-27,236.0,240.0,227.0,229.0,1090888
6291,2026-07-27,369.5,373.0,353.5,362.5,374069
6292,2026-07-27,49.400001525878906,49.79999923706055,49.150001525878906,49.5,44304
6294,2026-07-27,27.600000381469727,27.600000381469727,27.600000381469727,27.600000381469727,1318
6411,2026-07-27,80.5999984741211,80.69999694824219,78.4000015258789,78.69999694824219,286032
6417,2026-07-27,120.0,121.0,116.5,117.0,53290
6418,2026-07-27,30.700000762939453,31.450000762939453,30.700000762939453,31.049999237060547,31001
6419,2026-07-27,138.0,138.0,134.0,134.0,58820
6423,2026-07-27,68.19999694824219,70.0,68.19999694824219,68.9000015258789,28000
6425,2026-07-27,57.20000076293945,58.099998474121094,56.599998474121094,57.29999923706055,123583
6432,2026-07-27,70.5,75.19999694824219,70.0999984741211,74.19999694824219,1293671
6435,2026-07-27,270.0,270.5,250.0,252.5,456797
6441,2026-07-27,20.700000762939453,21.450000762939453,20.549999237060547,20.549999237060547,20011
6461,2026-07-27,16.600000381469727,16.600000381469727,15.75,15.949999809265137,675334
6462,2026-07-27,102.0,102.5,98.19999694824219,98.30000305175781,397492
6465,2026-07-27,50.29999923706055,50.599998474121094,48.79999923706055,48.79999923706055,246004
6469,2026-07-27,80.19999694824219,80.19999694824219,78.9000015258789,78.9000015258789,357192
6470,2026-07-27,46.599998474121094,46.599998474121094,46.599998474121094,46.599998474121094,3337
6474,2026-07-27,37.45000076293945,37.45000076293945,36.900001525878906,37.150001525878906,11127
6482,2026-07-27,28.149999618530273,28.149999618530273,28.0,28.149999618530273,5000
6485,2026-07-27,62.900001525878906,62.900001525878906,60.29999923706055,61.0,179574
6486,2026-07-27,78.4000015258789,78.4000015258789,76.5,76.9000015258789,142321
6488,2026-07-27,1030.0,1040.0,1005.0,1020.0,3635046
6492,2026-07-27,40.79999923706055,40.79999923706055,39.45000076293945,40.29999923706055,111148
6494,2026-07-27,48.849998474121094,49.20000076293945,48.099998474121094,48.599998474121094,94138
6496,2026-07-27,24.700000762939453,24.700000762939453,24.700000762939453,24.700000762939453,2225
6498,2026-07-27,79.0,80.4000015258789,78.4000015258789,78.80000305175781,64673
6499,2026-07-27,63.20000076293945,63.5,62.0,62.70000076293945,111563
6506,2026-07-27,17.100000381469727,17.25,17.049999237060547,17.25,34296
6508,2026-07-27,27.450000762939453,27.799999237060547,26.700000762939453,27.399999618530273,66645
6509,2026-07-27,46.95000076293945,47.400001525878906,46.400001525878906,46.5,1094072
6510,2026-07-27,2635.0,2665.0,2535.0,2595.0,210745
6516,2026-07-27,57.29999923706055,57.79999923706055,57.20000076293945,57.400001525878906,14307
6517,2026-07-27,65.5999984741211,70.5999984741211,64.80000305175781,67.0999984741211,840490
6523,2026-07-27,90.0999984741211,90.19999694824219,90.0,90.0999984741211,12395
6527,2026-07-27,68.5999984741211,68.5999984741211,68.5999984741211,68.5999984741211,2072
6530,2026-07-27,72.5,76.9000015258789,71.19999694824219,74.5,735025
6532,2026-07-27,68.5999984741211,68.5999984741211,67.19999694824219,67.9000015258789,88323
6535,2026-07-27,91.0999984741211,93.5999984741211,88.0,92.30000305175781,117804
6538,2026-07-27,132.0,134.5,126.0,126.5,909063
6542,2026-07-27,48.20000076293945,48.20000076293945,47.5,48.150001525878906,5000
6546,2026-07-27,59.79999923706055,60.20000076293945,59.0,59.20000076293945,140645
6547,2026-07-27,48.0,48.349998474121094,47.20000076293945,47.45000076293945,1828844
6548,2026-07-27,67.5999984741211,68.69999694824219,65.69999694824219,66.4000015258789,2089872
6556,2026-07-27,65.30000305175781,65.30000305175781,65.30000305175781,65.30000305175781,1765
6560,2026-07-27,32.5,33.099998474121094,32.349998474121094,32.400001525878906,14200
6561,2026-07-27,322.5,323.5,320.5,320.5,25779
6568,2026-07-27,140.5,142.5,139.0,139.5,66736
6569,2026-07-27,104.5,104.5,103.5,103.5,16374
6570,2026-07-27,50.599998474121094,52.400001525878906,49.45000076293945,49.45000076293945,87578
6574,2026-07-27,126.0,127.0,122.5,122.5,79277
6576,2026-07-27,81.4000015258789,81.9000015258789,80.80000305175781,81.30000305175781,63460
6577,2026-07-27,96.0,96.80000305175781,86.5999984741211,87.80000305175781,2385340
6578,2026-07-27,16.100000381469727,16.399999618530273,16.100000381469727,16.25,50014
6584,2026-07-27,535.0,535.0,500.0,507.0,238888
6588,2026-07-27,85.5,89.5999984741211,78.0999984741211,89.5999984741211,4413819
6590,2026-07-27,66.19999694824219,66.19999694824219,66.0999984741211,66.0999984741211,3000
6593,2026-07-27,33.20000076293945,33.20000076293945,33.0,33.0,5279
6596,2026-07-27,87.5999984741211,88.9000015258789,87.5,87.5,68420
6597,2026-07-27,62.599998474121094,62.599998474121094,62.599998474121094,62.599998474121094,1000
6603,2026-07-27,24.600000381469727,25.850000381469727,24.5,25.450000762939453,2050850
6609,2026-07-27,38.400001525878906,38.900001525878906,37.599998474121094,38.29999923706055,108149
6612,2026-07-27,70.69999694824219,72.0999984741211,69.5,69.5,31348
6613,2026-07-27,303.0,306.0,296.5,302.0,295186
6615,2026-07-27,33.5,33.5,33.5,33.5,2104
6616,2026-07-27,8.979999542236328,8.989999771118164,8.979999542236328,8.989999771118164,3951
6617,2026-07-27,88.9000015258789,90.19999694824219,83.0999984741211,83.5999984741211,377392
6620,2026-07-27,82.9000015258789,89.9000015258789,82.9000015258789,88.0999984741211,651572
6629,2026-07-27,106.0,106.0,105.5,105.5,3050
6637,2026-07-27,63.29999923706055,63.29999923706055,63.0,63.0,9119
6640,2026-07-27,905.0,942.0,882.0,925.0,106632
6642,2026-07-27,76.4000015258789,77.0999984741211,74.19999694824219,74.80000305175781,135428
6643,2026-07-27,418.0,437.0,412.0,428.0,317375
6651,2026-07-27,120.5,122.0,118.5,120.0,79894
6654,2026-07-27,177.0,177.0,171.0,171.0,20110
6661,2026-07-27,17.899999618530273,17.899999618530273,17.899999618530273,17.899999618530273,2126
6662,2026-07-27,30.0,30.0,29.5,29.5,2246
6664,2026-07-27,352.5,369.0,352.0,354.5,256864
6667,2026-07-27,235.0,239.5,233.0,235.0,126693
6679,2026-07-27,222.5,224.0,216.5,217.5,213198
6680,2026-07-27,55.0,55.900001525878906,55.0,55.20000076293945,5006
6683,2026-07-27,1195.0,1195.0,1110.0,1110.0,53537
6684,2026-07-27,49.25,49.25,48.04999923706055,48.04999923706055,52994
6690,2026-07-27,162.5,163.0,162.5,162.5,7648
6693,2026-07-27,179.0,181.5,168.0,170.5,631247
6697,2026-07-27,40.54999923706055,40.599998474121094,40.0,40.599998474121094,11100
6703,2026-07-27,107.0,107.0,106.0,106.5,10397
6708,2026-07-27,37.5,37.5,36.900001525878906,36.900001525878906,6000
6712,2026-07-27,149.5,151.5,147.5,147.5,232940
6716,2026-07-27,81.0999984741211,83.0,80.80000305175781,81.0,66254
6720,2026-07-27,133.0,137.0,132.0,134.0,65074
6721,2026-07-27,52.599998474121094,53.0,52.5,52.5,5237
6725,2026-07-27,299.5,299.5,286.0,287.0,101380
6727,2026-07-27,372.5,382.5,370.5,370.5,121111
6728,2026-07-27,109.5,110.0,109.5,110.0,6244
6730,2026-07-27,34.5,34.95000076293945,34.0,34.0,8125
6732,2026-07-27,171.0,173.5,166.5,167.5,246540
6733,2026-07-27,23.899999618530273,24.049999237060547,23.799999237060547,23.850000381469727,67673
6735,2026-07-27,66.5,66.5,64.19999694824219,65.0999984741211,91641
6739,2026-07-27,1055.0,1080.0,1025.0,1035.0,140358
6741,2026-07-27,55.0,55.099998474121094,54.29999923706055,54.70000076293945,127530
6751,2026-07-27,40.400001525878906,40.400001525878906,40.400001525878906,40.400001525878906,2006
6752,2026-07-27,99.9000015258789,99.9000015258789,98.30000305175781,98.30000305175781,2039
6761,2026-07-27,154.0,154.5,148.5,149.5,73715
6762,2026-07-27,174.0,179.0,174.0,179.0,3260
6763,2026-07-27,42.70000076293945,42.70000076293945,42.29999923706055,42.29999923706055,65388
6767,2026-07-27,24.899999618530273,24.899999618530273,24.25,24.600000381469727,7020
6785,2026-07-27,107.5,110.0,107.0,109.0,15612
6788,2026-07-27,352.0,352.0,332.5,334.0,216394
6791,2026-07-27,106.0,106.0,102.5,103.0,21299
6803,2026-07-27,273.5,274.0,271.5,272.5,24827
6804,2026-07-27,18.25,18.899999618530273,18.25,18.899999618530273,484534
6811,2026-07-27,238.0,238.0,229.0,231.0,189952
6821,2026-07-27,43.400001525878906,43.400001525878906,41.400001525878906,41.650001525878906,76271
6823,2026-07-27,64.30000305175781,69.69999694824219,64.0,67.5999984741211,268254
6829,2026-07-27,196.0,196.0,186.0,187.5,539147
6840,2026-07-27,61.20000076293945,62.0,60.0,60.0,27141
6841,2026-07-27,57.599998474121094,57.599998474121094,56.79999923706055,56.900001525878906,105121
6843,2026-07-27,39.54999923706055,39.54999923706055,39.5,39.5,8000
6844,2026-07-27,62.099998474121094,62.099998474121094,61.099998474121094,61.099998474121094,32141
6846,2026-07-27,62.900001525878906,64.30000305175781,62.900001525878906,62.900001525878906,6000
6856,2026-07-27,45.349998474121094,45.349998474121094,45.349998474121094,45.349998474121094,1020
6859,2026-07-27,98.0,98.5,96.19999694824219,96.19999694824219,16052
6865,2026-07-27,25.049999237060547,25.049999237060547,25.049999237060547,25.049999237060547,4002
6870,2026-07-27,253.0,255.5,235.0,242.0,75563
6872,2026-07-27,15.949999809265137,15.949999809265137,15.800000190734863,15.949999809265137,10060
6874,2026-07-27,79.0,79.0,77.9000015258789,78.9000015258789,6040
6875,2026-07-27,35.849998474121094,35.849998474121094,35.0,35.0,20014
6877,2026-07-27,119.0,124.0,118.0,118.0,51614
6884,2026-07-27,30.700000762939453,30.899999618530273,30.700000762939453,30.899999618530273,3500
6894,2026-07-27,331.0,333.5,328.0,328.0,13831
6895,2026-07-27,120.5,120.5,118.0,119.5,66732
6899,2026-07-27,53.0,53.0,51.400001525878906,51.400001525878906,6205
6903,2026-07-27,356.5,357.0,337.0,342.0,560738
6907,2026-07-27,200.0,200.0,189.5,190.5,354674
6910,2026-07-27,24.549999237060547,24.600000381469727,24.549999237060547,24.549999237060547,7005
6913,2026-07-27,123.0,123.0,119.5,121.0,41172
6922,2026-07-27,189.0,189.5,180.0,181.5,86069
6945,2026-07-27,95.4000015258789,95.9000015258789,92.9000015258789,94.5,137199
6953,2026-07-27,213.5,216.0,213.0,213.0,15030
6967,2026-07-27,71.4000015258789,71.4000015258789,69.5999984741211,69.5999984741211,45290
6968,2026-07-27,44.400001525878906,44.400001525878906,43.5,43.5,27510
6971,2026-07-27,26.549999237060547,26.799999237060547,26.549999237060547,26.600000381469727,18320
6982,2026-07-27,49.599998474121094,49.849998474121094,48.5,48.5,32162
6983,2026-07-27,311.0,332.5,311.0,325.5,12539
6986,2026-07-27,44.849998474121094,45.79999923706055,44.20000076293945,45.79999923706055,100331
6996,2026-07-27,176.5,177.5,176.0,177.0,23412
7402,2026-07-27,109.0,109.0,103.0,104.0,377484
7547,2026-07-27,54.599998474121094,54.599998474121094,51.29999923706055,51.29999923706055,4127
7556,2026-07-27,217.0,218.5,212.0,213.0,33141
7642,2026-07-27,81.0,81.0,78.5,78.5,12199
7703,2026-07-27,180.0,180.0,176.0,177.0,88505
7704,2026-07-27,54.20000076293945,55.0,53.0,53.79999923706055,36628
7708,2026-07-27,94.30000305175781,94.30000305175781,94.0999984741211,94.0999984741211,4753
7709,2026-07-27,70.0,71.80000305175781,66.69999694824219,68.0,35297
7712,2026-07-27,142.0,142.5,136.0,137.5,122115
7713,2026-07-27,70.5999984741211,70.69999694824219,70.0,70.0,6000
7714,2026-07-27,174.0,176.5,157.0,157.0,323228
7715,2026-07-27,31.649999618530273,31.649999618530273,30.350000381469727,30.850000381469727,15158
7717,2026-07-27,434.5,446.0,420.0,422.5,90836
7718,2026-07-27,46.75,47.650001525878906,46.75,47.29999923706055,50000
7723,2026-07-27,20.399999618530273,20.399999618530273,20.0,20.0,46549
7728,2026-07-27,609.0,609.0,592.0,600.0,7687
7734,2026-07-27,3460.0,3500.0,3140.0,3350.0,255780
7738,2026-07-27,167.0,168.5,166.0,166.0,10556
7743,2026-07-27,21.0,21.0,21.0,21.0,3000
7744,2026-07-27,418.0,418.0,401.0,407.5,31527
7747,2026-07-27,117.0,117.0,117.0,117.0,2000
7751,2026-07-27,1195.0,1255.0,1145.0,1245.0,146613
7753,2026-07-27,41.400001525878906,41.400001525878906,40.0,40.0,21210
7757,2026-07-27,91.0,91.0,91.0,91.0,4125
7767,2026-07-27,46.0,46.20000076293945,45.599998474121094,45.599998474121094,27000
7772,2026-07-27,91.0,91.5,88.80000305175781,91.5,59227
7777,2026-07-27,40.0,40.0,38.75,38.900001525878906,1195816
7792,2026-07-27,205.0,214.5,203.0,210.5,200978
7794,2026-07-27,29.299999237060547,29.299999237060547,29.049999237060547,29.049999237060547,3297
7805,2026-07-27,605.0,611.0,600.0,600.0,19000
7810,2026-07-27,191.0,192.5,190.5,192.5,29478
7811,2026-07-27,72.0,72.0,72.0,72.0,4002
7814,2026-07-27,30.5,30.950000762939453,30.049999237060547,30.850000381469727,67738
7819,2026-07-27,35.5,36.70000076293945,35.5,35.5,15143
7828,2026-07-27,1720.0,1720.0,1560.0,1560.0,371969
7839,2026-07-27,45.29999923706055,45.599998474121094,45.0,45.599998474121094,6000
7842,2026-07-27,89.5,89.5,86.0,86.5,15089
8024,2026-07-27,15.449999809265137,15.5,14.350000381469727,15.050000190734863,39349
8027,2026-07-27,198.0,198.0,188.0,188.0,333688
8032,2026-07-27,35.599998474121094,36.0,35.54999923706055,35.54999923706055,38112
8034,2026-07-27,20.0,20.149999618530273,19.649999618530273,19.649999618530273,81017
8038,2026-07-27,36.349998474121094,36.400001525878906,34.95000076293945,35.0,216980
8040,2026-07-27,72.19999694824219,74.0,70.0999984741211,70.9000015258789,328064
8042,2026-07-27,114.0,117.5,109.5,113.0,3080917
8043,2026-07-27,138.0,146.0,134.0,137.5,6576934
8044,2026-07-27,26.200000762939453,26.5,26.0,26.350000381469727,317559
8047,2026-07-27,43.849998474121094,43.900001525878906,43.79999923706055,43.900001525878906,22000
8048,2026-07-27,51.5,52.099998474121094,50.900001525878906,51.29999923706055,71596
8049,2026-07-27,26.0,26.25,25.75,25.799999237060547,70705
8050,2026-07-27,59.599998474121094,63.0,58.20000076293945,59.79999923706055,3811210
8054,2026-07-27,95.5999984741211,96.19999694824219,91.5,91.5999984741211,363332
8059,2026-07-27,15.550000190734863,15.600000381469727,15.25,15.25,69398
8064,2026-07-27,105.0,105.5,100.0,102.0,2096077
8066,2026-07-27,15.350000381469727,15.350000381469727,14.800000190734863,14.800000190734863,17588
8067,2026-07-27,13.0,13.199999809265137,12.949999809265137,12.949999809265137,3042
8068,2026-07-27,18.200000762939453,18.399999618530273,18.100000381469727,18.200000762939453,73052
8069,2026-07-27,194.5,194.5,182.0,183.5,3613198
8071,2026-07-27,23.100000381469727,23.200000762939453,22.200000762939453,22.5,586618
8074,2026-07-27,54.70000076293945,55.099998474121094,53.099998474121094,53.5,264045
8076,2026-07-27,23.5,23.649999618530273,23.149999618530273,23.200000762939453,275460
8077,2026-07-27,44.0,44.0,44.0,44.0,1001
8083,2026-07-27,156.5,157.0,155.0,156.0,60038
8084,2026-07-27,43.5,43.599998474121094,42.0,42.29999923706055,81000
8085,2026-07-27,11.25,12.449999809265137,11.25,12.449999809265137,588811
8086,2026-07-27,117.0,121.5,116.5,119.0,1505528
8088,2026-07-27,46.54999923706055,46.54999923706055,44.849998474121094,45.29999923706055,231513
8089,2026-07-27,18.450000762939453,19.0,18.299999237060547,18.850000381469727,55844
8091,2026-07-27,243.5,244.5,230.0,230.0,478100
8092,2026-07-27,13.800000190734863,13.800000190734863,13.550000190734863,13.550000190734863,4110
8096,2026-07-27,137.0,137.0,132.0,132.0,196626
8097,2026-07-27,52.099998474121094,52.400001525878906,51.79999923706055,51.79999923706055,25002
8099,2026-07-27,58.599998474121094,58.599998474121094,57.20000076293945,57.70000076293945,11137
8102,2026-07-27,72.4000015258789,73.69999694824219,72.0,73.69999694824219,4658
8107,2026-07-27,11.800000190734863,11.800000190734863,11.75,11.800000190734863,11235
8109,2026-07-27,131.0,131.0,124.0,125.5,254917
8111,2026-07-27,59.900001525878906,66.5999984741211,57.900001525878906,63.29999923706055,14640979
8121,2026-07-27,31.5,31.950000762939453,30.549999237060547,31.649999618530273,912229
8147,2026-07-27,122.0,126.0,121.5,123.5,113061
8155,2026-07-27,308.0,310.5,300.0,302.0,477554
8171,2026-07-27,20.399999618530273,20.450000762939453,20.25,20.25,28122
8176,2026-07-27,9.930000305175781,9.949999809265137,9.819999694824219,9.829999923706055,68335
8182,2026-07-27,40.20000076293945,41.95000076293945,39.70000076293945,40.20000076293945,2286429
8183,2026-07-27,30.649999618530273,30.75,30.0,30.0,126677
8227,2026-07-27,146.0,150.5,145.5,150.0,374440
8234,2026-07-27,65.0,65.0999984741211,63.0,63.5,283434
8240,2026-07-27,41.29999923706055,41.29999923706055,40.400001525878906,40.599998474121094,135079
8255,2026-07-27,144.5,145.5,142.0,143.5,316740
8272,2026-07-27,71.19999694824219,71.19999694824219,66.5999984741211,69.0,7003
8277,2026-07-27,8.029999732971191,8.390000343322754,8.029999732971191,8.180000305175781,24223
8279,2026-07-27,90.0999984741211,90.19999694824219,88.0999984741211,89.4000015258789,8150
8284,2026-07-27,62.0,62.099998474121094,61.900001525878906,62.0,26033
8289,2026-07-27,44.0,45.5,43.0,43.04999923706055,769250
8291,2026-07-27,39.95000076293945,43.5,39.95000076293945,43.5,50752
8299,2026-07-27,1805.0,1805.0,1730.0,1760.0,3000127
8349,2026-07-27,40.150001525878906,40.150001525878906,39.650001525878906,39.70000076293945,28060
8354,2026-07-27,15.75,15.75,15.5,15.550000190734863,37895
8358,2026-07-27,369.0,370.0,347.0,360.5,6559676
8383,2026-07-27,92.19999694824219,92.19999694824219,81.4000015258789,82.0999984741211,1866103
8390,2026-07-27,94.0999984741211,95.0,91.69999694824219,92.30000305175781,508863
8401,2026-07-27,22.799999237060547,22.899999618530273,22.799999237060547,22.899999618530273,12187
8403,2026-07-27,19.200000762939453,19.299999237060547,19.0,19.149999618530273,217608
8409,2026-07-27,19.399999618530273,19.399999618530273,19.399999618530273,19.399999618530273,1051
8410,2026-07-27,31.5,31.75,31.5,31.5,43000
8415,2026-07-27,38.349998474121094,38.70000076293945,37.95000076293945,38.45000076293945,726203
8416,2026-07-27,168.5,168.5,168.5,168.5,2402
8421,2026-07-27,15.149999618530273,15.149999618530273,14.550000190734863,14.550000190734863,94281
8423,2026-07-27,17.549999237060547,17.600000381469727,17.5,17.5,22435
8424,2026-07-27,68.69999694824219,68.69999694824219,68.69999694824219,68.69999694824219,15359
8426,2026-07-27,20.549999237060547,20.600000381469727,20.350000381469727,20.600000381469727,26303
8431,2026-07-27,48.75,51.0,48.0,49.79999923706055,317242
8432,2026-07-27,50.29999923706055,50.29999923706055,50.20000076293945,50.20000076293945,5094
8433,2026-07-27,53.70000076293945,54.20000076293945,53.70000076293945,54.0,20000
8435,2026-07-27,52.599998474121094,52.79999923706055,52.599998474121094,52.599998474121094,8713
8436,2026-07-27,117.0,117.0,115.0,116.0,260178
8437,2026-07-27,9.880000114440918,9.979999542236328,9.869999885559082,9.869999885559082,16057
8440,2026-07-27,19.850000381469727,19.850000381469727,19.600000381469727,19.700000762939453,92839
8446,2026-07-27,86.69999694824219,86.69999694824219,86.0,86.30000305175781,47315
8450,2026-07-27,15.199999809265137,15.399999618530273,15.0,15.199999809265137,13410
8455,2026-07-27,27.0,27.0,27.0,27.0,1003
8472,2026-07-27,70.9000015258789,70.9000015258789,70.9000015258789,70.9000015258789,1072
8477,2026-07-27,15.699999809265137,15.699999809265137,15.699999809265137,15.699999809265137,4007
8489,2026-07-27,22.799999237060547,22.850000381469727,22.799999237060547,22.850000381469727,10114
8906,2026-07-27,25.950000762939453,26.399999618530273,25.950000762939453,26.399999618530273,6006
8908,2026-07-27,39.5,40.0,39.5,39.900001525878906,31284
8916,2026-07-27,42.599998474121094,42.70000076293945,41.95000076293945,42.45000076293945,67906
8923,2026-07-27,19.0,19.0,19.0,19.0,1001
8924,2026-07-27,58.0,58.0,56.79999923706055,57.0,48521
8927,2026-07-27,19.950000762939453,20.100000381469727,19.75,19.950000762939453,110708
8928,2026-07-27,22.950000762939453,22.950000762939453,22.899999618530273,22.899999618530273,25008
8930,2026-07-27,31.0,31.049999237060547,30.799999237060547,30.799999237060547,10039
8931,2026-07-27,42.45000076293945,42.45000076293945,42.099998474121094,42.099998474121094,10120
8932,2026-07-27,111.0,111.0,106.5,108.0,2537686
8933,2026-07-27,4.550000190734863,4.559999942779541,4.420000076293945,4.420000076293945,33159
8935,2026-07-27,18.649999618530273,18.649999618530273,18.0,18.049999237060547,224904
8936,2026-07-27,53.400001525878906,53.400001525878906,52.099998474121094,52.29999923706055,466009
8937,2026-07-27,23.950000762939453,24.700000762939453,23.899999618530273,24.5,28002
8938,2026-07-27,56.79999923706055,57.0,56.5,56.5,42518
8941,2026-07-27,43.5,43.5,43.5,43.5,3170
8942,2026-07-27,37.54999923706055,37.54999923706055,37.150001525878906,37.20000076293945,128235
9949,2026-07-27,23.700000762939453,23.700000762939453,23.350000381469727,23.350000381469727,23493
9950,2026-07-27,10.75,10.75,10.399999618530273,10.449999809265137,6010
9951,2026-07-27,53.20000076293945,53.400001525878906,53.0,53.29999923706055,16063
9960,2026-07-27,32.45000076293945,32.599998474121094,32.0,32.45000076293945,20675
2321,2026-07-27,14.949999809265137,15.0,14.949999809265137,15.0,3000
9110,2026-07-27,3.1500000953674316,3.1500000953674316,3.1500000953674316,3.1500000953674316,11000
4406,2026-07-27,9.760000228881836,9.760000228881836,9.760000228881836,9.760000228881836,2000
5514,2026-07-27,13.5,13.5,13.399999618530273,13.399999618530273,8714
6242,2026-07-27,35.5,35.5,35.5,35.5,2000
6961,2026-07-27,52.099998474121094,52.099998474121094,52.0,52.0,5221
9962,2026-07-27,9.869999885559082,9.880000114440918,9.869999885559082,9.880000114440918,2485
