stock_code,trade_date,ma5,ma10,ma20,ma60,vol_ma5,kd_k,kd_d,macd_dif,macd_macd,macd_osc,rsi6,rsi12,bb_upper,bb_mid,bb_lower,bias20,ma_alignment,rs_rating
0050,2026-08-12,103.98799896240234,102.27399978637695,101.63699951171876,103.56649996439616,55167277.8,95.63510886138926,86.88754546837697,0.10506536532197686,-0.5453667504846633,0.6504321158066402,65.87068536754467,56.67826550261261,108.59516404733888,101.63699951171876,94.67883497609863,3.505610607987909,交叉混雜,86.0
0051,2026-08-12,142.10799560546874,137.87899780273438,137.0345001220703,141.1173334757487,36594.8,94.72631858766735,84.61803547683627,0.3048231893626223,-1.0975730723704527,1.402396261733075,74.03954284016216,60.74466897008626,148.05721943041033,137.0345001220703,126.0117808137303,5.739790904777616,交叉混雜,84.0
0052,2026-08-12,60.83000030517578,59.66000061035156,59.297500419616696,60.67250003814697,17893327.2,90.91427644918865,82.13123206573569,0.03039469956468821,-0.3841104502436504,0.41450514980833864,66.59341280730709,56.72438585114413,63.644728686598995,59.297500419616696,54.9502721526344,3.7143211177493014,交叉混雜,14.0
0053,2026-08-12,235.71999816894532,230.31999969482422,228.0775001525879,235.25749969482422,46748.6,95.53014310329553,86.52438361531975,0.4895063557818844,-1.6549776950769375,2.144484050858822,68.33374782098531,57.949171513721446,247.5234967094245,228.0775001525879,208.6315035957513,5.008166013644591,交叉混雜,87.0
0055,2026-08-12,43.8,43.86799964904785,43.09499950408936,40.889333152770995,150827.8,95.43371826901279,90.7807924243859,0.6571584750328299,0.6991038567938641,-0.04194538176103424,52.83127230443628,56.36309048148413,45.00027787008454,43.09499950408936,41.18972113809418,1.5198990682166909,交叉混雜,83.0
0056,2026-08-12,51.99599990844727,50.761999893188474,50.36200008392334,50.9761666615804,28722687.0,95.24338243531946,85.88858309628803,0.26560531285502265,-0.13025938499694517,0.3958646978519678,71.15088694048319,60.559820814692365,53.88360063963895,50.36200008392334,46.84039952820773,4.642390443429694,交叉混雜,81.0
0057,2026-08-12,310.5899963378906,305.5899993896484,303.08499908447266,307.5133336385091,16079.0,92.47189110094146,84.39774559172939,0.8160220205591031,-1.0885025542803155,1.9045245748394186,63.943397827885455,56.27648274427328,324.08670389178764,303.08499908447266,282.0832942771577,3.4363300549310867,交叉混雜,86.0
0061,2026-08-12,25.0,24.811999893188478,24.783999919891357,24.981333351135255,291472.2,78.6659629949941,71.4994868653607,0.005576491070979017,-0.0501391947524982,0.05571568582347722,58.73999241222252,53.634790174947724,25.442687644924103,24.783999919891357,24.125312194858612,1.2750180059706617,交叉混雜,66.0
00929,2026-08-12,29.078000259399413,28.336000061035158,28.346500205993653,,25434034.8,91.30409005221084,80.65538865364216,-0.1367826140837778,-0.3943782509436323,0.25759563685985454,70.05891162710867,62.20167939771032,30.365862205774917,28.346500205993653,26.32713820621239,4.175120286636346,,
1101,2026-08-12,24.470000076293946,24.209999656677248,24.129999732971193,24.018333276112873,18930617.2,67.91333690396577,57.27517270324121,0.17183351059821916,0.11059430678380514,0.06123920381441403,57.06969406369335,55.64395788627894,24.848477764727313,24.129999732971193,23.411521701215072,1.3261543038105028,多排,51.0
1102,2026-08-12,32.70999984741211,32.74500007629395,32.83250007629395,34.228333409627275,6147869.6,27.884713036542287,35.85855279841399,-0.5183109898304181,-0.5485792594475414,0.030268269617123256,33.327226423345806,36.705995864020686,33.381446504243776,32.83250007629395,32.28355364834412,-1.469585322627422,空排,25.0
1103,2026-08-12,13.149999809265136,13.109999847412109,13.267499876022338,13.391666587193807,207089.8,45.07183887030219,35.120251248935055,-0.08932678051551335,-0.09540371492803429,0.00607693441252094,54.21897766183079,47.270462084558226,13.734601745552215,13.267499876022338,12.800398006492461,-0.5087625203538972,交叉混雜,46.0
1104,2026-08-12,26.6,26.675,26.6875,27.473333390553794,470499.6,23.59125472528895,24.498950736913557,-0.1840639240628832,-0.22135036525575835,0.037286441192875164,49.38199319979395,45.574686840925594,27.092566685435077,26.6875,26.282433314564923,-0.14051665187719556,空排,33.0
1108,2026-08-12,11.960000228881835,11.970000171661377,12.08250002861023,13.199166663487752,508224.6,43.98723073253268,52.8370504107197,-0.3667118202002335,-0.3954808357342128,0.02876901553397926,22.67706484906627,25.873623938150516,12.473551064014977,12.08250002861023,11.691448993205483,-3.1657373758689737,空排,12.0
1109,2026-08-12,13.54000015258789,13.615000152587891,13.72000012397766,14.3225000222524,82851.8,12.519657049504964,13.590664935169748,-0.22807398152518488,-0.23345858869787509,0.005384607172690209,29.062017772535995,28.48247152329104,13.996062590384103,13.72000012397766,13.443937657571219,-1.2390665576285114,空排,22.0
1110,2026-08-12,16.119999504089357,16.064999675750734,16.019999694824218,15.522499863306681,296884.6,72.02389676883577,63.75242858811606,0.1317644302022174,0.12074328056409034,0.011021149638127059,71.04296105119181,62.539187162561305,16.340196693917704,16.019999694824218,15.69980269573073,1.7478124068054244,多排,57.0
1201,2026-08-12,12.129999923706055,12.15999994277954,12.324999904632568,12.349999984105429,315537.0,45.40580135975824,35.22784117922562,-0.08853848969619449,-0.07880342580007065,-0.009735063896123844,57.313759416590116,48.50886425372216,12.794602067437895,12.324999904632568,11.855397741827241,-0.6085185007131559,空排,25.0
1203,2026-08-12,46.630001068115234,47.56500053405762,47.345000457763675,44.495833524068196,16853.8,33.29337738914833,45.120045504163485,0.5589170542722854,0.9709242740326371,-0.4120072197603517,27.187508967400532,43.825386265862726,49.82224406338809,47.345000457763675,44.86775685213926,-3.052062346422084,交叉混雜,69.0
1210,2026-08-12,53.60000076293945,54.79000053405762,56.2100004196167,55.41000010172526,3991908.6,21.26588728433534,19.815843509708607,-0.8250528064363749,-0.32313880966533626,-0.5019139967710387,27.787282910483,32.43947326283734,59.8891877367747,56.2100004196167,52.530813102458694,-5.710728332420438,交叉混雜,47.0
1213,2026-08-12,7.673999881744384,7.494999933242798,7.485999917984008,7.9191666603088375,15476.0,76.64570371492057,74.4675680756391,-0.03647582262211113,-0.11318761253141774,0.0767117899093066,62.34871687799904,54.433434044875966,7.934736068113676,7.485999917984008,7.037263767854341,2.591502971948457,交叉混雜,7.0
1215,2026-08-12,108.4,106.35,107.625,115.36666666666666,640168.2,77.90364627054225,66.0168409954693,-1.5793074086796537,-2.3431911154480116,0.7638837067683579,60.78595679083288,49.521942367534535,112.87531327386279,107.625,102.37468672613721,0.8130081300813009,交叉混雜,11.0
1216,2026-08-12,75.28000030517578,74.59000015258789,76.43500022888183,75.39000015258789,16537446.0,65.08307340104842,45.61265117531378,-0.40825573939508786,-0.3513333949196672,-0.05692234447542066,60.27461328349484,52.28799092860867,81.0225235774627,76.43500022888183,71.84747688030096,-0.17661696437466665,交叉混雜,51.0
1217,2026-08-12,9.827999877929688,9.849999904632568,9.912499856948852,9.862166611353556,332092.2,35.582140461688326,28.832376833447213,-0.02541152251488832,-0.01661067119121554,-0.008800851323672778,58.07912968558939,50.79856821356894,10.075868824367749,9.912499856948852,9.749130889529955,-0.12610581184337152,交叉混雜,44.0
1218,2026-08-12,15.620000076293945,15.675,15.917500019073486,17.37250010172526,901367.2,37.35903848573175,34.695419000608794,-0.41211467395167745,-0.4638175588623177,0.051702884910640234,40.80161478501726,38.11963572400152,16.65540252592942,15.917500019073486,15.179597512217551,-2.308778563833884,空排,15.0
1219,2026-08-12,10.8,10.939999961853028,11.374999856948852,12.101666593551636,500173.8,24.77104636812354,19.479481020265744,-0.38126905266163647,-0.35733909549102294,-0.023929957170613525,43.647855105756236,34.57493010892391,12.442460896917503,11.374999856948852,10.307538816980202,-3.736264202448213,空排,12.0
1220,2026-08-12,11.129999732971191,11.16999979019165,11.247499895095824,11.542499955495199,62620.8,25.097102538098206,32.52549372133023,-0.11772229357890218,-0.1155989517864087,-0.0021233417924934883,15.923502629368002,26.533395152840058,11.448746127302238,11.247499895095824,11.046253662889411,-1.7559431536165273,空排,21.0
1225,2026-08-12,24.480000305175782,24.73000011444092,25.780000019073487,28.228333377838133,152454.6,30.781665385575984,23.515114854258854,-1.0120414307469652,-1.0230067506033351,0.010965319856369948,47.729675814670365,40.29186824848803,28.224843900206398,25.780000019073487,23.335156137940576,-3.413500387479209,空排,16.0
1227,2026-08-12,28.960000228881835,29.0350004196167,29.36750030517578,29.110000197092692,833179.4,24.565062890530967,28.9218375230787,-0.17286994406637746,-0.0942585907727152,-0.07861135329366226,34.32824591458193,40.31109269668512,30.469782551406002,29.36750030517578,28.26521805894556,-2.2729191633606174,交叉混雜,40.0
1229,2026-08-12,41.07000045776367,40.65499992370606,40.87000026702881,40.73450857798259,1855757.6,62.79205686320746,45.58413153835555,0.02349598603996128,-0.08091088309330055,0.10440686913326183,63.74391237256608,56.22602118504577,42.25807064242128,40.87000026702881,39.481929891636334,1.5414722996207921,交叉混雜,42.0
1231,2026-08-12,80.68000030517578,80.7400001525879,85.61454582214355,86.5715150197347,299410.2,28.05584531444527,21.53696574045415,-2.140324818214978,-1.6724647115895461,-0.467860106625432,40.63520166371904,37.029710011617475,96.49039531703562,85.61454582214355,74.73869632725149,-4.9226965532469,空排,14.0
1232,2026-08-12,155.5,154.55,156.075,149.61666666666667,254029.4,49.10170916197516,44.15853026326718,1.2644364654189246,1.5734522614413544,-0.3090157960224298,51.661028040803274,53.047840673037875,164.49974425661978,156.075,147.6502557433802,-0.688771423994867,交叉混雜,61.0
1233,2026-08-12,28.349999618530273,28.625,28.7625,28.299999936421713,28048.6,25.52075105600016,28.136953980495388,-0.03596872637880111,0.10131377954511839,-0.1372825059239195,16.035179508315636,32.14341355387003,29.48132595891856,28.7625,28.043674041081438,-2.9986975453097817,交叉混雜,32.0
1234,2026-08-12,33.470000457763675,33.62000007629395,33.679999923706056,34.05500024159749,136491.2,32.61739888143419,33.104076668917166,-0.10206880959945153,-0.10635257609257598,0.004283766493124452,54.364143647599676,49.402324014845846,34.14836777095047,33.679999923706056,33.21163207646164,-0.08906887736076015,空排,32.0
1235,2026-08-12,36.39000015258789,36.510000228881836,36.63750019073486,37.36083354949951,5247.6,33.51685934778508,48.29422730454508,-0.24822211159573726,-0.21085653063057797,-0.037365580965159295,30.874274494061765,39.52539166853444,37.771601702183595,36.63750019073486,35.50339867928613,-2.9682728024913927,空排,10.0
1236,2026-08-12,25.220000076293946,24.89000015258789,24.219999980926513,24.791666634877522,221543.2,69.79633862352063,75.77585622987932,0.16715949413346465,-0.013763230486604189,0.18092272462006884,52.97079712713358,55.23460511563149,25.769329501506846,24.219999980926513,22.67067046034618,2.807595533192679,交叉混雜,56.0
1240,2026-08-12,55.380000305175784,55.150000381469724,54.98000030517578,56.846666717529295,9746.8,82.32042187399362,74.67149922799513,-0.3388441777217466,-0.5932853215201187,0.2544411437983721,75.42078934490551,59.36579384103972,56.26078999453594,54.98000030517578,53.699210615815616,2.582759572246583,交叉混雜,41.0
1256,2026-08-12,178.6,180.3,182.05,185.78333333333333,108752.6,38.65476008027824,42.830479064907436,-1.7872118678733955,-1.5107302048851827,-0.27648166298821275,47.62234239270303,46.27561450803692,190.8153624538484,182.05,173.28463754615163,-1.126064268058232,空排,73.0
1259,2026-08-12,60.540000915527344,59.62000007629395,59.625,58.36333332061768,17481.0,78.8347073833125,70.00797531312972,0.646297111740445,0.4286122655458049,0.21768484619464012,79.6629709897563,68.32462256715446,61.676829689707716,59.625,57.573170310292284,3.81551618596043,交叉混雜,63.0
1264,2026-08-12,257.1,256.4,257.0,265.59166666666664,20399.0,70.34190479193475,53.947727318889605,-2.246949194397075,-2.9203695557149523,0.6734203613178771,64.56913782741921,47.35253765379722,259.5955427381107,257.0,254.40445726188932,0.5836575875486382,交叉混雜,29.0
1268,2026-08-12,180.4,175.65,173.575,170.40833333333333,76223.8,74.33670877748555,68.05955397693535,3.021741201386561,1.8009511132589764,1.2207900881275848,62.739670592519346,62.46056844341271,184.0594496379394,173.575,163.09055036206058,3.9896298430073522,多排,71.0
1294,2026-08-12,57.81999893188477,56.839999771118165,56.56499977111817,61.545555432637535,23488.4,66.98822353973279,64.72359234842256,-0.6505823423179322,-1.3340605733628401,0.6834782310449079,77.48652456134143,59.06333491569456,58.80931327256357,56.56499977111817,54.32068626967276,4.481567600566465,交叉混雜,33.0
1295,2026-08-12,46.53000030517578,46.420000076293945,47.37000026702881,48.78048604329427,34164.2,31.266416128724106,25.881370474179683,-0.7174925788640536,-0.7541989167828309,0.03670633791877731,50.390229569547444,43.53119984945056,49.8300821188672,47.37000026702881,44.90991841519041,-1.2032953910810955,交叉混雜,2.0
1301,2026-08-12,55.65999908447266,55.23999938964844,58.60999946594238,53.87416648864746,16625019.8,49.96028124076541,36.79007375220145,-0.47986521416720507,0.05989316220433846,-0.5397583763715436,48.59026760439693,47.4622121752248,66.86664551928526,58.60999946594238,50.3533534125995,-4.111924116981694,交叉混雜,79.0
1303,2026-08-12,186.1,174.75,180.225,150.94500007629395,94120525.2,80.28035381549373,70.75773444255931,4.367110932379205,3.7923810932947615,0.5747298390844437,64.36741350498528,56.996277410292706,220.46569032577304,180.225,139.98430967422695,4.8689138576779065,交叉混雜,98.0
1304,2026-08-12,11.900000190734863,11.595000076293946,12.19500002861023,12.856666660308838,2303499.6,75.8532433246328,57.08156785836765,-0.3876730887900255,-0.4490859707946038,0.061412882004578284,58.79792808268026,47.57214448271291,14.006338631483887,12.19500002861023,10.383661425736571,-0.7790048947734931,交叉混雜,57.0
1305,2026-08-12,11.610000038146973,11.345000076293946,11.797499990463256,12.566666666666666,1065951.0,77.22133290156812,58.96600852640475,-0.3504052857616191,-0.41890267186456076,0.06849738610294165,59.22551599138445,47.22096253018656,13.210400899791537,11.797499990463256,10.384599081134976,-0.4026275948434333,交叉混雜,41.0
1307,2026-08-12,31.49000015258789,31.495000076293945,31.702499866485596,33.082500012715656,884700.4,45.421606909873944,54.49373415643561,-0.49076866649424034,-0.5073359850125838,0.016567318518343477,36.31181647228385,39.75628843803062,33.0776457080983,31.702499866485596,30.32735402487289,-2.5313469011435537,空排,40.0
1308,2026-08-12,13.489999961853027,13.080000019073486,13.517500066757203,13.808333365122477,1577675.2,80.45062621324345,61.05451769605391,-0.21105200195312257,-0.28998409477103937,0.0789320928179168,67.24183666419208,52.78448513388115,15.097398645709184,13.517500066757203,11.937601487805221,1.3500998084456841,交叉混雜,59.0
1309,2026-08-12,12.90999984741211,12.739999866485595,13.519999980926514,14.686666695276896,1367244.6,73.92848464343481,51.005965698779505,-0.5454622054823712,-0.5886532624845711,0.04319105700219983,54.16003138403404,44.15947378238758,15.608162098133022,13.519999980926514,11.431837863720006,-2.736689074838922,交叉混雜,51.0
1310,2026-08-12,8.030000019073487,7.748000001907348,8.651499962806701,9.123833322525025,4354295.8,69.73850462637262,53.146310030044965,-0.5147311084269823,-0.5092687807528051,-0.005462327674177203,48.189279578106024,41.16983526361633,11.063393830530957,8.651499962806701,6.239606095082445,-6.490201845145129,交叉混雜,36.0
1312,2026-08-12,11.939999961853028,11.705000019073486,12.25750002861023,12.777166636784871,4717154.6,55.34956112035603,49.57218011025766,-0.3855611649189772,-0.39640724366234864,0.010846078743371457,41.44014399855572,41.55504212017831,14.06050183521359,12.25750002861023,10.454498222006869,-4.140322475428704,交叉混雜,63.0
1313,2026-08-12,11.480000114440918,11.025000095367432,11.422500085830688,11.603333330154419,3743934.0,63.02307388700238,53.851920671138366,-0.19705395673332937,-0.2485128755564624,0.051458918823133026,54.20647402046171,48.78841303359514,12.86379884775484,11.422500085830688,9.981201323906536,-0.1969837350084643,交叉混雜,65.0
1314,2026-08-12,7.765999984741211,7.692000007629394,7.990000057220459,8.048499989509583,24169747.2,50.848041358779554,43.784315165257965,-0.19072687848849057,-0.17517319048140528,-0.015553688007085287,46.64466242747946,42.92876873921399,8.865250515759913,7.990000057220459,7.114749598681005,-2.628283428137589,交叉混雜,62.0
1315,2026-08-12,64.04000091552734,63.80000038146973,63.92500019073486,62.78666674296061,36127.8,52.09322228845471,52.50386173067806,0.18132577045956566,0.21858573884778523,-0.03725996838821957,43.60645212534261,48.58059724007144,64.9109546291371,63.92500019073486,62.93904575233263,-0.5084109748049317,交叉混雜,52.0
1316,2026-08-12,10.100000190734864,10.019000148773193,10.081500053405762,10.367166725794474,1253473.8,82.27714166509362,72.94401684483245,-0.08194070315301971,-0.12081409685754196,0.03887339370452225,67.04874776558013,54.19683135228264,10.47653617643297,10.081500053405762,9.686463930378553,1.6713777285287532,交叉混雜,9.0
1319,2026-08-12,77.75999908447265,74.76999969482422,73.73999938964843,81.9516663869222,3386420.4,90.78859372988532,80.03985606793579,-0.2839316009709876,-1.6071188408500388,1.3231872398790512,86.46380150367197,65.27640143214012,79.18538330426435,73.73999938964843,68.29461547503251,7.404390566567086,交叉混雜,19.0
1321,2026-08-12,32.010000228881836,31.99000015258789,32.0350001335144,31.02166681289673,104023.4,56.931244750325604,50.556591806147594,0.16617543527278755,0.19973656995971384,-0.033561134686926286,60.83456512909645,56.978034061711874,32.59891478644296,32.0350001335144,31.47108548058584,0.8272174260705198,交叉混雜,48.0
1323,2026-08-12,20.910000228881835,20.35500011444092,20.172500133514404,20.07083336512248,167760.6,80.75571245418843,75.29457822343025,0.2804098296233626,0.07748823682919014,0.20292159279417243,86.84149461721972,76.45010664468734,21.422963246899133,20.172500133514404,18.922037020129675,7.076466667528665,多排,68.0
1324,2026-08-12,10.04000015258789,10.002999973297118,10.12649998664856,10.328000005086263,22372.0,56.531521325577074,43.16556367195318,-0.10014937975343763,-0.10331871846156679,0.00316933870812916,48.394463034750764,41.978916658657155,10.429903600211414,10.12649998664856,9.823096373085704,-0.7554416236069548,交叉混雜,34.0
1325,2026-08-12,26.679999542236327,26.399999809265136,26.497500038146974,26.024166742960613,409731.8,37.80075855407827,37.544972159871335,0.25044924106915545,0.2636150264231774,-0.013165785354021964,50.62329989598291,52.43466812308978,28.132471314286693,26.497500038146974,24.862528762007255,0.1981288756976795,交叉混雜,33.0
1326,2026-08-12,58.71999969482422,58.05,62.124999618530275,57.09333324432373,19549840.0,49.17056386498321,35.619434280096606,-0.712025135022543,-0.10876335492703094,-0.6032617800955121,51.25525302875519,47.9955870183389,72.38003565043343,62.124999618530275,51.869963586627115,-4.064388184971576,交叉混雜,90.0
1336,2026-08-12,15.3600004196167,15.150000095367432,15.335000038146973,14.71666669845581,448770.6,64.1277627699587,51.47564032505545,0.14508889001833047,0.08665689059331469,0.058431999425015785,70.42724960713117,61.02481650560756,16.57728155677279,15.335000038146973,14.092718519521156,5.6406959415763005,交叉混雜,60.0
1337,2026-08-12,4.691999912261963,4.66899995803833,4.755999994277954,4.917166686058044,260750.2,48.49255555915366,42.184411413260264,-0.08356795755542556,-0.09104680932587246,0.007478851770446895,45.0662052583957,41.921697639394296,5.022786035558253,4.755999994277954,4.489213952997655,-1.3877194519954001,交叉混雜,29.0
1338,2026-08-12,15.239999961853027,15.304999923706054,15.627499914169311,16.326666641235352,132930.8,50.05248773326032,47.43321901584646,-0.3510706995752191,-0.33886942834253814,-0.012201271232680944,32.02443658873743,34.20485720930047,16.508572785852508,15.627499914169311,14.746427042486115,-3.3754569547065274,空排,12.0
1339,2026-08-12,45.3,44.750000381469725,44.562500381469725,43.99749997456868,148833.8,85.83033439513363,76.34718502623392,0.3206600230095802,0.18290230374582442,0.13775771926375577,83.50476308278294,68.35463834591502,45.898982364165384,44.562500381469725,43.226018398774066,3.3380058184736945,多排,64.0
1340,2026-08-12,5.161999988555908,5.107000017166138,5.174000000953674,5.422333312034607,241736.6,45.837040928045916,37.36440460875735,-0.07261116154226066,-0.09594610323572943,0.023334941693468766,57.30507811971225,48.508009049540355,5.378105264626845,5.174000000953674,4.969894737280503,0.5025088578792126,交叉混雜,17.0
1341,2026-08-12,59.1,58.820000076293944,58.73500003814697,59.928333346048994,15013.0,54.44145308324916,56.374647721967,-0.01780113183076537,-0.17909098309860025,0.16128985126783488,62.00934562069271,56.26426124571563,59.75123673479592,58.73500003814697,57.718763341498025,1.6429739068115043,交叉混雜,47.0
1342,2026-08-12,102.9,101.4,106.225,106.95166664123535,271186.4,66.08617064017326,52.80017740856363,-2.31260292355239,-2.122035646968016,-0.19056727658437422,47.40203062992156,43.25978077156932,118.11004142842327,106.225,94.33995857157672,-3.036008472581779,交叉混雜,72.0
1402,2026-08-12,27.31999969482422,27.164999771118165,27.282499980926513,27.41666660308838,20551383.6,61.14133106787739,51.146113181216535,-0.08746971399692072,-0.13423150882613988,0.04676179482921916,61.71882552774794,53.66155876842656,27.79474459956544,27.282499980926513,26.770255362287585,0.9804792681060955,交叉混雜,53.0
1409,2026-08-12,23.779999923706054,22.685000038146974,23.039999961853027,24.56416654586792,12588148.2,81.21509086536429,69.60591901731364,-0.3889180704838715,-0.759350377417614,0.3704323069337425,70.7912308984026,56.889964666208726,26.213176889987277,23.039999961853027,19.866823033718777,7.638885755735777,交叉混雜,90.0
1410,2026-08-12,25.839999771118165,25.81999988555908,26.05999994277954,25.819166628519692,45151.8,56.31183243543934,52.85043358218026,-0.06555634334592497,-0.06205473326311558,-0.0035016100828093935,53.956459370871265,51.250055711067844,27.501344822508887,26.05999994277954,24.618655063050195,-0.038375693556994966,交叉混雜,15.0
1413,2026-08-12,9.372000122070313,9.383000087738036,9.557500076293945,9.474500068028767,15606.0,43.77600013689462,35.98574757251407,-0.044459302939841905,-0.009372825813831167,-0.035086477126010734,42.016680280041534,45.41946192102912,10.392191948963546,9.557500076293945,8.722808203624343,-2.589585714899799,交叉混雜,31.0
1414,2026-08-12,19.399999618530273,19.22999973297119,18.76999979019165,17.73916656176249,368090.2,67.71558372687042,75.4398409864055,0.3238040991531115,0.3035386119873533,0.020265487165758156,46.424374644304685,52.336077095108564,20.039230603580627,18.76999979019165,17.500768976802675,1.4917392115007415,多排,62.0
1416,2026-08-12,11.019999885559082,10.894999980926514,10.93250002861023,11.06333335240682,1173458.2,70.24644014583544,59.575670262288085,0.001466284218510694,-0.049397464793795164,0.05086374901230586,79.91725469299548,68.19254346265171,11.273203611666574,10.93250002861023,10.591796445553886,4.276236804908323,交叉混雜,49.0
1417,2026-08-12,8.284000015258789,8.264000129699706,8.419500064849853,8.48100004196167,97073.4,48.306896185215315,40.41777852133801,-0.09889620555677503,-0.09440861469164116,-0.004487590865133867,44.711950619185636,41.45545419716859,8.853500925229365,8.419500064849853,7.98549920447034,-1.4193226818048679,交叉混雜,51.0
1418,2026-08-12,18.06999969482422,18.089999771118165,18.312500095367433,18.35083335240682,5752.0,23.142705391973784,23.6928544543213,-0.11020311316969611,-0.06951240432847151,-0.040690708841224596,42.2586681272229,44.84051912376569,18.96047308032641,18.312500095367433,17.664527110408457,-1.4334517785110719,空排,34.0
1419,2026-08-12,64.78000030517578,65.98000030517578,66.62999992370605,65.996666208903,62982.2,26.645573349691528,28.417477901652642,-0.3430349081406092,-0.010648048912847659,-0.33238685922776157,42.75529868178816,44.83631402950002,69.86409430214923,66.62999992370605,63.395905545262885,-1.9960931614455015,交叉混雜,63.0
1423,2026-08-12,35.73999938964844,35.61999931335449,35.9024995803833,38.81750005086263,17759.4,49.48837124601509,37.54013308402031,-0.583248769049554,-0.754712072393403,0.17146330334384896,43.47470691063937,39.28322566164127,36.907997915963655,35.9024995803833,34.897001244802944,-0.842562801469925,交叉混雜,30.0
1432,2026-08-12,15.2,15.130000114440918,15.082500076293945,15.860833326975504,152309.2,59.12976878210017,56.943213817253145,-0.099799352750086,-0.16957432245512222,0.06977496970503622,50.06823323260581,46.55269619557902,15.288399964946203,15.082500076293945,14.876600187641687,0.44753550071199066,交叉混雜,25.0
1434,2026-08-12,17.500000381469725,17.38000030517578,18.097500228881835,17.208333444595336,1862957.6,50.072284551300875,34.66798193354835,-0.10344994154985443,-0.020654868801461897,-0.08279507274839254,52.963358209494565,48.80342445106898,19.84301325433161,18.097500228881835,16.35198720343206,-2.196432993038515,交叉混雜,69.0
1435,2026-08-12,23.29000015258789,23.125000190734863,22.67750015258789,19.937500127156575,44028.4,59.132833594993976,55.410625725770046,0.33147158393877874,0.3800425833195636,-0.04857099938078485,53.0437720847445,51.992607531844946,26.442641047820374,22.67750015258789,18.912359257355405,4.508877096115372,多排,80.0
1436,2026-08-12,36.83999938964844,36.429999923706056,38.792499732971194,43.1566665649414,234233.4,71.34827923959064,51.36863389534099,-1.9696136313538233,-2.2113248009481263,0.24171116959430305,58.98903752523397,42.16970145257066,46.50880340204436,38.792499732971194,31.07619606389803,-2.429596611040339,交叉混雜,3.0
1437,2026-08-12,30.05,30.525000190734865,30.74000005722046,29.96249993642171,154933.8,37.26835874452614,35.87060801012687,-0.06284601454338912,0.06102434146047132,-0.12387035600386043,48.83393505187867,47.847990787267186,31.919473632853354,30.74000005722046,29.560526481587566,-1.106052173250807,交叉混雜,52.0
1438,2026-08-12,22.42000045776367,22.675000190734863,22.2125,21.8125,26574.0,24.235713660773396,34.28570125125992,0.13176447436756433,0.1347014283321488,-0.00293695396458446,47.07844539914845,51.528960971828766,23.491428595537787,22.2125,20.93357140446221,0.8441175848295999,交叉混雜,11.0
1439,2026-08-12,28.65,28.374999809265137,27.407499980926513,25.703333377838135,33214.4,74.62967734672215,78.24137172693092,0.9833895458087305,0.868280798747701,0.11510874706102947,60.47206442030663,62.61442658308193,29.76552664999453,27.407499980926513,25.049473311858495,5.263159359836109,多排,59.0
1440,2026-08-12,13.189999961853028,12.709999942779541,12.752499961853028,13.075833320617676,3062804.6,78.07500928545434,63.35077681258659,0.008193743692560318,-0.1515988380769448,0.15979258176950512,79.8619968519809,65.30759689566747,13.730938648061938,12.752499961853028,11.774061275644117,6.645759044515623,交叉混雜,65.0
1441,2026-08-12,8.948000144958495,8.939000129699707,9.017000102996827,9.185333363215129,5358.2,23.09119102442472,24.465348240426117,-0.0799544908219243,-0.08093872693844131,0.0009842361165170177,50.06700301307301,45.95655138359774,9.209173189111624,9.017000102996827,8.824827016882029,-0.5212358370983871,交叉混雜,21.0
1442,2026-08-12,29.829999923706055,29.529999923706054,29.64999990463257,28.11666660308838,192975.4,65.91093398739774,62.10285289146573,0.345263554451396,0.39621070461018054,-0.05094715015878454,50.00988122991469,54.04073210332062,30.499767844901488,29.64999990463257,28.80023196436365,-9.649318602112935e-07,交叉混雜,27.0
1443,2026-08-12,25.849999618530273,25.929999923706056,26.182499980926515,26.304166793823242,5866.2,39.91749257029013,39.02091526120021,-0.14686006360385662,-0.11835999879357936,-0.028500064810277254,42.14243726497405,44.486391338503836,27.06583971022513,26.182499980926515,25.2991602516279,-1.651866633215253,空排,35.0
1444,2026-08-12,7.222000026702881,7.163000011444092,7.531500053405762,7.442166646321614,1251125.2,51.26790777305885,36.81338160532218,-0.2008985378242496,-0.16314061982535344,-0.03775791799889616,44.57333932113342,41.56112328565481,8.428284457158195,7.531500053405762,6.6347156496533275,-3.737635947814498,交叉混雜,71.0
1445,2026-08-12,10.369999885559082,10.519999885559082,10.767499971389771,11.22000002861023,96483.4,16.016826595812265,21.587939187794085,-0.27672187055977915,-0.23691745891906058,-0.03980441164071857,27.848677198143236,34.09655679485918,11.56636448800331,10.767499971389771,9.968635454776232,-5.270491419851722,空排,8.0
1446,2026-08-12,13.910000038146972,13.800000095367432,13.890000009536744,15.50500005086263,127474.0,79.08024094696657,64.48540713175034,-0.420639758596149,-0.5392294843204569,0.11858972572430793,59.53835452625164,40.45312739362521,14.28682943976439,13.890000009536744,13.493170579309098,0.7919365758655977,交叉混雜,13.0
1447,2026-08-12,7.088000011444092,6.959999990463257,7.298000001907349,7.057333342234293,2192455.8,54.803474392566756,47.04279265226691,-0.14664535582988325,-0.1089892638926737,-0.03765609193720955,46.350993353175255,44.91149300911863,8.311188773531391,7.298000001907349,6.2848112302833075,-3.398188697008364,交叉混雜,79.0
1449,2026-08-12,12.639999771118164,12.404999923706054,12.557499980926513,13.435000022252401,296342.6,75.15849156469463,66.50638970443049,-0.2624916596175755,-0.3562744534284063,0.09378279381083082,55.12269603141057,46.90582905888427,13.38675131524996,12.557499980926513,11.728248646603067,0.7366087019252008,交叉混雜,59.0
1451,2026-08-12,17.539999771118165,17.52999973297119,17.452499771118163,17.060833136240642,126040.8,59.53887615247584,72.98594663594915,0.09931320744968275,0.11820539453923054,-0.01889218708954779,38.660965667086934,49.1826968711463,17.687524924734138,17.452499771118163,17.217474617502187,-0.3008173801828136,多排,51.0
1452,2026-08-12,11.300000190734863,11.275,11.415000009536744,11.157499933242798,88422.4,75.91043763598678,58.57629529435688,-0.027058772550207166,-0.005455873934602881,-0.021602898615604285,52.40943458107958,49.44053766668374,11.79627214848857,11.415000009536744,11.033727870584917,-0.569422934846368,交叉混雜,49.0
1453,2026-08-12,11.100000190734864,11.114999961853027,11.1375,11.300833320617675,72136.2,59.17307157372147,50.306092987295784,-0.04674263503717313,-0.060334074471406894,0.013591439434233764,62.8153788833463,54.37555156021655,11.299315185659824,11.1375,10.975684814340175,1.0101010101010166,空排,31.0
1454,2026-08-12,12.830000114440917,12.885000038146973,12.794999980926514,12.825,12276.4,50.05315334683971,57.72993875121608,0.0016862023553869676,-0.00297774682043073,0.004663949175817698,46.65532815221042,49.059267403510106,13.157592831090865,12.794999980926514,12.432407130762163,0.039079404578374825,交叉混雜,36.0
1455,2026-08-12,9.470000076293946,9.066000080108642,9.066000032424927,9.314999993642171,2117749.8,81.64871471063373,64.83646415049051,0.02874632915677111,-0.11254039193605625,0.14128672109282736,75.77309278693063,65.17362930506833,9.8655367181623,9.066000032424927,8.266463346687555,9.971323972762923,交叉混雜,75.0
1456,2026-08-12,14.030000114440918,14.020000171661376,13.920000028610229,13.905000034968058,67183.8,59.508198355557724,69.21857977268759,0.004879431540363299,0.0010591441688334979,0.003820287371529801,37.46779565067835,45.43993857246639,14.354559765231976,13.920000028610229,13.485440291988482,-0.8620677990569392,多排,63.0
1457,2026-08-12,14.15,14.21500005722046,14.257500076293946,14.30833330154419,164856.6,53.11404331966897,52.335751992352726,-0.03293669457189985,-0.03496715155834314,0.002030456986443288,70.33426233796875,58.11351937268822,14.458222363900594,14.257500076293946,14.056777788687297,0.9994707450379947,空排,35.0
1459,2026-08-12,13.599999809265137,13.824999904632568,14.759166622161866,15.351944224039714,302876.2,41.35019671745631,35.09807507009212,-0.5467605007894534,-0.4687348080713716,-0.0780256927180818,58.33333152505241,48.41988556702488,17.278042369096568,14.759166622161866,12.240290875227162,-2.0947443769114606,空排,30.0
1460,2026-08-12,6.633999919891357,6.659999942779541,6.791999983787536,7.069833334287008,270037.8,36.25152182672784,29.438619853158727,-0.1417165799561948,-0.1414385682874392,-0.0002780116687556011,42.40551892539811,40.373175844247925,7.126638855994427,6.791999983787536,6.457361111580646,-1.9434649100487429,空排,55.0
1463,2026-08-12,17.809999847412108,17.795000076293945,17.822500133514403,17.73666674296061,32284.2,67.81624075354867,67.0050277379192,0.007391594889341491,0.01833431346337653,-0.010942718574035039,39.26672574035655,45.62897507988994,18.04839012995571,17.822500133514403,17.596610137073096,-0.6873298900674168,交叉混雜,46.0
1464,2026-08-12,10.319999885559081,10.310000038146972,10.382499980926514,10.402500025431316,323999.6,30.810057895211543,35.81073662241951,-0.05618167632620086,-0.04306343648834397,-0.013118239837856885,40.76490277037401,42.98328613702555,10.640579914894163,10.382499980926514,10.124420046958866,-1.2761857083547072,交叉混雜,34.0
1465,2026-08-12,12.350000190734864,12.440000057220459,12.607500028610229,12.563333304723104,119691.8,33.87376969990565,31.15194486813796,-0.0996046089751772,-0.06576489303855762,-0.03383971593661958,43.03352771036667,43.86620975915015,13.115618377920105,12.607500028610229,12.099381679300352,-1.6458489756817307,交叉混雜,48.0
1466,2026-08-12,16.510000038146973,16.125,16.63999996185303,15.745833269755046,357712.0,72.83416318139089,60.88428138814079,-0.008797877646923524,-0.004566022557509232,-0.0042318550894142925,54.730853156812756,51.51211958583328,18.37708778075496,16.63999996185303,14.9029121429511,-0.24038209420072532,交叉混雜,69.0
1467,2026-08-12,9.589999961853028,9.503999996185303,9.68299994468689,8.340333326657612,596950.8,28.36100303978162,38.03763495541494,0.23046926876518725,0.3641885766630809,-0.13371930789789366,35.10560064359811,46.41541768537378,10.714648721728302,9.68299994468689,8.651351167645476,-5.5044958091637275,交叉混雜,77.0
1468,2026-08-12,13.469999885559082,13.694999980926514,13.577500009536744,12.568333355585734,38828.6,38.75281112106616,49.56795024349823,0.23855022798139736,0.3183465974988535,-0.07979636951745617,41.62675081527424,51.13619552377852,14.570356140216534,13.577500009536744,12.584643878856953,-1.307312766575548,交叉混雜,62.0
1470,2026-08-12,23.210000228881835,23.205000114440917,23.020000076293947,22.401666800181072,9321.0,59.524378160188476,58.63794432150314,0.28098514487976445,0.2587087305282494,0.02227641435151506,62.61786198113908,60.468446456147625,23.63078051738973,23.020000076293947,22.409219635198163,1.8679438975689762,多排,65.0
1471,2026-08-12,9.48799991607666,9.461999893188477,9.622499895095824,10.446666606267293,198717.6,65.75288681408361,61.219758052535525,-0.2538203253801026,-0.2910540906873592,0.03723376530725664,46.19435922371178,40.65744820769284,10.08561867557171,9.622499895095824,9.159381114619938,-1.27305686080867,交叉混雜,28.0
1472,2026-08-12,88.94000091552735,88.92000045776368,88.98000030517578,89.14500033060709,10644.6,66.87296723541044,63.406668374226925,0.01617851926187086,-0.03527863594264099,0.05145715520451185,60.83906830960384,54.62556418656081,89.92612746204308,88.98000030517578,88.03387314830847,0.584400644010758,交叉混雜,51.0
1473,2026-08-12,19.99000015258789,19.88999996185303,20.014999866485596,20.29916664759318,54553.0,80.14271812325907,64.04154971351056,-0.08147904835785269,-0.12259465743945513,0.041115609081602444,65.36762016555761,53.86009702263897,20.438145912398102,20.014999866485596,19.59185382057309,0.6744928950548233,交叉混雜,17.0
1474,2026-08-12,10.080000305175782,10.086000156402587,10.260500049591064,10.23266668319702,29495.4,31.169605999801032,26.606864452737135,-0.08392030873097234,-0.06224748543549315,-0.02167282329547919,43.73327789693566,42.99815394936394,10.667515975212785,10.260500049591064,9.853484123969343,-1.5642480127246265,交叉混雜,37.0
1475,2026-08-12,27.15999984741211,27.11000003814697,27.079999923706055,26.710000006357827,28201.8,72.03315520868233,72.18407135420769,0.020751484973107637,0.0157950766217457,0.004956408351361935,49.777219509448585,50.27283120181664,27.567096728908485,27.079999923706055,26.592903118503624,0.07385693434276308,多排,17.0
1476,2026-08-12,341.0,345.9,341.825,337.2416666666667,1952649.8,26.358307918351308,47.030307271126155,1.0321008110444154,3.2680997553253004,-2.235998944280885,27.74235572699976,39.10175301756749,360.73830637131505,341.825,322.91169362868493,-5.0683829444891355,交叉混雜,21.0
1477,2026-08-12,222.5,221.85,219.05,220.56666666666666,1866803.0,55.99895119355409,64.36460751630571,0.4340749896629177,0.1063784057940457,0.327696583868872,39.80631681328127,46.936910172198495,226.1870051216225,219.05,211.91299487837753,-0.022825838849582912,交叉混雜,20.0
1503,2026-08-12,196.1,194.6,198.0,216.675,1274486.8,70.0423028659861,60.40067325352913,-5.827276573913764,-7.0131101330882935,1.1858335591745295,57.24742016946693,46.46226248933487,212.52765058703272,198.0,183.47234941296728,0.5050505050505051,交叉混雜,50.0
1504,2026-08-12,66.91999969482421,65.71000061035156,66.07000045776367,69.7283332824707,4705295.0,82.77006539739871,74.83258004991006,-0.4819090162349795,-0.9610279936103368,0.47911897737535725,61.0383538283505,52.41959372533592,70.39962904272525,66.07000045776367,61.740371872802086,1.8616657870018372,交叉混雜,36.0
1506,2026-08-12,10.430000114440919,10.390000057220458,10.565000057220459,10.379666741689046,207745.4,67.19832390520702,50.831479350162454,-0.016801300703281896,-0.009530273526273444,-0.007271027177008452,53.99427867562357,50.95650725905221,11.110893846260257,10.565000057220459,10.01910626818066,-0.6152395349589787,交叉混雜,33.0
1512,2026-08-12,6.60600004196167,6.638999986648559,6.692999958992004,6.85699999332428,60036.2,33.276444549804424,33.036936911881995,-0.07483578374189381,-0.07084977278365359,-0.0039860109582402214,50.00785272502749,44.818008067583165,6.85958792527286,6.692999958992004,6.526411992711148,-0.6424602403710267,空排,24.0
1513,2026-08-12,160.7,157.95,158.3,166.79166666666666,2724797.0,78.94098617816462,70.50886652377689,-1.6353849506857614,-2.9535383543007945,1.318153403615033,70.87519605351027,57.379668073935015,168.0947354280393,158.3,148.50526457196074,4.5483259633607,交叉混雜,60.0
1514,2026-08-12,101.46000061035156,99.7,102.11323547363281,116.16274515787761,1218449.0,76.78475250340718,67.31787766823602,-3.847353663430056,-4.714597716462672,0.867244053032616,52.90949648117258,43.93506835554382,110.35180759300368,102.11323547363281,93.87466335426194,-0.11089206321549924,交叉混雜,27.0
1515,2026-08-12,31.200000381469728,30.070000076293944,33.525,30.52166674931844,1235464.0,60.06279271401543,48.74194867521186,-1.0796574501359757,-0.8027285429626952,-0.27692890717328045,49.364185489158615,46.03386420182753,44.57824396174115,33.525,22.471756038258846,-6.785980611483963,交叉混雜,77.0
1516,2026-08-12,15.109999847412109,15.339999866485595,15.682499837875366,18.595833190282185,35896.0,50.77394588968981,46.43057919463354,-0.8153098049174119,-0.9242260193227301,0.10891621440531818,50.140128170184695,41.42423726640752,16.957884037949096,15.682499837875366,14.407115637801633,-1.4825444349676298,空排,15.0
1517,2026-08-12,11.880000114440918,11.59000005722046,11.627500009536742,10.838333320617675,1481152.4,51.79671166997883,42.01722750594587,0.25236505691109734,0.21367241214108748,0.03869264477000986,62.32972618497093,59.72731006023393,12.282420709088877,11.627500009536742,10.972579309984608,3.6336287323293144,交叉混雜,68.0
1519,2026-08-12,681.8,685.6,686.6,763.05,1376285.6,63.909258871713234,52.38975188105088,-14.99877855167938,-21.53961526060557,6.540836708926189,65.83321888105752,54.71603995862829,733.1274112755003,686.6,640.0725887244997,4.864549956306434,空排,26.0
1521,2026-08-12,25.25,25.160000038146972,25.239999961853027,25.858333333333334,18465.2,68.32935736838257,55.47985198328807,-0.14255384505377577,-0.1918496240005419,0.04929577894676612,60.61590937988346,52.938461334862176,25.72839132937031,25.239999961853027,24.751608594335742,1.030111087717629,交叉混雜,53.0
1522,2026-08-12,28.54000015258789,28.225000190734864,28.285000228881835,29.928333409627278,949437.4,55.87716047321472,58.19591535278186,-0.3849113784975984,-0.5219044720788898,0.13699309358129141,53.182960149246846,48.62437840111561,29.59210635809236,28.285000228881835,26.97789409967131,0.7601193897061703,交叉混雜,6.0
1524,2026-08-12,27.15,26.675,26.539999866485594,28.735833326975506,479034.0,79.7657688186133,75.49106150317013,-0.2998126126700491,-0.5383154950130415,0.23850288234299244,65.67671184849652,51.95947800976354,27.676291469147763,26.539999866485594,25.403708263823425,2.2984165603368365,交叉混雜,27.0
1525,2026-08-12,68.14000091552734,68.27000045776367,67.74000053405761,66.88666712443033,5445.0,43.4726793944988,63.107690952918915,0.4177100868987509,0.5217525638397865,-0.10404247694103563,32.41033796752694,46.79342214757215,69.21740884357429,67.74000053405761,66.26259222454094,-0.6495386460450122,交叉混雜,66.0
1526,2026-08-12,18.649999618530273,18.349999618530273,17.67499985694885,15.577499945958456,1307679.6,47.83530096551294,46.401594310443656,0.8739343129918105,0.8504567945797715,0.023477518412038934,55.940816812078815,58.935514480264175,19.670388879475986,17.67499985694885,15.679610834421718,4.950491582423937,多排,65.0
1527,2026-08-12,32.630000305175784,32.78000030517578,33.242499923706056,33.294166819254556,124788.0,36.3320434946885,33.23856783696715,-0.2498170584913666,-0.172751201023135,-0.07706585746823161,46.63493189331139,43.37819401681163,34.45917114409352,33.242499923706056,32.025828703318595,-1.3311293905725512,空排,42.0
1528,2026-08-12,18.899999618530273,18.234999656677246,18.817499828338622,22.95499982833862,652951.8,85.59278420464125,71.73384628364316,-0.9806042131602339,-1.3334618350250647,0.3528576218648307,68.55867004472255,48.573300932672936,21.297796303898522,18.817499828338622,16.337203352778722,3.0955216979166535,交叉混雜,53.0
1529,2026-08-12,17.10999984741211,17.08499984741211,17.706753158569335,19.460361989339194,346787.8,53.5609330306217,47.88567144526105,-0.6962374682608292,-0.7296124454204926,0.03337497715966342,40.30161130356829,35.830955012291454,19.349098931308983,17.706753158569335,16.064407385829686,-3.4266743974231364,交叉混雜,14.0
1530,2026-08-12,28.06999969482422,27.814999771118163,27.868096256256102,29.526865355173747,55726.8,55.140689992898686,44.249279655878325,-0.20186376831211916,-0.344539437461061,0.14267566914894186,61.01272931896781,54.25737823540537,28.905064343168615,27.868096256256102,26.83112816934359,2.8057293727003043,交叉混雜,58.0
1531,2026-08-12,12.960000038146973,12.930000019073486,12.95750002861023,12.84166661898295,100999.2,76.28071133976216,68.90809007385127,0.004993557991603836,0.003723375294346628,0.0012701826972572085,49.476771640886895,49.92774403326287,13.12061132029469,12.95750002861023,12.79438873692577,-0.05788322846639367,交叉混雜,62.0
1532,2026-08-12,21.779999923706054,21.754999923706055,22.404999828338624,22.46249984105428,274470.8,55.36681494336712,39.36868748694877,-0.30813987259650233,-0.2582519701357545,-0.04988790246074781,51.821725015427695,44.65331189908293,23.897048672895597,22.404999828338624,20.912950983781652,-1.8076314726249925,交叉混雜,39.0
1533,2026-08-12,32.859999084472655,32.49999923706055,32.872499561309816,36.06166639328003,172952.8,57.528801570735666,61.281437758315064,-0.7972457400171962,-0.9072720898693452,0.11002634985214899,37.4344343576156,39.118227259653274,34.54408138804471,32.872499561309816,31.200917734574926,-2.349991930938949,交叉混雜,51.0
1535,2026-08-12,46.05999984741211,45.929999923706056,46.56499977111817,48.81250006357829,46601.0,46.37372332698189,40.45823740248737,-0.8373860707564091,-0.9563804063340469,0.11899433557763772,47.3990265146677,40.56267745436468,49.734941037080986,46.56499977111817,43.39505850515535,-0.9986068920491848,交叉混雜,24.0
1536,2026-08-12,51.44000015258789,49.94000015258789,49.972500038146975,50.43250001271566,1779629.6,75.67844387411853,68.27145389546908,0.16620737036034683,-0.1900201208861437,0.35622749124649056,65.28884312622918,56.64477663534851,54.37578472142169,49.972500038146975,45.56921535487226,4.057231397879461,交叉混雜,34.0
1537,2026-08-12,126.9,126.45,126.4,126.25833333333334,95329.2,59.60070128860532,48.51311958107084,0.22014210033793802,0.11909777296743584,0.10104432737050217,68.54125537327505,58.882812210816304,128.1350868323443,126.4,124.6649131676557,0.8702531645569574,多排,51.0
1539,2026-08-12,16.229999923706053,16.15,16.17250003814697,15.964166673024495,97377.4,58.03567118168881,54.90490686654368,0.08058248144073232,0.06543569078377495,0.01514679065695737,54.1835326073418,53.81433795305307,16.657512272018444,16.17250003814697,15.687487804275499,0.4792082959976832,交叉混雜,38.0
1540,2026-08-12,19.879999923706055,19.789999771118165,20.567499923706055,21.526666609446206,182941.2,50.97472286840822,48.74370502147918,-0.577654924959262,-0.545486953795268,-0.03216797116399395,40.471157617040674,39.00481372404603,22.766369861046602,20.567499923706055,18.36862998636551,-3.7316187650055075,交叉混雜,20.0
1541,2026-08-12,21.710000228881835,21.580000114440917,21.745000076293945,21.519166787465412,18649.0,52.213040284372504,52.32143441819279,-0.013237908767415263,-0.01992976463658438,0.006691855869169119,48.33572297728859,49.123879415172155,22.713394996762037,21.745000076293945,20.77660515582585,-0.6668185528419216,交叉混雜,28.0
1558,2026-08-12,94.18000030517578,92.85,92.43499946594238,91.61166648864746,122175.2,87.96828843428791,75.66228588683019,0.758206454577234,0.2110678988797718,0.5471385556974622,83.75184922369994,71.25713146134684,96.73299226949086,92.43499946594238,88.1370066623939,4.938606112871336,多排,58.0
1560,2026-08-12,691.6,670.6,670.65,693.2666666666667,1287955.6,84.93450499474397,75.69121567000863,0.275988581976776,-7.087981953449497,7.363970535426273,69.4975140158483,58.93934079686275,746.3982673069086,670.65,594.9017326930914,8.551405353015735,交叉混雜,91.0
1563,2026-08-12,60.05999984741211,57.61000022888184,59.10000019073486,61.44583326975505,2134073.4,79.29374121840237,61.45109289342502,-0.5844013318952506,-1.323785175276167,0.7393838433809163,73.76589536363116,61.28569949952423,66.22445728967011,59.10000019073486,51.97554309179961,10.490698546554201,交叉混雜,83.0
1565,2026-08-12,94.36000061035156,93.2900001525879,93.31500015258788,94.51666666666667,115338.4,84.49064211909865,68.57769667092543,-0.15755663210865123,-0.6067994458520614,0.44924281374341013,84.40110234726903,65.46295653898704,95.99064153148353,93.31500015258788,90.63935877369224,3.306008003264699,交叉混雜,16.0
1568,2026-08-12,28.5,27.844999885559083,28.424999904632568,35.230833276112875,249987.2,79.34081521841946,67.3681980245443,-1.5248193771710916,-2.0037191862355415,0.47889980906444984,59.70194404751265,45.1373423551636,31.098554703560495,28.424999904632568,25.75144510570464,1.6710632031358166,交叉混雜,72.0
1569,2026-08-12,42.449999237060545,41.34499969482422,41.75499992370605,46.6658332824707,298732.2,53.26618938683716,56.75318389051012,-1.1813381763326518,-1.5593563129234798,0.37801813659082795,45.240892795911655,43.96873626853487,46.19985481789147,41.75499992370605,37.31014502952063,-1.0896915039561097,交叉混雜,8.0
1570,2026-08-12,33.82000045776367,33.61500015258789,35.25,40.787500063578285,29457.8,42.93011160841111,35.33560491151646,-1.6535962976293206,-1.777430230208382,0.12383393257906139,41.048782113797344,35.55134129862087,39.30579483860464,35.25,31.19420516139536,-3.829782905308067,交叉混雜,63.0
1580,2026-08-12,112.3,112.15,112.775,119.80833333333334,169821.0,45.303375566629946,47.67134127038469,-2.0978537236291572,-2.4022718601260395,0.3044181364968823,29.154359086784353,29.250793106686842,115.63074213784432,112.775,109.91925786215569,-2.0172910662824255,交叉混雜,18.0
1582,2026-08-12,73.4800018310547,70.56000061035157,70.30500030517578,86.41499989827474,768553.4,91.0389513680474,79.62635969534645,-1.991289387787944,-3.693604932691184,1.7023155449032399,71.26365508250305,55.67639613387156,77.56860191045637,70.30500030517578,63.0413986998952,7.246996939886275,交叉混雜,41.0
1583,2026-08-12,49.51000061035156,49.52000007629395,49.59499988555908,50.5541664759318,12849.4,49.3414825173743,46.832513816830726,-0.10440912986594242,-0.13597639327687894,0.03156726341093652,52.86554661887786,50.25810640830103,50.34044279907015,49.59499988555908,48.84955697204801,0.11090158372162433,空排,57.0
1584,2026-08-12,17.889999771118163,17.539999961853027,18.33499994277954,19.20249999364217,560783.4,62.47176866847764,46.73781349132525,-0.45465215850761354,-0.49557488591955945,0.040922727411945914,54.05348691792825,45.044493315535696,20.48835663228125,18.33499994277954,16.18164325327783,-1.8271063202891642,交叉混雜,12.0
1586,2026-08-12,18.279999923706054,18.280000114440917,18.160000038146972,19.834178574879964,241830.4,46.717365199858435,47.10897424116883,-0.267909688053642,-0.38378409124309176,0.11587440318944975,58.08622552534368,46.68204809443493,18.478879814417304,18.160000038146972,17.84112026187664,1.0462573949539598,交叉混雜,8.0
1587,2026-08-12,24.35,24.210000038146973,24.585000038146973,27.01916659673055,134734.0,67.89498841251772,56.074808024303636,-0.6810807717533613,-0.8248041743287984,0.14372340257543703,53.320421441964115,42.74592580552396,25.862785815792805,24.585000038146973,23.30721426050114,-0.3457394265409133,交叉混雜,5.0
1590,2026-08-12,1566.0,1484.5,1427.25,1378.75,895684.0,89.68443767245671,83.7123722156302,56.55421270529746,34.681739648207426,21.872473057090033,77.75874469192662,68.82010762872129,1623.5439525035545,1427.25,1230.9560474964455,11.753371868978805,多排,85.0
1591,2026-08-12,36.16999969482422,36.65,36.575,35.28749984105428,184426.2,28.022223892219294,23.32202311221748,0.5371687730603014,0.7172253361263882,-0.18005656306608675,54.57829442844219,53.894847861326596,44.16151885239208,36.575,28.988481147607928,1.5721162703456006,交叉混雜,5.0
1593,2026-08-12,31.460000228881835,30.700000190734862,30.407499980926513,30.73750006357829,46766.2,56.383575088257565,59.46945363689345,0.24691513949858646,0.02519002741161339,0.22172511208697307,75.58888426933578,67.39012033813063,31.74924895824665,30.407499980926513,29.065751003606376,3.9217311561003845,交叉混雜,61.0
1595,2026-08-12,62.85999984741211,58.77999992370606,57.09499988555908,71.82499968210855,402568.6,81.12868358468582,72.91459197198051,-1.4335154655198465,-3.5392870058508437,2.105771540330997,73.68056829207177,58.8144364038548,68.42292985077316,57.09499988555908,45.767069920345,14.896223146701788,交叉混雜,82.0
1597,2026-08-12,146.0,134.15,130.0,148.90833333333333,2963353.4,81.33434904539313,74.59740347616449,1.3581952074045773,-2.8522491818530002,4.210444389257578,72.90919458524233,61.14932894020367,155.6761203824644,130.0,104.3238796175356,14.615384615384617,交叉混雜,86.0
1598,2026-08-12,20.370000076293945,20.25,20.095000076293946,20.04583346048991,219804.2,62.73673523717238,51.09015977337013,0.18514739316048434,0.11692323203370547,0.06822416112677887,65.2783783082216,59.48778585653141,20.777024868835195,20.095000076293946,19.412975283752697,2.5130644601068153,多排,48.0
1599,2026-08-12,23.769999694824218,23.839999771118165,23.63499994277954,23.53500000635783,17606.8,32.05998160985127,38.622033835089034,0.09075456403664361,0.0922363431941757,-0.0014817791575320871,51.30501224264397,52.34458128728533,24.700289262680364,23.63499994277954,22.569710622878716,0.6981142148528485,交叉混雜,25.0
1603,2026-08-12,29.200000381469728,29.065000343322755,28.989999961853027,30.757499917348227,268851.2,83.25125693000516,76.94215926254071,-0.37126801991758285,-0.5660056811027568,0.194737661185174,72.33684879850254,55.78691403232413,29.873533612745817,28.989999961853027,28.106466310960236,3.311489487235804,交叉混雜,14.0
1604,2026-08-12,23.170000076293945,23.214999961853028,23.282499980926513,23.316666698455812,133703.2,30.916447652640947,33.128675967874656,-0.05446465057398697,-0.04062819264297109,-0.013836457931015886,41.89735219988693,44.46532553173935,23.610612846489417,23.282499980926513,22.95438711536361,-0.5690985182209233,空排,43.0
1605,2026-08-12,37.01999969482422,34.65499973297119,33.56249990463257,35.850000095367434,49611402.2,88.7156829767256,80.34895214770978,0.740697800412498,-0.2650535700263895,1.0057513704388876,84.40928584110466,70.4900743298956,39.18350103973415,33.56249990463257,27.941498769530984,19.180633485763906,交叉混雜,78.0
1608,2026-08-12,35.900000762939456,33.460000610351564,31.97000026702881,33.525833447774254,11105696.8,88.4192540957572,80.70694627363328,0.8869625272540702,-0.060085478602582176,0.9470480058566524,84.14610571399713,71.76531505825832,38.0424927362296,31.97000026702881,25.89750779782802,18.705037366164547,交叉混雜,72.0
1609,2026-08-12,36.960000610351564,35.695000076293944,36.119999694824216,37.46083323160807,5300463.2,71.97424702590352,62.448836937762486,-0.248374769436424,-0.578572182184982,0.33019741274855796,71.85686533013818,56.794013351665626,39.48927262581729,36.119999694824216,32.75072676383114,4.374310856767925,交叉混雜,53.0
1611,2026-08-12,11.889999961853027,11.825,11.954999923706055,12.599999984105429,355647.2,69.12975609428192,63.788800931467264,-0.22869508361535296,-0.271368405236026,0.042673321620673055,54.18534461478903,44.38562730007805,12.527068870620901,11.954999923706055,11.382930976791208,-0.04182446234067337,交叉混雜,47.0
1612,2026-08-12,32.840000534057616,31.575000381469728,31.30000009536743,34.84749981562297,1948654.4,85.42375800705311,73.36025526232373,-0.2480747878143319,-0.9041912760850987,0.6561164882707669,88.75727655890528,70.2194868937534,33.833357046780286,31.30000009536743,28.766643143954575,10.702879937074806,交叉混雜,35.0
1614,2026-08-12,30.940000152587892,31.030000114440917,31.1,31.6075000445048,51365.0,28.043149054172787,32.76882500809241,-0.21190098546188096,-0.19866834712022524,-0.013232638341655723,35.6191413470122,39.55591228942727,31.443357702657988,31.1,30.756642297342015,-0.9646326782619117,空排,29.0
1615,2026-08-12,42.71999969482422,42.35999984741211,43.14009895324707,43.95924059549967,228211.4,60.31869461289883,47.701081129592154,-0.4675268948558724,-0.6281031778548108,0.16057628299893845,83.72654136405197,65.02442162892574,46.435564612516025,43.14009895324707,39.84463329397811,3.847696978192815,交叉混雜,46.0
1616,2026-08-12,19.720000076293946,19.28499984741211,19.432499885559082,21.332499917348226,311441.4,80.81054130094176,71.72882198595656,-0.44717611161193815,-0.646375131518235,0.19919901990629685,64.66435319473074,50.182519946964256,20.78713115690634,19.432499885559082,18.077868614211823,2.405762180493337,交叉混雜,5.0
1617,2026-08-12,18.710000228881835,17.86500015258789,18.567500019073485,18.440000041325888,869640.2,72.75588168770875,61.00463988042623,-0.37228487461912607,-0.4895474968424214,0.11726262222329531,61.78275959569534,51.250280528894365,22.332752939176046,18.567500019073485,14.802247098970923,2.3293387934952414,交叉混雜,77.0
1618,2026-08-12,39.939999389648435,39.01999931335449,38.54999961853027,40.34833323160807,988579.6,88.98667503424221,79.53727068395185,0.13787037037140237,-0.3316762647148925,0.46954663508629485,80.45863059019004,65.53495669252865,40.983752847339545,38.54999961853027,36.116246389721,7.263291526065059,交叉混雜,40.0
1623,2026-08-12,209.7,210.65,214.925,221.10833333333332,77458.4,42.41350902679508,36.00329454227463,-3.3001128024422997,-3.0049582740217753,-0.29515452842052436,53.77928378981444,47.08229169880805,226.81163557374882,214.925,203.0383644262512,-0.8956612771897225,空排,37.0
1626,2026-08-12,9.597999954223633,9.667000007629394,9.855500078201294,10.146666669845581,58838.8,14.832811051259348,18.733709749012746,-0.21091641242681902,-0.18777897408700972,-0.023137438339809302,29.56922707367771,34.9899392586389,10.308953701849745,9.855500078201294,9.402046454552842,-3.2012593358514536,空排,19.0
1702,2026-08-12,33.33999938964844,33.46999969482422,33.54249992370605,32.518333212534586,125697.4,22.321313202206454,28.68716159570295,0.13919266669816466,0.22917086493693378,-0.08997819823876912,39.69663806871229,48.158544357993335,34.15231120398277,33.54249992370605,32.93268864342934,-1.0210901439833946,交叉混雜,29.0
1707,2026-08-12,89.3,89.56999969482422,90.42000007629395,95.38333320617676,275092.0,29.83602996354827,28.411932478795638,-1.3677639453547243,-1.5716550859075349,0.20389114055281055,40.439518919824856,39.46356642805275,92.76372642485845,90.42000007629395,88.07627372772944,-1.5704490987566773,空排,6.0
1708,2026-08-12,49.4,48.98499984741211,50.714999961853025,49.43416659037272,2127349.6,56.58902454506065,49.88199733214276,-0.928527418176678,-0.7288635844544231,-0.19966383372225494,44.51443993194115,43.7282121417359,55.78774482165642,50.714999961853025,45.64225510204963,-2.790102979112329,交叉混雜,85.0
1709,2026-08-12,27.629999542236327,25.814999961853026,26.07750005722046,23.08999999364217,5367325.2,79.27167734190292,66.52950475729244,0.8924514596674022,0.7275147341051353,0.1649367255622669,70.91118316213667,63.88533141322219,29.65807253210513,26.07750005722046,22.496927582335786,7.372255540450976,交叉混雜,89.0
1710,2026-08-12,14.539999961853027,13.90999984741211,14.854999828338624,14.8883331934611,5227631.2,81.62715267553958,62.276060635720555,-0.30687954554950103,-0.3982305111959443,0.0913509656464433,69.30984509048734,54.47316863614114,17.93855552207804,14.854999828338624,11.771444134599205,2.6590385474649505,交叉混雜,77.0
1711,2026-08-12,37.04999923706055,34.84499969482422,35.84000034332276,42.55416666666667,5868046.8,83.50340742794113,72.09926525256303,-1.3483107752638048,-2.2919047531198005,0.9435939778559956,71.92892585937777,56.644571223368224,42.5741709983652,35.84000034332276,29.105829688280316,9.514507879497133,交叉混雜,89.0
1712,2026-08-12,39.09000015258789,39.070000076293944,39.229999732971194,39.385833422342934,769158.6,42.08611602842143,37.06944849993175,-0.12462411753848812,-0.14810324926819624,0.023479131729708114,48.85693505479229,47.658562863678746,39.995986695111185,39.229999732971194,38.464012770831204,-0.33138225780011876,交叉混雜,32.0
1713,2026-08-12,44.45,45.364999771118164,46.53750019073486,48.23999996185303,288648.6,36.921058269085016,24.390177438780857,-0.9650799194143431,-0.8521429104487923,-0.11293700896555081,55.616661287611926,46.7021907514166,49.55444858927493,46.53750019073486,43.520551792194794,-1.1549829460798395,空排,38.0
1714,2026-08-12,16.529999923706054,15.195000076293946,15.05,15.188833332061767,29950325.2,85.2650508508916,72.27443888334581,0.06506889376496794,-0.30359410513804375,0.3686629989030117,77.24465801692004,62.632809841474554,17.606518919116205,15.05,12.493481080883798,15.61461540551676,交叉混雜,94.0
1717,2026-08-12,70.57999877929687,66.02999954223633,63.984999656677246,71.58697032928467,17777213.8,91.9064785918051,83.08004147883972,0.36122941544041964,-1.8154517172240263,2.176681132664446,88.3118794508543,70.93209939961848,75.40765031226823,63.984999656677246,52.562349001086254,22.841289201942942,交叉混雜,89.0
1718,2026-08-12,10.351999855041504,9.870999908447265,10.854499912261963,10.483999911944071,38698350.8,72.44030300602935,54.47458900675852,-0.4254067242362627,-0.44726738397048393,0.021860659734221244,68.60705136568842,53.88444076156705,14.223563288929387,10.854499912261963,7.485436535594537,3.1830107309953046,交叉混雜,91.0
1720,2026-08-12,56.560000610351565,56.69000053405762,57.10454540252685,57.107574971516925,383513.0,30.762709983970694,33.9905607812572,-0.26327681584753293,-0.1827331329088427,-0.08054368293869024,43.24749553937841,44.06719648406165,58.53673524855595,57.10454540252685,55.672355556497756,-1.058664241638638,空排,60.0
1721,2026-08-12,20.00999984741211,19.745000076293945,20.249999904632567,23.870833269755046,649733.4,63.36104067843687,57.116959581197364,-0.9564189623418144,-1.1605318576184036,0.20411289527658916,51.904079864353285,45.36912808457389,22.343347415564917,20.249999904632567,18.156652393700217,-0.24690934285720947,交叉混雜,71.0
1722,2026-08-12,45.789999389648436,45.64499931335449,46.12249946594238,47.04749972025554,2399554.2,57.98147496685253,40.81293048573448,-0.41518610794387456,-0.483456373716224,0.06827026577234946,58.58532966410269,47.9421306626589,47.58590354960076,46.12249946594238,44.65909538228401,-0.04878528284856758,交叉混雜,39.0
1723,2026-08-12,84.9000015258789,84.05000076293945,85.51000022888184,84.76833356221518,382431.0,60.25816541826123,53.00409880838848,-0.14462041544592807,-0.166392238160058,0.021771822714129918,50.78155452267207,49.805788876362904,90.44362069178601,85.51000022888184,80.57637976597766,-0.8303089407362848,交叉混雜,60.0
1725,2026-08-12,30.5,30.05,29.747500038146974,31.964999961853028,42258.4,73.7881919235627,73.1848137470518,-0.35286106568262454,-0.6574024598802191,0.3045413941975945,67.27395526936715,54.031941753225844,30.97244891210561,29.747500038146974,28.52255116418834,3.8742737336091473,交叉混雜,61.0
1726,2026-08-12,77.30000152587891,77.35000076293946,77.46000022888184,77.93833338419596,23271.2,46.84664731626977,42.52197638674137,-0.2151052810574896,-0.24729150617120016,0.032186225113710554,54.97091330048429,49.40334868866081,80.20640405276289,77.46000022888184,74.71359640500079,0.05163926026332085,空排,55.0
1727,2026-08-12,75.91999969482421,72.68000068664551,75.32500057220459,86.85000031789144,1939738.4,77.26421299499626,65.99277215712677,-2.864793597544974,-4.067718443182892,1.2029248456379182,66.3423773456404,52.94332263725196,88.11741213757487,75.32500057220459,62.5325890068343,5.277135677872171,交叉混雜,91.0
1730,2026-08-12,51.44000091552734,51.310000610351565,51.33000030517578,52.163333320617674,36904.4,69.39301363443411,61.3692273036325,-0.14721914472216469,-0.2374704986000507,0.09025135387788602,72.25534618703108,54.08665019963185,51.69186652746418,51.33000030517578,50.96813408288738,0.5260046120009259,交叉混雜,44.0
1731,2026-08-12,21.020000076293947,20.760000038146973,20.682499980926515,21.11166664759318,394994.2,46.73387459569596,46.80960663787654,0.006856795975068053,-0.08106086108859394,0.08791765706366199,60.684327676033114,56.74539936900021,21.118118202990896,20.682499980926515,20.246881758862134,1.2933677372640073,交叉混雜,41.0
1732,2026-08-12,26.710000228881835,26.580000114440917,26.722500133514405,26.5166667620341,266567.0,40.23001925627243,40.83868982429084,0.012392647944786006,0.05326872761198897,-0.04087607966720296,46.12418104245995,48.06179608311234,27.762983524825746,26.722500133514405,25.682016742203064,-0.8326321728981986,交叉混雜,41.0
1733,2026-08-12,31.250000381469725,31.58000030517578,31.67000017166138,30.406666660308836,233334.0,38.71058938704088,44.4954214353816,0.1787890213109442,0.39049020426773423,-0.21170118295679002,29.14401927284669,42.03012379133001,32.62828827543353,31.67000017166138,30.711712067889223,-3.06283360740203,交叉混雜,58.0
1734,2026-08-12,31.729999923706053,31.72000026702881,31.40504722595215,30.52023566563924,162102.2,53.62544641542475,58.995213666060366,0.2682605566914731,0.2976253897518611,-0.029364833060388007,53.32067616399388,57.48418690819509,32.415272999768234,31.40504722595215,30.394821452136064,0.9391915091392176,多排,65.0
1735,2026-08-12,20.479999923706053,19.954999923706055,19.892499923706055,22.352499993642173,114186.6,80.40086140790883,73.94545522880429,-0.38054330498460587,-0.646029888789396,0.2654865838047902,63.20250913279617,52.37262740918068,21.368367100868127,19.892499923706055,18.416632746543982,3.8079663075504158,交叉混雜,67.0
1736,2026-08-12,140.6,134.05,133.75,125.15833333333333,1715281.0,70.64530086366793,63.1180691786915,3.2626426819585674,2.4698584752976687,0.7927842066608988,54.534286749869004,54.9007979086628,146.2799640861442,133.75,121.22003591385582,3.925233644859813,多排,54.0
1737,2026-08-12,31.929999923706056,31.999999809265137,32.01500015258789,31.837499968210857,217448.2,28.47145058200396,29.85094232163044,0.01226614113829072,0.03841120682249253,-0.02614506568420181,52.25260027286179,51.042721030289485,32.26442105813908,32.01500015258789,31.765579247036698,-0.046853514029033254,交叉混雜,52.0
1742,2026-08-12,17.829999923706055,17.854999923706053,17.032499885559083,15.90916665395101,82022.2,68.7724141414376,71.97053784490927,0.5997316578143881,0.5584210426322584,0.04131061518212964,53.29516480014649,61.18269477698684,18.889570510095172,17.032499885559083,15.175429261022995,3.6254204439756603,交叉混雜,74.0
1752,2026-08-12,31.999999237060546,31.82999954223633,31.749999713897704,32.338333193461104,45825.8,79.41572369355296,70.31580602575806,-0.05708929730210599,-0.15037289848743918,0.09328360118533319,65.89438763083594,55.66151538337627,32.112737285233536,31.749999713897704,31.38726214256187,1.1023583098496434,交叉混雜,30.0
1760,2026-08-12,59.05999908447266,58.9299991607666,59.8149995803833,60.70166670481364,102084.2,39.331927705083416,34.59137344379522,-0.637153623492793,-0.6186998334449894,-0.018453790047803675,39.067450681792685,41.203647066119025,62.141302628083025,59.8149995803833,57.488696532683576,-1.6968993570897384,交叉混雜,27.0
1762,2026-08-12,35.279999542236325,33.779999542236325,34.15999984741211,36.770833269755045,399992.2,71.05093409453445,59.822746042567886,-0.3690784830603633,-0.8076284588968581,0.4385499758364948,61.57849094916468,54.07495888139829,37.43536217707978,34.15999984741211,30.88463751774444,3.7763493011990503,交叉混雜,73.0
1773,2026-08-12,159.6,155.85,160.65,171.50833333333333,551434.8,75.01012238041417,63.331384019089526,-3.4860247934942095,-4.509584841798558,1.0235600483043488,57.78070293806026,48.90662065429607,178.69993074778844,160.65,142.60006925221157,0.21786492374727315,交叉混雜,63.0
1776,2026-08-12,17.029999923706054,16.880000114440918,17.2375,18.35333334604899,67205.6,67.69817252520036,55.17415749346732,-0.4408492094412999,-0.5058703854359871,0.06502117599468715,63.71683673998416,44.180599892527844,18.342929072917975,17.2375,16.132070927082026,0.07251631617113438,交叉混雜,60.0
1777,2026-08-12,74.64000091552734,73.39000015258789,72.85500030517578,72.52333348592123,36496.2,85.79259276855757,81.26554038225609,0.4625699733387023,0.18518589775246463,0.2773840755862377,75.48028971569838,66.10073662236127,75.10512416245074,72.85500030517578,70.60487644790082,2.5324228060367417,多排,54.0
1780,2026-08-12,23.079999923706055,23.36999969482422,23.23499975204468,26.716666603088377,85482.2,54.80230931511625,58.727331975291534,-0.5779055207079189,-0.7055665650670915,0.12766104435917258,39.4262020836142,38.81418569590838,24.333371508492363,23.23499975204468,22.136627995596996,-0.7962148351985769,交叉混雜,52.0
1781,2026-08-12,11.210000038146973,11.345000076293946,11.500000143051148,11.596666717529297,26222.6,31.614152689427293,44.17979721259748,-0.15714623901461877,-0.10492821183489678,-0.05221802717972199,24.32850476276259,33.30769790382327,12.06288765776723,11.500000143051148,10.937112628335065,-4.347827276795922,空排,32.0
1783,2026-08-12,40.50999984741211,40.26999969482422,40.257500076293944,39.52999998728434,100730.6,60.206631331597706,61.535834577381166,0.19213743377984827,0.1880399227124205,0.004097511067427756,49.994303657778595,52.07691609714694,41.01995811518463,40.257500076293944,39.49504203740326,0.22976686990461814,多排,43.0
1784,2026-08-12,61.04000015258789,59.29999961853027,59.6649995803833,64.96000003814697,95311.0,82.11102201919928,73.03169464366252,-1.1968304403294496,-1.9146069453397883,0.7177765050103386,71.18372939319131,53.39090234920782,63.58969892703813,59.6649995803833,55.740300233728476,3.578311693107245,交叉混雜,5.0
1785,2026-08-12,112.3,108.03000030517578,107.23500022888183,130.82000007629395,8547435.0,65.52075221309116,70.308127778623,-5.027300438127099,-6.917681897535158,1.8903814594080588,42.578333475098006,42.725417207539905,120.83086174003958,107.23500022888183,93.63913871772408,-0.685410758906187,交叉混雜,84.0
1786,2026-08-12,50.80999984741211,50.18500022888183,50.275000190734865,53.34333330790202,150361.6,74.4943338739352,64.9610144799363,-0.5895943115691011,-0.9772108704729753,0.38761655890387414,64.69012119552195,53.61345269207339,52.25077454494702,50.275000190734865,48.29922583652271,2.635501299571177,交叉混雜,5.0
1788,2026-08-12,130.3,130.15,130.025,131.55,22140.8,58.78801251813461,63.91334032746919,-0.11253648862799537,-0.24447866329080853,0.13194217466281316,44.07055860192388,46.982170546196784,130.78415465451502,130.025,129.265845345485,-0.019227071716981875,交叉混雜,38.0
1789,2026-08-12,18.829999923706055,19.00999984741211,19.404999923706054,19.899166552225747,729812.4,36.867168306549516,33.67879642962943,-0.35928340935267755,-0.3193142494673712,-0.03996915988530636,40.34793428599813,40.38228513238383,20.42578391015796,19.404999923706054,18.384215937254147,-2.8600852585333643,空排,45.0
1795,2026-08-12,189.5,185.85,186.3,192.89166666666668,1043885.6,77.56889904798479,72.24160396239988,-1.4589046921224451,-2.656561877670656,1.197657185548211,52.82486239956223,49.862840349129314,199.42450500320214,186.3,173.17549499679788,1.1808910359634934,交叉混雜,8.0
1799,2026-08-12,31.320000076293944,31.68000011444092,32.807499980926515,32.65666681925456,192428.2,6.343930967231769,9.336045869696774,-0.5698795764916902,-0.22846872179652528,-0.3414108546951649,28.21009171983475,38.459994862797124,36.84851002734643,32.807499980926515,28.766489934506602,-8.100283057048687,交叉混雜,9.0
1802,2026-08-12,55.17999954223633,51.79499969482422,52.46249961853027,62.857500139872236,28848675.6,83.10717668673365,72.22374723643922,-1.9412351588211934,-3.3595548220686946,1.4183196632475012,70.51892710421473,55.459410454992124,61.95465016137395,52.46249961853027,42.9703490756866,9.792706967733206,交叉混雜,88.0
1805,2026-08-12,10.001999855041504,9.950999927520751,10.010999917984009,10.208333349227905,61432.4,89.07097507909526,81.4694526096311,-0.060474080725322565,-0.08171063687038227,0.021236556145059704,58.453488299093294,51.01968509093496,10.301907783638471,10.010999917984009,9.720092052329546,0.3895741990846832,交叉混雜,28.0
1806,2026-08-12,7.991999912261963,7.99299988746643,8.102999949455262,8.160833303133646,128862.8,25.72248920958674,25.354462146303863,-0.07155443459671673,-0.0629311886617864,-0.00862324593493033,36.28130870806247,38.89804498314027,8.392398609855391,8.102999949455262,7.813601289055132,-1.6413693705200179,空排,28.0
1808,2026-08-12,32.68999977111817,32.685000038146974,32.322499942779544,31.060833390553793,1484338.8,58.28402661038331,61.342099547165674,0.4619882473579082,0.4592757636731639,0.0027124836847443046,54.14691872469853,55.86824628114808,33.36045038101518,32.322499942779544,31.284549504543907,1.3226082697107546,多排,50.0
1809,2026-08-12,39.880000305175784,37.275,37.57000017166138,45.85333350499471,3245336.4,78.46011578990661,71.08005498479389,-1.4768422160009678,-2.5785778995006745,1.1017356834997067,60.74778062349249,52.065332254066604,44.75568741803678,37.57000017166138,30.384312925285975,8.331116787268476,交叉混雜,91.0
1810,2026-08-12,24.55,24.429999923706056,26.414999961853027,23.074166679382323,4274032.2,39.774715530223325,37.29765170524239,-0.06986720577006622,0.34173187352701406,-0.4115990792970803,37.94606095662286,45.26270742714854,32.31906670441291,26.414999961853027,20.510933219293143,-8.385384070082697,交叉混雜,81.0
1813,2026-08-12,11.469999885559082,11.53499984741211,11.677499914169312,11.874999936421712,20511.2,42.30518173028453,43.74179661914061,-0.13231652895895962,-0.1152006435960942,-0.01711588536286543,34.18960952596059,36.91445035315064,12.0998678918054,11.677499914169312,11.255131936533223,-1.948191878195861,空排,21.0
1815,2026-08-12,88.1,80.40000038146972,78.51000022888184,93.1466667175293,26169039.8,82.42163287333013,73.95997916387532,-0.989642607137128,-3.9075717117199287,2.9179291045828006,73.38880266553284,59.06198895613753,96.4980537690717,78.51000022888184,60.521946688691976,14.635077999772166,交叉混雜,71.0
1817,2026-08-12,38.6,38.535000228881835,38.57000026702881,39.12416667938233,84765.8,43.93713252319306,34.49940302538769,-0.0692748044909024,-0.16242056416383374,0.09314575967293134,85.84395385849746,70.35863728595463,39.09954820983269,38.57000026702881,38.04045232422493,2.411199705814343,交叉混雜,54.0
1903,2026-08-12,47.25999984741211,47.18499984741211,47.90750007629394,48.21416670481364,90211.4,48.34312452741477,42.088404253069015,-0.3284493534432755,-0.27480089688235315,-0.053648456560922375,54.12104849344564,47.16148598224801,49.48506541590772,47.90750007629394,46.329934736680165,-0.7462314641007487,交叉混雜,31.0
1904,2026-08-12,23.789999771118165,22.489999961853027,22.030000019073487,21.7258331934611,5036223.8,89.75816340339136,76.10680446218883,0.5464962417694963,0.13816349292983987,0.4083327488396564,90.79975733545967,77.64065133372077,24.46492124689447,22.030000019073487,19.595078791252504,14.162503843647315,多排,82.0
1905,2026-08-12,13.469999885559082,13.164999866485596,13.517499971389771,14.141666682561238,1935547.2,76.87814750274133,62.473147114509274,-0.37251663261026735,-0.45633079243641234,0.08381415982614498,63.915916921041735,49.936871967154495,14.762394919226178,13.517499971389771,12.272605023553364,1.7199928174760324,交叉混雜,69.0
1906,2026-08-12,11.240000152587891,11.140000057220458,11.07249994277954,11.05,181034.6,74.57560990595853,66.80083763651304,0.06264537637254186,-0.014272225515053466,0.07691760188759533,88.188063424416,75.30741737367435,11.58495045059396,11.07249994277954,10.560049434965121,9.27975113118178,多排,61.0
1907,2026-08-12,30.49000015258789,29.88999996185303,29.01249990463257,27.277500057220458,2077149.2,72.7398437223866,78.3807860221672,0.7905892999259905,0.6822100043936041,0.10837929553238634,61.3460238516797,64.86396914859831,31.075424817894824,29.01249990463257,26.949574991370316,3.9207228526903797,多排,76.0
2002,2026-08-12,19.439999771118163,19.170000076293945,19.039999961853027,18.93166666030884,61318612.8,78.35042729767328,65.56351521544673,0.18025779211318493,0.08555167124421093,0.09470612086897401,87.92780636827835,73.08124068255275,19.70538477632312,19.039999961853027,18.374615147382936,3.7289918044615025,多排,57.0
2006,2026-08-12,85.98000030517578,81.92000045776368,76.76500015258789,71.03166669209799,5584655.8,79.73867672813955,85.41036069643975,4.159287015501434,3.1921386432299896,0.9671483722714442,59.15272870100807,64.41945922371802,89.54265795647711,76.76500015258789,63.98734234869866,9.164336462171898,多排,79.0
2007,2026-08-12,7.094000053405762,7.059000062942505,7.091000008583069,7.280666629473369,227485.0,56.69362964841436,49.32708325844186,-0.046667519800267954,-0.06213724812667346,0.015469728326405509,47.378802814468486,46.24898848514405,7.24177335327999,7.091000008583069,6.940226663886147,-0.29614774920706743,交叉混雜,35.0
2008,2026-08-12,30.829999923706055,30.879999923706055,30.872499847412108,30.119166501363118,18868.8,28.77454912475865,40.08901720019959,0.14186764265311425,0.19453200059422665,-0.052664357941112405,42.33988487680395,47.84459769309762,31.427358800657327,30.872499847412108,30.31764089416689,-1.0446209796599764,交叉混雜,69.0
2009,2026-08-12,40.02000045776367,38.204999923706055,37.64749984741211,38.900833193461104,4335872.2,76.96831257302092,66.31482113658956,0.4661751387327513,-0.11893066650319173,0.585105805235943,81.27150388492146,68.14855567161936,41.26943297771481,37.64749984741211,34.025566717109406,9.834646767289906,交叉混雜,53.0
2010,2026-08-12,22.750000381469725,21.89000015258789,21.47500009536743,22.61500015258789,2834892.4,82.4368055970747,75.45202388187116,0.15275489916799856,-0.18019336020409898,0.33294825937209754,73.25372592639675,65.83178728113283,23.146904352357595,21.47500009536743,19.803095838377267,6.8684547661082815,交叉混雜,64.0
2012,2026-08-12,15.119999885559082,15.329999923706055,15.524999952316284,15.232500028610229,58876.6,20.034199205209255,23.04654752119386,-0.12766141331450953,-0.03894428879837275,-0.08871712451613678,30.563988685977208,38.577732015188865,16.13758728503857,15.524999952316284,14.912412619593997,-3.3816422153222314,交叉混雜,32.0
2013,2026-08-12,41.24000015258789,40.929999923706056,40.92749996185303,42.02750021616618,143329.2,54.44773888872251,52.469829197245026,-0.16278127458005542,-0.31753460477067774,0.15475333019062232,69.87504987157831,55.2388512027751,41.55617874435107,40.92749996185303,40.29882117935499,1.276649689263762,交叉混雜,45.0
2014,2026-08-12,17.570000076293944,17.135000228881836,17.135000133514403,17.515833441416422,4854340.8,66.6280994736072,58.89855422803231,0.03569613583453446,-0.0751025040294059,0.11079863986394035,56.34828282932281,54.46229003921528,17.91170029097932,17.135000133514403,16.358299976049487,1.838346232685108,交叉混雜,55.0
2015,2026-08-12,64.96000061035156,64.92000007629395,64.48000011444091,62.85000019073486,270235.4,40.61008511000517,48.58876636693661,0.5219379325862974,0.656455373883899,-0.13451744129760157,37.09223827656122,45.96734760108669,66.4911271895484,64.48000011444091,62.46887303933343,-1.51985129141064,多排,47.0
2017,2026-08-12,8.963999938964843,8.816999912261963,8.869499921798706,9.077666632334392,491247.6,60.332077434683626,56.68219833586376,-0.049490773297371504,-0.07838045475008619,0.028889681452714686,50.64277872682377,48.957280808927244,9.180117367995367,8.869499921798706,8.558882475602045,0.23113390500927397,交叉混雜,48.0
2020,2026-08-12,21.35999984741211,21.23000011444092,21.23000020980835,21.407500139872234,399870.8,49.620374819563885,54.31508998748781,-0.039021420607962654,-0.06663862884603795,0.0276172082380753,44.51314768002759,46.4122927298177,21.6033206717125,21.23000020980835,20.8566797479042,-0.37682802867385207,交叉混雜,31.0
2022,2026-08-12,7.775999927520752,7.671999979019165,7.692000007629394,7.793499978383382,519982.2,73.66794412451915,68.61641230158091,-0.019392645168731626,-0.0504295073186466,0.031036862149914975,64.26892892617752,55.98760945875302,7.924206769538224,7.692000007629394,7.459793245720564,1.7940706700439912,交叉混雜,42.0
2023,2026-08-12,13.820000076293946,13.739999866485595,13.754999923706055,13.771666526794434,719853.2,64.09538656631811,54.540359905142324,0.0012956882565937633,-0.010687944687463636,0.0119836329440574,52.86192238337471,51.28408075352942,13.972401030917556,13.754999923706055,13.537598816494555,0.3271557054046374,交叉混雜,36.0
2024,2026-08-12,13.530000114440918,13.535000133514405,13.697500133514405,13.917500066757203,16472.2,28.399015979106245,29.449355637416872,-0.11516955706705545,-0.09654091297455827,-0.018628644092497176,35.62010745360094,40.2179456342461,14.162569380205312,13.697500133514405,13.232430886823497,-2.901988968096135,空排,23.0
2025,2026-08-12,12.479999923706055,12.239999866485595,11.987499904632568,12.669999980926514,867697.8,70.01714552094083,61.74810874371036,0.017712717420696578,-0.1216325494260346,0.13934526684673118,64.65623613930394,56.88587619921318,12.848267572674281,11.987499904632568,11.126732236590854,5.526587855418317,交叉混雜,64.0
2027,2026-08-12,46.65999908447266,45.32499961853027,43.910000038146975,42.3841667175293,19866028.0,81.60398911903563,79.02397879015203,1.4074544747042808,1.0762172344089762,0.33123724029530455,69.52373301663508,66.33741087432622,48.08052184630172,43.910000038146975,39.73947822999223,6.69550998273738,多排,75.0
2028,2026-08-12,15.489999961853027,15.38499994277954,15.490000009536743,16.20666675567627,140101.0,60.97733276609517,52.674256684367464,-0.15828980319117036,-0.21378338936209312,0.05549358617092276,51.58537295749454,47.46542961256382,15.866409721903086,15.490000009536743,15.1135902971704,0.06455771760555283,交叉混雜,24.0
2029,2026-08-12,21.020000457763672,20.765000343322754,20.697500133514403,20.68666674296061,373800.6,89.22192078270552,77.874770454159,0.11109693257460762,0.014913877161362695,0.09618305541324493,81.10765420014883,68.67390056090136,21.293517640816884,20.697500133514403,20.101482626211922,3.6357078128800904,多排,52.0
2030,2026-08-12,19.940000152587892,18.49000015258789,17.917499923706053,18.228333282470704,5177943.8,87.1257383748933,76.5557695675694,0.6015150883343559,0.07442173920560283,0.527093349128753,95.26747148206731,83.92469293386256,20.761010476766927,17.917499923706053,15.073989370645181,20.27347190635929,交叉混雜,81.0
2031,2026-08-12,44.779999542236325,41.64499969482422,40.75999984741211,39.913333066304524,4894804.6,79.84357762866998,70.93508824758173,1.428677729090694,0.6453779461858038,0.7832997829048902,73.45603780596205,70.03411491821306,46.14532062734117,40.75999984741211,35.37467906748305,11.261036908468993,多排,71.0
2032,2026-08-12,17.270000076293947,16.41500005722046,16.157499933242796,16.880833260218303,1456311.6,74.45611504529357,68.12151248130455,0.16999748493318734,-0.08258755363368107,0.2525850385668684,69.13526737271577,63.033367628906966,17.61975314787523,16.157499933242796,14.695246718610365,7.3804762689396854,交叉混雜,65.0
2033,2026-08-12,18.920000076293945,17.180000019073486,16.125,15.895833269755046,1525813.2,98.01459066793976,93.44469737659955,1.044555709123557,0.3321777350872256,0.7123779740363315,96.29783749803826,89.12646933886833,20.145277512034728,16.125,12.104722487965272,36.434108527131784,多排,84.0
2034,2026-08-12,20.000000381469725,19.30500011444092,19.335000038146973,19.994999917348228,2401080.2,80.52327965481858,67.60226166863043,-0.016703341969584784,-0.23038078802323575,0.21367744605365097,69.91295347495222,60.55922282386782,20.686451813350303,19.335000038146973,17.983548262943643,4.473756002512945,交叉混雜,45.0
2038,2026-08-12,12.879999923706055,12.530000019073487,12.57249994277954,13.25666667620341,558481.0,67.8753222301491,60.25718261653191,-0.09430082338937851,-0.2029425843390231,0.10864176094964459,56.10224310899872,51.56591476264652,13.22500514293174,12.57249994277954,11.91999474262734,1.8095068521831865,交叉混雜,21.0
2049,2026-08-12,374.6,348.95,329.95,341.8333333333333,9716009.0,77.94345192589623,76.91486741963763,12.022434057150065,4.3045719012428645,7.7178621559072,63.096178112209124,60.79479822300873,394.3221907920512,329.95,265.5778092079488,11.835126534323386,交叉混雜,82.0
2059,2026-08-12,11495.0,10006.5,8963.25,7414.416666666667,540714.4,92.15749203814639,87.87463243474572,1107.6562694445693,693.8273382731302,413.8289311714391,82.92575506803712,77.66453023297434,12305.353458350108,8963.25,5621.146541649892,34.38206007865451,多排,98.0
2061,2026-08-12,59.9,56.820000076293944,55.53999996185303,52.591666316986085,2831260.6,74.56881264092993,64.09950429908598,0.5844669216949541,-0.1421634728826363,0.7266303945775904,67.61725343047976,58.0516666723262,63.343211327761416,55.53999996185303,47.73678859594464,12.531508899761187,多排,98.0
2062,2026-08-12,18.700000381469728,18.755000114440918,18.772500228881835,18.904166762034098,127344.6,43.52105347735648,50.94399459364584,-0.08376112535172808,-0.09564219741269857,0.011881072060970485,46.12618624130428,46.34798215692644,19.23416187049884,18.772500228881835,18.31083858726483,-0.3862003731971746,空排,22.0
2063,2026-08-12,24.260000228881836,23.980000305175782,24.007500171661377,24.48000014623006,26286.0,68.97784777996544,62.44456760511878,-0.018308256041908777,-0.11596960026598392,0.09766134422407514,54.705301449394824,53.006280725322334,24.556446623384826,24.007500171661377,23.458553719937928,0.8018352177512644,交叉混雜,30.0
2064,2026-08-12,12.030000114440918,11.859999942779542,12.302499961853027,13.32833326657613,15374.4,58.105974073026154,37.77998921750475,-0.3395300808383901,-0.4031940835597344,0.06366400272134431,56.48978783281939,46.46580440460243,13.385126019671988,12.302499961853027,11.219873904034065,-0.42674222325393923,交叉混雜,38.0
2065,2026-08-12,34.90999984741211,33.20500011444092,32.53000011444092,33.454166666666666,206820.8,82.42892021531006,75.05789725432716,0.6911816002485622,0.04082452669641254,0.6503570735521497,76.5697800720581,73.51321193145107,36.040045853169985,32.53000011444092,29.019954375711848,12.050416952683458,交叉混雜,68.0
2066,2026-08-12,62.51999969482422,60.95999984741211,61.79999980926514,62.68999989827474,131672.6,65.56799239575247,63.96893446820853,-0.5174835498717982,-0.717479411312332,0.19999586144053372,47.417767777166794,47.125506466022806,66.4493918738701,61.79999980926514,57.15060774466017,-0.4854365860696358,交叉混雜,58.0
2067,2026-08-12,6.425999927520752,6.371000003814697,6.452500033378601,6.53149999777476,9608.8,73.64067728238734,65.48048628920468,-0.048477704363630636,-0.05691999078733962,0.008442286423708985,45.70693863984634,46.31996426044737,6.73406523907091,6.452500033378601,6.170934827686292,-1.123594243512482,交叉混雜,10.0
2069,2026-08-12,19.779999923706054,19.064999961853026,18.757499980926514,18.935000069936116,855820.8,76.17763213450849,73.7485552105999,0.30566221186354525,0.0881015331208362,0.21756067874270907,78.01227221833513,70.2013974422211,20.09924850335372,18.757499980926514,17.415751458499308,6.090895048729869,交叉混雜,68.0
2070,2026-08-12,59.8,53.9,52.90750007629394,61.232499821980795,475365.8,81.11809773165803,70.47809855862764,0.13035195474063954,-1.8040074061706841,1.9343593609113237,84.59555070679662,68.90783650037743,63.17990952219524,52.90750007629394,42.63509063039265,19.831784594725725,交叉混雜,81.0
2072,2026-08-12,152.7,154.8,150.025,161.01666666666668,558613.4,29.00440486470313,44.67525714798799,-0.17341594611377786,-0.9895751734085307,0.8161592272947529,42.800944558791436,47.41100047192711,163.62250364085446,150.025,136.42749635914555,0.6498916847192097,交叉混雜,3.0
2073,2026-08-12,26.579999923706055,26.94499969482422,27.144999980926514,26.53750006357829,2736.0,25.20156442584763,38.01335582194422,-0.0799905659267317,0.12873426455225018,-0.20872483047898188,31.326640708520173,40.561576437523684,28.934412975971192,27.144999980926514,25.355586985881835,-5.691654450331125,交叉混雜,39.0
2101,2026-08-12,34.49999923706055,33.96999969482422,33.68249988555908,32.7375,2484180.8,56.945332994649426,64.24622727208893,0.33488300051376285,0.2639492788690165,0.07093372164474637,54.96013022981488,55.406225827525276,35.275006411513345,33.68249988555908,32.08999335960482,1.8332943029748496,多排,46.0
2102,2026-08-12,18.769999694824218,18.939999961853026,18.989999961853027,18.536666584014892,228757.4,33.60326046669971,32.016392510281584,0.034347389881535406,0.09102699632361366,-0.056679606442078256,56.28433025484358,53.14991252978194,19.46638998436572,18.989999961853027,18.513609939340334,0.052659495350507485,交叉混雜,45.0
2103,2026-08-12,26.25,23.839999961853028,23.424999904632568,22.169166596730552,17130929.6,83.06371048049758,71.29881926319678,1.0411626717218603,0.39462343060330085,0.6465392411185594,72.3922640101078,67.66917600139251,28.025056983759693,23.424999904632568,18.824942825505442,16.75560509206638,多排,87.0
2104,2026-08-12,10.205999946594238,9.922999954223632,10.137499952316285,10.337499952316284,3568858.2,69.42163321400763,53.37610974929949,-0.07340484771671107,-0.14246915272614985,0.06906430500943878,67.30309947528497,55.56027319113607,10.985255612658277,10.137499952316285,9.289744291974293,2.0961818017556535,交叉混雜,39.0
2105,2026-08-12,31.599999618530273,31.024999809265136,31.42249984741211,31.920833365122476,4846113.2,81.50610014647498,64.49496869770886,-0.09207025833345028,-0.2386095329350483,0.14653927460159802,78.7743431007137,60.53074915088242,33.514960800052776,31.42249984741211,29.330038894771437,2.156093977242178,交叉混雜,43.0
2106,2026-08-12,18.309999847412108,18.254999923706055,18.144999980926514,17.650833320617675,1411171.2,45.34856618981859,44.73896284879256,0.1903413011937296,0.17540205951952584,0.014939241674203768,48.297399000774774,52.44673113428903,18.67005613103357,18.144999980926514,17.61994383081946,0.3031181155731863,多排,39.0
2107,2026-08-12,25.45,25.469999885559083,25.65999984741211,25.599166615804037,168390.6,30.176365450972966,33.352053845631545,-0.08724193490224508,-0.051880899516435944,-0.035361035385809134,34.843183893246575,40.51800248098986,26.113755910712296,25.65999984741211,25.206243784111923,-1.208103927458313,交叉混雜,54.0
2108,2026-08-12,29.370000457763673,28.33000030517578,28.122500133514404,28.42750015258789,1882224.0,85.25625694993064,71.1412320022666,0.3200548185735279,-0.043344922332613084,0.363399740906141,85.9202750102873,71.52169271381953,30.273503787592894,28.122500133514404,25.971496479435913,9.69864071475239,交叉混雜,77.0
2109,2026-08-12,14.579999923706055,14.479999828338624,14.514999914169312,14.47166665395101,87629.4,89.0984462299721,78.20328904585472,0.004777000424574851,-0.023646830811395042,0.028423831235969893,78.17963547465074,62.92838509065577,14.786642313187528,14.514999914169312,14.243357515151096,1.619015413160867,交叉混雜,50.0
2114,2026-08-12,87.9,87.73999938964843,87.73500022888183,89.40333315531413,29709.2,87.08180219624,74.71676021456385,-0.27612605132515,-0.42651301126270563,0.15038695993755563,66.35798278466709,53.85316961320788,88.83097538993225,87.73500022888183,86.63902506783141,0.7579658007206131,交叉混雜,50.0
2115,2026-08-12,22.70999984741211,22.260000038146973,22.097500038146972,21.554166730244955,94649.8,79.74532475315446,71.66121298220338,0.3431078945706787,0.2316352084272073,0.11147268614347139,88.53615776484662,76.20552004148885,22.968962551087376,22.097500038146972,21.226037525206568,4.310438725056106,多排,46.0
2201,2026-08-12,27.7,27.565000152587892,27.804999923706056,27.78249994913737,2100408.6,53.41981031038489,42.12185670464832,-0.06730254552996229,-0.11437909863411802,0.04707655310415573,68.67131935332436,57.942635212503724,28.91139262823836,27.804999923706056,26.698607219173752,1.9600807741740456,交叉混雜,34.0
2204,2026-08-12,51.31999969482422,51.54999961853027,52.819999885559085,54.52666651407878,1722868.0,33.89114524260412,28.805273232214677,-1.1281323502650125,-1.1058563948791669,-0.02227595538584559,44.220161786830225,39.981813125074304,57.29241900993298,52.819999885559085,48.34758076118519,-2.4990531776202656,空排,34.0
2206,2026-08-12,61.78000030517578,62.320000076293944,62.55,62.07333304087321,664666.8,27.206256567605895,33.123860856934435,-0.25178488524151277,-0.034328106223317806,-0.21745677901819496,37.37187489424813,42.65394739387818,65.77457671047277,62.55,59.32542328952722,-2.7977630102948847,交叉混雜,54.0
2207,2026-08-12,512.2,521.8,508.675,485.7083333333333,267021.0,16.898901897460263,29.644059157975867,7.79531087139037,9.882244063335566,-2.086933191945196,38.133717940323336,48.835360131563,547.3453680926336,508.675,470.0046319073664,-0.9190544060549489,交叉混雜,43.0
2208,2026-08-12,18.989999771118164,18.910000038146972,19.375,18.855833307902017,1781861.2,60.85458395234663,52.508958467732064,-0.13505801565052167,-0.08469619146058444,-0.05036182418993723,48.735752128529896,47.77921012964669,20.937892063784744,19.375,17.812107936215256,-1.6774232925907258,交叉混雜,47.0
2211,2026-08-12,87.67999877929688,87.39999923706054,88.32999954223632,92.1616667429606,1078623.4,53.436694945547906,45.573168953756124,-1.4556039449485638,-1.6839952916281902,0.22839134667962635,45.86342480641808,40.529332335515534,92.90963279534537,88.32999954223632,83.75036628912727,-0.8264474945074213,交叉混雜,29.0
2221,2026-08-12,48.30999984741211,45.93999977111817,48.104999732971194,46.639166577657065,269861.4,77.585737104888,61.0814406615893,0.010257290656142004,-0.3205503496865649,0.3308076403427069,74.22031803676605,59.46027386952947,56.01301756963525,48.104999732971194,40.196981896307136,4.355058812176531,交叉混雜,86.0
2227,2026-08-12,49.15999984741211,49.625,49.91999988555908,49.67166678110758,25708.2,14.852262146839971,27.46536345812798,-0.2071117743424793,-0.041847467409153835,-0.16526430693332544,21.06798986750414,35.543725855958115,50.99134980477275,49.91999988555908,48.848649966345405,-2.1434323194930873,交叉混雜,29.0
2228,2026-08-12,75.63999938964844,76.88999938964844,77.9949993133545,82.92666600545247,165369.6,20.10133929650452,29.97989904010934,-2.132798168820443,-1.9574650704825056,-0.17533309833793753,33.555946146660375,33.13022706177438,81.54937351468178,77.9949993133545,74.44062511202722,-3.455344939191815,空排,19.0
2230,2026-08-12,26.63000030517578,24.935000228881837,23.485000133514404,25.484166685740153,237587.8,80.51341968093863,80.21606979436194,0.5724673299686742,-0.06707125381549363,0.6395385837841678,62.240801802121176,61.16013453588589,27.565905796780555,23.485000133514404,19.404094470248253,10.708962538588835,交叉混雜,1.0
2231,2026-08-12,100.46000061035156,97.19000015258788,99.57000007629395,102.05666681925456,511453.8,73.73880056939262,66.34708326149588,-1.6973617897976823,-2.2588687203863977,0.5615069305887155,50.49228081259016,48.41019498645828,114.83000604722926,99.57000007629395,84.30999410535864,-0.5724616609994952,交叉混雜,62.0
2233,2026-08-12,202.9,200.0,203.9,261.4,1286131.8,55.37308700779859,55.26695814752719,-11.18600895821865,-14.468964638318225,3.2829556800995743,50.51996017573603,45.87470350914106,230.49362804567784,203.9,177.30637195432217,0.049043648847471456,交叉混雜,20.0
2235,2026-08-12,27.70999984741211,27.450000190734862,27.4625,29.280000019073487,4252.0,89.7096104487256,82.25179982758956,-0.3900267421567527,-0.5636543094055246,0.17362756724877193,62.80082925182729,51.087875013031706,28.45131879623269,27.4625,26.473681203767306,1.9572143832498914,交叉混雜,13.0
2236,2026-08-12,133.9,134.35,141.725,145.78333333333333,504259.6,51.41575357563096,52.3405262110505,-5.62669093378139,-4.745380559613989,-0.8813103741674011,31.954427188867214,34.42793941233266,163.14676709011508,141.725,120.30323290988491,-8.273064032457219,空排,73.0
2239,2026-08-12,19.4,19.64499988555908,19.810000038146974,21.710833326975504,123738.4,34.97817225317282,46.688651520055195,-0.5421648402921981,-0.5709166562322515,0.028751815940053382,37.85379689008342,36.053123901963644,20.377172067550905,19.810000038146974,19.242828008743043,-2.322057828326364,空排,6.0
2241,2026-08-12,33.38999938964844,33.09999942779541,33.879999828338626,38.84749984741211,918319.2,47.385220314784576,48.11103083097308,-1.770256920785421,-2.029536818676946,0.25927989789152495,46.04042874282256,41.43956441909505,38.14792179317749,33.879999828338626,29.612077863499763,-1.859503634978381,交叉混雜,62.0
2243,2026-08-12,40.96999969482422,41.614999771118164,46.15499992370606,43.060000069936116,228391.0,20.292440092392425,18.519511468568552,-2.259634315139408,-1.4261178687817517,-0.8335164463576563,35.08473057979634,37.829326435826076,56.6602322765131,46.15499992370606,35.649767570899016,-11.16888729764325,交叉混雜,98.0
2247,2026-08-12,229.1,228.45,225.875,227.25833333333333,38754.4,51.59061837179224,52.71383769676374,-0.017381529681557595,-0.48984015006501064,0.47245862038345304,53.025185264665154,51.3307922999996,232.61744216256236,225.875,219.13255783743764,1.162147205312673,交叉混雜,28.0
2248,2026-08-12,58.42000045776367,58.44000053405762,60.53999996185303,57.806666692097984,120717.2,26.15720255888422,30.92102914909423,-0.3369465632996267,0.1699402173054568,-0.5068867806050835,35.90894432688381,41.28685296292934,66.34576713837369,60.53999996185303,54.73423278533236,-6.838451335617416,交叉混雜,69.0
2250,2026-08-12,59.94000015258789,58.58000030517578,59.810000038146974,62.30000006357829,52905.2,76.68263096813038,64.26230843903238,-0.9639584572538382,-1.2580791401291582,0.29412068287532,58.35608242049849,49.599166999889775,64.51381729197732,59.810000038146974,55.10618278431663,0.8192596532370006,交叉混雜,15.0
2254,2026-08-12,60.820001220703126,61.00000076293945,60.70500030517578,60.933333524068196,2242.2,54.293189570700115,55.80847669910848,0.09918190969379026,0.07710468500953749,0.022077224684252772,45.92695663319787,50.0193084854922,62.28444165299873,60.70500030517578,59.12555895735283,-0.008235799705449366,交叉混雜,54.0
2258,2026-08-12,30.620000457763673,30.785000228881835,31.43000011444092,31.514999930063883,498664.2,51.646321400087146,37.707813726104575,-0.3149097402837384,-0.2994127376982987,-0.015497002585439734,67.34100237754905,55.698105649192556,33.27886865198634,31.43000011444092,29.58113157689549,1.6544723086386925,空排,31.0
2301,2026-08-12,259.8,242.85,224.25,221.6,36515855.4,82.54617470486166,80.45373700097699,13.133461165169194,7.121683249425697,6.011777915743497,64.37296427227793,63.20187144315375,279.3016503887576,224.25,169.19834961124238,15.719063545150503,多排,87.0
2302,2026-08-12,44.00999984741211,41.45500030517578,41.04250030517578,40.85333353678386,4661984.0,82.5231770144504,73.37878290788926,0.4230055042874312,-0.2675439589735926,0.6905494632610238,69.43767857037282,58.9587940065615,47.90991123688955,41.04250030517578,34.17508937346201,10.9825154373364,多排,96.0
2303,2026-08-12,121.3,119.6,125.6,139.23333333333332,131705987.6,63.04008400508414,56.255584359637425,-6.506159883626282,-7.180474274046684,0.6743143904204025,51.8177882831371,45.24950007075066,151.42247083452844,125.6,99.77752916547156,-2.0700636942675117,交叉混雜,94.0
2305,2026-08-12,27.40999984741211,28.85999984741211,30.479999923706053,30.03666664759318,6122098.4,22.582333905737595,25.888926965640977,-1.4063325156471826,-0.9529824991475171,-0.45335001649966555,42.42430815393284,42.50878803811817,35.753807922082224,30.479999923706053,25.206191925329883,-8.792653193417877,交叉混雜,95.0
2308,2026-08-12,1748.0,1676.0,1716.0,1989.6666666666667,11272933.4,76.81054147264163,66.29764094085124,-48.576232317310996,-79.69872764898489,31.12249533167389,62.84002099925257,52.60555442044697,1958.4784309452848,1716.0,1473.5215690547152,4.312354312354312,交叉混雜,90.0
2312,2026-08-12,32.46999969482422,31.60499973297119,31.612499809265138,34.37749986648559,14231043.4,75.83575639652301,69.10908925323626,-0.26056807310972374,-0.6410967994372244,0.3805287263275007,66.74179647386957,55.98573454258615,34.74700586957126,31.612499809265138,28.477993748959015,5.970740062074005,交叉混雜,83.0
2313,2026-08-12,212.9,198.95,201.1,234.58447799682617,30465881.2,78.74155263509661,72.91864075507144,-4.374573854581229,-8.647270435920571,4.272696581339343,54.24511345541296,50.441346106331835,240.71073751289825,201.1,161.48926248710174,3.9283938339134785,交叉混雜,91.0
2314,2026-08-12,11.859999847412109,11.829999923706055,12.147499990463256,14.041666666666666,122116.8,38.893198998505696,50.425551907555736,-0.5340439404684805,-0.5747385333531123,0.04069459288463184,25.30399720128635,31.293977931315652,13.240287378060575,12.147499990463256,11.054712602865937,-5.7419237023726035,交叉混雜,4.0
2316,2026-08-12,163.8,155.15,155.675,176.15,2515813.8,71.73941259881211,69.6188270036294,-4.909152310199687,-7.8492147762641125,2.9400624660644255,52.600854194234955,48.57377225330974,178.67677338700955,155.675,132.67322661299048,3.7417697125421476,交叉混雜,88.0
2317,2026-08-12,264.4,256.35,250.5,256.475,47046457.4,90.947836068467,83.98746635945349,4.59324966778712,1.7395697233668572,2.8536799444202625,71.50457207183477,63.80228950762832,273.63120471525315,250.5,227.36879528474688,7.784431137724551,交叉混雜,76.0
2321,2026-08-12,15.310000228881837,15.045000076293945,15.212500047683715,14.374166663487753,10059.0,71.12371621043157,63.497676433873096,0.2217678888585688,0.21844841352573863,0.0033194753328301685,58.39012226375528,56.57543516778575,16.17870551653065,15.212500047683715,14.246294578836782,0.9038641469516218,交叉混雜,61.0
2323,2026-08-12,10.270000076293945,10.142000007629395,10.232500076293945,10.817166662216186,3881632.4,74.53378816815692,69.56103383733578,-0.17474997766120204,-0.22751991535541205,0.05276993769421001,55.43310491533079,48.007007950502675,10.934883285034653,10.232500076293945,9.530116867553238,0.6596639524811563,交叉混雜,65.0
2324,2026-08-12,37.26999969482422,36.63999977111816,36.28000011444092,36.41416657765706,57146786.0,79.61340859937488,72.45526587827308,0.44314642536491533,0.17549966511027376,0.26764676025464157,78.93990883974725,67.48102603146495,38.86912756249326,36.28000011444092,33.69087266638857,9.977953142279848,交叉混雜,79.0
2327,2026-08-12,580.4,555.65,603.375,783.7416666666667,52909581.4,72.60574771972519,57.59490185982284,-62.48280044890021,-74.56960985492611,12.086809406025907,54.773201332136004,44.77913571171867,761.1512823213886,603.375,445.5987176786113,-0.22788481458462811,交叉混雜,96.0
2328,2026-08-12,45.97999954223633,43.94999961853027,44.67999954223633,49.85166657765706,3149365.4,83.42868957449875,71.85925808839946,-0.846085507795209,-1.5199533713970403,0.6738678636018314,64.02073981707517,53.482531026359325,49.84163927792165,44.67999954223633,39.51835980655101,4.073411988384667,交叉混雜,30.0
2329,2026-08-12,44.529999542236325,43.064999389648435,43.82749977111816,51.11499996185303,2034573.0,83.8954799580132,73.45168042729802,-1.6672590641767044,-2.3362353420435085,0.668976277866804,57.45187643794769,47.75707056158316,49.31341241072577,43.82749977111816,38.34158713151056,1.990761499920785,交叉混雜,22.0
2330,2026-08-12,2385.0,2365.0,2356.25,2367.1666666666665,19767160.2,83.31014453959463,75.06636638805813,2.4425794605117517,-6.053333449815621,8.495912910327373,61.071857366051425,54.68723635561126,2496.470690717376,2356.25,2216.029309282624,2.493368700265252,交叉混雜,85.0
2331,2026-08-12,19.520000076293947,19.1,19.227499961853027,20.7299999554952,1399324.8,71.452980357663,69.51816281689025,-0.3028245743628979,-0.4511109385844601,0.14828636422156222,49.68834440926243,47.33569132607399,20.72292255618623,19.227499961853027,17.732077367519825,0.3770603320835087,交叉混雜,35.0
2332,2026-08-12,22.670000076293945,22.51500015258789,22.569999980926514,19.54249997138977,31304435.2,46.35518420705297,48.74233255157166,0.5826886429366063,0.8085518449984255,-0.2258632020618192,45.81942029634921,50.25499171981,24.725140710924983,22.569999980926514,20.414859250928046,-1.1962815422868414,交叉混雜,86.0
2337,2026-08-12,130.6,119.33000030517579,121.21500015258789,142.71333338419598,123006608.4,84.67249633567846,73.27567865527823,-2.9012614482739707,-6.662515633402988,3.761254185129017,66.28444540614483,56.10824704821784,146.27688280739213,121.21500015258789,96.15311749778365,12.609825374888455,交叉混雜,98.0
2338,2026-08-12,39.800000762939455,38.54000053405762,40.09250049591064,47.55000031789144,1059721.0,81.84105410936826,69.46251286826867,-2.005766563336614,-2.5650827294013863,0.5593161660647721,58.12289489550407,46.835483446008006,46.451934141609215,40.09250049591064,33.73306685021207,0.8916886265681427,交叉混雜,52.0
2340,2026-08-12,31.779999923706054,30.579999732971192,30.857499980926512,35.13583326339722,2961534.4,69.54216722365385,65.38828289468118,-0.9414874380525688,-1.4044057110526005,0.46291827300003163,54.68041100283466,49.187332711855575,35.750059320230044,30.857499980926512,25.964940641622977,2.892327698696121,交叉混雜,72.0
2342,2026-08-12,37.29999923706055,35.660000228881835,37.77250003814697,44.35500011444092,1701207.6,78.8678280857252,65.77776902112839,-2.5125378184877576,-3.0660396285244973,0.5535018100367397,59.5905499792984,47.33928772997329,45.970411772620764,37.77250003814697,29.57458830367318,1.6612654367548114,交叉混雜,73.0
2344,2026-08-12,173.8,158.65,157.025,168.46666666666667,182234973.2,83.18329780026234,76.74772918537772,0.9812797025040823,-3.443499210813431,4.424778913317513,65.13535398020208,57.06725918747665,191.14317697357336,157.025,122.90682302642664,12.720904314599583,交叉混雜,99.0
2345,2026-08-12,2228.0,2224.0,2199.0,2380.4166666666665,3315309.2,42.996551927510716,52.67210303666003,-38.39895136847235,-47.79813088697484,9.399179518502486,49.48046801639353,48.120889119768144,2476.6707630118535,2199.0,1921.3292369881465,0.7276034561164165,交叉混雜,91.0
2347,2026-08-12,92.51999969482422,92.49999923706055,89.575,89.4466667175293,4908271.4,52.04831342124982,62.76775448062218,1.1080241554035837,0.8254625420042182,0.2825616133993655,49.825645037138415,52.61970028099706,97.12103250633604,89.575,82.02896749366397,2.2606737082010504,多排,81.0
2348,2026-08-12,70.63999938964844,71.38571472167969,74.68785743713379,73.27095273335775,657114.2,33.6547717847311,31.66210192645429,-1.3597006409872563,-0.7327606917977573,-0.626939949189499,38.72311054842419,40.291507401387825,82.82309101642089,74.68785743713379,66.55262385784668,-5.4732577734654155,交叉混雜,30.0
2349,2026-08-12,11.020000076293945,10.825,10.990000009536743,12.59083334604899,1244455.2,83.69400339053446,72.05865794912405,-0.38299019105093457,-0.5024178943663804,0.11942770331544583,59.352338902921986,44.9914369163321,11.804732752443027,10.990000009536743,10.17526726663046,1.0009133015243756,交叉混雜,39.0
2351,2026-08-12,170.3,162.15,161.675,187.54166666666666,2718935.8,75.61181774982109,71.11752836652886,-4.72021511508666,-7.915337284340798,3.1951221692541383,63.8703384617996,51.82845545575827,190.2817253778207,161.675,133.06827462217933,6.386268749033547,交叉混雜,89.0
2352,2026-08-12,28.899999618530273,28.410000038146972,28.972500133514405,30.289166736602784,6738890.6,66.49796657592508,60.11643802644001,-0.5290903991745246,-0.6467094083566927,0.11761900918216806,51.52655183699476,47.486329988442165,31.520042414864896,28.972500133514405,26.424957852163914,-0.2502390703253995,交叉混雜,60.0
2353,2026-08-12,30.809999847412108,29.889999771118163,29.852499866485594,32.69750006993612,18799577.2,86.51068057784481,73.00292992183599,-0.2747402139224846,-0.6792516478269902,0.4045114339045056,77.97127699681803,60.2743710288952,31.784903649855977,29.852499866485594,27.92009608311521,6.356252045895379,交叉混雜,68.0
2354,2026-08-12,62.31999969482422,58.90999984741211,57.10499992370605,57.75333340962728,36358063.0,79.7431045038023,76.98442260982252,1.4932688803772933,0.5243986663289442,0.9688702140483492,79.26154473056904,69.6626810272153,63.78016189362123,57.10499992370605,50.42983795379088,10.323089193888169,交叉混雜,54.0
2355,2026-08-12,41.87999954223633,39.925,40.814999961853026,51.270833333333336,2499367.0,90.93230650191512,77.47739026614612,-2.0658015886352956,-3.0265618825733185,0.9607602939380229,65.23527598390955,50.13528479526715,46.65849334662442,40.814999961853026,34.971506577081634,4.8634062895081795,交叉混雜,57.0
2356,2026-08-12,65.91999969482421,64.44999961853027,62.65499973297119,65.62166627248128,28865276.6,78.92254195501687,75.24880574933894,0.6595316315116122,-0.0822323187968618,0.741763950308474,70.58752307152176,61.38671428228409,69.14660535414626,62.65499973297119,56.16339411179612,10.126885793744332,交叉混雜,85.0
2357,2026-08-12,828.8,813.4,776.3,758.2,3420340.0,82.32259136438492,78.99910075401789,29.846999171918128,22.063779245297226,7.783219926620902,75.22866444716237,68.3214951434589,872.9166597816873,776.3,679.6833402183127,9.751384773927612,多排,82.0
2359,2026-08-12,145.0,137.9,139.075,138.5,10239420.6,66.8972075569179,63.69199152421517,1.5335694938036113,0.5732617728418483,0.960307720961763,53.15391372331423,52.821267269685634,154.72335622778135,139.075,123.42664377221861,2.822218227575058,交叉混雜,67.0
2360,2026-08-12,2062.0,2009.0,2000.75,2164.0833333333335,2359501.4,72.38787302640824,60.49302800783438,0.3947673821121498,-28.34539955595626,28.74016693806841,71.97509339021474,59.90567250703253,2217.0897668872967,2000.75,1784.410233112703,9.708859177808323,交叉混雜,97.0
2362,2026-08-12,48.91999969482422,46.46000022888184,44.63750019073486,44.54416675567627,5649866.2,68.84318479183855,69.70812734308177,1.3766925711380864,0.7900370618787704,0.586655509259316,63.48193250716027,61.77934144123255,50.71774159812173,44.63750019073486,38.557258783348,9.549148847786029,多排,77.0
2363,2026-08-12,54.62000045776367,52.10500030517578,53.77750015258789,61.3241662979126,6698065.2,79.398794588138,69.60193330490944,-2.062529450186929,-2.948486439100677,0.885956988913748,59.571694184562915,49.72095764494123,62.76289634687584,53.77750015258789,44.79210395829994,3.0170635836313364,交叉混雜,41.0
2364,2026-08-12,74.88000030517578,72.4599998474121,71.1,69.76499989827474,507247.0,83.00252752423796,79.890748412216,1.7571769724359712,0.9222309699005578,0.8349460025354134,88.6677214233726,75.82466859771768,76.90634895004186,71.1,65.29365104995813,10.40787623066105,多排,70.0
2365,2026-08-12,30.8,29.60999984741211,29.62249994277954,33.03916670481364,1089417.2,89.47548364772663,77.23624602320552,-0.4226401019206918,-0.8993462794772697,0.47670617755657796,68.54728921526512,55.23188208551544,32.63169231752882,29.62249994277954,26.61330756803026,5.325346689871212,交叉混雜,13.0
2367,2026-08-12,43.710000610351564,40.83000030517578,41.814999961853026,53.76666653951009,7311614.6,90.10107136904705,75.8300452125688,-2.1362188830354114,-3.4845393448601527,1.3483204618247413,70.60752344939502,54.409954101271026,49.37410720494732,41.814999961853026,34.25589271875873,9.410498724708345,交叉混雜,71.0
2368,2026-08-12,971.4,908.0,906.7,1150.65,14860000.8,77.2154638134821,69.58102659545892,-37.98678490897146,-67.10963110338207,29.122846194410613,66.03459406244303,54.292141694521966,1074.2948749373468,906.7,739.1051250626533,10.290062865335829,交叉混雜,88.0
2369,2026-08-12,33.439999389648435,32.239999771118164,32.97750005722046,36.11583347320557,5936183.4,75.75589186801159,69.52686519432686,-1.0887671470070401,-1.411852239364593,0.3230850923575528,51.67011787963183,47.232568683935355,38.837576786410835,32.97750005722046,27.117423328030085,0.5230883734641263,交叉混雜,86.0
2371,2026-08-12,26.100000381469727,25.43000011444092,25.657499980926513,27.51249993642171,9027726.2,72.50861042128727,67.54446977910715,-0.3254214085233329,-0.5723728041039052,0.24695139558057233,60.25047776303354,52.893901366671955,27.51258550434684,25.657499980926513,23.802414457506185,2.6990174454175597,交叉混雜,9.0
2373,2026-08-12,53.36000061035156,53.490000534057614,53.71500034332276,55.9266668955485,21675.8,22.703534676714927,24.58920193518435,-0.5734648987719737,-0.6558911278695504,0.08242622909757669,34.24676226328205,35.78786779443659,54.46128901330686,53.71500034332276,52.96871167333865,-0.7725981636595077,空排,37.0
2374,2026-08-12,70.91999969482421,68.21000061035156,67.60499954223633,73.85333315531413,3123866.2,86.22936136790801,80.62495876701314,-0.48709421257274244,-1.5207693770246233,1.033675164451881,65.31333672879187,55.748111516761576,74.18198550682112,67.60499954223633,61.028013577651535,5.761408895994836,交叉混雜,41.0
2375,2026-08-12,124.0,120.9,128.625,161.31666666666666,5469182.6,67.8769567080607,56.16994072937136,-12.01856653069163,-13.93945331700779,1.92088678631616,53.05144872219808,42.44149153093071,157.06121671482774,128.625,100.18878328517226,-1.2633624878522838,交叉混雜,87.0
2376,2026-08-12,352.7,341.7,340.3,342.15833333333336,8181128.0,84.64314018270805,73.34122841813038,4.670914069477249,1.1787368397984472,3.492177229678801,82.35453584894819,68.88141049396144,368.11782843695204,340.3,312.482171563048,10.343814281516305,交叉混雜,81.0
2377,2026-08-12,157.0,150.65,147.85,140.39166666666668,17698425.4,86.04955421251125,75.440735763113,4.678382821467977,2.9948342926441596,1.6835485288238177,85.13204373905307,73.85127265267232,163.48430775402014,147.85,132.21569224597985,14.305038890767674,多排,87.0
2379,2026-08-12,758.0,734.8,735.15,717.1333333333333,2305467.6,82.03810400468727,71.25004090150095,4.15117244506564,0.25240350890086993,3.89876893616477,63.56651101681902,55.767886459082554,784.3339725712934,735.15,685.9660274287065,4.1964224988097705,交叉混雜,85.0
2380,2026-08-12,19.39000015258789,19.15999984741211,19.19499988555908,20.62526601155599,46814.8,64.25900934383394,44.900536603489996,-0.2617784435550874,-0.4635658868215603,0.2017874432664729,83.25323273168213,62.073981129921904,20.064301214212843,19.19499988555908,18.32569855690532,7.319617110118688,交叉混雜,66.0
2382,2026-08-12,310.9,302.6,314.075,347.48333333333335,18263938.6,75.16594663867436,57.49775807007171,-11.278618905061933,-14.25175777975942,2.9731388746974865,67.62241126709901,52.290920630452696,348.17743856074543,314.075,279.97256143925455,3.637666162540798,交叉混雜,64.0
2383,2026-08-12,5420.0,5152.5,4926.75,5114.833333333333,1833627.2,92.60486729531706,83.92724990687651,107.81319675207033,-7.121299194468332,114.93449594653866,79.14121100930264,65.00040867456983,5783.655540455405,4926.75,4069.8444595445953,16.303851423352107,交叉混雜,98.0
2385,2026-08-12,103.5,104.2,104.325,115.69166666666666,3708506.8,50.794151697587274,49.7544534981905,-1.762282086338189,-2.3258709797451944,0.5635888934070055,57.318409705891526,48.5342231827798,107.55764597503426,104.325,101.09235402496574,0.6470165348669994,空排,15.0
2387,2026-08-12,37.62000045776367,37.630000305175784,38.02499980926514,39.52249984741211,539561.8,27.17303241174472,38.66300044728437,-0.5386543878217935,-0.517169687927585,-0.021484699894208537,30.686070599280512,35.63212373253084,39.212876845233346,38.02499980926514,36.83712277329693,-2.5641040817757608,空排,33.0
2388,2026-08-12,78.93999938964843,76.97000045776367,74.35500068664551,74.11833356221517,5419577.2,68.14609157193135,71.59489888671916,1.804589598367869,1.148972728036812,0.655616870331057,51.36877783622527,53.5176252020666,84.35320452940314,74.35500068664551,64.35679684388788,4.229707866735781,多排,78.0
2390,2026-08-12,10.520000076293945,10.430000114440919,10.752500104904176,11.526333363850911,437001.6,54.01769235614056,47.764134981544004,-0.3475612166811235,-0.37523893621378857,0.027677719532665068,50.97280135030784,43.5359862257723,11.789436463878046,10.752500104904176,9.715563745930305,-1.4182722338676788,交叉混雜,60.0
2392,2026-08-12,38.34000015258789,36.44499969482422,35.90499973297119,37.79749984741211,2166146.4,84.30275696351143,75.20751838033736,0.35952513556985366,-0.321240204373793,0.6807653399436466,81.3975847295176,67.4856679340003,39.61102648524626,35.90499973297119,32.19897298069612,10.848069998765709,交叉混雜,42.0
2393,2026-08-12,62.44000015258789,61.58000030517578,63.755000305175784,66.39166641235352,2979065.0,77.26886074024623,61.912138514295535,-1.5017320724142138,-1.711507834885506,0.20977576247129215,54.78572559095911,47.802759120698234,69.81452038636343,63.755000305175784,57.695480223988135,-0.7136711880437386,交叉混雜,49.0
2395,2026-08-12,654.0,616.5,587.55,527.5833333333334,6813894.6,80.8888291277875,73.49486118015962,37.325103409353346,27.939453432169472,9.385649977183874,83.30361635456791,76.41802592555194,686.5140551439,587.55,488.5859448560999,16.75602076419029,多排,94.0
2397,2026-08-12,66.07999801635742,61.14999885559082,59.14999942779541,60.42499987284342,1638413.6,88.666771133381,78.24090911064023,1.947114569879048,0.5280791854056069,1.4190353844734411,73.7377157368976,67.28881382490505,68.83155899475219,59.14999942779541,49.46843986083863,12.764154849507795,交叉混雜,58.0
2399,2026-08-12,43.29000015258789,39.55499973297119,38.43000001907349,45.09416678746541,8722269.0,90.86608213576484,81.93947845926834,-0.32826528642412,-1.6839267820381918,1.3556614956140718,72.58832803952772,60.1537471564033,46.210908018689814,38.43000001907349,30.649092019457164,17.3562280815435,交叉混雜,90.0
2401,2026-08-12,27.5,26.655000114440917,27.082500076293947,29.47750005722046,2622509.8,78.07681092651241,69.49133289948465,-0.6729588106144462,-0.9295555071063227,0.25659669649187655,56.19461202482292,49.45110933516247,30.37240072638319,27.082500076293947,23.792599426204703,2.280072684966118,交叉混雜,77.0
2402,2026-08-12,55.35999984741211,53.8,55.589999961853025,62.84666684468587,1381908.4,80.44384423388242,67.12854367083115,-2.1127000897437966,-2.7449369160968455,0.6322368263530489,63.426404104540644,49.345599814920966,62.41222338519114,55.589999961853025,48.76777653851491,1.9967634499876479,交叉混雜,60.0
2404,2026-08-12,1151.0,1119.5,1124.5,1199.9166666666667,1221466.8,73.53668646904435,69.59106511466118,-17.908277627929237,-27.480636798481253,9.572359170552016,51.684603663461736,48.10883101302145,1242.1032581002244,1124.5,1006.8967418997756,0.9337483325922632,交叉混雜,77.0
2405,2026-08-12,16.129999732971193,15.954999923706055,16.130000019073485,17.391666666666666,1023887.0,65.0757932638716,65.51301961950506,-0.3102001871568838,-0.38289941882957623,0.07269923167269243,42.62359148250995,43.50258478408732,17.320046737519146,16.130000019073485,14.939953300627824,-1.4259169266660845,交叉混雜,48.0
2406,2026-08-12,31.770000457763672,31.339999961853028,31.764999771118163,34.79999990463257,4694153.8,60.1440456082834,58.99107266700976,-1.0046489934731255,-1.194011414841642,0.18936242136851655,48.22400445519444,45.560814732372556,35.08687253701975,31.764999771118163,28.443127005216574,-0.36203416784674847,交叉混雜,87.0
2408,2026-08-12,477.9,435.55,421.525,403.8333333333333,95619673.4,85.60374664917397,78.88475836008627,18.109433448400978,8.01153586232682,10.097897586074158,65.2861534749533,59.66179063276079,514.2739395598338,421.525,328.77606044016613,14.465334203190801,多排,99.0
2409,2026-08-12,25.689999771118163,24.76500015258789,25.054999923706056,26.2,226786232.6,69.06369707263556,64.01282175201854,-0.38292429599935573,-0.6578655269315622,0.27494123093220646,62.24404396146338,53.12362562794914,27.66225677802284,25.054999923706056,22.447743069389272,4.769507403443582,交叉混雜,93.0
2412,2026-08-12,136.6,137.55,138.25,139.63333333333333,8172004.8,11.947372101499317,20.472774674117705,-0.7390949562575884,-0.4983291512097894,-0.240765805047799,28.668841616771644,37.85231942439997,141.55071762532313,138.25,134.94928237467687,-1.62748643761302,空排,54.0
2413,2026-08-12,43.539999389648436,40.994999694824216,40.689999961853026,47.87000001271566,1487925.6,86.07786038336755,75.94555544314554,-0.6733902915069407,-1.8185861471298348,1.145195855622894,72.34290247889379,59.843675826102505,46.186275852043536,40.689999961853026,35.193724071662515,12.435487940257401,交叉混雜,89.0
2414,2026-08-12,54.720000457763675,56.37999992370605,56.73500003814697,57.29666646321615,1259348.4,27.830519615688676,41.53523102590133,-1.1189980100678483,-0.6087972194836916,-0.5102007905841567,34.355956385007715,38.83336573005321,61.6572472027324,56.73500003814697,51.81275287356154,-6.9357553510895285,空排,75.0
2415,2026-08-12,31.139999771118163,30.864999771118164,31.93499994277954,31.62083346048991,200428.6,52.449760647303734,49.70924814167478,-0.7471452162513366,-0.6322488210961688,-0.11489639515516781,50.00969069236734,45.52426786356689,35.279138908705484,31.93499994277954,28.590860976853598,-1.9884161792916082,交叉混雜,76.0
2417,2026-08-12,43.58000030517578,41.71000022888184,40.97750015258789,44.939999961853026,2853285.8,83.3646607504658,76.11884004597889,-0.00807265398314172,-0.808142119588143,0.8000694656050013,74.1344444300841,62.64981975555067,45.13030244320833,40.97750015258789,36.82469786196746,10.304436811977883,交叉混雜,60.0
2419,2026-08-12,24.660000228881835,24.23000011444092,24.65000009536743,27.815833441416423,370718.4,79.40840831952914,69.36846698950315,-0.7481927975232239,-1.0018819057670245,0.25368910824380064,57.38624707268714,47.98465346519197,26.850000237734093,24.65000009536743,22.44999995300077,1.2170412430481157,交叉混雜,32.0
2420,2026-08-12,56.21999969482422,55.18999977111817,56.03499984741211,59.89166660308838,527803.2,72.53028914384937,64.1384815960098,-0.8870937068948663,-1.2595474293381277,0.37245372244326136,64.29742032940416,50.840736879487054,59.35211672678923,56.03499984741211,52.71788296803499,1.3652170817017817,交叉混雜,60.0
2421,2026-08-12,151.5,142.15,135.775,145.125,5298057.0,82.00896139668146,81.24980614339843,2.8055975292607513,-0.1685992261781436,2.974196755438895,67.5759977992573,61.603765918961756,156.5481481535781,135.775,115.0018518464219,10.845148223163317,交叉混雜,66.0
2423,2026-08-12,74.34000091552734,72.9900001525879,73.79499969482421,76.08999938964844,172498.4,73.59276691187509,70.40346480364579,-0.4923863883336139,-0.750647112298881,0.2582607239652671,57.56792476804342,52.280488331171206,81.03944486256795,73.79499969482421,66.55055452708048,1.6329023784253807,交叉混雜,80.0
2424,2026-08-12,8.711999893188477,8.385999917984009,8.422500014305115,10.466333349545797,14855.8,77.38978749952926,72.65951335054885,-0.42272040968380686,-0.657257515246666,0.23453710556285912,73.58676692829647,53.03602579188006,9.262772360846405,8.422500014305115,7.582227667763824,6.619169213230437,交叉混雜,1.0
2425,2026-08-12,47.69000091552734,47.57000045776367,45.732500076293945,40.86416664123535,10254407.6,44.2726670754857,62.44406983561899,1.525018690683865,1.955786320621354,-0.43076762993748896,32.59764305960181,42.59998087987634,52.31703363510076,45.732500076293945,39.14796651748713,-8.380251558566478,多排,80.0
2426,2026-08-12,66.58000030517579,60.925,59.25249977111817,69.6941666285197,16805149.2,84.41256993239136,75.73012319048942,-0.38866068858051506,-2.3578006332060797,1.9691399446255646,69.1108966046987,58.572365990940824,71.54633582063761,59.25249977111817,46.95866372159872,16.282016441546464,交叉混雜,98.0
2427,2026-08-12,21.809999847412108,22.159999656677247,22.854999923706053,22.9008331934611,411131.0,19.957522258257843,22.398376333424785,-0.509155354863509,-0.35043597369251006,-0.15871938117099899,31.479724907164055,37.27062727893076,24.749285363283825,22.854999923706053,20.96071448412828,-4.834827947472038,空排,29.0
2428,2026-08-12,234.3,226.75,236.825,272.68333333333334,917396.4,81.14084116311506,65.39224391585498,-12.100768124213289,-15.447126437350672,3.346358313137383,72.08284088311098,54.613249495319096,278.8879540720003,236.825,194.76204592799968,7.463316795101874,交叉混雜,85.0
2429,2026-08-12,31.35,31.150000190734865,35.402500247955324,41.11666669845581,335056.8,32.13319229332047,24.1764456408761,-3.1627415772535983,-3.058613617847581,-0.10412795940601738,35.472210098402456,35.60475427810789,46.09605322608598,35.402500247955324,24.70894726982467,-11.729398259647358,交叉混雜,1.0
2430,2026-08-12,17.070000076293944,16.93000030517578,17.305000019073486,18.00333325068156,71435.0,63.42286622054682,46.76547304250953,-0.28854898912793914,-0.3305478149846987,0.04199882585675957,53.92919456066285,42.54011326543965,18.22604017101354,17.305000019073486,16.38395986713343,-0.8956971994936231,交叉混雜,10.0
2431,2026-08-12,10.4,10.301000022888184,10.42549991607666,10.887666654586791,229957.0,69.84965869231922,64.35593618831105,-0.18209328544748082,-0.2124119030182473,0.030318617570766482,47.570793665148905,44.87541266589216,10.931899748752446,10.42549991607666,9.919100083400874,-0.7241814322065209,交叉混雜,25.0
2432,2026-08-12,28.339999771118165,28.344999885559083,28.309999847412108,28.03583335876465,63861.6,52.16578205041739,60.810594579632905,0.03583164314627396,0.026203284644747003,0.009628358501526959,58.3053311432968,53.40351420879369,28.763755831066693,28.309999847412108,27.856243863757523,0.6711414822040717,交叉混雜,64.0
2433,2026-08-12,41.880000305175784,41.839999771118165,41.8875,43.04749972025554,19311.0,44.36114952008007,41.7651866528221,-0.26016499014090755,-0.3394405403483076,0.07927555020740007,46.326863292097784,42.93537313750512,42.10484126988461,41.8875,41.670158730115396,-0.08952915757423835,交叉混雜,26.0
2434,2026-08-12,53.18000106811523,53.51500053405762,62.02750091552734,49.38583370844523,900075.4,30.73963113221617,28.796171658205786,-1.3151228379694615,0.48366941431135085,-1.7987922522808124,46.18595917755471,46.14330553517993,85.15127587932903,62.02750091552734,38.90372595172565,-13.103057949597124,交叉混雜,93.0
2436,2026-08-12,65.0,60.78000030517578,59.435000038146974,67.7983336130778,6382157.4,88.27471264263556,79.0966079807123,-0.2327326923692965,-2.0117500575136362,1.7790173651443397,78.47026410542671,62.42355137159631,68.62109359212296,59.435000038146974,50.248906484170995,13.73769400308506,交叉混雜,75.0
2438,2026-08-12,18.07999954223633,17.80499973297119,17.91749973297119,21.042499828338624,126656.2,75.31218018913395,67.2488773307267,-0.5822829091098178,-0.8869978435344825,0.3047149344246647,64.25182309449818,53.03347991966969,19.55079597585069,17.91749973297119,16.28420349009169,4.925349614853962,交叉混雜,14.0
2439,2026-08-12,81.13999938964844,81.00999908447265,82.14499969482422,87.56000022888183,1790603.4,58.710084302959096,48.10342693086724,-1.6838270130362076,-1.9149515140694975,0.23112450103328985,43.90865515532719,39.85186456167962,85.36106326540964,82.14499969482422,78.9289361242388,-1.272142217524375,交叉混雜,18.0
2440,2026-08-12,15.529999923706054,15.364999961853027,15.555000019073486,16.720833396911623,257784.4,72.00296389398721,62.40535174330103,-0.2696981332945718,-0.36476969532330755,0.09507156202873573,54.46287310712748,48.631983485392965,16.479462967373106,15.555000019073486,14.630537070773865,0.6107335219562818,交叉混雜,61.0
2441,2026-08-12,123.8,116.15999984741211,118.5099998474121,127.9033332824707,9431320.6,82.81571873795927,73.6510369748843,-1.588479253153622,-3.5571273847954745,1.9686481316418525,59.2024454137002,53.24532482228799,140.8519270920849,118.5099998474121,96.16807260273929,5.898236572093403,交叉混雜,88.0
2442,2026-08-12,19.429999923706056,19.300000190734863,19.28000020980835,19.27500009536743,1199467.8,75.26860884623582,62.70803889828049,0.03751441208493844,-0.011997678101870066,0.04951209018680851,64.97403991325531,58.41721140341115,19.681837747057237,19.28000020980835,18.878162672559462,1.659751909642525,多排,31.0
2444,2026-08-12,11.15999984741211,10.989999866485595,11.122499990463258,12.24666659037272,220510.8,66.92779885923909,54.13007455268648,-0.2724142371729066,-0.3892325202945428,0.11681828312163622,67.05289632673043,53.22269727933562,11.84030013584004,11.122499990463258,10.404699845086474,3.394021216996372,交叉混雜,34.0
2449,2026-08-12,248.9,239.75,256.4,292.31666666666666,20438226.0,76.4329797361307,62.36964054550285,-13.850328389322698,-16.635309329623883,2.7849809403011854,60.5044218973453,49.177347944243735,314.01724887931715,256.4,198.7827511206828,1.0140405616224737,交叉混雜,76.0
2450,2026-08-12,28.279999923706054,28.439999961853026,28.597499942779542,29.25999994277954,173832.0,12.602029632964388,16.71726927555174,-0.21998125682325664,-0.2001611955564697,-0.019820061266786954,23.454175877818216,32.580942150334664,29.033359436530315,28.597499942779542,28.16164044902877,-1.3899787765904066,空排,40.0
2451,2026-08-12,293.2,287.65,267.95,286.8666666666667,7788285.6,79.06391645149816,81.44407738853972,7.091728018022934,3.0075891352107584,4.084138882812176,63.169854514764204,59.7218329083687,316.265737874068,267.95,219.63426212593197,9.908565030789331,交叉混雜,90.0
2453,2026-08-12,52.65999984741211,52.60999984741211,52.1,55.57833340962728,163351.0,56.96217444115415,64.31996827839839,-0.4964818047998989,-0.7456298582631653,0.2491480534632664,52.90182617751292,48.59163027174923,54.034724275767054,52.1,50.16527572423295,1.1516329423022105,交叉混雜,36.0
2454,2026-08-12,3963.0,3838.0,3704.0,4025.3333333333335,6258469.2,82.26514714369486,77.5344528181621,26.830980598759197,-36.56650830188954,63.39748890064874,66.02933796501353,57.18496458253121,4266.331612222943,3704.0,3141.668387777058,8.3963282937365,交叉混雜,95.0
2455,2026-08-12,374.5,349.2,328.15,360.075,12282365.8,81.09085723859748,76.45557322270976,10.41447846109321,0.5468680980002194,9.867610363092991,65.12616713753653,60.05254388125792,408.5994610887723,328.15,247.70053891122768,17.172024988572307,交叉混雜,94.0
2457,2026-08-12,23.34000015258789,22.70999984741211,23.35499973297119,26.614166514078775,1032328.2,80.52184293876985,70.57082633770409,-0.9541781414896633,-1.2151939277169082,0.26101578622724486,54.45312536001886,46.314718081415045,26.31328891899024,23.35499973297119,20.396710546952143,0.6208532163847839,交叉混雜,28.0
2458,2026-08-12,145.2,149.95,157.5,164.85,4872038.6,24.825547815407937,25.534650544410944,-6.62486238663692,-5.189360117878579,-1.4355022687583414,36.40822345395645,37.70672893921276,178.51878858745914,157.5,136.48121141254086,-7.301587301587302,空排,67.0
2459,2026-08-12,65.57999877929687,64.81999969482422,65.08999977111816,65.68999977111817,109337.6,71.00073639063686,57.80676884745184,0.14053556536377698,-0.07704987036204622,0.2175854357258232,70.4301125425462,60.339798196192156,66.81644905407126,65.08999977111816,63.36355048816507,1.7053267491584152,交叉混雜,56.0
2460,2026-08-12,31.049999618530272,30.634999656677245,30.90749979019165,33.14416656494141,438707.8,70.02423685326673,70.03420503720722,-0.7185885400848804,-0.9288957795462207,0.21030723946134033,47.71510574896051,45.88024616207794,32.9464043551708,30.90749979019165,28.8685952252125,-0.34781381173128184,交叉混雜,83.0
2461,2026-08-12,17.35,16.830000114440917,16.419999885559083,17.187499888737996,1181552.4,81.10923258273536,80.22729630287108,0.12226212546714521,-0.12735598350301314,0.24961810897015835,77.85206871287744,67.16237947570949,17.835850111834038,16.419999885559083,15.004149659284128,9.622412457082183,交叉混雜,68.0
2462,2026-08-12,19.550000381469726,19.614999961853027,20.090000057220458,22.304166730244955,198340.4,47.58662232547743,38.885985970349616,-0.7619427897231397,-0.8388471541316844,0.07690436440854476,43.86863262089465,36.10040147921184,21.34261858433589,20.090000057220458,18.837381530105024,-1.9412607922857448,空排,22.0
2464,2026-08-12,183.1,165.2,153.475,161.10833333333332,24646300.6,86.44617453934282,80.08695803506676,7.816018467485463,1.5184233121416852,6.297595155343778,83.49082482489862,70.8873761623075,196.31432649723706,153.475,110.63567350276293,28.033881739697026,交叉混雜,97.0
2465,2026-08-12,89.31999969482422,82.69000015258788,80.4,80.42166684468587,5405967.6,84.01389146510033,73.64196751107315,2.9317581067542733,1.0538947367478062,1.877863370006467,70.78252796146624,65.02015757753466,94.39172713141114,80.4,66.40827286858887,18.781094527363177,交叉混雜,84.0
2466,2026-08-12,94.0,94.2599998474121,100.77000007629394,74.97749996185303,1469834.0,44.750933310864895,42.2079531393932,1.9692660604775796,4.0712344536841325,-2.101968393206553,46.629438157993455,49.66403028192437,123.38523468073141,100.77000007629394,78.15476547185646,-6.718269396812849,交叉混雜,91.0
2467,2026-08-12,530.6,509.2,521.1,570.6166666666667,1161082.0,79.87317401422209,69.2895780652593,-10.155782755362225,-17.873769519959833,7.717986764597608,62.795150933688504,54.02358139336377,596.831242249362,521.1,445.368757750638,5.929763960852039,交叉混雜,96.0
2468,2026-08-12,34.72999954223633,33.94999980926514,34.43749990463257,36.39166650772095,256683.0,59.091827475385486,52.62195439752803,-0.4725801036702819,-0.6872199783295297,0.21463987465924783,54.76551982981745,49.45955647420143,37.07904557437209,34.43749990463257,31.79595423489305,0.9074412957759318,交叉混雜,25.0
2471,2026-08-12,49.30999984741211,48.795000076293945,49.29499988555908,51.613333257039386,130570.6,85.38936993208549,75.7430688110034,-0.6595062888184273,-0.9543676956754279,0.2948614068570006,68.40064566337492,52.86485376838103,52.53437865790281,49.29499988555908,46.055621113215345,1.6330228023752125,交叉混雜,46.0
2472,2026-08-12,240.5,233.25,250.575,324.81666666666666,3699563.2,71.52343643274614,58.63592838544889,-24.535627699129236,-28.65592898356359,4.120301284434355,56.958758473125,44.22235118057485,306.02841809976496,250.575,195.12158190023504,-0.22947221390800704,交叉混雜,94.0
2474,2026-08-12,197.4,189.35,188.9,200.0,4612365.4,78.64704823542633,65.03443102350369,0.2997227083967857,-2.8424138593942985,3.142136567791084,81.65342846921475,67.0842488065141,204.33270621286434,188.9,173.46729378713567,8.523028057173104,交叉混雜,57.0
2476,2026-08-12,126.3,121.3,119.475,123.36666666666666,1719400.2,89.67440042080386,82.7434741149548,0.6200010595799341,-0.9029737637281388,1.5229748233080729,67.91471214785147,58.49322888092414,133.5667108893665,119.475,105.38328911063347,7.1353839715421685,交叉混雜,81.0
2477,2026-08-12,21.970000076293946,21.804999923706056,21.527500057220458,21.689999930063884,228081.6,60.90400988541116,67.2342736866365,0.10493519985885058,0.03590775629502154,0.06902744356382903,50.74541335501027,52.49523268831455,22.292163538770378,21.527500057220458,20.762836575670537,1.2658189716213304,交叉混雜,48.0
2478,2026-08-12,121.4,117.4900001525879,125.57000007629395,160.07333335876464,8463300.0,70.13072323530997,57.431190848188905,-12.532965326198351,-14.893058085703784,2.3600927595054326,59.352226679666074,46.75650367322217,154.82662117724308,125.57000007629395,96.31337897534482,2.33335981677617,交叉混雜,95.0
2480,2026-08-12,154.7,155.45,156.65,155.64166666666668,188371.2,30.89397683978602,33.19659890579774,-0.8192482724394097,-0.2861029057702542,-0.5331453666691555,44.9096955667902,46.154343046721436,163.6319315680579,156.65,149.66806843194212,-1.691669326524102,交叉混雜,54.0
2481,2026-08-12,138.0,130.75,136.25,157.8,18718477.0,80.67880308608581,69.4621387690081,-8.148078577808036,-10.197284640843707,2.0492060630356708,54.88123614691368,47.1182708766494,164.6688595645094,136.25,107.83114043549061,2.0183486238532113,交叉混雜,91.0
2482,2026-08-12,16.14000015258789,16.185000038146974,17.070000076293944,17.071666717529297,161462.0,24.95617382861397,21.40326066743082,-0.4028999392373258,-0.2885837536161608,-0.11431618562116502,37.2100892928726,39.225032107024404,19.205021572326647,17.070000076293944,14.934978580261241,-5.389575006747224,空排,32.0
2483,2026-08-12,36.05,36.369999694824216,38.52999992370606,41.09166660308838,1656926.8,34.09926133583495,38.16285662973758,-3.06204245339341,-2.832392016662695,-0.22965043673071506,44.634948325371425,41.535726697585396,45.95693533779004,38.52999992370606,31.103064509622072,-5.398388696821303,空排,92.0
2484,2026-08-12,72.88000030517578,68.7099998474121,70.65999965667724,68.7941665649414,17178230.6,73.76849445811416,65.38432377116484,-0.4691479732577193,-1.0975520230670617,0.6284040498093424,63.444303189745895,53.621382082668966,84.97015777908476,70.65999965667724,56.34984153426973,4.585340907082058,交叉混雜,97.0
2485,2026-08-12,42.49000015258789,40.08499984741211,40.54249992370605,54.44500001271566,5190125.6,85.3594720426224,73.75824729369134,-2.297511803916869,-3.684360723860117,1.3868489199432479,66.04265959119319,52.366829914270426,47.34994735120738,40.54249992370605,33.73505249620472,8.528088013320248,交叉混雜,93.0
2486,2026-08-12,230.7,215.85,219.9,244.68333333333334,6447896.0,73.88145438786329,67.89842934252653,-3.420028109048701,-7.347874118490319,3.927846009441618,59.66850436538874,52.21732554523032,261.5205920694377,219.9,178.2794079305623,4.5929968167348765,交叉混雜,94.0
2488,2026-08-12,49.59000015258789,49.47999992370605,49.4125,51.857500076293945,124578.6,71.87840865417655,61.531903245885346,-0.43464432246401685,-0.6979444326803599,0.26330011021634303,64.8143342016368,53.89510051722311,50.915435814507624,49.4125,47.90956418549238,1.9984852534862734,交叉混雜,60.0
2489,2026-08-12,32.340000534057616,30.400000190734865,30.482500267028808,39.990000089009605,14306498.8,85.56958267356424,74.85944928896251,-1.5481555527596562,-2.5571878967506705,1.0090323439910143,61.44374546981869,51.41607080736595,35.95090481563724,30.482500267028808,25.01409571842038,8.25883608928966,交叉混雜,88.0
2491,2026-08-12,33.460000610351564,29.19500026702881,29.404999828338624,31.951666609446207,601864.6,85.55399619499838,73.48837104594675,-0.07119225527329576,-1.1940512023726826,1.1228589470993868,73.87032169855455,61.15995877938408,37.54631105811837,29.404999828338624,21.26368859855888,17.326985891532452,交叉混雜,96.0
2492,2026-08-12,273.9,254.45,267.75,392.5833333333333,36762428.4,76.45588151443607,64.96432872625658,-34.628206647122624,-45.624574236255626,10.996367589133001,59.74797447125949,46.735619073491364,336.03307950999306,267.75,199.46692049000694,7.563025210084033,交叉混雜,95.0
2493,2026-08-12,227.1,210.85,215.1,220.43333333333334,4471253.2,84.55271995573466,70.8244614194959,-2.884241603561776,-7.390528033123939,4.506286429562163,68.45415251526876,56.89975852198339,262.846700078867,215.1,167.353299921133,12.970711297071134,交叉混雜,96.0
2495,2026-08-12,38.72999954223633,37.1149995803833,37.42249975204468,45.486666456858316,1787638.0,84.26454976438026,73.00187093218236,-1.8107800308208013,-2.6325460535929848,0.8217660227721835,63.95757457619115,51.24814597803508,42.72597129278571,37.42249975204468,32.11902821130365,6.753960926291882,交叉混雜,83.0
2496,2026-08-12,59.32000045776367,59.29000015258789,59.630000305175784,62.62000007629395,26609.0,60.143963481869,59.17798311295142,-0.7928454757560957,-0.9876835320938924,0.19483805633779672,56.50168332397887,45.29207587708196,61.36034942520657,59.630000305175784,57.899651185145,0.11739134228646501,交叉混雜,26.0
2497,2026-08-12,48.12999954223633,46.975,49.67499980926514,56.825,444962.2,65.26860008847042,55.2751876298891,-2.671728780279146,-3.0326736401532854,0.3609448598741394,54.6757578410222,44.169470202432215,58.529822586985055,49.67499980926514,40.82017703154522,-1.7614505798979199,交叉混雜,53.0
2498,2026-08-12,40.44000015258789,40.045000076293945,40.69249973297119,43.660000228881835,3085027.0,64.23519762067221,57.85488286871935,-0.8466402755981548,-1.0157541088252589,0.16911383322710405,50.861479055825406,45.29947497957109,43.1926623682254,40.69249973297119,38.19233709771699,-0.47305949311150197,交叉混雜,28.0
2501,2026-08-12,22.370000076293945,22.339999961853028,22.399999809265136,23.440000025431313,2369778.2,69.04459033781464,54.58853943044957,-0.2647303829322425,-0.3846351549757226,0.1199047720434801,72.1350016220512,56.669038310319245,22.99382761131204,22.399999809265136,21.806172007218233,3.3482134627292313,交叉混雜,64.0
2504,2026-08-12,30.850000381469727,30.990000343322755,31.267500114440917,33.138333257039385,2244893.4,38.302098248715566,32.6943580479228,-0.46261492041804075,-0.5417276919964713,0.07911277157843055,55.384909478910835,47.19185877738639,32.20011080456268,31.267500114440917,30.334889424319158,-0.21587703287570953,空排,24.0
2505,2026-08-12,18.020000076293947,17.895000076293947,17.85500011444092,18.03166675567627,226701.4,76.81349909934401,65.75898994227998,0.009922109738209173,-0.04707156434850326,0.05699367408671243,68.7742813303465,57.62320373263438,18.220484359991904,17.85500011444092,17.489515868889935,1.6521954757690638,交叉混雜,52.0
2506,2026-08-12,8.594000053405761,8.6,8.657999944686889,8.785666608810425,137271.0,40.79719239297813,37.67455720899642,-0.06229506410392638,-0.060688122836051794,-0.0016069412678745842,46.704535040952116,43.9952361317654,8.819519073945253,8.657999944686889,8.496480815428525,-0.6698956293335931,空排,38.0
2509,2026-08-12,13.329999923706055,13.210000038146973,13.217500019073487,13.189166704813639,134223.4,57.51531312532977,50.14576433766045,0.030580526474672354,-0.02404574566851874,0.054626272143191094,65.61735452469044,58.86057577018391,13.623085952019158,13.217500019073487,12.811914086127816,2.515605607577549,交叉混雜,48.0
2511,2026-08-12,8.308000183105468,8.369000148773193,8.444000101089477,8.21150000890096,948296.4,34.13882129379935,42.67826840354016,-0.0094218868564937,0.026392569953272427,-0.035814456809766124,40.064988207710726,44.554345521896664,8.690610751388869,8.444000101089477,8.197389450790086,-1.8237818260634573,交叉混雜,50.0
2514,2026-08-12,12.20999984741211,12.414999961853027,12.610000038146973,13.041666650772095,145867.6,20.594729864480662,22.61003168711591,-0.2195838833422954,-0.18279741998799026,-0.03678646335430513,22.581194303145367,27.788847238791263,13.135757897325645,12.610000038146973,12.084242178968301,-3.2513895927163325,空排,19.0
2515,2026-08-12,11.95,11.919999980926514,12.039999961853027,12.435546636581421,5763817.2,48.221244998623085,50.38331364624394,-0.17757959810192148,-0.19850332586347455,0.020923727761553074,46.72564057458645,43.63184930546333,12.634359539272953,12.039999961853027,11.445640384433101,-0.7475095753574992,交叉混雜,46.0
2516,2026-08-12,14.010000228881836,13.980000019073486,13.974999952316285,13.52333335876465,139594.4,45.86114996405997,42.570628544066324,0.07318249372379704,0.08942338314169365,-0.016240889417896615,45.749882141227424,50.51731805790967,14.19624052387915,13.974999952316285,13.75375938075342,-0.17889190079749892,多排,50.0
2520,2026-08-12,34.66999969482422,34.619999694824216,35.0,33.899166615804035,1737477.8,55.88107346819085,42.77784875806731,0.021859322714092855,0.08067724311411692,-0.058817920400024065,62.10975244756303,55.56120354317297,36.10929171759462,35.0,33.89070828240538,0.7142857142857143,交叉混雜,59.0
2524,2026-08-12,34.34000015258789,34.839999771118165,35.687499809265134,35.67083326975504,84989.4,24.46444893276501,23.571331603299278,-0.4757979644091819,-0.34246615359215515,-0.13333181081702672,43.41122668332779,43.69878750449696,38.07538054056334,35.687499809265134,33.29961907796693,-2.9071755907004557,交叉混雜,27.0
2527,2026-08-12,46.74999923706055,44.919999313354495,46.15999984741211,41.10583318074544,1171041.0,67.28809810349163,60.988474703640904,0.9521293387610754,0.9780359687570843,-0.0259066299960089,55.26832410595915,54.58267291629916,51.963138533332064,46.15999984741211,40.356861161492155,0.4116088113887556,交叉混雜,88.0
2528,2026-08-12,20.530000305175783,20.010000038146973,20.817500019073485,21.51833333969116,429420.4,65.44343116380122,53.80036399350977,-0.41931263586855394,-0.47952548070795786,0.06021284483940392,54.82719188053056,47.98032347405571,23.36706666326706,20.817500019073485,18.26793337487991,-1.0447923016907892,交叉混雜,11.0
2530,2026-08-12,19.35,19.625,19.729999923706053,19.55333334604899,404675.0,18.352398700433167,24.081333554766676,-0.07816481445425794,-0.003617234453161101,-0.07454758000109683,44.78046222618831,46.8379930241054,20.71590054105886,19.729999923706053,18.744099306353245,-1.6725813809014605,交叉混雜,9.0
2534,2026-08-12,17.06999969482422,17.06999988555908,17.152499961853028,17.34166653951009,213334.4,45.32244521180647,47.27726820140728,-0.037553429260761106,-0.04265312041024343,0.005099691149482326,42.25341885625935,46.39668687612052,17.40894338832557,17.152499961853028,16.896056535380485,-0.8890830035982294,空排,19.0
2535,2026-08-12,90.18000030517578,89.11000061035156,88.25500106811523,87.55500043233236,511355.8,47.48031754114293,57.44272782013813,0.37820907772635337,0.24192756011667915,0.13628151760967422,48.32306055228896,50.32714929522655,91.71269945378836,88.25500106811523,84.79730268244211,0.6175309920646258,多排,80.0
2536,2026-08-12,19.970000076293946,19.030000114440917,18.90000009536743,19.972500038146972,1870903.2,82.67379600241516,63.93760229740788,0.06377820269225865,-0.35242819052079555,0.4162063932130542,88.7186821097001,72.93469563459801,21.01883771089228,18.90000009536743,16.781162479842582,12.433861866532876,交叉混雜,33.0
2537,2026-08-12,11.0,11.0,11.012500047683716,10.779000043869019,589942.8,54.25252226557494,52.72301908478526,0.010818490170894535,0.018913133094935742,-0.008094642924041207,56.458451159208046,52.46860418956916,11.201333270634011,11.012500047683716,10.82366682473342,0.34052343145310543,交叉混雜,61.0
2538,2026-08-12,9.147999954223632,9.29099998474121,9.607499933242797,9.753833325703939,338601.6,4.338970135031476,9.355557492318566,-0.20092201615865513,-0.13923602353740003,-0.0616859926212551,14.303788521199522,23.991835831641367,10.30362070599412,9.607499933242797,8.911379160491474,-4.970073610406054,空排,19.0
2539,2026-08-12,42.58999938964844,42.545000076293945,41.712500381469724,39.423333485921226,1262326.2,56.218304229206225,64.73720469383916,0.7236898645690104,0.7836608256851435,-0.05997096111613309,49.078807452130505,53.90666540313343,43.96472086019204,41.712500381469724,39.46027990274741,1.048849003076155,多排,35.0
2540,2026-08-12,48.66000061035156,53.68000030517578,54.06000022888183,53.78333339691162,2913479.6,14.642212336029301,27.373879265082792,-1.5669932135899813,-0.032042053011470284,-1.534951160578511,20.385059211504412,28.236815809162223,63.404720021836866,54.06000022888183,44.7152804359268,-17.684055102490277,交叉混雜,17.0
2542,2026-08-12,44.41999893188476,44.24999923706055,44.009999465942386,43.63416652679443,5015931.6,83.89069355524094,74.67461348902114,0.2612070869070706,0.1981091333322546,0.06309795357481601,72.02501352386706,60.9292367312867,45.156435484802024,44.009999465942386,42.86356344708275,1.795046082037586,多排,68.0
2543,2026-08-12,39.23000030517578,38.025000381469724,38.382500076293944,41.30916665395101,1432987.4,74.47368118562004,57.105675406428034,-0.27664323923379186,-0.7688454317889948,0.4922021925552029,75.58726861930231,61.70760036886427,41.03049310557836,38.382500076293944,35.73450704700953,6.819513889150472,交叉混雜,9.0
2545,2026-08-12,33.21000099182129,32.8850004196167,33.30999994277954,35.987499777475996,408010.0,72.64959721577674,48.931731134882426,-0.650805344200684,-0.9749845144708473,0.3241791702701633,80.49906284187094,61.81714327189237,35.099324934566056,33.30999994277954,31.52067495099303,4.923448883149601,交叉混雜,28.0
2546,2026-08-12,95.37642669677734,97.99821319580079,97.25410690307618,93.22970237731934,489040.4,50.598715466140135,49.01343485169468,0.6892529500501041,1.1059626066825068,-0.41670965663240267,57.80362836871451,55.676404988945045,103.77536861923411,97.25410690307618,90.73284518691824,2.412125971587854,交叉混雜,73.0
2547,2026-08-12,10.480000114440918,10.41500015258789,10.350000095367431,10.641166687011719,3741391.4,58.05131401902298,61.332546340470216,-0.0986773105064227,-0.12114069836253014,0.022463387856107436,32.661221483399586,37.90600309475427,10.854714745684344,10.350000095367431,9.845285445050518,-2.415456150668076,交叉混雜,38.0
2548,2026-08-12,94.14000091552734,95.96000061035156,97.07476234436035,100.17730178833008,1691297.0,10.910694511861543,19.2781557232312,-1.2913210659714025,-0.9287481810968073,-0.36257288487459516,22.102947126592852,34.13459231003705,101.10085106191133,97.07476234436035,93.04867362680938,-3.579471931039064,空排,25.0
2596,2026-08-12,31.900000762939452,31.070000457763673,31.152500057220458,30.3908332824707,67689.0,79.52207258417481,74.47925687801076,0.2618979137876707,0.1190415582392731,0.1428563555483976,71.25912862585423,62.296968629149,32.664026606362924,31.152500057220458,29.640973508077987,3.201994917988131,交叉混雜,60.0
2597,2026-08-12,166.6,164.4,163.075,169.35,189464.4,82.62096251801934,74.00741678867809,-0.23973363778222279,-1.2651664767280966,1.0254328389458738,64.22954746313685,55.50096888718867,168.44817900610096,163.075,157.70182099389902,2.40686800551894,交叉混雜,57.0
2601,2026-08-12,6.246000003814697,6.248000001907348,6.4214999914169315,6.098666644096374,1800768.6,31.265220718006066,33.39338662256925,-0.04504852418806138,0.00515997185798292,-0.0502084960460443,36.974572335088745,43.34266601410798,6.933350132317198,6.4214999914169315,5.909649850516665,-4.0722595087494655,交叉混雜,72.0
2603,2026-08-12,211.6,208.15,204.95,205.75,9046674.4,80.23251310290165,78.29428266726228,3.554529279048211,2.063105716274619,1.491423562773592,67.4135913048099,63.81812918635902,215.94712881188832,204.95,193.95287118811166,4.65967309099781,交叉混雜,64.0
2605,2026-08-12,32.58999938964844,31.76999988555908,31.58499994277954,31.211666552225747,4298782.2,73.55769170814902,68.66820599369218,0.4111648185680963,0.22712063884308625,0.18404417972501003,61.87061661136555,58.63581964704485,33.28765965234419,31.58499994277954,29.88234023321489,3.0552455153687914,多排,75.0
2606,2026-08-12,66.5000015258789,64.6700008392334,63.660000038146975,64.67166659037272,4240132.6,84.57740787030008,78.62312737532653,0.9320311949822582,0.3598072195379871,0.5722239754442711,72.96274200309747,64.87779009776152,67.7605277984475,63.660000038146975,59.559472277846446,5.874963062348115,交叉混雜,70.0
2607,2026-08-12,48.57000045776367,47.82500076293945,47.50250015258789,47.97083333333333,617351.0,83.78591939448071,71.8468269724313,0.3480460273445942,0.0048871183390492845,0.3431589090055449,91.28582936745751,75.79644703734166,49.35650742587432,47.50250015258789,45.648492879301465,6.310193858814833,交叉混雜,33.0
2608,2026-08-12,28.610000228881837,28.785000228881835,29.07750005722046,29.217500114440917,220605.6,11.927326748124166,15.323716321040088,-0.19382779700939778,-0.1265502188067915,-0.0672775782026063,26.04910349065068,34.80230304832418,29.86321074756279,29.07750005722046,28.291789366878128,-1.642162066240492,空排,27.0
2609,2026-08-12,51.24000015258789,50.93999977111817,50.7,51.40499979654948,14938468.2,74.36001671965477,64.66062293799234,0.11276317010983661,-0.06347005649561525,0.17623322660545188,63.38036867556495,55.91442564921659,52.246472942505854,50.7,49.15352705749415,1.9723880925827422,交叉混雜,42.0
2610,2026-08-12,21.120000076293945,21.72000026702881,21.420000267028808,21.036666774749754,52430642.2,29.010048052479473,49.29637223090318,-0.08944903677866023,0.10130298055598715,-0.19075201733464736,25.2588163874467,36.74253248510558,23.049465866198812,21.420000267028808,19.790534667858804,-5.462186052489251,交叉混雜,54.0
2611,2026-08-12,13.90999984741211,13.619999980926513,13.837499904632569,13.787499952316285,252551.4,67.70647624130515,54.87618964478123,-0.03672435137958985,-0.07782548566638602,0.04110113428679617,54.5613466982179,51.51003639843128,14.654989566461762,13.837499904632569,13.020010242803377,0.45166911890478484,交叉混雜,40.0
2612,2026-08-12,54.71999969482422,53.47999992370605,52.80000019073486,54.138333574930826,253002.2,83.37041678516894,76.72764382549063,0.3205978738483779,-0.08869422612853797,0.40929209997691585,65.37959302377385,59.22321199300118,56.003288486878276,52.80000019073486,49.59671189459145,4.166666290374719,交叉混雜,42.0
2613,2026-08-12,20.429999923706056,20.27999973297119,20.624999809265137,21.459999910990398,128560.6,56.1532340074874,45.555600652690245,-0.31059470645980625,-0.3556905870143938,0.045095880554587575,49.54221167788083,41.061317046396454,21.539502956505668,20.624999809265137,19.710496662024607,-0.8484802324559122,交叉混雜,19.0
2614,2026-08-12,18.030000305175783,18.050000381469726,18.130000114440918,18.385000133514403,350718.4,38.12832222108256,47.541903799143995,-0.10198902339857341,-0.10674875141138233,0.004759728012808925,40.49210195621347,43.296392245463515,18.438476618235736,18.130000114440918,17.8215236106461,-0.992825981054968,空排,43.0
2615,2026-08-12,86.18000030517578,85.7599998474121,84.63499946594239,82.42999979654948,9422298.0,65.54766628227074,63.52690273435503,1.446579399545513,1.2913937730321183,0.15518562651339463,65.30802012696799,61.29017865115773,89.04039085918625,84.63499946594239,80.22960807269853,2.9125054926840734,多排,68.0
2616,2026-08-12,13.35,13.360000133514404,13.527500104904174,13.582500044504801,111236.8,39.92982844836622,27.059985719257842,-0.08365491646681278,-0.07032482800396253,-0.013330088462850248,49.02057278073377,45.288960422511394,13.93074342925382,13.527500104904174,13.124256780554528,-0.9425280752921779,空排,40.0
2617,2026-08-12,29.1,28.789999961853027,28.819999980926514,29.406666692097982,881028.0,75.61984743683314,69.82609371931456,-0.13390123571723223,-0.22202027823908377,0.08811904252185154,52.19675270034391,49.153884832936,29.52067613041318,28.819999980926514,28.11932383143985,0.6245663400160034,交叉混雜,49.0
2618,2026-08-12,42.84000091552734,43.05500030517578,42.347500228881835,40.583333524068195,31155514.8,45.26708942763339,59.97211181270207,0.43108243861941986,0.5464838464367571,-0.11540140781733721,43.09977015348139,48.78332227634162,44.49016820680489,42.347500228881835,40.20483225095878,-0.4663762959690127,交叉混雜,72.0
2630,2026-08-12,48.44000015258789,48.32000045776367,50.765000343322754,47.31750017801921,1901817.2,40.716794872045384,37.387588565536475,-0.6819029653412727,-0.18369091261203638,-0.4982120527292363,38.643928975830704,43.719706680142274,57.554784326695476,50.765000343322754,43.97521635995003,-5.643649754886071,交叉混雜,63.0
2633,2026-08-12,25.799999618530272,25.8899995803833,25.949999809265137,25.894999917348226,4356515.6,19.49858119394012,23.72916236718445,-0.08482604079120293,-0.05827823587785336,-0.02654780491334957,44.21811378849044,45.22538354720381,26.245581006862185,25.949999809265137,25.65441861166809,-0.5780368913568699,交叉混雜,41.0
2634,2026-08-12,61.880000305175784,61.46000022888184,62.595000457763675,54.92833353678385,17498676.4,50.90228390698225,46.35376095181961,1.0531274375162312,1.5408786836205355,-0.4877512461043043,48.89869752420133,51.30332702663727,68.0035610504037,62.595000457763675,57.186439865123646,-1.429826165474873,交叉混雜,79.0
2636,2026-08-12,66.3,65.91999969482421,65.41499977111816,68.04166641235352,302779.2,67.092043628765,58.39143258142296,-0.3485997640863445,-0.7285050714040754,0.37990530731773087,67.4520545336965,57.128959522712265,67.99938590650459,65.41499977111816,62.83061363573173,3.3402105184561153,交叉混雜,49.0
2637,2026-08-12,87.36000061035156,84.55000076293945,83.0450008392334,79.09166704813639,2234272.0,87.52982571545574,79.96638570803168,2.2289059260636606,1.712832805114839,0.5160731209488216,72.44479645923062,65.76257294825847,89.48123877745681,83.0450008392334,76.60876290100998,5.9666435194081995,多排,80.0
2640,2026-08-12,147.0,146.6,147.425,154.3,19660.4,64.90396284964883,58.20954269893416,-1.937279717581987,-2.564976995837278,0.6276972782552912,61.8899014154807,50.67482023223836,156.09603466174897,147.425,138.75396533825105,1.068339833813796,交叉混雜,62.0
2641,2026-08-12,17.349999618530273,17.099999618530273,17.089999771118165,17.903333282470705,816494.4,80.43667560844145,75.87996626759993,-0.10478768914686398,-0.2113109494758909,0.10652326032902693,63.68787726492986,54.4398945849088,17.73693619008568,17.089999771118165,16.443063352150652,2.3990651513918015,交叉混雜,29.0
2642,2026-08-12,20.4,20.3,20.397500133514406,20.75833336512248,28956.0,44.28331692720693,35.88776620660917,-0.11632205004178431,-0.15073642430750853,0.03441437426572422,51.703167323621855,47.93721550378297,20.83576826857098,20.397500133514406,19.95923199845783,0.012253879149440008,交叉混雜,16.0
2643,2026-08-12,63.26000061035156,61.970000457763675,60.340000534057616,63.31333382924398,26304.6,83.90687100181239,83.67710331608139,0.324587725437425,-0.2690080231555967,0.5935957485930217,62.25343212294107,58.68155271470017,64.60955015826974,60.340000534057616,56.0704509098455,3.911170381163298,交叉混雜,27.0
2645,2026-08-12,189.9,187.75,194.975,188.13333333333333,2098216.6,46.78524148194679,51.94447077294132,-3.6848259426971026,-2.302143805660057,-1.3826821370370457,32.517048860952826,40.19480414031345,222.20399963370886,194.975,167.74600036629113,-6.654699320425693,交叉混雜,78.0
2646,2026-08-12,20.899999618530273,21.149999618530273,21.312499713897704,21.009999879201253,5673074.6,16.313780333741462,24.08417079397571,-0.09759902326347003,0.017125204703437782,-0.11472422796690782,25.366128082577063,36.5855443325348,22.019513430139273,21.312499713897704,20.605485997656135,-3.5777148953575693,交叉混雜,30.0
2701,2026-08-12,10.629999923706055,10.620000076293945,10.732500123977662,10.587500095367432,28287.2,42.57254288241997,34.82977508721792,-0.023469675805243284,-0.006283404392067059,-0.017186271413176225,49.26767211575181,47.36766486635214,10.998612460445852,10.732500123977662,10.466387787509472,-0.7686979221465148,交叉混雜,47.0
2702,2026-08-12,12.439999771118163,12.484999942779542,12.69249997138977,12.88166667620341,51272.4,45.95594807952286,39.902237977415645,-0.15115731868906224,-0.13494742997118128,-0.016209888717880955,35.5115085000309,38.755866811842694,13.204744877127503,12.69249997138977,12.180255065652037,-1.910578394100881,空排,50.0
2704,2026-08-12,45.83999938964844,46.369999694824216,46.17499980926514,44.62833315531413,75471.2,18.889133323041065,27.759742651427423,0.221745864378029,0.40773468740588137,-0.18598882302785236,36.995693513404646,45.18498205744083,47.87592922409129,46.17499980926514,44.47407039443899,-1.7866840033608524,交叉混雜,63.0
2705,2026-08-12,16.13000030517578,16.125,16.187500095367433,15.974166631698608,52896.4,34.87654503290845,41.29960890722362,-0.014886353161124077,0.003586758564240837,-0.018473111725364914,36.54037556831487,44.36850654392,16.409630947126317,16.187500095367433,15.965369243608547,-0.849426146698442,交叉混雜,49.0
2706,2026-08-12,12.479999923706055,12.494999980926513,12.634999990463257,12.428333282470703,55655.4,29.45760449314388,22.84673849945967,-0.0277200851973447,0.00039636763937496607,-0.028116452836719666,42.93501494056276,44.17783078633996,12.949726409301949,12.634999990463257,12.320273571624565,-1.068460550575015,交叉混雜,47.0
2707,2026-08-12,179.1,178.5,178.9,178.19166666666666,145084.0,59.50389353794884,54.114535017923906,-0.024929715105912464,-0.08381877133518548,0.05888905622927301,51.455470085696206,50.50515196742824,181.527786741338,178.9,176.27221325866202,0.05589714924538531,交叉混雜,45.0
2712,2026-08-12,14.700000190734864,14.620000076293945,14.727500057220459,14.9225000222524,5517.0,41.40963018886319,51.163062886365026,-0.10814289240373753,-0.09691427472125573,-0.011228617682481803,37.09182650131678,42.191030532831256,15.210337025139516,14.727500057220459,14.244663089301401,-2.5632298372706854,交叉混雜,13.0
2718,2026-08-12,44.81999893188477,44.144998931884764,44.982499504089354,47.32083320617676,19105.8,73.78824081766376,61.30044081809244,-0.884739361104323,-1.1079682245167377,0.22322886341241466,65.85118043264563,50.29659867847943,48.012399750648186,44.982499504089354,41.95259925753052,1.261601154288017,交叉混雜,31.0
2722,2026-08-12,21.949999618530274,21.844999885559083,21.875000095367433,22.509166717529297,29027.2,51.89829999897077,53.74285245487839,-0.17600289813180936,-0.23382716225554484,0.05782426412373548,45.56801393267818,45.30697118131312,22.634847981823714,21.875000095367433,21.11515220891115,-0.3428610650510098,交叉混雜,18.0
2723,2026-08-12,62.0,61.910000228881835,62.41500034332275,64.28833351135253,225784.8,40.63251409425929,39.40349572080427,-0.8808456545122283,-0.9703805936314076,0.08953493911917931,42.13203720711789,41.25037761145624,64.57519147641015,62.41500034332275,60.25480921023535,-1.305778842775972,交叉混雜,21.0
2724,2026-08-12,10.90999984741211,10.744999885559082,11.074999904632568,12.153333361943563,8016.0,53.6677830052039,45.91924786998951,-0.31505046281881377,-0.35292916062868296,0.03787869780986919,44.26029025521881,42.78191251511456,12.193504602914222,11.074999904632568,9.956495206350914,-2.031598420770426,交叉混雜,2.0
2726,2026-08-12,8.768000221252441,8.70900011062622,8.83250002861023,9.38816663424174,26279.2,67.5838394231,47.069709977936526,-0.13476464650934794,-0.1729530661318528,0.038188419622504854,66.35173730122105,49.16437083805622,9.194708109909378,8.83250002861023,8.470291947311082,0.5377875536578037,交叉混雜,6.0
2727,2026-08-12,234.4,231.7,227.275,236.60833333333332,727992.4,60.6087128911031,56.73687975599704,-0.19151077541016548,-1.8396903569900755,1.64817958157991,54.64284590468882,52.63468489094913,240.92272971287744,227.275,213.62727028712257,2.9589704102958945,交叉混雜,58.0
2729,2026-08-12,160.3,160.85,159.875,159.89166666666668,9226.2,32.71443501003485,36.7282153332861,0.29970896304709527,0.2122751499909213,0.08743381305617395,57.68936628795074,54.694006750011376,163.7121453204841,159.875,156.0378546795159,0.7036747458952306,交叉混雜,33.0
2731,2026-08-12,145.5,145.75,145.225,152.275,435087.6,44.780442282468236,51.95063338341603,-0.9432133727726182,-1.3442862417949044,0.4010728690222862,48.93091255521729,46.199545696977445,147.50708122924544,145.225,142.94291877075455,0.18936133585815507,交叉混雜,30.0
2732,2026-08-12,63.960000610351564,63.63999977111816,64.01000022888184,64.56333338419596,22514.0,63.23471329131942,64.50420302550192,-0.27001145789763825,-0.31271889043514545,0.042707432537507195,43.50949210887256,44.97562660283703,65.60327670409934,64.01000022888184,62.41672375366433,-0.7967508624562067,交叉混雜,30.0
2734,2026-08-12,14.980000114440918,14.734999942779542,14.9,15.161666679382325,61649.6,76.17185351071518,64.80748847186126,-0.07951580613610076,-0.13667856604290193,0.05716275990680117,60.26360475094743,52.00770254596905,15.592060220173273,14.9,14.207939779826727,0.671140939597313,交叉混雜,18.0
2736,2026-08-12,11.469999885559082,11.529999923706054,11.667500019073486,11.878333377838135,47192.6,28.176300648613637,30.331497686579624,-0.11595021283675067,-0.10269470476237781,-0.013255508074372854,41.1550917377191,39.525906157819094,11.997212899833759,11.667500019073486,11.337787138313214,-1.4356119031469046,空排,14.0
2739,2026-08-12,34.3,34.40999984741211,34.64750003814697,35.53333333333333,44645.6,28.614634712575032,26.84834998326248,-0.36874561651178794,-0.38904683402514617,0.020301217513358227,51.76208582623072,45.67894581849476,35.522579101721774,34.64750003814697,33.77242097457217,-0.42571625076722647,空排,43.0
2740,2026-08-12,30.920000076293945,32.16500034332275,33.01750040054321,32.1691668510437,1233.6,26.198853141451835,33.395639871354874,-0.43307750075571505,-0.04605266155902978,-0.3870248391966853,29.04967713045164,35.52941947073869,35.616949117495025,33.01750040054321,30.4180516835914,-6.867571357721275,交叉混雜,36.0
2743,2026-08-12,57.0,57.070000076293944,58.64499988555908,64.21166655222575,76489.2,27.25356302150061,25.45021151152762,-2.011125623018252,-2.1097959270987374,0.0986703040804855,36.33967087891695,34.27776309688987,62.415508692152954,58.64499988555908,54.87449107896521,-3.1460493684012305,空排,5.0
2745,2026-08-12,88.82000122070312,87.82999954223632,92.46499938964844,100.78833312988282,88760.6,62.788999490247065,49.557191574874764,-3.9040000048282053,-4.0997775740043245,0.19577756917611921,40.240764624096016,33.546220722321564,105.03836799323825,92.46499938964844,79.89163078605863,-4.288108382437654,交叉混雜,12.0
2748,2026-08-12,38.35,38.27999992370606,39.04999980926514,39.49583333333333,68069.8,51.13645798700396,39.63606371281068,-0.3944063061833276,-0.3537857009424058,-0.040620605240921814,45.30032223435239,42.527055593918796,40.690281870271164,39.04999980926514,37.40971774825911,-1.5364892426537917,交叉混雜,27.0
2751,2026-08-12,52.9,52.12000007629395,51.882499885559085,52.270833269755045,12023.8,91.41222152276323,79.24050712119593,0.18591135650130752,-0.15565886607434418,0.3415702225756517,77.17736856342532,64.2154127708421,54.16452932087607,51.882499885559085,49.6004704502421,4.081337867511464,交叉混雜,29.0
2752,2026-08-12,177.1,175.55,175.725,176.475,4003.0,82.01200042684437,67.83951297358081,-0.010747310598844706,-0.6040421777983115,0.5932948671994668,68.5027067694794,58.6508474668326,180.21446134387304,175.725,171.23553865612695,1.5791720017072162,交叉混雜,31.0
2753,2026-08-12,182.2,180.85,178.9,180.69166666666666,181677.8,76.93513393205717,72.9459817258543,0.5997919016930666,-0.21047989829244024,0.8102717999855069,64.86975746422121,58.470565581924866,184.1775592444695,178.9,173.6224407555305,2.291783119060925,交叉混雜,52.0
2754,2026-08-12,71.9,70.85999984741211,69.76000022888184,69.25,89544.2,83.03475543229415,76.60320197859899,0.940384479997391,0.5388961966004482,0.40148828339694287,68.00190907669304,64.02068781987265,73.22434461692605,69.76000022888184,66.29565584083763,4.0710983886485845,多排,35.0
2755,2026-08-12,103.4,102.95,103.5,107.8210287729899,44403.4,65.39034298858819,53.539076044911525,-1.3910885614001245,-1.7250299396560744,0.33394137825594994,63.00109397510126,49.20379586725966,106.11574181890336,103.5,100.88425818109664,0.966183574879227,交叉混雜,64.0
2756,2026-08-12,56.8,56.75999984741211,57.854999732971194,59.30999984741211,25080.4,42.83685744585727,38.92316702910871,-0.8429738205568285,-0.804911812377995,-0.03806200817883343,30.69205728120413,33.532339415846664,60.55975150527776,57.854999732971194,55.15024796066463,-2.34206160094231,交叉混雜,6.0
2762,2026-08-12,83.24000091552735,84.97000045776367,85.46999969482422,84.51666666666667,78414.2,24.16614634275964,27.166986771432548,-0.1506329393208432,0.3150140396423478,-0.465646978963191,44.633121641040084,46.54080807318249,89.37200906570938,85.46999969482422,81.56799032393907,-2.1879036239383205,交叉混雜,61.0
2801,2026-08-12,23.260000228881836,24.05500011444092,24.17500009536743,22.936666679382324,22187377.6,17.76588224601782,25.70721805798963,-0.008546299338348717,0.21254950798329103,-0.22109580732163975,46.856933471523085,47.34828028836385,25.604206722473478,24.17500009536743,22.745793468261382,-1.9648369412788524,交叉混雜,74.0
2812,2026-08-12,18.6,19.120332527160645,19.81516637802124,19.694222068786623,15546189.0,10.362971127559575,15.671707861169992,-0.43442082557988826,-0.23323403357204328,-0.20118679200784498,26.910421796277802,28.63314482693994,21.635369999003117,19.81516637802124,17.99496275703936,-5.880176513598974,交叉混雜,34.0
2816,2026-08-12,33.92999954223633,33.739999771118164,33.74500026702881,33.52833340962728,198369.4,74.14560588993774,69.29480472205563,0.04281611377155059,0.010760707734802952,0.03205540603674764,64.66548935351011,55.847629831807744,34.426252732011584,33.74500026702881,33.06374780204603,1.0520023834142456,交叉混雜,74.0
2820,2026-08-12,16.280000305175783,16.38999996185303,16.472499942779542,16.980833307902017,2041538.6,10.118255673241771,19.139734785306274,-0.19700242016560665,-0.18955757539720772,-0.007444844768398934,25.289260802463744,32.05351774163756,16.797712230696234,16.472499942779542,16.14728765486285,-1.6542672987504545,空排,49.0
2832,2026-08-12,58.31999969482422,58.60999984741211,57.61499996185303,55.978333473205566,134400.2,49.43402701654316,57.82297415893909,0.6593281359175265,0.6660114639073587,-0.006683327989832177,55.37797102377977,56.84859397438547,59.971870916455444,57.61499996185303,55.258129007250616,1.5360583853734784,交叉混雜,72.0
2834,2026-08-12,16.489999771118164,16.94093437194824,17.492967224121095,17.28848908742269,29452640.6,7.384824711381705,13.884844439489694,-0.3311168210227322,-0.1566991445055529,-0.17441767651717932,23.01520281014632,29.349815864561293,18.95636336899642,17.492967224121095,16.02957107924577,-5.676379606724983,交叉混雜,62.0
2836,2026-08-12,11.860000038146973,11.919999980926514,12.302500009536743,12.21666669845581,1276076.2,19.826414754656327,19.08797279941322,-0.15872106300728817,-0.09562222196834266,-0.0630988410389455,37.846304691482466,38.23417174558326,13.200729326427552,12.302500009536743,11.404270692645934,-3.2716959211091767,交叉混雜,51.0
2838,2026-08-12,20.2,20.435000038146974,20.4375,20.631886418660482,2343736.4,20.89500967191679,32.86614129356442,-0.23904339075657077,-0.16900959783647604,-0.07003379292009473,27.557444068073565,35.54789517010386,20.977358804726915,20.4375,19.897641195273085,-2.6299712854787844,空排,69.0
2845,2026-08-12,13.139999961853027,13.260000038146973,13.30750002861023,12.92750005722046,5980361.6,9.738740395253675,21.467118570307512,0.007246596115953352,0.0592798955575281,-0.05203329944157475,30.274853126835353,42.337013143157996,13.561468495416,13.30750002861023,13.05353156180446,-1.5592684327964907,交叉混雜,61.0
2849,2026-08-12,14.489999771118164,14.774999809265136,14.837499856948853,14.419999965031941,147614.2,20.8866740652998,32.760843240747995,-0.016967877919933372,0.07237015041481461,-0.08933802833474798,37.76819964701538,43.23255010429816,15.499931721512551,14.837499856948853,14.175067992385154,-2.6116262943196444,交叉混雜,66.0
2850,2026-08-12,159.7,159.8,154.75,147.075,221376.6,52.06171553900351,60.039378207255275,3.926320273391269,3.9656006895810068,-0.039280416189737544,49.34424045046115,56.08754558241124,167.45101529302863,154.75,142.04898470697137,2.10016155088853,交叉混雜,83.0
2851,2026-08-12,35.810000610351565,35.20500030517578,35.365000343322755,36.4991668065389,1117379.8,86.87373938377266,77.14674144353847,-0.23166193206133556,-0.45165074433284236,0.2199888122715068,78.55975008633914,59.97093376836084,36.99630664829881,35.365000343322755,33.7336940383467,3.7749198548184335,交叉混雜,81.0
2852,2026-08-12,26.8,26.79000015258789,26.725,26.90749994913737,222948.8,54.45044952891251,56.226983992040466,0.009082490938133958,-0.010848776551686137,0.019931267489820097,58.05972885255758,53.92180088063342,27.03021759828774,26.725,26.41978240171226,0.6548161591404004,交叉混雜,56.0
2855,2026-08-12,45.82999954223633,44.72999954223633,44.2875,47.7300001780192,4306502.0,85.56720495379746,77.36390358836464,-0.3757508323904233,-0.9494729615184251,0.5737221291280018,71.42073746622705,58.517789737875965,47.900032926154275,44.2875,40.67496707384573,7.253739768557716,交叉混雜,91.0
2867,2026-08-12,9.638000106811523,9.702000045776368,9.471000003814698,8.670333282152813,13368720.8,39.3170677654934,55.94262981180555,0.2336579828345844,0.2796658100872575,-0.046007827252673106,34.67500112378329,52.109767144599836,10.046459722652026,9.471000003814698,8.89554028497737,-0.4328972507908669,交叉混雜,82.0
2880,2026-08-12,43.86000061035156,43.57500038146973,42.19000053405762,37.96583340962728,26099641.4,60.50907905643115,70.16356660829794,1.4427753123876315,1.4969020056883484,-0.054126693300716955,50.61346968913663,61.961144801479534,45.30964908829045,42.19000053405762,39.070351979824785,2.39393272362374,多排,84.0
2881,2026-08-12,127.3,127.8,126.8,122.81166661580404,12194347.6,50.24673478218369,58.86534317416152,0.9345810396683163,1.1218117651549067,-0.18723072548659037,47.1486497663078,50.57945233451483,131.40434577329017,126.8,122.19565422670983,0.15772870662460792,交叉混雜,84.0
2882,2026-08-12,99.43999938964843,99.40999908447266,97.73000030517578,97.06166674296061,15423044.0,64.70355606703222,66.99645351573037,0.7391910685926746,0.4750996323563086,0.264091436236366,54.182539404396394,53.60899180717262,102.52916589411245,97.73000030517578,92.9308347162391,2.0157542585846877,多排,85.0
2883,2026-08-12,30.95,30.710000038146973,30.41500005722046,28.35916665395101,30658534.6,75.55798144629188,73.00963272295613,0.537346374561924,0.5386559560233508,-0.0013095814614267898,61.02112110106286,58.487525250390476,31.825151191042018,30.41500005722046,29.004848923398903,2.5809656559005503,多排,91.0
2884,2026-08-12,37.51000061035156,37.845000457763675,36.90250034332276,34.72000023523967,26127752.8,40.208589098434636,57.47367812445336,0.7201110471767009,0.8450981512035927,-0.12498710402689173,35.67592667165522,50.33889563617672,39.17903424845008,36.90250034332276,34.625966438195434,-0.41325206125321695,交叉混雜,72.0
2885,2026-08-12,67.9999984741211,67.75999908447265,65.66999912261963,64.60333315531413,16911029.0,71.05877684416735,71.15490688614325,0.9279376908812509,0.6212256518084339,0.30671203907281697,63.66256419208174,58.96195274646474,71.02757105616956,65.66999912261963,60.3124271890697,4.4617015237514215,多排,90.0
2886,2026-08-12,50.060000610351565,50.84000015258789,49.64750022888184,45.74916693369548,28032939.0,22.942948478525242,41.381724340810294,1.017799300492868,1.343349205611783,-0.325549905118915,33.552534020150674,46.64669617252325,52.89427581966909,49.64750022888184,46.40072463809459,-1.9084535204678628,交叉混雜,76.0
2887,2026-08-12,35.35000076293945,35.240000534057614,34.882104110717776,31.606740697224936,41026789.4,78.08987445778955,75.24564999229034,0.6773746152114839,0.7458350377413826,-0.0684604225298987,57.31730198459283,57.04924427992931,36.690291839872934,34.882104110717776,33.07391638156262,2.201407956136419,多排,92.0
2889,2026-08-12,15.270000076293945,15.390000057220458,15.5375,15.204166698455811,4170121.0,16.522286806025644,26.476124628874754,-0.03429973431503086,0.032662134713595636,-0.0669618690286265,26.22547930702396,38.145837532480655,15.94773100528855,15.5375,15.12726899471145,-2.172165346644331,交叉混雜,52.0
2890,2026-08-12,39.09000015258789,39.409999465942384,39.196273994445804,36.45267906188965,15583157.6,42.8365192148477,43.369995676845406,0.3733679021090168,0.5062828116119938,-0.13291490950297702,62.14934931015745,57.41926517580326,40.364801367500235,39.196273994445804,38.02774662139137,1.6678230174835607,交叉混雜,86.0
2891,2026-08-12,66.01999969482422,65.37000045776367,64.07500019073487,65.9183333714803,26308044.8,84.10983340490468,79.8345969120507,0.04812527109103826,-0.4093676016068473,0.4574928726978856,66.25150612871423,57.044297485720634,67.35420154667001,64.07500019073487,60.795798834799726,3.9406918078344932,交叉混雜,83.0
2892,2026-08-12,34.37000045776367,35.125000381469725,34.74750022888183,32.216666571299235,52290512.6,27.994266824329678,44.84529576701051,0.3342864126818412,0.6983856113519322,-0.364099198670091,30.36153388300241,40.51934223459249,36.70049346415837,34.74750022888183,32.794506993605296,-4.5974492912589415,交叉混雜,71.0
2897,2026-08-12,10.129999923706055,10.179999923706054,10.252499914169311,10.320999972025554,2929300.2,25.72642743604408,32.36854824188369,-0.07436858383277034,-0.06217441848773528,-0.012194165345035063,32.81486364106442,38.4111340633346,10.532490475718209,10.252499914169311,9.972509352620413,-1.4874375418313825,空排,63.0
2901,2026-08-12,23.95,24.01499996185303,24.117500019073486,23.725833288828532,3566.2,46.088326499301274,47.84573541513632,0.014272725988160317,0.061201408144655516,-0.0469286821564952,53.696598853956694,51.555378640140475,24.555527966230027,24.117500019073486,23.679472071916944,-0.0725599153723203,交叉混雜,50.0
2903,2026-08-12,21.95999984741211,22.094999885559083,22.189999961853026,22.53999989827474,973843.2,17.87151622168753,24.942747948354373,-0.14391375389477545,-0.13506290563291218,-0.008850848261863276,45.16179506732737,44.904661863769164,22.607511315045922,22.189999961853026,21.77248860866013,-0.8562413798091757,空排,51.0
2904,2026-08-12,13.089999961853028,13.194999980926514,13.425000047683715,13.892500003178915,26635.8,32.32701725260077,32.22982759801264,-0.25591294504448747,-0.23260472530519458,-0.023308219739292896,14.540065949326035,22.67040539385991,13.968381324600621,13.425000047683715,12.88161877076681,-3.1657359119119177,空排,9.0
2905,2026-08-12,16.379999923706055,16.535000038146972,16.200000047683716,15.133333333333333,724531.0,43.02673668132947,50.15882972818236,0.32223197344973187,0.3739428241852326,-0.051710850735500746,51.72321899320036,57.977264998564486,17.169536124779455,16.200000047683716,15.230463970587978,1.2345652485053766,交叉混雜,75.0
2906,2026-08-12,13.319999885559081,13.13499994277954,13.354999923706055,13.276666609446208,110792.4,74.29416241686003,57.848712095027665,-0.08120844198324662,-0.11191712177135645,0.03070867978810983,66.35824185980556,54.124878549912296,14.176359690957142,13.354999923706055,12.533640156454968,1.0857362569995956,交叉混雜,57.0
2908,2026-08-12,21.729999923706053,21.785000038146972,21.80999994277954,21.51583334604899,140615.0,53.66371969662566,49.997293283680975,0.05826552440965216,0.08412502514309188,-0.02585950073343972,53.63380762822122,52.743800959082066,22.23993269837109,21.80999994277954,21.380067187187993,0.18340412102306386,交叉混雜,63.0
2910,2026-08-12,24.289999771118165,24.88999996185303,25.004999923706055,23.22833340962728,24802.4,15.604431561911976,19.690130783571465,0.20438726371275706,0.4427993625836173,-0.23841209887086023,46.733598935409496,49.40039491878155,27.378294132917514,25.004999923706055,22.631705714494597,-2.4195173246219843,交叉混雜,71.0
2911,2026-08-12,6.936000061035156,6.8700000762939455,6.966000032424927,7.654000035921732,123789.2,61.63833259934019,58.17403028380081,-0.13275514685004097,-0.16653121795673306,0.03377607110669209,55.685806643443414,47.71678239123074,7.3463821079651614,6.966000032424927,6.585617956884692,0.4880845164629919,交叉混雜,84.0
2912,2026-08-12,219.8,221.65,231.35,228.98333333333332,2013836.2,13.576105621775126,14.084555953978892,-4.275693356996356,-2.4762876422473514,-1.799405714749005,25.663143408547967,32.355078651776765,252.0993817282653,231.35,210.60061827173467,-5.122109358115408,交叉混雜,36.0
2913,2026-08-12,10.989999961853027,10.955000019073486,11.087499952316284,11.087499968210857,1515060.0,47.19490843183198,41.04027617367193,-0.05654510177793348,-0.05206589815528697,-0.004479203622646512,49.43744798773164,47.47046780081243,11.462894442846173,11.087499952316284,10.712105461786395,-0.7891765744540478,交叉混雜,22.0
2915,2026-08-12,52.92000045776367,52.43000030517578,51.935000038146974,50.301666768391925,2397827.8,86.7925561926217,73.15649866457028,0.6035563682947966,0.38216235774366,0.22139401055113667,78.94803448218528,67.9231465679398,53.924736722794904,51.935000038146974,49.945263353499044,4.938865812975831,多排,70.0
2916,2026-08-12,41.07000045776367,40.535000228881835,40.052500343322755,41.80750001271566,42065.4,81.52587599785298,81.06773880002868,0.0005860422235031137,-0.2559966135038485,0.2565826557273516,69.07271371147216,59.49548771222607,41.40487611442143,40.052500343322755,38.700124572224084,2.3656442133585913,交叉混雜,22.0
2923,2026-08-12,27.24000015258789,30.025,32.62000007629395,27.75916665395101,198139.6,9.28962408707908,13.787359223660669,-0.5999022946502421,0.6247823555319763,-1.2246846501822184,34.8104439022229,41.096487132501245,41.05616294453762,32.62000007629395,24.183837208050278,-16.46229326711899,交叉混雜,79.0
2924,2026-08-12,17.030000305175783,17.130000114440918,17.610000228881837,17.32583352724711,5800.0,47.237802315181746,43.51837817904492,-0.2870802100539329,-0.1706614671409323,-0.11641874291300061,33.56311724747539,38.07363919465802,19.10017883375592,17.610000228881837,16.119821624007756,-6.871099344831717,交叉混雜,11.0
2926,2026-08-12,30.420000076293945,30.520000076293947,30.979999923706053,33.26000003814697,16247.8,57.563647350200355,43.407482507617445,-0.6923625832241989,-0.7689033265502154,0.07654074332601657,49.95737407135883,39.38492107986953,32.211344654848425,30.979999923706053,29.748655192563685,-1.0652043447013113,空排,8.0
2929,2026-08-12,5.673999977111817,5.633999967575074,5.746999979019165,5.810333339373271,506330.2,52.74358584249624,35.239567773994054,-0.02999060088584571,-0.048624548776481535,0.018633947890635827,67.83304952566363,58.74171532697563,6.096260878053284,5.746999979019165,5.397739079985046,2.488252792561108,交叉混雜,16.0
2937,2026-08-12,45.300000762939455,45.380000305175784,46.43500022888183,47.57250010172526,11389.2,66.67259937346064,55.39960413472312,-0.6589253402790405,-0.6228660684056255,-0.036059271873414955,57.79493908907006,45.082034115141234,48.782025042846826,46.43500022888183,44.08797541491684,-0.9367938553627266,空排,60.0
2939,2026-08-12,19.410000228881835,19.115000343322755,19.147500133514406,20.200833479563396,39200.2,55.6192451951196,40.51593239760652,-0.0777696769176579,-0.2694416544366707,0.19167197751901277,60.69031468291502,55.4681873742416,20.368145061566363,19.147500133514406,17.92685520546245,3.9300142565281764,交叉混雜,15.0
2945,2026-08-12,40.90999984741211,41.14499969482422,41.21249980926514,41.62083339691162,31043.6,30.47766376410594,48.72991929298519,-0.23899586140555584,-0.14567343971214422,-0.09332242169341162,23.437817465105752,35.22536555151399,42.17816048158293,41.21249980926514,40.24683913694735,-2.3354560235842725,空排,53.0
2948,2026-08-12,37.368437957763675,37.734218978881835,37.43210945129395,37.50070311228434,10947.4,75.7330476144815,69.49925875450604,-0.041661778823730344,-0.01450804800720255,-0.027153730816527794,59.16271908070063,55.097140099689476,38.6765633015206,37.43210945129395,36.18765560106729,2.18499721414386,交叉混雜,50.0
3002,2026-08-12,16.809999847412108,16.425,17.094999933242796,18.95333326657613,116893.6,71.01475099413057,59.04579513463317,-0.7377446735759676,-0.8835631595897104,0.1458184860137428,62.32462800312515,46.434080444930544,19.295214876279573,17.094999933242796,14.894784990206022,0.6142195385006872,交叉混雜,41.0
3003,2026-08-12,66.43999862670898,61.5299991607666,60.669999313354495,63.2799996693929,2550814.2,81.43392910804752,73.94245487147259,1.0182734859472689,-0.6223705545166633,1.6406440404639322,80.34056020414681,68.40991733674329,70.24740608377758,60.669999313354495,51.092592542931406,14.88379386366671,交叉混雜,80.0
3004,2026-08-12,126.5,127.15,132.575,134.39166666666668,459670.8,36.43571181172268,33.67435711207751,-3.637357768270732,-2.7976520176499022,-0.8397057506208299,40.629958864505376,41.59637923211245,146.39822606873471,132.575,118.75177393126525,-4.959456911182341,空排,66.0
3005,2026-08-12,114.8,114.15,113.075,107.7533332824707,2588393.8,65.7845088735491,69.5844453417468,1.7232714576945227,1.8307984412586196,-0.10752698356409685,56.63180246693652,56.75474268804969,118.00903859349626,113.075,108.14096140650375,1.260225514039352,多排,52.0
3006,2026-08-12,266.3,233.0,217.35,225.58333333333334,16231611.2,89.73971120523386,82.8435437383094,12.862973827146163,3.3310276474762635,9.5319461796699,75.29603507865035,66.38364723603027,285.1570792764292,217.35,149.54292072357077,26.063952150908676,交叉混雜,97.0
3008,2026-08-12,4470.0,4299.0,4151.0,4145.416666666667,1809555.8,71.56642178402129,68.70693785280872,96.12700054980905,40.86555333646821,55.261447213340844,66.6161887511189,60.083505311414065,4694.2707960996395,4151.0,3607.7292039003605,10.45531197301855,多排,93.0
3010,2026-08-12,124.2,119.35,117.575,125.925,1333100.0,87.76659751531648,79.8716827272462,0.7354669177774298,-1.4321805622571662,2.1676474800345957,87.28363897032763,70.91817092541281,128.49227264958017,117.575,106.65772735041983,12.694025090367846,交叉混雜,74.0
3011,2026-08-12,11.489999961853027,11.510000038146973,11.775000047683715,13.233333396911622,540563.4,26.7537341944039,31.38027590483415,-0.4642781862133116,-0.5017532414221597,0.037475055208848085,33.507956265083735,34.36621768518934,12.45517022087912,11.775000047683715,11.09482987448831,-4.033969044800896,空排,17.0
3013,2026-08-12,86.39999847412109,82.78999938964844,84.44499969482422,102.53666661580404,987668.0,80.65643411327085,73.4157767994625,-3.8510693240115046,-5.436006437805923,1.5849371137944184,58.04389668913677,47.64337616299167,95.53534019143396,84.44499969482422,73.35465919821448,2.6703739257117687,交叉混雜,7.0
3014,2026-08-12,134.3,130.05,129.025,143.475,2244852.2,84.48542336492721,77.0875939653158,-2.1286644579643905,-3.999306083128666,1.8706416251642755,64.44374375392584,52.81823753387897,138.5752824427777,129.025,119.47471755722229,4.630885487308657,交叉混雜,55.0
3015,2026-08-12,56.64000015258789,55.15,55.10999984741211,58.47000020345052,773096.8,68.93158862996657,67.653760366128,-0.8880293689727381,-1.3703510194718782,0.4823216504991401,48.94426679445912,47.80437002354791,60.09414258157055,55.10999984741211,50.12585711325367,1.0705877647630706,交叉混雜,59.0
3016,2026-08-12,102.8,95.49000091552735,96.87500076293945,114.48333358764648,5798399.0,82.56908381126215,73.42412574470526,-3.4450950323312384,-5.878750862271925,2.4336558299406867,58.668416214830216,51.68823410826304,118.66344349897308,96.87500076293945,75.08655802690582,7.354837864203964,交叉混雜,90.0
3017,2026-08-12,2832.0,2647.0,2458.5,2482.3333333333335,4513445.8,84.55053089450496,80.90435089852454,120.80900217947146,57.90141471872711,62.90758746074435,72.77290204373293,65.87973795104456,3009.538254474916,2458.5,1907.461745525084,18.364856619890176,交叉混雜,94.0
3018,2026-08-12,13.629999923706055,14.235000038146973,13.672499990463256,12.05216670036316,72907.4,8.131804891070646,19.70269369849712,0.36650682505165655,0.6437014844731253,-0.2771946594214687,27.00360312547633,40.755035793169085,16.966749469753772,13.672499990463256,10.378250511172743,-8.941306871829067,交叉混雜,65.0
3019,2026-08-12,134.2,131.6,132.275,144.20833333333334,3054992.6,76.97025758781731,69.38135385983716,-2.0838778821062363,-3.5498158319012934,1.465937949795057,62.43326366256114,53.14632944765218,143.3985880239399,132.275,121.1514119760601,3.9501039501039457,交叉混雜,33.0
3021,2026-08-12,20.920000076293945,20.63499984741211,21.17249994277954,25.775833320617675,128589.4,60.92251149917875,53.64650445503318,-1.2111475407460297,-1.4608322918937846,0.2496847511477549,50.12429313223349,41.70793862231327,23.329367856940905,21.17249994277954,19.015632028618178,-0.5785840408551814,交叉混雜,74.0
3022,2026-08-12,106.0,97.9,92.68499984741212,85.35833358764648,6980024.0,78.23666317746071,79.44231599955594,5.603766442491178,3.755370303567629,1.8483961389235493,63.472255503109714,63.87963769020576,111.47304413385424,92.68499984741212,73.89695556096999,13.826401438944055,多排,88.0
3023,2026-08-12,317.9,307.55,303.0,313.8333333333333,1416729.0,79.57963097627997,74.61625143766807,0.9067190731838082,-2.2738907710136864,3.1806098441974946,58.67584541597334,54.36681365148255,332.97191668001415,303.0,273.02808331998585,4.125412541254125,交叉混雜,78.0
3024,2026-08-12,12.990000152587891,12.605000114440918,12.970000076293946,13.225,1017033.0,80.83260625463743,63.37916240411975,0.015422382812385393,-0.06598768823620098,0.08141007104858637,74.89480060426814,60.633344293978624,14.22965736617118,12.970000076293946,11.710342786416712,2.929840423596682,交叉混雜,53.0
3025,2026-08-12,55.2,54.510000228881836,55.125000381469725,64.1449997584025,213406.2,77.56215212047564,68.45412981465861,-1.8490104508110647,-2.5128057067256853,0.6637952559146205,62.13355085908141,50.23111054332985,59.08579467201781,55.125000381469725,51.16420609092164,2.857143529379756,交叉混雜,54.0
3026,2026-08-12,609.4,542.9,588.725,696.6333333333333,10277245.0,82.07317297365626,64.2130518757867,-37.636779793718915,-55.74198123592424,18.105201442205328,69.76905133557662,55.83761877056216,780.9579932249151,588.725,396.492006775085,16.353136014268117,交叉混雜,99.0
3027,2026-08-12,18.49000015258789,18.315000343322755,18.607500267028808,19.865833441416424,155149.4,69.7479875294207,63.609547671947595,-0.43189960338636624,-0.4921591331575989,0.06025952977123267,45.39863370569406,43.669251372884425,19.890291195639488,18.607500267028808,17.324709338418128,-1.1151452130634179,交叉混雜,17.0
3028,2026-08-12,69.41999969482421,66.89999923706054,66.35407428741455,74.56867173512777,2258189.6,76.24485395535874,70.8893946595957,-1.0176764267583138,-2.116827515667616,1.0991510889093021,56.84270714862105,52.00031031766288,75.08008817370087,66.35407428741455,57.628060401128224,5.042527827808555,交叉混雜,86.0
3029,2026-08-12,109.0,107.35,105.39000015258789,102.92000007629395,1537124.8,60.04066129599602,63.745064334216664,1.6985112010790857,1.304016345516284,0.3944948555628016,58.34473480831215,57.61242203954309,111.55779363041856,105.39000015258789,99.22220667475722,2.9509439632881005,多排,55.0
3030,2026-08-12,298.4,289.0,288.75,325.81666666666666,1248430.2,83.06901992852849,73.39315535700406,-3.467071041371355,-8.341587573239636,4.874516531868281,68.67689816003983,56.42288069235207,320.78041317905587,288.75,256.71958682094413,6.493506493506493,交叉混雜,87.0
3031,2026-08-12,23.04000015258789,22.34500026702881,23.215000057220458,28.328333314259847,454679.2,81.02376398910353,68.9210735530619,-1.5045416139466603,-1.8677005475803299,0.3631589336336696,55.53435093281634,43.84169581593579,27.1554917719564,23.215000057220458,19.274508342484516,0.36613904643800504,交叉混雜,60.0
3032,2026-08-12,81.6,80.33999938964844,79.18499946594238,82.17666651407878,750853.0,55.31257178734789,57.90956680372985,0.4358602169487824,0.06466763281647565,0.37119258413230677,53.55777731482583,52.594123080245055,86.00116434936685,79.18499946594238,72.36883458251792,2.9235341916663184,交叉混雜,34.0
3033,2026-08-12,48.98999938964844,47.404999542236325,48.16499996185303,49.51750005086263,7085275.2,76.69420873323094,67.86346784429844,-0.0724675826824921,-0.4895898924981529,0.4171223098156608,66.5268220733158,56.83730237012265,53.693881543215376,48.16499996185303,42.63611838049068,4.43267783016392,交叉混雜,84.0
3034,2026-08-12,540.8,530.7,509.975,508.14166666666665,2933254.8,60.14704732538298,65.94719074847573,10.213521621759128,6.418431290172247,3.7950903315868807,59.55221601948056,58.02833604563821,566.9657425538737,509.975,452.9842574461263,5.299279376440017,多排,76.0
3035,2026-08-12,175.2,167.35,179.025,197.44166666666666,3621409.6,77.22912679707878,59.55666081940653,-7.466982617689183,-8.747277784074292,1.280295166385109,58.12736713925908,48.046741409060246,210.99945526468886,179.025,147.05054473531115,-0.013964530093565526,交叉混雜,50.0
3036,2026-08-12,222.3,213.35,204.5,229.925,21682402.0,70.91339233698196,72.36927074201357,1.9123101745942677,-1.7973242843670048,3.7096344589612724,53.213368015831016,53.316581859949885,234.41743023019788,204.5,174.58256976980212,6.356968215158925,交叉混雜,76.0
3037,2026-08-12,982.4,917.3,868.3,927.7833333333333,13141827.0,90.67060526620817,82.55092894445008,24.63505705884336,0.4743125410718658,24.16074451777149,72.47567791152309,61.32032391604849,1061.8737041732882,868.3,674.7262958267117,15.167568812622372,交叉混雜,99.0
3038,2026-08-12,20.690000152587892,20.670000076293945,20.612499904632568,22.0424999554952,182005.8,56.977578002442954,65.54441078631932,-0.2865220160896378,-0.36395114346826096,0.07742912737862317,38.68651677227926,40.77674697307471,21.264521196974766,20.612499904632568,19.96047861229037,-0.54578486429627,交叉混雜,29.0
3040,2026-08-12,38.04000015258789,36.94000015258789,36.89750022888184,37.94583358764648,87008.4,82.29219350649086,76.94006499044319,0.005894838807328995,-0.29558626369526386,0.30148110250259286,59.4825083494762,55.01166225154159,39.40527224388506,36.89750022888184,34.38972821387862,2.174945535821015,交叉混雜,7.0
3041,2026-08-12,23.33000030517578,22.525,22.939999961853026,25.41916653315226,940452.8,72.17423752083386,66.55660759381149,-0.6474582135972575,-0.9425291682205488,0.29507095462329125,55.51525437313778,49.16731518921592,25.566504696990577,22.939999961853026,20.313495226715474,2.223194428659584,交叉混雜,31.0
3042,2026-08-12,176.6,167.05,164.675,191.7,12089831.8,82.49190627584866,73.50153470112576,-3.0377701352425674,-7.235066231870787,4.19729609662822,66.1986782804471,55.24471384644184,192.78619836798526,164.675,136.56380163201476,10.217094276605428,交叉混雜,92.0
3043,2026-08-12,20.310000228881837,19.935000228881837,20.287500190734864,21.629166730244954,54547.6,79.41830915077841,67.39701671981194,-0.3786611225262,-0.5186439122558092,0.1399827897296092,60.46872378853842,50.62694648022439,21.960151710237373,20.287500190734864,18.614848671232355,1.5403582885858893,交叉混雜,42.0
3044,2026-08-12,424.0,399.55,395.675,465.675,3582203.2,90.3860845790619,78.09732969931594,-6.20338033305552,-20.140509843522352,13.937129510466832,86.93272157025615,69.5573722643942,460.8979173478789,395.675,330.45208265212113,22.701712263852905,交叉混雜,79.0
3045,2026-08-12,110.3,111.15,111.8,114.15833333333333,8471100.0,15.116942674151463,22.45066706863967,-1.0152132156791112,-0.8375910407175183,-0.17762217496159283,27.507027534339002,35.366540611748604,114.63586058598784,111.8,108.96413941401215,-2.057245080500892,空排,49.0
3046,2026-08-12,58.83999938964844,55.77999992370606,54.8100004196167,55.25000006357829,996731.8,87.30076192452107,75.34850011676096,1.3645723807676333,0.37351044543820133,0.991061935329432,88.99370061597365,74.33625338794229,60.905346861719494,54.8100004196167,48.714653977513905,13.66538726528298,交叉混雜,78.0
3047,2026-08-12,14.430000114440919,14.25,14.525,15.372500022252401,431343.8,67.94192356980997,63.56405988692649,-0.3114895244490281,-0.35519189411619634,0.04370236966716823,46.73633258928692,44.88903802495361,15.64538520935749,14.525,13.40461479064251,-1.2048166508108349,交叉混雜,20.0
3048,2026-08-12,58.34000015258789,54.55999984741211,52.21000003814697,62.335000101725264,6300076.0,81.76448565842696,76.32265882344751,-0.05346349718579546,-1.723742481687871,1.6702789845020756,75.34225272898111,61.38761841431789,62.53399327098032,52.21000003814697,41.88600680531363,14.345912122811624,交叉混雜,88.0
3049,2026-08-12,10.75,10.417999935150146,10.690499973297118,12.558499940236409,1681547.8,73.90230313092081,66.90901911512833,-0.46700351337804946,-0.6255661590508268,0.15856264567277734,54.084971025031074,45.344900918225946,12.001947228280926,10.690499973297118,9.37905271831331,0.5565691674991963,交叉混雜,78.0
3050,2026-08-12,11.380000114440918,11.265000057220458,11.415000057220459,12.255833339691161,466552.0,82.82737674855267,73.76498361828816,-0.2215743405188828,-0.29707106176818093,0.07549672124929813,63.81398498676635,49.725936978558245,12.130321294382798,11.415000057220459,10.69967882005812,1.1826555658141369,交叉混雜,28.0
3051,2026-08-12,23.059999847412108,22.38999996185303,22.532499980926513,25.64333333969116,501718.2,80.29670425765438,72.74283720443378,-0.5826537367240476,-0.901947377168811,0.3192936404447634,62.6764609986862,50.484466014013705,24.30131593546467,22.532499980926513,20.763684026388354,3.1842894471578482,交叉混雜,38.0
3052,2026-08-12,10.739999961853027,10.635000038146973,10.672499990463256,10.716666650772094,232999.2,71.3606897272344,59.37132579358409,-0.008433502446784757,-0.03700073851116295,0.028567236064378193,79.57858552696942,62.37769375675037,10.911962278475093,10.672499990463256,10.43303770245142,1.6631566283914834,交叉混雜,44.0
3054,2026-08-12,49.039999389648436,48.64499969482422,51.36749973297119,61.67416655222575,98191.2,46.73977841558782,46.64703884462489,-3.3598080888984896,-3.628292734643204,0.26848464574471453,35.51200583332633,32.80482888597162,58.62300785556845,51.36749973297119,44.11199161037393,-5.874339367374847,交叉混雜,85.0
3055,2026-08-12,110.2,104.16999969482421,125.53499984741211,119.58833338419596,1455949.0,66.5014670024559,49.83124390145841,-7.512607206096121,-6.152476519039298,-1.3601306870568228,55.24525861474959,48.197060974505305,183.28361238780602,125.53499984741211,67.7863873070182,-6.798900591696665,交叉混雜,89.0
3056,2026-08-12,14.120000267028809,14.055000114440919,14.190000009536742,14.343333339691162,608049.0,66.83712293091239,63.38763195324824,-0.1178431289122095,-0.13165921005447695,0.013816081142267456,48.38453285685699,45.391046081532494,14.752513332174733,14.190000009536742,13.627486686898752,-0.6342468499403059,交叉混雜,15.0
3057,2026-08-12,16.039999580383302,15.354999828338624,15.527499914169312,18.38666663169861,170875.2,76.17086719933788,69.78113537729918,-0.5251241290402966,-0.8488419812640577,0.32371785222376115,59.03785444505711,51.279921300986416,17.473744382219827,15.527499914169312,13.581255446118796,4.97503994307742,交叉混雜,44.0
3058,2026-08-12,8.217999839782715,8.20999984741211,8.383499956130981,8.920666615168253,338760.4,47.79742247015095,35.53426878091437,-0.21550943835572411,-0.23429025216002847,0.018780813804304353,54.17575706127041,42.55110063492091,8.885759249220708,8.383499956130981,7.881240663041255,-0.87671660880168,交叉混雜,26.0
3059,2026-08-12,40.50999984741211,39.43999977111817,40.01999969482422,44.5916664759318,1505664.4,82.02051753236759,70.8919861781406,-1.2003641413785715,-1.6240837661847227,0.4237196248061512,59.78615415630861,48.08912960152776,43.46985112991391,40.01999969482422,36.57014825973453,1.949024358281548,交叉混雜,47.0
3060,2026-08-12,29.07999954223633,28.354999542236328,28.662499713897706,31.862499809265138,1135650.4,65.13921346684563,64.2047831322733,-1.0473437745417762,-1.3388959483220084,0.29155217378023224,50.87279276049983,45.11016699242482,31.653165188562582,28.662499713897706,25.67183423923283,0.8286084849654969,交叉混雜,69.0
3062,2026-08-12,20.809999465942383,20.249999618530275,20.60999975204468,24.519999980926514,1278507.6,89.40386691308086,76.222728979952,-0.7912162748044338,-1.1186612655572574,0.32744499075282363,66.26379733004615,50.264215300181036,22.65491646622594,20.60999975204468,18.565083037863417,3.3478869156580853,交叉混雜,10.0
3066,2026-08-12,22.810000228881837,21.72000026702881,21.94000024795532,22.670833524068197,1307781.2,58.86205724874585,54.75839936650809,-0.23940758552781816,-0.46858252858087535,0.2291749430530572,62.1388237381881,55.5641622888351,24.757539196456307,21.94000024795532,19.122461299454336,8.249770882356119,交叉混雜,88.0
3067,2026-08-12,18.04000015258789,18.075000190734862,18.03750009536743,18.47333329518636,1000.0,11.7154747967255,21.931626996615524,-0.11927731533887709,-0.13061197416650544,0.011334658827628352,38.76352197615773,41.33960119176327,18.304795933815473,18.03750009536743,17.77020425691939,-0.48509678151270114,交叉混雜,50.0
3071,2026-08-12,25.65999984741211,25.614999961853027,25.72750005722046,29.870000044504803,257293.4,50.9613224831528,62.77006615158884,-1.047966051564103,-1.2397381661057192,0.19177211454161625,36.050424475239204,35.57095496667672,27.264234316830844,25.72750005722046,24.190765797610077,-2.2446815174648522,交叉混雜,58.0
3073,2026-08-12,22.470000076293946,22.089999771118165,21.892499923706055,21.58666664759318,126200.6,71.43002967091678,75.43894762780843,0.19824185072299372,0.05634496926350305,0.14189688145949067,83.38703440811061,68.03934194295013,22.826802104999775,21.892499923706055,20.958197742412334,5.743974873616644,多排,18.0
3078,2026-08-12,54.16000061035156,53.12000007629395,52.69000015258789,54.72166665395101,624787.4,85.69857231716092,79.25108140572027,-0.07491406033128101,-0.4653856036485455,0.39047154331726447,62.54114418499621,54.60930586196474,55.313697998374,52.69000015258789,50.06630230680178,2.8658200910583917,交叉混雜,15.0
3081,2026-08-12,2484.0,2145.0,1890.5,2042.219706217448,3189839.8,92.58438998886558,84.58527581345008,176.38398775080714,56.608038979981394,119.77594877082575,82.53522489225955,73.71047632448253,2686.654573724947,1890.5,1094.3454262750531,44.14176143877281,交叉混雜,99.0
3083,2026-08-12,25.059999847412108,25.099999809265135,25.249999904632567,27.10166664123535,75860.4,36.20569273354759,48.24207625028393,-0.5390514113835181,-0.5876733832507094,0.048621971867191305,26.079142007683203,32.651014543415286,26.23728809684018,25.249999904632567,24.262711712424952,-2.7722798820430583,空排,13.0
3086,2026-08-12,27.15999984741211,27.220000076293946,28.29000005722046,32.339166736602785,123531.4,38.01414716825241,42.961561088956685,-1.359049634491459,-1.4656105244194528,0.10656088992799373,37.95058863350018,36.77402471169547,31.53809248705725,28.29000005722046,25.041907627383672,-5.09013670144268,空排,70.0
3088,2026-08-12,139.2,131.3,135.2,138.74166666666667,1977062.0,68.98432240951182,58.55959929020589,-0.1699282286311643,-1.3837725427616534,1.213844314130489,58.3463234064084,53.61614933810883,155.2483625791542,135.2,115.15163742084577,3.550295857988174,交叉混雜,85.0
3090,2026-08-12,162.3,147.9,158.75,228.75,16455326.8,83.14693143490878,69.10471623498754,-20.45197775432527,-26.812355036553846,6.360377282228576,62.379547893121654,47.18130952719202,206.75274114980232,158.75,110.74725885019767,7.4015748031496065,交叉混雜,92.0
3092,2026-08-12,23.68000030517578,23.225000190734864,23.695000076293944,27.855833339691163,102957.4,62.295280363397914,54.78927120567067,-1.1439161381229894,-1.4300320391907957,0.28611590106780627,57.82969904939092,44.06127450870908,25.38300709210273,23.695000076293944,22.006993060485158,1.0761793029096838,交叉混雜,68.0
3093,2026-08-12,48.380000305175784,46.10499992370605,46.65749988555908,56.25833333333333,342589.8,82.28069555379892,71.13905280834771,-2.360873422689849,-3.4099135806694867,1.0490401579796376,62.27466798932523,48.79203804222106,51.92979909087713,46.65749988555908,41.385200680241034,4.913467037461044,交叉混雜,87.0
3094,2026-08-12,36.33999938964844,35.48499984741211,35.86500015258789,36.56750011444092,1165892.6,75.50244439665427,69.35294510181228,-0.3043442861822143,-0.5823762983538023,0.278032012171588,56.232497568717015,51.47635683906425,40.49477843070839,35.86500015258789,31.235221874467392,2.328176792970997,交叉混雜,81.0
3105,2026-08-12,380.9,349.6,344.225,429.875,27272846.8,83.46479153789943,73.9591897719903,-7.23622913317439,-19.91380669249207,12.67757755931768,67.36037543720943,57.631871551560074,414.69371272901293,344.225,273.7562872709871,16.203064855835564,交叉混雜,96.0
3114,2026-08-12,37.2,34.02999992370606,33.132500076293944,38.09500007629394,2055343.2,73.0294904629209,70.51882435548023,-0.5800496129492956,-1.5720319957796183,0.9919823828303227,60.027294273840596,53.14567368938826,39.06299879910181,33.132500076293944,27.20200135348608,9.409190120055575,交叉混雜,85.0
3122,2026-08-12,25.570000076293944,24.985000228881837,25.277500057220458,29.383333174387612,62239.0,76.52225486104581,67.25440986588777,-0.9362857391261272,-1.311204641684865,0.37491890255873783,64.1951147699253,49.507125041233024,27.672335513150966,25.277500057220458,22.88266460128995,3.2538831861828985,交叉混雜,26.0
3128,2026-08-12,21.850000381469727,21.66500015258789,21.73499994277954,23.369999917348228,97243.8,77.02767170346547,71.98221679550707,-0.4057563269670297,-0.5451400380786954,0.1393837111116657,59.26585410796162,49.45553111300342,22.96707119687146,21.73499994277954,20.502928688687625,1.6793210934028069,交叉混雜,14.0
3130,2026-08-12,203.8,203.6,204.125,215.43333333333334,62170.8,44.150866206837385,28.328542782933326,-2.8127597086529477,-3.5512797330898005,0.7385200244368528,71.14494598868521,51.46427791743134,206.73822547217415,204.125,201.51177452782585,1.4084507042253522,交叉混雜,33.0
3131,2026-08-12,2437.0,2401.5,2628.5,3068.6666666666665,853166.0,58.72210483241224,46.69132898539604,-198.78046536096417,-213.6229993260351,14.842533965070942,55.46372052110068,45.6328622032621,3251.5493771089036,2628.5,2005.4506228910964,-2.796271637816245,交叉混雜,82.0
3135,2026-08-12,170.0,164.45,157.1,185.775,3166737.2,54.86006867836675,63.56540664613326,-0.9634772110310053,-3.7660645866306917,2.8025873755996864,51.287029139513926,50.60380530001732,181.71835002380857,157.1,132.48164997619142,5.346912794398476,交叉混雜,96.0
3138,2026-08-12,97.2,93.58000030517579,95.975,124.95833333333333,195254.8,79.53454816972453,72.81354571243254,-5.638563397124443,-7.813205983693578,2.174642586569135,55.186530526009605,45.91734962168491,108.79075875699753,95.975,83.15924124300246,1.6931476677479544,交叉混雜,8.0
3141,2026-08-12,78.01999969482422,73.25000076293945,68.79500064849853,72.93000036875407,1717624.4,74.83498485873274,78.63899292444978,1.8533993539318345,0.3774640457410191,1.4759353081908153,55.11059996844174,56.190736432626686,81.94506120110962,68.79500064849853,55.64494009588744,9.019549811773855,交叉混雜,84.0
3147,2026-08-12,231.0,233.5,228.8,248.675,929615.4,43.42133377089271,53.71525725178931,-3.3200404250913493,-4.645164063510456,1.3251236384191065,47.6509054737365,47.9949600451433,259.0818340541669,228.8,198.51816594583315,0.30594405594405094,交叉混雜,82.0
3149,2026-08-12,66.14000015258789,65.57000045776367,69.38557090759278,79.19766515096029,14767755.4,54.96609991952117,43.451100654103605,-4.018807089929467,-4.545058177750575,0.526251087821108,54.86682328670671,45.100624844422974,82.14262140758103,69.38557090759278,56.628520407604526,-1.564544099926364,交叉混雜,89.0
3150,2026-08-12,17.249999618530275,16.594999885559083,16.65999984741211,18.27166655858358,48734.6,86.12779526067622,72.39468050737379,-0.19531086186080415,-0.48764788488855915,0.292337023027755,77.00605723221383,60.80783750142371,18.29178909244361,16.65999984741211,15.028210602380607,7.442975885205547,交叉混雜,32.0
3152,2026-08-12,223.1,224.15,227.125,294.2341028849284,123245.2,52.19540812285224,50.07020431380953,-15.548401047017506,-19.530055101608795,3.9816540545912886,55.48476613541314,44.72980050973024,248.48131300724248,227.125,205.76868699275752,1.4859658778205835,空排,27.0
3158,2026-08-12,83.81999969482422,83.08999938964844,82.775,83.76500002543132,7481.4,81.53250189231571,80.44894475245779,0.07478447847580583,-0.20381031012821013,0.278594788604016,69.92384574112278,60.08850334401717,84.33350744018267,82.775,81.21649255981734,1.3591078536742984,交叉混雜,17.0
3162,2026-08-12,64.53999938964844,62.55999984741211,64.4799997329712,77.1849999109904,692474.4,79.70395498034951,66.53028936393856,-3.305883160507179,-4.40462453747041,1.0987413769632308,61.20221125581886,47.84257670593208,74.32973411280486,64.4799997329712,54.630265353137524,2.6674894888243776,交叉混雜,68.0
3163,2026-08-12,697.6,650.4,660.65,819.1666666666666,7033746.6,73.98330414893,64.36305744325051,-21.16812495979991,-39.41418179125686,18.246056831456947,60.28606440452624,53.00715608995613,813.3716594434452,660.65,507.92834055655476,8.680844622720052,交叉混雜,95.0
3164,2026-08-12,16.449999618530274,16.364999771118164,16.36999979019165,16.37749983469645,28052.4,65.13447156811557,57.921127083582775,0.01031676641640189,-0.009582863179226919,0.01989962959562881,49.920296859521066,50.573721096513715,16.617938700986436,16.36999979019165,16.122060879396862,0.1832610184674489,交叉混雜,26.0
3167,2026-08-12,671.6,605.2,637.575,766.275,1254512.6,72.96324197036394,66.20209242729572,-31.307391357876213,-47.474139614874076,16.166748256997863,58.77010821774824,51.03770385678737,845.7104000088501,637.575,429.43959999115,5.399364780614038,交叉混雜,97.0
3168,2026-08-12,42.52000045776367,41.835000610351564,42.57000026702881,44.9599999109904,17804.4,62.012882222202734,52.29408663688852,-0.546366137138655,-0.7024596022666653,0.15609346512801026,53.15355233094242,48.06807646515009,44.89138708526231,42.57000026702881,40.24861344879531,-0.16443567439445475,交叉混雜,43.0
3169,2026-08-12,102.7,100.83000030517579,100.99500045776367,107.55666681925456,87546.8,64.98037982632805,63.91985601959886,-0.827798371721741,-1.4418874520189158,0.6140890802971748,49.547665884784955,48.47692944056778,107.42796518450737,100.99500045776367,94.56203573101996,0.5000242981805082,交叉混雜,56.0
3171,2026-08-12,64.85999908447266,64.98999938964843,64.85999984741211,68.10833326975505,29592.2,51.29828108615514,56.856599585594836,-0.6790400127706562,-0.7906549322502402,0.11161491947958402,48.01009590808481,45.57018657854578,66.37955722906287,64.85999984741211,63.34044246576135,-0.24668963852350173,交叉混雜,76.0
3176,2026-08-12,33.44000091552734,32.625000381469725,33.08250007629395,33.994166692097984,438942.0,70.7450819282712,57.99888534097637,-0.2673034688454621,-0.4395571290665234,0.1722536602210613,58.76052363766102,52.2139767671498,35.39135651561941,33.08250007629395,30.773643636968487,1.8665478280705612,交叉混雜,65.0
3178,2026-08-12,58.2,56.87000007629395,60.87000007629395,64.75333366394042,60398.4,62.41529536837116,49.580151485913376,-2.086659095629308,-2.2007672989725378,0.11410820334322969,53.20140888528612,44.8388812737886,71.56029989176709,60.87000007629395,50.179700260820816,-3.400691369539805,交叉混雜,48.0
3188,2026-08-12,23.199999618530274,23.079999923706055,23.239999771118164,23.640000089009604,188401.2,77.69386089113073,67.68571118898282,-0.16485885973090575,-0.22720461537935238,0.06234575564844663,72.19205170586645,55.84916841983536,24.055378076455344,23.239999771118164,22.424621465780984,1.333904771925338,交叉混雜,25.0
3189,2026-08-12,842.4,771.8,741.15,734.1166666666667,9647979.8,91.82696904304795,82.04145720612594,27.07674276525313,8.938077090218222,18.138665675034908,71.29356681728456,61.507682748836984,919.768411262962,741.15,562.531588737038,15.766039263307027,多排,99.0
3191,2026-08-12,18.61999969482422,18.379999732971193,18.230000019073486,19.156666707992553,45746.6,73.88348915326154,76.17736771881766,0.0031043176247536053,-0.09643014926527062,0.09953446689002422,58.75736722166776,53.51317360997803,19.268926078112873,18.230000019073486,17.1910739600341,2.303892479524709,交叉混雜,80.0
3205,2026-08-12,49.30999984741211,48.47999992370605,48.92999973297119,51.638333257039385,37694.0,61.92809003699337,53.67246027372346,-0.630221206601064,-0.9140446551457655,0.28382344854470154,48.975074115609374,45.20448840139517,51.06107282296848,48.92999973297119,46.7989266429739,-0.06130841458408924,交叉混雜,41.0
3206,2026-08-12,34.04999923706055,33.36999988555908,33.757499885559085,36.7849999109904,37693.4,78.93163485024309,67.69793842370277,-0.7113300068264152,-1.0556243737434057,0.34429436691699045,71.64200626688748,54.024287725489486,36.44318770288353,33.757499885559085,31.07181206823464,3.2363136851534495,交叉混雜,49.0
3207,2026-08-12,42.48000030517578,41.35,44.27999973297119,57.93666642506917,169914.8,71.74016484173066,57.618434148382526,-4.292313282601931,-5.080314585165926,0.7880013025639947,50.191749004131815,36.0834255317746,53.454987891466274,44.27999973297119,35.10501157447611,-2.890694988008536,交叉混雜,4.0
3209,2026-08-12,56.939999389648435,56.509999465942386,56.625,63.11000022888184,1845810.2,49.483923506994174,59.150735412895685,-0.8743743450688086,-1.114309189428285,0.23993484435947643,40.96466119628764,43.564620588248616,60.3682745895558,56.625,52.8817254104442,-1.9867549668874174,交叉混雜,81.0
3211,2026-08-12,375.4,341.3,357.275,400.44166666666666,13705029.6,82.96242317505424,65.72119202648983,-7.435930830724374,-17.399011810449604,9.96308097972523,74.34961512447134,60.635129830586806,438.787333584041,357.275,275.76266641595896,15.31733258694284,交叉混雜,80.0
3213,2026-08-12,136.6,131.25,128.1,128.2,1019953.2,70.31534219268855,71.6748974958583,2.2659026727057494,1.078776550351131,1.1871261223546183,55.78527487470166,55.83911488820235,140.92513978584077,128.1,115.27486021415922,4.605776736924282,交叉混雜,76.0
3217,2026-08-12,146.1,143.45,146.225,168.75,638214.4,71.80614280615568,57.4783818244789,-5.2713669254043225,-6.864189552334482,1.5928226269301593,58.59760910832422,45.97156009671658,156.40483041943125,146.225,136.04516958056874,1.2138827149940201,交叉混雜,16.0
3218,2026-08-12,143.2,139.1,138.0,136.33333333333334,301793.2,80.48708389312729,74.95407902939223,1.5976075907256018,0.6741598438256289,0.9234477468999729,59.38436349878375,58.193246833441584,145.8270785031608,138.0,130.1729214968392,3.260869565217391,多排,45.0
3219,2026-08-12,71.7,66.02999954223633,64.75499954223633,73.19500007629395,493203.0,73.30529872348856,67.32677548139797,-0.06204752290298643,-1.921818776501692,1.8597712535987057,75.4850854848393,61.90995554166042,76.09797384275471,64.75499954223633,53.41202524171796,13.659175344624355,交叉混雜,72.0
3221,2026-08-12,47.78000030517578,46.340000534057616,46.97750034332275,54.46083348592122,2387003.8,75.19635366154716,64.06671772897114,-1.6407484761879658,-2.335177574990758,0.6944290988027921,61.43903364902348,50.603703022193656,52.86007685086534,46.97750034332275,41.094923835780165,4.305251752214015,交叉混雜,92.0
3224,2026-08-12,36.05999984741211,35.43499984741211,35.23999996185303,37.2591667175293,26122.6,66.45527009113331,68.33062840268235,-0.2620684600729817,-0.5940538123253586,0.3319853522523769,60.45793274481769,53.81408195095846,37.1516263166805,35.23999996185303,33.32837360702556,3.0079434629822814,交叉混雜,12.0
3226,2026-08-12,51.48000030517578,50.880000305175784,48.50250034332275,46.57250010172526,30992.4,72.10281303059563,73.13017899153246,1.452733306604955,1.1100756434622836,0.34265766314267143,81.60922729936671,75.36700988738922,53.598058124925124,48.50250034332275,43.40694256172038,6.18009305800646,多排,70.0
3227,2026-08-12,206.5,201.75,196.95,215.08333333333334,1375920.6,74.93861246416107,77.64899411096238,-1.2099144651230347,-3.6720366331986476,2.462122168075613,51.73840350701859,50.330811843888135,216.87327388019295,196.95,177.02672611980702,3.579588728103585,交叉混雜,36.0
3228,2026-08-12,144.9,142.6,149.35,173.30833333333334,177283.6,68.57630406038079,55.81247543588164,-7.484582146216127,-8.649992232856267,1.16541008664014,50.35109925478514,42.57734386406926,169.8081729904036,149.35,128.8918270095964,-2.2430532306662165,交叉混雜,22.0
3229,2026-08-12,50.07000045776367,47.220000457763675,43.71750049591064,43.410000228881835,1286502.4,89.40932132050875,79.36824962987083,2.7282537513389684,1.2926612651141218,1.4355924862248466,83.98878051854157,73.24405618080996,53.68820920701384,43.71750049591064,33.74679178480744,27.86641709104074,多排,97.0
3230,2026-08-12,41.01999969482422,39.63499984741211,40.9875,38.83916657765706,610339.2,78.60406287022882,69.20896735237571,-0.6321236350573471,-0.6571636848135141,0.025040049756166916,52.32168548329073,48.741306400243694,48.45172173319554,40.9875,33.52327826680445,-0.09148944693026907,交叉混雜,73.0
3231,2026-08-12,190.1,186.05,173.6,162.31666666666666,58572665.4,74.53738446269061,74.50308086955607,9.890311384267733,8.117563496427621,1.7727478878401115,65.68567119736335,64.64686758179656,209.68702930708488,173.6,137.5129706929151,11.463133640552998,多排,85.0
3232,2026-08-12,19.670000076293945,19.595000076293946,20.124999904632567,21.69249989191691,18870.2,57.73773027992378,43.955429679951905,-0.5517176010921503,-0.6074399400797023,0.05572233898755197,55.00758384968324,40.88072590276559,21.530440151152995,20.124999904632567,18.71955965811214,-1.1180138492845446,交叉混雜,20.0
3234,2026-08-12,118.1,110.51999969482422,106.37999992370605,116.69499994913737,2647420.8,85.70743201598677,73.48959994036213,1.3231403585359658,-2.356187081423626,3.6793274399595917,78.82132857048285,65.94929801744875,127.99769263257568,106.37999992370605,84.76230721483643,25.02350074768318,交叉混雜,97.0
3236,2026-08-12,43.69000091552734,42.07500038146973,43.36250019073486,54.59500020345052,3580753.8,76.86749749695171,65.50966327256182,-3.0748916100299297,-4.050219811515354,0.9753282014854241,58.49468033347177,47.98303086942728,51.41299016078064,43.36250019073486,35.31201022068909,4.237533731039806,交叉混雜,91.0
3252,2026-08-12,16.039999961853027,16.014999771118163,16.449999809265137,17.34249998728434,43600.0,38.64171333771389,29.294055498825173,-0.38765562827929045,-0.4076389746940762,0.01998334641478572,46.08860296412,38.68765854175761,17.504813049897063,16.449999809265137,15.39518656863321,-2.1276561206905296,交叉混雜,19.0
3257,2026-08-12,51.34000015258789,50.83499984741211,51.625000190734866,58.58333288828532,228387.8,72.94130294016387,64.3825763827628,-2.1854664203344427,-2.6501527346887905,0.4646863143543478,54.75895834259955,44.87165364963298,55.77514302389646,51.625000190734866,47.47485735757327,0.7263918796700267,交叉混雜,20.0
3259,2026-08-12,14.530000114440918,14.690000057220459,14.940000057220459,15.934999942779541,22431.4,26.906500460751204,34.840286100589914,-0.39707566680688977,-0.3584193088359793,-0.03865635797091049,21.657343386367728,30.50452897033179,15.673126030737894,14.940000057220459,14.206874083703024,-5.622487767961975,空排,5.0
3260,2026-08-12,412.6,402.6,390.8,406.325,14373771.6,59.94857686397868,67.45693209818779,2.8130200856427905,-0.6714201502394729,3.4844402358822633,56.8952548701507,54.233503047547075,428.46947668450116,390.8,353.13052331549886,4.7850562947799355,交叉混雜,94.0
3264,2026-08-12,215.5,199.85,203.025,219.2,10349629.2,80.05457842645572,71.30218776802994,-1.8464418328796626,-5.988216543701968,4.141774710822306,61.59758983687901,54.28604990954304,241.85997474130676,203.025,164.19002525869325,6.637113655953697,交叉混雜,91.0
3265,2026-08-12,162.0,155.05,156.425,172.425,1452712.0,82.51764992335981,70.8250907048072,-2.0699887695144525,-5.025009431716973,2.9550206622025206,71.30804850441837,59.8485804118353,177.12403379387564,156.425,135.72596620612438,11.874700335624093,交叉混雜,82.0
3266,2026-08-12,13.860000038146973,13.864999866485595,13.815000009536742,13.411666679382325,22028.6,76.32566481981141,72.1173846946821,0.08684404032922366,0.0891804216339319,-0.0023363813047082432,60.09682290063642,56.82587612365694,14.200390972223836,13.815000009536742,13.429609046849649,0.9771972467260331,交叉混雜,58.0
3268,2026-08-12,20.29000015258789,20.715000343322753,20.245000171661378,20.225833384195962,57545.4,32.83621001838928,48.76987357646222,-0.029272514773285963,0.03461981049846744,-0.0638923252717534,30.84926892312245,42.14908755224527,21.71071415850535,20.245000171661378,18.779286184817405,-2.4450489872273296,交叉混雜,72.0
3272,2026-08-12,14.009999847412109,13.879999923706055,14.295000028610229,15.76416662534078,29434.2,56.47553751171277,54.84241252936726,-0.4670570668868752,-0.5321828272607727,0.0651257603738975,43.01806963466397,38.66031844161415,15.568164354906067,14.295000028610229,13.021835702314391,-2.763206780618367,交叉混雜,3.0
3276,2026-08-12,14.8,14.975,15.84249997138977,15.501666673024495,267959.0,26.506130298753327,18.154140428565462,-0.36395706240764625,-0.23495028970990878,-0.12900677269773747,47.837490355169365,44.187374642740615,18.105538071136206,15.84249997138977,13.579461871643336,-4.6867577166541645,交叉混雜,56.0
3284,2026-08-12,21.14000015258789,20.844999885559083,21.75999994277954,22.365833282470703,244723.0,55.466055499812356,50.63629503129296,-0.9479485774570477,-0.9488019776164478,0.0008534001594000529,49.1797498614543,41.85425751975916,25.031986764465948,21.75999994277954,18.488013121093132,-2.5735256494148455,交叉混雜,71.0
3285,2026-08-12,38.32000045776367,37.6,37.97749977111816,38.476666609446205,42188.6,55.91929526336564,53.802127736052825,-0.5529622224944291,-0.6502261647391747,0.09726394224474566,50.43147896242637,47.735879045224934,40.36264553576477,37.97749977111816,35.59235400647155,0.059246208985432404,交叉混雜,84.0
3287,2026-08-12,31.63000030517578,30.170000267028808,29.522500133514406,32.205833212534586,177351.2,92.47894658424963,82.59808088303204,0.28821490647075976,-0.4844689633135629,0.7726838697843226,91.14332535425048,77.45446226056319,33.16645352918988,29.522500133514406,25.878546737838935,20.077908722561254,交叉混雜,67.0
3288,2026-08-12,22.4,23.695000076293944,24.575,21.579999907811484,54998.0,14.68651808035489,24.56644248614274,0.14616843235518928,0.6683005115733083,-0.522132079218119,30.36709395458871,43.26696123039163,28.409812994452395,24.575,20.740187005547604,-11.291966481950977,交叉混雜,81.0
3289,2026-08-12,141.3,140.75,143.625,159.94166666666666,666671.4,51.15647640869645,55.61819954387681,-5.2357257039410285,-5.8656166904356795,0.6298909864946509,44.61853025579806,42.801132034156424,156.5167558315788,143.625,130.7332441684212,-2.175805047867711,交叉混雜,56.0
3290,2026-08-12,54.619999694824216,53.339999771118165,56.76499977111816,59.00250027974447,531697.6,70.24040283186255,51.537943226596525,-2.277233990835427,-2.4083308386908797,0.13109684785545284,61.38364084048927,45.43829823803881,66.34815908243291,56.76499977111816,47.18184045980341,-1.3476610133052302,交叉混雜,75.0
3293,2026-08-12,792.0,780.7,746.9,759.0166666666667,1607177.8,77.1106712201057,81.985898132424,12.968269402594274,6.099797114902375,6.868472287691898,54.561795381175386,57.70521842697081,821.6484201558131,746.9,672.1515798441868,4.56553755522828,交叉混雜,63.0
3294,2026-08-12,30.920000076293945,30.060000038146974,30.54000005722046,35.9691668510437,338510.6,81.49418513898436,72.28684428937314,-1.2065693751731104,-1.6886934497142345,0.48212407454112416,67.21534769911992,50.61432030950537,34.11235035931065,30.54000005722046,26.967649755130264,4.125734045446373,交叉混雜,20.0
3296,2026-08-12,23.260000228881836,22.85,24.127500152587892,24.706666692097983,34242.2,63.7735629484117,47.353138147223284,-0.8411257121700793,-0.814188231499552,-0.02693748067052726,48.030076281995626,43.66093020682757,27.536848866706755,24.127500152587892,20.71815143846903,-3.2224630243542727,交叉混雜,57.0
3297,2026-08-12,27.780000305175783,26.795000076293945,28.069999980926514,30.153333377838134,95300.6,74.10465587644589,59.6732605911221,-0.7367475761103002,-0.992028513665606,0.2552809375553058,61.92163038157702,50.65136704145943,32.00143844966203,28.069999980926514,24.138561512190993,0.9975076620358805,交叉混雜,5.0
3303,2026-08-12,54.5,54.47999992370605,53.39000015258789,54.5241668065389,662364.8,52.95792967392707,61.91828561653767,-0.23550101234010157,-0.42339742231060923,0.18789640997050766,43.08689893987608,46.52327595975378,57.68143574680264,53.39000015258789,49.098564558373134,0.018732671403698595,交叉混雜,70.0
3305,2026-08-12,114.1,108.2900001525879,108.32999992370605,130.88499997456867,2395859.8,82.12430182273772,74.63038852723808,-3.172956858868588,-5.632309710396919,2.4593528515283314,64.32408927914645,53.48793197628868,123.27637461448964,108.32999992370605,93.38362523292247,7.080217928270768,交叉混雜,69.0
3306,2026-08-12,44.07000045776367,43.614999771118164,43.94999980926514,46.5716667175293,92504.8,73.25844918480686,62.97007515121527,-0.7287887091895584,-0.9813698938454367,0.2525811846558783,67.46790247969423,51.287646446117584,45.90502012321136,43.94999980926514,41.994979495318915,1.9340146336387947,交叉混雜,39.0
3308,2026-08-12,19.589999771118165,19.559999847412108,19.842499828338624,20.751666577657065,30030.0,44.8156856188832,49.21540916386222,-0.3893858534338932,-0.40394002439727167,0.014554170963378465,43.33212982879257,42.54877103440322,21.023612519131067,19.842499828338624,18.661387137546182,-1.7260921320481692,交叉混雜,59.0
3310,2026-08-12,69.07999877929687,67.91999893188476,67.52999992370606,68.41833318074545,30437.0,70.29831093897425,77.58866138945835,0.38165355271286217,0.00043055460742573437,0.3812229981054364,59.557498150047,58.31710565361008,70.09707836748065,67.52999992370606,64.96292147993147,2.3248904963553785,交叉混雜,52.0
3311,2026-08-12,32.189999389648435,32.16499996185303,33.04500017166138,35.91583331425985,178628.4,41.49878509643552,38.959709086397176,-1.0682182970435932,-1.1115755056029963,0.04335720855940317,37.091871604243195,37.33554087346732,35.27302735052813,33.04500017166138,30.816972992794625,-3.1623548683093854,交叉混雜,35.0
3312,2026-08-12,49.560000610351565,47.125000381469725,47.212500381469724,54.22499993642171,1207210.0,85.06999410094457,73.94776504811759,-1.097987023077856,-2.1423952577231304,1.0444082346452745,70.74484793456865,56.74332691082978,53.62079062905802,47.212500381469724,40.804210133881426,9.504898798435622,交叉混雜,73.0
3313,2026-08-12,10.360000038146973,10.290000057220459,10.910000038146972,11.3600000222524,81619.6,33.88505392114774,23.08429477352898,-0.3533339034002445,-0.3330457633926916,-0.020288140007552913,49.85874920939102,39.98367960168722,12.395579881040277,10.910000038146972,9.424420195253667,-3.7580205014977173,交叉混雜,13.0
3317,2026-08-12,69.0000015258789,67.12000045776367,72.07500038146972,81.45333353678386,517822.0,73.09993774965687,59.23054929245482,-4.440912584807435,-4.814479606495935,0.3735670216884994,51.1978277875082,42.84868321961798,87.95890460022251,72.07500038146972,56.19109616271693,-3.1564305482776023,交叉混雜,79.0
3321,2026-08-12,19.379999923706055,18.804999923706056,18.737499904632568,20.562499952316283,337413.0,52.433582785972725,57.33328254147642,-0.4911649796609012,-0.6770838228089634,0.18591884314806217,47.316126519608936,45.98860504182557,20.428925827617956,18.737499904632568,17.04607398164718,0.6004028147284732,交叉混雜,74.0
3322,2026-08-12,11.369999885559082,11.204999828338623,11.682499885559082,13.22583335240682,274910.2,55.64933840894779,48.06648100882762,-0.538186042671585,-0.6089174149744842,0.07073137230289916,44.45626778744591,39.51754707256485,12.99930432981556,11.682499885559082,10.365695441302604,-2.846133167956314,交叉混雜,16.0
3323,2026-08-12,31.460000610351564,29.820000457763673,29.89000024795532,33.69750026067098,799745.2,85.30192113863583,74.30276639487744,-0.4702463466134539,-1.1002119840455127,0.6299656374320588,77.47166285156058,59.33104511407717,33.58688385135822,29.89000024795532,26.19311664455242,8.397461549353071,交叉混雜,24.0
3324,2026-08-12,1036.0,975.5,939.15,998.0833333333334,3809058.6,81.43594954901786,76.1728983361783,18.433360665513987,-2.5528916355884217,20.98625230110241,70.10910080853769,62.12121117756098,1074.6230891902046,939.15,803.6769108097955,11.803226321673858,交叉混雜,72.0
3325,2026-08-12,11.889999771118164,11.880000019073487,12.107500076293945,12.502499977747599,60613.2,54.845714395023705,56.09301846282959,-0.21681517207078116,-0.21465633993291044,-0.0021588321378707143,46.55318166465635,43.473847391067274,12.888373506305221,12.107500076293945,11.32662664628267,-1.7138175218346718,交叉混雜,15.0
3332,2026-08-12,62.66000061035156,62.630000305175784,63.864999771118164,64.76333338419596,1444.2,56.5558290951691,52.86519155206118,-0.6553412868459958,-0.6047207645091061,-0.05062052233688974,43.61102227558809,44.6462789626479,67.70071766524693,63.864999771118164,60.02928187698941,-2.1373205605732446,交叉混雜,57.0
3338,2026-08-12,63.939998626708984,62.419999313354495,63.279999542236325,70.40500005086263,374786.6,74.94462091930883,68.91493458037661,-1.4506160653175186,-2.0704436649385705,0.6198275996210518,55.57338886862197,49.173384836738165,70.56418509868773,63.279999542236325,55.99581398578493,1.2958263871943598,交叉混雜,67.0
3339,2026-08-12,38.92999954223633,36.98499984741211,36.06749992370605,41.743333371480304,2822777.2,64.13470969883505,64.00329207026942,-0.3410186123297123,-1.2113124058005982,0.8702937934708859,58.08726535163458,53.72368545606066,41.465381988654975,36.06749992370605,30.669617858757128,7.853335019517499,交叉混雜,67.0
3346,2026-08-12,20.960000228881835,20.130000114440918,20.375000190734863,22.530000019073487,292178.6,87.70975892793149,72.89182168757853,-0.6396114332318419,-0.9286856631304384,0.28907422989859655,71.57403919093706,52.52043498890543,22.448517381319352,20.375000190734863,18.301483000150373,5.276076378607478,交叉混雜,69.0
3349,2026-08-12,23.030000305175783,22.745000267028807,22.925,20.652500025431316,131441.4,83.36559814423705,67.0005391869525,0.34117356611639593,0.407920551715203,-0.06674698559880704,58.478296858090445,55.8132997024916,24.233071899211623,22.925,21.61692810078838,1.1995671229638054,交叉混雜,74.0
3354,2026-08-12,20.730000305175782,20.345000076293946,21.07750005722046,26.269166692097983,81187.8,70.3341357029351,61.880638260948324,-1.3202973193946157,-1.6053392565514095,0.2850419371567938,48.063621118489635,40.727763828113055,23.79226928948723,21.07750005722046,18.362730824953687,-1.7910060171091604,交叉混雜,29.0
3356,2026-08-12,57.619998931884766,57.289999389648436,57.224999618530276,59.44333337148031,398133.0,74.37048791788052,66.94966384167118,-0.24907810698872623,-0.5961175807571927,0.34703947376846644,69.40179271697778,58.13005316746128,60.51509606721352,57.224999618530276,53.93490316984703,4.849279860145493,交叉混雜,70.0
3357,2026-08-12,216.9,207.5,209.3,262.35,2521250.8,84.03886961418095,72.84470808122312,-10.544098254195802,-16.0760112391362,5.531912984940398,73.70211533445922,54.680706747740096,237.85170747959106,209.3,180.74829252040897,10.129001433349254,交叉混雜,87.0
3360,2026-08-12,16.35,16.104999828338624,17.032499885559083,17.17750004132589,769396.8,72.97687101356124,58.486603923402505,-0.5890409853735754,-0.6112580630697093,0.022217077696133902,66.13870418376857,52.680016738169336,20.268363982711428,17.032499885559083,13.79663578840674,2.4512014101602646,交叉混雜,77.0
3362,2026-08-12,176.2,174.35,166.8,163.49166666666667,831291.8,48.64895924774635,51.801365927959765,2.668825010856551,1.4764750660709087,1.1923499447856425,59.33460688246634,55.08078077152634,188.29271602439172,166.8,145.3072839756083,7.314148681055148,多排,90.0
3363,2026-08-12,612.4,566.75,555.6,658.8833333333333,3586915.4,82.57740846748464,74.22836291887322,-0.2596606032626596,-17.181092885818078,16.92143228255542,63.307410105572565,56.92847642474981,664.4768497939414,555.6,446.7231502060586,13.39092872570194,交叉混雜,83.0
3372,2026-08-12,16.030000114440917,15.59000015258789,16.09000015258789,19.010141881306968,461127.2,78.4141660326349,66.49927161815405,-0.7610312150806067,-0.9763272352268426,0.21529602014623594,53.33025349560872,44.575136778175,17.89397255501989,16.09000015258789,14.286027750155894,0.06215182589807195,交叉混雜,30.0
3373,2026-08-12,16.55,16.385000038146973,16.625000095367433,16.694999917348227,91238.0,45.49480287113494,37.696168629933545,-0.06387115562513657,-0.0548938311310149,-0.008977324494121669,49.06731934806656,48.29077487403936,17.65788077326094,16.625000095367433,15.59211941747393,-0.7518802685737392,交叉混雜,32.0
3374,2026-08-12,324.7,307.95,333.975,297.575,11369787.6,69.86558021019185,58.41625777239827,0.5079463367079597,1.5128463326606696,-1.0048999959527098,55.63078247845544,51.92638782569006,421.00885608637185,333.975,246.9411439136282,-1.1902088479676691,交叉混雜,93.0
3376,2026-08-12,186.5,180.8,183.35,198.5,2563241.6,78.80321012966256,70.81044385013006,-2.598771573458663,-4.512879958279392,1.9141083848207288,67.5610356102953,56.05538697819106,200.36114185963095,183.35,166.33885814036904,4.71775293155168,交叉混雜,31.0
3379,2026-08-12,29.35,27.410000038146972,28.704999923706055,34.04249986012777,479060.4,68.34659546937293,56.81591896417829,-1.1584096019214094,-1.741407700938606,0.5829980990171966,60.963886456219974,50.286250275212694,34.01575347879408,28.704999923706055,23.394246368618028,2.943735640482091,交叉混雜,3.0
3380,2026-08-12,28.329999923706055,28.219999885559083,29.032499885559083,32.95000012715658,1320200.6,53.92023204600714,53.60445401572713,-1.1920570190425472,-1.3406892452738262,0.14863222623127892,46.26200035479747,42.441058591452396,31.92136698959026,29.032499885559083,26.143632781527906,-2.178593884515673,交叉混雜,29.0
3388,2026-08-12,73.45999908447266,72.48999938964843,73.07000007629395,85.35166664123535,498434.8,81.94778700073638,72.3289246964632,-2.380515058264791,-3.3436959260954016,0.9631808678306104,68.26915697274643,51.72242171197829,77.87004370351819,73.07000007629395,68.26995644906971,3.462431086883149,交叉混雜,53.0
3390,2026-08-12,22.780000686645508,22.640000343322754,23.2350004196167,26.30000009536743,226133.6,48.37049868313263,52.56586701069577,-0.9578016285646207,-1.0547585167826405,0.09695688821801984,41.05661538169371,38.82505103042719,25.483532391062706,23.2350004196167,20.986468448170694,-3.3785222401566743,交叉混雜,37.0
3402,2026-08-12,128.0,126.55,131.85,140.025,363589.8,67.49814749358995,61.50952991251778,-4.055531817544562,-4.361695195365863,0.3061633778213011,49.55419059999035,45.92297879333901,153.5758032375273,131.85,110.12419676247266,-2.540766021994687,交叉混雜,62.0
3406,2026-08-12,551.0,520.65,517.375,604.775,2552478.0,78.59533125806084,68.94857837032114,-12.717161101539205,-25.561099245093263,12.843938143554059,75.34164675561857,59.06491336214657,583.0503378369721,517.375,451.6996621630279,11.717806233389707,交叉混雜,75.0
3413,2026-08-12,309.1,308.45,324.45,322.8833333333333,1345505.0,45.715148269538375,49.02318065834163,-6.504426289387709,-4.7246514761797505,-1.7797748132079585,36.780512629344386,42.203704315484615,378.74345215924654,324.45,270.15654784075343,-6.4570812143627645,交叉混雜,39.0
3416,2026-08-12,189.4,180.85,176.325,177.65833333333333,809462.4,72.36414879405922,69.99530530357012,3.5063860543910437,1.4981409095233191,2.0082451448677245,58.46361952754958,57.00375477664501,197.65270622058418,176.325,154.9972937794158,6.337728626116553,交叉混雜,74.0
3419,2026-08-12,12.010000038146973,11.970000076293946,12.150000047683715,13.333333365122478,131628.8,62.69602265460763,57.68239718277135,-0.34662153101351656,-0.419687214052232,0.07306568303871547,51.26613304407734,42.78383483208421,12.690954392374323,12.150000047683715,11.609045702993107,-0.41151988491984015,交叉混雜,23.0
3430,2026-08-12,113.7,108.22000045776367,112.64500007629394,134.44833335876464,757958.0,75.83923051151476,68.66061314586537,-5.028145213919899,-6.9378867610422965,1.9097415471223975,52.70609467243027,47.755767852032996,136.19995014922563,112.64500007629394,89.09005000336226,0.31514929510020023,交叉混雜,85.0
3432,2026-08-12,16.049999618530272,15.884999847412109,16.412499856948852,17.806666644414268,33239.8,68.99048772862102,63.270669620047116,-0.5051821712273927,-0.5636062965687245,0.05842412534133179,45.10142297529739,41.80674737441684,18.19098966393331,16.412499856948852,14.634010049964395,-2.5133274062098736,交叉混雜,40.0
3434,2026-08-12,30.649999618530273,30.22999973297119,29.874999809265137,30.18666671117147,132585.8,57.40429217650195,69.34296861508733,0.15603804849865455,0.07686533219345693,0.07917271630519762,45.52751462852452,49.26614266956695,31.249389383531913,29.874999809265137,28.500610234998362,0.41841068295537276,交叉混雜,37.0
3437,2026-08-12,17.739999771118164,17.289999961853027,17.489999961853027,20.71999994913737,387221.4,80.37763642207538,71.78832564515805,-0.7045456111616772,-0.9728586685817938,0.2683130574201166,56.20577374985681,47.795858808102146,19.209118492450113,17.489999961853027,15.770881431255939,2.3441947259661875,交叉混雜,50.0
3438,2026-08-12,60.3,57.775,56.23499984741211,65.73833357493082,190973.6,77.4386206106443,74.05295467981101,-1.1057538715428024,-2.2669692571235966,1.1612153855807943,56.185019602345676,50.83627061274196,64.07350875401299,56.23499984741211,48.39649094081124,5.983815481176419,交叉混雜,71.0
3441,2026-08-12,83.76000061035157,84.66000061035156,77.07000007629395,71.41083348592123,11006859.8,44.92495984309377,54.018448252704076,3.8243880328717665,3.472506776449735,0.3518812564220317,60.272570979596075,58.141516301193256,96.55744328436003,77.07000007629395,57.58255686822787,13.143891088517249,交叉混雜,97.0
3443,2026-08-12,4728.0,4362.5,4166.5,4488.833333333333,2278439.0,90.61534972660678,82.1410332538996,113.2071885994419,-36.056456149622335,149.26364474906424,82.97925026610605,68.03074152415212,5086.546337505831,4166.5,3246.4536624941693,23.12492499699988,交叉混雜,96.0
3444,2026-08-12,74.44000091552735,70.03000030517578,71.91499996185303,86.91500008900961,369047.8,81.41251885670836,68.17393708199877,-2.6235261022323613,-4.443872963917005,1.8203468616846434,73.67220111682948,56.840519383025324,83.42065546724977,71.91499996185303,60.40934445645628,8.322327146215109,交叉混雜,71.0
3447,2026-08-12,27.75,27.339999771118165,28.50999994277954,34.81416660944621,136983.0,49.680864729790244,48.85479495053562,-1.9299355910208824,-2.2055433013507235,0.2756077103298411,44.28216094437219,36.528141444983916,31.884923171813593,28.50999994277954,25.135076713745487,-3.1918609720666824,交叉混雜,2.0
3450,2026-08-12,494.6,449.95,439.75,485.875,11562194.8,80.99976824164594,72.70122883608818,3.51777296665864,-9.510384029104566,13.028156995763206,62.032422868031006,56.88657813431218,539.0965492209257,439.75,340.4034507790743,15.292779988629905,交叉混雜,93.0
3455,2026-08-12,201.8,185.8,187.8,223.69166666666666,922464.4,87.73844361790135,73.23359617722299,-5.010770902350629,-11.473143614302407,6.462372711951778,79.07987705187404,62.379683247734754,226.9587860679539,187.8,148.64121393204613,18.2108626198083,交叉混雜,92.0
3465,2026-08-12,29.90999984741211,30.01500015258789,30.250000286102296,31.840594736735024,36770.4,54.66590374136824,53.011000163754574,-0.747380515075438,-0.8114448544498166,0.06406433937437861,35.88822496702791,37.50647117324742,31.064345455759113,30.250000286102296,29.435655116445478,-1.4876067596220552,空排,10.0
3466,2026-08-12,25.220000076293946,24.98500003814697,27.044999885559083,30.77833325068156,165263.0,42.49192359074862,28.372596928972666,-1.7206544040818734,-1.7913475486636365,0.07069314458176312,44.373749367862374,34.694308245565736,31.651505157558443,27.044999885559083,22.438494613559723,-5.527826418282977,交叉混雜,2.0
3467,2026-08-12,45.6,45.225,47.85249977111816,58.96749998728434,78109.6,55.86560048711158,45.18354766985178,-3.3583408353711164,-3.735190370849214,0.3768495354780974,43.11703509038086,36.437531980629025,54.52376370474101,47.85249977111816,41.181235837495315,-4.707175816876732,交叉混雜,21.0
3479,2026-08-12,140.8,136.85,141.025,136.825,1141784.2,67.42644464584129,56.95392294775581,0.24921796219331327,0.4342405871159327,-0.18502262492261945,52.25167220737055,50.83484254490653,156.17851270723912,141.025,125.87148729276089,-0.3722744194291832,交叉混雜,84.0
3481,2026-08-12,50.06999969482422,47.864999771118164,48.88499984741211,54.4724999109904,266372463.0,77.98807537920302,69.29149350762242,-1.8294717231659234,-2.5058734270647225,0.6764017038987991,55.84696236384539,49.06393652786814,56.53800738596613,48.88499984741211,41.23199230885809,3.0991135996638386,交叉混雜,97.0
3483,2026-08-12,74.7,74.25,75.78499984741211,87.16999994913736,329299.2,56.94679544616191,52.64979224407543,-3.111787261053351,-3.5902560177718543,0.4784687567185033,50.54073216900431,43.016310647632444,80.86303287478566,75.78499984741211,70.70696682003856,-0.9038746119551611,交叉混雜,11.0
3484,2026-08-12,51.02000045776367,49.970000457763675,48.76750011444092,48.5375,254585.4,56.99357313553935,60.3295841156292,0.4059392153113066,0.1169939209950141,0.2889452943162925,53.32955907425077,53.16046240237549,53.28265254150532,48.76750011444092,44.25234768737652,3.3475191625714946,多排,66.0
3485,2026-08-12,211.1,203.9,216.15,276.40833333333336,151198.4,68.66327501902276,59.09130609524065,-17.267371384994902,-20.803405379557372,3.5360339945624695,57.22744487247656,45.58919229759063,256.7949323571324,216.15,175.50506764286763,0.39324543141336765,交叉混雜,92.0
3489,2026-08-12,25.980000305175782,24.795000076293945,22.057499980926515,22.340000089009603,522850.0,92.70208068059904,89.99721657688995,1.2491137979865634,0.6319847218792578,0.6171290761073056,92.5446630170442,80.31696386854753,28.364995637907555,22.057499980926515,15.750004323945475,18.32710145773015,交叉混雜,80.0
3490,2026-08-12,31.440000152587892,29.63999996185303,28.532499885559083,32.60166680018107,4135916.6,91.71507164224212,84.72286722095895,0.18922583637267465,-0.6530011340195211,0.8422269703921957,89.05640500706157,70.87542772670398,32.61626433666588,28.532499885559083,24.448735434452292,17.40997155652343,交叉混雜,78.0
3491,2026-08-12,1283.0,1182.7,1197.85,1470.0333333333333,1958930.2,74.75768544939083,65.7843125138011,-20.151500324847348,-55.649496457561085,35.49799613271374,64.84119451787319,55.97526229570798,1450.383499601639,1197.85,945.3165003983607,10.197437074758952,交叉混雜,94.0
3492,2026-08-12,22.070000076293944,21.975,22.08749990463257,22.526666609446206,56200.0,45.81285165848687,49.7354930939978,-0.15733820470899573,-0.16315078043465678,0.0058125757256610455,37.79315239612215,42.23310112535441,22.647457321168687,22.08749990463257,21.52754248809645,-1.0752666629917225,交叉混雜,38.0
3494,2026-08-12,7.060000038146972,7.034000015258789,7.21850004196167,7.72583335240682,55707.8,50.07298026439691,40.09155601823789,-0.18938094706736397,-0.2074002197271422,0.018019272659778235,50.52362282412316,38.81330938433462,7.69600564397698,7.21850004196167,6.740994439946361,-1.5030810807861474,交叉混雜,8.0
3498,2026-08-12,121.6,109.98000030517578,109.96500015258789,123.2466667175293,1945439.6,87.05561281533237,75.79969333505586,1.0063619578338034,-2.7251815116283913,3.7315434694621947,78.63666921834843,64.59100470620194,134.79047653875043,109.96500015258789,85.13952376642536,19.128813548150646,交叉混雜,95.0
3499,2026-08-12,13.020000076293945,12.910000038146972,13.299999952316284,14.253333298365275,19614.0,70.35805555229258,60.36954940748075,-0.3837613043618884,-0.4211752755492586,0.03741397118737022,42.74541936030693,37.46848085211641,14.445241714737012,13.299999952316284,12.154758189895556,-2.2556387473071924,交叉混雜,24.0
3501,2026-08-12,38.99000015258789,38.945000076293944,39.58000030517578,40.56083329518636,106450.4,42.59021179608088,29.637089330853986,-0.46993528474928326,-0.5420529882465577,0.07211770349727442,70.11674498970845,55.5672726368932,41.297220245959466,39.58000030517578,37.862780364392094,1.3137902095400313,交叉混雜,19.0
3504,2026-08-12,74.85999908447266,73.50999946594239,69.06499938964843,76.60499992370606,1440815.0,66.7792154702878,66.4557677479892,0.43629783554291635,-0.7867646462272598,1.2230624817701763,62.21070511672974,56.020155403245724,80.85782028020355,69.06499938964843,57.27217849909331,10.186055377750536,交叉混雜,79.0
3508,2026-08-12,17.170000076293945,16.710000038146973,16.340000057220458,18.077500025431316,46382.8,81.71922316536379,77.02734415825182,-0.15299009384893125,-0.4264279107554951,0.2734378169065638,69.76966657705701,57.98964005353892,17.771083619220356,16.340000057220458,14.90891649522056,7.7111402682798,交叉混雜,10.0
3511,2026-08-12,20.25999984741211,19.664999961853027,19.970000076293946,22.519166692097983,226515.8,72.71184029143117,66.36301889541117,-0.7264015807782656,-0.9734536483652492,0.24705206758698361,60.77703135383582,47.560983516087546,21.75985429925713,19.970000076293946,18.18014585333076,2.4036088373144673,交叉混雜,52.0
3512,2026-08-12,19.730000305175782,19.675000190734863,19.592500114440917,20.235833390553793,30098.2,90.54762386566091,86.7667063600098,-0.128096648932587,-0.18389596454113816,0.05579931560855117,55.826858797233356,48.24068120751496,19.90415954753056,19.592500114440917,19.280840681351272,0.8038784465439203,交叉混雜,32.0
3515,2026-08-12,216.6,207.25,205.5,224.775,1215228.2,81.59301316388883,74.80129821690082,-0.38804280107675027,-4.110340098323412,3.722297297246662,81.74313023075786,65.6255446357425,223.8044429464257,205.5,187.1955570535743,9.245742092457421,交叉混雜,30.0
3516,2026-08-12,26.190000152587892,25.86500015258789,25.630000114440918,25.605833371480305,24724.8,51.240339815084994,54.59205742388865,0.06481517100479905,-0.013665339103657971,0.07848051010845702,45.641013688938855,48.84644225924681,27.614784277846656,25.630000114440918,23.64521595103518,0.4682008779682741,多排,73.0
3518,2026-08-12,27.639999771118163,26.424999618530272,26.314999866485596,29.713333129882812,614175.4,67.22774560375589,66.59639075939826,-0.46691989076105855,-0.9778780052928626,0.5109581145318041,70.64002053875839,56.41288476852718,29.19306548650362,26.314999866485596,23.436934246467573,7.543223943174011,交叉混雜,76.0
3520,2026-08-12,18.370000076293945,18.279999923706054,17.48999991416931,16.724999888737997,392204.8,53.56083938218877,61.39794964767857,0.46326197970251926,0.4063177567153639,0.056944222987155346,48.34590286049071,54.75765329463394,19.331223883615685,17.48999991416931,15.648775944722935,2.9159524776070445,多排,73.0
3521,2026-08-12,12.229999923706055,12.234999942779542,12.322499990463257,12.471666733423868,11846.8,32.10957590711685,23.84603530027954,-0.09862422362860634,-0.09479791010833921,-0.003826313520267133,47.04202765615431,46.969516946323665,12.86682504095224,12.322499990463257,11.778174939974274,-0.5883545588911885,空排,39.0
3522,2026-08-12,11.85,11.895000076293945,12.337499952316284,12.500833288828533,86169.2,40.73471893153384,39.61341778287599,-0.3011777289127977,-0.2531985391397069,-0.04797918977309079,33.98247290449494,39.12167651454125,13.52642899696036,12.337499952316284,11.148570907672207,-5.167174431732911,空排,16.0
3523,2026-08-12,15.55,15.689999961853028,15.63999981880188,16.145499912897744,9650.2,46.46763955689764,45.88293424258135,-0.14840821986260622,-0.15019861832365355,0.0017903984610473378,49.20659665427513,48.70537780699058,17.67097028385594,15.63999981880188,13.60902935374782,-0.25575088104583377,交叉混雜,63.0
3526,2026-08-12,288.5,294.8,298.975,324.73333333333335,538893.6,29.80987720366201,39.48227923652192,-7.527676740327081,-7.111291534118468,-0.41638520620861286,40.42577581380239,41.206952665016665,318.6070763306547,298.975,279.34292366934534,-3.503637427878593,空排,53.0
3527,2026-08-12,51.57999954223633,51.29499969482422,53.257499885559085,59.2925001780192,55952.4,55.61481986581029,49.3426818321006,-2.4090091810879883,-2.6470036876182736,0.2379945065302853,50.271291428493484,42.81906032509959,59.41860738625962,53.257499885559085,47.09639238485855,-1.985634182776153,交叉混雜,20.0
3528,2026-08-12,89.98000030517578,87.53000030517578,85.63500022888184,100.8350003560384,449771.4,83.83427431819962,80.14752048833003,-1.605130936091868,-3.1141336757297817,1.5090027396379138,56.74856983413985,50.150832334398025,93.59126894432465,85.63500022888184,77.67873151343902,4.2797954260294295,交叉混雜,70.0
3529,2026-08-12,2708.0,2590.0,2486.75,2907.5,932625.2,66.8417306188214,70.63694381078083,-18.382004444028098,-81.45548477320935,63.07348032918125,55.81552155738702,52.69425559453766,2863.7642395747284,2486.75,2109.7357604252716,6.966924700914849,交叉混雜,66.0
3530,2026-08-12,55.1,54.27999992370606,55.61999988555908,63.31499964396159,199255.8,76.18683718434983,62.694685321241195,-2.1810720367712833,-2.7767335542275156,0.5956615174562323,62.28245923175475,48.1257384378116,60.89859603988563,55.61999988555908,50.34140373123253,1.761953596868766,交叉混雜,26.0
3531,2026-08-12,21.59000015258789,21.685000228881837,22.23500003814697,22.81333328882853,5511.2,47.60661850571934,47.3855499158252,-0.3495341864015735,-0.28626748556824516,-0.06326670083332836,46.527498593279766,44.18526541149638,23.577071910942564,22.23500003814697,20.89292816535138,-2.4061132192024233,空排,39.0
3532,2026-08-12,301.5,292.95,351.125,350.4166666666667,4590926.8,56.39452968612164,40.397432311395434,-26.3841502502583,-20.69437736288259,-5.68977288737571,49.67836219396007,44.36183207285453,495.6124334364492,351.125,206.63756656355082,-11.142755428978283,交叉混雜,96.0
3533,2026-08-12,1968.0,1935.5,1935.25,2165.25,1076325.2,77.66850765759374,69.76978188601929,-29.765468009557935,-54.314009606719125,24.54854159716119,61.105402414207845,52.99230532498566,2130.9262901485913,1935.25,1739.5737098514087,3.8625500581320242,交叉混雜,73.0
3535,2026-08-12,88.83999938964844,84.05999908447265,85.7299991607666,109.29166641235352,731484.8,86.54821412044001,74.81102998186148,-4.562577641889689,-7.016383032985502,2.4538053910958126,67.67174067423835,53.06194919616993,98.79712903167356,85.7299991607666,72.66286928985963,7.896886627209512,交叉混雜,52.0
3537,2026-08-12,53.84000015258789,51.820000076293944,53.53249988555908,67.7591667175293,1186070.2,80.09767721193003,68.51040516252924,-3.313562652544256,-4.507142603086588,1.1935799505423317,62.70710446249438,49.53826698250244,61.51552534031551,53.53249988555908,45.549474430802654,4.796149244012081,交叉混雜,73.0
3540,2026-08-12,20.760000228881836,20.330000114440917,20.745000076293945,23.854910850524902,217744.0,70.53010453458876,58.951139494201406,-0.771898884893357,-1.0109802725983106,0.23908138770495357,60.756637055931506,45.81746493247446,22.268119996171265,20.745000076293945,19.221880156416624,1.2292114859881489,交叉混雜,4.0
3541,2026-08-12,21.25,20.960000038146973,21.272500038146973,21.833333365122478,34940.8,70.69103119450315,45.719343434374444,-0.15071190165935988,-0.27637257846304464,0.12566067680368476,85.06124493894798,68.52017884480641,22.39521968548198,21.272500038146973,20.149780390811966,4.830176035120499,交叉混雜,24.0
3543,2026-08-12,37.42999954223633,34.939999389648435,31.68249979019165,32.24333333969116,3173586.6,87.36141986691716,82.96100311924911,1.8417133541075614,0.746354416256013,1.0953589378515485,83.2256189356203,74.7604096162867,39.653847658375994,31.68249979019165,23.711151922007303,25.305771406427606,交叉混雜,43.0
3545,2026-08-12,50.7,49.74500007629395,49.22750015258789,54.58083330790202,645509.4,84.98115220018315,80.11862244236362,-0.869456007254179,-1.4162789715387403,0.5468229642845612,58.35838717095599,50.195252079026815,53.05750260070297,49.22750015258789,45.39749770447282,3.194350880297518,交叉混雜,21.0
3546,2026-08-12,74.68000030517578,74.43000030517578,73.72500038146973,76.44198417663574,173745.2,54.48303185915225,60.047251537416216,-0.1823590090695859,-0.3774359440792654,0.1950769350096795,42.927889021173634,46.40247883490508,76.2588764197629,73.72500038146973,71.19112434317655,-0.16955158589602556,交叉混雜,56.0
3548,2026-08-12,76.6,74.26000061035157,74.42000045776368,84.94833374023438,138223.2,81.09746854349669,74.57682257785888,-1.703604140322767,-2.8116881763452097,1.1080840360224427,63.221636654423406,53.048798693570866,81.1125247708765,74.42000045776368,67.72747614465085,4.541793299117784,交叉混雜,11.0
3550,2026-08-12,23.519999694824218,22.114999771118164,22.035000038146972,25.754166825612387,3201840.0,74.5760137461592,69.67303301081714,-0.8807659718964587,-1.4153561878008245,0.5345902159043658,59.08181977983231,50.31833573135871,25.376146892657136,22.035000038146972,18.693853183636808,6.648513543529937,交叉混雜,84.0
3551,2026-08-12,177.7,174.3,180.075,195.25833333333333,334626.6,78.75996358518708,68.77017358310749,-5.479608621352298,-6.58275671538215,1.1031480940298515,54.67767427626487,47.36542301968419,204.69479306424608,180.075,155.4552069357539,-0.3193113980285929,交叉混雜,44.0
3552,2026-08-12,44.62999954223633,44.97999954223633,45.37249984741211,48.70166645050049,84864.4,37.4114469692355,44.03926017143149,-0.8819738800820929,-0.9583864431217003,0.07641256303960742,46.106107197181196,43.45091045325723,47.21854106497996,45.37249984741211,43.52645862984426,-1.261778857847557,空排,7.0
3555,2026-08-12,160.8,153.4,149.95,182.5,53320.0,80.1109447785351,70.59459639120095,-3.450217834469697,-7.54655463924265,4.096336804772953,67.66563032359328,54.888032436026315,170.95100248233803,149.95,128.94899751766195,9.369789929976667,交叉混雜,93.0
3556,2026-08-12,64.03999938964844,61.71999931335449,61.82499942779541,66.86999994913737,386358.4,82.59827121532763,76.11995077162496,-0.9731376500310915,-1.7714138381697935,0.7982761881387019,68.57234760671957,54.27183916027422,68.68782824499336,61.82499942779541,54.96217061059747,5.135463973457257,交叉混雜,86.0
3557,2026-08-12,25.809999847412108,25.789999961853027,25.917499923706053,25.64666659037272,45298.4,41.23425235580865,53.28082072714374,-0.08252535463250865,-0.022059910114128493,-0.06046544451838016,35.78778245079057,42.93562596972644,27.205613722455944,25.917499923706053,24.629386124956163,-2.961320757924523,交叉混雜,5.0
3558,2026-08-12,129.4,125.6,126.85,132.45,83326.8,79.38419395687893,72.00542777235205,-1.0186196683091708,-1.9439429603193312,0.9253232920101604,63.30391091898572,52.87710153890571,137.73746261096503,126.85,115.96253738903495,2.483247930626729,交叉混雜,49.0
3563,2026-08-12,684.2,655.3,652.1,723.8833333333333,532807.6,84.75170577885505,75.66723478833826,-5.505700912109546,-17.355023760067603,11.849322847958057,68.32317593390104,58.13286489761008,730.4645999563309,652.1,573.7354000436692,9.952461278944943,交叉混雜,75.0
3564,2026-08-12,46.82999954223633,45.00999984741211,45.89999980926514,47.694999885559085,119426.6,74.18027754992421,64.45111092961127,-0.4271508969708009,-0.7647110594520649,0.33756016248126397,57.75311976554719,52.116223481582175,51.54595764125014,45.89999980926514,40.25404197728014,2.832246098205652,交叉混雜,45.0
3567,2026-08-12,26.270000076293947,25.99000015258789,26.504999923706055,28.16166655222575,36482.0,60.619048832538226,55.86475570453965,-0.6321350590300625,-0.7174026297733695,0.08526757074330704,47.5394377118413,41.13052334749093,28.23489134670312,26.504999923706055,24.775108500708992,-0.9620823408415996,交叉混雜,42.0
3570,2026-08-12,164.3,163.8,163.675,171.04166666666666,36043.2,58.61631452168197,67.22453312315803,-1.205646158778336,-1.6935539652876406,0.48790780650930454,45.38844084750102,45.27051079363757,167.03537278632461,163.675,160.3146272136754,-0.10691919963342683,交叉混雜,28.0
3576,2026-08-12,17.219999694824217,16.954999732971192,17.472500038146972,17.652499945958457,10144037.4,58.07888284098486,52.97397800295248,-0.09175555313151662,-0.11762618686163709,0.025870633730120468,52.41870069460357,50.24352660580252,19.474729520637084,17.472500038146972,15.470270555656858,-0.987270285933961,交叉混雜,91.0
3577,2026-08-12,135.2,130.3,135.725,133.59166666666667,1089554.4,61.114850282082244,56.96850264362317,0.5964807349710384,0.9194561939233445,-0.32297545895230617,44.77171559928422,48.30061310741395,160.37940069610607,135.725,111.07059930389393,-3.8496960766255257,交叉混雜,89.0
3580,2026-08-12,78.81999969482422,75.96999969482422,78.30999984741212,92.47000020345052,303541.8,81.17280721305659,71.12133531992063,-3.33881254965074,-4.521520986763379,1.1827084371126393,58.60085025568686,49.37715565369759,89.69473657372494,78.30999984741212,66.92526312109929,2.6688822405046384,交叉混雜,66.0
3581,2026-08-12,116.2,110.13000030517578,111.2,152.125,627408.4,75.59997095730392,67.64952128586984,-6.063664766020082,-9.376312197917404,3.3126474318973216,61.19237560179357,51.241086914649294,129.3923061172347,111.2,93.00769388276531,7.0143884892086295,交叉混雜,91.0
3583,2026-08-12,712.4,687.8,711.7,802.4833333333333,877589.2,79.31476102958007,67.96389849736053,-25.001633799195247,-33.137402233373265,8.135768434178019,60.681803680038676,51.15339998952601,817.7647270103967,711.7,605.6352729896034,3.133342700576079,交叉混雜,89.0
3587,2026-08-12,256.4,245.6,246.775,284.4,944116.0,60.60836759508442,58.33895291133199,-6.563771165425493,-10.60351667214222,4.039745506716727,52.62132109086824,48.66385088862355,285.4619691103752,246.775,208.08803088962478,2.5225407760105334,交叉混雜,58.0
3588,2026-08-12,55.08000030517578,52.920000076293945,53.59249992370606,60.504166984558104,326536.6,71.16642872654054,66.46482944335293,-1.762329199966544,-2.630788881239803,0.8684596812732588,56.003726774838924,49.329640743174586,60.534536550525885,53.59249992370606,46.65046329688623,3.372676409471468,交叉混雜,62.0
3591,2026-08-12,21.440000534057617,20.7850004196167,20.790000247955323,23.752500025431313,973820.4,72.46932129765544,68.56214896349124,-0.6471499351297609,-0.9449288893247101,0.29777895419494915,51.78565204834879,47.26128319399079,23.225397634277062,20.790000247955323,18.354602861633584,2.21260099354697,交叉混雜,62.0
3592,2026-08-12,242.2,237.5,236.1,260.1,518107.8,69.68853755599085,71.57250583803886,-4.323566802594257,-6.317535937345835,1.9939691347515778,45.71017710658475,44.772820022022586,250.91322311137233,236.1,221.28677688862766,0.8047437526471859,交叉混雜,26.0
3593,2026-08-12,12.509999847412109,12.614999961853027,13.527500009536743,15.374166822433471,6470.4,44.9970049337516,37.87024869113649,-0.8330127356282908,-0.8045349922945834,-0.02847774333370745,26.150475664720076,29.907783319129237,15.968051309552514,13.527500009536743,11.086948709520971,-9.443725807696314,空排,28.0
3594,2026-08-12,58.300000762939455,54.910000228881835,53.46750030517578,51.24416681925456,4092844.8,70.22123351548007,70.37789966990684,1.724057973037425,1.1997261715326055,0.5243318015048195,54.65744913174121,55.38620999245127,61.997834783400435,53.46750030517578,44.93716582695113,6.045729535350574,多排,77.0
3596,2026-08-12,174.5,176.35,179.375,186.05,1708964.0,28.318006475000615,44.62188248869865,-3.8537465283066865,-2.9008458332437024,-0.9529006950629841,30.27642954653227,37.122586480089154,193.29913656021182,179.375,165.45086343978818,-6.062717770034843,空排,24.0
3597,2026-08-12,26.860000228881837,26.47000026702881,26.382500171661377,26.926666736602783,37043.8,75.15461912135399,71.1744238731264,0.05131039251666181,-0.0720710182495013,0.1233814107661631,54.173689505901706,52.58605315525937,27.74101121221268,26.382500171661377,25.023989131110074,1.392968164303742,交叉混雜,44.0
3605,2026-08-12,111.1,99.10999984741211,92.65500068664551,84.29833348592122,13451351.8,87.56703890411583,79.5966097630835,7.4986309739513075,4.400381647728322,3.0982493262229855,88.39660025214374,77.7519128071143,118.12444239712514,92.65500068664551,67.18555897616588,29.512707474725392,多排,92.0
3607,2026-08-12,14.280000114440918,14.105000114440918,14.362500047683715,15.630833339691161,188092.8,68.64842884021985,64.96866040199987,-0.40266737705655586,-0.4752466777594497,0.07257930070289381,49.5966161610028,42.93374017462373,15.446777729133657,14.362500047683715,13.278222366233773,-0.7832901466333411,交叉混雜,55.0
3609,2026-08-12,24.750000381469725,24.920000267028808,25.510000133514403,27.006666692097983,281200.4,60.39333833304679,63.16058789734083,-0.6391844728259635,-0.6144187223958568,-0.024765750430106648,47.927537772363735,45.3823620968778,28.613580220866393,25.510000133514403,22.406420046162413,-2.58721971223193,空排,4.0
3611,2026-08-12,188.5,186.35,186.425,191.7,37994.4,84.05426157392272,79.78293574139121,-1.3350378904058857,-2.1766602443569996,0.8416223539511138,60.992605430188554,51.35910831377021,194.0977473978732,186.425,178.75225260212682,1.3812525144159786,交叉混雜,48.0
3615,2026-08-12,35.810000610351565,34.8350004196167,36.737500476837155,46.35000028610229,492782.4,70.99986476923209,60.533877024828236,-2.764487212387607,-3.3397262696289496,0.5752390572413426,54.606920359291514,43.86470373066478,43.680795775191214,36.737500476837155,29.7942051784831,-0.6464796835780878,交叉混雜,82.0
3617,2026-08-12,231.7,224.6,217.15,216.09166666666667,391368.8,85.52999007074581,80.89789618157829,4.3641412701033175,2.118005044771622,2.2461362253316954,68.36264493144625,62.05778964309499,239.3241907821261,217.15,194.97580921787392,8.220124338015195,多排,71.0
3622,2026-08-12,54.54000015258789,53.81000022888183,53.52000007629395,55.59333330790202,209907.2,86.84860724959564,80.07780735474174,-0.19098629880999596,-0.5345619095712079,0.3435756107612119,70.22828260595328,56.722251375724,55.74388979537499,53.52000007629395,51.2961103572129,2.952164416245935,交叉混雜,42.0
3623,2026-08-12,21.15,20.429999923706056,20.894999980926514,22.774166584014893,100844.2,69.62205508616246,55.669974875355805,-0.4691798966808669,-0.7174642951239053,0.2482843984430384,73.16993078226324,54.31103764000295,22.832687254885627,20.894999980926514,18.9573127069674,3.6133028872598354,交叉混雜,43.0
3624,2026-08-12,80.85999908447266,73.09000015258789,79.88500003814697,110.99500001271566,5016172.2,82.29567635822907,66.5776256846384,-9.706847355547083,-12.772967549128944,3.0661201935818614,68.4192739044668,48.930707431462736,107.21065907877524,79.88500003814697,52.5593409975187,8.280653387612457,交叉混雜,90.0
3625,2026-08-12,16.75,16.55999994277954,17.030000066757204,16.263333320617676,267388.2,65.65413193095155,58.6175845235515,-0.00454967765305625,0.019251515560448313,-0.023801193213504563,50.62627482199365,50.064236126225765,19.054429691816143,17.030000066757204,15.005570441698264,-1.350562705784256,交叉混雜,49.0
3628,2026-08-12,65.18000183105468,64.69000205993652,65.8300012588501,69.46333395640055,35934.0,75.33423924848098,59.63573384180896,-1.4590825288184135,-1.7017562804253392,0.24267375160692572,60.756423051696416,48.778566467968325,70.19642703177844,65.8300012588501,61.463575485921766,0.865867015234445,交叉混雜,64.0
3629,2026-08-12,13.75,13.605000019073486,13.622499990463258,14.980000003178914,7058.6,40.34428205957467,48.06841209423838,-0.32003529786671336,-0.3925499809832369,0.07251468311652354,44.40634826097959,44.16527556429298,14.751763805344089,13.622499990463258,12.493236175582426,-2.0003641709253115,交叉混雜,3.0
3630,2026-08-12,26.000000381469725,26.125,25.947500038146973,28.118333339691162,545978.4,35.98801485823486,36.795728562986184,-0.5190886592906097,-0.6617135644700579,0.14262490517944826,52.97661329868707,47.32653713370856,27.183570117476954,25.947500038146973,24.711429958816993,1.1658154404405177,交叉混雜,43.0
3631,2026-08-12,33.31000022888183,32.49500007629395,32.53000001907348,33.86750008265177,89564.2,78.09053325820058,64.4750664275026,0.09498868248147829,-0.34432519467453804,0.43931387715601633,87.77822657753919,75.23436607491001,34.79306753793338,32.53000001907348,30.266932500213585,10.667076479839944,交叉混雜,76.0
3632,2026-08-12,7.896000003814697,8.022999954223632,8.0875,8.11100001335144,11072.8,21.321435194922863,28.833012638821803,-0.08075162703598515,-0.037670174084942346,-0.043081452951042806,30.5099370032723,39.291177849981274,8.665914301142328,8.0875,7.509085698857673,-6.522411835801662,空排,14.0
3645,2026-08-12,69.76000061035157,68.1,68.48499965667725,86.16833324432373,1547519.0,74.02065265699484,69.13805665580642,-3.482253663319284,-4.865810338877195,1.3835566755579114,57.85382007887839,48.69974365808631,75.50325422137523,68.48499965667725,61.46674509197926,3.964367825327471,交叉混雜,36.0
3646,2026-08-12,23.3,23.270000076293947,23.21250009536743,23.418333466847738,12224.4,48.76406999939935,47.07336182598915,-0.009125327476510847,-0.042427081128730955,0.03330175365222011,66.21194037266412,57.206931003650595,23.465638178528387,23.21250009536743,22.959362012206476,1.0231584990684395,交叉混雜,27.0
3652,2026-08-12,35.86000061035156,32.755000305175784,31.86000003814697,34.19750010172526,3058936.4,79.88547077667414,65.85384125072285,0.5193677485732451,-0.48287321575790354,1.0022409643311487,80.15282393140703,66.05681199948846,37.591593391900986,31.86000003814697,26.128406684392953,16.76083088009646,交叉混雜,78.0
3653,2026-08-12,4300.0,4033.5,3725.25,3617.25,1353761.8,79.21116948454284,76.73669691517289,229.85447089384252,139.05709291128878,90.79737798255374,70.10837748480496,66.22780568244782,4636.515603432939,3725.25,2813.9843965670602,19.99194684920475,多排,94.0
3661,2026-08-12,3837.0,3528.0,3463.5,4043.0833333333335,2639816.2,86.39372417342003,77.47836823929589,-24.029775748493194,-146.22819690287574,122.19842115438254,80.57799931703296,62.92310644304228,4141.493168728195,3463.5,2785.506831271805,17.07810018767143,交叉混雜,59.0
3663,2026-08-12,63.68000030517578,61.560000610351565,64.43500080108643,74.8800002415975,594280.0,69.13126339027731,61.50793487528115,-3.037586023238859,-3.8026956976661666,0.7651096744273076,58.282011959819485,48.25748147546876,75.4483469143515,64.43500080108643,53.421654687821366,1.1872369638317093,交叉混雜,67.0
3664,2026-08-12,6.476000022888184,6.408999967575073,6.229499936103821,7.077666624387105,5199.2,41.96142712195407,60.58157821181443,-0.1729731188306074,-0.20209705438860637,0.02912393555799897,33.923678369330105,40.22960565508616,7.280183502783044,6.229499936103821,5.178816369424598,-9.623562530090563,交叉混雜,1.0
3665,2026-08-12,2223.0,2187.5,2123.75,2082.0833333333335,4108373.2,43.64129137371777,54.487261247484234,53.80690065064937,48.073326600335626,5.733574050313742,46.074519970849614,51.30876390370553,2453.6124115086745,2123.75,1793.8875884913255,1.4714537963507945,多排,87.0
3666,2026-08-12,25.079999923706055,25.079999923706055,25.01749982833862,25.749999968210854,54741.0,66.9522000828459,70.77280925366033,-0.07068566486927708,-0.11432327271211629,0.04363760784283921,56.84759895383905,49.55210871114957,25.433337659734782,25.01749982833862,24.60166199694246,0.3297713748264016,交叉混雜,25.0
3669,2026-08-12,38.65999908447266,38.779999542236325,37.994999694824216,37.03249982198079,479680.0,39.05203652268311,38.16572259618817,0.7745441277896532,0.791459892691916,-0.016915764902262764,60.00058162332389,57.41807617657454,43.0641946969576,37.994999694824216,32.92580469269083,3.9610483412658097,交叉混雜,70.0
3672,2026-08-12,12.629999923706055,12.714999961853028,12.942500066757201,12.354166714350383,13200.4,39.70747693102578,39.86897714809207,-0.05120081480490413,0.036113248506034014,-0.08731406331093813,39.32209948805839,45.75500695836666,13.922443795140842,12.942500066757201,11.962556338373561,-3.4189690127471,交叉混雜,53.0
3673,2026-08-12,62.32000045776367,59.61000022888184,61.17000045776367,74.74833348592122,3978605.2,83.95431904141397,72.87179593067908,-3.0166452690091745,-4.193979927157039,1.1773346581478643,60.19636397278225,48.401698549889524,70.57864178899399,61.17000045776367,51.76135912653335,3.3186207127421,交叉混雜,86.0
3675,2026-08-12,272.2,253.25,255.1,328.18333333333334,714270.0,78.10135873263606,70.97833292822008,-16.100622432140256,-24.1513276817651,8.050705249624844,62.15676567347651,49.70336931546386,315.0522617105551,255.1,195.14773828944487,7.996863974911801,交叉混雜,88.0
3679,2026-08-12,109.6,109.45,109.825,113.55833333333334,52414.2,23.252666135263226,24.98549860500623,-0.6088261688618815,-0.6780501839450159,0.06922401508313447,44.205835215822304,45.8602389698627,112.52538983540234,109.825,107.12461016459767,-0.7511950830867314,交叉混雜,30.0
3680,2026-08-12,447.0,430.05,444.0,497.60833333333335,767600.6,78.81541809589126,68.0321102831634,-14.34108329956615,-19.604015506222197,5.262932206656046,58.653816328534816,49.75516881275694,515.5563818920002,444.0,372.4436181079998,1.9144144144144142,交叉混雜,66.0
3684,2026-08-12,52.560000610351565,50.67000045776367,50.555000114440915,55.05833339691162,65261.6,82.23640308732294,70.68635576776407,-0.2880491269829477,-1.0321412594787112,0.7440921324957634,80.57161819833443,62.18772349783283,54.03076590479597,50.555000114440915,47.07923432408586,5.825338500430253,交叉混雜,53.0
3685,2026-08-12,38.45,37.045000076293945,37.37999992370605,32.32499993642171,1189886.6,64.3718684510742,61.477955965135756,1.3071032612092353,1.3855850243007604,-0.0784817630915251,54.77897974042595,55.89003587716772,40.98750672405474,37.37999992370605,33.772493123357364,1.6586411919726887,交叉混雜,90.0
3686,2026-08-12,14.779999923706054,14.619999980926513,15.044999980926514,16.397500069936118,89347.6,46.1066284548145,43.601349300367154,-0.45394018162479455,-0.5150640721630696,0.06112389053827505,48.76255935178947,42.92414287621032,16.214750382290966,15.044999980926514,13.875249579562063,-1.628446596891009,交叉混雜,14.0
3687,2026-08-12,65.97999877929688,65.55999946594238,68.28500003814698,72.99666703542074,61413.8,41.18346359212745,35.70198071129002,-2.3089549913537724,-2.319055181932594,0.01010019057882161,43.34685218993527,39.138993729462534,75.54622432606405,68.28500003814698,61.0237757502299,-3.199826554595072,交叉混雜,33.0
3689,2026-08-12,109.8,106.2,106.9900001525879,118.0216667175293,1623616.0,79.543165214982,70.2911751883181,-2.029884272519496,-3.295028865499684,1.2651445929801883,59.251855856535315,51.45351070529467,116.1210686098571,106.9900001525879,97.85893169531869,3.2806802901263503,交叉混雜,50.0
3691,2026-08-12,116.0,112.01999969482422,113.40999984741211,139.71999994913736,422503.4,84.79568387694495,72.76970628878246,-5.565966665586785,-8.036601389473624,2.470634723886839,67.6805568859025,50.43019481591014,128.1910552825442,113.40999984741211,98.62894441228,5.369896976264618,交叉混雜,76.0
3693,2026-08-12,511.6,488.3,481.5,512.625,1156415.0,60.23592999273673,61.701874347807404,1.380565318547383,-4.245992733061107,5.62655805160849,54.0815703179249,52.433929025388615,550.9451695868568,481.5,412.05483041314324,4.257528556593977,交叉混雜,75.0
3694,2026-08-12,54.91999969482422,54.369999694824216,57.51499996185303,62.263333257039385,1771363.2,44.52711362611121,47.154228276123874,-2.2172136215495684,-2.05541264289615,-0.16180097865341825,35.75626188581943,39.880757498283735,66.93910748038016,57.51499996185303,48.0908924433259,-7.502389292837538,交叉混雜,22.0
3701,2026-08-12,41.98000030517578,39.76500015258789,39.42749996185303,45.767499860127764,2385847.0,67.53930552370747,66.05343556701098,-0.6126607260295103,-1.428469732448634,0.8158090064191237,58.018240117515894,52.36538381508671,44.69602427235659,39.42749996185303,34.15897565134947,5.256483520771439,交叉混雜,29.0
3702,2026-08-12,125.2,120.65,116.825,113.91666666666667,12605623.4,76.60496421505397,76.81938267551132,3.740851649243112,2.693277903130282,1.04757374611283,52.593023962801915,55.20307404237667,131.85225593888072,116.825,101.79774406111929,4.85769313075112,多排,89.0
3703,2026-08-12,20.220000076293946,20.35500011444092,20.50250005722046,20.8375,1877677.8,17.96017623443275,26.634054270407955,-0.1886048742399531,-0.15299692291676112,-0.03560795132319197,18.315809844831477,31.1912043504354,20.949095201235306,20.50250005722046,20.055904913205612,-2.45092089168653,空排,35.0
3704,2026-08-12,46.3,45.285000228881835,45.43250007629395,46.017499860127764,6374928.0,53.263747311342165,61.01787603769345,-0.027633104638681516,-0.031711025918826026,0.00407792128014451,38.83566737652913,43.647674064729664,50.68048431166641,45.43250007629395,40.184515840921485,-6.23452726003695,交叉混雜,77.0
3705,2026-08-12,53.66000061035156,53.579999923706055,53.999999809265134,55.08499978383382,161887.6,47.28444095906611,34.43438282069668,-0.33583236295842056,-0.3840966476000374,0.04826428464161686,58.458601016138985,49.695142800706876,55.26823537024038,53.999999809265134,52.731764248289885,3.532127162909643e-07,交叉混雜,37.0
3706,2026-08-12,91.98000030517578,90.41000061035156,90.06000061035157,88.88333384195964,13410532.8,75.60321643429377,73.19944972902647,0.8142671068104192,0.5769423446750233,0.237324762135396,58.351908445885094,56.14541537902153,94.94968911498957,90.06000061035157,85.17031210571356,2.59826882041835,多排,70.0
3707,2026-08-12,61.97999954223633,58.964999771118165,61.27250022888184,75.37916692097981,3373320.8,81.44073654966392,69.81768731067999,-3.7822742381296877,-5.029540937107452,1.2472666989777643,60.60805081906192,48.50675930600557,73.48661971493861,61.27250022888184,49.058380742825065,3.6353988539677564,交叉混雜,66.0
3708,2026-08-12,100.4,96.48000030517578,96.95500030517579,109.5183334350586,562904.0,82.40678340220464,69.79017892891758,-1.6037762876357249,-3.385555584913456,1.781779297277731,73.92124255318988,58.224531778594425,106.77109267212782,96.95500030517579,87.13890793822375,7.266257204527209,交叉混雜,22.0
3709,2026-08-12,76.23999938964843,74.56999969482422,73.77999992370606,77.38644371032714,1483489.2,55.017913727394166,68.85749089706663,-0.22853513007537174,-0.4259814546851107,0.197446324609739,34.737956766125095,42.1550195287382,81.3429570014616,73.77999992370606,66.21704284595052,-3.496886660520172,交叉混雜,79.0
3710,2026-08-12,5.092000102996826,5.063000059127807,5.301000022888184,5.855166657765706,335766.2,50.08163784230571,36.39558390851808,-0.2123607399720866,-0.22649477112975655,0.014134031157669952,41.34493464971024,37.06066772362909,5.8808329938698565,5.301000022888184,4.721167051906511,-4.169026565325689,交叉混雜,4.0
3711,2026-08-12,612.0,590.8,600.65,613.3833333333333,18555528.4,80.41925091658396,73.16215320032676,-4.248640680962126,-9.78376857161667,5.535127890654545,58.74886113994027,52.74682108383009,692.3618485142065,600.65,508.9381514857934,3.3879963373012605,交叉混雜,96.0
3712,2026-08-12,21.399999618530273,19.864999771118164,18.692499732971193,17.995833301544188,1020332.6,91.24901077864253,88.49808214915721,1.0783421145101642,0.5307468627031128,0.5475952518070514,89.51632221549806,77.42717608523614,22.527281550331118,18.692499732971193,14.857717915611268,21.974051425793238,多排,27.0
3713,2026-08-12,14.739999771118164,14.689999961853028,14.509999990463257,14.92666670481364,47845.6,81.5099605883046,76.98291733160968,0.022328822064494602,-0.06196616443753511,0.08429498650202971,61.112235638977126,55.83866122295857,15.149572273055254,14.509999990463257,13.87042770787126,2.6877989546750176,交叉混雜,22.0
3714,2026-08-12,58.08000030517578,54.320000076293944,53.36999988555908,62.60666675567627,10703101.4,82.90759945857535,75.50803667658886,-0.78999263918206,-2.1314917795363653,1.3414991403543053,63.04683986747523,55.295911051499345,61.51974374534289,53.36999988555908,45.22025602577527,9.237398092697822,交叉混雜,81.0
3715,2026-08-12,119.3,110.58000030517579,114.44000015258788,150.63833338419596,7750646.8,73.80066773226032,66.59893530574031,-8.30295943313024,-11.939635339486482,3.636675906356242,54.36291458753673,46.39857035108982,137.08856410747862,114.44000015258788,91.79143619769717,3.1108002819515996,交叉混雜,47.0
3716,2026-08-12,34.55,33.53000030517578,33.6600004196167,34.44666684468587,713755.4,73.71278826288426,54.33759676348513,0.018848244252033908,-0.2894831303926215,0.30833137464465543,66.59332114333571,59.94074835423889,35.85846864643655,33.6600004196167,31.46153219279685,3.8324430399322087,交叉混雜,55.0
3717,2026-08-12,23.239999771118164,22.764999771118163,22.39749994277954,23.286961619059245,4038058.2,59.06619993183402,65.00546677149433,-0.18440119932347798,-0.3527927507944967,0.1683915514710187,50.26020199300798,49.02824215422785,24.465419119498087,22.39749994277954,20.329580766060992,2.243552526105614,交叉混雜,
4102,2026-08-12,18.969999694824217,19.05,19.507500076293944,18.89916664759318,32146.8,50.604261697364194,36.437328443766525,-0.16242389578095384,-0.0657090956120475,-0.09671480016890634,41.791213924325234,39.54790918918421,20.67876830667886,19.507500076293944,18.336231845909026,-2.3452561191547283,交叉混雜,42.0
4104,2026-08-12,70.83999938964844,70.53999938964844,70.79499969482421,70.2133332570394,166940.0,65.25526185300336,51.62600283154927,0.14775190767450397,0.10124093260718817,0.0465109750673158,61.738694261955175,56.844482867913754,72.03889061558827,70.79499969482421,69.55110877406015,0.5720704218713113,交叉混雜,36.0
4105,2026-08-12,76.93999938964843,76.25,76.76499977111817,75.68333282470704,481911.2,77.86027635143407,68.10233214389078,0.13148475959143013,0.051192599712140616,0.08029215987928952,60.64595051502384,55.214300192753655,79.12544022403662,76.76499977111817,74.40455931819972,0.696936471353877,交叉混雜,46.0
4106,2026-08-12,24.789999771118165,24.199999809265137,24.50999994277954,23.954166603088378,412927.6,66.51269424856811,59.52544768202867,0.15897707763538094,0.12367173070955947,0.03530534692582146,57.546037805348426,55.36497830315125,25.714202953290282,24.50999994277954,23.305796932268798,1.1831876579275071,交叉混雜,67.0
4107,2026-08-12,114.8,114.0,115.575,115.91666666666667,47426.4,57.33015705331815,55.256551015986574,-0.6392534339540674,-0.6597877478040916,0.020534313850024133,48.278071544264016,46.96177661490045,121.2437044839467,115.575,109.9062955160533,-0.9301319489509001,交叉混雜,42.0
4108,2026-08-12,11.099999809265137,11.164999866485596,11.41499981880188,11.929166571299236,218606.4,17.897613097593435,21.58650386161287,-0.24192736857524721,-0.21832446218193333,-0.02360290639331389,13.381175856529197,25.09601807125712,11.997282096097766,11.41499981880188,10.832717541505993,-4.0735875332282685,空排,18.0
4109,2026-08-12,11.25,11.239999961853027,11.387499952316285,11.688333288828533,136758.6,28.326547001852983,27.3355555163399,-0.15262313115771065,-0.15580423215648004,0.003181100998769393,38.101696509800824,40.93248294315192,11.869682705843815,11.387499952316285,10.905317198788754,-1.6465435243581203,交叉混雜,17.0
4111,2026-08-12,29.850000381469727,29.900000190734865,29.96250009536743,30.030833339691164,111206.4,51.00217377991234,51.055050628504745,-0.05593863366589602,-0.040063172466199726,-0.015875461199696295,39.81179646436366,43.63356612779527,30.182248257683536,29.96250009536743,29.742751933051327,-0.3754683806078616,空排,48.0
4113,2026-08-12,14.769999885559082,14.629999923706055,14.652500009536743,15.141666618982951,236586.4,48.83467844157127,52.223555439022746,-0.10207049023459902,-0.15761768656830755,0.055547196333708526,47.89256615527354,47.19932797310893,15.126536428093324,14.652500009536743,14.178463590980162,-0.017064603343060668,交叉混雜,14.0
4114,2026-08-12,29.50999984741211,29.249999809265137,29.417068481445312,29.060714435577392,1036176.0,71.27632580466783,56.271802666717655,0.009985256470965709,-0.03143315306900664,0.04141840953997235,64.43083092742606,56.83885331025164,30.321162529135613,29.417068481445312,28.512974433755012,1.3017298302744418,交叉混雜,46.0
4116,2026-08-12,39.83000030517578,39.29500045776367,38.80000019073486,38.087500190734865,41134.4,57.85504369612426,58.69030789625977,0.4356538090397777,0.33082416771195433,0.10482964132782335,54.12989228159554,55.726436146275596,40.58649958557741,38.80000019073486,37.01350079589232,1.8041232108867136,多排,40.0
4119,2026-08-12,52.15,50.14499969482422,49.60499992370605,45.3041664759318,320566.8,80.347069756493,63.18170715148598,1.810323405158421,1.3862102608489386,0.4241131443094823,84.2319287447455,74.93905958629895,54.27797943402957,49.60499992370605,44.93202041338254,11.077509442327406,多排,70.0
4120,2026-08-12,49.119998931884766,48.33499946594238,47.33499984741211,46.32749989827474,46956.2,88.16910290863848,88.56857847317703,0.7511132163124401,0.5391949475494326,0.21191826876300746,69.99628901250273,65.46343938215801,50.403703210415465,47.33499984741211,44.26629648440875,3.517482112506909,多排,59.0
4121,2026-08-12,13.070000076293946,12.969999885559082,13.119999933242799,13.516666634877522,34018.8,78.51939376865084,60.32001802521795,-0.1107032509066741,-0.14320156015361485,0.03249830924694075,55.026012627248456,47.84643711891736,13.61460244678876,13.119999933242799,12.625397419696837,-0.15243560880208648,交叉混雜,20.0
4123,2026-08-12,38.26999969482422,38.31500015258789,38.15999984741211,38.129166730244954,2437141.0,53.31196695062574,68.07558095526663,-0.07161865896348019,0.07545207470123827,-0.14707073366471846,18.20159162387634,28.697885232224294,40.06168961514128,38.15999984741211,36.258310079682936,-8.018871555363843,交叉混雜,34.0
4126,2026-08-12,76.9999984741211,76.36999893188477,76.54499969482421,78.86666679382324,46480.6,74.07426971658482,62.94013391831249,-0.5924942483368909,-0.8452874808365327,0.2527932324996418,64.78954073339789,48.67038696564153,78.04654247839478,76.54499969482421,75.04345691125364,0.7250620961651246,交叉混雜,31.0
4127,2026-08-12,88.62000122070313,82.38000106811523,79.72000045776367,72.11333357493082,345766.6,84.68230841503808,75.63920992680127,4.464023625955349,3.3131415486134,1.150882077341949,76.9435815098891,68.14213297602252,92.4228565728139,79.72000045776367,67.01714434271345,11.640741958039685,多排,96.0
4128,2026-08-12,14.589999771118164,14.414999866485596,14.759999895095826,15.249999936421712,1053244.8,63.154113277788994,54.18902391627219,-0.30352936384695184,-0.33763878237889683,0.03410941853194499,51.313582217396196,45.728958060894854,15.898604794826747,14.759999895095826,13.621394995364904,-0.745259331621682,交叉混雜,9.0
4129,2026-08-12,86.0000015258789,84.62000122070313,86.97000045776367,89.6,55416.4,61.88635641310326,46.09421238298151,-1.4785120125416569,-1.7123021551710353,0.23379014262937847,56.35432839289752,45.31487438933464,93.3479542650377,86.97000045776367,80.59204665048965,-0.7703776043225864,交叉混雜,17.0
4131,2026-08-12,32.55999984741211,33.18999977111817,33.6375,34.06833337148031,9860.0,22.7502958297503,32.24368063599846,-0.39314565788122025,-0.18854872657666139,-0.20459693130455886,20.773846588711834,32.71696607022058,35.614971637801176,33.6375,31.660028362198826,-4.868078781122268,空排,29.0
4133,2026-08-12,21.14000015258789,21.129999923706055,21.394999980926514,20.99916671117147,120816.8,32.85050528291575,37.48803201465563,-0.0006021687873776216,0.06142385837275611,-0.06202602716013373,38.2334637403185,45.682743478151224,22.546612164730195,21.394999980926514,20.243387797122832,-2.313626374561951,交叉混雜,21.0
4137,2026-08-12,95.3,95.15999984741211,95.06499977111817,101.66833318074545,159075.0,49.34448801812382,56.761965945867594,-1.31161588290459,-1.7517323904768465,0.4401165075722564,36.69604146589006,39.58112589137257,96.54222974744742,95.06499977111817,93.58776979478891,-1.0150963018150152,交叉混雜,28.0
4138,2026-08-12,51.15999984741211,51.079999923706055,50.99500007629395,51.148333358764646,10932.2,73.49759056028759,67.62437728391954,-0.009774960292439516,-0.08202939726505258,0.07225443697261306,67.59503035504711,57.8450462117252,51.45600594974363,50.99500007629395,50.53399420284427,0.7941983507775916,交叉混雜,24.0
4142,2026-08-12,17.40999984741211,17.099999618530273,17.032499694824217,17.295833269755047,1372287.4,65.50648254378923,59.690664144755786,0.017719897605545043,-0.06421208548512174,0.08193198309066678,52.72608109189464,52.202753105544694,17.66601570418545,17.032499694824217,16.398983685462984,1.276972312184312,交叉混雜,37.0
4147,2026-08-12,61.65999984741211,59.30999984741211,59.29000015258789,59.09333330790202,1891649.0,79.39637460899782,65.79964545505,0.29560524694863943,-0.6421018097168909,0.9377070566655303,82.46598282735322,69.31754574594403,65.87511888466487,59.29000015258789,52.704881420510915,15.533816535181957,多排,68.0
4148,2026-08-12,31.499999618530275,31.094999885559083,30.927499866485597,31.009999879201253,88640.8,69.66486936696202,64.62542706279534,0.27592943832196326,0.02549819901779814,0.2504312393041651,82.69664323424539,71.98140299479836,32.471750895258566,30.927499866485597,29.38324883771263,7.509498483681723,交叉混雜,23.0
4153,2026-08-12,32.85999984741211,32.37000007629395,31.79000005722046,31.13666664759318,18614.8,56.36009826138183,60.594567864391976,0.5301907746948586,0.3789394491941607,0.15125132550069792,80.48556721760633,73.33130390511889,33.28511472833181,31.79000005722046,30.294885386109105,4.120787714824472,多排,45.0
4154,2026-08-12,11.680000114440919,11.630000114440918,11.930000066757202,12.582500012715657,20538.0,55.829614150340284,49.79442665984007,-0.16316675177066564,-0.22240192591504465,0.05923517414437901,66.3260377418314,55.400749262198474,12.859289400325503,11.930000066757202,11.000710733188901,2.2631998407132077,交叉混雜,8.0
4155,2026-08-12,14.599999809265137,14.489999771118164,15.024999856948853,15.105833307902019,302338.8,52.531706098982,36.3148129282588,-0.20813965252890831,-0.18404622856163602,-0.024093423967272293,60.280148408966745,46.743576553007124,16.335483921442826,15.024999856948853,13.714515792454879,-1.497501952453797,交叉混雜,55.0
4157,2026-08-12,8.806000137329102,8.521000051498413,8.472000026702881,8.741166734695435,961623.6,81.52481026306941,72.2831389336686,0.025382570736711685,-0.08250228553688999,0.10788485627360167,75.8188686422231,63.732966290232575,9.126043383924763,8.472000026702881,7.817956669481,6.940514530931311,交叉混雜,41.0
4160,2026-08-12,40.20000076293945,39.845000457763675,39.87750034332275,40.305833435058595,14656.2,87.22231967715415,76.10380031181359,-0.09553549237759995,-0.20602953518419176,0.11049404280659181,59.90032666617456,52.857239464747394,40.802291173559425,39.87750034332275,38.95270951308608,1.0594919192535115,交叉混雜,12.0
4161,2026-08-12,23.030000305175783,22.664999961853027,22.519999980926514,22.886666679382323,46574.0,66.37555495046166,67.85549155123005,0.02918095314105429,-0.08687735582702412,0.11605830896807841,56.12939172029767,54.23994630279566,23.425771047199664,22.519999980926514,21.614228914653363,1.9094173284952571,交叉混雜,35.0
4162,2026-08-12,63.64000015258789,62.98000030517578,64.34500102996826,60.55666688283284,401670.0,65.86677766100904,56.567303414772816,0.24515485041440144,0.5367197248194836,-0.29156487440508216,41.88259138656148,47.11861167552978,68.30717814174825,64.34500102996826,60.382823918188265,-2.245705930467471,交叉混雜,47.0
4163,2026-08-12,142.6,133.15,128.35,123.45,338924.8,74.12936155929222,74.10806152180717,4.758747441842729,2.6328558367276305,2.1258916051150987,57.69801509019983,59.55073373655026,146.48139179492495,128.35,110.21860820507506,8.297623685235688,多排,83.0
4164,2026-08-12,26.520000076293947,26.219999885559083,26.622499847412108,28.455833276112873,519704.8,74.56824723301487,56.36680378514887,-0.5162455996712225,-0.690324486941934,0.17407888727071152,73.3998773929627,54.20101765893284,27.792508801672135,26.622499847412108,25.45249089315208,2.357029415661315,交叉混雜,10.0
4166,2026-08-12,24.660000228881835,24.879999923706055,25.314999961853026,25.14333324432373,123330.0,21.901109831275747,28.293680897251825,-0.32458490144220775,-0.21313505109867242,-0.11144985034353533,29.34671497941366,38.80481465881465,26.8134552870549,25.314999961853026,23.81654463665115,-3.6144591929747554,交叉混雜,24.0
4167,2026-08-12,18.810000610351562,18.1350004196167,19.100000190734864,19.715000216166178,1382844.0,54.207441065267304,48.33837459007535,-0.45678302873012555,-0.4896179667183303,0.03283493798820475,46.62553655356186,44.50046430538092,22.198726139983364,19.100000190734864,16.001274241486364,-3.4031383314368564,交叉混雜,44.0
4168,2026-08-12,22.99000015258789,22.750000190734863,22.972500133514405,24.840000057220458,106710.6,68.18379086426853,67.54317440030847,-0.4583450435371077,-0.564222802871254,0.10587775933414634,45.84793760270938,41.755642625903356,23.961106673595634,22.972500133514405,21.983893593433177,-0.5332451902610482,交叉混雜,39.0
4169,2026-08-12,155.4,158.95,202.275,192.01666666666668,216959.0,20.05033914800037,17.75699225565857,-19.279880620108116,-12.57601487231968,-6.703865747788436,13.748919522824394,27.574360619165944,302.6948947577505,202.275,101.85510524224955,-24.854776912618963,交叉混雜,75.0
4171,2026-08-12,17.14000015258789,17.05500011444092,17.79750003814697,17.557500012715657,87918.4,47.389158762944085,33.46508902438201,-0.16684273111712145,-0.08187643665330809,-0.08496629446381336,49.26383444948547,47.554172593966925,19.790507597812816,17.79750003814697,15.804492478481126,-3.076274965435963,交叉混雜,19.0
4173,2026-08-12,17.64000015258789,17.645000076293947,17.742500019073486,18.00916665395101,134157.0,41.73201493169334,43.46585114629421,-0.11662308662480214,-0.11334660180816594,-0.0032764848166361993,30.926657078507034,36.08335196207081,18.057518715446943,17.742500019073486,17.42748132270003,-1.6485797143558738,空排,16.0
4174,2026-08-12,26.179999923706056,26.01499996185303,26.747499847412108,28.320000012715656,280311.2,48.15555440961904,43.925404388413654,-0.6952660952598677,-0.7676369240532687,0.07237082879340095,45.14529510389394,42.70533686547637,28.891150122435974,26.747499847412108,24.603849572388242,-2.2338544996370726,交叉混雜,2.0
4175,2026-08-12,50.04000015258789,49.96999969482422,50.114999771118164,51.93166656494141,9598.4,54.92288976243894,53.716378317537405,-0.4409137035792199,-0.5505222449735743,0.10960854139435439,45.57639720123469,41.29672229070615,50.7744255021767,50.114999771118164,49.45557404005963,-0.22947175824280802,交叉混雜,23.0
4178,2026-08-12,18.14000015258789,17.85999984741211,18.334999752044677,18.320833269755045,169100.8,43.5494494754756,45.371326727715555,-0.17024437701875428,-0.15053665667910326,-0.019707720339651014,43.590405060592765,45.44369835196393,19.97210241205123,18.334999752044677,16.697897092038126,-3.1906177254212356,交叉混雜,9.0
4183,2026-08-12,14.670000076293945,14.625,14.652499961853028,13.918333339691163,2200.0,82.90882655604163,86.19732892218613,0.12569653478291087,0.17055898605327252,-0.04486245127036165,32.243609738072905,45.15430557672153,15.221409222601395,14.652499961853028,14.083590701104661,-2.4057312542970712,交叉混雜,27.0
4188,2026-08-12,9.970000076293946,9.847000026702881,9.905499982833863,10.467666641871135,25821.2,67.73168915423153,65.73546742077681,-0.13594001068844008,-0.1840405333135046,0.04810052262506451,51.74319938599645,47.68881794946117,10.330779145953993,9.905499982833863,9.480220819713733,0.4492436172670888,交叉混雜,5.0
4190,2026-08-12,25.250000381469725,25.36500015258789,25.710000228881835,25.194166660308838,7339.4,47.93336825539235,48.440764423230185,-0.08362924792820081,0.030556536867866066,-0.11418578479606688,32.3810488608209,42.01407336901097,26.916387054385176,25.710000228881835,24.503613403378495,-2.9560461267076215,交叉混雜,21.0
4192,2026-08-12,18.979999923706053,19.15,19.307500171661378,20.050833415985107,15833.4,46.252882888484535,55.12034500212707,-0.33002529687543003,-0.29731648394701893,-0.0327088129284111,24.269865272503893,34.02045730022097,19.989042844424265,19.307500171661378,18.62595749889849,-3.923350655786368,空排,8.0
4195,2026-08-12,15.170000076293945,15.140000057220458,15.74249997138977,16.364166673024496,98467.2,25.80063432729413,21.18363631755637,-0.4790051393374277,-0.46489613106354055,-0.01410900827388717,42.96374449608696,39.34155148615681,17.106424152098008,15.74249997138977,14.378575790681534,-3.4460864736259635,交叉混雜,4.0
4205,2026-08-12,69.81999969482422,69.41000061035156,70.17999992370605,72.02999954223633,16072.8,77.78052691825276,59.30899023262708,-0.7294041180587527,-0.8504438731483766,0.12103975508962384,57.2382861481563,43.485971172794045,72.7211123224365,70.17999992370605,67.6388875249756,-0.2564832201506557,交叉混雜,23.0
4207,2026-08-12,20.230000305175782,19.97000026702881,19.88250026702881,19.682500171661378,254720.2,85.96216961355753,76.40423839314124,0.17949428119260347,0.0836106854066444,0.09588359578595906,88.88829638325709,76.8226688165498,20.546043684144948,19.88250026702881,19.218956849912672,5.3690455504777805,多排,72.0
4303,2026-08-12,45.369999694824216,43.77499961853027,43.32999973297119,45.72249965667724,563866.6,84.95268867603946,76.78365475728795,0.01723057678269413,-0.5812271976522803,0.5984577744349744,76.76146677669243,63.662431223077256,46.92024998780609,43.32999973297119,39.73974947813629,8.469882967103253,交叉混雜,13.0
4304,2026-08-12,15.879999923706055,16.2,17.04250011444092,21.373333422342935,19063.2,31.9898548414936,22.32043183526205,-1.246029205803552,-1.3704488563261772,0.12441965052262516,46.69199357350246,37.16358376694973,19.35226799111393,17.04250011444092,14.73273223776791,-4.650139997765916,空排,15.0
4305,2026-08-12,43.73000030517578,42.820000076293944,42.03250007629394,43.118333371480304,6640.8,74.67869300860335,81.37682994537093,0.2775585713962414,-0.05044507571319341,0.3280036471094348,70.04701894948414,64.22944634353159,44.17659242312521,42.03250007629394,39.88840772946268,3.848216134298479,交叉混雜,52.0
4306,2026-08-12,14.419999885559083,14.289999961853027,14.415000009536744,14.975833336512247,629336.8,67.50518769421443,58.39337125567866,-0.2070744442552801,-0.2541697101302937,0.047095265875013614,58.21481534349754,48.285704284335516,14.972343258740946,14.415000009536744,13.857656760332542,0.5896634783699024,交叉混雜,63.0
4401,2026-08-12,13.970000076293946,13.894999980926514,14.324999952316285,14.225833304723103,25401.4,39.47345894666621,32.75936297753318,-0.16494410288941808,-0.1239657545210317,-0.040978348368386375,41.78545194007731,42.064783197519105,15.32893950548499,14.324999952316285,13.321060399147578,-2.966843526706543,交叉混雜,26.0
4402,2026-08-12,16.610000228881837,16.47500009536743,16.280000162124633,15.489166736602783,7900.8,69.26952595112296,74.59083719276849,0.1262464472591489,0.13315438094514917,-0.006907933686000262,38.1823499538485,45.639030335016315,17.134954670276404,16.280000162124633,15.425045653972862,-1.7199026986255967,多排,62.0
4406,2026-08-12,10.092000007629395,10.032999992370605,9.96850004196167,9.923166640599568,9800.0,42.6763113839557,35.16902925463799,0.05345210481479512,0.03832174003986649,0.015130364774928629,50.425164607609645,51.831714947985894,10.37617764609089,9.96850004196167,9.560822437832451,0.8175768513830978,多排,51.0
4413,2026-08-12,15.499999809265137,14.824999904632568,14.587499952316284,15.613333400090536,40401.4,92.82545695947391,82.62353214499038,0.12766315163687914,-0.19648025814252718,0.3241434097794063,94.50896191480139,81.77576207349912,16.013157373813073,14.587499952316284,13.161842530819497,16.8808863259208,交叉混雜,31.0
4414,2026-08-12,8.373999977111817,8.372000026702882,8.450500011444092,8.426333363850912,231020.6,40.03723825301666,27.70230801851416,-0.05565134080381284,-0.06728662947206299,0.011635288668250143,75.42994523339219,60.08295001907028,8.697969404719387,8.450500011444092,8.203030618168796,2.715819104442206,交叉混雜,12.0
4416,2026-08-12,10.520000076293945,10.390000057220458,10.400000047683715,10.853000036875407,174470.0,54.65852978112398,49.351248386352445,-0.11484803906785324,-0.1644559061792135,0.049607867111360254,50.613267839848035,47.93041289527984,10.78933157699195,10.400000047683715,10.01066851837548,0.48076693607859683,交叉混雜,1.0
4417,2026-08-12,45.63999938964844,44.32499961853027,43.847500038146975,45.54833329518636,228350.6,82.7860475457121,67.33582812393766,0.10494372665213092,-0.5139779170298615,0.6189216436819924,94.19112034526391,79.72506672448179,46.61240613794209,43.847500038146975,41.08259393835186,9.698382877642917,交叉混雜,54.0
4419,2026-08-12,46.220000457763675,45.715000534057616,45.705000495910646,46.25250002543132,5834.6,91.31586002014383,77.11152008752624,-0.012247136913330792,-0.2639159031224298,0.251668766209099,86.50782547553257,68.09758957899697,47.17250794849763,45.705000495910646,44.23749304332366,3.9273591174120166,交叉混雜,51.0
4420,2026-08-12,35.58000030517578,35.22000007629394,35.2,36.81250006357829,22227.6,58.357929041546896,48.40326109782732,-0.2616507595149926,-0.47147588045749855,0.20982512094250594,72.99989293549032,58.070542595408796,36.20734192687258,35.2,34.192658073127426,2.6988679712468846,交叉混雜,8.0
4426,2026-08-12,7.927999973297119,7.945999956130981,8.103999996185303,8.073000033696493,92060.2,36.51001331082149,29.44019606922509,-0.07351625963915254,-0.05353878268187198,-0.019977476957280554,41.22919696127645,43.44276532700378,8.48160479157695,8.103999996185303,7.726395200793656,-1.9002984574612167,交叉混雜,23.0
4430,2026-08-12,17.479999923706053,17.510000228881836,17.200000190734862,17.250833384195964,67994.2,47.5708520022417,48.24302776804778,0.12269602426189508,0.05733007311609138,0.0653659511458037,71.84983999321601,63.61129958435982,17.96640003822214,17.200000190734862,16.433600343247583,3.779070834458483,交叉混雜,52.0
4432,2026-08-12,16.119999885559082,15.95,15.934999990463258,16.279166603088377,26610.2,63.25830548617455,54.73280025158769,0.010152499294758144,-0.05978908182351333,0.06994158111827148,71.23425796476337,61.33441717329449,16.54465921160584,15.934999990463258,15.325340769320677,3.545654282239613,交叉混雜,47.0
4433,2026-08-12,19.779999923706054,19.614999961853027,19.657499980926513,20.398333263397216,15826.6,68.41748256758137,55.99645520743688,-0.15786739874866385,-0.24918935022196878,0.09132195147330494,79.49194499331676,56.582518522972904,20.12347357182145,19.657499980926513,19.191526390031576,1.9966895918345278,交叉混雜,35.0
4438,2026-08-12,60.74000015258789,60.670000076293945,60.87999992370605,60.66500002543132,136746.6,54.88445960439747,49.247178344271724,0.005423849153181948,-0.018338559665374118,0.023762408818556065,62.375425476784116,55.36804219844068,61.7875121210959,60.87999992370605,59.9724877263162,0.6898806075572145,交叉混雜,33.0
4439,2026-08-12,102.7,102.0,101.19499969482422,95.53166681925455,24311.2,53.166836235283114,66.86769740292358,1.4776569053941273,1.709642248969788,-0.2319853435756607,38.63107923499603,49.50628585423709,103.91604907835878,101.19499969482422,98.47395031128966,-0.6867925262316746,多排,62.0
4440,2026-08-12,17.6,17.520000076293947,17.470000076293946,17.55083328882853,85243.0,38.942228988637524,48.773902629379094,0.014510242416612584,-0.0034782397425113577,0.017988482159123943,45.19340590712635,47.67786589380517,17.912956309293413,17.470000076293946,17.02704384329448,-0.4006895103490026,交叉混雜,38.0
4441,2026-08-12,196.9,187.1,181.35,191.80833333333334,218786.4,82.72127266255133,79.76545784259383,2.8426741514485627,-0.8082600328258761,3.6509341842744387,82.48244948983825,70.8939833219188,201.61170876567925,181.35,161.08829123432074,10.835401157981806,交叉混雜,14.0
4442,2026-08-12,52.25999908447265,57.75999984741211,56.0,53.01249980926514,169855.6,11.320900236129441,22.408472706630057,0.20739563531531502,1.3360415298215804,-1.1286458945062654,38.90401249369856,44.99828267137987,70.27813995030459,56.0,41.721860049695415,-5.714287076677595,交叉混雜,53.0
4502,2026-08-12,15.699999809265137,15.699999904632568,15.712499904632569,15.759166638056437,7867.0,75.24370467219845,80.29617643996761,-0.013871503923434503,-0.016056880128850717,0.0021853762054162146,47.56988956387815,47.33855921356825,15.803546550672387,15.712499904632569,15.621453258592751,-0.07955510226445192,空排,41.0
4503,2026-08-12,28.29000015258789,30.35,33.15750007629394,37.75499998728434,742459.6,16.306012220494942,18.45094354352765,-3.1266341185678996,-2.3601015216607877,-0.766532596907112,27.256528023373065,28.171081006655427,41.09629740529045,33.15750007629394,25.21870274729743,-20.832391043957145,空排,2.0
4506,2026-08-12,122.2,122.5,121.95,120.20833333333333,51031.4,53.38164177691419,53.51682839064283,0.40953616970270446,0.4334642353208469,-0.023928065618142424,58.95464633248464,55.872828633416255,124.68187808928427,121.95,119.21812191071574,0.8610086100860985,交叉混雜,61.0
4510,2026-08-12,40.96999893188477,38.46999969482422,38.42250003814697,43.3133331934611,1642178.4,83.0172003571231,70.79893973570924,-0.23997354508825453,-1.2316060300219547,0.9916324849337002,82.81183121782864,67.31597538799932,43.586287767020146,38.42250003814697,33.2587123092738,15.947684801431498,交叉混雜,49.0
4513,2026-08-12,17.54000015258789,17.410000228881835,18.892499923706055,17.102499993642173,805357.4,35.591121360622154,30.984808311680645,-0.21692463041771148,0.04232601127801694,-0.2592506416957284,42.7073324834348,45.22947651459747,22.709121759666136,18.892499923706055,15.075878087745973,-7.635300603900349,交叉混雜,57.0
4523,2026-08-12,25.710000228881835,25.404999923706054,24.86000003814697,27.276666736602785,64675.0,78.94851539111812,77.12373212881597,-0.22591537925588767,-0.5062898930174169,0.2803745137615292,65.90764561747258,53.02648732244378,26.31334443257448,24.86000003814697,23.406655643719464,3.3789248733046033,交叉混雜,15.0
4526,2026-08-12,30.620000076293945,29.375000190734863,30.289999961853027,36.631666628519696,1358075.6,86.0371647948333,72.01273632342976,-1.5211654772298218,-2.1138147466413697,0.5926492694115479,67.85718939747977,51.652504459966714,34.71035934372674,30.289999961853027,25.869640579979308,5.480359204942281,交叉混雜,37.0
4527,2026-08-12,40.439999389648435,39.759999465942386,39.46749973297119,40.62749989827474,32717.2,77.039593471378,59.98580756188305,0.1593052639226613,-0.12995279108463503,0.28925805500729634,81.31830471958132,70.46072105434773,40.80295704011418,39.46749973297119,38.1320424258282,3.8829423637103524,交叉混雜,47.0
4528,2026-08-12,15.189999771118163,15.19499979019165,15.304999828338623,15.524166679382324,14392.2,35.62986372321073,37.28351569078142,-0.09946487323172093,-0.10283214979319352,0.003367276561472593,46.62617174688581,44.84394095072655,15.704868216698353,15.304999828338623,14.905131439978893,-0.6860504426734398,空排,22.0
4529,2026-08-12,4.185999965667724,4.149000024795532,4.2345000267028805,4.638333344459534,17659.0,50.381673847298735,41.336051316194954,-0.09584915362830859,-0.11009916933821899,0.014250015709910399,45.13804071290017,44.42028343686632,4.487604929943903,4.2345000267028805,3.9813951234618576,-1.759361880292144,交叉混雜,53.0
4532,2026-08-12,24.120000076293945,23.995000076293945,24.217500114440917,24.789999993642173,977788.2,43.56063747862298,52.27194503548369,-0.3703107372304757,-0.36418153335501247,-0.006129203875463229,38.39434690156881,40.40841325259147,25.20759575046825,24.217500114440917,23.227404478413582,-1.7239635610919786,交叉混雜,51.0
4533,2026-08-12,25.7,24.73000011444092,25.312500095367433,28.74166669845581,983190.6,80.3139178224656,66.4501540185523,-0.7034636446590419,-1.119598451620948,0.4161348069619062,71.38246351355946,55.742906142166746,28.14090345842019,25.312500095367433,22.484096732314676,5.876539796894059,交叉混雜,42.0
4534,2026-08-12,34.43000030517578,32.97500019073486,35.4274998664856,32.490833314259845,1133418.0,68.98729310720358,59.203728010805094,-0.016036704615807196,0.09298149988844742,-0.10901820450425462,50.456011494380284,49.84386172912959,43.69592249675398,35.4274998664856,27.159077236217215,-3.4648200075426656,交叉混雜,92.0
4535,2026-08-12,28.789999771118165,28.45999984741211,28.084999752044677,27.659166526794433,13210.8,67.3486549340059,66.45695359358575,0.3327864962673921,0.20162564013374937,0.13116085613364273,65.66886463796868,62.29588332208035,29.212689765064773,28.084999752044677,26.95730973902458,3.2579677978765447,多排,55.0
4536,2026-08-12,170.2,167.8,166.45,165.53333333333333,251462.6,81.15267346913757,72.68455163262392,1.0291051160643576,0.4569520917614384,0.5721530243029191,67.39821210236008,60.51822860120847,171.3907009943768,166.45,161.50929900562318,2.4331631120456665,多排,57.0
4538,2026-08-12,17.489999771118164,17.40999984741211,17.602499866485594,18.20833339691162,23233.2,56.21423270399441,51.18327342972203,-0.23942728674606073,-0.27753982725351045,0.03811254050744972,55.65408291419682,42.58683491061217,18.36371439864839,17.602499866485594,16.841285334322798,-0.29825666708287474,交叉混雜,44.0
4540,2026-08-12,58.89999923706055,53.46499938964844,52.194999885559085,59.73666648864746,6650787.2,87.3680575843728,77.03374819569753,0.33556003439780824,-1.4301748090357298,1.765734843433538,73.54144055957863,62.52853105026462,62.53398505605829,52.194999885559085,41.85601471505988,16.10307233832841,交叉混雜,77.0
4541,2026-08-12,66.32000198364258,63.75000076293945,66.38500080108642,56.45250021616618,3658736.4,73.90593305898804,58.74442967731507,1.659756335731693,1.7545263858810158,-0.09477005014932294,69.41981366430026,60.60402177304597,76.13692922733283,66.38500080108642,56.63307237484001,5.8974199042373465,交叉混雜,89.0
4542,2026-08-12,289.3,274.45,294.175,328.30833333333334,1240703.6,57.5647112318275,53.9237187990983,-17.861442533985667,-19.677990364902882,1.8165478309172158,46.99335870238577,44.46371739827338,365.03756156518205,294.175,223.31243843481798,-3.968726098410814,交叉混雜,98.0
4543,2026-08-12,32.02000045776367,31.280000114440917,31.332499980926514,35.67333326339722,121240.6,69.46882431749343,70.00208545736902,-0.7827935738407916,-1.161470382030049,0.3786768081892573,61.212423812265584,50.01192755503638,33.471185292502305,31.332499980926514,29.193814669350726,2.7686931542041835,交叉混雜,65.0
4545,2026-08-12,33.00999908447265,32.60999984741211,33.037499618530276,35.76749963760376,65469.2,60.84688730573768,60.216712089806194,-0.7613290710761262,-0.916562127493987,0.15523305641786078,52.435794349690255,46.38588327597059,35.12199740572531,33.037499618530276,30.953001831335243,0.18917550151332496,交叉混雜,59.0
4549,2026-08-12,91.32000122070312,90.64000091552734,92.40000076293946,102.14333356221518,81269.4,67.72687361368489,61.09559523806925,-2.356613485328751,-2.8634435082453766,0.5068300229166258,52.245464349357185,45.12449849075801,99.02245082828944,92.40000076293946,85.77755069758948,-0.5411247109654715,交叉混雜,18.0
4550,2026-08-12,24.309999847412108,24.449999809265137,24.5625,24.859166622161865,10400.0,39.94967121415046,53.620368017710895,-0.16349865798670393,-0.12534175037831966,-0.03815690760838428,32.13234050457966,39.841483217597144,25.2383035082479,24.5625,23.8866964917521,-1.67939086603451,空排,41.0
4551,2026-08-12,168.2,164.1,172.625,186.04166666666666,1529714.4,62.21720430334478,53.168558295329404,-9.402694262608065,-9.901468727087689,0.4987744644796237,53.87120125907692,47.13031550049014,197.76434848211477,172.625,147.48565151788523,-0.0724112961622013,交叉混雜,79.0
4552,2026-08-12,17.650000381469727,17.6350004196167,18.240000247955322,19.653333377838134,96914.4,56.3327421105467,44.67140153624466,-0.5712214787652137,-0.5951287382255241,0.02390725946031047,38.4366339868243,33.95309909200222,19.73933310794505,18.240000247955322,16.740667387965594,-3.23465252963024,交叉混雜,13.0
4554,2026-08-12,30.969999694824217,30.65999984741211,30.755000019073485,30.842500019073487,59898.4,64.54014295552876,64.30852138668874,0.0036484108277967664,-0.09913322349870606,0.10278163432650282,72.63189298314776,61.55743756409533,31.917529036144398,30.755000019073485,29.592471002002572,3.235246237390476,交叉混雜,59.0
4555,2026-08-12,48.08999938964844,44.44999961853027,44.98000011444092,48.11416670481364,566783.2,80.21323708105788,66.65753129674958,0.11346494030069465,-0.8031237787217258,0.9165887190224205,74.76953891892833,63.03680048846818,51.68085637697505,44.98000011444092,38.27914385190679,11.382833140625957,交叉混雜,78.0
4556,2026-08-12,88.6,85.62999954223633,101.56499977111817,78.23249994913736,172875.2,63.92415972327145,38.63746762368669,-0.9446167959828387,1.087884444005118,-2.0325012399879565,67.07153344431904,55.881011204235634,139.45327227875788,101.56499977111817,63.67672726347847,-0.5562937748155589,交叉混雜,99.0
4557,2026-08-12,49.32999954223633,49.50999984741211,50.48999996185303,48.316666730244954,68132.2,51.3802696175069,41.06268362844781,-0.04966497426127603,0.13359014452448875,-0.18325511878576478,54.26983411044663,50.945864400242044,53.263483321254554,50.48999996185303,47.716516602451506,-1.0695171307616664,交叉混雜,10.0
4558,2026-08-12,17.79000015258789,16.880000019073485,16.939999961853026,18.218333371480306,42604.2,77.73609437006124,65.454216795231,-0.07008004868219686,-0.37067482238893973,0.30059477370674287,73.39320039987727,62.19825252445512,18.61633663854053,16.939999961853026,15.263663285165523,7.438021274638768,交叉混雜,16.0
4560,2026-08-12,32.09000015258789,31.785000228881835,31.944999980926514,32.59249986012777,321640.0,73.3140626287565,64.49320715478176,-0.24908968328586667,-0.35854854984923873,0.10945886656337206,61.66872179810335,51.47035112265758,33.46604510054287,31.944999980926514,30.423954861310154,0.9547660643468234,交叉混雜,41.0
4561,2026-08-12,42.90999984741211,38.825,37.48000011444092,42.01916656494141,678477.8,88.58262520205523,77.88241453847643,0.7580492955510039,-0.6143963628887374,1.3724456584397413,79.82066994288587,69.9033823651515,44.84909573147141,37.48000011444092,30.11090449741043,22.865525871003495,交叉混雜,61.0
4562,2026-08-12,32.43999977111817,30.98499984741211,31.127499866485596,35.1733333269755,636960.0,73.41155223637682,65.07817060268036,-0.4415702969142039,-0.987459624084825,0.5458893271706211,72.99060882624062,59.17757324705507,34.270658585480604,31.127499866485596,27.98434114749059,7.621878222442242,交叉混雜,15.0
4563,2026-08-12,39.959999084472656,39.23499946594238,39.44249973297119,42.97416642506917,79369.8,74.00297186393112,70.46330423076569,-0.5706557081845816,-0.8789386613898003,0.3082829532052187,52.57580390473249,48.68051548269437,42.09406838240691,39.44249973297119,36.790931083535476,0.9063814578428184,交叉混雜,7.0
4564,2026-08-12,16.570000076293944,16.375,17.367499923706056,16.8549999554952,751801.0,59.259121169034856,40.90513956580735,-0.36745115309890153,-0.29890740797432624,-0.06854374512457528,53.035828460719415,47.156723889490046,20.181052668360728,17.367499923706056,14.553947179051384,-2.979700846464148,交叉混雜,58.0
4566,2026-08-12,72.66000213623047,69.70000114440919,69.11500072479248,66.04833323160807,5678259.6,57.75238269739738,57.75760527656625,1.7965458163721308,1.4401548690142487,0.3563909473578821,55.88272388438593,55.865994998624586,76.66616870767614,69.11500072479248,61.563832741908826,4.752949094461996,多排,77.0
4569,2026-08-12,166.3,162.65,160.175,169.175,71712.0,66.58969328297216,71.88083310421342,-0.3282263490100661,-1.8800101357059287,1.5517837866958626,48.70291468375895,49.599623085014954,171.57340709092895,160.175,148.77659290907107,1.7636959575464264,交叉混雜,44.0
4571,2026-08-12,170.4,160.45,156.325,176.11666666666667,582725.6,73.78769908666617,70.89442180757706,0.6527850968836049,-2.9306687628819783,3.583453859765583,69.890355411663,61.09361885404054,175.90553544776242,156.325,136.74446455223756,10.027186950263882,交叉混雜,32.0
4572,2026-08-12,141.2,140.75,142.425,144.88333333333333,15159.6,51.70349092871751,53.65968580247828,-1.46110967159251,-1.4412043141940154,-0.01990535739849464,39.08623954873535,41.7505001701661,148.2403607843919,142.425,136.60963921560813,-1.7026505178164026,交叉混雜,33.0
4576,2026-08-12,221.7,206.95,199.725,217.85833333333332,3592574.4,78.89990286408188,74.04872970109896,3.2061933902319595,-1.914261783424993,5.120455173656953,69.65833134753457,60.94051525796589,234.82706921476154,199.725,164.62293078523845,13.656277381399429,交叉混雜,88.0
4577,2026-08-12,77.46000061035156,73.34000053405762,72.47500057220459,90.0816666285197,429564.6,68.68343987873531,62.950943231226226,-2.500871760435345,-4.35380884467828,1.8529370842429351,54.408749643813834,49.18888323058036,81.91152160985489,72.47500057220459,63.03847953455429,5.001721798270327,交叉混雜,90.0
4580,2026-08-12,80.36000061035156,80.45999908447266,80.7049991607666,81.61333325703939,94243.0,38.873720633469866,43.94417110566107,-0.3868571867260471,-0.3090177722949613,-0.07783941443108577,39.84565335973439,41.60321635924806,82.36629133503875,80.7049991607666,79.04370698649446,-1.616997272112111,空排,44.0
4581,2026-08-12,50.64000015258789,50.72000007629394,50.8,50.279166793823244,36087.6,48.73889826316032,52.62119239115248,-0.013922006020443689,0.15046051162166305,-0.16438251764210673,25.304032734158568,32.959939637100916,52.253851365484635,50.8,49.34614863451536,-5.11810873437115,交叉混雜,34.0
4582,2026-08-12,27.780000305175783,27.590000343322753,27.727500247955323,26.681666628519693,385307.0,42.07690193989059,54.7977186366583,0.06336993834347027,0.21583453410188297,-0.1524645957584127,23.346673318240832,34.92302597885619,29.49280152453834,27.727500247955323,25.962198971372306,-8.574519322782868,交叉混雜,58.0
4583,2026-08-12,501.2,489.5,527.7,604.3666666666667,227280.4,63.3292075292041,52.30498491850339,-28.98237187504577,-30.864589059157012,1.8822171841112407,40.901630320134245,37.83498506285338,623.6360532635515,527.7,431.76394673644864,-5.817699450445337,交叉混雜,3.0
4584,2026-08-12,39.380000305175784,38.94000053405762,39.52000007629395,40.83333339691162,6392.6,40.54107149951765,43.87970536922826,-0.3141778460424405,-0.35528243950518834,0.04110459346274786,33.42870025011169,39.19207163097653,41.23660560713167,39.52000007629395,37.80339454545622,-3.0870466520196613,交叉混雜,13.0
4585,2026-08-12,308.9,297.45,299.825,316.06666666666666,483582.8,67.82745552477613,61.77817483363384,-0.976820406257275,-4.148262811484494,3.1714424052272188,62.014958591241296,55.0698358900406,324.39129055392436,299.825,275.2587094460756,3.72717418494122,交叉混雜,16.0
4588,2026-08-12,51.939999389648435,51.13999938964844,51.3399995803833,55.846666463216145,47610.0,81.13962983930776,64.68579093079205,-1.0559791697431962,-1.5400412194254385,0.4840620496822423,72.585332805208,52.67898513438326,53.77431598460968,51.3399995803833,48.90568317615692,3.038570234214949,交叉混雜,20.0
4590,2026-08-12,85.67999877929688,82.71999969482422,84.47000007629394,81.11000010172526,682943.8,78.91239562419919,64.64898926200473,0.40541716409236983,-0.2566554684310551,0.662072632523425,82.52218969797792,65.72589602000068,93.98212039500851,84.47000007629394,74.95787975757938,7.967321967408146,交叉混雜,69.0
4609,2026-08-12,4.886000156402588,4.988000106811524,5.011000061035157,5.238666733105977,11000.0,37.21530662377857,43.86926997240056,-0.08116401224651071,-0.059048272883693846,-0.022115739362816862,39.55545404689055,43.214248128022646,5.355453829972871,5.011000061035157,4.6665462920974425,-4.609855286632899,空排,12.0
4702,2026-08-12,9.636000061035157,9.536000061035157,9.525,9.81316663424174,54468.6,64.47278984781865,59.36138241648375,-0.04453967359365052,-0.0903446075737934,0.045804933980142876,58.71513377500609,52.151563860131645,9.87895495064829,9.525,9.171045049351711,1.4173212326730606,交叉混雜,45.0
4706,2026-08-12,32.02000007629395,32.11000022888184,32.555000114440915,32.103333409627275,7127.8,25.75060789370311,19.78218607887665,-0.06350288046262165,0.0029878969520658674,-0.06649077741468751,67.83701167389547,57.74000167361599,34.2232483649165,32.555000114440915,30.88675186396533,1.366917167853701,交叉混雜,67.0
4707,2026-08-12,32.13999977111816,29.154999923706054,31.772499752044677,26.884166590372722,7603297.4,72.36681672734959,61.01477887315285,0.12637491022098146,0.11515168739968726,0.011223222821294204,59.47129848813001,54.17370105630283,42.58046343640153,31.772499752044677,20.964536067687824,3.8634046975681504,交叉混雜,98.0
4711,2026-08-12,16.290000343322752,16.05000009536743,16.14000000953674,16.82833342552185,93942.4,77.14384067622689,71.0919462893262,-0.13089459671919457,-0.2321841650133375,0.10128956829414293,63.31191945129539,54.14959459395239,16.84680927778995,16.14000000953674,15.433190741283534,2.230483210969906,交叉混雜,62.0
4714,2026-08-12,10.529999923706054,10.359999942779542,10.56399998664856,12.076748418807984,568727.6,75.7290082825506,63.96621593591776,-0.3775864068906696,-0.49078474871383976,0.11319834182317018,60.47915390600853,45.485957947257745,11.328678120932198,10.56399998664856,9.79932185236492,0.8140820900265611,交叉混雜,3.0
4716,2026-08-12,17.489999771118164,17.13499984741211,17.629999828338622,18.584166622161867,2316247.4,56.731166386035596,53.42795427596968,-0.6441068340791816,-0.7515206071268646,0.10741377304768307,48.185849842770374,44.915332279119035,19.63247211580413,17.629999828338622,15.627527540873114,-1.3045956440603275,交叉混雜,73.0
4720,2026-08-12,19.749999618530275,19.249999809265137,19.597499942779542,22.99083331425985,383958.6,82.6109810289602,71.26660468292715,-0.8121150382919282,-1.0973101072144695,0.2851950689225413,62.858959851329026,47.40315772150765,21.49721590317702,19.597499942779542,17.697783982382067,2.308964386285008,交叉混雜,65.0
4721,2026-08-12,73.13999938964844,70.85999984741211,71.53999938964844,84.24166641235351,343005.0,83.97581277960154,74.04663386122195,-2.7425286214351132,-4.0176907415871375,1.2751621201520242,67.73019257152602,50.82991865738148,78.39255070741471,71.53999938964844,64.68744807188217,4.556896407495747,交叉混雜,35.0
4722,2026-08-12,220.5,204.2,207.675,247.08333333333334,1334315.0,72.29717388428546,69.73061758974244,-8.276688426359016,-12.565101122282833,4.288412695923817,48.740629134033824,46.60596197767313,254.81563505813483,207.675,160.5343649418652,1.1195377392560435,交叉混雜,86.0
4726,2026-08-12,24.539999771118165,24.510000038146973,24.657500171661376,25.606666787465414,119867.4,45.576810055505575,39.85907643346271,-0.22707117129626653,-0.29155356159684587,0.06448239030057934,57.816236565379384,50.09108112963893,25.399669938848554,24.657500171661376,23.915330404474197,0.5779136749756333,交叉混雜,7.0
4729,2026-08-12,20.020000076293947,19.44499988555908,19.23499994277954,21.774166711171468,126240.2,84.92876329767577,78.94782757376885,-0.2894799345804273,-0.5749416048723422,0.28546167029191494,60.81615184067162,52.56979244138275,20.77331777735021,19.23499994277954,17.696682108208872,4.497012951720282,交叉混雜,39.0
4735,2026-08-12,34.000000381469725,32.17500019073486,31.450000190734862,31.27000001271566,229059.4,90.76120834851602,80.75718451628242,1.0022942892569624,0.2513367423686092,0.7509575468883531,95.45088773644139,88.29154916112707,35.58623281885693,31.450000190734862,27.313767562612796,21.939581054180614,多排,74.0
4736,2026-08-12,131.1,129.7,129.7,126.28333333333333,190064.8,79.81610912774275,65.82590426264404,1.2920668950159495,1.0187545293618026,0.27331236565414696,81.35002754463154,70.93011590196642,132.69824510076108,129.7,126.70175489923889,3.315343099460302,交叉混雜,64.0
4737,2026-08-12,55.45999984741211,55.37000007629395,55.86999988555908,56.555000114440915,56185.6,44.16343282839145,32.56574492625818,-0.41962558530159555,-0.4429583972445745,0.023332811942978926,54.77804080434974,49.81953741755902,58.037802216626176,55.86999988555908,53.70219755449199,0.41166742264744527,交叉混雜,44.0
4739,2026-08-12,86.61999969482422,82.58999938964844,82.09000015258789,101.28000005086263,2128620.8,79.50436183518497,72.82441889001728,-3.3931553474933196,-5.474756754679753,2.081601407186433,60.805970577992696,50.01790369793443,93.14734390485461,82.09000015258789,71.03265640032117,5.981239905330079,交叉混雜,74.0
4741,2026-08-12,44.0,43.05,44.23750019073486,55.879166730244954,111367.8,66.1607194168728,63.49014403947952,-2.741068735989792,-3.46074795081506,0.719679214825268,51.24362192098938,43.34193378771223,49.51474774261266,44.23750019073486,38.960252638857064,-0.3108261452860485,交叉混雜,84.0
4743,2026-08-12,46.14999923706055,45.22999992370605,46.04499988555908,49.33250007629395,1386574.0,74.07082064496119,64.80161857522745,-1.0444652926984332,-1.4262937488982195,0.3818284561997862,58.00080473457866,49.86206944818524,50.748625887344616,46.04499988555908,41.34137388377354,1.7482866555820826,交叉混雜,9.0
4744,2026-08-12,28.289999771118165,28.814999771118163,29.83749990463257,30.2875,20622.0,31.01631626149362,33.363582958054835,-0.3703103744640046,-0.16454522411238345,-0.20576515035162116,42.63962843080554,44.84765853591609,33.192602050898294,29.83749990463257,26.482397758366844,-5.655635664837638,空排,40.0
4745,2026-08-12,12.119999885559082,11.739999866485595,12.459999990463256,14.179166698455811,29649.4,80.84931997900681,64.80151999310029,-0.5889923465258473,-0.7059867088468499,0.11699436232100258,52.15510070883855,43.00447530700586,14.731702552731562,12.459999990463256,10.18829742819495,-2.487964463645694,交叉混雜,3.0
4746,2026-08-12,54.02000045776367,52.73500061035156,52.13250026702881,52.5224999109904,571674.8,81.09986278132943,78.29494808525362,0.33776985922720115,-0.06162904347482337,0.3993989027020245,59.10595270463314,56.61363951186171,55.104700737207374,52.13250026702881,49.160299796850246,3.1985785479127427,交叉混雜,32.0
4747,2026-08-12,53.13999938964844,51.349999618530276,50.382500076293944,52.004166793823245,95574.0,81.97142541922355,79.51797522417463,0.9027071183454538,0.08057836245495284,0.8221287558905009,77.49088123736834,69.16578909167534,55.03983896639008,50.382500076293944,45.72516118619781,10.752739845309211,交叉混雜,36.0
4749,2026-08-12,806.0,776.1,780.1,903.95,734341.4,79.06326058897712,72.62783900896855,-19.692104756982985,-32.70077402667565,13.008669269692668,59.910665525302136,51.31036171895282,880.5346344120147,780.1,679.6653655879853,3.7046532495833837,交叉混雜,29.0
4754,2026-08-12,37.08000030517578,36.74000015258789,36.760000228881836,37.38000005086263,36850.0,67.64062125409646,60.57973398176998,0.02422613076186053,-0.1440053079787199,0.16823143874058044,82.1089815415754,67.43818671720288,37.65771722759676,36.760000228881836,35.86228323016691,2.557128749196991,交叉混雜,45.0
4755,2026-08-12,117.5,114.2,117.1,133.26666666666668,191621.8,79.91386460451272,70.19531791826878,-3.934807659472341,-5.474883655431766,1.540075995959425,63.426475780667985,49.53605736944447,131.90966967185526,117.1,102.29033032814473,2.049530315969262,交叉混雜,41.0
4760,2026-08-12,248.9,235.85,238.475,319.2916666666667,368563.6,80.08527183843704,67.7194015238141,-14.518355458742832,-21.864316162036133,7.345960703293301,64.91573324278023,51.0576069678085,277.202761020802,238.475,199.74723897919804,7.9777754481601875,交叉混雜,80.0
4763,2026-08-12,50.75,49.63499984741211,49.15749988555908,46.440833282470706,12011475.8,69.9611706465112,63.56232066490388,1.0258266581287359,0.7680714321781288,0.25775522595060707,78.61285566347726,66.5789472162734,52.537825808150956,49.15749988555908,45.77717396296721,7.00299770447298,多排,54.0
4764,2026-08-12,244.2,250.05,268.47991333007815,294.3443918863932,2017655.4,30.396826832847417,27.393078846489136,-15.455459547916917,-12.994868750737046,-2.4605907971798704,45.79244422028276,43.581786881065476,318.4092701810232,268.47991333007815,218.5505564791331,-7.06939789076273,空排,97.0
4766,2026-08-12,334.3,324.7,326.3,348.675,240158.0,87.03739654194179,72.97625476018042,-2.5156690172601657,-6.5648030430469655,4.0491340257868,80.77888001771743,62.097724717582366,347.7142107268215,326.3,304.88578927317855,5.271222801103276,交叉混雜,39.0
4767,2026-08-12,26.520000076293947,26.39000015258789,26.700000190734862,26.993333435058595,13201.8,78.91709227544008,70.4793086482486,-0.1848941357948526,-0.1911294936573636,0.006235357862511004,48.27440257489448,44.67456805976082,27.717737516804604,26.700000190734862,25.68226286466512,-0.7490643794237264,交叉混雜,38.0
4768,2026-08-12,309.9,295.35,300.7,367.725,335050.6,81.17092474153691,67.35603157157273,-11.415679338964367,-18.464449411205525,7.048770072241158,65.06519363545362,53.494324406229026,340.02643412582796,300.7,261.373565874172,7.083471898902564,交叉混雜,78.0
4770,2026-08-12,218.3,215.9,218.85,223.35833333333332,268251.6,58.407060768131544,45.99067709823187,-0.3884684365995952,-1.0544582876793662,0.665989851079771,65.35082498248286,57.00512256794895,230.40353671071324,218.85,207.29646328928675,2.124742974640167,交叉混雜,35.0
4771,2026-08-12,202.8,194.4,193.05,196.15833333333333,391896.2,82.00492786558863,75.65675266323701,1.1336588416053814,-0.9902612670188506,2.1239201086242323,64.6939251931866,59.297784915609384,210.26351977829864,193.05,175.83648022170138,5.413105413105407,交叉混雜,70.0
4772,2026-08-12,247.0,235.15,237.6,267.55,719196.8,79.0226322606716,70.43043013499599,-4.632884833409491,-9.190873316041397,4.557988482631906,64.79671382731617,55.28486202857588,266.0042250378325,237.6,209.19577496216752,6.902356902356904,交叉混雜,22.0
4807,2026-08-12,32.52000007629395,34.92000026702881,37.06249990463257,36.055000114440915,290529.0,10.477721550984421,14.255212299155485,-1.505142109320957,-0.5924167816050961,-0.9127253277158608,16.14861694466468,29.898444180391806,43.249231879111726,37.06249990463257,30.87576793015341,-15.952783275051747,交叉混雜,89.0
4903,2026-08-12,38.83000030517578,37.85,37.217499542236325,40.146666526794434,1905442.8,61.654222415988166,67.09647386274443,-0.11590098562163575,-0.4482972781758837,0.33239629255424796,45.92550924500048,47.965058083460185,42.10090649716901,37.217499542236325,32.334092587303644,0.4903660533009972,交叉混雜,42.0
4904,2026-08-12,101.7,102.45,103.3,102.20666643778483,4804526.6,21.483383330581383,27.181248926629102,-0.1935708345727818,0.16701573817653675,-0.36058657274931855,37.031604733467816,44.52326715008344,107.48518691024462,103.3,99.11481308975537,-2.226524685382379,交叉混雜,67.0
4905,2026-08-12,67.95999908447266,66.7599998474121,66.76000022888184,71.20499992370605,20676.6,69.06662620416733,56.01926163580766,-0.2688939675534243,-0.9802804900991162,0.7113865225456919,77.80427867115951,62.94166769376755,70.05299208023285,66.76000022888184,63.467008377530824,4.853205152801167,交叉混雜,57.0
4906,2026-08-12,35.50999984741211,34.22500019073486,34.287500095367434,40.47333345413208,6051899.8,76.80896027899212,68.09965152644156,-0.9616412237442233,-1.6590827836967592,0.6974415599525359,60.875410953755896,52.61388975292599,39.00029080329219,34.287500095367434,29.57470938744268,6.452788621155542,交叉混雜,76.0
4907,2026-08-12,45.70999984741211,44.5,42.69999961853027,40.62583306630452,300753.2,67.9978536219441,74.25168832651757,1.3676987090312096,1.0361641092020817,0.3315345998291279,62.13668210364778,63.18735818361861,47.29347388781834,42.69999961853027,38.106525349242204,7.259952333079149,多排,73.0
4908,2026-08-12,153.8,147.8,143.575,185.44166666666666,2922192.8,67.72403154744225,63.86457714022062,-3.9093785923567737,-8.388682746654908,4.479304154298134,63.00085554070938,55.3912212080619,166.91070789922404,143.575,120.23929210077594,13.181264147658029,交叉混雜,88.0
4909,2026-08-12,38.54000015258789,37.47999954223633,37.78499965667724,44.81166642506917,218904.4,86.96123582969963,76.47797077723098,-1.3276031009854705,-1.970590229208159,0.6429871282226884,64.33832274206955,50.26523001299782,41.10195898057902,37.78499965667724,34.468040332775466,3.612549640345026,交叉混雜,6.0
4911,2026-08-12,28.229999923706053,28.675000190734863,31.31500005722046,31.74916671117147,36354.2,13.155960418071261,11.887510396692686,-1.3040836382560599,-0.9501290410117328,-0.3539545972443271,28.1327142592543,30.212438180855997,37.31176224854026,31.31500005722046,25.31823786590066,-9.468304870933817,空排,5.0
4912,2026-08-12,90.71999969482422,88.0,85.725,91.04166666666667,421231.4,87.03270795815996,81.1438643661309,1.0069420636303903,-0.2727492644523031,1.2796913280826934,77.70984298052133,66.43733794028822,94.17494488380188,85.725,77.2750551161981,10.469521082813875,交叉混雜,62.0
4915,2026-08-12,60.50000076293945,62.34000015258789,63.760000228881836,69.48500022888183,4965338.4,16.625738326246232,21.631148919635237,-2.196348509725631,-1.9755898917191215,-0.22075861800650953,32.77498177157052,32.853501640189165,68.13476038149307,63.760000228881836,59.385240076270605,-5.269759552919397,空排,11.0
4916,2026-08-12,105.5,101.2,101.57499961853027,105.59166653951009,5566718.2,66.56760009660918,65.38378162771059,-0.09592488688711853,-0.7527485371280953,0.6568236502409768,50.59712540386376,50.16785947446193,113.4416056312062,101.57499961853027,89.70839360585434,1.4029046387609019,交叉混雜,92.0
4919,2026-08-12,124.6,123.05,129.275,164.55833333333334,5170641.4,62.31188128110426,58.810878567515076,-9.70045571295185,-11.372315601630119,1.6718598886782683,48.217642678736716,42.68845171056227,153.4290559958907,129.275,105.1209440041093,-2.920131502610718,交叉混雜,86.0
4923,2026-08-12,48.01999969482422,44.704999160766604,45.04999961853027,49.95333315531413,426352.0,81.85702735450812,72.4586358516248,-1.12722016947356,-2.2912456135489894,1.1640254440754294,71.59472145119052,56.61722029856838,53.849820450962376,45.04999961853027,36.25017878609817,12.097670205590848,交叉混雜,87.0
4924,2026-08-12,10.026000022888184,9.961000061035156,9.972499990463257,11.663333320617676,39800.8,46.86353068556211,49.08869019264675,-0.4446856106479107,-0.5515194451756793,0.10683383452776862,50.497363325664985,42.051410404909696,10.468627168329917,9.972499990463257,9.476372812596598,0.7771391360814224,交叉混雜,21.0
4927,2026-08-12,34.039999389648436,31.889999771118163,33.23249969482422,44.0766663869222,3909651.8,78.29083783787547,66.33021753770329,-2.3630515855322116,-3.279003736371176,0.9159521508389643,60.61177108417869,48.10505689530864,39.39685140141145,33.23249969482422,27.068147988236987,3.8140384166562895,交叉混雜,66.0
4930,2026-08-12,16.229999542236328,16.129999732971193,16.292499923706053,16.95,28685.4,61.20602214862063,43.777811960786046,-0.19437029702870845,-0.251132114412473,0.05676181738376457,56.425319861634684,47.16057089520706,16.958418374931934,16.292499923706053,15.626581472480172,0.046029236701618105,交叉混雜,12.0
4931,2026-08-12,239.0,212.0,206.95,229.275,12371221.8,89.94210496646622,77.58769171521324,3.9451696847359017,-5.455696187439804,9.400865872175705,84.74735734820713,69.33572465675033,258.2559963664857,206.95,155.64400363351427,29.016670693404212,交叉混雜,92.0
4933,2026-08-12,55.54000015258789,55.39000015258789,55.85500011444092,64.72500019073486,130966.2,59.81962071704777,61.25430121399816,-2.0364752235436825,-2.505460255960507,0.4689850324168243,46.10364668164227,41.03180020217175,59.73990985094041,55.85500011444092,51.97009037794143,-0.8146067274725086,交叉混雜,18.0
4934,2026-08-12,14.269999885559082,14.220000076293946,14.662500047683716,16.35333333015442,405806.6,50.07407310237365,49.12751577073736,-0.615592703457267,-0.6749055946284223,0.059312891171155235,43.890750431768616,40.61861195808119,16.137154070554374,14.662500047683716,13.187846024813059,-2.813299548796115,交叉混雜,45.0
4935,2026-08-12,34.810000610351565,34.69000053405762,35.05500030517578,37.05833339691162,51852.4,55.886508464019485,53.31050099195796,-0.5101106847227541,-0.6039420079997514,0.09383132327699728,46.52825157966595,43.6910062797856,36.18585890681745,35.05500030517578,33.92414170353411,-0.7274313675518186,交叉混雜,27.0
4938,2026-08-12,89.0,87.44000015258788,85.7599998474121,85.7549996693929,9373226.2,84.18110395934465,74.8240570616897,1.483307699366705,0.8343942671017079,0.648913432264997,70.63596929264764,63.35829358960312,92.40479281475555,85.7599998474121,79.11520688006865,6.576494506182062,多排,76.0
4939,2026-08-12,61.2,57.48499984741211,60.49500026702881,58.173333231608076,12326873.2,66.22528443300304,58.13227897460741,0.11140849256480578,-0.26755980337078983,0.3789682959355956,56.45812129248145,52.354076041686056,74.17083079509482,60.49500026702881,46.8191697389628,0.5041721938762785,交叉混雜,95.0
4942,2026-08-12,34.310000610351565,34.27999992370606,35.462500190734865,36.93916670481364,53419.4,44.11848900825487,33.67364156253082,-0.8278569529460214,-0.7782850681469364,-0.04957188479908492,45.12244510464996,37.11616316172598,38.18992005984156,35.462500190734865,32.73508032162817,-2.7141351725289042,交叉混雜,26.0
4943,2026-08-12,8.609999847412109,8.576999855041503,8.668499898910522,8.845666615168254,27513.0,47.525522983327555,55.717874451181956,-0.09276963164249707,-0.07964731113280532,-0.013122320509691754,31.14395136495729,38.76213086481182,9.125919539015502,8.668499898910522,8.211080258805541,-5.519989895683797,交叉混雜,10.0
4946,2026-08-12,82.2999984741211,76.31999969482422,79.78499946594238,96.33499972025554,35944.4,75.45244940536986,62.831798849525384,-4.283100136633848,-6.138498843073094,1.8553987064392459,60.78743372565917,48.07486675108883,95.58816568665911,79.78499946594238,63.981833245225644,2.9015466863127752,交叉混雜,4.0
4949,2026-08-12,70.24000091552735,65.71000061035156,66.60500011444091,81.19166673024496,669166.8,79.84328866080382,73.40475289794007,-2.096148491970922,-3.8865558429844698,1.7904073510135476,56.49634943088147,50.87017602048578,77.4647710303619,66.60500011444091,55.745229198519915,5.097214743226167,交叉混雜,81.0
4951,2026-08-12,79.9,79.12999954223633,79.31499900817872,96.8483331044515,155197.0,63.855857214413476,60.74716736050233,-3.0366431108783587,-4.107283342147811,1.0706402312694525,53.01012735187607,44.25944034994541,83.96677823705822,79.31499900817872,74.66321977929921,1.115801489163749,交叉混雜,36.0
4952,2026-08-12,49.49000015258789,48.21500015258789,48.247500038146974,52.57916679382324,423074.6,79.4955954233466,75.28293066933537,-1.0342742829006397,-1.5210361959959948,0.4867619130953551,56.05416551787077,49.14631753304688,52.800287403123455,48.247500038146974,43.69471267317049,2.4923586172168912,交叉混雜,70.0
4953,2026-08-12,126.0,125.1,123.95,127.225,263217.8,56.25374561058857,60.58810340443513,0.09507751961953659,-0.37675982535080144,0.471837344970338,48.957114580412934,50.05423765757816,130.86984179922658,123.95,117.03015820077343,0.8471157724889045,交叉混雜,66.0
4956,2026-08-12,31.260000228881836,29.560000228881837,29.345000076293946,36.83250013987223,1710977.6,73.602748186746,68.72778230096301,-1.1366465308546694,-1.9507112267065168,0.8140646958518474,64.06096032465527,52.44057985666882,33.91997766174972,29.345000076293946,24.770022490838176,8.025219562183509,交叉混雜,73.0
4958,2026-08-12,477.4,453.0,473.3,532.6333333333333,40337820.6,74.05498354917368,66.53457562857787,-20.01315574239294,-25.625478607331534,5.612322864938594,50.615662194273774,46.85429038970323,572.8084762324609,473.3,373.7915237675392,-0.38030847242763816,交叉混雜,96.0
4960,2026-08-12,21.150000381469727,20.34500045776367,20.727500247955323,26.293333594004313,2804575.2,80.13972975985914,66.76153664862784,-1.0076051745963852,-1.5442043922704425,0.5365992176740573,73.55892716069904,56.806701094151045,23.33063046495723,20.727500247955323,18.124370030953415,9.757567134725702,交叉混雜,78.0
4961,2026-08-12,172.0,162.1,160.175,167.30833333333334,868641.2,88.60155937853597,78.2909668235637,1.2969468186866209,-1.374109613783742,2.6710564324703627,74.02187284403696,61.86722480541314,178.3503882170929,160.175,141.99961178290712,8.006867488684243,交叉混雜,60.0
4966,2026-08-12,597.8,586.1,590.8,666.9333333333333,907172.4,68.23919410275359,68.05322048545554,-12.145422395283731,-16.859409804929356,4.713987409645625,47.70997497123991,46.12731335895272,638.6356836637431,590.8,542.9643163362568,0.033852403520657666,交叉混雜,25.0
4967,2026-08-12,278.9,260.25,238.275,257.4,6336390.4,87.49250880299624,87.16427910584417,9.48820599327189,1.9654236832964271,7.522782309975463,76.66388800982057,68.48361911889921,294.80582531262354,238.275,181.74417468737647,17.30143741475186,交叉混雜,93.0
4968,2026-08-12,96.45999908447266,96.25,96.92000045776368,107.95666681925455,424010.0,58.635802679261914,62.8014083893368,-2.9776916091548884,-3.6704870985518334,0.692795489396945,50.48358463130143,44.87037379762275,104.60966653510906,96.92000045776368,89.2303343804183,-0.020634473576469445,交叉混雜,9.0
4971,2026-08-12,481.5,433.5,415.4,520.7416666666667,2261458.4,85.24314311428456,77.12215033867182,2.1758240821510526,-16.535768387055526,18.71159246920658,65.59006694774001,59.0490457762082,518.5460895500839,415.4,312.253910449916,20.3659123736158,交叉混雜,92.0
4972,2026-08-12,16.570000076293944,16.530000114440917,16.604999923706053,16.711666742960613,11477.0,78.52173320627944,71.11171652695404,-0.06453672810457789,-0.08127735612494548,0.01674062802036759,68.87233245944756,54.608331401691025,16.926017608121935,16.604999923706053,16.28398223929017,0.5721218890086975,交叉混雜,40.0
4973,2026-08-12,159.0,147.25,143.225,157.96666666666667,3429805.4,82.3679589213354,75.94259265937934,0.29815456297848186,-3.2057297957464104,3.5038843587248922,62.1266229111769,56.12263747133143,168.18491523264805,143.225,118.26508476735192,10.665037528364465,交叉混雜,98.0
4974,2026-08-12,69.22000122070312,68.18000030517578,67.875,71.54499994913736,57529.0,91.93195737167208,83.287709818594,-0.26911847488618434,-0.7628715765982286,0.49375310171204423,68.01114164778895,56.50878022013807,70.74911330318473,67.875,65.00088669681527,2.983427662436694,交叉混雜,31.0
4976,2026-08-12,36.43000030517578,36.52000007629395,34.89750022888184,35.535000038146975,1938540.8,41.7495249925709,45.96064788457956,0.28476241262144697,0.09512834063495282,0.18963407198649415,58.04376509632371,54.30912351340359,39.55983201512743,34.89750022888184,30.235168442636247,6.1680607323193275,交叉混雜,75.0
4977,2026-08-12,143.4,133.55,132.4,166.63333333333333,3808417.6,84.4076018428991,73.82666826399343,-3.37884913861663,-8.348218634922539,4.969369496305909,72.91827869278823,59.85112653179493,156.18101852539522,132.4,108.6189814746048,16.314199395770387,交叉混雜,67.0
4979,2026-08-12,516.6,464.6,428.2,494.525,10442331.0,90.12778033651767,83.01933343384805,19.436451213623457,-1.3023714731983929,20.738822686821848,75.91568679353371,67.14426156819972,560.0705106494488,428.2,296.3294893505511,31.01354507239608,交叉混雜,93.0
4989,2026-08-12,67.57999877929687,63.96999893188477,65.52499961853027,82.93142763773601,8536111.8,77.05753573831356,67.07980550837465,-4.103502378595067,-5.7470814555159375,1.6435790769208705,61.22937695885446,48.97751006768138,78.22325883436791,65.52499961853027,52.82674040269263,5.303319956810816,交叉混雜,87.0
4991,2026-08-12,476.7,434.1,414.55,535.7833333333333,5418325.4,81.63945656526325,77.20314277562792,-1.7915422177808296,-20.158064445610663,18.366522227829833,62.188098403915994,55.990925932245844,518.6556649452056,414.55,310.44433505479446,16.873718489928834,交叉混雜,93.0
4994,2026-08-12,86.9999984741211,88.86999893188477,90.7299991607666,90.27999966939291,26273.4,12.626665998704313,18.508852500716653,-1.1496913679210792,-0.5607952602450348,-0.5888961076760444,25.301603585808266,33.69871336053727,95.90487929831491,90.7299991607666,85.55511902321828,-4.0008825308302045,交叉混雜,28.0
4995,2026-08-12,49.59000015258789,48.43500022888183,47.76750011444092,46.385833422342934,45142.8,78.52322567164487,66.18759988994137,1.02879558399286,0.7597060365977075,0.26908954739515245,64.65110738720723,62.26292407930122,51.613108809692534,47.76750011444092,43.92189141918931,4.88302371715496,多排,69.0
4999,2026-08-12,18.85999984741211,18.660000228881835,19.000000190734863,19.900833320617675,77334.8,67.4057119549696,44.03172402923451,-0.2852236921962721,-0.37854246311977513,0.09331877092350305,64.06541968737471,53.27703060543623,19.955867980102667,19.000000190734863,18.044132401367058,1.5789423332320571,交叉混雜,17.0
5007,2026-08-12,56.21999969482422,56.31999969482422,56.33499984741211,56.3933333714803,101078.2,63.674651124679315,58.70497285088254,0.017613870279383548,0.018900112642152026,-0.0012862423627684784,60.67303017339705,54.114810405090914,57.02865617165848,56.33499984741211,55.64134352316573,0.29289101452881816,空排,54.0
5009,2026-08-12,33.04000015258789,32.75499992370605,33.07749996185303,34.360833231608076,1675620.4,71.08885720916584,64.40671965795865,-0.25655145811444413,-0.37615858389200607,0.11960712577756194,53.333770543814865,49.51421489305704,34.7150450921832,33.07749996185303,31.439954831522854,0.21918695218650341,交叉混雜,32.0
5011,2026-08-12,18.289999771118165,17.76999988555908,18.749999904632567,20.149166758855184,210673.2,63.18718864499008,47.054651741824614,-0.8226777779603722,-0.8803227744843215,0.05764499652394928,51.084989405102604,43.246418793878284,21.22194790532178,18.749999904632567,16.278051903943354,-1.8666682020399308,交叉混雜,83.0
5013,2026-08-12,25.929999923706056,25.435000038146974,25.255000114440918,26.717500082651775,8881.4,84.99269812743151,67.91401179714305,-0.1572232053639162,-0.40926097460749983,0.2520377692435836,75.9595261254474,60.88456212435433,26.484848009579025,25.255000114440918,24.02515221930281,4.731738836204672,交叉混雜,31.0
5014,2026-08-12,10.8,10.714999961853028,10.90499997138977,10.960833263397216,1097485.0,44.57044597783643,42.767555955875935,-0.07680174622383795,-0.05149781027009014,-0.02530393595374781,33.13002764164793,37.42831321845671,11.53570554697537,10.90499997138977,10.274294395804171,-6.006418827218897,交叉混雜,39.0
5015,2026-08-12,21.820000076293944,21.510000228881836,21.45250005722046,22.66416680018107,33747.4,77.35884288392265,71.89132323996297,-0.11142946458546277,-0.28775995448688907,0.1763304899014263,74.02821934096194,58.8521242905945,22.133424498186617,21.45250005722046,20.7715756162543,3.2513672506671387,交叉混雜,16.0
5016,2026-08-12,24.249999618530275,24.044999885559083,24.027500057220458,24.68083340326945,8166.8,79.74168198197037,69.05947213330921,-0.05035653681749963,-0.15999797055356946,0.10964143373606983,73.22814368834075,62.26383890976621,24.552130178932472,24.027500057220458,23.502869935508443,2.38268784886436,交叉混雜,43.0
5201,2026-08-12,26.190000152587892,26.34000015258789,26.66250009536743,27.55583340326945,17237.0,30.151444321687773,35.50516236529519,-0.35976389008354914,-0.3304420265172481,-0.029321863566301065,34.4454047009295,39.065584756798,27.75451632044241,26.66250009536743,25.570483870292453,-2.4847635930530734,空排,5.0
5202,2026-08-12,12.330000114440917,12.080000019073486,12.40750002861023,13.630833292007447,150486.4,58.69303539482332,52.56180644972193,-0.4350263729696344,-0.5310730918763849,0.09604671890675043,52.99612485581653,43.70360470585642,13.654084984329941,12.40750002861023,11.160915072890518,-0.4634265324031073,交叉混雜,11.0
5203,2026-08-12,65.50000076293945,65.14999961853027,65.59500045776367,67.21833330790201,219069.2,46.22903838164329,53.69252241603809,-0.6535625864731145,-0.5403476810849142,-0.11321490538820034,25.150626887063282,35.14053926883517,69.09866881244257,65.59500045776367,62.09133210308479,-5.7855037643405645,交叉混雜,10.0
5206,2026-08-12,22.120000076293945,21.25,20.79749994277954,21.406309032440184,155427.4,82.32255052286513,76.04454628271736,0.20615901028367745,-0.11065091218652531,0.3168099224702028,81.47111382304995,71.92022775326248,22.49996725832726,20.79749994277954,19.095032627231824,9.62855775833879,交叉混雜,17.0
5209,2026-08-12,159.8,157.75,155.5,164.26666666666668,44118.6,86.14034272289123,78.98300381748544,-0.2570113379877057,-1.744446990320071,1.4874356523323653,73.70652043838669,63.216756552886146,162.10143525064436,155.5,148.89856474935564,4.823151125401929,交叉混雜,60.0
5210,2026-08-12,28.239999771118164,28.28499984741211,28.91249990463257,29.396666622161867,167835.6,43.17831205906343,32.748374487275925,-0.3963349633198945,-0.3697920123254352,-0.026542950994459302,52.94329518184943,47.62919747728779,30.770307245910573,28.91249990463257,27.054692563354564,-1.080845738672258,空排,74.0
5211,2026-08-12,20.089999389648437,19.65499954223633,19.54249973297119,19.745833269755046,84231.2,51.47710986557141,57.62083993260673,-0.07658079778593319,-0.2083959182498088,0.1318151204638756,58.27660829885553,52.15066489618419,20.843622251042564,19.54249973297119,18.241377214899817,2.5969016810737204,交叉混雜,21.0
5213,2026-08-12,20.950000381469728,21.19500026702881,21.610000133514404,23.150000063578286,239684.4,14.283288831062386,14.880913072555382,-0.4717049912165763,-0.4606084493060987,-0.011096541910477598,26.077707832672445,28.462910824552083,22.625977551338647,21.610000133514404,20.594022715690162,-3.0541386695846184,空排,13.0
5215,2026-08-12,38.31999969482422,38.369999694824216,38.57249984741211,42.867499923706056,72486.2,56.26899446269918,51.95230332757254,-0.9820623420096766,-1.2131286302446074,0.2310662882349308,60.1915966053798,46.22003246156449,39.888585392008956,38.57249984741211,37.256414302815266,0.9786788956398673,空排,45.0
5220,2026-08-12,20.470000076293946,20.35500011444092,20.56500005722046,21.329166730244953,44984.2,61.51818017373994,61.56213971717027,-0.15473055303388605,-0.18198901690277433,0.027258463868888277,37.933586730988914,41.034441416415696,21.268450104872578,20.56500005722046,19.86155000956834,-1.5317289391879243,交叉混雜,50.0
5222,2026-08-12,115.1,112.65,113.85,119.1,194761.8,86.65497387127132,72.92258305034966,-1.3685180688221692,-2.2687904936149574,0.9002724247927882,66.07809744654608,55.12953710407011,123.02146604822352,113.85,104.67853395177647,3.645147123407998,交叉混雜,33.0
5223,2026-08-12,23.520000076293947,23.145000076293947,23.19749994277954,24.55999994277954,12490.0,82.79868416653159,73.9296987518116,-0.2594252105021333,-0.44859848917293604,0.18917327867080275,65.8243609863614,53.21079051226395,24.396391777032196,23.19749994277954,21.998608108526884,2.3817224208785093,交叉混雜,28.0
5225,2026-08-12,68.13999938964844,70.72999954223633,71.1799991607666,72.35499966939291,828513.6,20.702656316060185,39.27264391884597,-1.6072302740990096,-0.5346181931326083,-1.0726120809664015,15.352464382608858,25.003259676415226,78.37578764722608,71.1799991607666,63.98421067430712,-12.896880119417709,空排,5.0
5227,2026-08-12,33.99000015258789,34.63499984741211,35.82250003814697,32.3190401395162,496029.6,19.026963388708413,21.742233419769136,0.12443383860674118,0.6801935467294202,-0.555759708122679,36.31662323953223,44.92660497452929,42.27250755877736,35.82250003814697,29.372492517516577,-5.645895174632383,交叉混雜,82.0
5228,2026-08-12,41.95,39.83500022888184,40.86000003814697,55.85166645050049,717527.2,75.45744476925339,65.92138199638997,-3.4122238253506154,-4.551230307788144,1.1390064824375283,57.73265946208168,45.998538721675665,47.23929150223728,40.86000003814697,34.48070857405666,3.768970842619155,交叉混雜,90.0
5230,2026-08-12,17.730000305175782,17.575000381469728,17.865000247955322,18.820000076293944,125811.4,77.94533209475256,63.55049303952181,-0.42391350851592335,-0.5232670241507851,0.09935351563486172,63.60999465538061,51.77818514936145,19.046034493534204,17.865000247955322,16.68396600237644,2.7148061952583142,交叉混雜,60.0
5234,2026-08-12,333.4,325.25,328.925,373.85,139390.4,86.45410927325757,75.75718216118554,-10.073982252427356,-14.359683982480668,4.285701730053312,60.39067013127717,49.5138903063203,362.10596315343423,328.925,295.7440368465658,2.606977274454659,交叉混雜,44.0
5236,2026-08-12,143.2,143.45,145.25,160.76666666666668,113590.8,41.779066229016124,51.24530568175817,-4.195429146390751,-4.660257795062624,0.46482864867187335,40.503164241433204,40.46215737434469,154.59429181231292,145.25,135.90570818768708,-2.2375215146299485,空排,57.0
5243,2026-08-12,88.96000061035156,84.32000045776367,85.55999984741212,101.64333356221518,1166685.8,88.60096740596393,76.34326625594701,-2.513798651089985,-4.329529846950784,1.8157311958607991,68.15039404351049,54.747321474368206,97.68329478770015,85.55999984741212,73.43670490712408,6.8256214222555665,交叉混雜,64.0
5244,2026-08-12,33.49000015258789,32.124999809265134,31.81999969482422,35.350833129882815,160888.2,89.50178650733936,80.30146384640602,-0.3112579427658133,-0.8584084892510184,0.5471505464852051,71.43545733355757,58.964598167879686,34.58907740630232,31.81999969482422,29.05092198334611,6.851038108370491,交叉混雜,16.0
5245,2026-08-12,23.539999771118165,22.939999771118163,23.312499904632567,25.541666507720947,52016.6,58.482609789968514,46.81277117168039,-0.5293775712505422,-0.757445217477264,0.22806764622672182,65.75235082879038,50.524766310738485,24.961383263016007,23.312499904632567,21.663616546249127,2.0911499599882295,交叉混雜,26.0
5251,2026-08-12,25.75,25.435000038146974,26.25999994277954,28.775833257039388,78053.6,55.75028566254604,50.35088842957023,-0.9507004662861505,-1.0608401165106123,0.11013965022446182,42.60794188075409,39.96139400656485,28.549701872622727,26.25999994277954,23.970298012936354,-2.5133265908147404,交叉混雜,7.0
5258,2026-08-12,51.86000061035156,52.06000022888183,52.04249992370605,51.74833304087321,528531.4,51.47878711284158,56.54264658264587,0.05680315238131328,0.16625898589435698,-0.1094558335130437,41.010309652498684,46.188573761231005,55.3517015129555,52.04249992370605,48.733298334456606,-2.1953180564001378,交叉混雜,15.0
5263,2026-08-12,92.43999938964843,92.5400001525879,93.74736557006835,99.94078356424967,142509.2,53.239981890972096,54.032900721297025,-1.7897008559676806,-1.9070420826910923,0.11734122672341174,38.011504137335415,39.117986918053774,98.36058283255977,93.74736557006835,89.13414830757694,-2.9306056264748332,空排,34.0
5269,2026-08-12,1417.0,1382.0,1407.25,1446.8333333333333,700965.6,75.34014744944093,60.60857539848213,-10.058497452712345,-16.70378972467659,6.645292271964244,64.33765176663252,54.09356071075353,1509.0483041943385,1407.25,1305.4516958056615,2.3272339669568307,交叉混雜,42.0
5272,2026-08-12,18.060000228881837,17.695000076293944,18.069999980926514,20.390833377838135,283021.0,50.235475933582684,49.53653285845123,-0.6262381750989157,-0.7862412414310764,0.16000306633216077,47.84052400120937,42.121385021469536,19.61388458586577,18.069999980926514,16.52611537598726,-0.9407878393784282,交叉混雜,13.0
5274,2026-08-12,16689.0,15867.0,14957.75,15391.939322916667,221328.2,88.11933963955084,82.07498169062832,553.870983222916,216.09367475550332,337.7773084674127,74.4809870914266,65.1499180992868,17836.49145564013,14957.75,12079.00854435987,16.127091307181896,交叉混雜,97.0
5278,2026-08-12,24.689999771118163,24.434999847412108,24.27249984741211,24.114999961853027,65043.8,83.59667788078914,77.96669370883981,0.12483004778760076,0.04579632852933273,0.07903371925826803,58.68448344758836,55.41447573884146,25.22587357634914,24.27249984741211,23.31912611847508,1.555257074843124,多排,16.0
5283,2026-08-12,53.91999969482422,53.94999961853027,53.58499965667725,53.321666653951006,54295.8,55.52008087064303,55.869963988599764,0.15249695625632143,0.11179632725616323,0.040700629000158195,57.01868485333402,54.21424871458404,54.742628336230766,53.58499965667725,52.42737097712373,0.9610876565148434,交叉混雜,35.0
5284,2026-08-12,301.6,293.25,288.7,351.025,331163.2,69.83989355995709,69.593970100291,-8.806809670403652,-14.613850357808321,5.807040687404669,53.488153402693634,48.42389605614888,320.24512223533435,288.7,257.1548777646656,3.7409075164530696,交叉混雜,58.0
5285,2026-08-12,78.54000091552734,75.46000137329102,77.33500022888184,87.77666702270508,636526.0,87.7122250008395,74.59272122923403,-2.8621604574321537,-3.9991248322177233,1.1369643747855696,67.00935456512136,51.49268471066842,89.70121498762296,77.33500022888184,64.96878547014072,4.480510522558865,交叉混雜,84.0
5287,2026-08-12,147.8,146.55,146.85,148.125,53195.4,55.99897985461641,41.85675453434415,-0.14652774402708246,-0.7090274374340209,0.5624996934069384,90.45028497783785,73.69646971464734,150.57897615411025,146.85,143.12102384588974,3.8474633980251998,交叉混雜,36.0
5288,2026-08-12,192.8,190.7,190.55,180.25833333333333,203079.8,66.88494752767727,67.13089353992527,2.451502637547179,2.4926417357751314,-0.04113909822795225,51.32508540166243,53.158450588829716,200.1136372732698,190.55,180.98636272673022,0.7609551298871627,多排,83.0
5289,2026-08-12,1513.0,1430.5,1364.0,1607.4166666666667,3860341.0,66.1635144551642,68.80209980599963,-8.029811487598863,-43.9364060011535,35.90659451355464,62.87812729046935,55.87241880125866,1607.474844696535,1364.0,1120.525155303465,11.436950146627565,交叉混雜,97.0
5291,2026-08-12,55.35999984741211,50.92500038146973,51.41250019073486,59.92891108194987,715919.8,85.39473584796062,72.91692970320706,-0.5876336401331415,-2.0559338815609913,1.4683002414278499,75.40903077361362,59.64267557928323,59.88896073988692,51.41250019073486,42.9360396415828,10.673476906950654,交叉混雜,89.0
5292,2026-08-12,177.1,167.95,167.075,187.99621149698893,124152.2,82.32747595499896,71.80667978152556,-2.243359445837797,-6.174243746788489,3.9308843009506926,84.1234532626618,64.8026971362496,184.4509513181439,167.075,149.69904868185608,11.92578183450547,交叉混雜,70.0
5299,2026-08-12,101.53999938964844,102.25,98.35500030517578,110.02666676839193,402247.0,46.95198339721149,56.156413041195655,-1.9454346146099795,-3.0097289822200355,1.064294367610056,55.28597921519567,50.15959389914366,109.50233317307823,98.35500030517578,87.20766743727333,4.722687896305954,交叉混雜,76.0
5301,2026-08-12,5.3480000495910645,5.331000089645386,5.592000079154968,6.287000036239624,10619.0,60.44492735244987,37.383854392739664,-0.2608062043629715,-0.2926170696352828,0.03181086527231125,62.099701367766706,41.161561360959226,6.248773702735071,5.592000079154968,4.935226455574866,-1.4663778453580398,交叉混雜,2.0
5302,2026-08-12,10.870000076293945,10.44700002670288,10.57900004386902,11.527833366394043,800344.0,74.61362933971056,61.639748392949684,-0.27604345194269087,-0.46576764762724876,0.1897241956845579,69.2666527357243,55.43045369319502,11.819083126545967,10.57900004386902,9.338916961192071,7.288026603682026,交叉混雜,76.0
5306,2026-08-12,96.45999908447266,92.97999954223633,92.825,87.90166664123535,354770.0,80.73040948237059,68.66169424248642,2.159064333318298,1.447799025236383,0.7112653080819151,72.10383702854583,67.95171214292307,99.71110279743283,92.825,85.93889720256718,5.359550823331871,多排,67.0
5309,2026-08-12,54.65999984741211,52.204999923706055,52.51749973297119,62.750833129882814,3065384.6,85.76984379326669,75.54540018439442,-1.672565786400419,-2.8645984676238445,1.1920326812234254,66.74273437950168,53.512639185266515,58.97703187281852,52.51749973297119,46.057967593123855,6.631123501186884,交叉混雜,44.0
5312,2026-08-12,89.26000061035157,89.09000091552734,90.48000068664551,92.13000005086263,77887.2,40.27253361226464,35.39687759692378,-0.694926199102099,-0.6163060870513482,-0.07862011205075081,43.716530441258904,45.4724393061577,97.4447533846948,90.48000068664551,83.51524798859622,-1.7462413226968576,交叉混雜,23.0
5314,2026-08-12,61.07999954223633,57.28499984741211,57.312499809265134,61.0808333714803,3037164.6,90.97483546416271,79.79875349497964,-0.3185295574268707,-1.4450973594613914,1.1265678020345207,69.29707088377756,57.887033727454465,65.88281967014643,57.312499809265134,48.742179948383836,9.051254452342446,交叉混雜,7.0
5315,2026-08-12,19.20999984741211,19.214999771118165,19.207499980926514,21.133333237965903,134278.4,52.756539440015075,61.274689732639835,-0.45078738435341137,-0.571272700592936,0.12048531623952463,43.94994682062574,39.02511605959072,19.72891041414306,19.207499980926514,18.68608954770997,-0.29936411533692264,交叉混雜,20.0
5321,2026-08-12,55.37999954223633,54.46999969482422,54.739999771118164,51.85166676839193,185358.2,66.19548799772153,49.268891175368694,0.4610347237792425,0.508422558663074,-0.04738783488383147,63.251054165473455,55.63226159061676,58.199480217647476,54.739999771118164,51.28051932458885,3.9459294186924696,交叉混雜,94.0
5324,2026-08-12,12.3,12.205000019073486,12.1125,12.074166663487752,420889.8,67.1756080341955,66.74308204194745,0.06757235344677426,0.044631651342502646,0.022940702104271612,57.80224843675421,58.05706303914911,12.420079790307785,12.1125,11.804920209692217,1.1351909184726463,多排,65.0
5328,2026-08-12,63.87999954223633,64.12000007629395,63.554999923706056,56.9024998664856,16511063.4,58.9104515207158,54.42326298421523,0.834593356346943,1.0072958947982034,-0.17270253845126038,59.935124362899074,54.586788010096,70.62025224363414,63.554999923706056,56.48974760377797,5.735185318089419,交叉混雜,98.0
5340,2026-08-12,73.66000061035156,69.59999961853028,69.50999946594239,85.20166676839193,4078184.6,83.36609332799598,73.33185121766299,-2.249951360606971,-4.500837756429203,2.2508863958222314,71.9851021223697,58.60592983236825,81.73764633962227,69.50999946594239,57.28235259226249,14.515895677890885,交叉混雜,68.0
5344,2026-08-12,13.990000152587891,14.095000076293946,14.457500076293945,15.503333361943563,75712.6,50.07386329247623,49.39826665965818,-0.4657684138409124,-0.4532902855694185,-0.01247812827149386,37.67226755821635,38.67881765389586,15.648817260127405,14.457500076293945,13.266182892460485,-4.201969162153694,空排,35.0
5345,2026-08-12,22.520000076293947,22.630000114440918,22.542500019073486,24.89916664759318,20940.4,47.05465929330394,45.78044150967623,-0.6158057914863022,-0.7321210403222274,0.11631524883592514,49.06453410618558,47.666187264157664,26.61154600779431,22.542500019073486,18.473454030352663,0.2550753569816501,交叉混雜,52.0
5347,2026-08-12,154.0,152.2,156.025,170.11666666666667,25241898.6,62.61474256219913,54.67673923649095,-5.119840643287773,-6.615772275354286,1.4959316320665126,58.107401699739384,50.17685427472469,179.97994674767872,156.025,132.0700532523213,2.2272071783368013,交叉混雜,78.0
5348,2026-08-12,16.730000686645507,16.730000495910645,16.652500200271607,16.390833441416422,6200.0,64.97862263765255,64.10958221037826,0.06739118998654803,0.0825692738723118,-0.015178083885763777,44.704733814556576,48.99056587068008,17.467798125457502,16.652500200271607,15.837202275085712,-0.31526688587593776,多排,39.0
5351,2026-08-12,112.5,96.55,90.74500045776367,89.33666648864747,34960052.2,92.23709354277281,81.86158763583286,6.647934278334446,1.9260726960413161,4.72186158229313,86.63820360257932,73.28118362966796,122.01694676560021,90.74500045776367,59.473054149927115,34.44266833937992,多排,97.0
5353,2026-08-12,28.570000076293944,28.189999771118163,28.01249990463257,29.73416649500529,38277.0,75.39285827122136,75.79557925724782,-0.2778939781221368,-0.45656310819752427,0.17866913007538748,53.10062155058396,48.309415622952095,29.21288381007012,28.01249990463257,26.81211599919502,1.383310005236701,交叉混雜,67.0
5355,2026-08-12,5.853999996185303,5.651000070571899,5.811000037193298,6.240333350499471,58001.8,83.84369539058785,74.00495933040565,-0.08202141349160375,-0.15632834454957548,0.07430693105797173,62.682434344246246,54.797275428990694,6.510921806075402,5.811000037193298,5.111078268311195,4.4570664741068455,交叉混雜,13.0
5356,2026-08-12,25.06999969482422,24.714999771118165,24.694999980926514,26.349166711171467,112076.8,73.66822932355737,59.54863996990157,-0.25979066237462334,-0.49738675683064126,0.23759609445601793,83.98103260887699,62.932481637406596,25.584648084198744,24.694999980926514,23.805351877654285,4.272119942856156,交叉混雜,49.0
5364,2026-08-12,8.794000053405762,8.761000061035157,8.698500061035157,8.734833335876464,57307.0,61.20465944854514,63.19809664713064,0.011333672126173866,-0.01471003878855471,0.026043710914728575,60.05471705549903,54.96770065679643,8.923774273887876,8.698500061035157,8.473225848182437,1.1668693336495506,交叉混雜,4.0
5371,2026-08-12,85.87999877929687,81.9999984741211,82.11499938964843,79.67666638692221,10044834.8,75.99972971467406,68.22969168502968,0.6886351125377814,-0.04949012228457217,0.7381252348223536,57.80506219228406,54.12171292784113,94.6107712012721,82.11499938964843,69.61922757802476,5.340072633434556,交叉混雜,69.0
5381,2026-08-12,24.179999923706056,23.529999923706054,23.63999996185303,26.697499974568686,329889.6,77.8596056200054,71.21312786751353,-0.6414065404346196,-0.9697628972352782,0.32835635680065856,59.01241772332929,49.53537619151622,25.684401600659395,23.63999996185303,21.595598323046662,3.0033858746294357,交叉混雜,18.0
5386,2026-08-12,278.5,257.3,251.64166641235352,299.76944427490236,1187810.6,79.57610673536237,75.05218502160423,-0.7023744487485715,-8.673532825202917,7.971158376454346,60.969315971450385,55.544270933653024,296.679178304931,251.64166641235352,206.60415451977607,10.474550563679031,交叉混雜,99.0
5388,2026-08-12,90.06000061035157,87.9900001525879,87.07999992370605,85.23833325703939,7119206.6,53.22979950802318,63.32279971941704,1.2903480776029141,1.318464180487634,-0.028116102884719885,31.919914259127765,42.04333462356297,95.23935848812927,87.07999992370605,78.92064135928284,-5.374366561698972,多排,37.0
5392,2026-08-12,46.13999938964844,43.31999969482422,42.19999980926514,43.98166643778483,3994079.2,84.91954855725048,78.76427142047913,0.5340448360103096,-0.2819376562725793,0.8159824922828889,63.399411872662284,58.04919365612162,49.35247415004399,42.19999980926514,35.047525468486285,9.123221434115104,交叉混雜,67.0
5398,2026-08-12,14.060000038146972,14.125,14.55499997138977,16.21833324432373,43449.2,44.53531470753321,34.083984231033305,-0.553240283430517,-0.5996116935775148,0.04637141014699775,43.39495957779221,38.0027527590807,15.665665812800398,14.55499997138977,13.444334129979143,-2.782551382037731,空排,4.0
5403,2026-08-12,92.43999938964843,92.37999954223633,93.4599998474121,92.19166692097981,43798.2,50.80108474293968,42.214293741128046,-0.36255795769061194,-0.24541614399210412,-0.11714181369850782,56.13653892169071,49.35979317298967,96.22093080383698,93.4599998474121,90.69906889098723,-0.49218900937633997,交叉混雜,26.0
5410,2026-08-12,35.210000610351564,35.250000381469725,35.8875,40.10833339691162,712123.4,40.28690256835897,45.30335106897169,-1.4536150431132882,-1.5460788811941595,0.09246383808087133,46.131304077049194,41.32464966965832,38.10035056774818,35.8875,33.674649432251826,-1.9157066863407863,空排,63.0
5425,2026-08-12,84.88000030517578,81.01999969482422,83.75000038146973,102.21000022888184,6318643.6,81.41058341813988,69.72189720067709,-5.805548156528317,-7.380599598186953,1.575051441658636,59.8315866972741,47.10138746917432,99.87797665714405,83.75000038146973,67.62202410579542,3.522383944281345,交叉混雜,86.0
5426,2026-08-12,28.220000076293946,26.250000190734863,26.1375,28.14666674931844,2167901.6,81.86686695030873,69.57163453807709,-0.09838763286411378,-0.8428383504472692,0.7444507175831554,72.44338735545261,61.106632226395185,30.417794076636905,26.1375,21.857205923363093,14.203731732069736,交叉混雜,87.0
5432,2026-08-12,113.5,108.83000030517579,113.7900001525879,133.88833338419596,86820.4,74.64263024629162,55.556827908194435,-5.966219566765886,-8.335885317849023,2.3696657510831365,79.07988306996408,58.561665486228094,131.55073689321756,113.7900001525879,96.02926341195823,9.851480650654661,交叉混雜,26.0
5434,2026-08-12,515.2,507.85,527.75,500.6166666666667,893012.6,65.79743302313187,52.83641521831758,-0.6049514997620236,0.39219692759766855,-0.9971484273596921,64.09016005475574,55.02502492134886,587.6995401852429,527.75,467.8004598147571,0.8053055423969682,交叉混雜,88.0
5438,2026-08-12,17.229999923706053,17.005000019073485,17.317499971389772,18.512500047683716,91989.4,71.57910059558223,66.13778889139044,-0.36176693726466524,-0.46301136202160315,0.1012444247569379,50.537815741528355,46.50199799709432,18.744412366636944,17.317499971389772,15.890587576142599,-0.38977896059644046,交叉混雜,17.0
5439,2026-08-12,240.8,225.3,234.3,307.44166666666666,2131391.2,83.54012830387806,70.96282263570865,-17.081431308129083,-23.789942443033677,6.708511134904594,66.04094866588301,48.22200033933922,283.27303232123535,234.3,185.32696767876467,4.7801963294920995,交叉混雜,5.0
5443,2026-08-12,103.15999908447266,95.72999954223633,96.19500007629395,107.34333330790201,2665835.8,89.73521334979624,77.76462699204498,-0.43546051622766413,-3.3733870629125953,2.937926546684931,83.004571408353,66.26986364466012,113.34148536232462,96.19500007629395,79.04851479026328,17.989500400209106,交叉混雜,69.0
5450,2026-08-12,14.829999923706055,14.5,15.360000038146973,14.570000092188517,191593.2,56.751269023399516,40.926356788372246,-0.09533095888594367,-0.07796000644430673,-0.017370952441636944,54.28869300304284,50.606863144457265,18.050646719251578,15.360000038146973,12.669353357042366,-2.343750242531922,交叉混雜,67.0
5452,2026-08-12,26.79000053405762,25.960000228881835,26.135000133514403,30.85166670481364,408086.0,88.5245263911638,78.82992046121248,-1.0045888657847328,-1.468253636969313,0.46366477118458027,62.51538114844561,49.633938031722295,28.775793831199326,26.135000133514403,23.49420643582948,4.074997604684682,交叉混雜,46.0
5457,2026-08-12,28.429999542236327,27.919999885559083,28.930000019073486,31.528333123524984,324416.6,57.30991656496299,52.19590605283055,-1.1044603583654862,-1.240275052150623,0.13581469378513678,38.324029359883106,38.29581238064496,31.48433589654034,28.930000019073486,26.37566414160663,-3.560319391165348,交叉混雜,5.0
5460,2026-08-12,16.049999618530272,15.974999809265137,16.154999876022337,15.959999895095825,45752.2,48.22390127103685,48.54372880865076,-0.08793268249684871,-0.088969257220148,0.00103657472329928,49.927755942182806,48.592235901326724,17.11136338354883,16.154999876022337,15.198636368495844,-0.6499575349278411,交叉混雜,64.0
5464,2026-08-12,64.15999984741211,63.62999954223633,70.76000022888184,78.66666685740152,896084.0,45.4313879862611,30.66188905494446,-5.523769307559135,-5.124497489068958,-0.39927181849017757,53.86948942578353,44.484297236652445,87.77744102587087,70.76000022888184,53.7425594318928,-4.607122976733986,交叉混雜,95.0
5465,2026-08-12,22.0,21.75,21.920000076293945,24.385000069936115,73145.4,64.45453933186563,50.78834217237849,-0.5311373816649692,-0.7861153847027302,0.2549780030377611,81.89275000541787,63.65362831554014,23.30465309719648,21.920000076293945,20.535347055391412,8.12044106044755,交叉混雜,12.0
5468,2026-08-12,28.179999542236327,26.214999771118165,25.30749979019165,24.849999809265135,645710.4,84.45517485756756,73.98388060752103,0.6661675728571481,-0.12508936329913312,0.7912569361562812,87.46720112140552,71.12138592861979,29.994803522248343,25.30749979019165,20.620196058134955,25.259314534205103,多排,93.0
5469,2026-08-12,74.08000030517579,70.61000022888183,70.28499965667724,79.65333296457926,2252969.0,86.43996157572354,74.84135857413631,-1.274292116807075,-2.8084874153967547,1.5341952985896796,78.08088312912574,59.450691454095846,77.47073909988566,70.28499965667724,63.099260213468824,9.127121466743159,交叉混雜,28.0
5471,2026-08-12,55.66000061035156,54.12000045776367,54.41500034332275,56.63916664123535,1952098.0,83.38172918332926,75.27760886304358,-0.6891388878318807,-1.1543804607314871,0.46524157289960644,59.970604098795825,51.67209369169372,61.05848571908598,54.41500034332275,47.771514967559526,3.2803462434154653,交叉混雜,84.0
5474,2026-08-12,150.1,146.45,145.55,162.375,169907.0,84.98702213082113,76.73616103152969,-2.213345464753303,-4.405640512402994,2.192295047649691,74.49527132839204,58.72070659275113,157.52761069223723,145.55,133.5723893077628,7.52318790793541,交叉混雜,38.0
5475,2026-08-12,131.0,124.75,133.625,212.10833333333332,9335981.6,70.87316868007153,53.40859753624126,-18.859497662093077,-25.218696972876785,6.359199310783708,70.80103401793708,50.83940038595819,170.44014991355596,133.625,96.80985008644404,11.131898971000934,交叉混雜,92.0
5478,2026-08-12,99.8,99.35000076293946,99.29000053405761,101.3200003306071,68776.8,77.88993509853591,69.98829180659618,-0.33309551926764414,-0.6402571464318256,0.3071616271641815,80.32756553594893,61.33559789640998,100.83088064940198,99.29000053405761,97.74912041871325,2.225802652890845,交叉混雜,54.0
5481,2026-08-12,19.689999389648438,19.85499973297119,20.41249990463257,20.350833257039387,34381.4,26.68606260495247,20.582502452353268,-0.3211756918505877,-0.2281946985700634,-0.09298099328052431,39.06219899117392,38.4589138604764,21.681928396331248,20.41249990463257,19.14307141293389,-3.0006156542982563,交叉混雜,32.0
5483,2026-08-12,173.8,171.0,192.9,182.975,20187736.0,51.59396472151636,39.41974862176084,-7.457554694960635,-5.348594946666346,-2.1089597482942892,57.760655396331245,49.33078030521575,252.63591003214376,192.9,133.16408996785626,-4.09538621047175,交叉混雜,86.0
5484,2026-08-12,42.91999969482422,41.02999992370606,41.125,46.02333342234294,574872.0,61.62969488366198,63.08484033519316,-0.7539119801853715,-1.3062449706315622,0.5523329904461907,49.89113615826265,48.22162125511786,46.16123658840209,41.125,36.08876341159791,1.6413355308463144,交叉混雜,65.0
5487,2026-08-12,29.04000015258789,29.004999923706055,28.582499980926514,28.205833276112873,60400.2,55.072578639305604,57.73154856045768,0.234860043769352,0.175653378263037,0.05920666550631498,50.989560997246485,53.363134829530864,29.717713656775388,28.582499980926514,27.44728630507764,1.2857545080317594,多排,50.0
5488,2026-08-12,13.429999923706054,13.08499984741211,13.712499904632569,13.499166679382324,862030.6,57.42155145478631,51.01437237793828,-0.22694815306316052,-0.20929093576676708,-0.01765721729639344,57.925932171896655,49.8787306047999,15.929628034861498,13.712499904632569,11.49537177440364,-0.45579060373361113,交叉混雜,83.0
5489,2026-08-12,42.290000915527344,41.70500030517578,43.43500022888183,47.18083356221517,78095.6,55.36657867179095,46.16197263275693,-2.4615145299903958,-2.5559326719787965,0.0944181419884007,44.88338319279151,40.19297945475438,48.17698529153004,43.43500022888183,38.69301516623363,-2.9584406497791957,交叉混雜,57.0
5490,2026-08-12,31.239999771118164,32.13500003814697,31.89250020980835,30.11083345413208,1555293.4,18.243128484555275,31.70378556919859,0.28730093097871645,0.6664391543561256,-0.3791382233774091,41.09618348714707,46.307005017118485,35.258784721519646,31.89250020980835,28.52621569809705,-4.209456655690246,交叉混雜,68.0
5493,2026-08-12,79.41999969482421,77.26999969482422,78.31500053405762,87.06833318074544,44878.8,79.35433872202775,66.75263202999157,-1.9349461735841373,-2.837377855704756,0.9024316821206186,66.99483933888214,50.36238098963301,84.33925979897813,78.31500053405762,72.2907412691371,2.534638963370699,交叉混雜,28.0
5498,2026-08-12,51.099999237060544,47.46500015258789,47.40250015258789,57.797500165303546,2430267.0,86.65365571663466,75.89778716443865,-1.4919099763430523,-3.1182494823070392,1.626339505963987,76.00570634515844,60.35816375511738,55.73881658413799,47.40250015258789,39.06618372103779,16.449555583042102,交叉混雜,90.0
5508,2026-08-12,53.720000457763675,52.160000228881835,52.29499988555908,53.38666655222575,309275.4,79.97536046367046,70.84793645779052,-0.22807291809436947,-0.6826697983526173,0.45459688025824785,65.66991330381077,55.72342811578679,56.10605086011009,52.29499988555908,48.48394891100807,3.069130210980338,交叉混雜,27.0
5511,2026-08-12,70.85999908447266,70.46999969482422,71.19000015258788,65.87082144419352,164935.6,39.06010296586527,32.97261986327804,1.0700397302526738,1.36941077703374,-0.2993710467810662,62.79442097643225,59.20394343994641,75.76816372796188,71.19000015258788,66.6118365772139,1.2782670593941958,交叉混雜,80.0
5512,2026-08-12,7.78799991607666,7.727999877929688,7.796999979019165,7.747000018755595,534736.6,73.66102275702985,53.78192487589169,-0.021665477769485797,-0.03225540065004515,0.010589922880559356,70.88316888385279,57.254386133457345,8.027523684415025,7.796999979019165,7.566476273623305,1.4492736782995284,交叉混雜,56.0
5515,2026-08-12,43.93000106811523,43.24000091552735,42.99500045776367,41.85833352406819,596762.6,76.0326743951791,61.593961978052484,0.6592540778561471,0.4411106243351164,0.2181434535210307,75.65568567036387,68.06656771839344,45.07343638715223,42.99500045776367,40.91656452837512,6.756602016946071,多排,85.0
5516,2026-08-12,12.79000015258789,12.065000057220459,11.320000076293946,10.87333337465922,104537.4,93.25920590971103,87.07518139766484,0.6151258551816507,0.33644711450588183,0.2786787406757689,90.22765199625623,83.90148140103628,13.330603590581852,11.320000076293946,9.30939656200604,19.257949726266826,多排,62.0
5519,2026-08-12,27.860000228881837,27.920000076293945,27.962500190734865,30.404047362009685,209086.4,48.143086707277085,50.025694903290514,-0.6942289902897265,-0.8292586218598678,0.13502963157014125,51.14447596389099,38.73327885914632,28.34621493731236,27.962500190734865,27.57878544415737,0.13410749757477172,空排,43.0
5520,2026-08-12,83.52000122070312,82.55,82.42999992370605,82.32500012715657,4559.0,63.81585100038686,65.7927668526804,0.2873940076058972,0.10245460147456448,0.1849394061313327,60.41787426788873,58.38164848272042,84.25854711019159,82.42999992370605,80.60145273722051,1.0554447760002477,多排,46.0
5521,2026-08-12,10.260000038146973,10.119000053405761,10.12350001335144,10.328666655222575,1683241.0,84.70902237658906,74.92856146503661,-0.024633142693540222,-0.07946343698168208,0.05483029428814186,59.96368275107698,53.472254178516806,10.578982449507885,10.12350001335144,9.668017577194997,1.743469918018908,交叉混雜,17.0
5522,2026-08-12,64.21999893188476,64.49999961853027,65.70499973297119,69.09333279927571,1415523.0,26.620872956684273,24.752290822478955,-1.039712531435157,-1.0264409259560627,-0.013271605479094228,28.547899753700833,35.08703527180806,68.95816022531208,65.70499973297119,62.451839240630285,-4.116885692054577,空排,46.0
5523,2026-08-12,30.350000381469727,30.350000190734864,30.36000003814697,30.393333403269448,27730.6,94.07461663924698,90.9003922254004,-0.009160982834991671,-0.010158008201643608,0.0009970253666519366,48.30673199735047,48.045362997400545,30.449442380136873,30.36000003814697,30.27055769615707,-0.03293694553583737,交叉混雜,52.0
5525,2026-08-12,21.929999542236327,22.464999771118165,22.624999809265137,22.11083319981893,109533.6,36.19442146051884,43.28355146517784,-0.05359340944390922,0.0948521015882403,-0.14844551103214954,29.719036474368792,39.221854374980715,23.719243449336872,22.624999809265137,21.530756169193403,-3.867402504493358,交叉混雜,17.0
5529,2026-08-12,21.310000228881837,21.214999961853028,21.37249994277954,21.927260176340738,111452.6,70.03588729398288,64.2171934313135,-0.10757877738005917,-0.13894048443614182,0.031361707056082655,49.0650326403801,47.7995725069259,21.985065934224558,21.37249994277954,20.759933951334524,-0.3392242644196974,交叉混雜,26.0
5530,2026-08-12,48.67999954223633,47.994999694824216,48.099999618530276,48.59249992370606,323898.6,65.82407495290273,57.399815967798965,0.07923399275102128,-0.17094949752372074,0.250183490274742,67.72313149571849,59.62730311711187,49.93847752481779,48.099999618530276,46.26152171224276,2.5987502401336027,交叉混雜,37.0
5531,2026-08-12,7.557999992370606,7.68100004196167,7.7315000057220455,7.882000001271566,722468.4,17.16799898879108,26.13627522309646,-0.10578494501941549,-0.0723961217209156,-0.03338882329849989,18.261535004895208,29.54513482629602,7.999614372964908,7.7315000057220455,7.463385638479183,-4.675678974266559,空排,17.0
5533,2026-08-12,13.949999809265137,14.019999885559082,14.097499990463257,13.993333371480306,182113.8,32.12199560215409,38.013691579755395,-0.018646435375853088,0.013998106866242518,-0.032644542242095606,33.19925132692708,41.040961281251825,14.444631332245892,14.097499990463257,13.750368648680622,-1.4009602558367777,交叉混雜,37.0
5534,2026-08-12,78.12000274658203,77.98000106811523,78.94500045776367,78.59166653951009,465548.8,44.03491027021309,41.06498238109068,-0.3919388995564361,-0.3364586392115947,-0.05548026034484144,51.02579398312574,46.89676716035866,81.62865296277603,78.94500045776367,76.26134795275131,-0.8170212201733236,交叉混雜,51.0
5536,2026-08-12,1006.8,981.7,1056.55,1134.2166666666667,940989.6,32.0427330149807,39.10570002921278,-58.39056545307585,-52.485155797034224,-5.905409656041627,28.32986667096654,34.32048434682633,1275.3664094683766,1056.55,837.7335905316233,-13.113435237329037,交叉混雜,79.0
5538,2026-08-12,34.44000091552734,34.17500038146973,34.32500019073486,33.7908332824707,361403.6,28.63783337658725,43.07523570413007,0.15172191632890986,0.22349786006957967,-0.07177594374066981,34.057423240818565,42.50665894712315,35.58469964202752,34.32500019073486,33.0653007394422,-3.1318286518903795,交叉混雜,60.0
5543,2026-08-12,25.620000076293945,26.650000190734865,27.592500114440917,28.776666831970214,15615.6,35.80904732727806,41.93184721579444,-0.8492372805235817,-0.5914661170699641,-0.2577711634536176,33.19749005389977,34.29778155521092,30.29518408443725,27.592500114440917,24.889816144444584,-9.39566948876842,空排,37.0
5546,2026-08-12,13.810000038146972,13.795000076293945,14.880000114440918,16.019999901453655,27400.0,40.90829406282437,34.76083055974462,-0.7195407132432443,-0.6681337058746044,-0.0514070073686399,37.11863162601576,35.13903842123668,17.762871712790645,14.880000114440918,11.997128516091191,-7.930109516804376,交叉混雜,3.0
5547,2026-08-12,19.74000015258789,19.845000076293946,19.887500190734862,19.804453404744468,22985.6,47.25972011158143,47.24739216577252,-0.045569617325149636,-0.040265896202242,-0.005303721122907633,63.38584792349362,55.82017496986304,20.293864115289864,19.887500190734862,19.48113626617986,1.0685113196572777,交叉混雜,46.0
5548,2026-08-12,20.45,20.4,20.77671766281128,21.36210403442383,49956.6,28.492665562875622,31.492063359090423,-0.32445233238365034,-0.3175750886418879,-0.006877243741762462,38.36863959436477,36.758046781412226,21.924833999351147,20.77671766281128,19.62860132627141,-2.535134140817937,交叉混雜,37.0
5601,2026-08-12,29.299999618530272,29.109999656677246,29.884999752044678,31.611666456858316,6206.0,74.70842873769894,52.009522347163156,-0.6707280614048159,-0.7536976340162587,0.08296957261144278,54.618051622278976,39.92064456314877,31.90284117757354,29.884999752044678,27.867158326515817,-1.2882708892053336,交叉混雜,11.0
5603,2026-08-12,14.169999694824218,14.114999961853027,14.24249997138977,14.779999987284343,33462.8,63.240363007094416,43.26744392726117,-0.1557379566829784,-0.18654955880674168,0.03081160212376327,52.26960313856598,44.15951534297983,14.607083381420864,14.24249997138977,13.877916561358678,-0.29840380698619035,交叉混雜,10.0
5604,2026-08-12,30.489999771118164,30.344999885559083,30.349999809265135,30.784999879201255,8726.2,66.173392779165,60.1893873818793,-0.0842558169702734,-0.15290474361414108,0.06864892664386768,58.3135328576041,52.467344545272454,30.765489654917005,30.349999809265135,29.934509963613266,0.6589767019845466,交叉混雜,21.0
5607,2026-08-12,49.789999389648436,48.78499984741211,49.23749961853027,50.55666650136312,498714.6,82.03855023331425,66.12212307492403,-0.17004135436449985,-0.49293348797707187,0.322892133612572,81.79792115003119,64.91687509303424,51.48316776506503,49.23749961853027,46.99183147199551,4.79816983781546,交叉混雜,66.0
5608,2026-08-12,13.770000076293945,13.45,13.55250005722046,14.269166723887126,1435638.6,70.92425722909238,57.12888973001411,-0.12020688145310388,-0.2617170461077236,0.14151016465461974,77.1124458517774,62.05248251583199,14.389459021558961,13.55250005722046,12.715541092881958,5.515588491852857,交叉混雜,26.0
5609,2026-08-12,79.08000030517579,78.64000015258789,78.62999992370605,79.32166684468588,139646.8,65.27856532580314,58.64301348827847,0.05271110662667411,-0.030455105954686836,0.08316621258136095,47.09058535538009,49.66130622951703,79.89007583090547,78.62999992370605,77.36992401650663,0.08902076129219523,交叉混雜,49.0
5701,2026-08-12,4.2820000648498535,4.288000011444092,4.46100001335144,4.689000006516775,93609.8,28.499705648286966,29.52356191296459,-0.1393876570694763,-0.12725719595869173,-0.012130461110784585,42.607282586305935,41.852247141853454,4.908161850489296,4.46100001335144,4.013838176213585,-4.729881477694081,空排,70.0
5704,2026-08-12,21.620000076293945,21.675,21.635000038146973,21.444166660308838,10147.6,38.17428592694047,51.46583688829074,0.03360397438705576,0.051058945386870516,-0.01745497099981476,46.249610767383096,49.5361143304859,21.939527421530517,21.635000038146973,21.33047265476343,-0.16177331460843625,交叉混雜,29.0
5706,2026-08-12,45.37999954223633,44.804999923706056,45.247500038146974,48.69083334604899,131473.8,73.14159187201862,56.05409656566583,-0.755138281467346,-1.0536528696911815,0.2985145882238356,65.77003505286913,48.485794375085554,46.83742770312697,45.247500038146974,43.65757237316698,0.8895551961823168,交叉混雜,23.0
5864,2026-08-12,30.279999923706054,30.179999923706056,31.402499866485595,37.19731200536092,4390213.6,62.03553030372607,45.11677221959964,-1.8109570401326565,-2.208678353324191,0.3977213131915347,68.68739734320674,53.30182889886058,35.656844396406136,31.402499866485595,27.14815533656505,6.520184396653908,交叉混雜,93.0
5871,2026-08-12,111.2,111.45,115.825,115.175,6345125.2,48.7269718436832,31.74421280808609,-1.4458709463253712,-1.1323492249703007,-0.3135217213550705,52.898356576816724,48.03575314927651,126.17810784766021,115.825,105.47189215233979,-2.0073386574573733,交叉混雜,61.0
5876,2026-08-12,43.23999938964844,43.94000015258789,44.597500228881835,42.653333473205564,5501601.2,13.190065281419407,18.368367096038003,-0.02843375894293132,0.32587273809776585,-0.35430649704069717,26.468136656198695,39.991084610398374,46.75412477958208,44.597500228881835,42.44087567818159,-3.918384989724243,交叉混雜,61.0
5878,2026-08-12,38.41000061035156,38.345000457763675,38.53999996185303,39.25166651407878,3314.4,47.80547835450759,36.711631924624555,-0.17090611554677793,-0.21918357387086773,0.048277458324089806,52.04927264538171,47.86850642619579,39.08829842648752,38.53999996185303,37.991701497218536,-0.1037881730477929,交叉混雜,35.0
5880,2026-08-12,25.17268295288086,26.051341438293456,25.868170833587648,24.671890385945638,28763039.0,16.64263589817898,33.56878863928341,0.018863092014115068,0.3386697204139629,-0.31980662839984786,20.490010573526263,31.990797661514833,27.593849676262096,25.868170833587648,24.1424919909132,-6.835313031960112,交叉混雜,56.0
5902,2026-08-12,34.439999389648435,34.319999313354494,34.214999961853025,34.71583321889241,14820.0,78.81699038991964,76.19013444476344,0.03370227048626617,-0.06452305636489251,0.09822532685115869,88.66230007470047,69.34443703777886,34.63814539568319,34.214999961853025,33.79185452802286,1.8559068039632955,交叉混雜,17.0
5903,2026-08-12,184.6,186.35,187.5,188.05,21705.0,40.64619886825486,39.378645227422375,-0.9684313672609051,-0.5948704575306247,-0.37356090973028033,41.94266760410383,40.98380200842849,191.7550279855597,187.5,183.2449720144403,-1.0666666666666667,空排,40.0
5904,2026-08-12,78.55999908447265,140.07999954223632,391.18999977111815,548.6133332570394,22574019.2,19.640687764570178,12.776199464988158,-159.00064706352197,-121.9680516221726,-37.03259544134937,15.186346996769885,17.20930121721969,978.9103021764552,391.18999977111815,-196.5303026342189,-78.91050383489609,空排,1.0
5905,2026-08-12,8.1439998626709,8.146999931335449,8.38100004196167,8.333333373069763,366337.8,25.84844967750849,24.984179549157496,-0.10515595412961076,-0.07555923448497359,-0.02959671964463717,34.95522519846533,39.431239372860965,8.981873338761744,8.38100004196167,7.780126745161596,-3.2335089360170564,交叉混雜,25.0
5907,2026-08-12,4.910000038146973,4.9049999713897705,4.871499967575073,4.965166672070821,247010.2,73.28982048496457,70.54664699522685,-0.009023115300680118,-0.026414446102116008,0.01739133080143589,52.785916452637885,50.96823481081294,5.081489961796791,4.871499967575073,4.661509973353356,0.9955888133365666,交叉混雜,21.0
6005,2026-08-12,31.777011108398437,33.008505249023436,33.484252548217775,36.34641752243042,11866691.4,26.19030435672124,38.869906891091055,-1.2238346921941385,-0.8983923903315302,-0.32544230186260836,27.766554073665134,32.53317360037896,36.751565558061564,33.484252548217775,30.216939538373985,-8.61375705667817,空排,71.0
6015,2026-08-12,15.379999923706055,15.414999961853027,15.775,17.403333282470705,1831736.0,62.019336432366686,53.01938424207589,-0.4819043423103455,-0.5483765625169164,0.06647222020657084,61.55207636415407,50.805691501981286,17.169538095855234,15.775,14.380461904144768,1.7432598228877751,空排,78.0
6016,2026-08-12,19.399999618530273,19.824999809265137,20.593888664245604,25.65879627863566,6245831.0,36.85228530381449,34.47215468908437,-1.6284579983578027,-1.6965504721594453,0.06809247380164263,47.77232681395502,39.761536325487945,22.97369305635973,20.593888664245604,18.21408427213148,-3.612179782574966,空排,79.0
6020,2026-08-12,20.870000076293945,20.964999961853028,21.217499923706054,22.252499930063884,105828.0,50.496429374188764,42.51443431103573,-0.3352952788794319,-0.3586274824070367,0.02333220352760479,53.47460390287546,46.10268996726024,22.18446720999027,21.217499923706054,20.250532637421838,-0.5537859910867567,空排,62.0
6021,2026-08-12,34.82999954223633,34.15499973297119,35.08499975204468,37.5783332824707,95596.8,78.6953720569658,62.411730375604165,-0.8326136624040004,-1.1273555150526775,0.29474185264867714,68.66978368259738,54.406275409370615,38.78480038864153,35.08499975204468,31.385199115447833,3.463016940580308,交叉混雜,81.0
6023,2026-08-12,86.17997436523437,86.24998626708984,86.84368934631348,87.36093915303549,614748.8,44.46568718741769,49.65637058080117,-0.6408110207890587,-0.5052124476030573,-0.13559857318600144,44.081324281206356,44.63725509161533,89.94653133634671,86.84368934631348,83.74084735628026,-1.2017986596512258,空排,63.0
6024,2026-08-12,60.85999984741211,59.77503280639648,62.0425163269043,61.127505429585774,355293.0,67.13174594247545,50.11296152568646,-0.4921793274606898,-0.43089356520156846,-0.06128576225912136,55.204685761034554,49.49793038302655,67.18131264253685,62.0425163269043,56.903720011271744,-1.0356040326281384,交叉混雜,73.0
6026,2026-08-12,14.099999809265137,14.004999923706055,14.1,15.732499965031941,1251007.8,76.29964172623835,66.0370311719879,-0.3603412878825232,-0.4900189091169315,0.12967762123440835,68.33397711181044,53.8711347468897,14.83269489154987,14.1,13.367305108450129,3.900706514399105,交叉混雜,64.0
6028,2026-08-12,85.62000122070313,82.80000076293945,81.14999961853027,79.85333290100098,72528.6,88.48817764762087,86.16371399979832,1.8585342156104758,0.8191123662331192,1.0394218493773566,96.57501467576131,90.02081997436531,87.35271749914065,81.14999961853027,74.9472817379199,11.398646889502182,多排,25.0
6101,2026-08-12,35.46999969482422,35.39999923706055,36.55749931335449,39.97249965667724,211049.2,38.53149650269508,34.57916061214708,-1.3935851604506482,-1.4470379516440137,0.053452791193365545,38.04169430440881,37.67666022314623,39.91140913858644,36.55749931335449,33.20358948812254,-3.4397869107928227,交叉混雜,30.0
6103,2026-08-12,28.81999969482422,28.629999732971193,29.57249994277954,32.82333351771037,1335.4,52.550803342080584,36.29245729265678,-0.8708891282781792,-1.0099827269429664,0.1390935986647872,60.19499485282911,48.22257311846913,32.36619094589123,29.57249994277954,26.778808939667847,-0.2451600064919164,交叉混雜,7.0
6104,2026-08-12,93.86000061035156,92.53000030517578,92.22000007629394,98.47999992370606,353516.0,78.57228387443674,77.2661574406333,-1.2678201516592509,-1.8704317190723576,0.6026115674131067,50.868456492919165,47.836289123448616,98.31904207773961,92.22000007629394,86.12095807484828,1.171115782444567,交叉混雜,22.0
6108,2026-08-12,19.020000076293947,17.919999885559083,17.307500076293945,18.399166711171468,1265475.8,84.0527450901346,75.83165038799162,0.30444513874443757,-0.12027795150677312,0.4247230902512107,87.78618947713046,74.38821633627256,19.534670806353805,17.307500076293945,15.080329346234084,15.267951321663938,交叉混雜,77.0
6109,2026-08-12,11.099999809265137,11.175,11.457499980926514,11.829166650772095,111191.6,47.73674115200366,44.19279865549785,-0.32042247072273966,-0.30071994828977117,-0.019702522432968494,41.32718811124939,39.674955529900444,12.185348341090625,11.457499980926514,10.729651620762402,-2.6838347188142357,空排,48.0
6111,2026-08-12,37.3,37.51999969482422,38.814999961853026,42.20083338419597,133190.2,45.43224696287358,40.26934737125429,-1.3072902276564378,-1.3589274801805924,0.05163725252415463,40.85126803830242,37.47520868537536,42.142731142559335,38.814999961853026,35.48726878114672,-3.387865420959408,空排,9.0
6112,2026-08-12,46.070001220703126,43.07000045776367,41.99000015258789,44.01250006357829,1186271.0,86.73285179513582,78.01903564949541,0.6347913822320521,-0.2498494173365802,0.8846407995686323,76.85481782432029,66.4902189446129,47.50797185475501,41.99000015258789,36.472028450420765,9.907123977551668,交叉混雜,49.0
6113,2026-08-12,24.0,22.714999961853028,22.7,25.47500015894572,405623.0,76.50098286176645,69.42830578088274,-0.33783259841088054,-0.8215752086537579,0.48374261024287735,76.99513410484775,58.719818419313825,25.469381536334446,22.7,19.930618463665553,8.59030668956068,交叉混雜,68.0
6114,2026-08-12,26.88000030517578,26.375000190734863,27.110000133514404,29.142500082651775,22250.2,56.189773272602636,44.909300320239296,-0.6830413925284375,-0.8590404908315457,0.17599909830310811,60.796359364993585,49.5320053095202,29.36869073729211,27.110000133514404,24.8513095297367,0.8852830939628986,交叉混雜,22.0
6115,2026-08-12,45.189999389648435,45.23499946594238,45.46999988555908,47.09916693369548,150603.2,23.691839607788353,27.706692064654906,-0.48887891087650104,-0.5443852033746716,0.05550629249817052,43.75662321639576,40.81807042092485,46.15548878348132,45.46999988555908,44.78451098763685,-0.5937961805567982,空排,39.0
6116,2026-08-12,14.15999984741211,13.469999885559082,13.774999952316284,15.923333406448364,53588638.6,75.40460174942187,67.56551227253115,-0.5321178934762987,-0.7695033960957871,0.23738550261948843,54.7206068823068,48.59358423627856,15.975837191607148,13.774999952316284,11.57416271302542,2.722320635296503,交叉混雜,91.0
6117,2026-08-12,66.18000183105468,65.0700008392334,66.15000019073486,74.04833316802979,178746.2,78.08396426493428,62.977392362161055,-1.58783611271609,-2.139646044363812,0.5518099316477221,61.799893623285996,47.388788254890265,69.52701230196017,66.15000019073486,62.772988079509545,0.9826195905498969,交叉混雜,12.0
6118,2026-08-12,15.650000190734863,15.61500005722046,15.872499990463258,16.88250002861023,72146.2,43.03337139377581,48.02238581226294,-0.3107005512771419,-0.3388387594283083,0.02813820815116641,40.48977411701663,39.88892997677724,16.61693559745236,15.872499990463258,15.128064383474156,-1.7168033337990747,交叉混雜,20.0
6120,2026-08-12,13.169999885559083,13.074999809265137,13.022499895095825,13.894999980926514,1981915.6,52.53409158271558,62.659963018243744,-0.19430997594332133,-0.24945460167167446,0.05514462572835313,38.18691002154562,43.15864128342745,14.18845300455898,13.022499895095825,11.85654678563267,-2.092531367179709,交叉混雜,56.0
6121,2026-08-12,402.9,381.85,376.725,398.7083333333333,1343255.4,86.7517254031604,74.93273626866946,2.5501404893719837,-6.206441381507934,8.756581870879916,80.58117512437457,67.81546046382502,422.7884288094594,376.725,330.66157119054066,14.539783661822279,交叉混雜,73.0
6122,2026-08-12,46.91999969482422,47.20999984741211,48.77250003814697,48.62166665395101,227053.0,28.100488813935986,27.291606998000574,-0.8700401833275606,-0.5776675851316955,-0.29237259819586514,37.14688138916283,39.36778002905872,52.67209184139836,48.77250003814697,44.87290823489558,-4.4543576038273125,交叉混雜,38.0
6123,2026-08-12,43.03000030517578,42.60000038146973,42.45500030517578,43.20833346048991,53794.0,80.41828285317621,67.73881085077983,0.14129869974269127,-0.05862406866181227,0.19992276840450354,77.21476799534916,64.64564059365362,43.7376373612585,42.45500030517578,41.17236324909306,3.050287800060018,交叉混雜,32.0
6124,2026-08-12,27.070000076293944,26.224999809265135,26.36999979019165,28.966666603088377,14715.6,89.05645473394623,75.63353714070033,-0.42448572968198306,-0.7625308376977873,0.33804510801580423,71.90006300373568,55.30258617331094,28.21544963488175,26.36999979019165,24.524549945501548,4.285173374285183,交叉混雜,45.0
6125,2026-08-12,49.66000061035156,48.005000305175784,48.95249996185303,57.23416678110758,557980.6,70.15333740254454,63.91450268179091,-1.7960857160024233,-2.519346779245314,0.7232610632428909,62.71471183683404,48.45431800917984,54.29995103578597,48.95249996185303,43.605048887920084,2.548390382633283,交叉混雜,7.0
6126,2026-08-12,31.049999618530272,30.749999809265137,30.727499771118165,35.20833320617676,540295.2,60.76108689350485,67.62420538327848,-0.9404761144775797,-1.213972854488923,0.2734967400113433,42.10504826171482,41.70338767642926,32.59902464573658,30.727499771118165,28.85597489649975,-0.5776601916191593,交叉混雜,49.0
6127,2026-08-12,50.359999084472655,48.64499969482422,51.94249935150147,67.77416655222575,3513034.0,70.44832393230374,59.47086271027815,-5.260300908645206,-6.288289893826732,1.0279889851815263,56.02969604727315,42.929096385255114,63.29624878699582,51.94249935150147,40.58874991600712,-0.27434204402950363,交叉混雜,89.0
6128,2026-08-12,20.220000076293946,20.185000228881837,20.247500038146974,20.23916664123535,115198.2,75.2712007373829,64.42843875560769,-0.029159455630452413,-0.05431656826583676,0.025157112635384345,66.5797328897934,55.53379182432879,20.68456564960439,20.247500038146974,19.810434426689557,1.0001270498133639,交叉混雜,21.0
6129,2026-08-12,14.660000038146972,14.335000038146973,14.685000038146972,16.281666612625123,353438.4,67.0232616620892,62.117010468964416,-0.6245454789556018,-0.7301282619763452,0.10558278302074342,47.71133695474918,42.448585775981186,16.182049630494276,14.685000038146972,13.187950445799668,-0.9193043722262324,交叉混雜,59.0
6130,2026-08-12,25.210000228881835,24.580000114440917,24.944999980926514,24.215833377838134,232560.2,64.7640441279643,53.64760414129058,0.12739426914120955,-0.04628467047620735,0.1736789396174169,82.65708441573794,66.03080200296553,27.238905053299746,24.944999980926514,22.651094908553283,8.23812395528075,交叉混雜,24.0
6133,2026-08-12,21.689999771118163,20.98499984741211,20.94749984741211,22.83416655858358,581860.2,85.32479521425515,74.08587403041238,-0.3043137630578805,-0.5989327230220571,0.29461895996417664,69.18043538042325,55.78478873780358,22.879086468494407,20.94749984741211,19.015913226329815,6.217926540521265,交叉混雜,74.0
6134,2026-08-12,27.559999847412108,26.435000038146974,26.467500114440917,31.393333403269448,247168.0,84.37912681224594,76.6944271518369,-0.8518969145668116,-1.3999659905172899,0.5480690759504783,66.45104175244728,51.59703795677254,29.289271311428237,26.467500114440917,23.645728917453596,5.41229620438453,交叉混雜,65.0
6136,2026-08-12,24.969999694824217,24.729999923706053,24.50999984741211,24.95416669845581,189478.0,71.62895782937306,72.70139348690809,0.11822145841659903,-0.018070054872270952,0.13629151328887,70.05101300308783,64.22468558824745,25.261559541353414,24.50999984741211,23.758440153470808,3.6311700394079494,交叉混雜,62.0
6138,2026-08-12,286.7,281.85,296.625,330.7,807318.8,56.098886287437956,46.51960472556327,-14.367361114529842,-15.515815912484285,1.148454797954443,52.42808631676831,46.089253158878655,342.7288587265065,296.625,250.52114127349355,-1.390644753476612,交叉混雜,73.0
6139,2026-08-12,813.8,777.0,785.3,815.0666666666667,3572615.6,78.7972376054868,69.73012292531314,-6.682030128805309,-14.631355817384158,7.949325688578849,57.55015763676246,51.91668436687182,908.1625247990711,785.3,662.4374752009288,3.272634661912651,交叉混雜,88.0
6140,2026-08-12,16.979999923706053,16.629999828338622,17.047499799728392,19.543333292007446,55749.8,70.33246257001561,63.83567397728976,-0.6550567005614099,-0.8353327192461776,0.18027601868476772,52.39487082236542,43.602880711414194,18.517721759604893,17.047499799728392,15.577277839851892,-0.27863205916652317,交叉混雜,4.0
6141,2026-08-12,34.95000076293945,33.335000610351564,35.78750057220459,36.81666663487752,840086.6,77.01419447209757,61.15249254342646,-0.7021953851922262,-0.9458331037223184,0.2436377185300922,65.952931981121,54.40888234176527,44.3959956879455,35.78750057220459,27.17900545646369,3.108629929127741,交叉混雜,96.0
6142,2026-08-12,9.46200008392334,9.51200008392334,9.657500076293946,9.26333335240682,512110.4,24.024849533633333,31.56020148531892,-0.05025686018196218,0.02095263720458291,-0.07120949738654508,36.386637692469606,43.89907456290385,10.281000470136103,9.657500076293946,9.033999682451789,-3.9088826336061486,交叉混雜,56.0
6143,2026-08-12,91.04000091552734,89.91000061035156,92.42500076293945,95.07000020345052,453483.4,52.86970898360687,55.59138404183535,-1.8158109185531117,-1.6878112966645893,-0.12799962188852243,37.33135458288327,40.948163742451925,102.34762297469226,92.42500076293945,82.50237855118664,-3.9220964904067226,交叉混雜,11.0
6144,2026-08-12,13.8,13.519999885559082,13.642500066757203,14.222499990463257,64261.0,60.580135288782984,49.7395709924649,-0.0674531724967693,-0.227091385516423,0.1596382130196537,83.53877059358265,68.89325296920882,14.615977508007644,13.642500066757203,12.669022625506761,8.484516168690746,交叉混雜,15.0
6146,2026-08-12,190.9,190.9,190.4,200.58333333333334,269830.0,60.55421871434731,57.77080362334027,-1.4188087900867288,-2.1336623323583206,0.7148535422715918,56.22283532655437,50.55838404195578,195.59716521920737,190.4,185.20283478079264,1.1029411764705852,交叉混雜,55.0
6147,2026-08-12,153.9,145.65,155.7,209.24166666666667,24967202.4,78.45146182728645,69.06194257439859,-12.810018825640839,-16.712228824306596,3.9022099986657572,54.20684218927634,46.66215332810315,197.06029115239005,155.7,114.33970884760994,0.5138086062941628,交叉混雜,94.0
6148,2026-08-12,28.309999847412108,27.690000152587892,28.232500076293945,30.98583329518636,310808.0,63.662856311399054,55.7031762535084,-0.7624754332552328,-1.0247022097548288,0.262226776499596,54.44626942794981,48.14533762892107,31.07527018370783,28.232500076293945,25.38972996888006,0.9474893225296297,交叉混雜,12.0
6150,2026-08-12,59.05999984741211,57.65,57.020000267028806,62.235000165303546,198677.0,83.15938043714044,76.6135469906942,-0.38902410130793896,-1.1874895595114818,0.7984654582035429,65.89812710733318,56.881908040688835,62.12875430907345,57.020000267028806,51.91124622498416,6.103121214791481,交叉混雜,24.0
6151,2026-08-12,35.18000030517578,34.55000038146973,35.08500022888184,39.56666660308838,75024.8,83.41196184224495,69.04952742608708,-0.9310914909310668,-1.240705068840696,0.3096135779096292,63.91459602828984,47.93274670618529,37.41740312466968,35.08500022888184,32.752597333093995,1.3253498792795295,交叉混雜,66.0
6152,2026-08-12,14.04000015258789,12.830000019073486,12.447499990463257,13.73666664759318,2744452.6,86.03792231591837,73.82005008068512,0.29383242677788957,-0.2305336797340762,0.5243661065119658,92.36214581110333,79.6493034482995,14.948757808060998,12.447499990463257,9.946242172865515,29.343244778508616,交叉混雜,83.0
6153,2026-08-12,16.65999984741211,15.714999961853028,16.075000095367432,18.973333390553794,3373314.6,83.85279824782842,70.44852319498125,-0.6593622661266103,-1.0283203826695724,0.36895811654296207,72.86407310208048,53.90756846827814,18.479272819437046,16.075000095367432,13.670727371297819,6.998448901385877,交叉混雜,64.0
6154,2026-08-12,13.779999923706054,13.625,13.630000019073487,13.700000031789143,54188.6,72.69638697529126,58.719027247610114,0.02043719251367726,-0.0257977251113644,0.04623491762504166,77.33393092167518,65.16872153763825,13.933315002415728,13.630000019073487,13.326685035731245,3.081439259527797,交叉混雜,56.0
6155,2026-08-12,55.12000045776367,53.650000381469724,55.59250030517578,69.99583320617675,1993412.4,74.9378701325659,65.09934153384694,-4.192570746797479,-5.32027083746666,1.1277000906691814,66.22129276925611,49.10078269319466,64.4840275455156,55.59250030517578,46.70097306483597,5.050143823881473,交叉混雜,89.0
6156,2026-08-12,21.170000076293945,21.164999961853027,22.25250005722046,23.019166692097983,1455837.4,59.19033690671414,47.49228431919332,-0.9578105622253048,-0.9670780047223537,0.009267442497048917,55.289578552727036,46.50352019641045,25.692737881378598,22.25250005722046,18.81226223306232,-1.1347042200704462,交叉混雜,56.0
6158,2026-08-12,16.660000228881835,16.97000026702881,17.447500133514403,17.854166666666668,92290.8,26.499215717692955,29.646860929806202,-0.40746490552988135,-0.3075770521625977,-0.09988785336728367,39.017400340916076,37.35540593494001,18.683569775098476,17.447500133514403,16.21143049193033,-3.9977081425813825,空排,14.0
6160,2026-08-12,14.129999732971191,14.114999961853027,14.562499952316283,15.918333307902019,38420.6,44.234661527036785,42.06034312050217,-0.4987685252305578,-0.5278083563831487,0.0290398311525909,40.771992127792565,37.176481098079684,15.758931136393088,14.562499952316283,13.36606876823948,-2.8326203271190296,交叉混雜,8.0
6161,2026-08-12,54.35999984741211,51.784999465942384,50.62999992370605,53.12999986012777,480659.6,69.31508525707687,66.34258333926286,0.5368710491080648,-0.10614246412429296,0.6430135132323578,60.76739917463924,56.323827856453136,57.32040187824163,50.62999992370605,43.93959796917047,6.6561328883511255,交叉混雜,73.0
6163,2026-08-12,42.0,40.55999984741211,40.849999618530276,46.97833334604899,1046449.6,78.18442104387799,70.50465166723833,-1.133886508323883,-1.8900741713179516,0.7561876629940687,67.20981420181097,53.358806695448784,45.528393532005175,40.849999618530276,36.17160570505538,5.507953186296184,交叉混雜,72.0
6164,2026-08-12,11.810000038146972,11.65,11.989999914169312,12.939999961853028,435495.8,76.50240025629782,66.38087848656878,-0.4375866920197602,-0.49038568153284734,0.05279898951308715,52.64542498061879,44.338187247820194,13.2977097040455,11.989999914169312,10.682290124293123,-0.7506279923545255,交叉混雜,64.0
6165,2026-08-12,50.13999938964844,49.40499992370606,49.42750015258789,49.05333321889241,571918.2,63.03622895134967,62.468800150666816,0.18187917496478434,0.07194751369801501,0.10993166126676933,48.95887174506797,50.57952675257251,51.5017731085043,49.42750015258789,47.353227196671476,0.3489926073555897,交叉混雜,56.0
6166,2026-08-12,140.4,133.0,136.325,135.26666666666668,4129989.6,67.2262751122131,59.45619963150621,0.8984426881884815,0.6906737401683187,0.20776894802016277,50.079503591669926,50.52683299101081,163.1348077104938,136.325,109.51519228950617,0.49514028974877056,交叉混雜,93.0
6167,2026-08-12,10.479999923706055,10.425,10.562499952316283,11.484166638056438,203416.4,66.2794792590212,61.00200142545525,-0.2882098320676114,-0.3469943891795285,0.0587845571119171,48.76491870187198,42.90838530199991,11.271000882991153,10.562499952316283,9.853999021641414,-0.5917155275591519,交叉混雜,18.0
6168,2026-08-12,24.730000305175782,23.80500011444092,23.769999980926514,26.970833269755044,1341359.6,80.73543698006084,72.61321010685596,-0.6435222603668826,-1.0697045569173222,0.4261822965504396,60.39637124822295,51.682256390264506,27.310354414417276,23.769999980926514,20.22964554743575,5.595289867944593,交叉混雜,71.0
6169,2026-08-12,12.95,13.194999980926514,13.56749997138977,14.31749997138977,22033.0,25.547988560595414,28.53506432072225,-0.4302916630526834,-0.3878107793460751,-0.0424808837066083,41.423696600308986,38.50381711627484,14.606363334518239,13.56749997138977,12.528636608261301,-4.182789552876181,空排,6.0
6170,2026-08-12,46.71999969482422,46.5,46.7,49.70000012715658,119079.8,78.11387877030387,64.46234466526793,-0.702604202994408,-0.9467563423515408,0.24415213935713287,65.66855157204193,49.32954844448965,47.7701695664288,46.7,45.62983043357121,1.0706654452664888,交叉混雜,37.0
6171,2026-08-12,23.95999946594238,23.649999809265136,23.45,23.69666668574015,6677.8,74.7064827160804,74.4249592018489,0.088328265951926,-0.046231998641252076,0.13456026459317807,51.643741106746525,52.655688567989024,24.3767936842684,23.45,22.5232063157316,1.4925340599596912,交叉混雜,24.0
6173,2026-08-12,177.2,165.35,171.5,230.65833333333333,12153994.4,83.9691562593616,67.60054867685814,-15.406585087552969,-21.914004624334027,6.5074195367810574,72.10126923707107,55.33973402799168,210.6071402822142,171.5,132.3928597177858,18.658892128279884,交叉混雜,98.0
6174,2026-08-12,42.10999984741211,41.320000076293944,44.2,48.795000139872236,1334234.2,62.508644967103606,51.17624100931987,-2.440630565199598,-2.699069977804139,0.2584394126045413,60.30647245560583,47.668440742082886,55.1101112640282,44.2,33.28988873597181,-0.3393682419444705,交叉混雜,91.0
6175,2026-08-12,76.68000030517578,74.58000030517579,80.68999938964843,95.47999979654948,1330722.0,75.8821030223757,60.51419736627283,-5.925043542010329,-6.679537240962226,0.7544936989518973,55.35022108433163,43.156784859249036,102.0026988531509,80.68999938964843,59.377299926145966,-2.7140902295376463,交叉混雜,89.0
6176,2026-08-12,82.60000152587891,83.80000076293945,84.89500007629394,91.16166648864746,3953646.4,22.71793414003685,33.37356040653525,-1.9222377289182901,-1.7399167713358454,-0.1823209575824447,28.908884933621863,35.466165644322714,89.38427191792589,84.89500007629394,80.40572823466199,-4.234639285358801,空排,4.0
6177,2026-08-12,48.20999984741211,47.81999969482422,47.81749973297119,46.1525000890096,1526731.2,53.211742378980425,55.828998075755344,0.43427382340635745,0.44943692816688824,-0.015163104760530788,45.14970064987666,52.13215384354117,48.83123456196499,47.81749973297119,46.803764903977395,-0.24572378457236996,多排,57.0
6179,2026-08-12,27.229999923706053,26.13499984741211,25.47499990463257,25.502499930063884,1433868.6,83.2383194918618,76.74355882550212,0.4050362358956434,0.06342926681318406,0.34160696908245936,62.08732773575329,58.14031321825222,28.563432998716817,25.47499990463257,22.38656681054832,7.360158916021012,交叉混雜,59.0
6180,2026-08-12,41.519998931884764,41.32499961853027,42.37999973297119,44.409166463216145,397257.8,46.02596084744409,36.126894078376075,-1.0817045136515517,-1.1532347324126029,0.07153021876105115,45.12807324790444,40.852883210948086,45.012069207326356,42.37999973297119,39.74793025861603,-1.9584721593684067,交叉混雜,19.0
6182,2026-08-12,99.8,96.16999969482421,111.31499977111817,113.4816665649414,33189616.6,59.03047238991556,47.74403719510065,-9.057044511355443,-7.768227869340176,-1.2888166420152665,51.25131070257746,44.73473179380205,155.09022886808486,111.31499977111817,67.53977067415148,-7.469792739716269,交叉混雜,98.0
6183,2026-08-12,92.80000152587891,92.46000061035156,91.89000053405762,90.82999992370605,35559.8,80.57878273755462,69.51897532601437,0.6941641997576369,0.49101508989252884,0.20314910986510804,72.31554954439197,64.92377565009704,94.0055076129235,91.89000053405762,89.77449345519175,2.7315278890340116,多排,52.0
6184,2026-08-12,42.19000015258789,42.30999984741211,42.50999984741211,44.28333314259847,38552.0,22.58920159393852,26.01913989067192,-0.43203356051640895,-0.4924369152774618,0.06040335476105285,38.79088808186261,36.02557241826809,43.014296959697226,42.50999984741211,42.005702735126995,-0.7292380277237981,空排,23.0
6185,2026-08-12,13.669999885559083,13.75999994277954,13.877499961853028,14.120833333333334,122542.6,25.66081268125725,31.010996662537377,-0.139174540238713,-0.12039490944826534,-0.01877963079044767,43.50012673741906,43.056972643207956,14.299867969199774,13.877499961853028,13.455131954506282,-1.2790499230827586,空排,33.0
6186,2026-08-12,35.73000030517578,38.80500030517578,40.59250011444092,41.03250001271566,937728.2,9.027182272675713,18.513638330675434,-1.6428836547464272,-0.7967342302352741,-0.846149424511153,9.398028598362913,18.025177354777952,46.47496929543427,40.59250011444092,34.71003093344756,-14.516226728802021,空排,6.0
6187,2026-08-12,1120.0,1053.9,1021.55,1065.7166666666667,4142721.2,72.20498553980897,70.13293122051687,19.993921590259788,0.5815951626034872,19.4123264276563,63.11331225539531,57.960649894098275,1197.597212567071,1021.55,845.5027874329289,13.063481963682644,交叉混雜,96.0
6188,2026-08-12,71.74000091552735,69.83000106811524,69.95000038146972,77.04666671752929,545062.0,84.44009011719822,77.08548345984673,-1.2033564705184716,-2.0068842770546036,0.803527806536132,59.83123941949197,50.63405442856417,75.63969505759978,69.95000038146972,64.26030570533966,2.644750050320473,交叉混雜,8.0
6189,2026-08-12,49.099999237060544,48.2,48.06499977111817,50.822499910990395,443609.4,87.34568517072505,77.2937165102835,-0.317052432716153,-0.7013479987699582,0.3842955660538052,66.92467071585193,54.85306062538375,50.59130288817088,48.06499977111817,45.538696654065454,3.1935893276031884,交叉混雜,51.0
6190,2026-08-12,68.04000244140624,65.8900016784668,67.62000102996826,77.02833372751871,1208752.4,81.15679498733485,70.85928053928977,-2.465409786064072,-3.2769192875841124,0.8115095015200406,57.18854491947535,48.030148368683626,76.17510945170527,67.62000102996826,59.06489260823126,1.7450488077729949,交叉混雜,80.0
6191,2026-08-12,85.75999908447265,83.73999938964843,86.13999977111817,95.17166646321614,2355902.2,77.14717621197315,62.68190477916203,-3.018721837861662,-3.7891621819486976,0.7704403440870355,58.760780690393425,47.53232526859584,94.53308002620224,86.13999977111817,77.7469195160341,1.1144633219801812,交叉混雜,16.0
6192,2026-08-12,117.4,114.7,114.625,120.45,327457.0,82.65952057478205,76.32649859451138,-0.2862902969900034,-1.4832877922799665,1.1969974952899631,76.11826108709576,62.083665585613105,121.82788684815876,114.625,107.42211315184124,5.125408942202835,交叉混雜,61.0
6194,2026-08-12,29.810000228881837,29.645000076293947,29.895000076293947,31.81000016530355,57139.8,64.44532866128216,52.171796256450044,-0.46612873799719523,-0.5815903094806661,0.11546157148347092,52.1098087602106,42.4061540078015,30.841405949697435,29.895000076293947,28.948594202890458,-0.1505258227441983,交叉混雜,23.0
6195,2026-08-12,28.2,27.550000190734863,27.195000171661377,26.62416671117147,110016.4,81.08562141211937,73.38255396044731,0.5296702162078333,0.3198075701729462,0.20986264603488708,86.15779677080081,77.07439372016992,28.732222656559305,27.195000171661377,25.65777768676345,6.0856782473307245,多排,63.0
6196,2026-08-12,503.5,491.65,507.75,521.2666666666667,1277700.6,59.23712742987305,56.85836272559736,-8.811563276578681,-10.308085205131182,1.4965219285525002,48.40973934049367,46.855062710673266,579.6157373894262,507.75,435.88426261057384,-1.7232890201871,交叉混雜,91.0
6197,2026-08-12,305.2,300.35,303.1,318.8833333333333,1983030.2,66.24112816505894,65.30939813189906,-5.7450404978884535,-7.026209346358598,1.281168848470145,51.39454969167182,48.32948137253006,331.44672542120475,303.1,274.7532745787953,0.7918178818871583,交叉混雜,93.0
6198,2026-08-12,19.529999923706054,19.29000015258789,19.597500038146972,20.418333339691163,2002.0,75.55298649813243,59.40519363974901,-0.268049995101201,-0.3277981605143233,0.059748165413122334,50.70153066898255,45.73694087526122,20.733269793923146,19.597500038146972,18.461730282370798,-0.4975126314947618,交叉混雜,7.0
6199,2026-08-12,98.4,98.12999954223633,99.05499954223633,98.45,447938.6,61.52196874823849,46.1843425423067,-0.38096460747010497,-0.61737087977767,0.23640627230756506,69.50007560100428,58.16974949645524,105.33629214824585,99.05499954223633,92.77370693622682,4.487406469441608,交叉混雜,58.0
6201,2026-08-12,45.560000610351565,46.82500038146973,47.92750015258789,48.14583346048991,16438.0,11.525431395207427,16.07109499056415,-0.8250175609218502,-0.455152715926887,-0.3698648449949632,28.27215628193207,30.809138149921168,51.14692680484596,47.92750015258789,44.70807350032982,-4.647643592001867,空排,17.0
6202,2026-08-12,62.220000457763675,59.0,57.00249977111817,61.13083343505859,3011562.4,84.56647272092576,79.62964684265789,0.09321404882297202,-1.2869068580692542,1.3801209068922262,69.83371636757275,58.03144878028566,67.67348770282342,57.00249977111817,46.33151183941291,11.924914684858285,交叉混雜,82.0
6203,2026-08-12,60.87999954223633,61.91999969482422,63.744999694824216,66.9599998474121,74666.6,10.160395880044488,13.414499873821256,-1.6112032391242508,-1.3294541920192562,-0.2817490471049946,32.15018419181848,32.54570135193636,68.29945394866505,63.744999694824216,59.190545440983385,-4.149346981513726,空排,23.0
6204,2026-08-12,80.52000122070312,74.53000030517578,73.84500026702881,94.72499993642171,323375.2,89.57336156169457,76.7805585716836,-3.6989586962197762,-6.558106711188963,2.859148014969187,79.75020122114536,58.27221319200138,87.07693486526249,73.84500026702881,60.61306566879513,15.783058691618765,交叉混雜,71.0
6205,2026-08-12,61.460000610351564,58.97000007629394,59.79000053405762,72.08333333333333,391512.6,84.39881550696333,74.72494483232143,-2.287598032484418,-3.638348719968855,1.350750687484437,74.39899057066864,55.476244609815126,67.44929904729001,59.79000053405762,52.130702020825225,7.710321041384397,交叉混雜,75.0
6206,2026-08-12,147.1,140.0,132.175,133.03333333333333,4406820.4,73.9242981028301,74.12376849546737,5.165191208344993,2.8812664063882485,2.2839248019567444,57.511543538543926,58.354792670789166,155.90434004449773,132.175,108.4456599555023,10.459617930773586,交叉混雜,79.0
6207,2026-08-12,105.88000030517578,101.4900001525879,109.42999992370605,126.06166661580404,3946469.0,76.45489777149015,61.686301217789236,-6.834290663496176,-8.184719447593801,1.350428784097625,62.35783401060371,49.30955607016935,136.823744947959,109.42999992370605,82.0362548994531,1.8916202848735655,交叉混雜,94.0
6208,2026-08-12,81.71999969482422,81.75,82.48500022888183,89.16666704813639,305771.2,30.796440901931497,36.820202678235496,-1.8853825590390727,-2.199178814002406,0.3137962549633331,44.73095018769166,43.441140201318134,86.946427377399,82.48500022888183,78.02357308036466,-1.072924473910417,空排,85.0
6209,2026-08-12,75.0,70.72000045776367,69.59000034332276,78.98833332061767,5776898.0,82.13028565214908,76.46936961860158,-0.7066308113596165,-2.1562202103643595,1.449589399004743,62.83242629229767,54.27564352969598,79.76756071426797,69.59000034332276,59.41243997237754,7.77410494322025,交叉混雜,89.0
6210,2026-08-12,17.239999771118164,17.779999923706054,18.519999980926514,19.850833288828532,24477.4,32.40345529152069,32.54357398585307,-0.6805710445951831,-0.5635695144098709,-0.11700153018531223,33.9138416261484,32.45201147195381,20.394033275786892,18.519999980926514,16.645966686066135,-5.777533580394372,空排,24.0
6212,2026-08-12,29.200000381469728,29.135000228881836,28.882499980926514,28.483333333333334,1580.2,82.42658807707701,81.84089776844769,0.1685822880430763,0.1424677097798517,0.02611457826322458,55.89126104140535,55.864641483188265,29.721218122207844,28.882499980926514,28.043781839645185,1.0992842801786915,多排,19.0
6213,2026-08-12,421.5,355.0,336.175,314.7583333333333,24847228.6,91.38465235777846,79.09572925057583,26.315516232041148,7.914528415675671,18.40098781636548,87.11416270612433,74.31232625543703,461.57720555434514,336.175,210.7727944456549,38.02335093329366,多排,98.0
6214,2026-08-12,144.4,147.1,144.075,139.575,1894540.0,32.267961655869044,46.88122321885867,1.8433710913217283,2.501976526841304,-0.6586054355195756,39.565271906266325,48.02208453081454,153.27039358363112,144.075,134.87960641636886,-1.093180635085885,交叉混雜,74.0
6215,2026-08-12,101.11999969482422,95.24999923706055,95.59499969482422,108.11499989827475,1784897.2,82.14931336432636,72.40284115304846,-1.2773962068274045,-3.37810406679345,2.1007078599660454,75.98586989582961,59.334387067128965,108.92616298151799,95.59499969482422,82.26383640813046,9.315341109476375,交叉混雜,23.0
6216,2026-08-12,22.189999771118163,21.969999694824217,21.989999866485597,22.56333335240682,173223.2,67.12804154556753,52.24938264146451,-0.08889864532979175,-0.21185549269170934,0.12295684736191759,85.49966860873438,65.62354453553442,22.6270986138837,21.989999866485597,21.352901119087495,3.683489656630009,交叉混雜,23.0
6217,2026-08-12,159.7,141.4,152.25,222.40833333333333,1765204.0,76.61182037195113,68.62267838269612,-18.360608138452733,-24.584770797859207,6.224162659406474,52.561677079648675,43.88220663413874,211.04536322570138,152.25,93.45463677429862,1.1494252873563218,交叉混雜,96.0
6218,2026-08-12,35.35999984741211,33.56999969482422,33.809999561309816,35.874999809265134,490034.0,81.44957908840476,75.00621580321906,-0.10060453532331337,-0.6502547936644083,0.5496502583410949,70.27203401057989,58.34993601506717,38.08213677512708,33.809999561309816,29.537862347492553,6.921035181694742,交叉混雜,84.0
6219,2026-08-12,12.420000076293945,12.339999961853028,12.705000019073486,12.710000038146973,71094.2,36.89143492543414,34.76408859141952,-0.1584225754188111,-0.12643095591490527,-0.03199161950390583,37.6002576162262,42.20934317157881,13.887281503752146,12.705000019073486,11.522718534394826,-3.5812673623802715,交叉混雜,11.0
6220,2026-08-12,26.039999771118165,25.69499988555908,27.28749990463257,32.08249994913737,292901.0,66.13877952838357,55.23518579879814,-1.846952183256633,-2.0220979243416455,0.17514574108501257,47.95542788031625,39.57829241789468,32.553965134128696,27.28749990463257,22.02103467513644,-3.8021068557344573,交叉混雜,61.0
6221,2026-08-12,21.129999923706055,21.039999961853027,21.21250009536743,22.519166692097983,138188.0,61.51697875189199,49.366749910661746,-0.29202613554453194,-0.4418082531402602,0.14978211759572824,75.85380758947655,64.08701217104877,22.205568432642863,21.21250009536743,20.219431758092,6.540955945147216,交叉混雜,9.0
6223,2026-08-12,6308.0,5957.0,5817.5,6151.166666666667,634713.0,83.46176502310146,75.065449634806,36.91242532268279,-87.38910838613792,124.30153370882071,72.90728110194655,60.2251078666907,6835.286556053974,5817.5,4799.713443946026,13.450795015040825,交叉混雜,98.0
6224,2026-08-12,57.7,55.43000030517578,55.98000011444092,71.71333306630453,457143.0,81.73142751967468,71.28919392728608,-3.076031040722526,-4.585964930197061,1.509933889474535,71.76136600385297,53.642028738176386,63.01602735621497,55.98000011444092,48.94397287266687,9.324759981827782,交叉混雜,74.0
6225,2026-08-12,28.550000762939455,25.85000057220459,25.457500171661376,24.20166670481364,88865.2,80.64563096298994,59.66553098214003,1.4222841487672149,0.5532354013441718,0.869048747423043,89.71740303077667,78.53320803507431,30.743855832266746,25.457500171661376,20.171144511056006,31.39546513752014,多排,92.0
6226,2026-08-12,21.379999542236327,21.1149995803833,20.747499561309816,18.283333206176756,13746954.4,38.97462987143091,46.50835501094054,0.2149760947733128,0.4142747651948311,-0.19929867042151828,42.341982477505546,47.34621226683016,24.313194877091874,20.747499561309816,17.181804245527758,-2.1568879802931673,多排,96.0
6227,2026-08-12,125.9,121.55,116.25,121.43333333333334,582779.8,75.82192787575667,80.45384674261577,2.51229239988146,0.7472835758630352,1.7650088240184247,58.88627585226448,58.180721241800505,131.4140155770505,116.25,101.0859844229495,7.956989247311828,交叉混雜,80.0
6228,2026-08-12,18.039999771118165,17.879999732971193,18.20999984741211,19.723333422342936,4823.2,66.11673163310023,59.531284140431296,-0.42175298840540165,-0.5127184213565684,0.09096543295116677,48.66338383824364,46.21458881867377,19.227012890237546,18.20999984741211,17.192986804586674,-1.1532116923216447,交叉混雜,4.0
6229,2026-08-12,23.570000076293944,23.220000076293946,23.395000076293947,25.679166730244955,48633.4,70.95332321701346,67.24420663780718,-0.5646445565666269,-0.7560572003500203,0.1914126437833934,55.09836638004362,46.02137135233271,24.92776532238922,23.395000076293947,21.862234830198673,0.8762569117642609,交叉混雜,36.0
6230,2026-08-12,109.6,108.8,111.575,124.75,54181.6,44.85054403068995,46.212662318920344,-3.8898686292955773,-4.390867629670808,0.5009990003752307,40.25034716244407,39.2355240356661,118.39042368455266,111.575,104.75957631544735,-2.755993726193146,交叉混雜,13.0
6231,2026-08-12,222.1,217.9,222.425,264.95,314360.8,57.19379609641221,59.2631457677377,-11.057386719618677,-13.668842399975274,2.611455680356597,48.481208381446066,42.90261108521703,247.9557348318111,222.425,196.89426516818892,-0.865460267505906,交叉混雜,30.0
6233,2026-08-12,21.55,20.794999885559083,21.377499961853026,23.81833330790202,165951.8,82.00113068347424,66.04172108493762,-0.632215167920279,-0.9569261692420443,0.32471100132176534,66.88517441177783,53.13632243451504,24.174016034587765,21.377499961853026,18.580983889118286,4.081394174734662,交叉混雜,42.0
6234,2026-08-12,36.04000015258789,34.24500026702881,35.027500247955324,42.67583341598511,458560.2,79.91754502632185,69.36915933724765,-1.663034988218186,-2.489374536689127,0.826339548470941,63.6999684803726,51.722716428825564,39.8593542027169,35.027500247955324,30.195646293193747,6.630499492470469,交叉混雜,72.0
6235,2026-08-12,39.30999984741211,38.4,38.695000076293944,40.95166670481364,414861.8,83.42326079963345,76.40470402298433,-0.5180729454005544,-0.8116596469008684,0.2935867015003141,55.8144594506029,49.539541288034236,42.12595835107512,38.695000076293944,35.26404180151277,1.305079947408741,交叉混雜,9.0
6236,2026-08-12,16.70999946594238,16.879999351501464,16.964999294281007,18.138332907358805,13400.0,33.31141007553437,44.28564372189911,-0.35140704857187544,-0.31307706353530945,-0.03832998503656598,0.022343245099932574,1.36088201628192,17.72526189483553,16.964999294281007,16.204736693726485,-9.519593162351061,空排,3.0
6237,2026-08-12,34.26000061035156,33.51499977111816,34.19249992370605,42.7074998219808,227352.8,78.81604885578015,65.5138684842179,-1.835171336595117,-2.453073001665988,0.6179016650708711,66.26545725037212,48.58089523579752,37.799405235988694,34.19249992370605,30.58559461142341,3.677709562153312,交叉混雜,14.0
6239,2026-08-12,276.9,258.6,268.0,308.475,19764319.4,78.41563270674848,68.13012498284607,-8.395894844575992,-13.6573551765256,5.261460331949609,61.054046983708425,52.051475418863596,317.7816284016084,268.0,218.21837159839166,5.037313432835821,交叉混雜,86.0
6240,2026-08-12,19.229999923706053,19.004999923706055,18.57249984741211,18.26749982833862,16729.4,63.61257278707704,57.90825869779087,0.3146344468038933,0.16196201244814618,0.15267243435574712,73.25379303665093,65.06055515350114,20.029054905210714,18.57249984741211,17.115944789613508,9.032172116677293,多排,64.0
6241,2026-08-12,14.950000190734864,15.700000095367432,16.060000038146974,14.193333339691161,387311.2,24.029514684682198,38.90844316295732,-0.08959693134047697,0.2568863646985942,-0.3464832960390712,26.876085110746118,38.17493760082665,17.787060090750828,16.060000038146974,14.332939985543122,-10.647569443434133,交叉混雜,78.0
6242,2026-08-12,34.379998779296876,34.51999969482422,35.07500019073486,36.4241668065389,6921.0,32.792364609701465,37.525109189841785,-0.5250093601893084,-0.4913503326453053,-0.03365902754400313,22.587931949973267,27.349825884213487,36.423099186586455,35.07500019073486,33.72690119488327,-2.7797625411597773,空排,22.0
6243,2026-08-12,45.80999984741211,47.39499969482422,48.537499809265135,40.47249987920125,2788401.0,16.5224398071434,23.720299801474997,1.064458311564863,2.0101175174686046,-0.9456592059037416,38.63320767566279,46.663008834271224,53.23440562190565,48.537499809265135,43.84059399662462,-8.21529866159985,交叉混雜,79.0
6244,2026-08-12,23.870000076293945,23.315000152587892,24.020000171661376,26.99500010808309,1960161.0,74.09091862969314,64.36251801894107,-0.7431683997306706,-1.0086474935980478,0.2654790938673772,57.080153236229364,49.309192034578125,27.346987352069977,24.020000171661376,20.693012991252775,1.165691354696623,交叉混雜,67.0
6245,2026-08-12,86.26000061035157,81.71999969482422,81.02000007629394,82.68166669209798,1267113.8,79.05602908908378,70.47734582256545,1.4211748119065675,0.22864113068366404,1.1925336812229035,75.0162316277691,64.64171924082241,89.74735660203757,81.02000007629394,72.29264355055031,8.615156649139987,交叉混雜,70.0
6246,2026-08-12,12.510000038146973,12.46500005722046,12.872500038146972,14.65916666984558,66632.8,64.82292476447007,51.98142386552139,-0.5912684363143317,-0.7029699835461457,0.11170154723181402,68.08657219411626,52.364119490724654,14.342363957212749,12.872500038146972,11.402636119081196,3.7094608033226435,交叉混雜,32.0
6248,2026-08-12,17.79000015258789,17.59000015258789,17.645000076293947,18.109166812896728,76623.2,79.04535443469173,71.21818977106464,-0.07209783961942051,-0.15369555280472846,0.08159771318530795,70.04741535942954,57.14568249345167,18.096780460250397,17.645000076293947,17.193219692337497,1.728538879720804,交叉混雜,24.0
6257,2026-08-12,205.9,198.7,206.25,221.85,5141237.8,75.290816620151,64.45826279846781,-5.818696683562223,-7.49260126476573,1.673904581203507,59.78672812954508,50.94543965057893,237.14115015493448,206.25,175.35884984506552,2.3030303030303028,交叉混雜,91.0
6259,2026-08-12,30.189999771118163,29.829999923706055,31.25,32.08249991734822,595960.4,62.17777384197481,52.22969730958869,-1.1220796384500673,-1.161509071775752,0.039429433325684604,56.27574544406823,47.73090809004748,36.4806786301483,31.25,26.019321369851703,-0.6400024414062501,交叉混雜,90.0
6261,2026-08-12,79.0,76.82000045776367,79.88999977111817,94.30999997456868,333894.8,74.49560812871674,62.34574156377887,-3.5801507774884698,-4.452234455531569,0.8720836780430989,54.12868815903942,43.593755184608106,90.20685363578906,79.88999977111817,69.57314590644728,-0.8636911063372315,交叉混雜,53.0
6263,2026-08-12,158.8,154.2,152.575,162.775,153505.6,86.5498107543698,77.0431915682378,-0.18398370432853994,-2.108474198570348,1.924490494241808,68.69507995248185,58.8202525986719,164.9518672169215,152.575,140.19813278307848,6.504997542192373,交叉混雜,65.0
6264,2026-08-12,6.057999992370606,6.054000043869019,6.0410000562667845,6.072000042597453,16455.8,92.41636945774816,85.67696044062745,-0.0052671162509216884,-0.009015953507207977,0.0037488372562862887,47.32384303360282,48.481343746287024,6.088195092027701,6.0410000562667845,5.993805020505868,0.14898418116620066,交叉混雜,24.0
6265,2026-08-12,55.75999984741211,50.52499961853027,48.60249977111816,52.336666679382326,6565751.0,85.52888201403553,78.64985158020073,1.2435686719252104,-0.3139210653810991,1.5574897373063095,79.18094611526683,65.25559905175442,59.16158068475049,48.60249977111816,38.04341885748583,16.86641531720909,交叉混雜,98.0
6266,2026-08-12,24.729999923706053,24.395000076293947,24.660000038146972,25.80333334604899,152204.2,77.17140259873393,61.40145550425551,-0.22274753583859308,-0.36713525166493605,0.14438771582634297,73.67598518019079,56.59264600547734,25.844371969179516,24.660000038146972,23.475628107114428,1.9870218151878054,交叉混雜,24.0
6269,2026-08-12,66.26000061035157,59.84000015258789,57.40499992370606,64.78333346048991,9936444.4,81.71124920108886,75.04246763765337,0.7420438684337185,-1.4234764356655438,2.165520304099262,74.65533847816292,62.585990376081284,70.26546221678842,57.40499992370606,44.544537630623694,16.540373860799846,交叉混雜,65.0
6270,2026-08-12,30.139999771118163,29.204999923706055,29.827499866485596,32.71916653315226,275453.2,83.76786275333006,72.38021078401246,-0.9998292228869587,-1.3554613648022418,0.35563214191528303,64.21368391726793,51.30936447939058,33.22695424665231,29.827499866485596,26.42804548631888,4.09856466699229,交叉混雜,80.0
6271,2026-08-12,195.2,182.25,186.625,224.95833333333334,7684002.8,83.32249136467152,72.65756706449294,-8.805402781327615,-13.364873787787754,4.559471006460139,66.12672332346912,50.9297317481627,225.4008402806904,186.625,147.8491597193096,6.095110515740121,交叉混雜,84.0
6272,2026-08-12,24.75999984741211,24.419999885559083,25.45,30.597500038146972,114558.0,56.097663852172374,50.82380525882439,-1.481273144213322,-1.6885687128492168,0.20729556863589482,39.97585698378335,36.30782434614097,28.119713496937607,25.45,22.780286503062392,-4.5186670449487325,交叉混雜,2.0
6274,2026-08-12,1527.0,1378.5,1297.75,1499.5,6571623.2,89.4064283079553,81.00242227792549,20.66312676795269,-35.33838556464607,56.00151233259876,72.97025259148033,61.80060874948456,1654.9242166683337,1297.75,940.5757833316663,23.29031015218648,交叉混雜,98.0
6275,2026-08-12,44.439999389648435,43.23499984741211,43.52999973297119,47.13583304087321,338995.2,64.3907667902953,60.52975398619665,-0.8250630064637079,-1.2527271958709734,0.42766418940726547,60.307901477503194,51.05208527645057,46.97771475674851,43.52999973297119,40.08228470919387,2.458072014044711,交叉混雜,38.0
6276,2026-08-12,19.879999923706055,20.07000026702881,20.202500343322754,23.279166730244956,23029.6,31.563243073951845,40.14989895458659,-0.7335794623601082,-0.8462489892607954,0.11266952690068721,35.62950902675904,37.75601740254886,21.64124080870162,20.202500343322754,18.763759877943887,-3.97228417846665,空排,2.0
6277,2026-08-12,78.61999969482422,78.05999908447265,77.875,75.02166646321615,320893.8,60.97106253160166,56.134212025450594,1.3053796736900836,1.266650564023253,0.03872910966683052,52.49013176368689,54.438197812992755,81.54041456439575,77.875,74.20958543560425,0.93097717383126,多排,77.0
6278,2026-08-12,165.7,156.55,158.075,190.91666666666666,5665769.8,87.11483601555705,74.7373025909208,-5.2120200873482645,-9.210065651620033,3.9980455642717683,62.55271640769608,53.45681530952802,183.83354482650097,158.075,132.316455173499,8.17649849754864,交叉混雜,80.0
6279,2026-08-12,127.6,121.9,118.725,119.61666666666666,1961694.8,93.20617266211781,85.11251868695112,2.5160619719741106,0.6271805192476758,1.8888814527264348,87.43117566427065,74.52772006849467,130.60366286999187,118.725,106.84633713000811,9.91787744788377,交叉混雜,64.0
6281,2026-08-12,51.55999984741211,51.6,51.63999996185303,51.39166660308838,44872.4,45.73425018309819,40.029563973316385,0.011327119509623174,0.03833561796356632,-0.027008498453943146,53.89468208936755,51.671553095068774,52.21820114256992,51.63999996185303,51.06179878113614,0.1161905521509441,交叉混雜,21.0
6282,2026-08-12,48.49000015258789,46.42500038146973,46.82500019073486,55.03833351135254,13244364.2,76.81352023872593,72.39797945494483,-1.6156246323713717,-2.425490631267267,0.8098659988958952,47.64947095059075,45.851752166883564,53.60185721564652,46.82500019073486,40.048143165823205,0.6940765271120096,交叉混雜,68.0
6283,2026-08-12,20.15,20.170000076293945,20.530000114440917,22.775,101671.6,65.86374511726609,62.12043276559867,-0.65786603344133,-0.7490941261858971,0.09122809274456711,42.782436052525256,36.20314043412282,21.60576185093042,20.530000114440917,19.454238377951413,-1.607400631573012,空排,16.0
6284,2026-08-12,76.64000091552734,75.0400001525879,77.27999992370606,94.61833343505859,1026181.8,76.29067169890416,64.0821244118271,-4.306238747369193,-5.48731934588662,1.1810805985174273,59.482707103835594,48.02788411627076,87.75374874067472,77.27999992370606,66.80625110673739,2.6138756858773085,交叉混雜,43.0
6285,2026-08-12,248.3,241.9,242.35,263.14166666666665,9207976.6,75.44117241476242,70.60355094684972,-1.206315578549919,-3.96656510624532,2.760249527695401,55.15768570311748,52.16541949024524,273.081605538068,242.35,211.61839446193198,3.775531256447289,交叉混雜,87.0
6290,2026-08-12,213.7,211.2,223.7,281.7083333333333,3087205.6,67.05253659391957,54.9584694000248,-17.489051960219882,-20.167473787881505,2.678421827661623,51.204666333174515,41.989118324244295,260.5244769856042,223.7,186.87552301439575,-2.324541797049615,交叉混雜,77.0
6291,2026-08-12,381.5,360.95,362.825,485.56666666666666,519651.4,82.92071036119344,70.86342958848869,-22.244879237102964,-33.82284166016709,11.577962423064129,65.98542767524057,53.18367785776309,420.07539645921315,362.825,305.5746035407868,10.935023771790812,交叉混雜,93.0
6292,2026-08-12,62.1,58.52000007629395,54.45249996185303,58.7191665649414,773529.0,88.75453489694749,85.37838722344536,1.7530073903358954,-0.0673189527300656,1.820326343065961,84.52889567479501,70.8939426885971,65.66168197374995,54.45249996185303,43.2433179499561,21.75750075424381,交叉混雜,85.0
6294,2026-08-12,26.90999984741211,26.75999984741211,27.00999994277954,27.600833225250245,24396.8,75.22349259336929,61.58594331680479,-0.25433666176987657,-0.3363417525039963,0.08200509073411971,62.766685697400256,53.42519060174411,27.882745340101376,27.00999994277954,26.137254545457704,1.4439084656680643,交叉混雜,6.0
6405,2026-08-12,39.74000015258789,37.97999992370605,39.277499961853025,56.92916685740153,491759.2,84.80504165710114,71.2504719468356,-3.8005432794631204,-5.086345171984826,1.2858018925217056,64.57749879037729,45.23416785832633,46.582112281986255,39.277499961853025,31.972887641719794,4.385462516249499,交叉混雜,74.0
6409,2026-08-12,1014.0,975.3,979.15,945.2333333333333,562136.8,56.77375098374248,57.00280734602188,-0.6015283373887996,-4.671989790343776,4.0704614529549765,51.16583952780642,50.25820405535764,1058.312125446849,979.15,899.987874553151,1.6187509574631083,交叉混雜,69.0
6411,2026-08-12,77.8,76.31000061035157,78.08999977111816,91.69166628519694,321173.8,73.8507232563939,63.64199797698341,-3.6131728102227925,-4.503437491862232,0.8902646816394393,58.21995665141486,45.22628627701599,85.84598825429843,78.08999977111816,70.33401128793788,1.0372669447238616,交叉混雜,40.0
6412,2026-08-12,79.02000122070312,78.61000061035156,79.725,89.62999992370605,808524.6,56.77315982351054,51.796364041554014,-2.377175485377478,-2.869665976138819,0.492490490761341,52.92684647070601,45.36125381446548,83.97253801683325,79.725,75.47746198316673,0.09407720508976881,交叉混雜,20.0
6414,2026-08-12,465.6,447.9,447.95,399.68333333333334,2706899.6,62.76063788978246,59.11592125514457,16.44886710054368,17.200863118554018,-0.7519960180103382,51.135876300819575,54.865660378073024,516.0435115542604,447.95,379.8564884457396,1.6854559660676443,交叉混雜,86.0
6415,2026-08-12,453.4,434.9,440.025,529.2083333333334,3549627.0,68.293650366527,65.11746064354108,-18.324380664244643,-26.486388788921758,8.162008124677115,52.15959386106294,46.79915070200793,501.4445879949819,440.025,378.6054120050181,2.039656837679683,交叉混雜,82.0
6416,2026-08-12,101.83999938964844,96.98999938964843,97.60000038146973,90.84500033060709,808934.8,75.31444773187118,67.03241374137457,2.4940013499083022,2.3313925130897015,0.16260883681860072,54.52631728545947,55.46068191440688,109.81888052163077,97.60000038146973,85.38112024130868,2.459015992981426,交叉混雜,72.0
6417,2026-08-12,114.8,113.15,115.125,127.94166666666666,71709.6,47.52739593100972,53.81158674050286,-3.6596366263939757,-4.067381543041373,0.4077449166473972,42.199249928571156,41.438746075502074,124.59448006131196,115.125,105.65551993868804,-2.714440825190011,交叉混雜,45.0
6418,2026-08-12,32.60999946594238,31.41999969482422,30.914999866485594,31.502500089009605,86021.0,68.46274479719776,64.60984906186701,0.2859811372557637,-0.051324075387533835,0.3373052126432975,58.82094927967339,55.6558719209913,33.94330421628644,30.914999866485594,27.88669551668475,5.450424114224813,交叉混雜,61.0
6419,2026-08-12,147.8,137.3,135.575,141.575,479698.6,85.19981244239872,75.26603372402226,1.7362616545492813,-1.2992838180046906,3.035545472553972,69.95633823137976,61.119088909493584,156.40330816587317,135.575,114.74669183412679,12.852664576802516,交叉混雜,94.0
6423,2026-08-12,79.21999969482422,74.93999938964843,71.98500022888183,81.76499977111817,106107.2,85.30437243107451,82.32212334000218,0.028371105543286035,-1.9585793775286517,1.9869504830719378,73.56828021286947,61.85379816457821,81.87625665207449,71.98500022888183,62.09374380568917,12.662357735996983,交叉混雜,18.0
6425,2026-08-12,56.800000762939455,54.83000030517578,56.61999988555908,71.8366662979126,308822.6,73.4245652397289,63.251416771052845,-3.2666829000519755,-4.430804873697667,1.1641219736456918,63.2537262180005,46.83499273000737,64.12875974341489,56.61999988555908,49.111240027703275,2.437301514005984,交叉混雜,11.0
6426,2026-08-12,210.0,184.0,172.725,203.0,2060749.0,87.10182699194411,79.65909027338657,6.176792715879486,-3.05120437567771,9.227997091557196,83.40816785417215,69.5902518397626,221.91365401909886,172.725,123.53634598090113,28.52800694745984,交叉混雜,94.0
6431,2026-08-12,19.029999923706054,18.28499984741211,17.75250005722046,18.49750010172526,104242.4,68.9824453877711,68.20741128902779,0.2134519432642641,-0.04809298898589645,0.2615449322501605,58.29978380454904,57.10385699005359,19.677262374756804,17.75250005722046,15.827737739684112,5.900572744479668,交叉混雜,42.0
6432,2026-08-12,72.7,72.47000045776367,71.7550006866455,71.45166664123535,1227421.2,35.27119244262798,33.294676159298376,0.1833227742070136,0.11284818787467979,0.0704745863323338,57.100133841731655,52.87614586847176,77.28671890371811,71.7550006866455,66.2232824695729,3.12870084575488,多排,95.0
6435,2026-08-12,257.9,248.0,260.675,295.9916666666667,498059.8,75.29211450636029,64.27946720430384,-15.524594795608891,-18.206253945082047,2.6816591494731554,55.3572387155522,45.968575410056346,313.8878546005257,260.675,207.4621453994743,0.3164860458425198,交叉混雜,93.0
6438,2026-08-12,146.7,142.3,143.4,153.21666666666667,218869.6,83.9325198863944,73.11850089933395,-1.551464072208205,-3.113200670579908,1.561736598371703,64.75803361564999,54.864092952659895,157.45478004471423,143.4,129.34521995528578,4.253835425383539,交叉混雜,36.0
6441,2026-08-12,22.780000305175783,20.99000015258789,20.907500076293946,22.468333307902018,369472.4,70.31971495662853,64.40004875203732,0.09334826958075126,-0.3726369605334866,0.46598523011423787,65.44653326032241,59.09310670452687,23.826092967174063,20.907500076293946,17.98890718541383,8.095182585195008,交叉混雜,33.0
6442,2026-08-12,1442.0,1345.0,1317.5,1641.0,2693557.4,85.873426179431,73.57119109344939,-23.404003170226133,-75.55793300844762,52.15392983822149,74.49120218598134,61.52985102087523,1568.6342689730643,1317.5,1066.3657310269357,21.062618595825427,交叉混雜,84.0
6443,2026-08-12,26.679999923706056,25.785000038146972,26.867500019073486,34.02916666666667,3831869.0,68.08874228275467,59.902163940487455,-1.6512036595776856,-2.1639001831839106,0.5126965236062251,52.05527294442464,44.46734506427833,31.115258084960715,26.867500019073486,22.619741953186256,-0.43733141896369687,交叉混雜,69.0
6446,2026-08-12,1352.0,1256.0,1211.0,1067.5042856852212,4851611.4,80.13905050195837,71.80266471813056,66.63071896445604,41.50053726889934,25.130181695556693,72.24666596587248,66.35222029701839,1441.7561939637485,1211.0,980.2438060362515,18.909991742361683,多排,97.0
6449,2026-08-12,237.4,227.1,235.425,318.975,1183562.2,77.5652116113149,67.1481183385018,-19.448190062668914,-25.321281325085412,5.873091262416498,58.63982275736076,47.07123721712103,276.9983657146262,235.425,193.85163428537388,3.6423489434002287,交叉混雜,85.0
6451,2026-08-12,442.6,407.15,414.05,513.7666666666667,4623497.6,75.64488526040867,65.56386650127186,-15.8303220464785,-27.97733381805933,12.147011771580829,60.09233066777397,52.62050048842861,499.72865299447454,414.05,328.3713470055255,8.924042989977053,交叉混雜,95.0
6456,2026-08-12,65.93999938964843,61.05999984741211,62.15499973297119,69.78499959309896,5050754.0,79.4212726200904,67.40822600385292,-0.636427710026453,-2.2676830695519223,1.6312553595254693,68.71644683924598,58.052000778705924,73.47660779780009,62.15499973297119,50.83339166814229,10.36923621404352,交叉混雜,81.0
6461,2026-08-12,15.960000038146973,15.785000038146972,15.72999997138977,15.702500057220458,115650.6,51.3238932686202,46.62420990432553,0.05866844198813226,0.027442027887137593,0.031226414100994665,50.289577081143136,51.0416181077266,16.729157378232834,15.72999997138977,14.730842564546707,0.7628760985264932,多排,26.0
6462,2026-08-12,101.01999969482422,97.73999938964843,98.08499946594239,112.46166648864747,496281.0,78.31058574488252,70.07777833450061,-2.35937907607412,-3.875862831442018,1.516483755367898,61.56987265720922,50.68760636428389,105.89114419330464,98.08499946594239,90.27885473858014,3.481674621656482,交叉混雜,8.0
6464,2026-08-12,76.95999908447266,77.90999984741211,78.30923080444336,76.03096148173015,19403.0,24.737882317719226,42.02770794941824,0.22405341061545414,0.6761113681505164,-0.4520579575350623,26.755828336002196,39.29053924543391,80.92045419390591,78.30923080444336,75.69800741498081,-2.6934677234519477,交叉混雜,58.0
6465,2026-08-12,47.23000030517578,47.19000015258789,49.380000305175784,55.16593278249105,376660.2,30.808809387038217,28.68877679545246,-2.6616137548979424,-2.766280726986443,0.10466697208850073,43.108143769808784,36.14698125263508,55.50917145350279,49.380000305175784,43.25082915684878,-3.807209991002635,交叉混雜,92.0
6469,2026-08-12,70.5199981689453,72.41219482421874,75.38609771728515,74.77203267415365,437891.4,13.471514714484185,14.243985060786324,-1.6628222263900057,-0.9003744915552454,-0.7624477348347602,26.053705662768238,31.838512512291416,82.7720202315535,75.38609771728515,68.00017520301681,-6.216133890650368,交叉混雜,8.0
6470,2026-08-12,42.720000457763675,42.73500022888184,44.822500228881836,47.52083346048991,41515.8,29.36697109174191,27.979547130023423,-1.5303452014467993,-1.358015288646187,-0.17232991280061238,19.965992912774453,22.097984384687265,49.21681164315742,44.822500228881836,40.42818881460625,-5.96240434905699,空排,27.0
6472,2026-08-12,422.9,409.4,403.425,400.775,784889.2,78.11512060951009,71.28190760501946,3.4955580138583855,-0.4347578710838177,3.9303158849422033,62.73939344698141,57.13176331135224,437.7612245418875,403.425,369.08877545811254,5.100080560203256,多排,21.0
6474,2026-08-12,38.529998779296875,37.864999008178714,37.474999809265135,37.71333325703939,64896.6,89.06463345051336,80.30533490316672,0.3015426651264761,0.04763966664314999,0.2539029984833261,78.33531996324308,66.23098110366439,39.200808921937806,37.474999809265135,35.749190696592464,4.3362206087435435,交叉混雜,49.0
6477,2026-08-12,34.49000015258789,34.869999694824216,36.73249969482422,35.22999982833862,1237154.0,35.386208433097295,34.68690873050595,-0.620452465034127,-0.23718864283764002,-0.38326382219648697,39.58042347318169,43.40706960592205,42.243280876155765,36.73249969482422,31.221718513492675,-6.758319513915401,交叉混雜,51.0
6482,2026-08-12,27.559999847412108,27.564999961853026,27.7875,28.418333276112875,6681.6,28.10101793303116,32.93333115321544,-0.1948097227350658,-0.19838592302510658,0.0035762002900407708,36.60311273161183,43.032924108520696,28.715925517311227,27.7875,26.859074482688776,-1.7543887105333495,空排,7.0
6485,2026-08-12,64.63999938964844,61.529999542236325,62.38500003814697,82.65833326975505,300338.0,84.14902566422373,73.0517416151939,-3.357903792763615,-5.1360349540991015,1.7781311613354864,65.34577621363428,51.30798295788836,70.82357718245798,62.38500003814697,53.94642289383596,6.756429323389838,交叉混雜,17.0
6486,2026-08-12,74.66000061035156,74.40999984741211,75.71499977111816,79.9733331044515,46380.6,47.6311921204304,34.77604845795326,-1.6415261919770074,-1.742674101711124,0.10114790973411658,38.3614813618256,36.26997369441555,78.8814518196896,75.71499977111816,72.54854772254672,-1.604701544992444,交叉混雜,38.0
6488,2026-08-12,876.0,870.3,1003.05,1014.4333333333333,9263124.0,44.16076654358383,33.551559453671075,-70.85834696873235,-58.44644694348472,-12.411900025247625,53.88922011875924,45.72974503181233,1356.1395070658464,1003.05,649.9604929341535,-6.983699715866602,交叉混雜,92.0
6491,2026-08-12,377.4,363.3,349.35,338.84166666666664,577022.8,85.03902154848016,79.6283116802048,9.890206443271893,5.957847182565486,3.9323592607064066,73.16834314524026,66.31404008537567,393.92766729038976,349.35,304.7723327096103,8.200944611421205,多排,78.0
6492,2026-08-12,37.92000045776367,38.69000015258789,40.21750011444092,42.80999997456868,371971.0,18.426333293261628,21.168746092681417,-1.4744720305190455,-1.3191220838613713,-0.1553499466576742,32.763085650335796,32.05950105555486,44.361521695948774,40.21750011444092,36.07347853293306,-5.8867449085173815,空排,13.0
6494,2026-08-12,53.82000045776367,51.185000610351565,50.55500030517578,57.87999998728434,166195.4,89.77111115345443,79.27153561859289,-1.2851343500301269,-2.483130584654962,1.197996234624835,75.36933527760789,56.767133037311865,57.19458669188316,50.55500030517578,43.9154139184684,9.385815257128929,交叉混雜,78.0
6496,2026-08-12,24.39000015258789,24.32000026702881,24.497500228881837,24.474166742960612,9469.6,52.77370528693444,49.55014946844474,-0.10795981184921288,-0.11032025012086427,0.0023604382716513883,45.49658811128265,46.52702717591579,25.33067720288822,24.497500228881837,23.664323254875452,-1.2144074422403326,交叉混雜,35.0
6498,2026-08-12,75.05999908447265,73.61999816894532,76.3299991607666,91.3800001780192,119116.4,63.273156847430556,56.358951620934874,-4.006332058925025,-4.8508175255485435,0.8444854666235182,49.76844128881344,42.76843893107531,85.55219372833452,76.3299991607666,67.1078045931987,-1.480416906784449,交叉混雜,5.0
6499,2026-08-12,60.07999954223633,58.789999389648436,61.07499980926514,71.80333347320557,197799.4,72.07681103326071,49.023875414794716,-2.564594775464151,-3.409958382466965,0.8453636070028137,69.7912574961456,52.58472339428499,67.76509540485402,61.07499980926514,54.38490421367625,3.64306088373966,交叉混雜,3.0
6504,2026-08-12,38.74000015258789,39.05,38.52250022888184,37.16916669209798,29222.0,27.40674754817283,34.49288089341085,0.5314400117594005,0.6429702272711735,-0.111530215511773,46.910695572583606,53.311265705120235,41.49597510875631,38.52250022888184,35.549025349007366,0.46077106367186205,交叉混雜,25.0
6505,2026-08-12,69.67999877929688,69.42999877929688,75.50499954223633,61.839999771118165,24130797.6,35.63693876652044,27.296812685468126,0.9973437290286853,2.331744802469631,-1.3344010734409455,46.91808494863235,49.61989262228732,90.51159216022333,75.50499954223633,60.49840692424934,-7.026028244694723,交叉混雜,85.0
6506,2026-08-12,16.979999923706053,16.719999694824217,17.142499732971192,18.352499961853027,60226.8,76.86981945257895,59.16922030669579,-0.36147844551666,-0.4648165056228575,0.1033380601061975,68.00310257816511,50.58535241136632,18.613008080546162,17.142499732971192,15.671991385396222,0.9187662624630326,交叉混雜,56.0
6508,2026-08-12,26.34000015258789,26.065000152587892,26.155000114440917,24.77083330154419,31851.2,45.876705339613665,43.36176766797578,0.3243976705014049,0.34925261779777195,-0.024854947296367058,54.871294381371314,55.231395602627366,27.658644797030398,26.155000114440917,24.651355431851435,0.7455563608319193,交叉混雜,64.0
6509,2026-08-12,47.68000030517578,45.635000228881836,46.28000011444092,48.8866668065389,1022267.6,88.62870987025143,75.25713113747166,-0.5072426888769712,-1.0143690108589893,0.5071263219820181,73.2082386890145,57.12561930581415,51.001663458679964,46.28000011444092,41.55833677020187,4.796888245612534,交叉混雜,80.0
6510,2026-08-12,2800.0,2697.0,2650.75,3060.75,472807.4,73.36289044503334,68.97798239507357,-46.75269466921327,-102.96327740615872,56.210582736945454,59.50896085006787,52.89507577597077,2964.291317683551,2650.75,2337.208682316449,6.5736112421012916,交叉混雜,87.0
6512,2026-08-12,20.129999542236327,20.02999973297119,20.04000005722046,19.833333428700765,3480.4,47.71301581651748,43.87068082640475,0.0412128412942252,0.029499972151591662,0.011712869142633538,61.627895192989094,56.99432622831071,20.530541960528513,20.04000005722046,19.549458153912408,1.2974010933019342,交叉混雜,53.0
6515,2026-08-12,6891.0,6527.0,6395.75,7942.666666666667,316899.6,82.54488968065006,72.60617896014948,-221.8946083743349,-427.28227818347693,205.38766980914204,72.41533024675539,55.7020956319079,7406.337505000518,6395.75,5385.162494999482,12.105695188210921,交叉混雜,97.0
6516,2026-08-12,60.89999923706055,59.670000076293945,58.444999885559085,57.69333324432373,63887.4,61.91876764855118,62.2354418738445,0.9310315721591138,0.5695003494857267,0.3615312226733871,62.841318692063965,61.81026159153323,62.51205581218385,58.444999885559085,54.37794395893432,4.029428276350033,多排,50.0
6517,2026-08-12,62.18000030517578,62.23000030517578,65.74500045776367,66.81499996185303,368281.8,39.02359897809067,34.93547608799126,-1.8166527129178363,-1.5911309758227699,-0.2255217370950664,48.718489435540455,45.53051518753157,75.76024752487494,65.74500045776367,55.72975339065239,-4.17522311757702,空排,50.0
6523,2026-08-12,90.42000122070313,90.50000076293945,90.41500053405761,94.42666664123536,27693.8,40.718865323484934,48.443433640986676,-0.7734088834925643,-1.0216351975335107,0.24822631404094642,40.648256358739665,42.36644930239554,91.9794420159569,90.41500053405761,88.85055905215832,-0.4589952238083421,交叉混雜,11.0
6525,2026-08-12,140.0,133.35,142.0,145.15833333333333,1894032.0,82.51347823014669,69.0949132600965,-5.3440427391782634,-6.07759301125781,0.7335502720795466,58.34818150007909,49.245909811812766,177.926826218097,142.0,106.073173781903,0.7042253521126761,交叉混雜,90.0
6526,2026-08-12,625.6,590.0,579.75,641.8833333333333,510668.2,76.95547052154738,72.7780550638451,-3.223682701635312,-14.434097575896972,11.21041487426166,61.532622490881835,54.24140784438428,666.828609374094,579.75,492.6713906259061,6.770159551530833,交叉混雜,67.0
6527,2026-08-12,75.21999816894531,72.61999893188477,70.9949993133545,71.33999977111816,38569.0,75.21352359695496,76.35808751405955,0.9730615213806146,0.32704193927322983,0.6460195821073849,51.374331270877605,55.39645775216476,77.21803691611771,70.9949993133545,64.77196171059128,3.105849223485969,交叉混雜,41.0
6530,2026-08-12,80.52000122070312,75.84000015258789,73.30500030517578,88.70500005086264,1503322.0,86.36565726771214,76.7108243197445,-0.45602234364446304,-3.0690289802145236,2.6130066365700606,70.76211011496318,61.65847641596185,86.03779696985625,73.30500030517578,60.57220364049532,19.36429934619612,交叉混雜,77.0
6531,2026-08-12,896.6,815.1,814.15,931.4333333333333,2419842.4,69.30730349822593,67.97299142717138,-8.393317617859793,-29.343627920314805,20.950310302455012,56.175978743045626,52.74094275868921,1017.68846138546,814.15,610.61153861454,7.84253515936867,交叉混雜,92.0
6532,2026-08-12,82.71999969482422,75.18000068664551,71.84500045776367,84.48166669209799,660964.6,92.8652075052859,83.6450594141346,0.6010229347427867,-2.4333107058291445,3.0343336405719312,86.21820659942804,69.15345530228745,86.6977479676086,71.84500045776367,56.99225294791874,20.258892025022455,交叉混雜,73.0
6533,2026-08-12,248.7,235.3,226.9,216.04166666666666,3328467.4,83.9879312230318,77.97771667669112,10.290836121880687,6.458411787884113,3.832424333996574,73.66913615980229,66.57762879123251,261.1830324765545,226.9,192.6169675234455,12.163948876156896,多排,55.0
6534,2026-08-12,94.53999938964844,94.33000030517579,93.51499977111817,92.66666679382324,134614.8,69.60616720563168,70.89242702172771,0.6068819976158153,0.5422191169176239,0.06466288069819137,58.065408892635155,57.24899611562497,95.65068792688572,93.51499977111817,91.37931161535062,1.2671733732816632,多排,50.0
6535,2026-08-12,90.43999938964843,89.27999954223633,89.79999923706055,102.66166648864746,151706.6,49.576089498401785,45.68243148996136,-2.6695423807703804,-3.475706579170738,0.8061641984003578,38.14086908978007,39.49296600862528,94.67053370820116,89.79999923706055,84.92946476591993,-1.8930966340563855,交叉混雜,2.0
6538,2026-08-12,149.8,145.55,140.15,129.4033332824707,1707501.6,77.64893649424681,70.8320714994739,5.8050040168620285,4.328557428496504,1.4764465883655244,72.86742876437185,64.2848007078102,162.3170689846086,140.15,117.98293101539142,15.233678201926503,多排,95.0
6541,2026-08-12,38.55999984741211,37.97999992370605,38.61500015258789,39.76250012715658,226470.4,65.423603001723,52.139811103313235,-0.41868139335620214,-0.57923797858169,0.16055658522548788,57.74898270045171,50.576960597420985,40.74846833564111,38.61500015258789,36.48153196953467,0.7380587133622396,交叉混雜,16.0
6546,2026-08-12,62.25999984741211,58.96999969482422,59.244999694824216,69.01333287556966,420840.6,87.72152801252184,74.06141696356298,-1.1271358496381936,-2.6023411604807665,1.475205310842573,85.39064730470847,66.60216815637598,66.4117279634581,59.244999694824216,52.07827142619033,14.777618955647732,交叉混雜,47.0
6547,2026-08-12,51.0,49.27499961853027,48.064999961853026,46.98583335876465,4547948.2,63.669507197581254,62.115215761625095,1.2031678252122973,0.7079362278481774,0.4952315973641198,57.00325204722091,58.24696373677431,52.593517410634895,48.064999961853026,43.53648251307116,5.27410488771451,多排,75.0
6548,2026-08-12,74.43999938964843,71.48999938964843,70.12999954223633,77.38499965667725,2496199.2,76.83316286439481,72.65101139930738,-1.0064187727665086,-2.3115980040270836,1.305179231260575,63.01007599404345,53.69856464012268,80.89018029935984,70.12999954223633,59.36981878511283,7.372028437570151,交叉混雜,92.0
6550,2026-08-12,11.1,11.095000076293946,11.585000038146973,12.934166685740154,679039.2,22.292201172486447,21.908650647829397,-0.5332723439746498,-0.5594486440760378,0.02617630010138794,32.780184872105536,33.84639474309748,12.742629128739276,11.585000038146973,10.42737094755467,-5.481227680543061,交叉混雜,1.0
6552,2026-08-12,24.719999694824217,24.325,24.840000057220458,29.021666622161867,115003.8,69.9813297863945,60.29342616802069,-1.0269003197000863,-1.2973981161416224,0.27049779644153604,60.77523193037294,47.80568012476522,26.772437643100403,24.840000057220458,22.907562471340512,1.8518485458150287,交叉混雜,31.0
6556,2026-08-12,64.16000061035156,64.46999969482422,64.78499946594238,69.17499974568685,84319.2,41.59891433066004,49.50799025021129,-1.5606680295253028,-1.3854092649523428,-0.17525876457295997,38.87500678786752,38.69857409169976,68.59925314117741,64.78499946594238,60.97074579070734,-4.144479453508053,空排,25.0
6558,2026-08-12,26.50999984741211,25.364999771118164,26.042499828338624,29.383333269755045,290020.4,81.8226413223722,67.96486150574174,-0.7019772008844676,-1.076297907450166,0.3743207065656984,65.57920719139892,52.34214496404885,29.359644567532236,26.042499828338624,22.725355089145012,3.484692101690313,交叉混雜,6.0
6560,2026-08-12,32.48000030517578,32.11000003814697,32.542500019073486,36.40833336512248,16022.4,57.798632193958824,60.372412904252755,-1.072143069561342,-1.33147932557785,0.259336256016508,49.436417357111466,41.82599678543333,34.78662117795988,32.542500019073486,30.298378860187096,-0.28424139534399157,交叉混雜,16.0
6561,2026-08-12,327.4,326.05,324.6,337.94166666666666,33604.6,54.24913129373774,51.86610120655153,-1.574296834836673,-2.6969958092189152,1.1226989743822422,59.2065709097662,52.616882061509564,332.51135093923085,324.6,316.6886490607692,1.3555144793592042,交叉混雜,31.0
6568,2026-08-12,139.2,135.0,137.55,169.30833333333334,74921.8,83.14655029247218,74.25952841861839,-6.104130352297972,-8.536440174211844,2.432309821913872,58.58967540837939,46.753039191300296,151.72150588142924,137.55,123.3784941185708,1.7811704834605515,交叉混雜,35.0
6569,2026-08-12,96.28000030517578,96.36999969482422,98.6650001525879,103.84500007629394,75453.8,36.533530789039744,33.61450207495596,-2.349317288734028,-2.1979216007773554,-0.15139568795667246,34.09750496493244,37.26050704213057,104.8845878690162,98.6650001525879,92.44541243615959,-3.5118868889545345,空排,27.0
6570,2026-08-12,57.23999938964844,54.90999984741211,52.175,53.770000012715656,419263.2,82.51327531227206,81.12178006949088,1.6105344972943954,0.7754866120377999,0.8350478852565955,71.77761600634533,64.19012297884026,60.09615742266744,52.175,44.253842577332556,9.822710564562625,交叉混雜,83.0
6573,2026-08-12,17.070000076293944,16.969999980926513,18.207499933242797,18.582499980926514,278793.8,50.56787326068515,46.78799564656377,-1.0139699470918266,-0.8737883706210839,-0.1401815764707427,38.24109125745949,40.619537109028684,21.97177458635279,18.207499933242797,14.443225280132804,-7.455716362764236,交叉混雜,80.0
6574,2026-08-12,141.3,131.3,129.05,121.26666666666667,247130.8,66.06421050552967,69.06194698966286,4.515137006777735,3.2054941286529175,1.3096428781248175,47.621422245519994,52.08380415438097,147.99007169441143,129.05,110.1099283055886,2.2859356838434626,多排,88.0
6576,2026-08-12,79.55999908447265,79.38999862670899,80.32999877929687,79.93999977111817,56962.2,68.10756249955884,61.32042326024934,-0.40801645100121675,-0.28577919009288516,-0.12223726090833159,41.58528005355561,44.051941843303034,83.09222537245756,80.32999877929687,77.56777218613618,-1.0332363897791872,交叉混雜,53.0
6577,2026-08-12,79.7000015258789,79.38000106811523,80.53000068664551,78.94833361307779,58670.0,49.49191311034541,35.34051224463573,0.32159177530317606,0.5821977949911314,-0.2606060196879554,52.24943705222406,51.38304419883392,90.01752280977998,80.53000068664551,71.04247856351104,-0.16142947927251125,交叉混雜,64.0
6578,2026-08-12,18.55,17.9,17.057500076293945,16.779166666666665,72034.8,72.06681225565694,72.70338938059669,0.5697831964370046,0.3715956948390695,0.19818750159793508,66.36256640741519,67.02402022002516,19.32819991068622,17.057500076293945,14.78680024190167,7.284180889398876,多排,44.0
6579,2026-08-12,166.0,163.9,164.1,163.38333333333333,1272826.2,38.48601758307704,45.88468342016483,0.6166869366248022,1.1879625087309025,-0.5712755721061002,41.68207703613325,46.6956839009153,184.39415264500914,164.1,143.80584735499085,-2.498476538695914,交叉混雜,74.0
6581,2026-08-12,108.1,108.35,108.05,107.93333333333334,15100.0,49.255965461124106,62.95162204349392,0.11746386089740213,0.1867674681464148,-0.06930360724901266,35.37661390340757,44.965577776857344,109.53323969741828,108.05,106.56676030258171,-0.5090236001850968,交叉混雜,51.0
6582,2026-08-12,31.769999694824218,31.760000038146973,31.98249979019165,31.959166685740154,45257.6,40.304169852420294,36.87596877780165,-0.16889269114274796,-0.14308152573199212,-0.025811165410755843,45.28941100032487,45.04818578574217,32.74219088545991,31.98249979019165,31.222808694923383,-0.8832925165494193,交叉混雜,47.0
6584,2026-08-12,530.6,490.05,514.175,616.2916666666666,975510.8,75.29976032174162,63.42986759761013,-27.126952814528636,-39.44517259617589,12.318219781647251,62.768476837603636,51.14616650327022,628.1455756117014,514.175,400.20442438829855,5.606067972966412,交叉混雜,89.0
6585,2026-08-12,117.3,115.85,118.9,119.98333333333333,458610.4,64.37233135137413,59.00620345668045,-1.7807746631694386,-1.931478383770947,0.1507037206015085,52.173789178665515,48.195794367688585,130.68580770070125,118.9,107.11419229929876,-0.7569386038688021,交叉混雜,78.0
6588,2026-08-12,91.94000091552735,90.60000076293946,84.86000022888183,96.05999997456868,1660937.0,53.881025468212265,54.6555455704175,1.223873981660148,-0.46996367250221827,1.6938376541623663,66.52634652240738,59.92708936664491,103.06866291363386,84.86000022888183,66.6513375441298,14.423754669132583,交叉混雜,94.0
6589,2026-08-12,50.119999694824216,48.26499977111816,47.0399995803833,46.2474999109904,964561.8,81.94783628184541,76.16382388205496,0.987784958859173,0.3525824643130916,0.6352024945460814,67.25702981830344,62.67926057787679,51.50596464576369,47.0399995803833,42.574034515002914,8.630950106196215,多排,45.0
6590,2026-08-12,64.4,64.7099998474121,65.5049991607666,66.33833236694336,22424.6,60.63421380506623,49.35789617289895,-0.6064007451540334,-0.6011085435423427,-0.00529220161169075,62.47984109759419,53.27138326276743,67.6526770191478,65.5049991607666,63.3573213023854,0.7556687971532301,空排,34.0
6591,2026-08-12,44.61000061035156,44.24000015258789,44.22749977111816,50.819166628519696,133467.2,67.45136023747152,68.62434968176089,-1.445101327559783,-1.8811698561869075,0.4360685286271244,46.836417530300956,41.28381684240943,45.876574624232816,44.22749977111816,42.578424918003506,0.16392395301018103,交叉混雜,4.0
6592,2026-08-12,60.7,60.66000061035156,60.64500045776367,61.040145810445146,390874.6,51.329240481257074,43.93694852544432,-0.016251394466259228,-0.1375257691316282,0.12127437466536897,67.01487921000663,56.97133779050318,61.77725584765125,60.64500045776367,59.5127450678761,1.4098434096505519,交叉混雜,57.0
6593,2026-08-12,32.42000045776367,32.39000053405762,32.837500381469724,33.93583354949951,22565.2,27.16122118848439,25.243161068548467,-0.4131712656086819,-0.4389306821864497,0.025759416577767813,46.58635487481625,41.40538558691509,33.99366202555405,32.837500381469724,31.681338737385396,-1.0277895014815925,交叉混雜,11.0
6596,2026-08-12,89.44000091552735,88.56000061035157,88.03000030517578,92.29499994913736,166170.4,70.81630623617265,67.68988449103037,-0.4721126941871603,-1.1404658625814894,0.6683531683943291,76.38339664446775,65.38346820029258,91.39677204842398,88.03000030517578,84.66322856192757,6.440982191764279,交叉混雜,8.0
6598,2026-08-12,28.729999542236328,29.64499988555908,28.830000114440917,25.596666717529295,461980.6,27.291838108699604,46.53280076028646,0.9929431217174844,1.378424467896483,-0.38548134617899854,35.87241000875487,47.516676584758514,32.30523579459457,28.830000114440917,25.35476443428726,-4.092960427424982,交叉混雜,76.0
6603,2026-08-12,26.64000015258789,26.314999961853026,25.544999980926512,24.39333324432373,2839761.6,71.03624554643716,71.55954028183176,0.6525426761557469,0.49442100603878003,0.15812167011696687,71.43342088270163,63.82191290816133,27.83016975199438,25.544999980926512,23.259830209858645,8.436096236531606,多排,82.0
6605,2026-08-12,137.7,135.75,133.675,136.08333333333334,709871.4,71.59680245481063,69.9532538182626,0.9642581843001778,0.19385966318282155,0.7703985211173563,56.259241859762824,55.41005600615014,140.06804721017582,133.675,127.2819527898242,2.8614176173555177,交叉混雜,41.0
6606,2026-08-12,26.45,26.23000011444092,26.052499961853027,25.639166673024494,180516.0,84.80257824143953,85.0647580989839,0.301542764172563,0.21531110162584538,0.0862316625467176,71.61729604370659,68.60640800233979,26.765887238720737,26.052499961853027,25.339112684985317,3.061128186486624,多排,63.0
6609,2026-08-12,39.03000030517578,37.925,38.27000007629395,41.4058334350586,166200.2,79.10524310141915,68.41063220562403,-0.4890709237863149,-0.8623631922580802,0.37329226847176533,64.99975074428474,53.9322285420607,41.495131199850974,38.27000007629395,35.04486895273692,3.475302835578002,交叉混雜,48.0
6612,2026-08-12,73.64000091552734,72.07000045776367,71.18500022888183,72.42833391825359,22392.4,81.53794393126306,74.65713467663087,0.4113987817891882,-0.1159537462637839,0.5273525280529721,69.06905728713713,60.70474779256285,74.66200832098491,71.18500022888183,67.70799213677876,3.8140075693861104,交叉混雜,33.0
6613,2026-08-12,275.3,276.7,295.475,308.19166666666666,822740.0,23.5221031850079,33.32783007785419,-14.911545266095118,-12.217500030533312,-2.6940452355618056,37.388060453815186,38.85925013838121,353.8336686836354,295.475,237.11633131636466,-9.806244183095023,空排,81.0
6614,2026-08-12,36.10999984741211,36.09499969482422,37.224999618530276,38.98333352406819,37445.0,24.905835667253847,21.695581500266847,-0.9369940381238209,-0.8938974427019124,-0.04309659542190847,40.13648837717216,34.98760115260538,39.66728046844932,37.224999618530276,34.78271876861123,-2.8878390964878493,交叉混雜,6.0
6615,2026-08-12,34.15999908447266,34.224999618530276,34.14999961853027,34.5533332824707,10361.6,52.01176683802463,52.11530910124758,-0.1968472299090891,-0.2608437161149254,0.06399648620583631,51.71204570149823,49.05864900970975,35.337655121194715,34.14999961853027,32.96234411586583,0.5856481927522427,交叉混雜,65.0
6616,2026-08-12,8.710000038146973,8.802000141143798,8.90250005722046,9.183999967575073,15015.2,23.682221913169982,26.025789252593846,-0.11526266051959588,-0.1064617313251326,-0.008800929194463278,38.336983119571826,39.81456409316881,9.23418643686841,8.90250005722046,8.57081367757251,-2.162314157104191,空排,27.0
6617,2026-08-12,98.78000030517578,88.37000045776367,91.32500038146972,81.85500005086263,1342779.8,70.30984013635805,61.544891585556186,2.482954542421851,0.8011958841119192,1.6817586583099318,71.20363997057294,62.11879629873791,115.52755553257502,91.32500038146972,67.12244523036442,11.68902225451979,交叉混雜,81.0
6620,2026-08-12,81.03999938964844,85.08000106811524,85.85000076293946,84.33666699727377,690387.8,16.037283257816412,19.481894731200423,-2.2353765913572516,-0.9670666609316574,-1.2683099304255943,37.354062278667215,40.93124660927241,94.36389281108069,85.85000076293946,77.33610871479823,-7.396622838098665,交叉混雜,42.0
6624,2026-08-12,42.81999969482422,41.135000228881836,41.10749988555908,42.09416650136312,4592.4,60.09946800244002,60.74497743396463,0.02615797214642157,-0.31242562242059774,0.3385835945670193,38.81005259907568,44.929746275984826,45.308160492995064,41.10749988555908,36.906839278123094,-2.4508943969903583,交叉混雜,38.0
6625,2026-08-12,77.24000091552735,76.4599998474121,76.02499961853027,76.39833285013835,137849.4,72.90115257193193,70.65762858375676,0.0335406140773955,-0.22907452011079657,0.26261513418819205,60.58694323324856,55.880249739962395,79.06430315646924,76.02499961853027,72.98569608059131,2.203219122810297,交叉混雜,49.0
6629,2026-08-12,110.5,106.45,105.8,110.975,37925.8,86.43404515504804,76.16832904568706,0.5380930212316031,-1.0016352894288794,1.5397283106604824,82.79469880139696,70.49056751809326,113.15133357038793,105.8,98.44866642961206,7.750472589792063,交叉混雜,54.0
6637,2026-08-12,61.71999969482422,61.749999618530275,62.42499961853027,63.95333296457927,71349.0,42.53701025355602,46.09841151864003,-0.6920748745092808,-0.6523013591214619,-0.039773515387818925,33.7208194032478,39.82868435358214,64.54941876034158,62.42499961853027,60.30058047671897,-1.962353004527996,空排,11.0
6640,2026-08-12,963.2,902.8,914.35,1067.6833333333334,258987.6,70.28192732951003,67.27453335645663,-18.79203840678133,-41.62074425650174,22.828705849720407,63.39099109761457,55.57993947176608,1056.1627379031013,914.35,772.5372620968986,9.367310111007816,交叉混雜,71.0
6641,2026-08-12,18.000000381469725,17.7850004196167,17.75500030517578,18.152500120798745,12800.0,74.24300931665744,75.37464466121318,-0.05189749029246471,-0.12203772629470498,0.07014023600224027,52.6105176206366,50.299968703873056,18.373913071440874,17.75500030517578,17.136087538910687,0.8166674788072179,交叉混雜,24.0
6642,2026-08-12,82.6,78.11999969482422,76.54500007629395,81.60166702270507,954492.2,81.4513933162259,75.6575309753297,1.017721943014024,-0.6486927096185997,1.6664146526326238,82.06537186673648,66.56367299476337,86.104228795452,76.54500007629395,66.98577135713589,12.352211005659502,交叉混雜,86.0
6643,2026-08-12,447.9,423.55,419.375,479.21666666666664,723124.4,72.13190957184162,63.62963804337153,-4.051496875538874,-13.137225324636402,9.085728449097529,68.17773118019139,57.39552171820016,467.4909509605954,419.375,371.2590490394046,8.852459016393443,交叉混雜,25.0
6645,2026-08-12,13.400000190734863,13.275000095367432,13.450000047683716,13.939999993642171,6868.2,64.65227039864925,55.927331225791754,-0.32716755976760936,-0.34880785740073644,0.02164029763312708,46.99119821718196,42.62269904640122,14.050000094530553,13.450000047683716,12.850000000836879,-0.7434919394755738,交叉混雜,20.0
6649,2026-08-12,35.99999923706055,36.18499946594238,37.05,38.02583351135254,19601.0,32.36238074851099,41.345106428762236,-0.7041831924147033,-0.5664067532446917,-0.1377764391700116,29.86005304378405,35.61587761020628,39.51384431761597,37.05,34.586155682384025,-4.723348887825777,空排,8.0
6651,2026-08-12,132.7,125.55,123.1,138.10833333333332,270884.6,88.64564019884757,79.52406505711645,-1.2218924196305068,-4.2261157367952285,3.0042233171647217,76.83581743975193,59.76605177865286,139.40175967253455,123.1,106.79824032746544,12.10398050365557,交叉混雜,86.0
6654,2026-08-12,175.3,167.0,170.85,172.09333330790201,33934.4,75.28082275155887,67.2028038281073,-1.081441464349865,-2.599059035469543,1.5176175711196778,65.04305606593498,56.5463250186335,192.85502334994266,170.85,148.84497665005733,5.940883816213056,交叉混雜,95.0
6655,2026-08-12,118.0,118.5,118.425,122.3,6002.8,47.53427749071045,45.14586247576049,-0.8005712552364201,-0.9476452825082663,0.14707402727184615,43.65659830187829,45.270703765541384,120.85886199496215,118.425,115.99113800503784,-0.781085074941944,交叉混雜,37.0
6657,2026-08-12,30.870000076293945,30.559999847412108,32.34499969482422,35.29333311716716,77025.6,53.513304342367576,42.5692182880041,-1.3331575174362413,-1.3612435822462121,0.02808606480997078,42.94050098399616,39.35292508285428,36.956643586815865,32.34499969482422,27.73335580283257,-4.776628450582111,交叉混雜,3.0
6658,2026-08-12,158.6,150.5,153.3,182.80833333333334,301935.0,83.01066294968899,68.75140038398028,-5.793812384979475,-9.30053106073912,3.506718675759645,73.53623414778666,55.70039406896588,174.55880622483878,153.3,132.04119377516125,8.936725375081531,交叉混雜,95.0
6662,2026-08-12,28.999999618530275,29.654999923706054,29.94499988555908,29.641666571299236,22670.8,20.605884820607802,28.02344039087647,-0.23123881256960743,-0.023123059241930144,-0.2081157533276773,35.150323325172224,40.63764111602773,31.510718405116908,29.94499988555908,28.379281366001255,-3.8236789209363424,交叉混雜,30.0
6664,2026-08-12,348.7,341.85,349.35,380.325,275589.8,76.27264067260704,63.954471261060654,-7.278110586955506,-10.921994698548394,3.6438841115928877,65.21414359589322,54.7469781271467,388.7001153612969,349.35,309.9998846387031,4.909116931444104,交叉混雜,74.0
6666,2026-08-12,42.49000015258789,43.195000076293944,43.93250026702881,42.892499987284346,22144.4,42.89190768383632,45.5420364413381,-0.3400762161146744,-0.03470059713050062,-0.3053756189841738,31.370884830611857,36.882764080982454,46.12537769931092,43.93250026702881,41.7396228347467,-3.9435486110714013,交叉混雜,41.0
6667,2026-08-12,230.5,227.45,233.725,256.0416666666667,192981.2,60.064609667296764,57.68616377769169,-7.253087906892631,-8.29974670752043,1.0466588006277995,47.65806188722332,43.35009046181375,253.81551884268424,233.725,213.63448115731575,-1.8076799657717377,交叉混雜,32.0
6668,2026-08-12,35.62000045776367,35.31500015258789,35.00750026702881,38.07083333333333,532497.4,47.215876025582254,37.054560904083914,-0.40932266174487353,-0.7859116904433879,0.3765890286985144,69.01351487022202,57.639523900561706,37.14987330680635,35.00750026702881,32.86512722725127,7.262726417590988,交叉混雜,38.0
6669,2026-08-12,6066.0,5892.5,5562.0,5239.916666666667,1369199.8,72.6746685613176,75.58734378385523,274.26800368636486,233.15440877118323,41.113594915181636,59.56490413729963,60.217075790086994,6609.550526353349,5562.0,4514.449473646651,8.324343761236964,多排,87.0
6670,2026-08-12,266.2,262.25,263.4,265.9916666666667,241689.4,66.20367215246718,59.40666438976636,0.4063143776160132,-0.22093426954385087,0.6272486471598641,49.58160638475993,50.5185293319626,272.5743349106246,263.4,254.22566508937533,0.22779043280183098,交叉混雜,52.0
6671,2026-08-12,22.809999847412108,22.925,23.127499961853026,24.930000019073486,82602.0,56.49546364176307,54.07085386098558,-0.4981496566592263,-0.581720458890559,0.08357080223133273,52.54244037759936,43.04118959067651,24.347713907583405,23.127499961853026,21.907286016122647,-0.5512915882102561,空排,3.0
6672,2026-08-12,247.6,226.85,226.225,240.28333333333333,4806196.2,90.08904497577029,77.20727998804861,-0.8620786164126457,-7.694447709393517,6.832369092980871,80.00598895784016,63.80443844643144,274.2967391537193,226.225,178.15326084628074,18.466128854017022,交叉混雜,96.0
6674,2026-08-12,15.289999961853027,15.334999942779541,15.714999914169312,16.82916661898295,15200.0,46.06638273179613,46.94342258587528,-0.4094028398332643,-0.42015772775099985,0.010754887917735545,39.346629227090176,36.710075102925124,16.63272010050063,15.714999914169312,14.797279727837992,-2.6407873095835455,空排,7.0
6679,2026-08-12,213.1,211.6,216.475,259.7,309779.6,48.80464306779766,51.53338993305853,-10.371824090826976,-12.54599504218243,2.1741709513554532,46.54197244207518,43.028063766367424,239.89221139406112,216.475,193.05778860593887,-2.0672133040766805,交叉混雜,30.0
6680,2026-08-12,53.98394241333008,54.001971054077146,54.960985374450686,53.71866175333659,4242.2,24.423020417280892,38.44407599622532,0.019224913384285003,0.4483446753487661,-0.4291197619644811,31.851565015172184,40.32312678253456,58.92644890135875,54.960985374450686,50.995521847542626,-6.8430079735425835,交叉混雜,14.0
6683,2026-08-12,1210.0,1112.0,1136.8,1497.1,639162.4,87.27002209050752,74.85731148543903,-80.27194445453961,-123.63069675863562,43.358752304096015,65.78254507318351,52.29175457676336,1394.1505493741197,1136.8,879.4494506258802,11.717100633356797,交叉混雜,94.0
6684,2026-08-12,48.94000015258789,47.87999992370605,48.5,50.87416667938233,139345.6,72.50563365240696,64.88829810689415,-0.9213478284282033,-1.371543654512731,0.4501958260845278,65.7282107634883,52.32690381714556,52.06016026980369,48.5,44.93983973019631,3.0927835051546393,交叉混雜,47.0
6689,2026-08-12,62.81999893188477,60.66999969482422,60.64999980926514,64.60499986012776,151521.2,75.2323469992911,72.86586411065736,-0.26670312979958055,-1.0252253355828955,0.758522205783315,54.65526710428187,52.271834921222656,65.67519854596483,60.64999980926514,55.62480107256544,2.72052668257939,交叉混雜,28.0
6690,2026-08-12,164.1,162.75,162.475,168.525,28922.0,67.00681432353146,69.0656638792161,-0.720770931312984,-1.3226553376001247,0.6018844062871407,48.87682127074937,48.23627678687821,167.73132451132764,162.475,157.21867548867235,0.3231266348669061,交叉混雜,40.0
6691,2026-08-12,730.0,694.6,697.85,696.75,686073.6,78.03166218042453,70.59580561013435,3.519339776697848,-4.011889104418967,7.531228881116815,67.67435085244398,57.772328094860335,778.3753147512559,697.85,617.3246852487441,5.03689904707315,交叉混雜,83.0
6692,2026-08-12,23.33000030517578,23.045000076293945,23.242500019073486,25.22666664123535,31570.0,66.00743705458886,59.15350928642312,-0.4575304824197026,-0.6742870369018161,0.2167565544821135,56.21090705069515,49.70673056147743,24.79822794209978,23.242500019073486,21.686772096047193,1.53813213769115,交叉混雜,6.0
6693,2026-08-12,179.3,167.35,174.2,188.73333333333332,1304652.8,66.85772995552367,60.65127340728368,-7.159184588337325,-9.985782986414439,2.826598398077113,60.693757717566974,51.635330286866356,212.53563684917015,174.2,135.86436315082983,5.9127439724454725,交叉混雜,95.0
6695,2026-08-12,49.81999969482422,49.784999465942384,51.19999961853027,54.83249969482422,510183.8,59.53579601356843,54.199452459504926,-1.397651122072432,-1.5202358340997606,0.12258471202732868,56.50937082829291,48.286359836705394,57.022822788003786,51.19999961853027,45.377176449056755,-0.3906242578523123,交叉混雜,58.0
6697,2026-08-12,40.47999954223633,40.27999992370606,40.35500030517578,41.27333342234294,20324.6,78.92629739791307,73.6613371513431,-0.1311848179781805,-0.28957307690011497,0.15838825892193448,72.27081488209373,59.00849258059357,41.5061552422466,40.35500030517578,39.20384536810496,2.3417145948170552,交叉混雜,37.0
6698,2026-08-12,33.53000030517578,32.820000076293944,33.60250024795532,37.934166717529294,138698.2,60.593211213553275,63.11692110126444,-1.4146670526583094,-1.6282351847675027,0.21356813210919334,39.61181140221964,39.55357821036543,37.56010165993602,33.60250024795532,29.644898835974622,-3.1322104103215245,交叉混雜,55.0
6703,2026-08-12,106.5,106.0,105.55,103.10757535298666,81030.6,76.47672219486091,77.52618747042666,0.5861938983602073,0.6731630514657809,-0.08696915310557363,36.758494057353005,45.917115606456065,108.35788363831918,105.55,102.74211636168081,-0.9947891994315463,多排,62.0
6706,2026-08-12,115.4,108.33000030517579,108.69500007629395,147.2650000254313,2337233.8,81.92250857495132,70.28057267530986,-5.692063127335487,-9.782998131795834,4.090935004460347,71.3979435552088,56.352864929350694,127.0103056176284,108.69500007629395,90.3796945349595,14.080684404032695,交叉混雜,79.0
6708,2026-08-12,38.60000076293945,38.67000045776367,38.32000026702881,39.44916667938232,6864.2,67.45332771170713,75.90312927098968,-0.1782189760146906,-0.26109282988406424,0.08287385386937363,34.06930726228509,42.320337125169424,39.754683798931175,38.32000026702881,36.885316735126445,-0.8350737599136808,交叉混雜,28.0
6712,2026-08-12,152.9,149.85,149.175,147.725,349482.8,65.27227891472937,68.08979117011292,-0.23783422331538873,-0.5321798759481775,0.2943456526327888,45.9780038566536,47.817114953998434,155.9439305693474,149.175,142.40606943065262,0.55304172951231,多排,63.0
6715,2026-08-12,362.8,348.15,368.025,418.2583333333333,515219.2,74.34961681456062,56.86195303731467,-13.850691946294774,-19.693900258013173,5.843208311718399,65.0877401502822,54.69033958917732,440.153157141516,368.025,295.896842858484,7.7372461109979005,交叉混雜,97.0
6716,2026-08-12,100.23999938964843,89.2400001525879,85.60000076293946,94.47000045776367,714140.2,89.48895695114213,79.22438755112837,2.470043845603186,-1.3948414381266145,3.8648852837298007,86.71023685751808,71.93697422204527,106.69048156924093,85.60000076293946,64.50951995663799,27.33644746320093,交叉混雜,91.0
6719,2026-08-12,209.2,206.45,216.3,242.66666666666666,977087.2,51.717676182000346,50.31532489399237,-11.237819664207052,-11.619981480584043,0.38216181637699087,39.56812333590291,40.26488856688334,247.30492320838647,216.3,185.29507679161355,-4.761904761904767,交叉混雜,56.0
6720,2026-08-12,138.0,136.15,136.7,142.65833333333333,18400.0,72.19160595204056,74.14337266695482,-0.9305384222598434,-1.7442600527017547,0.8137216304419113,57.75318976851046,51.898100420281985,140.83457819397904,136.7,132.56542180602094,1.3167520117044706,交叉混雜,37.0
6721,2026-08-12,51.8,51.90999984741211,52.23499984741211,55.558333206176755,15640.4,32.76909164124501,30.658513099407458,-0.8192478122510991,-0.9388631611494358,0.11961534889833669,34.79457960888499,31.41829734880892,53.148696446748744,52.23499984741211,51.32130324807548,-1.2156626306996696,空排,21.0
6722,2026-08-12,33.00999908447265,33.045000076293945,33.58249988555908,35.83166681925456,24735.0,56.08292974984013,51.07874244018578,-0.6446381307876834,-0.7166252056711898,0.07198707488350642,44.83702076314664,40.84348210557396,35.02846519504801,33.58249988555908,32.136534576070154,-1.436764425168565,空排,6.0
6725,2026-08-12,247.2,247.0,270.225,302.9583333333333,77972.8,43.74288918219171,39.60489439952953,-18.076246507452453,-17.264917308138884,-0.811329199313569,38.48184831119491,36.912828423979214,327.6985408230326,270.225,212.75145917696744,-8.779720603201044,交叉混雜,34.0
6727,2026-08-12,391.3,365.45,361.975,441.65833333333336,741685.4,66.06982914218527,63.456289264286816,-9.390263354712886,-18.639478471781906,9.24921511706902,60.93730849582462,52.53742936945199,434.68167456510844,361.975,289.2683254348916,9.123558256785683,交叉混雜,96.0
6728,2026-08-12,105.5,106.1,107.625,109.35,27190.6,32.97988188618325,34.28232525415281,-1.1783347718936454,-0.9638042254185112,-0.21453054647513425,37.30116256044398,38.94726297053428,111.59694106066557,107.625,103.65305893933443,-1.9744483159117305,空排,13.0
6730,2026-08-12,34.5,34.57500038146973,34.51750030517578,36.16500015258789,11858.4,49.433919860011216,61.41832287316318,-0.5291156517110238,-0.6124587968161378,0.08334314510511398,35.31585210102749,39.45580163521009,36.408552538467994,34.51750030517578,32.626448071883566,-1.4992403870513835,交叉混雜,16.0
6732,2026-08-12,156.4,154.9,168.6,172.56666666666666,148021.4,55.89359173366252,46.642665674679876,-7.139327721288282,-6.151132621948083,-0.9881950993401993,41.86361564460628,40.49273187282218,209.2015296574683,168.6,127.99847034253168,-7.176749703440091,交叉混雜,22.0
6733,2026-08-12,26.370000457763673,26.68000030517578,25.757500076293944,25.695000012715656,107415.2,19.65787938216413,32.40966588139405,0.24939793041207992,0.3172310611150206,-0.06783313070294067,37.01356737435257,45.77705323588164,28.882656972797857,25.757500076293944,22.63234317979003,-1.3879470317567735,交叉混雜,10.0
6735,2026-08-12,66.8,64.86000022888183,65.74000034332275,84.77500006357829,234682.0,52.54995133491166,55.83975547893919,-4.186504035558357,-5.406681250134532,1.2201772145761742,48.49704383821357,42.968158965342674,73.37603705275461,65.74000034332275,58.10396363389089,-0.36507505638783466,交叉混雜,21.0
6739,2026-08-12,1041.0,972.9,1034.6,1130.3,150716.4,69.47837763460038,62.48353901007253,-29.46658803641958,-41.75776833255562,12.29118029613604,52.819190908801666,49.548810438461956,1292.7255508468725,1034.6,776.4744491531274,-0.44461627682195143,交叉混雜,80.0
6741,2026-08-12,55.7,55.500000381469725,55.75500011444092,59.77666670481364,222720.6,68.65023160410044,65.04755902529007,-0.9786457798469002,-1.2549946404371914,0.2763488605902913,51.743559535337745,44.769715171505986,57.80539123922411,55.75500011444092,53.70460898965773,0.08070867640079842,交叉混雜,10.0
6742,2026-08-12,43.72999954223633,43.54999961853027,43.97249984741211,55.35416679382324,262655.6,65.1962944435837,63.48828351447847,-2.9245346325741437,-3.5713338560000665,0.6467992234259228,51.637156281156166,43.18058965953517,48.54834918134399,43.97249984741211,39.39665051348023,0.7447822861672296,交叉混雜,40.0
6743,2026-08-12,26.33000030517578,27.400000190734865,28.757499980926514,29.555833212534587,441149.2,35.4499916800179,27.98271307566683,-0.9406724724006708,-0.711742453396994,-0.2289300190036767,49.49135935374451,44.523262466802926,32.70268646311517,28.757499980926514,24.812313498737858,-4.372772256839275,空排,34.0
6752,2026-08-12,99.93999938964843,98.0,98.23000030517578,99.89999987284342,27294.0,62.10902264712847,64.09681089861527,0.012172302304492177,-0.5502992471695066,0.5624715494739988,62.69359078018042,56.536973590934615,102.67100589034919,98.23000030517578,93.78899472000236,2.3109026649413686,交叉混雜,23.0
6753,2026-08-12,138.4,134.0,137.05,133.39166666666668,1863226.0,63.98755879429109,52.90421304636983,-0.16873617154840304,-0.8063388251802929,0.6376026536318898,64.92145439798966,55.460916679973494,150.985566009316,137.05,123.11443399068403,3.61182050346588,交叉混雜,71.0
6754,2026-08-12,42.44000015258789,42.20999984741211,42.28999996185303,43.64333330790202,11423.0,51.35448399022628,47.754479553239555,-0.27775182396954534,-0.36990176854709933,0.09214994457755399,39.81644657104928,43.43715561098897,42.92544434720474,42.28999996185303,41.654555576501316,-0.8039706768036525,交叉混雜,27.0
6756,2026-08-12,100.1,96.82000045776367,95.10500030517578,98.22333323160807,213081.8,68.8698370776338,71.46227516735505,0.6438161260684439,-0.20938200750253066,0.8531981335709745,52.962760145867044,52.5831781821064,104.3950578778351,95.10500030517578,85.81494273251646,3.25429434113358,交叉混雜,66.0
6757,2026-08-12,56.25999984741211,56.27000045776367,56.24500045776367,57.20666681925456,1162868.4,43.029701715804016,52.71389117437353,-0.4654196389109444,-0.5003562117320572,0.03493657282111284,43.85674519727065,45.42131192707316,58.468771213050935,56.24500045776367,54.02122970247641,-0.9689744695325933,交叉混雜,23.0
6761,2026-08-12,166.5,153.7,152.7,183.45833333333334,764229.8,89.07848337964832,76.42792661714105,-2.754055764430973,-8.236533876507544,5.482478112076571,76.97639172779782,62.1021183881872,179.06265300921473,152.7,126.33734699078524,16.895874263261305,交叉混雜,78.0
6763,2026-08-12,43.15,42.22500038146973,42.25250034332275,44.83833351135254,255982.6,72.36896769903831,67.80482682871694,-0.4775254474129156,-0.8360500100909849,0.3585245626780693,62.10411086294746,52.16590585495984,44.207110383812775,42.25250034332275,40.29789030283273,2.3608062211042284,交叉混雜,14.0
6768,2026-08-12,66.73999938964843,67.15999984741211,68.675,78.31833305358887,545077.0,27.17423083282354,27.29564561873039,-2.498354306511544,-2.740449495057624,0.24209518854608003,31.23377421100834,32.49581529501353,72.57148978840628,68.675,64.77851021159371,-4.477614162182604,空排,4.0
6770,2026-08-12,68.07999877929687,62.53499908447266,63.12249965667725,70.35583273569743,285852954.6,88.34757502149446,75.56206710688478,-0.47000117074109937,-2.3203804744305585,1.8503793036894591,77.28752383985378,62.59116474818378,77.47792990448296,63.12249965667725,48.76706940887153,16.757095091442604,交叉混雜,95.0
6771,2026-08-12,38.529999542236325,38.339999771118165,38.39749984741211,40.04916648864746,43267.8,53.35567652307141,36.62104276636242,-0.2584408356534027,-0.47456344515201226,0.21612260949860956,80.24321346626486,64.94527766822827,39.31600901784575,38.39749984741211,37.47899067697846,4.1734492062141335,交叉混雜,20.0
6776,2026-08-12,53.7,53.87999992370605,53.939999961853026,56.359999910990396,138421.8,54.46364218006692,59.3990177275681,-0.4766468914448794,-0.606316097863325,0.1296692064184456,48.813501231800316,46.83217271237996,56.06493929015347,53.939999961853026,51.815060633552584,-0.2595489894169246,空排,36.0
6781,2026-08-12,1150.0,1054.7,1011.8,1110.1833333333334,1626111.0,81.58020505714217,78.29094787028379,15.531072406808562,-16.111813441071554,31.642885847880116,65.60408140399653,59.697905071690435,1211.00325509917,1011.8,812.5967449008299,13.164657046847209,交叉混雜,44.0
6782,2026-08-12,211.5,199.9,193.85,195.76666666666668,600156.0,78.96086210315048,79.02941632878513,3.7205003381458255,0.5524662515687615,3.168034086577064,60.74330257291097,59.736364763651466,218.57182074711778,193.85,169.1281792528822,7.041526953830285,交叉混雜,70.0
6785,2026-08-12,99.46000061035156,97.72000045776367,103.39000015258789,114.1966667175293,43502.6,52.98643586949876,42.554078286818005,-4.674868569563145,-5.085104414887622,0.4102358453244772,48.17178282888098,40.76532231668874,116.88009749539263,103.39000015258789,89.89990280978314,-3.2788472266029247,交叉混雜,2.0
6788,2026-08-12,354.1,342.95,343.55,396.71666666666664,280157.8,82.78405548355826,74.06241556813832,-10.686806220749588,-17.025182201765546,6.3383759810159574,63.70554762518236,52.52640583265161,385.791037666677,343.55,301.308962333323,5.8070149905399475,交叉混雜,71.0
6789,2026-08-12,441.5,434.0,450.9,496.2,1514322.2,65.14445909897768,56.82772651481194,-15.976066384374747,-18.94252528340746,2.9664588990327125,55.708764484286604,48.875972743275604,517.6080047275907,450.9,384.19199527240926,0.3548458638279048,交叉混雜,83.0
6790,2026-08-12,38.22999954223633,38.37000007629395,38.61999988555908,39.41999994913737,95273.0,22.387197254671428,29.05764879654842,-0.3720634705897865,-0.35218375464972823,-0.019879715940058273,27.645260337983515,34.77883995285919,39.344314445789664,38.61999988555908,37.8956853253285,-1.4759208963945951,空排,42.0
6791,2026-08-12,102.7,101.78000030517578,102.19000015258788,106.41333338419597,19068.6,58.77009334654677,62.225400320990815,-1.1159445567192847,-1.2980230854077481,0.18207852868846341,40.857814668780364,44.11938668219745,107.05919375606466,102.19000015258788,97.32080654911111,-1.1644976522272263,交叉混雜,27.0
6792,2026-08-12,57.33999938964844,56.00999984741211,54.54750003814697,62.38083349863688,31802.0,86.89569517307548,82.80513333843783,-0.7194297116138273,-1.7365959893378573,1.01716627772403,76.38419329763894,58.100253154971554,59.393927975077325,54.54750003814697,49.70107210121662,7.4293018619369695,交叉混雜,58.0
6794,2026-08-12,74.67999877929688,75.36000061035156,76.30000076293945,78.9950003306071,31200.0,32.790265798262304,32.36135178870987,-1.262151001396603,-1.1788338826945077,-0.08331711870209535,41.40825833509226,39.61125490313494,79.02222918847002,76.30000076293945,73.57777233740887,-1.703801769253567,空排,47.0
6796,2026-08-12,58.73999938964844,57.32999954223633,57.73000011444092,58.98500029246012,44330.4,70.95426123449448,64.180626202198,0.030426584239336307,-0.4869872663686431,0.5174138506079794,76.41337031361074,62.96711860833027,61.15012648841271,57.73000011444092,54.30987374046913,5.317857468445908,交叉混雜,12.0
6799,2026-08-12,87.36000061035156,82.98000030517578,82.44500007629395,93.54500007629395,669453.4,65.07854891543849,64.7705524009828,-1.7319639556474584,-3.0902966349318772,1.3583326792844188,53.46529216479578,49.57472386817734,93.06999188934232,82.44500007629395,71.82000826324558,3.7055005408199113,交叉混雜,42.0
6803,2026-08-12,269.7,270.15,270.625,279.89166666666665,59698.0,25.87966548552617,35.16707679842244,-2.3226042426443314,-2.673897108623499,0.3512928659791674,34.92904527624957,37.10010834226558,273.5785883617353,270.625,267.6714116382647,-0.7852193995381063,空排,32.0
6804,2026-08-12,19.589999771118165,18.774999809265136,18.089999961853028,16.772499958674114,323364.6,70.04889634525992,66.94116687542189,0.8454046396505284,0.6667190894359968,0.17868555021453159,60.96211117204322,63.70482908290802,20.62763226211477,18.089999961853028,15.552367661591287,8.070753334915793,多排,68.0
6805,2026-08-12,1762.0,1605.0,1492.5,1652.6666666666667,2696616.2,88.85380124027243,82.14628512518699,58.91548817751686,-2.0079394612780668,60.923427638794934,76.60756830762577,66.73702978343363,1862.8838691497212,1492.5,1122.1161308502788,22.948073701842546,交叉混雜,81.0
6807,2026-08-12,37.61000061035156,36.330000686645505,35.16750030517578,33.98833332061768,9316.8,96.48225566465064,92.47740084456842,1.0690946228114626,0.658816166218525,0.4102784565929376,91.33241543927308,83.77642304057058,38.33979450205872,35.16750030517578,31.99520610829283,9.333903260905275,多排,35.0
6811,2026-08-12,231.0,229.0,231.075,225.525,187765.2,53.77924312864846,54.4587216591355,1.715305146720027,1.8717418877947671,-0.15643674107474004,45.32283986185353,49.00518172321542,249.9437293522482,231.075,212.20627064775178,-1.54711673699015,交叉混雜,61.0
6821,2026-08-12,41.90999984741211,41.075,42.06749973297119,55.49666665395101,109881.0,65.46247295104004,59.92438625923084,-3.0729135200906867,-3.924278202399609,0.851364682308922,56.26555255897631,44.20514799475582,46.7711676967625,42.06749973297119,37.36383176917989,1.6223932284092575,交叉混雜,55.0
6823,2026-08-12,64.71999969482422,64.34999961853028,63.8350004196167,68.3583330154419,125104.4,41.866062462465194,48.1147026482711,-0.8072544173372194,-1.0502713043460323,0.24301688700881297,37.703372333840676,43.16757184676229,68.23034505176375,63.8350004196167,59.43965578746965,-1.6213694301756312,交叉混雜,40.0
6829,2026-08-12,200.9,187.8,193.15,208.04166666666666,786616.4,86.63031183993094,72.19479311535682,-3.378514454014521,-6.95777624594985,3.5792617919353287,71.51876790188331,57.22525631710432,227.94276996885003,193.15,158.35723003114998,9.241522133057206,交叉混雜,88.0
6830,2026-08-12,417.6,393.8,378.875,496.1,2005790.6,82.80155519508867,74.46551040004229,-9.089862105059865,-23.37128688868897,14.281424783629106,64.70993982314567,56.28966934303327,443.2512582912311,378.875,314.4987417087689,14.021774991751897,交叉混雜,93.0
6831,2026-08-12,641.4,598.85,606.125,723.425,1080930.4,74.80112843273527,65.04681905322585,-23.01398590499059,-37.38910167719738,14.37511577220679,65.69470638030202,54.58188140070172,721.9351327263943,606.125,490.31486727360567,11.858115075273252,交叉混雜,97.0
6834,2026-08-12,97.91999969482421,91.43999938964843,92.33999977111816,95.65666643778484,5523880.4,83.0675729032251,69.92768474541259,-1.0332031704921292,-3.17183825432545,2.138635083833321,72.46214883924904,59.3007830322498,111.91241853974833,92.33999977111816,72.76758100248799,15.876110315377273,交叉混雜,98.0
6835,2026-08-12,31.019999694824218,30.849999809265135,31.180000019073486,34.714999993642174,25241.6,67.09135864090855,63.20310084940134,-0.8510708165630589,-1.0689885658874931,0.2179177493244342,56.85995750753455,43.42800644055617,32.47631065803408,31.180000019073486,29.883689380112887,0.2245028251561702,交叉混雜,12.0
6838,2026-08-12,23.229999923706053,23.36000003814697,23.62750005722046,24.38083330790202,98020.8,22.119267276245786,23.2258302200755,-0.2892733745569238,-0.2539350681439354,-0.03533830641298841,32.452972911964196,39.65219523759181,24.685539847785183,23.62750005722046,22.569460266655735,-2.444189265734148,空排,15.0
6840,2026-08-12,67.24000091552735,64.62000045776367,62.43000049591065,64.20333372751871,104422.4,84.77021300339652,79.81288128472707,1.1754203767129638,0.14059255835190584,1.034827818361058,74.12757854530861,65.4444513149763,69.67724328345152,62.43000049591065,55.18275770836978,10.203431852069935,交叉混雜,70.0
6841,2026-08-12,55.78000030517578,55.010000228881836,56.34000015258789,59.25999984741211,203053.6,57.11168711680769,57.75725705491713,-1.4536860312990498,-1.5184306508485665,0.06474461954951671,31.01205877926394,34.64732422463253,60.65125838818662,56.34000015258789,52.02874191698916,-3.7983659635296254,交叉混雜,19.0
6844,2026-08-12,60.74000015258789,60.679999923706056,61.124999618530275,63.42500012715657,19200.2,67.18026558498214,51.12647661118602,-0.6056333764168258,-0.7355943441821936,0.1299609677653678,67.84198422827782,49.957788401814284,62.45778432235449,61.124999618530275,59.79221491470606,0.4499008737257538,交叉混雜,15.0
6846,2026-08-12,60.01999969482422,60.52000007629395,61.8100004196167,64.98500048319498,15645.2,16.02051383114139,21.87404998146174,-1.401278987278154,-1.207071532439809,-0.194207454838345,15.257461073482446,25.93649976827743,65.22692494854685,61.8100004196167,58.393075890686546,-6.164051761448485,空排,11.0
6854,2026-08-12,95.4,93.31999969482422,96.05,120.58333333333333,153268.8,65.96224131165127,61.838393491278936,-5.67629371952043,-7.190574707943773,1.5142809884233426,51.07071124986552,41.46583408720026,107.62865546819641,96.05,84.47134453180358,-0.7808401335160694,交叉混雜,3.0
6855,2026-08-12,116.9,116.8,115.875,118.10833333333333,13714.2,72.24940886699271,70.40636814238823,-0.3279259093015412,-0.7142125124772304,0.3862866031756892,58.23550498645644,53.040666586731284,120.4273273400016,115.875,111.3226726599984,1.8338727076591153,交叉混雜,55.0
6856,2026-08-12,45.01000061035156,44.55999984741211,44.5125,46.42083339691162,1228.6,85.65785155941876,80.07976456657426,-0.09274677025087641,-0.268331027386185,0.17558425713530856,53.45017074399778,51.006032795477644,46.395631132268086,44.5125,42.62936886773192,0.6458842730930503,交叉混雜,18.0
6859,2026-08-12,100.11999816894532,99.58999862670899,99.5549991607666,116.4516663869222,39594.0,45.09899425630525,48.40706030354383,-3.9743259241281663,-5.068804335576698,1.0944784114485318,60.388433556838834,43.941292535632115,103.10107187725201,99.5549991607666,96.00892644428119,1.9536947974782386,交叉混雜,23.0
6861,2026-08-12,213.6,204.65,208.325,300.90833333333336,385726.8,73.20037340834841,70.56106126924743,-18.546239368149656,-25.337627937712384,6.791388569562727,51.72217680378604,42.842156415269926,240.9541361564427,208.325,175.69586384355728,1.7640705628225184,交叉混雜,96.0
6862,2026-08-12,146.6,139.45,142.125,176.15,164388.2,78.46638348974491,72.00642780805322,-7.559191927813401,-10.832608825850503,3.2734168980371017,56.43200398923165,46.59713554802943,165.52287439738632,142.125,118.7271256026137,2.7264731750219875,交叉混雜,21.0
6863,2026-08-12,126.6,129.4,120.27000007629394,106.77833379109701,390488.6,32.87970113331569,54.02143639974711,6.622200805784786,7.6810560012646585,-1.0588551954798726,29.859300063013094,46.97039493907761,144.97943547705802,120.27000007629394,95.56056467552986,-2.7188825760535438,交叉混雜,38.0
6865,2026-08-12,25.09000015258789,25.060000038146974,25.102499866485594,26.582499821980793,4712.0,57.90101428156994,59.37250058603098,-0.4608849901808689,-0.5952078087126451,0.1343228185317762,54.326013085595086,45.86134774086163,25.663959275720323,25.102499866485594,24.541040457250865,0.5875914124048398,交叉混雜,2.0
6869,2026-08-12,68.12000122070313,67.27000045776367,67.42000007629395,74.22166659037272,388120.6,58.598388113562365,63.35089189980154,-1.1735555059172782,-1.6857918426645626,0.5122363367472844,46.3528399355441,44.95275924413022,70.1611866626849,67.42000007629395,64.67881348990299,-0.17798431385396257,交叉混雜,3.0
6870,2026-08-12,257.1,250.4,258.5406494140625,254.42943013509114,66270.0,58.672038955654315,55.116868245103774,-1.1457730626256364,-1.4542912803401564,0.30851821771452004,55.378689249229176,50.89528983892328,297.74882770794306,258.5406494140625,219.33247112018194,-0.5959021985726864,交叉混雜,86.0
6873,2026-08-12,77.0,77.43000030517578,80.71500053405762,84.20833333333333,485024.2,28.879123832047796,29.86300033487193,-2.365555890562476,-1.860961791376822,-0.5045940991856539,26.86322434135255,34.1432417587111,88.99643923577969,80.71500053405762,72.43356183233556,-7.204359746891265,空排,3.0
6874,2026-08-12,78.3,77.55000076293945,78.33000030517579,81.22666676839192,30716.4,71.07843855695855,67.90293290561573,-0.9706434082319504,-1.301842699685411,0.3311992914534607,57.56714815292338,49.72937460973569,82.09582935109114,78.33000030517579,74.56417125926043,0.7276920955985947,交叉混雜,58.0
6875,2026-08-12,32.60999984741211,32.85,33.93499984741211,35.669166501363115,83820.0,36.392899889448714,28.861139839091802,-1.0161097686364187,-0.9145286188137582,-0.10158114982266042,25.129649705100135,29.01575681680417,36.507751553935506,33.93499984741211,31.362248140888706,-5.260051066920297,空排,7.0
6877,2026-08-12,125.9,121.0,122.175,134.68333333333334,58933.2,90.3209405225661,80.48938518474246,-1.5210377316546015,-3.2903352739239984,1.7692975422693968,63.20109186870548,53.81864384617812,136.7867292467043,122.175,107.56327075329568,4.3585021485574,交叉混雜,75.0
6885,2026-08-12,20.75,20.77000026702881,20.857499980926512,21.835833422342937,194932.8,38.605149935045446,45.479595924612106,-0.25657158255849666,-0.2748169270379924,0.018245344479495718,37.27497010517808,41.16037124890099,21.41689325671065,20.857499980926512,20.298106705142374,-1.7140116564949495,空排,10.0
6887,2026-08-12,36.29000015258789,36.51999969482422,37.11999950408936,35.66249990463257,31554.4,27.614615896536876,34.701799320107725,0.007275779544720251,0.2244109704778194,-0.21713519093309916,38.15373497644139,45.00824121126384,39.13713710877214,37.11999950408936,35.10286189940658,-4.094830415611431,交叉混雜,4.0
6890,2026-08-12,174.4,170.9,171.975,197.81666666666666,151781.0,72.07014073427203,55.525077232618685,-5.638823502758271,-7.970009657678239,2.331186154919968,69.56742944992946,51.59656468917707,179.64225779561448,171.975,164.3077422043855,4.375635993603725,交叉混雜,26.0
6894,2026-08-12,345.9,337.7,331.4,353.8833333333333,36272.4,67.10742915902597,70.1631232823782,-0.8416066539992926,-4.091972001605981,3.2503653476066887,48.5674324587753,49.51913038720526,363.26088180627943,331.4,299.5391181937205,2.1424260712130425,交叉混雜,82.0
6895,2026-08-12,117.2,116.95,119.325,140.55833333333334,31619.2,39.38251593597851,38.78389332079709,-5.792575806917114,-6.998584165588119,1.2060083586710055,46.01208876643911,38.32570626165858,127.33338376491182,119.325,111.31661623508819,-1.5294364131573457,交叉混雜,2.0
6899,2026-08-12,50.84000015258789,50.45500030517578,50.71749992370606,56.84249973297119,13502.0,70.69550098427892,60.347828234010926,-1.26494852955134,-1.6477738463925289,0.3828253168411888,50.46756055581092,40.407491928848366,52.40375223271106,50.71749992370606,49.03124761470106,0.16266439291880008,交叉混雜,26.0
6901,2026-08-12,17.1,16.895000076293947,17.22500009536743,16.6875,4106628.2,41.988633096939445,47.22509766615451,-0.19716654348185259,-0.13815382437285573,-0.05901271910899686,46.82277555191708,46.75352822565166,18.752468456180786,17.22500009536743,15.697531734554076,-1.8867952106691983,交叉混雜,56.0
6902,2026-08-12,125.9,123.7,122.125,131.175,95450.8,84.2438891296259,81.0465491245409,-0.5968275881726441,-1.9977567863291879,1.4009291981565437,70.8584589692376,58.557877669149136,131.10377614447424,122.125,113.14622385552576,6.448311156601842,交叉混雜,88.0
6903,2026-08-12,320.6,312.15,330.3,371.18333333333334,362322.0,72.30687979557625,59.857985928805604,-15.51808564928291,-17.51065645344808,1.9925708041651724,53.41070691892106,45.4059835152509,388.9778896761114,330.3,271.62211032388865,-1.9073569482288864,交叉混雜,90.0
6906,2026-08-12,71.93999938964843,70.51999893188477,70.66499977111816,84.10666694641114,57610.0,63.41047548082359,63.503628695595886,-2.4650277705351584,-3.3296864896156455,0.8646587190804871,49.789038709843666,43.24827989874237,74.00425604685648,70.66499977111816,67.32574349537984,0.8986107446351208,交叉混雜,23.0
6907,2026-08-12,186.2,178.1,192.8,162.79166666666666,3060827.2,47.20276467514821,51.29291936061783,0.9040128398992522,3.3845572685374643,-2.480544428638212,36.31375268783807,44.066356787929124,241.61048204939908,192.8,143.98951795060094,-11.566390041493781,交叉混雜,
6908,2026-08-12,33.05,33.17999954223633,34.26249942779541,36.98416652679443,11933.2,60.31249294913286,47.65146349170574,-1.0972690256792603,-1.1395721090521478,0.04230308337288746,53.49902657597014,44.32321170264096,37.07541573171007,34.26249942779541,31.449583123880753,-1.6417327230938445,空排,3.0
6909,2026-08-12,41.21999969482422,40.53499984741211,41.49000015258789,48.58000011444092,212282.6,65.25096670253295,60.91828253345795,-2.2182892372647345,-2.7371511882735287,0.5188619510087942,56.58681274583428,44.85940119615878,45.69433401394784,41.49000015258789,37.28566629122794,0.9881932315814748,交叉混雜,32.0
6910,2026-08-12,24.93000030517578,24.595000076293946,24.73500003814697,26.814999930063884,16850.4,52.043742527474876,40.42149748889024,-0.45072243342041673,-0.6418799840334485,0.19115755061303175,66.09330833469677,49.71769948446581,25.66185066812652,24.73500003814697,23.808149408167424,1.6777828168315296,交叉混雜,5.0
6913,2026-08-12,145.6,134.25,128.425,128.94166666666666,1156710.4,86.52809118918684,81.67384921225306,5.529935564156233,2.2310913198673292,3.2988442442889037,87.84451202868263,76.79752545575582,150.38015764845298,128.425,106.46984235154704,16.7996885341639,交叉混雜,74.0
6914,2026-08-12,147.4,147.25,146.225,143.75833333333333,67860.2,54.27280939472588,58.78481008107474,0.9727310839931533,0.9051066005385799,0.06762448345457339,60.55558685512157,60.72516996282959,148.64150029675636,146.225,143.80849970324363,0.8719439220379592,多排,56.0
6916,2026-08-12,18.58000068664551,18.230000305175782,18.75750026702881,19.47833340962728,22830.0,64.22834350817126,53.0026615302678,-0.3504510223540116,-0.4467760448184914,0.09632502246447983,62.42173845861044,51.079778375330804,20.576486556093467,18.75750026702881,16.938513977964153,1.0262587933905716,交叉混雜,55.0
6918,2026-08-12,72.2000015258789,71.43000106811523,71.78500061035156,73.02333323160808,28414.4,64.32888886999305,60.26065226432679,-0.21154478905125984,-0.5004563588272258,0.288911569775966,56.984827251768266,53.15520284048738,74.27817102833144,71.78500061035156,69.29183019237168,1.4139478063330784,交叉混雜,23.0
6919,2026-08-12,108.4,107.4,105.6150001525879,102.32666664123535,3985286.6,73.54998780283535,69.78731591708814,1.5766808470380198,1.1147320420100033,0.4619488050280165,61.3285812622864,57.62711953843961,113.47596905364475,105.6150001525879,97.75403125153105,4.625289817123014,多排,29.0
6921,2026-08-12,64.39999923706054,62.26999931335449,62.96000022888184,68.48166631062826,41800.0,80.26634103174288,71.91166216545852,-1.0477276719138615,-1.7055202165701047,0.6577925446562431,55.030067502539424,49.415000309458065,68.04512911664509,62.96000022888184,57.87487134111859,1.4930134904381047,交叉混雜,
6922,2026-08-12,200.2,188.15,183.375,184.56666666666666,451505.8,80.41172749807842,73.61408278259873,5.78685836946201,2.147030845596534,3.639827523865476,63.147256603097155,60.83085853746436,212.6556294870487,183.375,154.0943705129513,11.247443762781186,交叉混雜,72.0
6923,2026-08-12,75.81999969482422,75.56999969482422,76.49999961853027,77.19833310445149,81245.0,58.76054499399024,46.48630173528609,-0.44655598061838475,-0.5080145504826941,0.06145856986430931,59.505864331629624,53.301160293089225,79.75931892290355,76.49999961853027,73.24068031415699,1.0457561270807685,交叉混雜,19.0
6924,2026-08-12,113.7,108.5,106.9900001525879,128.52166671752929,45354.8,85.44037690915638,79.40322312490372,-1.6243306879640187,-4.032163433948744,2.4078327459847255,62.423717650097636,55.141172535444035,119.48284405043619,106.9900001525879,94.49715625473961,8.421347634883771,交叉混雜,88.0
6925,2026-08-12,53.94000091552734,52.69000015258789,53.625,59.62666664123535,22178.2,62.54118219519229,58.09439348219044,-1.4520547202235363,-1.991829715965706,0.5397749957421696,53.52991869496927,45.93883149913747,57.8387000340049,53.625,49.4112999659951,0.3263389036094114,交叉混雜,2.0
6928,2026-08-12,48.25000076293945,48.15499992370606,50.00499992370605,49.46583321889241,76371.2,53.995275965531434,49.12200020070178,-0.8757753146481093,-0.6761601091708599,-0.19961520547724942,45.52498211918622,45.56833668435539,56.347746054242,50.00499992370605,43.6622537931701,-3.2096758329685713,交叉混雜,31.0
6929,2026-08-12,23.210000228881835,23.125,23.017500114440917,23.120833301544188,8000.0,58.713603099187175,66.70947784418652,-0.019815275725775905,-0.051368681553647474,0.03155340582787157,42.61668734625361,46.47294743120593,24.04771464743462,23.017500114440917,21.987285581447214,-1.1621597180881114,交叉混雜,13.0
6931,2026-08-12,38.58999938964844,37.989999771118164,38.48500003814697,39.710000101725264,54192.8,78.04798741798237,63.35618010639731,-0.30780017400717696,-0.5630592001015762,0.2552590260943992,71.249746452802,58.44712233654359,40.404182644830136,38.48500003814697,36.565817431463806,2.897228621200253,交叉混雜,11.0
6933,2026-08-12,179.2,167.2,164.475,160.09166666666667,728234.4,87.80540322811243,78.67358046162978,6.482769654165196,2.786816135974502,3.695953518190694,77.80536803421953,67.25209775174508,191.03273254430195,164.475,137.91726745569804,17.95105639154887,多排,67.0
6934,2026-08-12,72.4,73.38000030517578,76.07500038146972,73.19833348592122,36252.2,32.312785970267214,35.1808696820045,-0.613160792566191,0.1153999708480054,-0.7285607634141964,34.287701160709574,41.435074301409045,82.41812773725024,76.07500038146972,69.7318730256892,-5.3565565048124615,交叉混雜,30.0
6936,2026-08-12,32.029999542236325,31.894999694824218,31.887499809265137,32.68499994277954,25330.0,57.532992245869075,49.33681604499252,-0.13308577242550612,-0.22854373577270587,0.09545796334719975,76.38731676217922,57.3453058333063,32.37077282969781,31.887499809265137,31.404226788832464,1.2936085621725526,交叉混雜,31.0
6937,2026-08-12,271.5,261.9,267.45,277.34166666666664,572368.4,80.1263486052595,63.63868053708083,0.5207203756518766,-3.232433887467585,3.7531542631194617,70.14029342729785,60.39202046258418,303.0795264899047,267.45,231.8204735100953,8.992335015890825,交叉混雜,74.0
6944,2026-08-12,761.4,748.6,756.9884613037109,749.3679484049479,333594.0,53.61790177972592,56.64336453670814,-0.9118614188092806,-0.641278886647389,-0.27058253216189165,46.15037366414365,48.249824959413544,839.7189922798899,756.9884613037109,674.2579303275319,-1.3194998093509154,交叉混雜,87.0
6945,2026-08-12,104.5,97.80999984741212,97.16000022888184,107.63500010172525,578619.8,73.93197048348614,68.93734325907423,-0.45261817325874176,-2.99281035959715,2.540192186338408,55.31197609962641,53.47802729737034,111.34559707368987,97.16000022888184,82.97440338407381,6.525318810398198,交叉混雜,15.0
6947,2026-08-12,78.35999908447266,75.69999923706055,76.93499984741212,83.35500030517578,481176.0,55.120686176438745,54.61158618581379,-1.6517443409492074,-2.2306038352644095,0.5788594943152021,41.689249932082085,43.09255911020511,86.3987872671527,76.93499984741212,67.47121242767153,-2.2551542244895297,交叉混雜,40.0
6949,2026-08-12,979.6,916.0,948.45,844.8333333333334,207240.2,83.26684277623711,68.77477343551672,20.929981066828873,13.554088603742667,7.375892463086206,67.3927448389788,60.195659308629416,1123.1454944738784,948.45,773.7545055261215,6.489535558015705,交叉混雜,97.0
6951,2026-08-12,71.34000244140626,71.21000137329102,71.5700008392334,71.0373716990153,21219.4,71.04950264666975,57.29066112284457,0.15561346593567293,0.14473262177448837,0.010880844161184566,72.23955271839036,60.81857256090709,72.91101436879232,71.5700008392334,70.22898730967448,1.0199835181841117,交叉混雜,61.0
6952,2026-08-12,38.62999954223633,36.89999961853027,36.12999954223633,36.03083324432373,38846.6,76.56459380599367,76.07520057152921,0.7944170963856791,0.28782689123653277,0.5065902051491464,68.72708393404643,66.55934077201323,39.45017721364817,36.12999954223633,32.809821870824486,7.389979874488967,多排,34.0
6953,2026-08-12,218.9,213.0,214.9,229.59166666666667,17130.4,85.27971862572561,75.19858974951262,-2.5725997322590786,-4.66906663531374,2.0964669030546617,60.36589339434885,52.01727040450115,233.7863637803057,214.9,196.01363621969432,2.3731968357375495,交叉混雜,55.0
6955,2026-08-12,123.7,119.75,116.65,127.94166666666666,2748.0,96.0813485017921,88.77238745380052,0.3840061856212458,-1.6191397321442917,2.0031459177655373,85.40798418729969,68.5234118008905,125.97512170091545,116.65,107.32487829908456,7.158165452207453,交叉混雜,7.0
6957,2026-08-12,213.1,213.65,227.6,201.90833333333333,71445.8,44.00330982749291,31.852504160081146,0.1570755220993192,2.865707764203449,-2.70863224210413,52.20032009025999,50.13092902351428,261.2664755943836,227.6,193.93352440561637,-4.217926186291737,交叉混雜,79.0
6958,2026-08-12,17.891538238525392,18.31576919555664,18.232884693145753,17.44429496129354,46518.2,18.71100915803729,36.31129400693568,0.10079891077406344,0.25711453197188744,-0.156315621197824,19.4029299720342,38.116663040429714,19.116538627013547,18.232884693145753,17.349230759277958,-4.568037853760924,交叉混雜,53.0
6961,2026-08-12,51.45999984741211,51.45,52.06500015258789,55.12666683197021,15128.8,48.74937516722815,39.09394303504513,-0.7926900241585955,-0.9129582034919098,0.12026817933331435,51.101646631935076,38.51963167699775,53.52934893078957,52.06500015258789,50.60065137438622,-0.7010455941202886,交叉混雜,12.0
6962,2026-08-12,32.87000007629395,31.79000015258789,32.119999980926515,35.6700000445048,2128019.2,80.93899719896675,67.91596273089279,-0.6639287248930614,-1.1737640158902447,0.5098352909971833,70.21414830541156,56.02346553180053,35.08832379874914,32.119999980926515,29.151676163103893,5.853051121388124,交叉混雜,13.0
6965,2026-08-12,76.48000030517578,76.7599998474121,77.71499977111816,78.78000017801921,27124.0,27.241121691566036,31.66499089113065,-0.8295466838482639,-0.6639086965599397,-0.16563798728832424,32.61333201991803,38.045678064168506,80.28795591150956,77.71499977111816,75.14204363072676,-2.8501573411074452,空排,24.0
6967,2026-08-12,69.13999938964844,68.91999893188476,70.97302703857422,71.21460444132487,38210.8,67.87377701351875,57.336820341074045,-0.7780618424631314,-0.7524856265578855,-0.025576215905245836,58.36619645713711,51.02874911282481,77.35028549547141,70.97302703857422,64.59576858167702,-0.5255920171622088,交叉混雜,68.0
6968,2026-08-12,44.310000610351565,43.85000038146973,43.76750011444092,43.35833352406819,96273.4,42.38622985028037,51.288691540438215,0.23749159787821128,0.18141443899100354,0.05607715888720774,49.22222002659052,51.608955012049904,45.14524603012875,43.76750011444092,42.38975419875309,0.3027392725002064,多排,22.0
6969,2026-08-12,34.12999954223633,33.4,31.93499994277954,28.277499961853028,183232.2,46.53058020012437,51.94060281851807,1.7605263086894212,1.7874373239629384,-0.026911015273517247,50.722191344121136,55.2853751036305,39.42387562331544,31.93499994277954,24.44612426224364,4.117739344219973,多排,50.0
6971,2026-08-12,25.530000305175783,25.660000228881835,26.285000038146972,27.026666673024497,21800.0,21.110053716915935,16.178187290805372,-0.4886315644638515,-0.44099055255061964,-0.047641011913231834,23.172561837235918,30.185444072471483,27.78415718370815,26.285000038146972,24.785842892585794,-3.17671399655963,空排,12.0
6982,2026-08-12,48.80999984741211,48.320000076293944,48.857500076293945,53.53250013987223,30863.0,83.5067210098282,75.20836739894355,-1.0682428240407091,-1.4150104573522773,0.3467676333115681,54.99133438434216,45.0256415938668,51.177272273751456,48.857500076293945,46.537727878836435,0.29166437800446693,交叉混雜,17.0
6983,2026-08-12,300.1,300.15,312.25,346.925,21059.0,32.882749869939666,37.29610995407393,-13.505724982585718,-14.186611902794711,0.6808869202089927,37.330097837896126,37.15491436948394,347.6239422382307,312.25,276.8760577617693,-4.88390712570056,空排,90.0
6986,2026-08-12,44.099999237060544,44.0,44.37249984741211,51.84499969482422,51421.0,55.882454475609094,47.00103195355432,-1.4830066800337818,-1.9088255196193196,0.4258188395855378,43.859401868662964,37.317141544021275,45.65865013138542,44.37249984741211,43.086349563438795,-0.8394835735941365,交叉混雜,5.0
6988,2026-08-12,12.70999984741211,12.33499984741211,12.642500019073486,13.898333438237508,44400.0,53.18693170542613,40.29549790720976,-0.2549519803416924,-0.36722612307070635,0.11227414272901393,69.01864847464701,54.71393322284533,13.590781309341368,12.642500019073486,11.694218728805604,2.8277633410097764,交叉混雜,8.0
6994,2026-08-12,36.37999954223633,36.51999969482422,38.32749977111816,47.88583335876465,639359.0,26.096213232924427,20.15863983215271,-2.5394551167032304,-2.884623355358336,0.3451682386551056,40.30947419725744,33.446775732309675,42.20217812198201,38.32749977111816,34.45282142025432,-4.507211029452107,空排,1.0
6996,2026-08-12,180.7,177.35,175.375,187.61666666666667,96215.2,58.99770055293792,66.33586099698469,-1.8771641794422464,-3.0777060942492387,1.2005419148069922,50.1522757714937,48.33978549030303,186.56181084323117,175.375,164.18818915676883,1.496792587312901,交叉混雜,66.0
7402,2026-08-12,104.3,102.65,107.1150001525879,107.54999987284343,453580.8,57.889234582704766,56.78238072677837,-3.2655382109016386,-3.1650542212473303,-0.10048398965430838,46.80242419612509,44.91585747122344,123.48072450171716,107.1150001525879,90.74927580345863,-2.90808957489661,交叉混雜,40.0
7547,2026-08-12,53.92000045776367,50.25499992370605,51.20999984741211,57.09666665395101,33611.4,68.61714455228292,58.78163797229357,-0.7966626372067935,-1.9030094633718808,1.1063468261650873,63.24468590712116,55.67030496559352,58.603781408905576,51.20999984741211,43.81621828591864,6.229255395375687,交叉混雜,6.0
7556,2026-08-12,225.4,218.7,218.175,248.5347651163737,26558.0,87.9723899520288,81.46043923746967,-5.540370605524345,-9.189884531905868,3.6495139263815233,77.47022128120209,57.66038270532786,236.83617557079623,218.175,199.5138244292038,7.7116993239372,交叉混雜,79.0
7584,2026-08-12,25.780000305175783,25.495000457763673,26.13500032424927,27.001666831970216,2200.0,70.53873973626594,59.3827059466262,-0.6117805321788197,-0.7230764076181753,0.1112958754393556,57.98570744484926,47.343784046217316,28.176439417783417,26.13500032424927,24.09356123071512,-0.13391981000691958,交叉混雜,4.0
7610,2026-08-12,1863.0,1597.5,1716.0,1684.131121826172,363304.2,80.30325987894557,69.53081450689103,-11.369533902287458,-57.21525408866642,45.84572018637896,66.40907790665881,56.52640509314396,2511.3655233849845,1716.0,920.6344766150154,10.431235431235432,交叉混雜,99.0
7631,2026-08-12,135.9,134.25,136.075,138.00833333333333,48618.6,79.54186738538706,70.26344172178383,-1.8367749091950998,-2.4450189164076126,0.6082440072125128,66.67387632841013,53.551609360738816,144.26533448323815,136.075,127.88466551676183,2.516994304611436,交叉混雜,69.0
7642,2026-08-12,79.03999786376953,78.00999908447265,79.66999969482421,74.72999966939291,17106.6,74.91117999718,65.60496753253793,0.61151346060322,0.8475932064570363,-0.2360797458538163,52.36697307961817,52.71546433426563,84.19599474349741,79.66999969482421,75.14400464615102,-0.840968617284606,交叉混雜,36.0
7689,2026-08-12,169.3,170.5,,,173545.0,68.00679363121546,57.77360109768373,-1.2550462981596695,-1.2432192674919045,-0.011827030667765026,66.77536514243462,67.69172278997203,,,,,,
7703,2026-08-12,180.8,171.8,176.575,194.45,110158.0,72.3566785432598,64.25242023111579,-4.400569451125307,-6.709118733209664,2.308549282084357,56.77914757407204,49.979647694513645,200.10611042630168,176.575,153.0438895736983,1.9396856859691416,交叉混雜,28.0
7704,2026-08-12,64.68000030517578,61.090000534057616,57.05000019073486,60.025000127156574,99875.6,77.89371422260292,77.5239724223417,1.6772702688555725,0.33014859749030995,1.3471216713652625,70.64957535790049,64.91549121153886,68.28219205725739,57.05000019073486,45.817808324212336,12.007013693676567,交叉混雜,74.0
7705,2026-08-12,31.049999618530272,30.589999961853028,30.552499961853027,31.129166730244954,45961.2,42.06568221508468,42.402476681132825,-0.060377586165639485,-0.1746340675287567,0.11425648136311722,52.57574582101563,50.9725876276291,31.401322250701476,30.552499961853027,29.703677673004577,0.8100786368269068,交叉混雜,15.0
7708,2026-08-12,93.1,91.95000076293945,93.01000022888184,93.10000025431314,16938.6,76.22041983105515,68.99369880327724,-0.21793988220140648,-0.27841249032138443,0.060472608119977955,49.18373247754898,48.07918847229139,96.09469842169437,93.01000022888184,89.9253020360693,-0.33330102126307165,交叉混雜,40.0
7709,2026-08-12,72.71999969482422,70.52000007629394,70.18499965667725,88.62333316802979,40555.8,78.40602107049153,73.99517804233814,-2.631129248169927,-4.122029447850932,1.490900199681005,56.10134087381321,48.49990613009769,77.909539504743,70.18499965667725,62.46045980861151,3.440904508452309,交叉混雜,82.0
7711,2026-08-12,399.2,348.8,323.95,343.375,1575759.0,89.13785839198681,81.04074455663694,21.37467807151546,3.7289012203430763,17.645776851172386,94.74871789216452,84.57221356131284,420.75903611587023,323.95,227.14096388412975,38.13860163605495,交叉混雜,
7712,2026-08-12,145.5,138.25,139.625,162.7,313766.2,82.29657906092382,72.7621799476536,-5.542984961462707,-8.501555778759885,2.9585708172971774,67.29292838909257,53.245476068793856,160.54810483148646,139.625,118.70189516851354,8.146821844225604,交叉混雜,78.0
7713,2026-08-12,69.78000030517578,69.86000061035156,70.16999969482421,70.2733331044515,18631.2,43.40194897568141,29.554877078733384,-0.13641772197276225,-0.18177901100674126,0.04536128903397901,69.86459727563945,59.53059766220075,71.29408893577724,70.16999969482421,69.04591045387119,0.8978243689233889,空排,56.0
7714,2026-08-12,152.2,147.75,160.775,146.36666666666667,227433.6,56.45450367597691,50.57264167696826,-2.1991149726954973,-0.9098062684940977,-1.2893087042013995,46.66323493438611,47.10816448991683,203.73823397608874,160.775,117.81176602391128,-6.079925361530092,交叉混雜,77.0
7715,2026-08-12,34.39000015258789,33.680000114440915,33.067499828338626,32.13999999364217,133047.8,60.85928224985849,65.56068737408022,0.27491786368259596,0.1509203365926257,0.12399752708997028,45.732918753304226,49.44412687803145,37.58964088606289,33.067499828338626,28.545358770614364,0.7031054961181872,多排,57.0
7717,2026-08-12,426.1,406.7,419.075,508.675,136721.2,74.72861716252234,65.96424689683863,-15.18766336851229,-23.33396338822147,8.14630001970918,57.65415449234095,51.30315065573828,490.2880051694465,419.075,347.8619948305535,4.157966951023089,交叉混雜,
7718,2026-08-12,47.45999984741211,47.39000015258789,47.26250019073486,47.69083360036214,13401.2,67.09207417129447,55.28390884077977,0.07378335971104377,-0.007025692686528192,0.08080905239757197,64.32057841929155,57.69761816469702,48.01004002347012,47.26250019073486,46.514960357999605,1.454642834022915,交叉混雜,58.0
7721,2026-08-12,62.70000076293945,60.83000030517578,61.35,70.23333333333333,55739.8,81.12501425214302,72.50439268337283,-1.7311644612745738,-2.6488745595528167,0.9177100982782429,71.1612048913177,52.5655185765792,66.17646174617244,61.35,56.523538253827574,4.319478402607984,交叉混雜,48.0
7722,2026-08-12,290.5,280.45,284.8535720825195,287.8718251546224,165522.2,61.474482405661576,52.96349952773445,-1.4950487504600574,-3.5732356094815487,2.0781868590214914,59.670536374278946,53.37976233727828,309.09836767329955,284.8535720825195,260.6087764917395,2.333278768066517,交叉混雜,9.0
7723,2026-08-12,20.39000015258789,19.475000190734864,19.880000114440918,22.000000095367433,240928.0,57.162562296922914,46.4721932185542,-0.48143749326755625,-0.806283775529407,0.32484628226185075,57.71820254979914,51.59239693684141,21.92769470023356,19.880000114440918,17.832305528648277,3.3702168951847167,交叉混雜,2.0
7728,2026-08-12,605.6,586.8,604.5,670.8666666666667,9485.8,79.3643701109612,74.54509946300223,-16.71057114398809,-22.184980496009917,5.474409352021826,50.288780065913066,46.75776748722036,688.74900436708,604.5,520.25099563292,-0.7444168734491315,交叉混雜,80.0
7730,2026-08-12,160.0,155.75,160.075,180.89166666666668,58454.2,83.27030083925177,69.0361182241599,-4.509217112965871,-6.4981550160252795,1.9889379030594085,67.16081469332082,54.60541324630822,180.70016347622385,160.075,139.44983652377613,4.95080431047947,交叉混雜,82.0
7732,2026-08-12,35.369998931884766,35.384999465942386,35.507499885559085,35.67916666666667,50213.8,59.87989649810704,64.82631774153921,-0.11316541275849801,-0.08178766977665225,-0.03137774298184576,44.04142698881631,45.109559596960864,36.37884170150738,35.507499885559085,34.63615806961079,-1.147648842501925,空排,43.0
7734,2026-08-12,3360.0,3405.5,3276.0,3223.6666666666665,199062.4,43.798564268546585,54.36430658248791,75.11082688285614,73.81008304151553,1.3007438413406192,49.992538901327116,52.364120802653694,3744.7564736395107,3276.0,2807.2435263604893,2.258852258852259,交叉混雜,96.0
7736,2026-08-12,69.94000091552735,70.07000122070312,70.23000068664551,71.34833386739095,11620.2,52.314939936471035,48.67001887568334,-0.34554277254375165,-0.37762770354165953,0.03208493099790788,40.63504784051547,42.94796317091103,70.87269350926421,70.23000068664551,69.58730786402681,-0.46988346510062745,空排,16.0
7738,2026-08-12,168.6,167.3,167.25,168.40833333333333,12947.4,73.93045783242738,57.212940733607354,0.10652827943704324,-0.5422443680388829,0.6487726474759261,75.85324824349345,62.9055799898757,171.30877865995078,167.25,163.19122134004922,2.8400597907324365,交叉混雜,30.0
7740,2026-08-12,160.1,153.1,147.47466735839845,145.02166722615559,585398.8,56.222884882224555,68.21011703688849,5.083652776316768,3.6277650509587813,1.4558877253579867,43.400809801878076,49.5842790138695,167.16359650562075,147.47466735839845,127.78573821117614,0.3562189025487802,多排,34.0
7743,2026-08-12,20.960000228881835,20.63999996185303,20.739999961853027,19.948333295186362,3615.2,81.35038076776732,76.41800999738238,0.19446762592610156,0.18184258757822327,0.012625038347878287,55.669834986948956,54.80479994244519,21.637716477486162,20.739999961853027,19.84228344621989,1.2536163868138384,交叉混雜,34.0
7744,2026-08-12,459.7,432.3,424.65,457.39166666666665,77366.4,69.5666812369792,69.01934623808988,1.372285434250216,-7.194281548183629,8.566566982433844,65.19998383750611,58.505914705450344,482.317011458246,424.65,366.98298854175397,7.735782409042747,交叉混雜,81.0
7749,2026-08-12,353.2,341.6,348.175,425.925,79008.0,81.75999989110555,71.90825891157576,-15.545968022509214,-22.276144437989313,6.7301764154800985,64.61122961191293,48.726966702123775,387.349743474787,348.175,309.00025652521305,3.252674660730951,交叉混雜,6.0
7750,2026-08-12,2385.0,2283.5,2133.25,2187.9166666666665,353416.4,77.71690972583355,77.6153325340151,83.98838133286563,40.46015979446904,43.528221538396586,60.585375796936646,59.41442785141434,2565.992478422886,2133.25,1700.507521577114,12.035626391655924,交叉混雜,95.0
7751,2026-08-12,1350.0,1311.5,1243.25,1404.1666666666667,263868.0,59.25922309747145,68.91367137316087,0.2921279626634714,-22.324467558904765,22.616595521568236,51.64426160715033,51.34961212855429,1455.3392314693583,1243.25,1031.1607685306417,5.771164287150613,交叉混雜,93.0
7753,2026-08-12,37.849999237060544,37.57999954223633,38.787499809265135,41.31333325703939,16206.0,48.51101942883206,43.735080505587746,-1.0532700947342306,-1.0953942069870815,0.04212411225285084,47.135910355511015,42.525791910658945,41.85101652094478,38.787499809265135,35.72398309758549,-2.159198325347151,交叉混雜,12.0
7757,2026-08-12,90.48000030517578,89.6,90.26999969482422,97.08833312988281,9582.0,65.86144584489492,51.93199116836041,-1.3018185025135551,-1.876198690465891,0.5743801879523358,64.42891701104945,50.360497424218465,92.93525377650727,90.26999969482422,87.60474561314118,1.1410251029308998,交叉混雜,8.0
7760,2026-08-12,32.99000015258789,33.39000015258789,33.88999996185303,33.52833318710327,80006.0,19.8403653635012,26.914684039591638,-0.37703603607862135,-0.1723000671697611,-0.20473596890886026,24.19412259252728,33.5334165099372,35.336810803928884,33.88999996185303,32.44318911977717,-4.249038656047374,交叉混雜,24.0
7765,2026-08-12,225.9,224.45,225.375,233.60833333333332,60780.6,48.79840699989457,39.55276894148271,-0.5931224698083497,-1.43950224205976,0.8463797722514104,71.98423856294562,59.08776503948414,230.53430431875,225.375,220.21569568125,2.0521353300055463,交叉混雜,19.0
7767,2026-08-12,48.00999984741211,47.579999923706055,47.17749996185303,43.84749984741211,55402.6,61.890833057505915,48.78558320918532,1.2734290361464176,1.2730392907028214,0.0003897454435961567,67.45962731600366,62.67743115909993,50.33952459634154,47.17749996185303,44.01547532736452,4.181021812560668,多排,45.0
7768,2026-08-12,261.7,256.0,271.85,337.18333333333334,67935.6,76.5029373313343,60.41917217375732,-19.902167678798378,-23.35749264255617,3.4553249637577927,57.82266655462701,43.77675421695329,317.42249863216557,271.85,226.27750136783447,-0.6805223468824803,交叉混雜,69.0
7769,2026-08-12,6381.0,6285.0,6204.0,6773.25,465934.4,70.09378750255695,70.83077581937619,-41.064944826624014,-106.19328990341208,65.12834507678807,59.58454559789788,53.21579267344477,6926.259612167521,6204.0,5481.740387832479,4.448742746615087,交叉混雜,95.0
7770,2026-08-12,39.710000610351564,39.910000228881835,40.50750045776367,42.05333347320557,3003.8,70.47912216176653,64.9068552232288,-0.7152623499006978,-0.7118954854152959,-0.0033668644854019103,34.076551419898294,35.40504808775056,42.056107985135945,40.50750045776367,38.95889293039139,-1.9934572256962115,空排,3.0
7772,2026-08-12,92.56000061035157,89.80999984741212,92.75499954223633,125.90999984741211,46010.4,65.50204978279695,59.817079756303684,-7.992265166682628,-10.245773321697143,2.253508155014515,50.45338611355528,40.26072039982487,104.01077716676814,92.75499954223633,81.49922191770453,-0.4905358123271156,交叉混雜,47.0
7777,2026-08-12,40.459999084472656,39.339999771118165,39.34499988555908,39.291275342305504,1978577.6,64.57779513794887,64.33444514843418,0.2008302621456579,-0.003444047652305271,0.20427430979796318,53.28346427574487,51.91236056946683,43.93571105446917,39.34499988555908,34.754288716649,1.9189187717830438,交叉混雜,87.0
7780,2026-08-12,16.779999923706054,16.724999809265135,16.999999904632567,17.79333324432373,574420.2,59.7980245037647,49.06527791945837,-0.30461428900966325,-0.33865195121665104,0.034037662206987784,45.48360665826928,38.45389805322867,17.72329629607125,16.999999904632567,16.276703513193883,-1.1764745217293742,交叉混雜,11.0
7782,2026-08-12,25.86999969482422,25.989999961853027,26.11000003814697,26.30166676839193,2408.2,25.30243817620181,23.829266148962674,-0.17481185090226958,-0.1696330342657615,-0.005178816636508071,55.89846481330531,50.54010075640216,26.924087180219956,26.11000003814697,25.295912896073986,0.3446982943737646,空排,18.0
7786,2026-08-12,128.7,126.35,127.3,124.93333333333334,275469.4,60.754125574661515,55.94256942332968,0.41522096715344503,-0.12175857312724676,0.5369795402806918,63.62935746328659,57.03714502212415,133.92054219437276,127.3,120.67945780562722,2.513747054202673,交叉混雜,9.0
7788,2026-08-12,236.4,215.1,218.75,231.25,1917692.8,83.88398585121075,71.08887413049018,-0.6197546228558792,-6.761698533956665,6.141943911100785,81.35410041125702,64.69741969721204,266.78671841195506,218.75,170.71328158804494,17.02857142857143,交叉混雜,89.0
7791,2026-08-12,59.51999969482422,59.60999984741211,60.86999988555908,62.79333343505859,31078.8,20.625237723725892,21.907479909763907,-0.9103924048893077,-0.8359758571369196,-0.07441654775238815,21.190178274591602,27.827682750276267,63.84434617499673,60.86999988555908,57.895653596121434,-2.7435503955304306,空排,
7792,2026-08-12,216.5,205.6,207.75,244.19166666666666,218229.2,82.94098971153096,70.03214700189838,-6.558113781380371,-11.526423409747723,4.9683096283673525,71.17389067995113,58.658185212288856,231.86049127400833,207.75,183.63950872599167,11.913357400722022,交叉混雜,27.0
7794,2026-08-12,29.16999931335449,28.584999656677248,,,20620.0,71.46073254426508,66.1457801230465,0.019941578698158935,-0.0717843166793117,0.09172589537747064,62.00348646804358,57.270033939698095,,,,,,
7795,2026-08-12,454.5,418.45,424.2,446.6166666666667,1888148.0,85.70330055070093,71.72525181787316,-5.560825756963823,-17.40482164204282,11.843995885078996,80.38877789519002,62.67973867625481,538.7758310143618,424.2,309.6241689856382,19.283356907119288,交叉混雜,94.0
7799,2026-08-12,358.2,354.8,377.625,374.65833333333336,188523.0,60.64252206537904,46.34438162237866,-11.007326403898787,-9.639248676855239,-1.3680777270435485,48.67299493512452,43.82194513623043,439.96521680728534,377.625,315.28478319271466,-4.1377027474346235,交叉混雜,
7803,2026-08-12,19.910000228881835,19.739999961853027,20.382500076293944,22.132500044504802,36507.6,21.325842261581275,25.32071097172796,-0.6931845320826362,-0.7184143802005531,0.025229848117916953,39.25943125761903,38.32107343076143,22.181703344776082,20.382500076293944,18.583296807811806,-3.8390761285182617,交叉混雜,
7805,2026-08-12,669.6,639.9,623.2,676.9333333333333,73438.8,89.44677121579802,83.21059396848895,6.318791298103179,-7.198670000169786,13.517461298272964,89.94054582332745,73.70590676563201,689.037439356746,623.2,557.3625606432541,12.002567394094985,交叉混雜,59.0
7810,2026-08-12,197.7,189.55,191.6,205.75,31572.6,78.15834750012934,67.51123068317426,-1.6789366176401472,-3.951101774868014,2.272165157227867,66.7227686723599,56.652713288741026,208.96784688046276,191.6,174.23215311953723,4.384133611691026,交叉混雜,75.0
7811,2026-08-12,71.0999984741211,71.05999908447265,71.36499938964843,76.24333330790202,33431.4,44.39068203040978,37.11747353153284,-1.3645031151534681,-1.640248462765519,0.27574534761205083,43.061263155717796,33.27616718110059,72.44159311895193,71.36499938964843,70.28840566034494,-0.23120919612896135,交叉混雜,3.0
7814,2026-08-12,30.41999969482422,30.419999885559083,31.54749994277954,36.818333276112874,31650.8,40.55539751613714,32.092969695172684,-1.6971553908414094,-1.8955490242264104,0.19839363338500093,42.970317151590216,40.75331724615663,36.11897563684971,31.54749994277954,26.976024248709372,-3.6373732509092314,空排,9.0
7818,2026-08-12,62.6,63.01999969482422,65.56499938964843,65.53833332061768,98589.4,31.364592958748467,22.7846201488111,-1.5706015824093384,-1.3648396551380306,-0.20576192727130782,45.841415198952774,38.14642284537901,71.34382563188646,65.56499938964843,59.786173147410416,-3.302063423966635,交叉混雜,2.0
7819,2026-08-12,34.48999938964844,34.375,35.267499923706055,41.5741668065389,13295.6,37.1687934635324,31.911624247977453,-1.6759890049840536,-2.018253254634574,0.3422642496505204,44.44486746523108,37.16758512450209,37.546528785990745,35.267499923706055,32.988471061421365,-2.1762243577412126,交叉混雜,1.0
7820,2026-08-12,114.7,107.45,107.57000007629395,116.59833335876465,28863.2,81.02412779662922,68.52568306469126,-0.11773124119329736,-2.9690252895872744,2.851294048393977,82.23422736280143,67.17936695689724,122.84338229220805,107.57000007629395,92.29661786037985,12.949707087316359,交叉混雜,6.0
7821,2026-08-12,40.35,40.135000228881836,40.35749969482422,42.29666665395101,183515.0,42.230547489592176,47.84840419510073,-0.47672462787804193,-0.5896306806245304,0.11290605274648846,40.1424390683975,41.56147397239341,41.55454517249254,40.35749969482422,39.1604542171559,-1.6291864879059643,交叉混雜,14.0
7822,2026-08-12,864.8,828.1,846.3,1009.7,122051.8,78.1460319115561,67.45635298149827,-40.27522791227773,-57.29802457266467,17.022796660386945,61.02168359939351,49.52858781650717,950.2151475711653,846.3,742.3848524288346,3.982039465910439,交叉混雜,72.0
7823,2026-08-12,84.73999938964843,82.41999969482421,82.45499992370605,86.52166697184245,30840.0,82.96543958541147,74.96046789846683,0.13016406669727587,-0.5245274670182484,0.6546915337155242,65.99105688092817,57.895923841375705,87.96918208499542,82.45499992370605,76.94081776241669,3.5716470861655476,交叉混雜,
7827,2026-08-12,159.1,153.8,152.175,156.825,302989.2,90.70519025595965,84.42854748283547,-0.1201365692568288,-2.0861579361432603,1.9660213668864315,76.85120029555151,59.176928849694,169.64761014454237,152.175,134.70238985545765,6.456382454411032,交叉混雜,90.0
7828,2026-08-12,1697.0,1587.0,1673.0,1759.0,168242.4,80.23973923643399,68.56780144411992,-53.56054882529088,-75.80300137658632,22.242452551295443,61.11214447126211,52.619710340860195,2147.900543604435,1673.0,1198.099456395565,5.200239091452481,交叉混雜,98.0
7835,2026-08-12,25.57999954223633,27.414999580383302,,,77820.4,13.052724582329224,20.086450614444225,-3.8205902549340536,-3.009605104772721,-0.8109851501613328,15.8810085126713,7.164412265094086,,,,,,
7839,2026-08-12,45.55,45.575,45.19749984741211,50.34666665395101,16605.2,86.43459541704587,85.22757973148643,-0.46245822861605745,-0.7767281214860005,0.314269892869943,56.912384738649635,49.93536880296014,47.291469974350136,45.19749984741211,43.103529720474086,1.2224130857970983,交叉混雜,5.0
7842,2026-08-12,87.04000091552734,82.18000030517578,86.39500045776367,97.37833353678386,83317.4,62.6059302399598,47.304014453877826,-2.7732098804974186,-4.545251436688282,1.7720415561908638,63.93858342179885,54.471145279854355,100.68588414473903,86.39500045776367,72.10411677078831,4.751431819533537,交叉混雜,2.0
8011,2026-08-12,16.339999771118165,16.370000076293945,16.357500267028808,17.410833326975503,517433.8,52.834721824777965,58.861917925895064,-0.25317096959305374,-0.3194017357894296,0.06623076619637586,46.98808203234879,45.19505164947742,17.07954044327786,16.357500267028808,15.635460090779754,-0.3515270000280156,交叉混雜,13.0
8016,2026-08-12,309.5,291.7,289.15,303.35,1312661.8,76.9997555702696,69.16171448944974,0.01563601189587871,-4.255329556177705,4.270965568073584,68.28148008996509,57.48318702524747,322.9545465643506,289.15,255.34545343564935,7.729552135569782,交叉混雜,82.0
8021,2026-08-12,422.6,387.15,393.725,465.9916666666667,4975796.0,85.14026814189302,74.13092234616444,-15.112140210842199,-27.186732611673502,12.074592400831303,59.75783276534724,51.927712211776665,493.66733863899304,393.725,293.782661361007,8.451330243190037,交叉混雜,98.0
8024,2026-08-12,14.170000076293945,14.15,14.805000019073486,14.232500012715658,56429.2,35.50844939337954,39.90741708145686,-0.2915293310562763,-0.16696987697100077,-0.12455945408527555,39.19303282897422,42.322539939787184,16.759724484833733,14.805000019073486,12.850275553313239,-5.437352367689247,交叉混雜,66.0
8027,2026-08-12,182.1,173.7,186.35,225.06666666666666,2287551.2,76.08972394896745,62.915982506539976,-11.168884532263831,-14.00289602036176,2.8340114880979286,61.98166365772952,50.33222199892454,231.2464891371484,186.35,141.4535108628516,3.0319291655487017,交叉混雜,87.0
8028,2026-08-12,263.7,260.15,281.175,302.3,3961430.4,51.146964271326766,47.268548288948054,-11.606588508857328,-11.005404258460795,-0.6011842503965337,47.252890427656084,44.97671435892606,340.2015551300961,281.175,222.1484448699039,-5.752645149817734,交叉混雜,85.0
8032,2026-08-12,37.15999984741211,36.10999984741211,36.21749973297119,41.32666645050049,81029.8,83.14803981282171,76.80147621183383,-0.919049003883508,-1.4779153699153977,0.5588663660318898,60.11179431023086,50.069533512297674,39.2352158220252,36.21749973297119,33.199783643917186,3.265001177955984,交叉混雜,30.0
8033,2026-08-12,181.8,176.4,186.775,169.375,5940523.2,65.9187370059831,65.56749114936856,-2.764901873591185,-1.122991098779983,-1.6419107748112023,42.704383943232266,45.0520743773062,230.1685175852462,186.775,143.3814824147538,-7.375184044973902,交叉混雜,84.0
8034,2026-08-12,19.1,18.939999961853026,19.254999828338622,21.75333325068156,85225.0,58.464934313174886,59.084861839030935,-0.622798141047479,-0.7366431292422635,0.1138449881947845,38.98238439943802,38.299198013663236,20.432373951895052,19.254999828338622,18.077625704782193,-2.1033469253675934,交叉混雜,18.0
8038,2026-08-12,32.369999694824216,31.844999694824217,34.08749971389771,38.60166680018107,140983.6,58.33644032961635,44.24747945458397,-1.9542168924863432,-2.061351560106836,0.10713466762049295,39.72901089905114,35.95190925758111,39.69903620026635,34.08749971389771,28.47596322752906,-5.537217357683489,交叉混雜,6.0
8039,2026-08-12,224.5,206.45,208.825,168.28333333333333,24774643.2,67.15941491320605,61.82612285104672,13.954351414252812,12.980887518838124,0.9734638954146888,60.10510058373561,58.93328109350274,258.4194341104598,208.825,159.23056588954017,8.703459834789902,交叉混雜,97.0
8040,2026-08-12,74.19999847412109,71.06999931335449,72.44499950408935,92.64666652679443,406057.6,83.06518733701013,72.68178354543738,-4.187907437994909,-5.8329137258694885,1.6450062878745797,59.16393176870708,47.32670672753966,82.31264433101386,72.44499950408935,62.57735467716485,3.664847799304454,交叉混雜,75.0
8042,2026-08-12,114.5,109.0,114.34500007629394,149.11500002543133,7148114.4,69.0724307907052,65.15910257820082,-10.536983240924798,-12.868614738391006,2.3316314974662085,48.42866781728503,42.73443098817121,138.66440704561742,114.34500007629394,90.02559310697046,-1.176264878566202,交叉混雜,95.0
8043,2026-08-12,138.1,134.4,137.2,161.5,8373940.8,75.17384341219558,62.97573693681401,-6.500724284962132,-9.165667256283013,2.6649429713208814,64.17263410364993,52.41821180705863,156.8693723978737,137.2,117.53062760212629,7.5072886297376185,交叉混雜,97.0
8044,2026-08-12,27.329999923706055,26.745000076293945,26.674999904632568,28.17499984105428,408036.2,55.97537707893963,62.636989618288,-0.11319120209168432,-0.270079993815751,0.15688879172406667,47.032393664521315,48.099616428309204,27.961161021250064,26.674999904632568,25.38883878801507,0.4686010604493797,交叉混雜,41.0
8045,2026-08-12,53.60000076293945,54.00000076293945,57.05500030517578,61.08000011444092,191516.2,34.753379760248734,35.946662299717346,-2.0562604381700638,-1.835678728221858,-0.2205817099482057,38.79185000843406,41.00400144960599,65.59899703244227,57.05500030517578,48.511003577909285,-7.282444583424096,空排,2.0
8046,2026-08-12,1146.0,1054.5,1092.0,1021.6666666666666,5213467.6,85.95600843702005,70.79585366192919,16.11898682467313,-1.0705269736982892,17.18951379837142,76.2311539263088,62.482726715356726,1352.6429297757886,1092.0,831.3570702242113,15.842490842490841,交叉混雜,99.0
8048,2026-08-12,52.58000106811524,52.1200008392334,52.63640804290772,58.200808970133465,94048.2,52.05517392257699,54.77921151630426,-1.4858619201458723,-1.8446924499127961,0.35883052976692387,48.55147237846922,44.53105424301998,57.120762606009485,52.63640804290772,48.15205347980595,-0.44913117330517593,交叉混雜,63.0
8049,2026-08-12,26.479999542236328,26.184999656677245,25.999999713897704,26.66916650136312,146527.8,85.13900472133585,81.72084051907314,-0.014463827528619078,-0.15041403520801175,0.13595020767939267,68.99014004985762,56.92561746192589,26.891479787506466,25.999999713897704,25.108519640288943,2.115382804673082,交叉混雜,53.0
8050,2026-08-12,64.17999954223633,61.21999969482422,60.54999961853027,57.82166652679443,11279006.8,60.99935941482392,67.24757233337259,1.5516809233230902,1.4718222534352097,0.07985866988788048,40.80648588054652,47.23489161862122,68.33892652966657,60.54999961853027,52.76107270739398,-2.89017405862075,多排,76.0
8054,2026-08-12,84.12000122070313,81.9900001525879,86.42825813293457,100.23608601888021,840176.6,64.92789336994345,51.47430889070523,-4.728023734012581,-5.561998707719862,0.8339749737072815,50.99872982837051,42.357993509171656,99.10613605910437,86.42825813293457,73.75038020676477,-2.115349421946522,交叉混雜,6.0
8059,2026-08-12,15.070000076293946,14.925,15.235000085830688,16.973333247502644,139217.6,49.181243824126724,50.793560625895154,-0.44388214618733457,-0.5252914799232882,0.0814093337359536,39.76227845845762,40.39040508110674,16.460647131973506,15.235000085830688,14.009353039687868,-2.8552667715466318,交叉混雜,3.0
8064,2026-08-12,103.5,99.85999984741211,103.925,130.34166666666667,2716423.0,76.26236418205005,66.77432563919288,-6.845533332070474,-8.652491742845367,1.806958410774893,57.569392187993444,46.66326609177298,124.1272274759147,103.925,83.7227725240853,1.5155159971133056,交叉混雜,93.0
8066,2026-08-12,14.750000190734863,14.805000114440919,14.850000047683716,15.300833320617675,22150.8,22.93180854529229,19.89575720589321,-0.11383300057990198,-0.1291392405623639,0.015306239982461917,49.92433943719209,46.88495206260819,15.11754228920543,14.850000047683716,14.582457806162003,-0.3366993723117988,空排,9.0
8067,2026-08-12,13.350000190734864,13.350000095367431,13.2625,13.26750005086263,15094.2,45.24188960730041,45.581719918647394,0.06242308005463215,0.023441789893754325,0.03898129016087783,63.728953636540446,56.81205421343953,14.017047890366062,13.2625,12.507952109633937,3.298773302658906,交叉混雜,54.0
8068,2026-08-12,18.110000228881837,17.725,18.017500114440917,18.88666674296061,161678.0,65.39986838682263,64.095175747162,-0.23740491370315553,-0.3449203624466786,0.10751544874352309,50.215921847200704,48.02486563399456,19.571874395085988,18.017500114440917,16.463125833795846,-0.3746321691285231,交叉混雜,18.0
8069,2026-08-12,179.9,185.25,185.025,200.95,14017683.0,25.50472061047226,40.996329359442676,-5.088812854674643,-3.3166485433724446,-1.7721643113021983,23.557054646134276,33.14887657573628,205.05517460574904,185.025,164.99482539425097,-10.282394271044456,交叉混雜,10.0
8070,2026-08-12,48.12999954223633,46.9,47.042499732971194,51.96666666666667,1885397.0,82.97075763501304,75.15829647588991,-0.9721745759002758,-1.5721929075369947,0.6000183316367189,64.67238254271382,51.67184665933441,51.562778990869454,47.042499732971194,42.522220475072935,3.523411892175764,交叉混雜,66.0
8071,2026-08-12,23.639999771118163,22.729999923706053,23.187499809265137,25.121666558583577,916131.4,78.25111352982162,64.9791763272237,-0.7377618670557844,-1.0933802683377187,0.35561840128193434,75.07501781498152,57.55229755121064,26.804691751362103,23.187499809265137,19.57030786716817,10.18867686136396,交叉混雜,85.0
8072,2026-08-12,26.200000381469728,26.34000015258789,26.650000190734865,28.145833333333332,121557.4,46.96759471591186,50.26684020809831,-0.5542457065283237,-0.5943098462814644,0.040064139753140715,50.39883001556445,44.55750262660961,27.83588198791531,26.650000190734865,25.46411839355442,-0.7504668906717057,空排,20.0
8074,2026-08-12,55.68000106811523,53.26000061035156,54.0100004196167,65.47333342234293,714259.6,75.67960403840277,69.00893471900847,-2.194335105459814,-3.434964732338462,1.2406296268786479,65.69908244107009,52.518448688824925,61.60831092685281,54.0100004196167,46.411689912380595,6.276617441074745,交叉混雜,83.0
8076,2026-08-12,23.440000152587892,23.035000038146972,23.192499828338622,24.714999930063883,560995.4,73.66047959370275,66.52933249007906,-0.3360856222045854,-0.5035351195738554,0.16744949736927006,66.08090027753529,51.62458047346018,24.417792593127732,23.192499828338622,21.967207063549512,2.1882114405827084,交叉混雜,40.0
8077,2026-08-12,45.98000030517578,45.329999923706055,44.724999809265135,47.29083334604899,4614.0,52.186546532035536,66.96027278937899,-0.2865323456502722,-0.4923310747911182,0.20579872914084602,35.89219857746414,41.59990099614477,47.08352327111864,44.724999809265135,42.36647634741163,-0.6148665120144148,交叉混雜,54.0
8080,2026-08-12,27.639999771118163,28.01499996185303,27.809999847412108,27.877499866485596,25600.2,25.479481821441166,25.850518275294814,-0.0004834110792764079,0.015863004053851926,-0.016346415133128334,48.92306027022817,49.53050964533452,29.298765017628508,27.809999847412108,26.321234677195708,-0.03596048330252579,交叉混雜,39.0
8081,2026-08-12,264.6,256.3,252.575,278.78333333333336,1314189.2,77.02407233246953,72.06759325421673,-3.2834623257071485,-7.163405467796604,3.8799431420894557,64.21377197996318,53.98585864576908,274.0772030695008,252.575,231.07279693049918,6.107096901910328,交叉混雜,68.0
8083,2026-08-12,159.0,159.2,157.775,164.75833333333333,75733.4,53.28560381334301,59.16191754092576,-1.0064883737870787,-1.6461981561226549,0.6397097823355762,52.25943837455146,47.911962980075124,161.53734809101115,157.775,154.01265190898886,0.7764221201077447,交叉混雜,43.0
8084,2026-08-12,48.39000015258789,45.13499984741211,44.545000076293945,46.550833511352536,551365.0,83.60535992853822,68.69607307253567,0.7739330466878371,-0.6133758637618019,1.387308910449639,89.13750226511017,76.18501307603935,51.71767455502028,44.545000076293945,37.37232559756761,21.8992011315722,交叉混雜,76.0
8085,2026-08-12,11.330000114440917,11.269999980926514,11.357500123977662,12.023333406448364,168457.4,58.52591536258916,42.5731391293825,-0.1559406142253792,-0.20383736780920553,0.047896753583826335,58.609792988804784,50.3386180048185,11.995156137108301,11.357500123977662,10.719844110847022,1.2546764205751235,交叉混雜,8.0
8086,2026-08-12,117.7,116.35,117.375,140.53333333333333,4103512.4,55.281006981158924,55.91194668185619,-4.962927018704889,-6.473070336236782,1.5101433175318935,52.65463521065751,47.251630480457216,129.83915914363413,117.375,104.91084085636587,1.384451544195953,交叉混雜,47.0
8087,2026-08-12,29.260000228881836,28.75999984741211,28.482499980926512,31.784999815622964,4001.4,65.8629353758075,65.05479820650008,-0.5396824367540987,-0.8583970692779063,0.3187146325238076,50.904585726937604,46.60392254845357,30.40227972743918,28.482499980926512,26.562720234413845,1.816905185359554,交叉混雜,18.0
8088,2026-08-12,48.48000030517578,46.6,46.492499923706056,55.90083312988281,2567716.4,66.90673425394834,62.33903167723168,-1.7077424003383612,-2.7285208360213797,1.0207784356830185,64.02098804779146,51.09615250436835,51.68584444811467,46.492499923706056,41.29915539929744,5.823521737218672,交叉混雜,59.0
8089,2026-08-12,18.299999618530272,18.270000076293947,18.620000076293945,19.835000069936118,68371.8,49.91381356350249,43.0066331307456,-0.42975372713666005,-0.4518834792814588,0.02212975214479873,48.559628595665764,44.897445739810934,19.69036647233124,18.620000076293945,17.549633680256647,-1.1815276952859135,交叉混雜,4.0
8091,2026-08-12,233.1,224.05,234.2,254.75833333333333,431653.0,72.81598063586647,65.2987982289425,-7.660705578078563,-9.736164396489151,2.0754588184105884,52.49569485989082,47.371994661779794,277.7616924904395,234.2,190.6383075095605,-0.5123825789923094,交叉混雜,90.0
8092,2026-08-12,13.089999961853028,13.25999994277954,13.432499980926513,14.681666612625122,76644.8,40.33538690434572,52.56261988930531,-0.3111914436423717,-0.3059906070688831,-0.005200836573488632,28.735621638367945,35.970607394000766,14.210672666875169,13.432499980926513,12.654327294977858,-4.708727274072351,空排,9.0
8093,2026-08-12,21.640000534057616,21.065000343322755,20.48250017166138,19.47166674931844,34196.6,74.49096177224287,76.43484238060279,0.5629584760119322,0.3707282542577648,0.19223022175416737,64.34736560709985,61.59439516571338,22.424088426161102,20.48250017166138,18.540911917161655,7.164655579051035,多排,51.0
8096,2026-08-12,127.4,122.3,128.1,136.675,7138728.0,53.788713085890926,54.816979936573,-4.764342182872298,-4.943815512264288,0.1794733293919899,48.64449319205156,45.99883515005287,150.45032085016396,128.1,105.74967914983604,-2.0296643247462876,交叉混雜,94.0
8097,2026-08-12,51.39999923706055,51.849999618530276,52.07999954223633,56.21333306630452,103019.2,26.604148968589058,33.5651902887473,-1.2070031201983724,-1.2851766080209004,0.07817348782252798,34.30215365715826,35.60357038699027,54.01428980256083,52.07999954223633,50.14570928191183,-2.0737318581588338,空排,22.0
8099,2026-08-12,58.01999969482422,56.93999977111817,57.20999984741211,59.20833314259847,86938.8,58.86145412568389,54.849642379567136,-0.3331776741404653,-0.5929515190182439,0.25977384487777866,58.650637958102024,52.42293503196068,59.47078665204114,57.20999984741211,54.94921304278307,1.3808777393723926,交叉混雜,22.0
8101,2026-08-12,11.960000038146973,12.470000171661377,12.747499942779541,13.61916667620341,9575.4,24.59118427657119,32.85498882966486,-0.41872353068862367,-0.3098396163068359,-0.1088839143817878,31.917011474699848,35.70448141907421,14.104925743399662,12.747499942779541,11.39007414215942,-8.217298593578194,空排,10.0
8102,2026-08-12,68.56000061035157,69.20000076293945,71.45499992370605,70.6866668065389,14335.0,41.65789135157728,32.66656770657249,-0.7462213102279804,-0.3231541970539823,-0.42306711317399814,42.04174351624039,44.096585643973704,76.99736253736344,71.45499992370605,65.91263731004867,-3.715620844983606,交叉混雜,55.0
8103,2026-08-12,80.93999938964843,77.37999877929687,77.4199993133545,91.96166648864747,1031888.6,72.39714602010228,67.62567813446579,-2.732176375430811,-4.2587823001105845,1.5266059246797736,58.82957480367818,50.25592265220288,86.0234513031382,77.4199993133545,68.81654732357079,4.753292680708951,交叉混雜,46.0
8104,2026-08-12,31.54000015258789,30.705000114440917,31.987499904632568,36.93999980290731,283774.2,80.74733161729628,63.67778560746136,-1.573543272051218,-1.9061095520218732,0.33256627997065524,60.199748263001766,45.260771571322934,36.23421637313153,31.987499904632568,27.740783436133608,0.5080160116633698,交叉混雜,25.0
8105,2026-08-12,16.769999694824218,16.289999961853027,16.524999809265136,19.055833260218304,2129508.0,81.20724911333716,69.55526676266082,-0.6448771122300201,-0.8939435618147075,0.24906644958468738,64.02263141223166,49.55962837653772,18.203814941892453,16.524999809265136,14.846184676637819,3.7821471496460557,交叉混雜,78.0
8107,2026-08-12,11.879999923706055,11.585000038146973,11.682499980926513,12.058333349227905,78751.6,72.11608360014262,58.67740952988218,-0.06441082961302591,-0.17190572909125107,0.10749489947822516,78.51250213654794,62.773948987286566,12.434532150331666,11.682499980926513,10.93046781152136,6.141661791356209,交叉混雜,29.0
8109,2026-08-12,132.0,127.2,127.375,127.7,257468.6,76.57871093464549,70.15222076119504,0.07359079821881664,-0.7535802178136587,0.8271710160324753,56.81864032942852,52.52797122894103,138.9865867722017,127.375,115.7634132277983,2.4533856722276743,交叉混雜,79.0
8110,2026-08-12,46.119999694824216,43.16999969482422,42.372500038146974,51.079999669392905,5680363.4,85.608354277025,76.62982694985098,-0.9936523925066254,-2.288771005943229,1.2951186134366037,69.37727460926914,55.33150734034791,50.55325182841587,42.372500038146974,34.19174824787808,10.448992140958401,交叉混雜,89.0
8111,2026-08-12,59.4,60.06000022888183,57.35499992370605,57.25499998728434,4732084.4,35.52513324209276,44.900553827123986,1.5192921309058889,1.569325365395739,-0.0500332344898502,47.410813872247914,52.071794324060406,69.48095676724607,57.35499992370605,45.22904308016603,2.5193955457704473,交叉混雜,45.0
8112,2026-08-12,93.9,87.81999969482422,85.82999992370605,89.15166664123535,32272650.0,85.98903014364504,78.01722503701889,1.7246348718573614,-0.34825944851050245,2.072894320367864,71.95029495441378,64.53839538324019,98.48362081773618,85.82999992370605,73.17637902967593,12.897590134000852,交叉混雜,85.0
8114,2026-08-12,220.2,215.7,212.15,215.26666666666668,1041654.4,57.57102333850708,59.291085922778294,3.6833798041954537,3.2756986755978925,0.4076811285975612,47.42874222112758,51.17212329137857,243.13743378584044,212.15,181.16256621415957,1.3433891114777254,交叉混雜,43.0
8121,2026-08-12,29.539999771118165,29.02999973297119,31.07249994277954,39.81333328882853,768848.6,70.04123445035289,53.74021059213547,-2.9792855858103593,-3.4270230986511407,0.44773751284078145,52.491892234399366,39.92309071028936,37.49568786841268,31.07249994277954,24.6493120171464,-2.4861234440150124,交叉混雜,65.0
8131,2026-08-12,63.78000030517578,61.820000076293944,63.994999694824216,69.52499987284342,3688023.4,64.57871852631547,59.69659256360522,-2.0694863174480815,-2.604238229165325,0.5347519117172435,52.937492338907894,48.11339022137904,76.00420243303044,63.994999694824216,51.98579695661799,0.16407341166902126,交叉混雜,82.0
8147,2026-08-12,127.3,121.8,124.275,144.925,129036.2,88.21215077812457,75.00879018822422,-4.199981047006915,-6.3397465731887905,2.1397655261818755,66.54937683674737,52.34355170302849,140.82945559358697,124.275,107.72054440641304,4.606718970026147,交叉混雜,57.0
8150,2026-08-12,91.46000061035156,84.25,90.76500015258789,96.73333358764648,57544155.6,78.75543129041449,67.70537169628886,-2.7857822128970042,-4.295225388595061,1.509443175698057,55.80140610311343,50.53592233214955,118.2553446852681,90.76500015258789,63.274655619907676,1.581002361308744,交叉混雜,95.0
8155,2026-08-12,309.5,293.4,296.325,351.69166666666666,754415.6,82.68649441279601,70.72417386675757,-9.627973560005728,-16.675549108352197,7.047575548346469,68.1812811706719,54.861613009189696,338.8261145364621,296.325,253.82388546353783,8.495739475238341,交叉混雜,87.0
8162,2026-08-12,54.98000030517578,52.28000030517578,56.37000007629395,68.25333340962727,175493.4,78.2692735234044,61.564304102838015,-4.099891614733075,-5.019000186454805,0.91910857172173,65.00090887133517,48.59621811964643,69.329873239394,56.37000007629395,43.4101269131939,2.5368088678927925,交叉混雜,82.0
8163,2026-08-12,31.489999771118164,31.059999656677245,31.589999675750732,37.24083318710327,956739.0,71.4156985080606,63.762352640784016,-1.438747258474077,-1.8422122947281998,0.4034650362541228,56.88289419126358,44.72850401429017,34.57762238574979,31.589999675750732,28.602376965751677,0.9813230324832978,交叉混雜,39.0
8171,2026-08-12,20.00999984741211,19.654999923706054,19.987499904632568,21.47083330154419,58725.6,61.21175304635737,53.824961557814106,-0.2881965169103431,-0.44875317996675185,0.16055666305640875,64.2166734515229,52.621210551284484,21.2746326144356,19.987499904632568,18.700367194829536,1.5634738407455864,交叉混雜,7.0
8176,2026-08-12,9.859999847412109,9.839999866485595,9.90549988746643,10.109333308537801,75931.8,60.05730891931668,57.16822466679794,-0.08095183955473217,-0.0957409005015067,0.014789060946774527,54.274798612776266,47.98576143964252,10.159435312112304,9.90549988746643,9.651564462820556,0.045428903102338984,交叉混雜,36.0
8182,2026-08-12,39.89000015258789,38.59000015258789,39.41750030517578,45.6025000890096,1095260.4,78.66533072586282,65.57313213694121,-1.7178638657385719,-2.3589080863730567,0.6410442206344849,66.38343639976827,52.03627875088159,44.97876407356887,39.41750030517578,33.85623653678269,5.9174216446139,交叉混雜,84.0
8183,2026-08-12,29.809999847412108,29.3,29.767500114440917,31.710833231608074,196927.8,83.89531175611195,69.27713633714197,-0.627176741802824,-0.856776593242556,0.22959985143973194,65.79734263532173,52.3830655768084,31.96756570197996,29.767500114440917,27.567434526901874,2.7966751115420125,交叉混雜,48.0
8201,2026-08-12,11.929999923706054,11.745000076293945,11.94749994277954,12.79416667620341,30025.6,73.16389153342044,65.14312713661309,-0.22920886677909635,-0.29142499060844773,0.06221612382935138,51.80256209016017,43.88644941063071,12.570290493849617,11.94749994277954,11.324709391709463,-0.3975754298117712,交叉混雜,32.0
8210,2026-08-12,1089.0,1085.6,1095.85,1248.7833333333333,2009968.0,31.284117642456188,46.57346715772183,-39.31312671301953,-40.08326628681815,0.7701395737986232,34.78811187263918,39.79554520777928,1246.4925186361977,1095.85,945.2074813638022,-8.290368207327639,交叉混雜,68.0
8213,2026-08-12,31.439999771118163,30.520000076293947,30.97499990463257,34.725833352406816,609588.4,83.15841038124827,68.21190506239786,-0.7138457570064674,-1.2164609538086757,0.5026151968022083,80.9836159423823,61.180778582851936,33.92769653288169,30.97499990463257,28.022303276383447,7.506051136678956,交叉混雜,31.0
8215,2026-08-12,24.879999923706055,23.880000114440918,24.15,27.63499984741211,572316.0,84.8479393579753,74.57040725679161,-0.696996418912633,-1.1140939911036802,0.41709757219104726,65.26922667680188,52.832227722066754,26.859825716384147,24.15,21.44017428361585,4.968945678963677,交叉混雜,67.0
8222,2026-08-12,37.99000015258789,37.0,37.722500038146975,37.5008331934611,653066.0,78.01753108953152,61.83743291647332,-0.1405245877451975,-0.3256909705347652,0.1851663827895677,66.5359392940368,55.605861671525474,41.21587422882847,37.722500038146975,34.22912584746548,3.651662627294372,交叉混雜,43.0
8227,2026-08-12,150.8,146.1,147.25,180.50833333333333,879121.8,80.35718622712183,70.66406326509276,-6.436349002994234,-9.638540257190591,3.2021912541963573,68.44893740624663,53.40239309299319,163.21542316514254,147.25,131.28457683485746,7.979626485568761,交叉混雜,34.0
8234,2026-08-12,70.4,66.25,64.2599998474121,67.18166650136313,1348420.0,74.7148238930454,72.37055657451069,0.973151733968507,-0.26091320707582377,1.2340649410443307,59.946056675536504,56.855364189123165,73.70221260870565,64.2599998474121,54.81778708611856,8.621231275288926,交叉混雜,29.0
8240,2026-08-12,42.65999984741211,41.054999923706056,41.364999771118164,51.57416661580404,197850.8,88.12355469440045,76.89268007863872,-1.8685753229842845,-2.832504999022834,0.9639296760385494,64.07419501023575,50.38415395396398,46.121391641063745,41.364999771118164,36.60860790117258,4.919622303930531,交叉混雜,43.0
8249,2026-08-12,42.17999954223633,41.79999961853027,42.61000022888184,48.200833257039385,291011.8,61.9660255680388,58.8697583811893,-1.3713180717557165,-1.703369297113118,0.3320512253574015,52.94159622460161,44.61574682855671,45.86133293972381,42.61000022888184,39.358667518039866,-0.2581558983594588,交叉混雜,11.0
8255,2026-08-12,143.2,140.6,143.8,167.65,405644.6,77.01028098875949,65.42075902727652,-6.643777323018327,-8.324440214893684,1.6806628918753574,62.56886104854537,48.872895382317225,159.81118030429928,143.8,127.78881969570072,2.920723226703747,交叉混雜,64.0
8261,2026-08-12,181.1,175.75,202.625,219.81666666666666,6029262.4,60.98341661670837,44.29993077524011,-19.685146737420894,-18.382225244881795,-1.3029214925390988,45.84806144578985,40.58234006220102,272.7571121733454,202.625,132.49288782665462,-9.19185687847008,交叉混雜,92.0
8271,2026-08-12,236.9,228.2,214.975,211.025,8456126.2,66.69858749267864,73.25065725329952,9.95106239056301,7.530351738354685,2.4207106522083244,57.30764549868274,59.00314187675774,251.67359455217894,214.975,178.27640544782105,7.919525526223982,多排,95.0
8272,2026-08-12,64.64000091552734,64.78000030517578,65.65000038146972,68.63000055948893,7265.8,35.297140273860734,29.20673301090276,-1.0064614959800764,-1.0573230310069908,0.05086153502691437,48.353752905328314,43.0599281210524,68.21412603042361,65.65000038146972,63.085874732515826,-0.9900995852136992,空排,14.0
8277,2026-08-12,8.066000080108642,8.038000011444092,8.053999948501588,8.924833297729492,102447.8,43.63137723484061,46.03563601105695,-0.1994181580705785,-0.25918323128801074,0.05976507321743224,54.77174347815022,46.345134394580676,8.433772606835316,8.053999948501588,7.6742272901678605,0.8194678107711363,交叉混雜,33.0
8279,2026-08-12,89.28000030517578,88.81000061035157,88.54500007629395,92.1216667175293,4377.4,53.16419040184928,57.40987968832396,-0.39514778397989403,-0.6909453142947664,0.2957975303148723,48.569671114122755,48.21162733027539,90.62191675776394,88.54500007629395,86.46808339482395,0.28799251820446814,交叉混雜,7.0
8284,2026-08-12,62.55999984741211,62.369999694824216,62.28499984741211,63.31499989827474,13044.8,66.11924651830648,63.51341862200126,-0.18943380758939554,-0.33836257715534745,0.1489287695659519,52.16828229386176,49.57087317699571,63.269671935385226,62.28499984741211,61.30032775943899,0.34518769063916716,交叉混雜,45.0
8289,2026-08-12,44.27000045776367,42.36500015258789,43.34749984741211,57.444166374206546,451521.8,79.05093449395574,68.2340118718175,-2.903658669337176,-4.141454149215831,1.2377954798786552,71.63151200175241,52.962852461889554,50.41763575567353,43.34749984741211,36.27736393915069,8.887481236723142,交叉混雜,91.0
8291,2026-08-12,40.970000457763675,39.33000030517578,38.57000017166138,52.77666676839193,50788.8,58.9620162960739,51.74610238864926,-0.21677373352838458,-0.9677811230653298,0.7510073895369452,47.56848386266429,49.318833216155866,47.57411686399474,38.57000017166138,29.565883479328015,1.6333953551313642,交叉混雜,88.0
8299,2026-08-12,2077.0,1894.5,1847.25,2196.0833333333335,5025769.0,90.12084321083785,79.35647698690674,-13.025685559291105,-83.03103639638773,70.00535083709663,82.240629626735,64.46165925176324,2219.7447897904694,1847.25,1474.7552102095308,19.637298687237788,交叉混雜,92.0
8341,2026-08-12,76.4,76.04000091552734,76.275,77.11999969482422,166447.2,64.42879832062903,51.7520549505459,-0.1308921190705945,-0.2659032590640235,0.135011139993429,55.707695735804826,51.727973331268686,77.60303593935592,76.275,74.94696406064409,0.4260878061240092,交叉混雜,48.0
8342,2026-08-12,87.81999969482422,88.15999984741211,89.37999992370605,89.83666674296062,2404.6,30.88926439662864,26.893925870249095,-0.6536137291482476,-0.49960297818813293,-0.15401075096011463,37.92369427116565,39.52915756694351,92.55861206486479,89.37999992370605,86.20138778254731,-1.5439694840948837,空排,59.0
8349,2026-08-12,39.67000045776367,39.710000610351564,39.73750038146973,40.48083349863688,54928.6,62.65204683118135,67.86660313808515,-0.14677699973736935,-0.17583782216415694,0.02906082242678759,36.410076298410004,43.28626931082662,40.35041030744282,39.73750038146973,39.12459045549664,-0.5976731782064476,空排,29.0
8354,2026-08-12,16.670000076293945,16.090000057220458,15.932500123977661,16.401666752497356,401416.8,79.52282432633429,65.45684179951577,0.1716326948779816,-0.1319286900474215,0.3035613849254031,81.71513086617713,71.0469450903756,17.625916614619758,15.932500123977661,14.239083633335564,14.231919794868292,交叉混雜,71.0
8358,2026-08-12,376.2,346.8,363.15,504.14166666666665,25204669.2,79.53597867745276,64.01163795154169,-31.5791142255203,-45.54505155814932,13.965937332629018,69.06997884943658,54.58792673272275,450.27066647079823,363.15,276.0293335292017,15.24163568773235,交叉混雜,93.0
8367,2026-08-12,40.25,40.36000022888184,40.445000076293944,40.49833323160807,32602.8,34.23181825836761,33.820615473970136,-0.06190289325867582,-0.0443625864263026,-0.017540306832373218,42.20472963915361,45.35167129424941,40.842228282573764,40.445000076293944,40.047771870014124,-0.6057592110083648,空排,33.0
8374,2026-08-12,83.6,78.62000045776367,77.8300006866455,88.4,764564.8,81.24873674664086,74.53694571343524,-0.3741919130227558,-2.220281060314395,1.8460891472916394,64.3072136916734,57.96110788600035,88.39470779721242,77.8300006866455,67.26529357607859,10.625719792515175,交叉混雜,33.0
8383,2026-08-12,69.97999877929688,68.98999977111816,76.1399995803833,67.33833300272623,2313296.0,50.95393139034159,39.93930531669184,-0.7005402300427193,0.5539735871180655,-1.2545138171607848,42.98831209743809,45.898022231622875,93.7232925827438,76.1399995803833,58.556706578022805,-8.458106997153592,交叉混雜,88.0
8390,2026-08-12,99.31999969482422,95.74999923706055,95.03999938964844,107.07999979654947,562050.0,80.85582427507485,77.35613153024028,-1.1155403700765447,-2.623477759865658,1.507937389789113,62.63107293450455,54.68320402980497,103.11527787542538,95.03999938964844,86.96472090387151,5.218855894575889,交叉混雜,75.0
8401,2026-08-12,22.910000228881835,22.804999923706056,22.825,22.90583340326945,41321.6,83.70919243583339,71.30174114600268,-0.001231079211400754,-0.05466743950531755,0.053436360293916796,78.6752655666042,64.47102307283134,23.204057097025313,22.825,22.445942902974686,1.6429387204357233,交叉混雜,26.0
8403,2026-08-12,19.1,19.01500015258789,19.125,19.353333282470704,142518.2,62.71023643492636,44.77113346988442,-0.07077426081563232,-0.1131125228989195,0.042338262083287184,70.92500302287611,56.867337809934234,19.529578686269637,19.125,18.720421313730363,0.9150286905126634,交叉混雜,18.0
8404,2026-08-12,16.170000076293945,16.29000015258789,16.557499980926515,16.71499999364217,203020.0,25.160472084146228,25.394819621660233,-0.17488874858239356,-0.1329357714192994,-0.04195297716309415,36.808764295877786,39.18872761226618,17.218658959285666,16.557499980926515,15.896341002567365,-2.159137662079932,空排,13.0
8409,2026-08-12,18.120000457763673,18.235000228881837,18.567500114440918,18.948333517710367,5621.0,23.29742321134669,23.688023447919555,-0.259913731452702,-0.21596660791702688,-0.04394712353567515,39.834232393904536,38.88990657133178,19.398653277141527,18.567500114440918,17.73634695174031,-2.5178388587033984,空排,20.0
8410,2026-08-12,31.570000457763673,31.045000076293945,31.342500019073487,32.880833530426024,20806.6,81.56089508695604,66.50885184983034,-0.3147114153004331,-0.5135438461535039,0.19883243085307079,67.88457303686147,54.66605014714195,32.65409818464776,31.342500019073487,30.03090185349922,1.9382651144492984,交叉混雜,14.0
8411,2026-08-12,12.970000076293946,13.005000114440918,12.942500019073487,12.428333298365276,145483.0,47.8853001326157,49.293778528956054,0.14255402524079308,0.16809733524376097,-0.02554331000296789,54.93082337084999,56.18371530027931,13.346786261246699,12.942500019073487,12.538213776900275,0.8305981958891447,交叉混雜,60.0
8415,2026-08-12,38.23000030517578,37.77999992370606,37.51250019073486,35.919166564941406,617030.0,71.8411607110286,62.39748074883826,0.6661629539327336,0.6381412080365474,0.028021745896186223,69.71219910725596,65.8875652863499,39.23078500251276,37.51250019073486,35.79421537895696,3.0323261029266013,多排,68.0
8416,2026-08-12,169.2,168.7,168.575,173.00833333333333,2930.2,76.23367679099721,71.58676929485235,-0.6022661889933545,-0.9351571760575143,0.33289098706415976,51.61021094364553,47.91739043810646,171.13532481492015,168.575,166.01467518507982,0.2521133026842719,交叉混雜,46.0
8421,2026-08-12,14.230000114440918,14.639999961853027,14.82249994277954,13.950833368301392,612810.6,19.410968921282365,32.99188718490856,-0.06294599173117454,0.1539112823214645,-0.21685727405263905,34.241214649619394,41.99018667064375,16.359576707573815,14.82249994277954,13.285423177985265,-8.58491993224495,交叉混雜,52.0
8422,2026-08-12,26.559999465942383,26.094999694824217,25.98499984741211,27.15916659037272,4932019.4,85.66171475929411,77.06168987911562,-0.11647567488692445,-0.341531735780401,0.22505606089347657,65.58661398407521,55.73744733342558,27.498830409446498,25.98499984741211,24.47116928537772,3.52126140654679,交叉混雜,61.0
8423,2026-08-12,17.95,17.844999885559083,17.757499790191652,17.739999930063885,11246.2,75.63402434130933,72.76787612574505,0.06010963657453061,0.02631089660428565,0.03379873997024496,53.96041726786806,54.08930718352714,18.20385941154353,17.757499790191652,17.311140168839774,0.8024768690541185,多排,48.0
8426,2026-08-12,21.35999984741211,21.210000038146973,20.792500019073486,20.9075000445048,42320.6,70.84740076448756,75.03523199919312,0.23368375754099802,0.1398021564279394,0.09388160111305863,68.62677033173672,63.27911904867537,21.816565508174822,20.792500019073486,19.76843452997215,2.9217246550415408,交叉混雜,19.0
8429,2026-08-12,6.038000011444092,6.037000036239624,6.0725000381469725,6.272666676839193,146403.2,27.266004508854582,29.884476493454045,-0.06365063942841509,-0.07176419541197397,0.008113555983558882,41.23301025729287,41.05361099041989,6.211651577221549,6.0725000381469725,5.933348499072396,-0.8645542509783045,交叉混雜,18.0
8431,2026-08-12,49.07999954223633,48.47000007629394,48.027499961853025,51.66166642506917,195970.4,62.04962396782845,62.55330225572796,-0.4331985622729846,-0.8456666768928256,0.412468114619841,50.722424864703896,49.51642394328956,52.29789708279651,48.027499961853025,43.75710284090954,1.6084519823457357,交叉混雜,45.0
8432,2026-08-12,50.71999969482422,50.30500030517578,50.23249988555908,50.77666657765706,30448.4,71.64197519154831,68.41008093656396,-0.003147054570128205,-0.11421247025265338,0.11106541568252518,55.33500506350834,52.426028413846275,51.45693334273008,50.23249988555908,49.00806642838808,0.7315952608356322,交叉混雜,49.0
8433,2026-08-12,54.92000045776367,54.04999961853027,53.954999923706055,53.27999979654948,24704.0,83.8569749465359,77.76945165219928,0.38748858920041584,0.17604001894384366,0.21144857025657218,70.63053413644337,62.365463172176725,55.86395422362617,53.954999923706055,52.046045623785936,2.307480012962406,多排,53.0
8435,2026-08-12,53.55999984741211,52.920000076293945,52.78499984741211,53.849999872843426,39035.2,68.26559230577661,61.862364131148546,0.049346193935164706,-0.19340326501169078,0.24274945894685548,72.73763701790176,62.88587142540369,54.02005761734998,52.78499984741211,51.54994207747424,2.3017905770581497,交叉混雜,43.0
8436,2026-08-12,122.5,117.85,116.5,117.125,1513750.8,77.09459344782314,66.59021400410955,1.885415045509916,0.47947674905731724,1.4059382964525986,71.56276971098293,66.46707354913595,124.82877068076009,116.5,108.17122931923991,6.866952789699571,交叉混雜,48.0
8437,2026-08-12,9.114000129699708,8.994999980926513,9.428499937057495,10.211166667938233,38205.4,34.741179241233695,29.094990318955972,-0.30037202570713717,-0.31016049131190004,0.009788465604762875,42.78938347700376,36.848684093640216,10.35181829410704,9.428499937057495,8.50518158000795,-3.4841126136793377,交叉混雜,2.0
8438,2026-08-12,66.55999908447265,63.14000015258789,65.73499946594238,82.30333290100097,407100.8,87.07291105084116,72.96018110280419,-5.016557185645354,-6.545932016681753,1.5293748310363995,63.196999839966296,46.47596347628124,80.63145111971205,65.73499946594238,50.838547812172706,3.4456538411187294,交叉混雜,83.0
8440,2026-08-12,19.75,19.335000038146973,19.645000076293947,21.330833276112873,47334.4,86.86752559208145,70.91712913751157,-0.37972418439931843,-0.540400924686447,0.16067674028712853,66.12631176146547,51.548398270852566,20.901520194386038,19.645000076293947,18.388479958201856,1.8070751963724323,交叉混雜,7.0
8442,2026-08-12,44.12999954223633,44.079999923706055,44.65499973297119,42.48249988555908,50498.8,42.19556860445324,40.68895798722282,0.1007251057170393,0.2768666964974245,-0.17614159078038522,39.77853186648899,47.68917338064744,46.18913723214433,44.65499973297119,43.12086223379805,-1.466800440909128,交叉混雜,7.0
8443,2026-08-12,11.429999732971192,11.454999828338623,11.432499885559082,11.396666542689006,22775.4,72.65628364451243,74.17432639802598,0.003493534567510892,0.006433738100053346,-0.0029402035325424543,41.667896951506485,46.01270876271903,11.54617069020474,11.432499885559082,11.318829080913424,-0.28427961822996545,交叉混雜,46.0
8444,2026-08-12,5.347999954223633,5.233999967575073,5.3855000019073485,5.5186666488647464,12800.0,72.49198145411427,68.67814193324763,-0.06587623203732651,-0.07656682173928651,0.010690589701960004,53.21079794371733,50.68220532362,5.995848483788558,5.3855000019073485,4.775151520026139,0.26924321706336973,交叉混雜,2.0
8446,2026-08-12,85.53999786376953,85.2099983215332,85.66499862670898,86.5283327738444,36134.6,52.944279915549814,39.81696974833225,-0.37471318631580175,-0.4738332734162069,0.09912008710040515,64.1606158631784,52.57109484518643,87.21592411797675,85.66499862670898,84.1140731354412,0.5077918104074878,交叉混雜,38.0
8450,2026-08-12,15.039999961853027,14.864999961853027,14.942500019073487,15.377499977747599,22614.4,66.1755929344867,61.15435010004994,-0.08073764688558427,-0.14573415455047858,0.06499650766489432,70.06582383221918,56.349378898740454,15.334894909026659,14.942500019073487,14.550105129120315,1.3886538343110058,交叉混雜,25.0
8454,2026-08-12,270.9,260.9,254.925,279.15833333333336,1043539.4,65.36374040290903,68.229767145646,-1.2848051863774685,-5.54796069509828,4.2631555087208115,55.97906016547252,52.51716419618473,279.615238855403,254.925,230.23476114459703,4.932823379425316,交叉混雜,79.0
8455,2026-08-12,24.520000076293947,24.285000228881835,25.007499980926514,30.038333320617674,3861.0,70.83492219555063,51.897049393731876,-0.879421628893752,-1.0939503235135597,0.21452869461980772,57.98578660443231,48.15354421849103,27.42395084019627,25.007499980926514,22.59104912165676,0.3698906352644735,交叉混雜,55.0
8462,2026-08-12,170.6,168.9,163.325,150.50833333333333,202034.4,73.6896096689442,67.25394235456812,5.488489407073388,4.752919369241666,0.7355700378317218,77.32581008820958,71.67648723015216,176.94107022679674,163.325,149.70892977320324,9.59742844022655,多排,76.0
8463,2026-08-12,20.809999465942383,20.909999656677247,21.15499973297119,21.46583325068156,77466.2,21.768361942481025,25.401390154919376,-0.19546101261902749,-0.16335425508311763,-0.03210675753590986,26.846117429529016,35.5662322997979,21.727069136136667,21.15499973297119,20.582930329805716,-1.914439792405092,空排,23.0
8464,2026-08-12,386.2,382.15,374.675,352.7583333333333,530407.0,63.541882400914886,60.84635825477734,8.092157478112654,7.106054367001958,0.9861031111106957,65.57039793955849,64.83057987845234,396.18209797155555,374.675,353.1679020284445,4.357109494895573,多排,61.0
8466,2026-08-12,16.610000228881837,16.66500015258789,16.947500133514403,16.45666675567627,21400.0,25.660670711384675,29.404625012177533,-0.08019115416694333,0.013763594169995615,-0.09395474833693895,26.06814312083293,38.44033470251765,17.725807789485014,16.947500133514403,16.169192477543792,-4.115652031387606,交叉混雜,18.0
8467,2026-08-12,101.78000030517578,100.5,101.85,115.63333333333334,40565.6,41.91358626683149,35.30562304225991,-3.0813635536964767,-4.277944918075112,1.196581364378635,52.63559152972434,46.04533972965433,107.80615545492842,101.85,95.89384454507157,0.638193421698582,交叉混雜,4.0
8473,2026-08-12,41.95,41.35499992370605,42.570000076293944,46.517499987284346,775203.4,70.37628535543979,51.54645829971815,-1.1216381268969613,-1.3752936655435495,0.2536555386465882,61.41192366350774,49.13190804778288,46.13184456626291,42.570000076293944,39.008155586324975,0.6577364278255504,交叉混雜,75.0
8476,2026-08-12,20.40999984741211,20.050000190734863,21.435000133514404,20.533333412806194,415163.0,42.5178451612102,38.24294943144565,-0.568597846668208,-0.4343741685444936,-0.13422367812371439,42.740594818167295,42.365867883984386,25.260688626952277,21.435000133514404,17.60931164007653,-5.994870571402447,交叉混雜,69.0
8477,2026-08-12,15.759999656677246,15.72999973297119,15.629999828338622,16.778333218892417,17420.2,67.07969073176235,68.96031741204277,-0.12333072655126287,-0.1915911077159222,0.06826038116465932,46.02754096238905,46.77833501746178,16.19605708243577,15.629999828338622,15.063942574241473,0.12795771216445984,交叉混雜,70.0
8478,2026-08-12,148.6,149.6,150.525,153.01666666666668,161715.6,25.51898351487978,37.81454164050311,-1.6080898863323227,-1.223770091774206,-0.3843197945581167,24.92066817657323,35.89113360324474,154.883597070315,150.525,146.166402929685,-3.00614515861153,空排,12.0
8481,2026-08-12,40.49000015258789,40.260000228881836,40.51250019073486,41.21416664123535,9022.2,80.50113072306848,63.921778302415746,-0.27436547530498245,-0.3644520113702757,0.09008653606529327,64.99450481191515,51.68398403707073,42.48143547088296,40.51250019073486,38.54356491058677,0.7096551557473009,交叉混雜,47.0
8482,2026-08-12,49.48999938964844,49.93999977111817,49.33749980926514,48.9625,2602.0,30.808586165077536,35.75462916027818,0.1825356387292203,0.2312899881989741,-0.048754349469753794,45.30349084849347,48.50684541131314,51.776196136696555,49.33749980926514,46.898803481833724,-0.5827222159940149,交叉混雜,50.0
8487,2026-08-12,72.48000030517578,73.65999984741211,74.52999992370606,76.26151212056477,33892.6,33.75377217926405,34.07624687788377,-1.1044378516202897,-0.8554121168860913,-0.24902573473419842,29.112425389851964,32.1365216366592,77.20786235388591,74.52999992370606,71.8521374935262,-2.857907419841086,空排,59.0
8488,2026-08-12,10.069999885559081,10.063999938964844,10.139499998092651,10.087666670481363,177820.0,27.30715333816704,30.173244798671902,-0.025744148627476093,-0.01231871737343478,-0.013425431254041314,43.482669969815596,45.98166102762033,10.36859207085566,10.139499998092651,9.910407925329642,-1.3758074670239406,交叉混雜,44.0
8489,2026-08-12,22.970000076293946,22.63499984741211,22.76249990463257,22.674166679382324,20415.8,81.48321365479117,73.75781976357946,0.08291659234509297,0.006322064292426816,0.07659452805266614,67.1505004922954,57.98848493143891,23.816752214377022,22.76249990463257,21.708247594888118,1.4827039132396416,交叉混雜,5.0
8499,2026-08-12,260.4,250.7,258.65,287.125,38191.8,74.18399616137688,60.3700967366893,-7.562980036960653,-10.724877191690112,3.161897154729459,65.08915719095194,50.97456356946208,289.2064189139079,258.65,228.09358108609206,2.64836651846125,交叉混雜,30.0
8905,2026-08-12,34.61000061035156,33.14500064849854,31.627500343322755,30.385000133514403,6303.0,95.7095671146962,91.688633226927,1.2695531729059937,0.8093571020567063,0.4601960708492874,78.99163471702468,71.80221048404631,36.01713903181275,31.627500343322755,27.23786165483276,10.347011768342442,多排,70.0
8906,2026-08-12,27.84000015258789,26.880000114440918,26.49749994277954,26.876666609446207,35056.2,82.52088128522354,80.62770193506475,0.16063203678653792,-0.17693039886854472,0.33756243565508265,67.45786039447218,60.7915172497524,28.55674786728113,26.49749994277954,24.438252018277954,6.991227258007729,交叉混雜,47.0
8908,2026-08-12,39.82000045776367,39.85000038146973,39.59000015258789,40.51000010172526,30226.8,83.57953346248156,80.1825168985671,-0.05562907853195043,-0.15419101925552853,0.0985619407235781,60.77714052545186,53.77410881418283,40.33664211973584,39.59000015258789,38.84335818543994,1.0356146648948896,交叉混雜,46.0
8916,2026-08-12,42.55,42.70999984741211,42.4875,43.77833340962728,228025.4,44.59918036912035,61.076453319498775,-0.3217716056951119,-0.27661101337854954,-0.04516059231656233,15.674568842001548,24.081044971314753,43.96108321683177,42.4875,41.01391678316823,-5.7369832608165945,交叉混雜,17.0
8921,2026-08-12,17.15,17.314999961853026,17.487499904632568,17.91333335240682,1616.6,22.846853979627948,37.17220332155721,-0.19890745953788525,-0.16127504976635032,-0.037632409771534925,27.328147003245178,35.08773530055173,18.07408194972857,17.487499904632568,16.900917859536566,-2.7877049737877355,空排,40.0
8924,2026-08-12,51.7,52.54999961853027,54.41499996185303,57.170000012715654,82880.0,15.092752422743594,12.821867027552766,-1.5401146370716745,-1.2975852292985304,-0.24252940777314413,24.42590673425785,28.869417963139668,58.66174528840287,54.41499996185303,50.168254635303185,-4.805661539328669,空排,10.0
8926,2026-08-12,59.01999969482422,60.05999946594238,62.10999946594238,69.125,7006961.6,28.708049706702894,35.849791957743584,-3.1654334153362953,-2.787967037732718,-0.3774663776035774,28.357124950109068,31.347137108998353,68.41585279009138,62.10999946594238,55.80414614179338,-8.549348373112672,空排,71.0
8927,2026-08-12,20.40999984741211,20.079999923706055,20.06999988555908,20.32749996185303,232602.0,54.942139120169685,59.89596214545409,-0.14837264867729516,-0.18454874500399196,0.0361760963266968,46.145067989748284,46.43085343927791,21.139874017694144,20.06999988555908,19.00012575342402,-0.3487787043259934,交叉混雜,13.0
8928,2026-08-12,23.270000076293947,22.775000190734865,22.882500171661377,21.96583340962728,24752.6,64.87042126183252,50.68639372216836,0.26942340100907813,0.20073796335532518,0.06868543765375296,78.3082091389339,66.29602463154345,23.836866716324394,22.882500171661377,21.92813362699836,3.354089112252686,交叉混雜,44.0
8929,2026-08-12,13.339999961853028,13.25999994277954,13.507499933242798,13.96166664759318,40548.8,41.144479042274206,36.1607318880794,-0.21069686503018126,-0.23671938978758417,0.02602252475740291,61.47740892559631,47.739919927719264,14.220739190017614,13.507499933242798,12.794260676467982,-0.055524214546468734,交叉混雜,18.0
8930,2026-08-12,30.35999984741211,30.420000076293945,30.73500003814697,29.23166669209798,40220.0,37.470603928475754,51.167723230034824,0.14748160530228915,0.3170368903625623,-0.16955528506027312,31.891334361594204,43.651004701995824,32.001200447214174,30.73500003814697,29.46879962907977,-2.716773771206543,交叉混雜,55.0
8931,2026-08-12,40.60999984741211,40.87000045776367,41.41750011444092,42.07083333333333,39322.6,27.681148490565107,28.232402044457316,-0.454739474855657,-0.33771341661920806,-0.11702605823644896,27.85110724974588,34.86842446200788,42.777559778482434,41.41750011444092,40.057440450399405,-2.21524744831477,空排,23.0
8932,2026-08-12,102.7,98.05999984741212,105.15999984741211,105.55166651407878,2061443.8,80.67608507997208,64.33463210747338,-2.0836405287031425,-2.6519212664862537,0.5682807377831112,66.25134699611617,54.44779088418255,128.3825304567443,105.15999984741211,81.93746923807994,2.22518082539297,交叉混雜,73.0
8933,2026-08-12,4.5279998779296875,4.409999942779541,4.466999983787536,4.546500015258789,145983.0,67.00265912855187,56.754544967839074,-0.02353061450685079,-0.060562105931480044,0.037031491424629255,57.060990966568006,52.810585528890236,4.782501229808467,4.466999983787536,4.151498737766605,1.6342059174039876,交叉混雜,6.0
8935,2026-08-12,17.7,17.479999923706053,18.0875,20.50583340326945,112823.0,63.10120380819336,49.053819560667286,-0.8266449136962208,-0.9583164337760615,0.13167152007984062,55.975703970038865,42.29735835840078,19.848742256627897,18.0875,16.3262577433721,-0.4837595024187897,交叉混雜,39.0
8936,2026-08-12,52.34000015258789,51.87000007629395,52.14500007629395,54.64000002543131,940254.0,65.56397500697805,64.46239521138045,-0.7832816246232639,-0.9737469771953844,0.1904653525721205,45.72908803783037,43.9561764481617,54.00592756681456,52.14500007629395,50.28407258577333,-0.27807091011946583,交叉混雜,51.0
8937,2026-08-12,23.739999771118164,23.774999809265136,24.169999885559083,26.311666584014894,73645.4,56.26867816997878,56.14419059844815,-0.7082813538341846,-0.8256591132952941,0.11737775946110951,51.83456116206275,44.58277427606888,25.65018470732851,24.169999885559083,22.689815063789656,-0.9102156543702472,空排,4.0
8938,2026-08-12,52.880000305175784,53.489999771118164,54.78499965667724,53.989999834696455,111339.6,12.170510258091241,15.605106197309805,-0.5266348797865348,-0.19764506802548265,-0.32898981176105213,20.50288914386843,33.24676586621463,57.83564190877061,54.78499965667724,51.734357404583875,-3.988320153781072,交叉混雜,20.0
8940,2026-08-12,15.330000305175782,15.390000152587891,15.71749997138977,16.31083343823751,26776.4,17.55364655105683,14.132603983181266,-0.2955669156824605,-0.27641196716218774,-0.019154948520272774,10.387719400806759,21.757270812497097,16.41507053064109,15.71749997138977,15.019929412138454,-2.6562734621592057,空排,9.0
8941,2026-08-12,43.62000045776367,43.45,43.37749977111817,43.41249974568685,5718.2,94.26031625875984,90.19725202981859,0.09499129638273729,0.0074182496566609375,0.08757304672607635,78.93199245146727,64.43985152029771,44.051431761588304,43.37749977111817,42.70356778064803,1.665607070059821,交叉混雜,39.0
8942,2026-08-12,38.96999969482422,37.91499977111816,37.97749977111816,40.024166425069176,194678.4,84.7525750207074,75.22541208338271,-0.24515256487509873,-0.6791363495071019,0.43398378463200316,84.6651014074596,65.54628862919017,40.39181537200844,37.97749977111816,35.563184170227885,5.457177219229473,交叉混雜,51.0
8996,2026-08-12,1098.0,1012.8,1007.1,1186.1833333333334,2964927.4,84.46806158821838,72.23488617973675,-29.23352447730872,-60.86934969495972,31.635825217651004,68.74832649556217,57.36682854729804,1208.0439827676591,1007.1,806.1560172323409,16.1751563896336,交叉混雜,94.0
9103,2026-08-12,5.238000011444091,5.182999992370606,5.252000021934509,5.294999996821086,680187.6,55.121689956172105,45.62716539016233,-0.00221832543914946,-0.0036705065686175814,0.0014521811294681214,49.830767014013894,49.860339316514356,5.576481856183673,5.252000021934509,4.9275181876853456,-0.6092961083246877,交叉混雜,57.0
9105,2026-08-12,8.228000068664551,8.14800009727478,8.259000134468078,8.880333391825358,12261088.2,70.90553603761327,66.2248934237385,-0.15199554902609158,-0.1981736473435984,0.04617809831750683,57.9055548927797,49.2772991073563,9.02187293313479,8.259000134468078,7.496127335801365,0.8596656748032555,交叉混雜,83.0
9136,2026-08-12,11.370000076293945,11.260000038146973,11.400000095367432,13.115833377838134,211346.6,52.38493926390782,44.526959578798035,-0.44504032703873797,-0.5631238637429125,0.11808353670417449,51.040997101085715,42.310553731189025,12.272986530175782,11.400000095367432,10.527013660559081,-4.182782054509765e-06,交叉混雜,82.0
9802,2026-08-12,71.80000152587891,71.44000091552735,72.5800006866455,74.74166679382324,1134767.8,58.12355806328682,44.490753202750284,-0.7173147695682758,-0.9509353800396081,0.2336206104713323,54.89066042513807,50.5828440062412,76.31580239880918,72.5800006866455,68.84419897448183,0.3031170612165443,交叉混雜,14.0
9902,2026-08-12,13.760000038146973,13.684999942779541,13.699999904632568,13.767499939600627,84837.0,75.05517759430161,61.187481855135076,0.0006667139191520732,-0.02534172647487477,0.026008440394026843,61.34761154243575,54.42958865546125,14.006078722342206,13.699999904632568,13.39392108692293,1.0948939991338018,交叉混雜,25.0
9904,2026-08-12,23.95,23.920000076293945,24.125,25.05333331425985,12870522.0,53.9013198228059,44.899021561699115,-0.2538990716772531,-0.3047178424539146,0.05081877077666147,47.82329678401789,43.94437125633553,24.70944733068472,24.125,23.54055266931528,-0.7253854385929405,交叉混雜,19.0
9905,2026-08-12,21.29000015258789,20.98500003814697,20.820000171661377,20.85416669845581,222768.4,87.28704034376403,74.42250454791545,0.13966019023786913,0.01989190931208229,0.11976828092578684,89.5059709985664,76.08672469348812,21.471637479228953,20.820000171661377,20.1683628640938,3.986548703292661,交叉混雜,59.0
9906,2026-08-12,40.12999954223633,39.65,39.97500019073486,40.22333329518636,52270.8,73.09210684926167,56.512030492432984,-0.12354798988972959,-0.34486527530028604,0.22131728541055645,74.16966110015139,59.8106422782744,41.9494412984346,39.97500019073486,38.00055908303512,4.065036336792475,交叉混雜,49.0
9907,2026-08-12,14.710000038146973,14.825000095367432,15.005000066757201,15.576666673024496,2910125.0,36.36520984817333,30.28366075701404,-0.2004269472520459,-0.21022707218850123,0.009800124936455323,53.156001398708895,46.18395209055758,15.54682939120861,15.005000066757201,14.463170742305794,-0.6997697284890457,空排,19.0
9908,2026-08-12,29.049999618530272,29.104999923706053,29.17249994277954,29.39249979654948,111839.8,34.284793382801084,37.75466029207597,-0.12408384161398445,-0.11031888995910201,-0.013764951654882437,34.645156825085465,38.88406584137975,29.45991147079103,29.17249994277954,28.885088414768052,-0.5913101143813252,空排,44.0
9910,2026-08-12,70.33999938964844,69.25,68.90500030517578,71.78833351135253,1244824.8,67.75880301027244,57.06974630581526,0.003621825531112677,-0.48357197464796897,0.48719380017908165,68.15378745848729,58.09799927062189,71.57134012275914,68.90500030517578,66.23866048759241,3.0404175104065114,交叉混雜,9.0
9911,2026-08-12,82.38000030517578,82.1,82.50499992370605,83.06500002543132,233919.2,46.93454299619593,42.51046347815456,-0.306936834906665,-0.337728881600752,0.030792046694086972,44.22779356461433,44.252610928834784,83.87762659597959,82.50499992370605,81.13237325143251,-0.4908810980661422,交叉混雜,44.0
9912,2026-08-12,12.469999885559082,12.630000019073487,12.619999980926513,12.576666641235352,192584.4,33.08526860574028,40.11289307253762,-0.022151416002445856,0.007485161813834349,-0.029636577816280204,46.509428851004024,46.59625274988102,12.897962758406445,12.619999980926513,12.342037203446582,-0.5546734571905356,交叉混雜,58.0
9914,2026-08-12,86.78000183105469,82.0000015258789,80.9550006866455,74.92666689554851,6474502.8,79.96401642501392,66.27710954654418,3.357591548660764,1.9112440149137353,1.4463475337470288,85.2219033670948,77.13070544642886,91.16077427483911,80.9550006866455,70.7492270984519,15.249215317650863,多排,72.0
9917,2026-08-12,107.7,108.45,108.85,110.98333333333333,228463.6,12.354096627533417,19.89984840903125,-0.4908205235344525,-0.3779497324098222,-0.11287079112463028,29.352244111901385,40.74538380427606,111.2363647755727,108.85,106.46363522442729,-1.2402388608176338,空排,43.0
9918,2026-08-12,42.6,42.614999771118164,43.12249984741211,43.371666463216144,28120.0,41.72312975843779,32.03152956608426,-0.2497742008492878,-0.21370367507512547,-0.03607052577416234,51.50680083582745,45.65545387635232,44.307704969591704,43.12249984741211,41.93729472523251,-0.7478708597431073,空排,59.0
9919,2026-08-12,13.969999885559082,13.879999923706055,13.999999952316283,14.00666659673055,227798.8,56.98913196587156,47.04105796117635,-0.01057580620865295,-0.01628105565768481,0.005705249449031859,54.7372805846533,51.602139210814556,14.537048427483345,13.999999952316283,13.462951477149222,3.4059797638046437e-07,交叉混雜,25.0
9921,2026-08-12,100.91999969482421,92.82999954223632,89.40499954223633,78.85666631062826,7109798.8,84.84921051057069,73.12463764883174,6.339761966499708,4.0065597787236085,2.3332021877760996,83.49774166083597,79.06370822915487,105.82533062924966,89.40499954223633,72.98466845522299,21.91711935360694,多排,77.0
9924,2026-08-12,38.6,38.625000381469725,39.2600004196167,40.43750031789144,216575.2,28.18504726417204,26.864927307996048,-0.511933713730329,-0.49113816149631545,-0.02079555223401358,35.91848077329064,35.74026221998386,40.77955703492464,39.2600004196167,37.74044380430876,-2.0631677229237204,空排,12.0
9925,2026-08-12,40.07999954223633,40.199999237060545,40.57249984741211,40.58166662851969,475646.8,25.695416855658706,25.994116647978625,-0.20874936587092208,-0.1514754147796523,-0.05727395109126979,34.94252281050473,37.88291304129189,41.66384207353675,40.57249984741211,39.48115762128747,-1.1645853104147716,空排,48.0
9926,2026-08-12,49.22999954223633,49.33499946594238,49.56249942779541,49.43666655222575,9414.0,25.022970753885836,33.007829380146205,-0.12685541025996372,-0.058509810496208854,-0.06834559976375487,36.66318539761087,42.323201452188385,50.57861934729886,49.56249942779541,48.546379508291956,-1.134929501719097,交叉混雜,48.0
9927,2026-08-12,69.18000030517578,69.20000076293945,69.35500068664551,68.95666694641113,128691.8,54.593003639233814,47.161423068277585,0.03363604849813839,0.06240593132039574,-0.02876988282225735,57.12978788948666,53.41958400396236,70.4853940214659,69.35500068664551,68.22460735182513,0.3532517987888335,交叉混雜,35.0
9928,2026-08-12,18.230000305175782,18.140000343322754,18.067500114440918,18.189166673024495,36449.6,62.79834546406041,53.795343611288594,-0.006925595432267784,-0.04344264475997245,0.036517049327704665,69.61365453553859,57.25983013889355,18.487117925294637,18.067500114440918,17.6478823035872,1.5635824836830243,交叉混雜,60.0
9929,2026-08-12,11.439999771118163,11.359999847412109,11.40499997138977,11.454166666666667,4602.6,55.675251187534926,50.954655324010666,0.012144013126615505,-0.002535398983279598,0.014679412109895103,54.046947041670926,51.80034496098819,11.754285117993222,11.40499997138977,11.05571482478632,0.3945623672797142,交叉混雜,46.0
9930,2026-08-12,62.279999542236325,62.55999984741211,63.02999992370606,65.9066670735677,107332.6,37.834453646348976,34.72838735331483,-0.7970375063172241,-0.8622580214406387,0.06522051512341454,31.825284497321647,34.7795441603605,64.29174499686604,63.02999992370606,61.768254850546064,-1.1581797358862949,空排,25.0
9931,2026-08-12,33.779999542236325,33.77499961853027,33.85499992370605,34.10749994913737,12811.8,50.978720006504304,42.87169155358089,-0.0511257423376108,-0.0685452246945256,0.017419482356914803,53.82136665282014,50.431228815293295,34.17765434677736,33.85499992370605,33.53234550063475,-0.014773149006736184,交叉混雜,48.0
9933,2026-08-12,38.76000061035156,37.39000053405762,38.44250011444092,40.289166641235354,3218830.2,77.11078209197032,58.597775818877,-0.4177689079754714,-0.8492096783906039,0.4314407704151325,84.73889402081154,68.15441523676,42.29234924836984,38.44250011444092,34.592650980512,9.254080444738577,交叉混雜,80.0
9934,2026-08-12,11.389999961853027,10.969999980926513,10.812500047683717,10.424833345413209,4186813.0,79.81495002486915,72.87263893640807,0.2770008593517854,0.15595316930610217,0.12104769004568325,71.15642639033238,67.89151173402348,11.713303685971505,10.812500047683717,9.911696409395928,9.59537876726545,多排,75.0
9935,2026-08-12,20.170000076293945,19.885000038146973,19.512500190734862,19.189166673024495,641537.8,61.324482847712474,70.65039080134423,0.3085642934613517,0.21522721110767135,0.09333708235368038,57.87890868106,59.094844881426745,20.60258684210894,19.512500190734862,18.422413539360782,3.267133486553999,多排,58.0
9937,2026-08-12,55.13999938964844,55.37999992370605,55.41499977111816,55.5,18712.4,22.88729343028261,31.193847911948456,-0.11284927259702471,-0.046799326792679195,-0.0660499458043455,35.19721136259193,43.24921148830479,56.21309041903309,55.41499977111816,54.616909123203236,-0.748894293661002,空排,37.0
9938,2026-08-12,42.26999969482422,43.33499984741211,45.05999965667725,44.76583321889242,1283574.8,11.987746151825402,12.938727882173538,-0.9100056039144562,-0.47449455762484083,-0.43551104628961534,28.777487405752836,33.2199984492825,49.26445818455619,45.05999965667725,40.85554112879831,-5.681313085180846,交叉混雜,20.0
9939,2026-08-12,140.2,135.15,132.1,128.49166666666667,3111262.4,61.78047571016029,71.49210748605228,3.0856642806359673,2.4200947269401674,0.6655695536958,45.29350373840543,52.759601291040305,143.49990766352124,132.1,120.70009233647875,1.438304314912949,多排,62.0
9940,2026-08-12,21.029999923706054,20.789999961853027,20.557499885559082,19.728333282470704,484379.8,75.81264263955862,66.9441183491495,0.37228386079238973,0.29256523512964705,0.07971862566274268,77.54090664305032,71.06753808363138,21.399974296445414,20.557499885559082,19.71502547467275,5.557586689726496,多排,56.0
9941,2026-08-12,84.5,83.12000045776367,82.8,80.84333330790201,1257841.8,82.00689931270064,69.07994113793175,0.8922629908412176,0.5412535792310353,0.3510094116101823,78.98858086734488,67.84540134995024,85.58643239915209,82.8,80.0135676008479,3.5024117732393605,多排,59.0
9942,2026-08-12,116.6,115.35,119.125,118.88333333333334,134289.0,48.859012631603896,43.81073097161251,-1.0882335738844802,-0.8699853741957161,-0.21824819968876408,43.55637022896711,43.44477356380898,127.5472449813763,119.125,110.7027550186237,-2.6232948583420774,交叉混雜,54.0
9943,2026-08-12,51.54000015258789,51.62999992370605,52.239999771118164,54.728333155314125,71641.0,34.553567042463754,29.98942712242876,-0.8340297430230663,-0.9010976530909108,0.06706791006784452,39.09878904642996,33.82955860519449,53.72309708522964,52.239999771118164,50.75690245700669,-1.416538618607128,空排,19.0
9944,2026-08-12,17.54000015258789,17.620000267028807,17.787500286102294,17.538333415985107,45922.8,29.331267001079937,24.274190040497977,-0.05340885334058498,-0.003364535281979179,-0.050044318058605805,51.749867200058766,48.4398822804479,18.302409646299562,17.787500286102294,17.272590925905025,-0.773018498161048,交叉混雜,59.0
9945,2026-08-12,26.920000076293945,26.84000015258789,26.585000038146973,25.87333329518636,4963726.6,70.86161188754616,64.66797777210066,0.24371035360032778,0.18910498933832676,0.05460536426200102,65.11168713782854,60.024594970764134,27.35489423333518,26.585000038146973,25.815105842958765,2.313337310174957,多排,55.0
9946,2026-08-12,18.190000152587892,18.059999847412108,18.07750005722046,18.275833320617675,240599.2,76.36472742629826,63.234890943581476,-0.10496153633333805,-0.18490619996377927,0.07994466363044123,78.85331606482117,62.07363376841132,18.59097655559601,18.07750005722046,17.564023558844905,4.273269654565531,交叉混雜,65.0
9949,2026-08-12,23.809999465942383,23.479999542236328,23.59749984741211,24.535833199818928,21534.4,59.09312400413661,44.57627946798455,-0.4300165458960201,-0.5728663906881334,0.14284984479211327,68.46855710987195,50.716042527667156,24.570003830915844,23.59749984741211,22.624995863908374,2.3413487644486866,交叉混雜,66.0
9950,2026-08-12,10.45999984741211,10.40999984741211,10.392499876022338,10.6149999777476,31408.0,85.93759029218974,81.26006200495141,-0.02428298824201036,-0.04583672475491114,0.02155373651290078,45.2549815089046,47.5275034933038,10.692104678440758,10.392499876022338,10.092895073603918,0.07216495162284052,交叉混雜,42.0
9951,2026-08-12,53.07999954223633,52.820000076293944,52.820000076293944,53.02000007629395,40684.6,72.31296296690262,64.04750935189637,-0.01809321205885084,-0.1066248064843758,0.08853159442552497,63.860247517754686,55.34100025631901,53.69683656100068,52.820000076293944,51.94316359158721,0.9087450966930812,交叉混雜,38.0
9955,2026-08-12,24.40999984741211,23.589999771118165,23.80999975204468,26.027499930063883,512274.8,71.14119897041024,59.005596457834784,-0.3912946017243293,-0.7048131010125709,0.3135184992882416,65.10041229283891,54.20732891346367,25.42329951966569,23.80999975204468,22.196699984423667,3.5279289174014385,交叉混雜,14.0
9958,2026-08-12,112.1,108.45,109.8,111.625,2553402.2,59.04091633029511,61.09740408547093,-0.7977272620720299,-1.3228044610880392,0.5250771990160092,39.96738510080184,43.541005393601864,119.21107969642743,109.8,100.38892030357256,-2.550091074681236,交叉混雜,10.0
9960,2026-08-12,31.20999984741211,31.685000038146974,32.13500003814697,32.08583342234294,13630.2,44.77694107315566,39.23645108384639,-0.29394062094385376,-0.24029389010060545,-0.05364673084324831,59.488852758148546,53.04458366027516,34.12394293784522,32.13500003814697,30.146057138448718,1.1358330836151993,交叉混雜,77.0
9962,2026-08-12,10.151999855041504,9.967999935150146,9.893500089645386,9.799500052134196,118234.4,89.43949176666608,88.792704463028,0.10356128493266503,0.04290651051772973,0.0606547744149353,92.53315134638434,81.83365893451423,10.262240338734669,9.893500089645386,9.524759840556102,5.119518110835154,多排,44.0
2719,2026-08-12,21.470000076293946,21.545000076293945,22.357499980926512,24.019999980926514,3804.0,32.14826798801432,27.80925728848704,-0.7383155479285328,-0.7318031779330613,-0.006512369995471556,26.25819115951522,35.816410623281314,24.826097421586265,22.357499980926512,19.88890254026676,-5.177230097168903,空排,4.0
2947,2026-08-12,62.29999923706055,62.32999954223633,63.675,71.65090916951497,9138.6,21.65012010635637,24.529928847910497,-2.346009666796661,-2.699859733834651,0.3538500670379898,40.34159287035184,35.7925348775466,67.8741857327342,63.675,59.47581426726579,-2.4735006295703235,空排,6.0
2949,2026-08-12,61.28000030517578,60.08000030517578,62.60499992370605,66.1083334604899,1414.0,45.889552646428385,38.117840533058356,-2.0915888552469326,-2.2128141511169495,0.12122529587001685,45.26252435393835,40.770789298401134,69.74818873976672,62.60499992370605,55.46181110764539,-2.56369287702579,交叉混雜,38.0
3085,2026-08-12,11.84000015258789,11.990000152587891,12.052500152587891,12.192500019073487,4728.4,64.11404415038952,68.33939192647799,-0.06608569078978555,-0.049410345565392054,-0.01667534522439349,59.155556064071085,52.056971356060345,12.458345664226746,12.052500152587891,11.646654640949036,0.39411100004538413,空排,22.0
3095,2026-08-12,38.64000015258789,38.02000045776367,38.05000038146973,39.80416673024495,1411.6,55.79527582603502,56.074986547655854,-0.14401073269418418,-0.266806147329966,0.12279541463578181,46.19400481263383,47.86784958279345,39.59067658577288,38.05000038146973,36.509324177166576,-0.13140704590920183,交叉混雜,69.0
3115,2026-08-12,8.992000007629395,9.203999996185303,9.060499906539917,8.92549995581309,6402.0,39.6279426338799,52.60721604275171,0.015727119221978114,0.06459561149541922,-0.0488684922734411,32.997508662181005,43.21499454340967,9.883241902707393,9.060499906539917,8.23775791037244,-2.8751141602796513,交叉混雜,15.0
4198,2026-08-12,41.66000061035156,41.304999923706056,41.16750011444092,39.867500178019206,3020.0,57.17957552316187,48.65566391156285,0.2935914790423766,0.30612770978324044,-0.012536230740863852,58.109859188563846,53.90006422471231,43.6528841513149,41.16750011444092,38.68211607756694,1.9007728094328582,多排,72.0
4530,2026-08-12,25.350000381469727,24.920000076293945,25.260000133514403,25.478333377838133,1286.8,67.13112209411614,48.84482877538331,-0.13785293488050598,-0.2397344578964826,0.10188152301597661,65.55745231034703,53.65501174407951,26.842004488284072,25.260000133514403,23.677995778744734,1.3460025580293604,交叉混雜,31.0
4568,2026-08-12,39.93000030517578,39.53000030517578,39.6,40.580833180745444,4040.2,85.9486397542439,73.33209201435149,-0.21149409843230416,-0.37423311914722396,0.1627390207149198,69.68260209138205,55.0450189635668,40.555316947760154,39.6,38.64468305223985,1.6414141414141377,交叉混雜,41.0
5310,2026-08-12,24.979999923706053,24.95,24.81999988555908,24.439999866485596,3240.0,65.50857886400061,68.32943306523667,0.1383778515473857,0.12813052625576368,0.010247325291622006,54.372666772677746,53.32764046586387,25.638471004754273,24.81999988555908,24.00152876636389,0.7252220599148649,多排,15.0
5514,2026-08-12,13.729999923706055,13.774999904632569,13.6625,13.938333320617676,7663.8,40.153827980071554,39.252305301246366,-0.011993817948932062,-0.04486138386189305,0.032867565912960986,47.7981428720034,49.059624179247045,13.99157358065243,13.6625,13.33342641934757,0.274472528930555,交叉混雜,16.0
5703,2026-08-12,14.320000076293946,14.154999923706054,14.044999933242797,13.975833304723103,5000.2,97.84744082675309,92.69331605803748,0.11232491023816848,0.051867791360216804,0.06045711887795168,79.72965499416111,66.82590192806134,14.503716776379221,14.044999933242797,13.586283090106374,3.2395875323592773,多排,45.0
5906,2026-08-12,40.01000061035156,40.12000045776367,39.41500034332275,41.43416690826416,2002.0,53.47250487666988,61.27776623276159,0.03679593535069614,-0.05071545970202088,0.08751139505271702,34.139331591316505,42.7775586084103,41.70757443424418,39.41500034332275,37.122426252401326,-2.3214520749782555,交叉混雜,8.0
6872,2026-08-12,15.610000038146973,15.425,15.65999994277954,16.623333231608072,19406.0,44.66390420886588,34.173881506956505,-0.2601839279138449,-0.34929441070115497,0.08911048278731004,57.819322405027464,48.74398435353941,16.436361055851656,15.65999994277954,14.883638829707426,0.5747130111705796,交叉混雜,11.0
6884,2026-08-12,31.599999618530273,30.98499984741211,31.475,32.75416653951009,8614.0,76.048741941373,70.54435876369996,-0.3626637292957682,-0.500763428713151,0.13809969941738287,43.24005167564618,43.67571821497681,33.51808868962001,31.475,29.43191131037999,-1.1914205513273228,交叉混雜,7.0
7716,2026-08-12,24.170000076293945,24.23000011444092,24.35000009536743,25.039999993642173,9000.2,55.82423777860854,55.42046670406525,-0.24311374492651439,-0.23056184003694297,-0.01255190488957142,34.698652615946116,39.47471101073784,25.171423841435,24.35000009536743,23.52857634929986,-1.8480512323397065,空排,26.0
8424,2026-08-12,69.0,68.79000091552734,68.70500030517579,69.95166702270508,13425.4,83.21342156414117,79.76621860124872,-0.10188147438981332,-0.22609067946316475,0.12420920507335143,59.89866023268202,52.831521425518154,69.20542014075815,68.70500030517579,68.20458046959342,0.4293715064607746,交叉混雜,37.0
4139,2026-08-12,36.51000061035156,37.45500030517578,38.22500019073486,28.895000076293947,20486.4,43.730652490723415,51.318722454263295,1.81940553104279,2.6820368023236294,-0.8626312712808395,42.28502086626385,51.36644042658572,42.724064596749585,38.22500019073486,33.725935784720136,-5.82079837706362,交叉混雜,86.0
5205,2026-08-12,21.820000457763673,21.84000015258789,21.922500133514404,23.01333351135254,3100.4,83.07265272024068,82.01429305757264,-0.3337464096919689,-0.37034866340264005,0.03660225371067116,30.832409103094577,36.91053705581,22.35227959857455,21.922500133514404,21.492720668454258,-1.0149361123040952,空排,10.0
5276,2026-08-12,19.079999923706055,18.949999809265137,18.919999885559083,18.98166653315226,7634.0,66.049671249758,70.8534021053361,0.015019706377234598,-0.006773700921807128,0.021793407299041726,45.71989562243419,47.96358646850475,19.711667147812634,18.919999885559083,18.128332623305532,-0.6342529028772765,交叉混雜,67.0
6222,2026-08-12,20.36999969482422,20.575,20.542500019073486,20.670000012715658,9960.0,40.42021387511459,57.66496782910686,-0.10030030013346902,-0.050757348335154745,-0.04954295179831428,37.2474155723346,42.16912982160799,21.14098521098602,20.542500019073486,19.944014827160952,-2.154069062640398,交叉混雜,46.0
6542,2026-08-12,47.17000045776367,47.260000228881836,47.135000228881836,46.66166667938232,6600.0,27.626426054023653,38.088773067578266,0.15809804836715102,0.28053121296125044,-0.12243316459409942,40.65503270613569,46.23357964945363,49.40496384071302,47.135000228881836,44.86503661705065,-1.5593480416545353,交叉混雜,36.0
6751,2026-08-12,41.71999969482422,41.02000007629395,40.76500015258789,44.728333409627275,3613.2,83.81502214008717,73.75719039404734,-0.5319682499089637,-0.9638985827358806,0.43193033282691684,67.30195735797106,54.7824869026898,42.38854388027681,40.76500015258789,39.14145642489896,3.5201781061699986,交叉混雜,20.0
8047,2026-08-12,46.6,45.170000076293945,44.16500015258789,45.9991668065389,21938.6,69.2160140330503,78.22073979008367,0.22912880583741924,-0.2884379691364174,0.5175667749738366,50.47532878771365,51.85173089371602,47.89384924599284,44.16500015258789,40.43615105918295,3.022755219743571,交叉混雜,83.0
8472,2026-08-12,70.08000030517579,69.22999954223633,70.64500007629394,78.38666674296061,11236.0,58.76142268625403,43.38140892241732,-2.310895414310693,-2.9297861930364304,0.6188907787257376,52.69096080700811,44.77482988570458,78.0623266523983,70.64500007629394,63.22767350018958,-0.20525171793806357,交叉混雜,65.0
8917,2026-08-12,52.8,52.44000015258789,52.625000190734866,52.645000012715656,2449.4,84.0894740728882,80.8483673977853,-0.028518771589624237,-0.059414528184748655,0.03089575659512442,46.33274826235593,48.06850725585988,53.54695461468731,52.625000190734866,51.703045766782424,-0.23753005279204464,交叉混雜,34.0
8923,2026-08-12,18.85999984741211,18.86000003814697,18.964999961853028,19.296666526794432,401.2,31.522151080552646,29.969610520079897,-0.12653260535902433,-0.137669373782356,0.011136768423331667,44.97416668142529,45.627187226082036,19.53908929172425,18.964999961853028,18.390910631981807,-0.870027551407173,空排,36.0
