stock_code,trade_date,ma5,ma10,ma20,ma60,vol_ma5,kd_k,kd_d,macd_dif,macd_macd,macd_osc,rsi6,rsi12,bb_upper,bb_mid,bb_lower,bias20,ma_alignment,rs_rating
0050,2026-09-15,107.93000030517578,108.01000061035157,106.67250061035156,104.92733345031738,67144736.4,35.850444352170456,56.05771326031392,0.9984384554584267,1.1773523570176712,-0.17891390155924447,35.858221630122756,48.16903461375182,110.78249757398906,106.67250061035156,102.56250364671406,-0.3960726597146658,交叉混雜,89.0
0051,2026-09-15,144.33999938964843,145.03999938964844,144.3599998474121,142.25333353678386,62508.4,29.60816561584203,47.009080060357206,0.7003562329781232,1.249153071184305,-0.5487968382061819,25.424863832291692,40.81125847376634,148.61534862308866,144.3599998474121,140.10465107173553,-2.3275144437265194,交叉混雜,85.0
0052,2026-09-15,62.67999954223633,62.70999946594238,62.05999965667725,61.25,11359613.8,32.45537046111909,53.461092034341185,0.4875371187564568,0.6061205713675096,-0.11858345261105285,34.75652417287775,46.810972093329426,64.29879578355681,62.05999965667725,59.82120352979768,-0.7412200855638613,交叉混雜,72.0
0053,2026-09-15,242.18999938964845,243.09499969482422,241.50499877929687,236.9566660563151,189130.2,24.877297751599656,43.747466820858094,1.5408958042468726,2.4143120088953296,-0.873416204648457,33.28129205904378,44.911865436790116,249.37064401339484,241.50499877929687,233.6393535451989,-1.7204582500498673,交叉混雜,90.0
0055,2026-09-15,49.30799942016601,48.87099990844727,46.71949977874756,44.11483306884766,904232.8,82.96696157176703,85.11673140718429,1.6381416199167589,1.3959374930650699,0.24220412685168902,70.54157546897305,71.86699958262156,51.53344683183556,46.71949977874756,41.90555272565956,6.507986081153949,多排,90.0
0056,2026-09-15,55.43000030517578,55.375,54.259999656677245,52.42983334859212,19393181.2,55.81507504794298,69.93720667564024,0.953145710643021,0.9878162471890268,-0.034670536546005826,48.0163416347442,59.25477942687271,57.02588217028834,54.259999656677245,51.49411714306615,1.3638045484795551,多排,86.0
0057,2026-09-15,321.9700012207031,322.31000061035155,318.49750061035155,312.65916697184247,16756.8,33.66329130703576,53.736682654663625,2.952996138909043,3.5592778270985463,-0.6062816881895032,36.57350256792539,48.700935906000424,330.3558512964959,318.49750061035155,306.6391499242072,-0.3131894625358109,交叉混雜,90.0
0061,2026-09-15,23.98400001525879,24.09099998474121,24.223999977111816,24.723833306630453,78486.4,27.836043145960684,28.84753802886799,-0.19914915349797724,-0.17578530293413624,-0.023363850563840993,31.371307831001758,38.41600257310538,24.60305132497672,24.223999977111816,23.84494862924691,-1.296235675348381,空排,64.0
00929,2026-09-15,28.760000228881836,28.978999900817872,28.8939998626709,,34136389.8,26.036064726128863,38.211275492286966,-0.04350397267846873,0.02585088559767844,-0.06935485827614717,31.03152493858643,43.03968128886431,29.636240629285354,28.8939998626709,28.151759096056445,-1.5020446468505133,,
1101,2026-09-15,24.349999618530273,24.41999969482422,24.47999973297119,24.07333319981893,24807971.0,10.887424636303326,19.013176384959564,-0.008815082327071622,0.08286172802891931,-0.09167681035599093,30.63222803873967,40.630014910995115,25.21010441836007,24.47999973297119,23.74989504758231,-2.777779833856684,交叉混雜,62.0
1102,2026-09-15,35.27000045776367,35.19000015258789,34.98000011444092,34.309166781107585,6706778.8,74.62851996763825,80.10823276905668,0.38464996159886056,0.3965776543183103,-0.011927692719449767,55.21142637361525,58.57516705316746,35.72509003529763,34.98000011444092,34.234910193584206,0.6289326694647724,多排,55.0
1103,2026-09-15,13.089999961853028,13.15999994277954,13.187499952316283,13.291666571299235,285781.0,17.110824426843024,25.049480507100885,-0.0439287496252323,-0.02484943970726862,-0.01907930991796368,23.602354540871332,35.685879434833055,13.367777535578917,13.187499952316283,13.00722236905365,-1.4218005914255987,空排,48.0
1104,2026-09-15,27.08000030517578,27.29000015258789,27.0,26.866666666666667,469804.8,29.95524825509568,49.81193963280808,0.07238563068432313,0.10783687133840372,-0.03545124065408059,27.392940849935556,41.1910776146844,27.8278065279911,27.0,26.1721934720089,-1.2962977091471353,交叉混雜,34.0
1108,2026-09-15,11.240000152587891,11.440000057220459,11.592500019073487,12.348333326975505,370605.6,14.273327645028768,19.119161135804063,-0.24449952611688275,-0.211327188166817,-0.033172337950065744,6.167988312855286,15.524587725346365,12.057342796829298,11.592500019073487,11.127657241317676,-4.679748349760902,空排,9.0
1109,2026-09-15,13.40999984741211,13.449999904632568,13.497499990463258,13.881666707992554,88010.0,23.539059656844373,20.86438543503632,-0.08839301752917095,-0.09775945133626243,0.009366433807091484,49.18040028420164,44.28870504388742,13.667562075194855,13.497499990463258,13.32743790573166,-0.3519183643762354,空排,31.0
1110,2026-09-15,15.769999885559082,15.924999904632568,15.952499914169312,15.898333199818929,276102.0,16.898176237395905,31.49728650972557,-0.0735731200331653,-0.0043588414822321505,-0.06921427855093315,19.883493180018192,32.4474817322223,16.339764296832463,15.952499914169312,15.565235531506163,-3.463408861380388,交叉混雜,48.0
1201,2026-09-15,12.060000038146972,12.125,12.207499980926514,12.312499952316283,319945.4,23.061344845949748,21.36814037651398,-0.06474562248071614,-0.046580211500787554,-0.018165410979928583,38.59351946372288,40.79766818902479,12.455173278435787,12.207499980926514,11.95982668341724,-1.2901887400183032,空排,30.0
1203,2026-09-15,43.810000610351565,44.23000030517578,44.492500114440915,45.14750022888184,18519.0,29.025832545505203,38.82525032187668,-0.5206048353535877,-0.3566658066585917,-0.163939028694996,30.373834562554705,38.30930057249903,46.63216939621502,44.492500114440915,42.35283083266681,-4.141144201433603,空排,68.0
1210,2026-09-15,52.05999908447266,52.069999313354494,52.22999954223633,54.78166669209798,976244.6,32.46992737561451,43.6072431160206,-0.5881118322866499,-0.6939682213741099,0.10585638908745998,29.479478532504487,35.66618751288432,53.136350875758346,52.22999954223633,51.32364820871431,-1.2062053870128364,空排,50.0
1213,2026-09-15,7.411999988555908,7.506999969482422,7.41399998664856,7.524499980608622,12200.4,14.56597767229245,23.171769277312258,-0.01794935303683598,-0.005964661060459727,-0.011984691976376253,33.49446143163402,41.26734686277429,7.78858176849929,7.41399998664856,7.03941820479783,-3.021310086747898,交叉混雜,7.0
1215,2026-09-15,109.0,109.6,109.35,109.68333333333334,774225.2,32.06250453092546,52.134525153239146,-0.19027918665813104,0.05601502972669123,-0.24629421638482227,21.605453383686225,34.610126815038,112.3952724361776,109.35,106.30472756382238,-3.5208047553726516,交叉混雜,16.0
1216,2026-09-15,75.13999938964844,75.53999862670898,76.33999862670899,76.44999961853027,8929433.8,21.091895773163138,27.782796301712423,-0.3785971946350912,-0.16431727375870686,-0.21427992087638437,30.25574354621517,39.06743832242691,78.59005161745146,76.33999862670899,74.08994563596652,-2.4102680898729174,空排,58.0
1217,2026-09-15,9.968000030517578,9.960000038146973,9.979000043869018,9.945499928792318,291121.2,56.58023830900949,46.24840381886115,0.006825414551611786,0.01012080090524016,-0.003295386353628374,53.021131715133656,52.017907794163946,10.043530693889997,9.979000043869018,9.914469393848039,-0.09018716104464404,交叉混雜,54.0
1218,2026-09-15,14.360000038146973,14.394999980926514,14.49249997138977,15.719166723887126,529144.6,27.668692425211884,29.29477376943595,-0.30420318143947256,-0.3498775517395212,0.04567437030004862,31.97289812624942,34.355263332446256,14.831655112265187,14.49249997138977,14.153344830514355,-1.6732790882766937,空排,12.0
1219,2026-09-15,11.389999961853027,11.5,11.442499923706055,11.626666577657064,200191.6,23.813223564636406,40.25106959100546,-0.005813277568258002,0.01591620027764185,-0.02172947784589985,28.453316941570122,41.09301901445861,11.930541264438931,11.442499923706055,10.95445858297318,-2.1192931270073063,交叉混雜,23.0
1220,2026-09-15,10.810000228881837,10.790000057220459,10.834999942779541,11.185833295186361,67795.6,30.845631938067626,33.73592917170439,-0.08845999194717358,-0.10532301445982459,0.01686302251265101,39.78822088092503,39.84146152078355,11.040451930085627,10.834999942779541,10.629547955473456,-0.7844941691595065,交叉混雜,29.0
1225,2026-09-15,24.570000076293944,24.794999885559083,24.942500019073485,26.13083330790202,82847.8,31.230766506518457,24.51581505010357,-0.2557834615554242,-0.27037053194890676,0.01458707039348256,44.78350405570249,44.727622926758265,25.994953652664194,24.942500019073485,23.890046385482776,-1.1726988085377845,空排,14.0
1227,2026-09-15,28.35999984741211,28.44499969482422,28.677499866485597,29.18000005086263,410184.0,17.028759217897793,21.323895012316022,-0.21208410299067992,-0.1843174987792276,-0.027766604211452328,27.89904662722215,36.153327554306514,29.306178538803014,28.677499866485597,28.04882119416818,-1.8394220221819093,空排,46.0
1229,2026-09-15,41.01999969482422,41.43499984741211,41.67500019073486,41.293603070576985,1571340.2,16.196266647924258,25.821130024700498,-0.11368679508996848,0.09428872952783365,-0.20797552461780214,20.342483593657093,34.9889194582056,42.81263494372242,41.67500019073486,40.537365437747304,-3.17936823167272,交叉混雜,41.0
1231,2026-09-15,80.01999969482422,80.13999938964844,80.77999992370606,84.193181737264,219427.4,20.381804790704727,24.80656078081964,-0.8685446595265347,-0.9587628422418975,0.09021818271536275,24.083904730173998,34.4271473614853,82.87822048296496,80.77999992370606,78.68177936444715,-1.8321327969126655,空排,18.0
1232,2026-09-15,155.4,156.05,156.425,153.18333333333334,104327.4,31.457240211986893,42.20880583285137,0.17281087081320834,0.6093267769654197,-0.43651590615221136,36.09988806002903,44.1771696150724,158.58382521658478,156.425,154.26617478341524,-1.2306217036918723,交叉混雜,69.0
1233,2026-09-15,28.04000053405762,28.100000190734864,28.197500133514403,28.35,23400.2,15.26851538678767,21.859151945245284,-0.09493413747174273,-0.06407271995138417,-0.030861417520358564,34.29623003731072,40.68456869416404,28.78551659029936,28.197500133514403,27.609483676729447,-1.2323778717945717,空排,44.0
1234,2026-09-15,33.26999969482422,33.325,33.33249988555908,33.55583330790202,106395.0,35.13412164413233,45.17352262719555,-0.09613649267088675,-0.08793181420294333,-0.008204678467943427,30.983457008642034,39.71487956976389,33.575886182407004,33.33249988555908,33.08911358871116,-0.6975216747505799,空排,36.0
1235,2026-09-15,37.92999954223633,38.05999984741211,37.50499973297119,36.875000190734866,11200.4,41.59840032505361,53.10843771008105,0.27746190535486903,0.3609221748619561,-0.08346026950708707,32.69700931929074,44.92196792548781,39.60860570811405,37.50499973297119,35.40139375782834,-1.6131134819351134,交叉混雜,35.0
1236,2026-09-15,25.99000015258789,26.05500011444092,25.817500114440918,25.079166571299236,30826.4,52.3408438045182,71.36370071801701,0.2414046342552858,0.30465916936532283,-0.06325453511003704,23.85724656752565,44.47880382947414,26.423848323744224,25.817500114440918,25.211151905137612,-1.0361223053921689,交叉混雜,65.0
1240,2026-09-15,55.220000457763675,55.24000015258789,56.086904525756836,56.20730158487956,3167.6,61.199634198545965,51.05394268879316,-0.2955754611800643,-0.18811614133662966,-0.10745931984343463,40.01574552219195,40.912203101216605,58.03136690005391,56.086904525756836,54.14244215145976,-1.5813027485053828,空排,45.0
1256,2026-09-15,172.2,173.2,177.2,181.9,31501.4,11.902162933111864,12.596827134647153,-2.6680598898189203,-2.053674738692065,-0.6143851511268554,30.557796541624157,37.23587944722335,187.2126236111678,177.2,167.18737638883218,-3.498871331828436,空排,73.0
1264,2026-09-15,247.5,249.55,251.5,258.56666666666666,29794.2,8.578493514488331,10.29546060053085,-2.926525534730388,-2.369477508692518,-0.5570480260378696,4.567848880381661,13.333680030985263,257.6644140029761,251.5,245.3355859970239,-3.3797216699801194,空排,25.0
1268,2026-09-15,171.9,174.7,177.875,174.09166666666667,20001.4,28.758055165241466,33.087061945982185,-1.3507973331026335,-0.10706918307151844,-1.243728150031115,28.059036282728442,36.034064482076865,187.22703327174088,177.875,168.52296672825912,-3.302881236823612,交叉混雜,69.0
1294,2026-09-15,51.86000061035156,52.67000045776367,53.85000038146973,57.16638889312744,17604.2,7.594678528810709,11.421106294600659,-1.4491289382306292,-1.2291016062198932,-0.220027332010736,7.799700934647518,20.92608298620266,57.01992414771755,53.85000038146973,50.6800766152219,-5.8495814228707355,空排,8.0
1295,2026-09-15,45.16999969482422,45.30999946594238,45.644999504089355,47.11950861612956,16800.0,34.91938479980881,29.017452098667405,-0.4860802366056234,-0.48068819362678306,-0.005392042978840328,23.97363077146946,33.61681612517977,46.74231700239433,45.644999504089355,44.54768200578438,-1.7417045428974913,空排,3.0
1301,2026-09-15,64.35999908447266,65.19999923706055,63.034999465942384,59.86166623433431,20517100.8,22.284721089031507,37.356560616234276,1.511747978414057,1.9160520807238166,-0.40430410230975955,33.37878144698402,47.21362669816047,70.36719934487802,63.034999465942384,55.70279958700676,-1.6419441178889695,交叉混雜,89.0
1303,2026-09-15,234.1,232.0,219.3,194.58333333333334,56371982.6,44.70909916163766,58.65959113674208,11.91170706900067,13.022546732702168,-1.1108396637014977,40.33235623110614,51.65166603363852,261.4780686338796,219.3,177.1219313661204,1.003191974464199,多排,98.0
1304,2026-09-15,12.4,12.395000076293945,12.275000047683715,12.630000019073487,2608911.6,25.065078264102524,34.49833860664536,0.025624177857640262,0.02620447486327627,-0.000580297005636006,39.8713939793929,46.558941651338635,12.863932870982303,12.275000047683715,11.686067224385127,-1.0183334311027492,交叉混雜,61.0
1305,2026-09-15,12.099999809265137,12.18499984741211,12.15499997138977,12.314999993642171,1492596.6,13.687857352774426,25.521981838618572,-0.002070679792682384,0.046067397474711946,-0.04813807726739433,28.58156243792878,40.43520633178281,12.722450474502839,12.15499997138977,11.587549468276702,-3.743316850642578,交叉混雜,44.0
1307,2026-09-15,30.519999694824218,30.5,30.6125,31.786666615804037,348328.2,28.88012080677503,35.17600781005295,-0.25913202087069465,-0.287456752043909,0.02832473117321438,28.473230664868737,37.36185692889822,31.104408435664688,30.6125,30.120591564335314,-1.5108219892845318,交叉混雜,32.0
1308,2026-09-15,14.319999885559081,14.28499984741211,14.109999942779542,13.997500022252401,1454096.8,21.953678654694066,32.58961365942025,0.13625341631979637,0.16152351167575368,-0.02527009535595731,38.49646938615833,46.88459399125647,14.853108604382562,14.109999942779542,13.366891281176521,-1.4883084698857918,多排,65.0
1309,2026-09-15,13.90999984741211,13.769999980926514,13.494999980926513,13.845000012715657,2875255.8,37.43079329806342,47.73246816478239,0.11232122032484781,0.05446420090991578,0.057857019414932036,47.26192432308289,51.31544890732157,14.300833944023156,13.494999980926513,12.689166017829871,1.1485708619698602,交叉混雜,62.0
1310,2026-09-15,8.663999938964844,8.7,8.521000051498413,9.073333366711934,1989550.2,20.95492617052501,35.27790324341656,0.027655133125120912,0.011571310447273594,0.016083822677847318,38.20794696070237,46.399877388746646,9.126167198352624,8.521000051498413,7.915832904644204,-0.8332383734793121,交叉混雜,36.0
1312,2026-09-15,14.55,14.55,13.865000009536743,13.194999996821085,21934445.0,27.080832500489787,34.4217288324094,0.5331841709331648,0.5526343408696301,-0.01945016993646531,50.24316360362774,56.04221716971844,16.53985352572943,13.865000009536743,11.190146493344056,3.4980192686576728,交叉混雜,79.0
1313,2026-09-15,11.9,11.894999980926514,11.864999914169312,11.924166679382324,2066048.2,21.10961531899864,26.891110830590975,0.055331612825037624,0.07586299685958814,-0.020531384034550515,45.387774436704085,49.40730379829123,12.284397766997346,11.864999914169312,11.445602061341278,-0.5478274243965668,交叉混雜,68.0
1314,2026-09-15,8.157999992370605,8.146000003814697,8.09150002002716,8.241333317756652,13631186.4,26.211540164098803,31.178139442554897,0.042050649883162095,0.03344768072873855,0.008602969154423545,47.414569362562204,51.14642562782489,8.355738702203908,8.09150002002716,7.827261337850413,0.22863049625282839,交叉混雜,68.0
1315,2026-09-15,66.16000213623047,66.04000091552734,65.99500045776367,64.51166687011718,55140.4,59.989155620902054,68.50050560195339,0.3892096454104461,0.46044287527124317,-0.07123322986079705,39.02469211585673,51.724560213763226,66.63234906253984,65.99500045776367,65.35765185298749,-0.29547299742902594,多排,67.0
1316,2026-09-15,10.80999984741211,10.775,10.947499990463257,10.473000049591064,2127544.4,19.73683483521472,26.333905884834877,0.04964357109225226,0.12491746176515389,-0.07527389067290163,31.156958343959275,42.08665139554489,11.636874314290646,10.947499990463257,10.258125666635868,-5.001145214979948,交叉混雜,20.0
1319,2026-09-15,78.86000061035156,80.2,81.32999954223632,77.63833287556966,840213.8,19.262106926098795,21.152864275406603,-0.04098859182388992,0.567000278239727,-0.6079888700636169,39.835167509462565,44.56907363647333,84.78442330891757,81.32999954223632,77.87557577555508,-2.8648709644050916,交叉混雜,17.0
1321,2026-09-15,32.24000015258789,32.39499969482422,32.56499977111817,32.02166662216187,48609.2,25.619874595400006,24.002991777070537,0.021506609942115062,0.12063562430347474,-0.09912901436135968,40.60345813236321,45.93419904104973,33.592567532681855,32.56499977111817,31.53743200955448,-1.2743689487365568,交叉混雜,50.0
1323,2026-09-15,21.440000152587892,21.35500011444092,21.41500005722046,20.632500044504802,80877.8,54.0273328204605,51.28377645418928,0.16473352428665322,0.19567151068067537,-0.03093798639402215,46.85851690269004,52.536591273944595,21.750763383924777,21.41500005722046,21.079236730516143,-0.3035240512587251,交叉混雜,73.0
1324,2026-09-15,10.018000030517578,10.069000053405762,10.080500030517578,10.199000040690104,23553.0,21.235753203448915,26.179181165977585,-0.03043617210694549,-0.024216457706701177,-0.006219714400244315,40.83065927079459,44.43216575339425,10.25430876114174,10.080500030517578,9.906691299893417,-0.7985717997507435,空排,45.0
1325,2026-09-15,25.75999984741211,25.75,25.94499988555908,25.798333390553793,149726.2,35.09339650167839,42.34866685648524,-0.14280552797608692,-0.0867240191016751,-0.05608150887441182,34.711239953825014,41.49402942869384,26.692557238571556,25.94499988555908,25.197442532546606,-2.29331087575194,交叉混雜,37.0
1326,2026-09-15,69.34000091552734,70.15000076293946,66.00000057220458,63.111666742960615,25794262.8,27.291394689131025,44.74947662526915,2.2586770650420647,2.4805859669370007,-0.22190890189493606,35.375639118230495,48.432867038985,77.82593256751107,66.00000057220458,54.174068576898094,-0.30302654350430286,交叉混雜,92.0
1336,2026-09-15,16.43000030517578,16.380000114440918,16.622500038146974,15.789166673024495,383664.2,31.348667098829225,32.443824082363676,0.0844864043583975,0.17458984533805993,-0.09010344097966244,37.76245409640198,45.330135768682794,17.346141976272243,16.622500038146974,15.898858100021705,-3.143327751410216,交叉混雜,66.0
1337,2026-09-15,4.477999973297119,4.514000034332275,4.5775000095367435,4.780333352088928,258487.8,10.822014306041874,13.353527503419418,-0.07173588923074181,-0.061569884981058254,-0.010166004249683558,15.96266654869693,27.556554915993445,4.74355324964006,4.5775000095367435,4.411446769433427,-4.096125454079975,空排,23.0
1338,2026-09-15,14.410000038146972,14.40999994277954,14.452499961853027,15.504999907811483,62423.4,62.21103238439916,58.969724586485036,-0.21559654570858555,-0.2713500921348717,0.05575354642628616,41.3476094953509,40.29376014438529,14.750696282082924,14.452499961853027,14.15430364162313,-1.0551791836753686,交叉混雜,13.0
1339,2026-09-15,42.84000015258789,42.875,43.739999771118164,44.31916669209798,37400.0,30.185641422865828,26.444877409418265,-0.5529285430641124,-0.4623449550300288,-0.09058358803408362,38.858407825175306,39.73027283892315,46.26578236099739,43.739999771118164,41.214217181238936,-2.3776840732071283,空排,55.0
1340,2026-09-15,5.173999881744384,5.181999921798706,5.199499940872192,5.256499981880188,65093.2,32.72419431857173,40.45252410579185,-0.01658435295240146,-0.009798537327381101,-0.006785815625020359,30.715067372616772,39.90126192363517,5.3345982893446795,5.199499940872192,5.0644015923997046,-2.4906196881135476,空排,14.0
1341,2026-09-15,59.00000076293945,59.28000030517578,59.47999992370605,58.98333339691162,1201.6,48.68674036550159,56.01494319289868,-0.12610676684296607,0.017746680624168287,-0.14385344746713435,52.754632321064754,50.302226779847416,60.843585072126565,59.47999992370605,58.11641477528554,-0.13449629779717479,交叉混雜,58.0
1342,2026-09-15,100.42000122070313,101.51000061035157,102.40500030517578,106.55166676839193,99972.4,22.074919216389315,22.249098963961764,-1.1265885003129341,-0.9738838431456489,-0.1527046571672852,39.085376044688275,40.27662013371056,105.15222723807058,102.40500030517578,99.65777337228097,-1.8602610219214974,空排,66.0
1402,2026-09-15,28.379999923706055,28.660000038146972,28.770000076293947,28.00500005086263,7829245.0,22.153127066539728,35.49009803209594,0.10671669460482036,0.2540038144799176,-0.14728711987509724,23.900640813913967,40.75115162754726,29.966662403770545,28.770000076293947,27.573337748817348,-3.3715705132467697,交叉混雜,58.0
1409,2026-09-15,24.940000152587892,24.800000190734863,24.707500076293947,24.906666628519694,37435397.8,20.85170161235741,31.732812154389855,0.09645290071620138,0.19348699488775478,-0.0970340941715534,38.32889104738828,44.80637622184406,26.020301513131987,24.707500076293947,23.394698639455907,-3.268240231792791,交叉混雜,84.0
1410,2026-09-15,24.320000076293944,24.47999973297119,24.719999694824217,25.52833318710327,159552.6,20.811501872207753,29.65042042626294,-0.36861389875371486,-0.3322930287688871,-0.03632086998482775,19.091239861580036,30.824509126184907,25.598035650088697,24.719999694824217,23.841963739559738,-3.317152453143567,空排,17.0
1414,2026-09-15,17.49000015258789,17.739999961853027,18.64749994277954,18.809999879201253,256705.6,9.574595356345089,11.749453034439282,-0.48778063802692984,-0.30853797604035,-0.17924266198657984,24.738127571800845,31.563363694776683,20.734672462518112,18.64749994277954,16.560327423040967,-7.762430268302908,空排,40.0
1416,2026-09-15,11.339999961853028,11.494999980926513,11.669999980926514,11.25666667620341,278576.4,16.401114965904455,20.553094091581542,-0.018169082354566157,0.06778460266705834,-0.0859536850216245,13.190692751023292,33.72218312828059,12.140609861097728,11.669999980926514,11.1993901007553,-3.598971564806884,交叉混雜,57.0
1417,2026-09-15,8.095999813079834,8.176999807357788,8.22649986743927,8.434666673342386,147105.6,15.227826145767043,25.756053220639583,-0.07581897892320377,-0.055183101898899134,-0.02063587702430464,7.084899735142912,21.805872061470595,8.41448366486974,8.22649986743927,8.038516070008798,-2.996412232879705,空排,40.0
1418,2026-09-15,17.519999694824218,17.594999885559083,17.689999961853026,18.08083333969116,22519.2,37.987651275527774,38.97851546040097,-0.14343660642203204,-0.14014751253085744,-0.0032890938911745993,45.36417676433365,43.28650583719023,18.002208036325616,17.689999961853026,17.377791887380436,-0.7914116737952439,空排,38.0
1419,2026-09-15,66.78000030517578,67.00000076293945,66.45000038146972,66.28333320617676,75734.2,44.50555479745631,57.2207565696043,0.2303579983741031,0.27895445442879646,-0.04859645605469337,39.39394143863616,46.555810399862274,68.70201692887322,66.45000038146972,64.19798383406622,-0.8276882655130692,交叉混雜,67.0
1432,2026-09-15,14.979999923706055,15.005000019073487,15.020000076293945,15.111666695276897,88676.0,10.578947363742378,18.690980221734947,-0.049513973169084124,-0.052089537159275834,0.0025755639901917093,26.420495046533304,37.03999168172508,15.088056040639978,15.020000076293945,14.951944111947912,-0.46604704842371875,空排,24.0
1434,2026-09-15,17.81999969482422,17.954999923706055,17.930000019073486,17.93250010808309,1219199.0,18.980015903307308,30.834084735586295,-0.00828912732378484,0.05058147262986486,-0.0588705999536497,30.38750143435412,41.04686981386392,18.428840880319022,17.930000019073486,17.43115915782795,-2.398215385477202,交叉混雜,70.0
1436,2026-09-15,36.619999694824216,37.31500015258789,37.95500011444092,40.06333325703939,95814.4,11.815985425330323,17.24344253021757,-0.6407458156609422,-0.5087074010388772,-0.132038414622065,15.054965394298321,30.286517213788855,39.773299111957904,37.95500011444092,36.13670111692394,-4.887370925376564,空排,4.0
1437,2026-09-15,31.899999618530273,31.964999961853028,32.01750020980835,31.16250006357829,96266.8,71.22330581297736,60.77691085316306,0.2167713449791755,0.25634447885120676,-0.03957313387203126,65.01160800308352,60.31634213110903,32.43961948863628,32.01750020980835,31.59538093098041,0.7261647182575125,交叉混雜,68.0
1438,2026-09-15,21.420000076293945,21.847407341003418,22.118703746795653,22.242901261647543,47038.0,16.310136402469613,26.307559208851938,-0.2487168897248111,-0.11505212183591979,-0.1336647678888913,18.683672539963254,28.449976726347984,23.053932598475814,22.118703746795653,21.18347489511549,-4.153511862056079,空排,9.0
1439,2026-09-15,28.899999618530273,29.064999771118163,29.23499984741211,27.230833276112875,21727.4,33.13848255427664,45.57534677018501,0.17773668300654677,0.40512320299130306,-0.22738651998475629,13.930388595813909,32.60426022278321,30.06857120645621,29.23499984741211,28.40142848836801,-5.250552736392555,交叉混雜,67.0
1440,2026-09-15,13.389999961853027,13.63499994277954,13.670000028610229,13.331666692097981,2201570.0,10.066864889985627,19.899261376492156,0.011000819718214316,0.11980394222952823,-0.10880312251131391,25.275850742805773,38.54395393253463,14.268594712790234,13.670000028610229,13.071405344430223,-4.535477955945537,交叉混雜,52.0
1441,2026-09-15,8.693999862670898,8.748000049591065,8.844499921798706,9.012666654586791,47576.4,32.770951368508904,30.89585216790528,-0.0827396927320283,-0.06728894816803985,-0.015450744563988456,31.587691997142798,37.12375784933611,9.130412943170574,8.844499921798706,8.558586900426837,-2.651368276271852,空排,26.0
1442,2026-09-15,30.10999984741211,29.95999984741211,30.012499809265137,29.348333263397215,198119.2,55.864388132620846,60.946666346825396,0.11061626600311669,0.13872205383565853,-0.028105787832541834,45.53729217615743,49.935628135804265,30.708257692246,30.012499809265137,29.316741926284273,-0.3748444529773339,交叉混雜,49.0
1444,2026-09-15,6.831999969482422,6.956999969482422,7.08899998664856,7.6179999828338625,1338496.6,6.724335101116729,12.270587358335382,-0.16254871010610117,-0.13070839563636744,-0.03184031446973373,15.976535516059656,28.584249981645172,7.501177778561486,7.08899998664856,6.676822194735633,-6.051631260324871,空排,62.0
1445,2026-09-15,10.25,10.269999885559082,10.314999961853028,10.78083332379659,64641.8,35.27203626450354,41.64218997170652,-0.09703376734725921,-0.10998621151668386,0.012952444169424648,33.92387972986694,40.67495696641239,10.564420561519514,10.314999961853028,10.065579362186542,-1.5996155495197204,空排,16.0
1446,2026-09-15,13.320000267028808,13.375000095367431,13.492500114440919,14.411666758855183,79608.2,16.87844044202721,15.665616363844878,-0.20045538099495275,-0.22007244588995356,0.019617064895000813,25.656898032383694,27.847550092735432,13.764481060912809,13.492500114440919,13.220519167969028,-1.4267179697854826,空排,8.0
1447,2026-09-15,6.525999927520752,6.633999967575074,6.778499984741211,7.308333333333334,862342.6,11.677741914022004,13.00402945896937,-0.16835554800290264,-0.1348847829088737,-0.03347076509402894,11.614097466062702,27.526091305985787,7.184625506813089,6.778499984741211,6.372374462669334,-6.911559239009965,空排,73.0
1449,2026-09-15,12.250000190734863,12.230000019073486,12.315000009536742,12.888333336512249,246713.8,30.299771386212576,36.7388485097147,-0.10917919272474919,-0.11970869330987663,0.010529500585127444,36.04206799743336,40.396427409832704,12.629726390098906,12.315000009536742,12.000273628974579,-1.7458353869307355,交叉混雜,62.0
1451,2026-09-15,17.079999923706055,17.17999973297119,17.252499866485596,17.304999796549478,88521.6,22.906331117789026,33.66377734815064,-0.08409460678918634,-0.042464239386012126,-0.04163036740317422,17.84797345314611,27.579434662852194,17.508943312525453,17.252499866485596,16.99605642044574,-2.043183600540602,空排,56.0
1452,2026-09-15,11.139999961853027,11.235000038146973,11.339999961853028,11.399999968210857,31570.8,17.456302683349914,28.219468994061188,-0.08091489898472837,-0.04090121713200288,-0.04001368185272549,18.728359171194768,30.411932068413265,11.631276562150031,11.339999961853028,11.048723361556025,-2.9982360052624717,空排,44.0
1453,2026-09-15,10.970000076293946,11.020000076293945,11.14046115875244,11.18765370051066,31502.8,6.923323019892406,14.064007732338649,-0.07932579290771358,-0.04325378100065707,-0.03607201190705651,21.861269778386088,32.72500053046602,11.455673532751478,11.14046115875244,10.825248784753404,-3.056076074104851,空排,30.0
1454,2026-09-15,12.520000076293945,12.370000076293945,12.372500038146972,12.649166679382324,46439.0,57.615685121953895,52.54129964690263,-0.034886455811458106,-0.08055472010685978,0.045668264295401675,56.65340612846321,52.856196816317116,12.71351255805732,12.372500038146972,12.031487518236625,1.434634488103628,交叉混雜,47.0
1455,2026-09-15,9.822000122070312,9.889000034332275,9.955499982833862,9.613666677474976,702036.4,10.456655913114727,18.290463969068863,0.047325989263775625,0.11487194850766967,-0.06754595924389405,25.991216420648172,40.813096669597634,10.241854462617823,9.955499982833862,9.6691455030499,-3.570886464538383,交叉混雜,68.0
1456,2026-09-15,14.170000076293945,14.120000076293945,13.954999971389771,13.964166704813639,475425.4,37.616163869345584,47.976305448562044,0.07330274811070225,0.05606169003936216,0.017241058071340097,42.927350325572064,47.949060160264736,14.576458381606766,13.954999971389771,13.333541561172776,-0.39412649926376403,交叉混雜,65.0
1457,2026-09-15,14.45,14.425,14.415000009536744,14.327500009536744,69119.0,56.83366910958764,62.644831891157324,0.023985638391948783,0.02865427090287231,-0.004668632510923528,41.75825399476697,47.46962901828968,14.553030999102898,14.415000009536744,14.27696901997059,-0.4509166009296882,多排,43.0
1459,2026-09-15,15.420000076293945,15.455000114440917,15.255000066757201,15.11694442431132,111696.4,27.495655520310763,40.11197452702126,0.1910963046734384,0.19439352468489396,-0.0032972200114555483,48.76082882995711,53.66224202991137,16.153478465023714,15.255000066757201,14.35652166849069,0.622748700732845,交叉混雜,56.0
1460,2026-09-15,6.4500000953674315,6.515000057220459,6.5809999942779545,6.863333320617675,275915.2,15.59898030900741,21.297070272379678,-0.090931242822891,-0.07359518944031887,-0.01733605338257213,11.594155820419985,24.98327326375879,6.799886990413134,6.5809999942779545,6.362112998142775,-4.573769711765963,空排,45.0
1463,2026-09-15,17.220000076293946,17.275,17.38999996185303,17.623333326975505,121200.6,45.43458620450695,26.989559100856937,-0.11246862789057133,-0.11881220940840882,0.006343581517837496,65.46579506161314,55.95139494364187,17.753607887890446,17.38999996185303,17.02639203581561,1.207592984918677,空排,50.0
1464,2026-09-15,9.989999961853027,10.025000095367432,10.125000095367431,10.3350000222524,307294.8,16.17060006953336,16.77836133985579,-0.08799664720507039,-0.07758513292125911,-0.010411514283811277,23.82103535586434,32.80741704911431,10.387257655791641,10.125000095367431,9.862742534943221,-1.629630179420466,空排,42.0
1465,2026-09-15,11.939999771118163,11.94499979019165,12.022499942779541,12.445833317438762,83043.0,26.984443267089674,26.173890697388554,-0.1144789528554302,-0.12455887121410646,0.010079918358676263,47.69533808623232,44.26824949664667,12.289007809605605,12.022499942779541,11.755992075953477,-0.6030370876229174,空排,49.0
1466,2026-09-15,14.930000114440919,15.350000095367431,15.712500047683715,16.334999958674114,233127.4,8.863883706401841,11.895501349832308,-0.38578350397591343,-0.26623328475209085,-0.11955021922382258,18.110135434228226,30.131074872550528,16.754701623770792,15.712500047683715,14.67029847159664,-6.443915578971393,空排,57.0
1467,2026-09-15,8.047999858856201,8.11799988746643,8.234999966621398,8.727166644732158,160696.6,8.163820777101167,13.040951107913333,-0.2278565145724194,-0.21538289866246635,-0.01247361590995305,24.56250336199423,33.71268901386205,8.580588614838826,8.234999966621398,7.889411318403971,-4.068000881746308,空排,73.0
1468,2026-09-15,13.269999885559082,13.214999866485595,13.189999961853028,13.064166673024495,60801.8,65.82612832435142,70.64834586928716,0.003646068696419036,0.008126668275663631,-0.004480599579244595,40.01556236709752,45.57670738646882,13.556491170941692,13.189999961853028,12.823508752764363,-0.6823319229991669,多排,70.0
1470,2026-09-15,23.940000152587892,24.059999847412108,24.042499923706053,23.031666692097982,8872.8,32.29397877019721,41.35099676248494,0.1635985486136704,0.2564363274914601,-0.09283777887778971,44.78411576248398,49.65989842733714,24.70920837860372,24.042499923706053,23.375791468808387,-0.8006635867617119,交叉混雜,72.0
1471,2026-09-15,9.533999824523926,9.639999771118164,9.760499906539916,9.921333233515421,178490.0,10.630200416890798,15.21275830751412,-0.08225702937750157,-0.03770550653719136,-0.044551522840310206,22.71263745733158,35.66513344748354,10.23708775467281,9.760499906539916,9.283912058407022,-4.717993137795127,空排,26.0
1472,2026-09-15,89.26000061035157,89.35,88.9,88.82000020345052,11000.2,44.714692225244555,55.24651490050921,0.1374139880589098,0.16613157721997227,-0.028717589161062457,32.28282139699658,43.35584087373392,90.82490642996237,88.9,86.97509357003764,-0.6749122027471238,交叉混雜,53.0
1473,2026-09-15,19.879999923706055,19.995000076293945,19.98750009536743,20.05333334604899,56010.0,33.451819971797775,50.92206701298636,-0.049617805912564705,-0.013855995968471296,-0.035761809944093406,12.851357280455389,30.589920256691386,20.26636060530136,19.98750009536743,19.7086395854335,-1.6885577247120582,交叉混雜,26.0
1474,2026-09-15,9.910000038146972,9.94700002670288,9.984000062942505,10.197833363215128,64200.2,21.767066545728945,28.659428976639216,-0.06840828676071986,-0.057190092356177676,-0.011218194404542185,17.66829122156058,27.64438436895216,10.136646873405208,9.984000062942505,9.8313532524798,-2.6442287084270046,空排,37.0
1475,2026-09-15,26.139999389648438,26.19499969482422,26.23499994277954,26.732499980926512,36200.0,30.259886926967315,36.05163470340706,-0.11691076133455525,-0.1312691650401105,0.014358403705555245,53.89234144122352,49.23082662437248,26.759254266518077,26.23499994277954,25.710745619041006,0.05717574710567753,空排,28.0
1476,2026-09-15,289.4,299.35,306.95,324.6666666666667,1104646.4,7.868329941680629,14.83398383088646,-10.56728881337034,-8.486469628086981,-2.0808191852833584,8.733802134102604,21.241943978302587,329.6399003732489,306.95,284.26009962675107,-7.151001791822768,空排,12.0
1477,2026-09-15,195.6,195.75,196.85,212.00833333333333,884039.8,30.579188127950317,42.48918894862719,-4.447150919172515,-4.891219316636685,0.4440683974641706,26.493110320544673,33.00163618819916,202.72680543375427,196.85,190.97319456624572,-2.4638049276098526,空排,8.0
1503,2026-09-15,201.0,203.15,202.975,208.55833333333334,1401591.0,15.917028423699431,30.31891027662179,-0.8068044025156098,-0.044639374947691546,-0.7621650275679183,28.857955863438946,40.32807881620157,211.80363165173753,202.975,194.14636834826246,-3.929055302377137,交叉混雜,52.0
1504,2026-09-15,70.06000061035157,70.81999969482422,71.54500007629395,69.01333351135254,4644675.2,10.852225448803235,17.370572398474092,0.17392520668433065,0.6471720626617729,-0.4732468559774422,32.80586895286274,42.77529812566767,74.03072666616147,71.54500007629395,69.05927348642642,-3.5572018639737446,交叉混雜,51.0
1506,2026-09-15,9.898000144958496,9.979000186920166,10.072000122070312,10.31450007756551,256973.0,19.752218844019772,19.04150413427127,-0.122584720173597,-0.10204674024557057,-0.02053797992802643,11.691447644998945,27.287618811840545,10.338801675862069,10.072000122070312,9.805198568278556,-2.99840806837246,空排,23.0
1512,2026-09-15,6.204000091552734,6.244000005722046,6.362999987602234,6.642999990781148,28301.0,22.574766352726936,23.116813883795892,-0.12599769641003178,-0.11190947672959131,-0.014088219680440467,27.214211660516213,30.579765882087756,6.656945890608158,6.362999987602234,6.06905408459631,-3.661792764659698,空排,19.0
1513,2026-09-15,164.6,164.8,165.4,165.76666666666668,1302987.2,18.219401771620557,27.00788164233722,-0.03834626553171461,0.3983197050101356,-0.4366659705418502,34.2317050253227,43.650118529396806,169.2196169551686,165.4,161.58038304483142,-2.055622732769048,空排,60.0
1514,2026-09-15,101.11999969482422,101.55999984741212,101.90499992370606,107.03941179911295,801300.2,9.376627376377003,16.635429130826573,-0.9021819645325166,-0.8587496511052883,-0.04343231342722831,33.57298764147289,41.3680165756108,105.0782269723049,101.90499992370606,98.73177287510721,-2.2619120271926456,空排,34.0
1515,2026-09-15,30.070000076293944,30.469999885559083,32.175,33.9683334350586,910458.2,10.558144702386867,12.561055707487627,-0.8721141936813979,-0.5542705179340455,-0.3178436757473524,31.365076730620288,38.63773214206442,36.31053308630501,32.175,28.039466913694987,-9.401710587318489,空排,71.0
1517,2026-09-15,10.619999885559082,10.734999942779542,11.052499914169312,11.172499942779542,283167.6,17.739944915669426,14.597857758690973,-0.22629799948576057,-0.15523208726104534,-0.07106591222471523,28.695429268312708,34.881397888864015,11.789831530612014,11.052499914169312,10.31516829772661,-4.998868296402397,空排,51.0
1519,2026-09-15,711.2,723.2,728.05,720.9,1215735.4,7.90697399014344,18.125116411738755,-2.190254297729439,3.067037040565285,-5.257291338294724,30.141290576419678,41.23000906926147,767.4639969794301,728.05,688.6360030205698,-4.6768765881464125,交叉混雜,41.0
1521,2026-09-15,24.84000015258789,25.25999984741211,25.49749975204468,25.53416655858358,28892.0,17.61770711181985,21.083644006441673,-0.19449106428711005,-0.057765434434822814,-0.13672562985228723,30.649441042196855,35.27295069254188,26.38925993197129,25.49749975204468,24.60573957211807,-2.9316590227037276,空排,55.0
1522,2026-09-15,25.79000015258789,26.410000038146972,27.217500019073487,28.411666774749754,523180.4,7.369520923177764,11.457273787007303,-0.7575800142665052,-0.5251343084605195,-0.23244570580598578,6.9235507840062525,19.130501382883324,29.288420234713197,27.217500019073487,25.146579803433777,-7.9636292109635285,空排,5.0
1524,2026-09-15,26.089999771118165,26.454999923706055,26.91750011444092,27.269166660308837,242040.0,7.18975817910939,9.820052124907617,-0.32092060115522614,-0.18123378074440277,-0.13968682041082336,9.489084784896065,24.048677776195362,28.079746532514182,26.91750011444092,25.755253696367657,-4.151577496532996,空排,31.0
1526,2026-09-15,15.2,15.404999923706054,15.954999923706055,16.185833247502647,93958.6,6.674129369125567,10.796158265201214,-0.500173957464142,-0.3685754052349924,-0.13159855222914957,19.896496306757825,30.594861118862,17.253946873035545,15.954999923706055,14.656052974376564,-7.865873522043894,空排,37.0
1527,2026-09-15,32.45,32.575,32.65,33.1241668065389,119998.6,20.65890582947518,25.848870933942578,-0.1555160383900116,-0.127440321219388,-0.0280757171706236,16.665498646923112,30.852017555056676,32.98717110654325,32.65,32.31282889345675,-1.3782518746111654,空排,54.0
1528,2026-09-15,21.739999771118164,20.60999984741211,19.777499866485595,20.33499984741211,14212579.4,78.86776390585618,68.98352811110342,0.771741452928314,0.18900763817031047,0.5827338147580035,82.0502206987378,75.36586256469172,23.049304987557917,19.777499866485595,16.505694745413273,24.63658088705884,交叉混雜,81.0
1529,2026-09-15,15.749999809265137,16.064999961853026,16.57750005722046,17.935296980539956,267552.6,6.785237925832664,10.667626240040594,-0.5271596893560222,-0.44040014999469457,-0.08675953936132763,15.453704177847186,24.155455380900904,17.85461673523511,16.57750005722046,15.30038337920581,-8.007842271985126,空排,6.0
1530,2026-09-15,27.780000305175783,28.185000228881837,28.655000114440917,28.50186538696289,26820.4,6.42617955716643,12.641121983643533,-0.27193325640559607,-0.08143901534459086,-0.1904942410610052,21.578277285504143,34.47326132164673,30.067686787242387,28.655000114440917,27.242313441639446,-4.90315864187645,交叉混雜,52.0
1531,2026-09-15,11.660000038146972,11.765000057220458,12.3625,12.765833330154418,58020.0,6.206544321109288,8.2263388512795,-0.36773433855938364,-0.2862849966470165,-0.08144934191236713,23.082293363912555,28.449250977222448,13.807227105177502,12.3625,10.9177728948225,-6.5722937048747205,空排,42.0
1532,2026-09-15,22.589999771118165,22.754999732971193,22.854999923706053,22.695833174387612,314846.8,10.540797833797493,20.54791793760242,0.008130732193400547,0.08246182835978323,-0.07433109616638268,16.510069901641245,36.43651856953458,23.311416524987504,22.854999923706053,22.398583322424603,-2.4283556705237137,交叉混雜,36.0
1533,2026-09-15,30.54000015258789,30.79000015258789,31.185000228881837,33.143333180745444,94617.4,13.134330947469627,18.122149295927105,-0.6099520827157754,-0.5774277179293965,-0.03252436478637888,19.141568878922612,29.14856349601709,32.313623219947274,31.185000228881837,30.0563772378164,-3.960235551958068,空排,34.0
1535,2026-09-15,44.90999984741211,45.23499984741211,45.5875,47.12750002543132,56433.8,10.201613269631988,14.32502139477437,-0.47226475656996314,-0.40843632617517256,-0.06382843039479058,17.638721434271545,26.87664335397669,46.58215721362041,45.5875,44.592842786379585,-2.714563259399846,空排,23.0
1536,2026-09-15,47.199999237060545,48.13999977111816,49.01499938964844,50.007499821980794,924713.8,4.3821360278218515,8.660547993269953,-0.8905224618321412,-0.5492096829849791,-0.34131277884716216,14.37255209215111,28.75773419341138,51.62391090571433,49.01499938964844,46.40608787358254,-6.151177042114134,空排,22.0
1537,2026-09-15,114.9,115.35,117.45,123.35833333333333,56680.6,13.687443624261729,15.65394542761668,-2.6243552444003626,-2.5064061737916195,-0.11794907060874316,25.9322838202136,24.700360189911464,122.1728448161956,117.45,112.7271551838044,-2.9374201787994916,空排,35.0
1539,2026-09-15,15.569999885559081,15.610000038146973,15.662499952316285,15.884166638056437,14200.8,33.13991703953762,35.1442393071719,-0.1039152601282467,-0.10152483644391126,-0.002390423684335438,38.833262283385324,40.597943174364374,15.889319856738169,15.662499952316285,15.435680047894401,-1.037509674771001,空排,43.0
1540,2026-09-15,19.3,19.46500015258789,19.362500190734863,20.541666666666668,101356.6,15.571573256820383,27.728554842727778,-0.1988776648038133,-0.22643164986296663,0.027553985059153324,26.691336112681256,36.11815399306286,19.817732682169765,19.362500190734863,18.90726769929996,-1.355712365031998,交叉混雜,22.0
1541,2026-09-15,21.020000076293947,21.23000011444092,21.49000015258789,21.620833492279054,14450.6,15.60813871503278,18.992317362521487,-0.20649243388239213,-0.10689099725523817,-0.09960143662715397,24.745807409716278,34.608658888432274,22.19007538011222,21.49000015258789,20.78992492506356,-3.4434627609752537,空排,29.0
1558,2026-09-15,107.6,106.85,104.5099998474121,96.61666653951009,168521.2,75.66744246073785,75.5247476619949,3.0422294813633357,2.9994389346257226,0.04279054673761307,68.14672645133177,68.90399054813196,109.86159635013853,104.5099998474121,99.15840334468568,3.8178166284694504,多排,77.0
1560,2026-09-15,748.2,729.8,711.65,702.9333333333333,1576950.2,65.38737021412462,69.39303987827796,15.398496643744238,10.91089353149226,4.487603112251978,51.17476295513696,53.618021005856676,771.2213636609026,711.65,652.0786363390973,3.281107285884919,多排,92.0
1563,2026-09-15,76.23999938964843,80.17999954223633,76.79499969482421,67.02833321889241,619298.6,15.257304054961777,31.99120820209565,3.14897885664989,4.605706261908445,-1.4567274052585546,29.31135208260035,47.51615571544654,97.05254932287858,76.79499969482421,56.53745006676986,-3.639559484251927,交叉混雜,91.0
1565,2026-09-15,97.25999908447265,98.29999923706055,97.38500022888184,95.60333340962728,110909.2,18.601416667552538,34.27129956050258,0.6030234214424013,0.9527828808665024,-0.34975945942410114,35.225993771053155,46.19303459658114,101.26492032210196,97.38500022888184,93.50508013566171,-1.0114480676571431,交叉混雜,30.0
1568,2026-09-15,28.93000030517578,28.990000343322755,28.95500030517578,30.708333492279053,231870.6,46.424580358578545,49.18460415320412,-0.2053095149406694,-0.27089070033366786,0.06558118539299845,47.24338559307214,47.59214517294098,29.674576284021676,28.95500030517578,28.235424326329884,-0.535317100609825,交叉混雜,66.0
1569,2026-09-15,49.439999389648435,48.83000030517578,46.929999923706056,45.006666628519696,1176695.6,57.58102932196489,64.6761649604378,1.5573582071142766,1.3051700739189593,0.2521881331953173,57.90799591116321,59.62750204747174,51.48820845604842,46.929999923706056,42.37179139136369,5.263161317256176,多排,50.0
1570,2026-09-15,32.21999969482422,32.52999992370606,32.94250011444092,35.7300001780192,37400.4,28.351191721026282,20.781034994359302,-0.7237810377114755,-0.7788827686310187,0.05510173091954318,44.79013567534721,36.890611530275784,34.00639389214023,32.94250011444092,31.878606336741605,-1.4950272438052423,空排,65.0
1580,2026-09-15,97.57999877929687,99.78999938964844,103.19499969482422,111.86499989827475,155811.8,7.409532739269574,9.36207924221224,-3.7252578798967164,-3.2358265555477144,-0.48943132434900205,5.65107292425391,9.851079177277924,111.13914117314442,103.19499969482422,95.25085821650401,-6.9722367518792545,空排,7.0
1582,2026-09-15,70.28000030517578,71.94999923706055,73.32999992370605,74.57999992370605,325806.6,9.277385718230517,15.396534526937685,-1.1068420679222157,-0.5755283857886484,-0.5313136821335673,15.944999042976562,31.51375456582099,77.7918155209016,73.32999992370605,68.86818432651052,-5.768446002980957,空排,25.0
1583,2026-09-15,47.83000030517578,48.225,48.89321117401123,49.32107028961182,11222.0,17.69042173389334,30.266501819710367,-0.5322842964208263,-0.35778187146716806,-0.17450242495365825,27.244131566521176,37.69848832441252,52.166360517888386,48.89321117401123,45.62006183013407,-4.178929243608745,空排,54.0
1584,2026-09-15,17.920000076293945,17.925,18.0,18.502500025431313,238278.8,44.625314530923255,37.739725991950706,-0.09179597423549524,-0.11300036948033113,0.02120439524483589,54.31103528026086,49.4699526959543,18.40781821085375,18.0,17.59218178914625,0.0,空排,21.0
1586,2026-09-15,18.020000076293947,18.035000038146972,18.07249994277954,18.483333365122476,190528.8,43.063415642358315,37.27362020353988,-0.12790477177314585,-0.1426081809258976,0.014703409152751756,41.645466495075944,42.62300415390386,18.219308316638607,18.07249994277954,17.925691568920474,-0.4011616710974511,空排,10.0
1587,2026-09-15,23.55,23.794999885559083,23.962499809265136,25.060833326975505,132096.4,10.31203095890577,16.510523448715844,-0.3234743150171582,-0.29952938413240493,-0.023944930884753246,13.544758921837598,27.63066253589774,24.536382873983637,23.962499809265136,23.388616744546635,-2.9733951588375054,空排,5.0
1590,2026-09-15,1294.0,1334.0,1389.0,1397.9166666666667,792317.2,15.136714295532098,16.642821925461124,-40.53647401446369,-23.350105870603883,-17.18636814385981,22.452350721691843,31.6726601423928,1523.1483860271105,1389.0,1254.8516139728895,-7.847372210223182,空排,83.0
1591,2026-09-15,38.30999984741211,37.364999771118164,36.67749996185303,35.10916665395101,724430.4,60.355598035021025,52.67119619593168,0.7424076998972069,0.3793654247256645,0.3630422751715424,57.85435891095098,57.428491227357675,39.72302686015767,36.67749996185303,33.631973063548394,6.3322201364938175,多排,59.0
1595,2026-09-15,62.70000076293945,65.9200008392334,64.9550006866455,64.8900000890096,171824.8,9.265588878883129,20.289167468058245,-0.04245624128057557,0.6566338399827721,-0.6990900812633477,29.640417701331543,42.04523491524975,71.21346053292919,64.9550006866455,58.69654084036183,-5.011161402966881,交叉混雜,84.0
1597,2026-09-15,143.6,146.1,142.125,138.64166666666668,2099116.6,20.735583858364674,37.12640779101718,1.0862667271408384,2.2859473909078813,-1.199680663767043,32.79124934242387,42.653536823733894,157.99246091186495,142.125,126.25753908813505,-6.068601583113456,交叉混雜,88.0
1598,2026-09-15,20.59000015258789,20.425,20.409999942779542,19.98083340326945,243860.0,40.126162161966526,49.53836167843029,0.07649779747512042,0.10407820248101597,-0.02758040500589555,36.63740373081084,45.00238820129978,21.1093232773581,20.409999942779542,19.710676608200984,-1.5188611571725388,多排,54.0
1599,2026-09-15,23.370000076293945,23.164999961853027,23.107499980926512,23.392499987284342,25004.2,76.07830409252217,67.64930191800022,-0.00842843274180538,-0.09145128155247693,0.08302284881067155,62.87002222918437,56.51459347374761,23.528370094416594,23.107499980926512,22.68662986743643,1.482206133487609,交叉混雜,35.0
1603,2026-09-15,30.110000228881837,30.225,30.529999923706054,30.31666653951009,126133.2,29.208758640918383,30.494858797568547,-0.03605332364655567,0.05976995625046888,-0.09582327989702455,33.89881240316596,42.69011790439398,31.289084920006967,30.529999923706054,29.77091492740514,-1.8997679731936088,交叉混雜,28.0
1604,2026-09-15,23.460000228881835,23.495000076293945,23.38249988555908,23.336666584014893,184077.2,42.18248986851711,61.837351065134555,0.053445443481315635,0.05639742237843247,-0.002951978897116833,34.501456596466596,46.95970815375708,23.67137257701349,23.38249988555908,23.093627194104673,-0.13899071634092597,交叉混雜,53.0
1605,2026-09-15,37.37999954223633,37.70999984741211,37.992499923706056,35.89750000635783,12777442.6,17.433500078999177,25.018602473594264,0.22410816966287683,0.5737002693908586,-0.3495920997279818,24.29527397388297,40.867124585799445,39.70077052935092,37.992499923706056,36.28422931806119,-4.3232255126230745,交叉混雜,77.0
1608,2026-09-15,36.210000610351564,36.34000015258789,36.60249977111816,34.318333307902016,1939777.8,14.425145743850328,21.042295707823907,0.34506193015814546,0.6472772376108964,-0.30221530745275094,28.646523693205083,43.81305188419034,38.25221243259211,36.60249977111816,34.95278710964421,-3.285289946748684,交叉混雜,69.0
1609,2026-09-15,37.63999938964844,37.48499946594238,37.44999942779541,37.39999974568685,2602812.2,46.039564334701645,50.10108440490051,0.12428443682539836,0.15676318542094703,-0.03247874859554867,40.867818006842164,47.80562433600007,38.22323517201563,37.44999942779541,36.676763683575196,-0.6675531873851226,多排,54.0
1611,2026-09-15,11.539999961853027,11.619999885559082,11.819999885559081,12.251666609446207,385292.8,9.785837651136118,14.30043296045595,-0.17142860973177143,-0.13458592531905408,-0.03684268441271735,17.618776229797575,28.430796119571724,12.327211022083384,11.819999885559081,11.312788749034778,-4.399320641783764,空排,26.0
1612,2026-09-15,34.80999984741211,34.77000007629395,34.80750007629395,33.67333319981893,454791.2,21.73630508206472,29.69604570099221,0.32067981984025806,0.4246230513622152,-0.10394323152195711,38.40135566976424,50.53366749238851,35.344817718335214,34.80750007629395,34.27018243425268,-0.8834305124468697,交叉混雜,46.0
1614,2026-09-15,30.940000152587892,30.810000038146974,30.76999988555908,31.2033332824707,80572.8,51.651439049141175,51.31048209161668,-0.020980109332811026,-0.08036687655801746,0.05938676722520643,53.13277147412067,51.463516214477096,31.11397081672772,30.76999988555908,30.426028954390443,0.42248857151346325,交叉混雜,42.0
1615,2026-09-15,43.6,43.825,44.08499984741211,44.01652634938558,61640.8,15.50507949567129,22.199217017219564,-0.07686698856321783,0.05263149604451238,-0.12949848460773022,18.24648233485148,36.10470137898583,44.95381675841092,44.08499984741211,43.21618293641329,-2.347738718235057,交叉混雜,42.0
1616,2026-09-15,18.719999694824217,18.809999847412108,19.17249984741211,20.084999910990398,578279.2,38.94728849103525,36.726899904975866,-0.31414393756664794,-0.25673914685416055,-0.057404790712487386,27.606664891096514,35.18940620497109,20.103529304789816,19.17249984741211,18.2414703900344,-4.289995944651957,空排,5.0
1617,2026-09-15,17.719999694824217,17.984999656677246,17.89749984741211,19.27666664123535,251822.6,18.25282292325283,26.331393431421585,-0.19955555851784368,-0.17635940731420008,-0.0231961512036436,42.27540135506922,45.14335176116116,19.076917530699248,17.89749984741211,16.718082164124972,-1.6622403602668585,交叉混雜,76.0
1618,2026-09-15,38.869999694824216,39.20999984741211,39.425,39.3908332824707,217293.0,7.976480637017145,15.586927994303503,-0.1724854281231032,-0.01779108135858028,-0.1546943467645229,22.31528282339582,38.363738966509295,40.5990624321482,39.425,38.25093756785179,-2.473048159950651,交叉混雜,35.0
1623,2026-09-15,209.9,208.05,205.1,213.30833333333334,129674.8,32.332399982842134,49.44727837534158,-0.7471124710748995,-1.1769608746322895,0.42984840355738996,42.37591008123747,45.60609931990196,216.14345483699682,205.1,194.05654516300316,-0.5363237445148681,交叉混雜,43.0
1702,2026-09-15,32.41999969482422,32.49499931335449,32.639999580383304,32.84583304723104,112457.4,32.04227051715749,34.400267023989066,-0.14837695300395382,-0.1238978892124619,-0.02447906379149191,37.40530159781168,40.948711359289966,33.12623056207644,32.639999580383304,32.15376859869017,-0.8884837928628561,空排,41.0
1707,2026-09-15,89.0,89.95,90.06499977111817,90.84333318074545,484831.2,18.79165759793732,35.459772468243955,-0.6129618191995689,-0.27388087509877224,-0.3390809441007967,20.30202938961557,31.523454828421904,92.74849641345145,90.06499977111817,87.38150312878489,-4.180310585608534,空排,9.0
1708,2026-09-15,48.810000610351565,49.66500015258789,50.13749980926514,51.95249989827474,1316964.4,11.33759816871517,16.889252060368637,-0.5088858922459139,-0.2459645087494063,-0.2629213834965075,22.91076275504274,36.135082930302424,52.15136588167067,50.13749980926514,48.1236337368596,-4.263275626819625,空排,82.0
1709,2026-09-15,35.72999954223633,34.88999977111816,34.535000038146975,28.671666685740153,13290828.4,58.437101094907085,53.74324257189667,1.7078168139035625,1.8942857905309598,-0.18646897662739725,55.13344105495854,57.49256697174447,37.727277172480186,34.535000038146975,31.342722903813765,2.7942665724253546,多排,95.0
1710,2026-09-15,15.979999923706055,15.99000005722046,15.850000047683716,15.619999933242799,3988286.8,35.850472521871,42.688702097535966,0.20956596327254928,0.247046732410072,-0.03748076913752271,40.85688015465557,49.562536049582484,16.588419768386036,15.850000047683716,15.111580326981397,-0.9463737411186958,交叉混雜,80.0
1711,2026-09-15,38.67999954223633,40.10499992370605,41.002499961853026,39.99916674296061,2435270.4,11.465726201231785,13.986798610400651,-0.19740022520856826,0.39296700444494964,-0.5903672296535178,27.240057556982165,40.198987209557046,45.3994461964011,41.002499961853026,36.60555372730495,-7.078840291280521,交叉混雜,88.0
1712,2026-09-15,40.34000015258789,40.51499977111816,40.14750003814697,39.603333473205566,563542.2,35.63119949648037,51.45290885668758,0.22334197959218471,0.28560230795714603,-0.062260328364961315,35.123339853416056,46.71480751043915,41.14932616210048,40.14750003814697,39.145673914193466,-0.6164730357628759,交叉混雜,47.0
1713,2026-09-15,42.55999908447266,43.19499969482422,43.697500228881836,46.125833384195964,495053.2,7.119526568951426,13.136711908428552,-0.8397613068098551,-0.7547744038093542,-0.08498690300050082,15.512569125915121,27.392415264289937,45.35612335950671,43.697500228881836,42.03887709825696,-3.770240821996436,空排,30.0
1714,2026-09-15,15.749999809265137,16.19999990463257,16.557499837875366,16.651666561762493,10154221.8,12.704673113368429,16.637248052967323,-0.1811926865845166,0.07011981898438036,-0.25131250556889695,30.932952767831495,39.318932320566795,18.10508693399716,16.557499837875366,15.00991274175357,-8.500680858383149,空排,88.0
1717,2026-09-15,70.43999938964843,73.17000045776368,73.93499984741212,70.74885298411051,6118840.6,6.081873694680511,14.28290328789051,-0.06974544134190808,1.1498576414599182,-1.2196030828018263,21.57967547782205,38.23916111931546,83.08182030282991,73.93499984741212,64.78817939199432,-7.892069230179702,交叉混雜,82.0
1718,2026-09-15,10.560000038146972,10.575,10.642499923706055,11.436166556676229,12611725.0,21.15059557151013,21.64912010514701,-0.08368387601845306,-0.07277744284565468,-0.01090643317279838,40.73296479534024,44.65542998111989,11.046786148498203,10.642499923706055,10.238213698913906,-2.2786028368730773,空排,85.0
1720,2026-09-15,56.1,56.11000022888184,56.429999923706056,56.993484560648604,137315.4,35.425041564927795,31.24333764828998,-0.21044810312392315,-0.19779008276139426,-0.012658020362528888,46.6839141375965,45.3055363386043,57.36830700161171,56.429999923706056,55.4916928458004,-0.5847978912477897,空排,60.0
1721,2026-09-15,22.530000305175783,22.045000076293945,20.997500038146974,21.654166666666665,1581818.0,38.05693365284677,51.06444811413265,0.4814144725196243,0.3274433395375421,0.1539711329820822,40.012954886541195,48.14215292588743,24.12033220962125,20.997500038146974,17.8746678666727,0.48815498576752536,交叉混雜,83.0
1722,2026-09-15,43.12000045776367,43.87999992370605,44.557499694824216,46.01916643778483,4173285.8,9.24155429456635,13.214467401233046,-0.8005008149416781,-0.5715447056968006,-0.22895610924487753,5.695748503420091,16.553604958999287,46.839067335748176,44.557499694824216,42.275932053900256,-5.73977380315461,空排,26.0
1723,2026-09-15,82.16000061035156,83.86000061035156,85.3950008392334,85.03666699727377,569113.2,14.010919893374634,16.657672425987357,-0.9733326371483315,-0.37329183434595536,-0.6000408028023761,17.90219239768861,32.755598932198126,89.92674888461441,85.3950008392334,80.8632527938524,-4.795360088098048,交叉混雜,63.0
1725,2026-09-15,32.92000045776367,32.38000011444092,31.835000038146973,31.478333377838133,45620.0,69.13206383208049,68.69257627119941,0.5320226583376986,0.4130405864178303,0.11898207191986826,59.09585551061211,61.18831217781864,33.394048419955745,31.835000038146973,30.275951656338197,2.5600800589142154,多排,72.0
1726,2026-09-15,76.9,77.11000061035156,77.32500038146972,77.7233336130778,19200.4,21.000539581995962,33.557458695142444,-0.1990559654085331,-0.11488317321797763,-0.08417279219055547,28.35809383594713,38.479343832100476,78.22616891905355,77.32500038146972,76.42383184388589,-1.0669258032974096,空排,59.0
1727,2026-09-15,89.87999877929687,90.90999832153321,92.47499923706054,85.7933333714803,1628962.8,25.680954093588394,23.296358500146958,1.5635639467904667,2.486586043247179,-0.9230220964567124,46.80080506655625,51.2397026696941,98.87002348219742,92.47499923706054,86.07997499192366,-2.5682625385604094,交叉混雜,92.0
1730,2026-09-15,51.36000061035156,51.44000015258789,51.50500049591064,51.64166679382324,21441.6,23.596731170683007,35.226337048622256,-0.05150629165603959,-0.021910526542839523,-0.02959576511320007,35.348593488084475,42.564427713771174,51.9328473891582,51.50500049591064,51.07715360266309,-0.5921749927861978,空排,53.0
1731,2026-09-15,20.849999618530273,20.9,20.925,20.847499974568684,54626.8,17.545513438081496,25.70385053707379,-0.0051672765519690245,0.016834497367478645,-0.02200177391944767,34.14711531772376,42.43742333071139,21.14624077575219,20.925,20.70375922424781,-0.8363201911589043,交叉混雜,49.0
1732,2026-09-15,25.95,26.010000038146973,26.20250005722046,26.434166781107585,55833.2,29.797740331027192,28.22532542655628,-0.14862711184901656,-0.1205216491637995,-0.02810546268521706,35.00640893965304,40.66593672652012,26.71597657514769,26.20250005722046,25.689023539293228,-1.3452902394082644,空排,49.0
1733,2026-09-15,30.679999923706056,31.309999847412108,31.69999990463257,31.17916663487752,80201.6,9.909693553421326,20.46255170437146,-0.2518106472853461,0.007005334158978159,-0.2588159814443242,13.256641945751596,27.14697259156975,33.18359447202124,31.69999990463257,30.2164053372439,-5.678234358099314,交叉混雜,60.0
1734,2026-09-15,31.179999923706056,31.0,31.27051887512207,31.289874172210695,140915.8,84.77805860486967,70.53146803868628,-0.08618276755333198,-0.1128884138176041,0.026705646264272118,64.6171947100753,52.76108003931286,32.70132529680245,31.27051887512207,29.83971245344169,0.09427525669210712,交叉混雜,69.0
1735,2026-09-15,19.85999984741211,20.120000076293945,20.345000076293946,20.697500006357828,46231.2,4.785730853848567,11.83602451962371,-0.21307448475720037,-0.10232952090809036,-0.11074496384911,22.030962763488432,35.38258801905083,21.377064791663745,20.345000076293946,19.312935360924147,-5.136401254925711,空排,59.0
1736,2026-09-15,125.7,125.45,126.55,129.79166666666666,426945.8,34.22691756781574,36.79887487576501,-1.511475191258853,-1.5182701710132556,0.006794979754402464,45.56119263833125,45.60668962850412,131.09104091939847,126.55,122.00895908060153,-1.2248123271434195,交叉混雜,48.0
1737,2026-09-15,30.570000457763673,30.6,30.9375,31.63416665395101,229936.8,28.494114671701546,26.785607992205286,-0.3413772687861254,-0.3304649711042909,-0.010912297681834493,18.371746548067165,24.60216563029502,32.17883848297461,30.9375,29.696161517025384,-1.7373749704071968,空排,50.0
1742,2026-09-15,17.55,17.649999809265136,17.712499809265136,16.842499923706054,30184.0,51.966654415924154,53.145810885507146,0.07456029599493519,0.1547502391169249,-0.08018994312198971,48.052323315919246,50.35640422050128,18.049475326282128,17.712499809265136,17.375524292248144,-0.6351414481685003,交叉混雜,78.0
1752,2026-09-15,31.38000030517578,31.500000190734863,31.642500114440917,31.871666558583577,42493.6,16.29602334929438,23.891540118677504,-0.14490716260026204,-0.10096164163293636,-0.04394552096732568,30.15381825789669,36.972286854450374,32.09121152238133,31.642500114440917,31.19378870650051,-1.3984335937460184,空排,30.0
1760,2026-09-15,54.54000015258789,55.49000015258789,56.925,59.33833332061768,113495.6,8.176283685620685,8.211174468174148,-1.3245383855447557,-1.0120543423571906,-0.31248404318756506,5.258863306458565,15.792370333445021,60.336358627032176,56.925,53.51364137296782,-5.4896807429766366,空排,23.0
1762,2026-09-15,34.00999984741211,34.79000015258789,35.250000190734866,35.57333335876465,88839.2,18.243712511158538,23.789525866156065,-0.3509450654890145,-0.086911777197917,-0.2640332882910975,17.60957552283736,32.826365666863154,37.04590223531748,35.250000190734866,33.454098146152255,-4.9645395213213,空排,74.0
1773,2026-09-15,159.8,161.05,160.65,164.06666666666666,360691.0,18.72521947514055,26.099369965773946,-0.4928928031073667,-0.09508582332361006,-0.3978069797837567,38.223511271911754,44.3324292817969,168.33525587698261,160.65,152.9647441230174,-1.9607843137254937,交叉混雜,64.0
1776,2026-09-15,17.56999969482422,17.354999923706053,17.2,17.866666666666667,40051.0,87.53533289002448,80.87688663661027,0.06610537496400681,-0.03354110929330563,0.09964648425731244,81.02513542191751,67.07742265440922,17.690971020773656,17.2,16.709028979226343,3.1976744186046555,交叉混雜,69.0
1777,2026-09-15,74.26000061035157,74.53000106811524,74.4150001525879,73.57833353678386,65424.2,31.86171890639679,48.60870061041766,0.1014277713437508,0.2830967923449241,-0.18166902100117327,27.94679136272069,38.94740098386202,75.51481014163473,74.4150001525879,73.31519016354106,-1.3639704691631167,交叉混雜,59.0
1780,2026-09-15,24.70999946594238,24.609999465942384,24.712499809265136,24.194999917348227,59726.0,88.2321124763801,79.84352959577998,0.12960565813622793,0.11902930848132261,0.010576349654905323,58.71978171306249,56.95826567894437,25.184756621270505,24.712499809265136,24.240242997259767,0.3540695132857658,交叉混雜,68.0
1783,2026-09-15,36.73000030517578,37.56999969482422,39.0625,39.6875,78068.2,2.0575881360460215,5.276395333828145,-0.9938246544431593,-0.6179691832068157,-0.37585547123634355,7.852586799020685,19.14043263220624,42.487620002441844,39.0625,35.637379997558156,-7.327998046875001,空排,29.0
1785,2026-09-15,96.92000122070313,99.06000061035157,100.78000030517578,113.83833351135254,3596278.6,8.92621566741276,16.762326337181257,-3.55935965032009,-3.3074303998374517,-0.25192925048263826,19.12938648284613,30.75369036179886,106.49667848493269,100.78000030517578,95.06332212541886,-6.9259746301662695,空排,75.0
1786,2026-09-15,43.46999969482422,44.704999923706055,46.90749969482422,50.10416653951009,209856.2,16.850271601128366,16.92304507892941,-1.856512800749769,-1.5071799440319689,-0.34933285671780023,29.82712814251839,32.020727228356535,52.09496177253003,46.90749969482422,41.72003761711841,-8.223632644801377,空排,3.0
1788,2026-09-15,128.1,128.25,128.975,129.66666666666666,12408.0,17.969585485783913,10.213975360981118,-0.5447986014735875,-0.5033621295901539,-0.04143647188343358,54.53921117534475,42.16287008963975,130.73642884583654,128.975,127.21357115416346,-0.3682884279899162,空排,49.0
1789,2026-09-15,18.429999923706056,18.76999988555908,18.945000076293944,19.509166590372722,548200.6,14.541916450639855,23.85409067657367,-0.24595561501944374,-0.1549196744387882,-0.09103594058065553,24.42270791441915,32.92878363370319,19.751487105883882,18.945000076293944,18.138513046704006,-4.460278128378438,空排,37.0
1795,2026-09-15,176.3,179.0,185.5260971069336,188.8003657023112,771351.6,26.796474947173067,16.409499714776295,-3.5951457766683177,-2.496972303235582,-1.0981734734327357,44.69581262664305,41.08422257733154,200.91889297256662,185.5260971069336,170.1333012413006,-3.7871206350467777,空排,19.0
1796,2026-09-15,29.54000015258789,29.820000076293944,29.635000038146973,31.06499999364217,5200.0,26.062439531549046,36.98107078076991,-0.32354622762292706,-0.345041004775532,0.02149477715260495,35.42753657377085,40.18183814859852,30.448763554887982,29.635000038146973,28.821236521405964,-1.467856502944415,交叉混雜,6.0
1799,2026-09-15,29.4,29.670000076293945,29.86500005722046,31.590000025431316,84021.4,9.666548224841494,17.355700905382594,-0.5523524373686257,-0.5405430049092568,-0.01180943245936894,19.374502840689246,31.252337851023626,30.630093513010728,29.86500005722046,29.09990660143019,-3.398626063304951,空排,17.0
1802,2026-09-15,58.35999984741211,59.089999771118165,58.999999809265134,58.925833257039386,10850016.4,17.834544503184343,30.75651107454526,0.25241688317879607,0.6451261200338717,-0.39270923685507564,24.201814690800816,40.00646577663313,62.076566527607305,58.999999809265134,55.92343309092296,-5.084745455870367,交叉混雜,81.0
1806,2026-09-15,8.00999994277954,8.021999979019165,8.024000096321107,8.11650002002716,95509.8,38.358848358767204,42.1386805347636,-0.014246978951401701,-0.015142790022397693,0.0008958110709959919,37.63573540974394,44.086316666370706,8.070521192845634,8.024000096321107,7.9774789997965785,-0.42373286135092747,空排,39.0
1808,2026-09-15,34.03000030517578,34.52000007629395,34.86749973297119,32.7149998664856,1982495.0,17.67679265655041,28.139541191170704,0.1514504137447119,0.48948460637474994,-0.33803419263003803,28.601305663345315,41.209430010730685,36.95336040344183,34.86749973297119,32.78163906250055,-5.355989810778593,交叉混雜,64.0
1809,2026-09-15,37.5,37.68499984741211,38.15499992370606,41.369166660308835,1001501.0,20.75645332449554,31.205028612502613,-0.673715123478793,-0.5708775958370836,-0.10283752764170939,26.144433150887522,37.44257194137738,40.10729950093447,38.15499992370606,36.20270034647765,-5.648014488311231,空排,85.0
1810,2026-09-15,23.7,23.94499988555908,24.667499828338624,24.987499968210855,1579631.0,6.612592317161842,6.894697552397894,-0.47155427876657896,-0.3343800392741254,-0.13717423949245355,28.269179504844118,38.397540413214976,26.383454097413413,24.667499828338624,22.951545559263835,-4.9356403116317376,空排,81.0
1813,2026-09-15,11.360000228881836,11.390000057220458,11.475,11.681666628519695,23130.2,43.3201140455191,37.0257026557608,-0.0750589303189848,-0.06368799937698708,-0.011370930941997731,30.842826389085232,36.001700439291966,11.729434223015804,11.475,11.220565776984195,-1.960784313725487,空排,31.0
1815,2026-09-15,122.8,124.20712127685547,119.55356063842774,98.67618700663249,50988074.4,30.321427449328542,46.88451641568289,7.152084358714006,8.80825227320039,-1.6561679144863835,33.497897493676106,48.8701196964536,137.99395980212037,119.55356063842774,101.11316147473511,-4.22702645696308,交叉混雜,86.0
1817,2026-09-15,40.27000045776367,40.175,40.16499977111816,39.29583326975504,31440.0,58.295122366727455,52.728444159678304,0.25138535040706245,0.2830634284061991,-0.03167807799913663,50.61180167217834,56.50854161115573,40.51907389060773,40.16499977111816,39.810925651628594,0.08714301511451872,多排,64.0
1903,2026-09-15,47.49000015258789,47.57499961853027,47.937499809265134,47.946666653951006,39000.6,39.32903385172244,34.620142592919365,-0.13879362617674929,-0.06959984439610331,-0.06919378178064597,28.930418726865597,39.45986086630707,49.03959115732265,47.937499809265134,46.83540846120762,-1.5384595551709195,空排,41.0
1904,2026-09-15,24.819999313354494,24.74499969482422,25.025,23.295833269755047,1818446.8,41.08316168983661,42.366599846301106,0.28760401583041073,0.44378467288211937,-0.15618065705170864,39.52822467362398,47.668826615295906,25.90608816337655,25.025,24.14391183662345,-2.4975040218570435,交叉混雜,82.0
1905,2026-09-15,13.229999923706055,13.354999923706055,13.449999904632568,14.202499961853027,1283394.8,13.400771357265889,22.00341690657774,-0.14024508864886442,-0.11088411058318415,-0.029360978065680277,28.997097359439692,38.410171249018184,13.904219936842013,13.449999904632568,12.995779872423123,-2.973975589099694,空排,59.0
1906,2026-09-15,10.970000076293946,11.075,11.272500038146973,11.203333330154418,35439.6,11.763743085581224,18.865453874603652,-0.0977201045812155,-0.030608767674720355,-0.06711133690649514,7.92362826158363,28.382116275210265,11.755337070517328,11.272500038146973,10.789663005776617,-4.635174418973555,交叉混雜,38.0
1907,2026-09-15,29.05,29.375,29.870000171661378,28.971666717529295,683773.0,16.105147391911483,18.59135344879502,-0.12512918462562794,0.06669939003720435,-0.1918285746628323,23.359364814196027,37.933389768576305,31.27127804610231,29.870000171661378,28.468722297220445,-3.4147967336115297,交叉混雜,74.0
1909,2026-09-15,10.429999923706054,10.725,10.87999997138977,10.390000041325887,2176822.6,7.571936839653146,14.966606632904025,-0.033819813825155975,0.0991726715320364,-0.13299248535719238,15.885614889793004,32.80997737334992,11.52514370823309,10.87999997138977,10.23485623454645,-7.169113896793598,交叉混雜,61.0
2002,2026-09-15,18.939999771118163,18.994999885559082,19.075,18.978333314259846,27238058.2,17.83879109741446,29.967874564448696,-0.05576101961536395,-0.0072282381196602475,-0.048532781495703704,26.387848980168513,37.59256190667834,19.452666472478207,19.075,18.697333527521792,-2.2280491820169117,交叉混雜,56.0
2006,2026-09-15,81.73999938964843,81.82999954223632,81.66499977111816,76.79833348592122,898037.2,42.20842922881951,49.81186837887746,0.7116908564450171,1.0335413829489541,-0.3218505265039371,40.82444501255226,48.655622487668445,83.02189063481556,81.66499977111816,80.30810890742076,-0.9367516651972196,交叉混雜,78.0
2007,2026-09-15,6.811999988555908,6.881999969482422,6.955499982833862,7.082333318392435,207611.4,12.374778856774283,19.85836289999321,-0.08053948597766514,-0.05380420190144315,-0.026735284076221985,16.738192959254974,27.777139855618287,7.1845000431995825,6.955499982833862,6.726499922468141,-4.392205998424304,空排,28.0
2008,2026-09-15,30.60999984741211,30.704999732971192,30.712499809265136,30.671666463216145,14653.0,10.426149230177238,20.79697376514369,-0.02453160467522153,0.014178110834450924,-0.038709715509672456,41.8783562723927,46.52418646451218,31.25333271218725,30.712499809265136,30.17166690634302,-0.6919000751642838,交叉混雜,70.0
2009,2026-09-15,39.29000015258789,39.45000038146973,40.17000026702881,38.82500006357829,2541752.0,15.35482208003555,22.16388486528051,-0.07146377993147013,0.24993240512453374,-0.32139618505600387,29.233355110208976,40.551305242880694,42.771295037757746,40.17000026702881,37.56870549629988,-4.904156064211722,交叉混雜,46.0
2010,2026-09-15,22.069999313354494,22.259999465942382,22.499999713897704,22.12666670481364,641848.2,16.42176875418413,25.632880327988733,-0.09485477703237777,0.03875331597797353,-0.13360809301035131,16.905537823399726,31.81290478034161,23.21451134988263,22.499999713897704,21.785488077912778,-4.222224395186838,交叉混雜,48.0
2012,2026-09-15,14.170000076293945,14.345000076293946,14.587500047683715,15.30750002861023,47405.8,17.076648607503614,22.554874282668223,-0.29556806374489675,-0.24559072129798828,-0.04997734244690846,14.850339411585722,23.696391995953306,15.22482588867245,14.587500047683715,13.95017420669498,-4.37018156870412,空排,39.0
2013,2026-09-15,41.62000045776367,41.660000228881835,41.680000114440915,41.5708335240682,51662.8,30.77078931644456,39.21933918118065,0.04724231818644853,0.08848593027757076,-0.041243612091122234,34.947275773325345,45.09790851785819,42.1572728541792,41.680000114440915,41.20272737470263,-0.6717816405787328,交叉混雜,52.0
2014,2026-09-15,16.66999969482422,16.81999988555908,16.999999809265137,17.14333333969116,2169445.6,13.314287293455996,19.06504908405708,-0.16509361196439798,-0.09089482812023197,-0.074198783844166,11.324463620334939,26.63005768481814,17.57399781301081,16.999999809265137,16.426001805519466,-4.411763633411228,空排,52.0
2015,2026-09-15,64.61999969482422,64.61999969482422,64.55999946594238,63.676666514078775,111481.8,53.3910972036237,54.03048165866302,0.14781529186701903,0.18219975511875677,-0.034384463251737746,47.1391519837141,50.65106013451164,65.27789065500978,64.55999946594238,63.842108276874974,-0.09293597651597657,交叉混雜,61.0
2017,2026-09-15,8.764000129699706,8.894000053405762,9.029499912261963,8.996833229064942,339755.0,7.998359140323899,9.122192306583887,-0.06768186332648618,-0.010809030280553612,-0.05687283304593257,22.50020704840152,35.82555590070308,9.436153461335811,9.029499912261963,8.622846363188115,-4.535135175612379,交叉混雜,40.0
2020,2026-09-15,21.620000076293945,21.69499988555908,21.757499980926514,21.487500190734863,279364.8,15.218516946747744,19.69960612401132,0.02578332828325358,0.07873278133305918,-0.0529494530498056,42.99547294470195,46.97097949004874,22.04818879244857,21.757499980926514,21.46681116940446,-0.9536975481919837,交叉混雜,43.0
2022,2026-09-15,7.332000064849853,7.432000064849854,7.549500060081482,7.70066667397817,268600.2,19.661445578060835,22.842917926011904,-0.1088331016152404,-0.07272608937597491,-0.03610701223926549,6.08038327678311,19.871766402268776,7.871106192116633,7.549500060081482,7.227893928046331,-4.7619047619047645,空排,30.0
2023,2026-09-15,13.910000038146972,13.895000076293945,13.887500047683716,13.802499930063883,949861.2,40.553929885704974,51.32667914535412,0.015542330711870278,0.028983022985623032,-0.013440692273752754,34.675849572532684,43.40059731145953,14.13855045048605,13.887500047683716,13.636449644881381,-1.3501367256510082,多排,46.0
2024,2026-09-15,13.079999923706055,13.169999980926514,13.290000009536744,13.585833390553793,3959.0,15.073096173488945,21.547884992397545,-0.13828705052915602,-0.1086309724950853,-0.02965607803407072,19.329548525559986,32.68465365007526,13.65935230434961,13.290000009536744,12.920647714723877,-3.310757168933626,空排,24.0
2025,2026-09-15,12.280000114440918,12.460000038146973,12.7,12.479999987284343,264615.2,13.060374117524104,18.960465465191067,-0.09267416402097339,0.01864906219095482,-0.11132322621192821,14.486478747593509,31.091960272745766,13.441264715897985,12.7,11.958735284102014,-6.692910382128132,交叉混雜,61.0
2027,2026-09-15,46.80999984741211,48.244999694824216,49.02499980926514,45.0625,15010196.8,11.88642830084173,24.041611368152857,-0.019351124898669525,0.7297315225824728,-0.7490826474811423,14.880928283380655,32.85294242629814,52.28811072272011,49.02499980926514,45.761888895810166,-8.210096532227752,交叉混雜,76.0
2028,2026-09-15,15.739999961853027,15.724999904632568,15.757499980926514,15.7450000445048,81443.0,32.67538810866749,36.21315833594653,-0.0011979806618107602,0.011033515261424426,-0.012231495923235186,39.56663307125835,45.349089806170376,15.97820462421465,15.757499980926514,15.53679533763838,-0.9995214954620428,交叉混雜,39.0
2029,2026-09-15,21.129999923706055,21.379999732971193,21.75999994277954,21.10916665395101,323042.2,8.893692388873374,13.95362711992645,-0.08492987131468865,0.0923568691363344,-0.17728674045102305,18.0942448936826,31.350340780910287,22.77494125254485,21.75999994277954,20.74505863301423,-5.101104444706536,交叉混雜,55.0
2030,2026-09-15,23.250000381469725,23.235000228881837,22.967500019073487,19.919166596730552,2129959.2,45.5342429933119,62.14745154943369,0.7993591825489545,1.0133159562042005,-0.2139567736552459,30.459466064759397,47.87616900506969,24.262541062084722,22.967500019073487,21.672458976062252,-3.3416752171401325,多排,89.0
2031,2026-09-15,44.01999969482422,44.474999618530276,45.167499732971194,41.9291664759318,406445.8,13.594936215865403,19.556939311860408,0.2012967246625621,0.6225774220459278,-0.4212806973833657,21.63274840149171,40.15908617130892,47.0285333540792,45.167499732971194,43.30646611186319,-4.134611184925555,交叉混雜,72.0
2032,2026-09-15,16.870000076293945,16.994999885559082,17.102499771118165,16.635833279291788,229473.6,39.18342569845756,40.2197354065689,0.032668441116406655,0.10689970365091189,-0.07423126253450524,43.95653040637756,47.57321632793989,17.5298231192803,17.102499771118165,16.675176422956028,-1.4763887912739306,交叉混雜,71.0
2033,2026-09-15,27.089999771118165,26.28499984741211,24.88749990463257,19.382499965031943,1368489.6,50.114332217352086,61.53285087347291,1.9408837587794636,2.064375298389666,-0.12349153961020232,44.99013520552841,55.87866061314635,28.692741935996096,24.88749990463257,21.082257873269043,2.4610752293902336,多排,92.0
2034,2026-09-15,20.440000152587892,20.630000114440918,20.50500020980835,20.034166685740153,810748.6,27.490197860619645,37.51467441993764,0.14848303816826913,0.2085554072725087,-0.060072369104239576,46.304406848953704,51.646630456169284,21.078906540551415,20.50500020980835,19.931093879065287,-0.2682245613564515,交叉混雜,59.0
2035,2026-09-15,27.019999694824218,26.720000076293946,26.980000019073486,27.21083329518636,5880.0,49.21720116650552,47.607290847565466,-0.06600304829117931,-0.10594122782817808,0.03993817953699877,50.33225838203001,49.26026012551545,27.926127426329735,26.980000019073486,26.033872611817237,-0.29651742211511,交叉混雜,49.0
2038,2026-09-15,12.080000114440917,12.335000038146973,12.582499980926514,12.770833317438761,143554.6,10.61409072375478,18.39791598317925,-0.20424275038955741,-0.10644023462468713,-0.09780251576487028,11.724542441879862,25.3248569958009,13.291297967279798,12.582499980926514,11.87370199457323,-6.6163320658730695,空排,18.0
2049,2026-09-15,349.0,351.9,353.3,341.975,6914562.6,30.346772412778087,40.40522476410779,-1.5577061319948484,2.1654554519116678,-3.723161583906516,33.672457550122786,40.67529813361696,377.70966159017905,353.3,328.89033840982097,-6.878007359184831,交叉混雜,87.0
2059,2026-09-15,12157.0,12838.5,13498.25,10451.916666666666,284691.6,8.495247011268694,15.893590002282199,209.97886801374807,661.6857893961238,-451.70692138237575,20.33921061057349,38.11561904324555,15341.31459606361,13498.25,11655.18540393639,-13.210971792639786,交叉混雜,98.0
2061,2026-09-15,47.35999984741211,49.820000076293944,50.34249973297119,57.46583296457926,1005050.2,13.221106988178093,20.4226160570157,-1.8479860642640915,-1.4824678231979305,-0.36551824106616104,34.679953132986284,39.95559768004118,55.69563708941154,50.34249973297119,44.98936237653084,-6.242238638725358,空排,95.0
2062,2026-09-15,18.41999969482422,18.85499973297119,19.014999771118163,18.940833314259848,306877.6,15.992680304846056,31.258352022356153,-0.15891171801238357,-0.006559118285731216,-0.15235259972665235,21.890969612174132,30.893415864589855,19.97860048129146,19.014999771118163,18.051399060944867,-5.337889999135542,交叉混雜,32.0
2063,2026-09-15,23.91999969482422,23.949999809265137,24.064999961853026,24.093333435058593,18257.8,41.07778951460362,45.49257624426866,-0.07827966798641484,-0.054867864477242956,-0.02341180350917188,31.20127202950796,38.837961272880946,24.458500049390448,24.064999961853026,23.671499874315604,-1.7244975856247502,空排,40.0
2064,2026-09-15,12.239999961853027,12.295000076293945,12.394999980926514,12.684999990463258,62644.6,11.546637850832782,16.696580133888183,-0.070331020682044,-0.06086641375298799,-0.009464606929056006,30.253676704300915,39.95335417409134,12.725708868088992,12.394999980926514,12.064291093764036,-1.9766063959116416,空排,47.0
2065,2026-09-15,35.449999237060545,35.87999954223633,36.12999973297119,34.00999984741211,56612.4,16.922522889640533,18.31392844713328,0.22939071274687706,0.5233345054962785,-0.2939437927494014,25.89667047168618,41.796762236609084,37.2275577743279,36.12999973297119,35.03244169161449,-2.9892070409429556,交叉混雜,73.0
2069,2026-09-15,23.52999954223633,22.31999969482422,21.614999866485597,19.675833384195965,2519860.0,63.54445933619907,62.71386136104591,0.9923216802248618,0.8066185249496068,0.18570315527525494,53.27440297072521,58.91620722849887,24.268517515173524,21.614999866485597,18.96148221779767,5.482301077467552,多排,84.0
2070,2026-09-15,60.74000015258789,62.20000076293945,64.76500015258789,59.77250003814697,65044.0,16.606458815988958,20.39395915048336,-0.06143959759333484,0.9842003234007076,-1.0456399209940423,28.256440141614505,41.69635585462069,71.26464390557662,64.76500015258789,58.265356399599156,-7.202967138849592,交叉混雜,83.0
2072,2026-09-15,129.2,132.2,140.125,147.25,229322.6,7.972528989380244,7.877369924468034,-6.218196925697555,-4.979711155122841,-1.238485770574714,19.819588331917174,24.818834453696297,158.44058151726782,140.125,121.80941848273217,-9.009812667261375,空排,2.0
2073,2026-09-15,25.700000381469728,25.925000190734863,26.08249988555908,26.62583335240682,3499.2,48.890714793617136,54.23514342263828,-0.26538790625453146,-0.1995414573488959,-0.06584644890563557,46.84264532814583,46.087283309843905,27.163568914080958,26.08249988555908,25.001430857037203,-1.4664971697417821,空排,53.0
2101,2026-09-15,30.329999923706055,30.779999923706054,31.657499980926513,32.726666609446205,1185734.4,7.984268056121431,8.821953761293418,-0.7752559677311979,-0.6240999958471871,-0.15115597188401075,17.52278016075141,28.589130211583395,33.919375342925626,31.657499980926513,29.395624618927396,-5.235726074153513,空排,21.0
2102,2026-09-15,17.85,17.989999961853027,18.312499904632567,18.63749990463257,233382.4,26.13293955680399,23.359143973838897,-0.252753643790836,-0.20559230013479418,-0.0471613436560418,27.696495411865314,30.74424655551013,19.080871389560805,18.312499904632567,17.54412841970433,-2.7986384723058553,空排,40.0
2103,2026-09-15,25.860000228881837,26.695000076293944,27.410000038146972,24.835833326975504,2990074.4,14.938601799384138,19.482136739443522,0.0451430405516966,0.5085812693347326,-0.463438228783036,34.79680079989569,43.022293731877625,29.653258644261665,27.410000038146972,25.16674143203228,-6.056184005241595,交叉混雜,87.0
2104,2026-09-15,10.500000190734863,10.370000171661378,10.39500002861023,10.339666636784871,3916274.8,41.64837087405617,43.68575462355279,0.029208106222800012,0.034970259501544726,-0.005762153278744714,44.92003113576883,48.42482997355101,10.771828712031034,10.39500002861023,10.018171345189426,-0.9138993517450524,交叉混雜,49.0
2105,2026-09-15,30.389999771118163,30.585000228881835,30.892500019073488,31.200000063578287,3406590.6,14.958402116495499,25.86660111917238,-0.2629956466781316,-0.18214614589721403,-0.08084950078091754,24.198618903427075,35.1092302952533,31.772855841004446,30.892500019073488,30.01214419714253,-2.8890508004287287,空排,49.0
2106,2026-09-15,16.75,16.955000114440917,17.130000114440918,17.550000031789143,691272.6,13.73964602525804,19.76188981400537,-0.27181904549033575,-0.22106648182699162,-0.05075256366334413,27.997085994090938,33.93069072704343,17.761122472858982,17.130000114440918,16.498877756022853,-3.09398557752718,空排,31.0
2107,2026-09-15,26.8,26.76999988555908,26.732499980926512,26.04166660308838,223555.6,48.03563881436718,53.243162920192084,0.2042118885212787,0.2526318052391598,-0.048419916717881095,47.766616414892816,53.8313101250909,27.30029756066551,26.732499980926512,26.164702401187515,-0.12157193681940386,多排,72.0
2108,2026-09-15,28.65,29.15,29.70249996185303,28.84083344141642,642309.6,13.222035801555002,16.032347959808483,-0.20085291335114874,0.10961791701823834,-0.31047083036938705,20.989189378732945,34.869775066222104,31.54540230349139,29.70249996185303,27.859597620214668,-6.573520627424048,交叉混雜,69.0
2109,2026-09-15,14.759999847412109,14.799999904632568,14.792500066757203,14.668333339691163,92594.2,39.67594108361179,50.83761526701092,0.0319745114689578,0.053504245655402856,-0.021529734186445056,36.98134415799113,45.884006969101684,14.96502003087367,14.792500066757203,14.619980102640735,-0.625318621427216,交叉混雜,54.0
2114,2026-09-15,89.1,89.25,89.06500053405762,88.65000012715657,16223.0,27.77049658995235,38.18965194848197,0.1721055098267783,0.2519838334019567,-0.07987832357517838,34.5679731430364,45.20028511169186,90.18941898212617,89.06500053405762,87.94058208598906,-0.5220929176985869,交叉混雜,57.0
2115,2026-09-15,23.9,23.864999771118164,23.85749979019165,22.468333307902018,88621.0,23.557839709005098,31.791441656918007,0.28676371601529027,0.37878300624818595,-0.09201929023289568,40.60336097775009,53.15225580225788,24.36250148774008,23.85749979019165,23.35249809264322,-0.6601656864184399,多排,67.0
2201,2026-09-15,30.15,30.645000076293947,29.932499980926515,28.60999994277954,2355182.2,26.228978326887745,44.01526842883544,0.484147382995225,0.5999523292306785,-0.11580494623545357,37.72379312734117,48.647360849189454,32.060082276594095,29.932499980926515,27.804917685258935,-0.9437914059174995,交叉混雜,57.0
2204,2026-09-15,52.779999542236325,53.369999694824216,53.77499980926514,54.103333218892416,438879.6,10.641261348755208,19.976380686832414,-0.1969313996364619,0.005538293262979867,-0.20246969289944175,18.87983813267249,35.59156949573868,55.42152745803071,53.77499980926514,52.12847216049957,-3.300789987096042,空排,35.0
2206,2026-09-15,63.55999908447266,63.46999969482422,63.48499984741211,62.868333180745445,651332.2,55.89413950153407,62.16726634646477,0.21500663396489017,0.25555171858339126,-0.04054508461850109,49.624675694205045,52.017826862335106,64.31667638411344,63.48499984741211,62.653323310710796,-0.13388725169331606,交叉混雜,66.0
2207,2026-09-15,531.2,530.7,524.05,505.34166666666664,152825.8,58.92441385334496,62.03804499792187,6.166632401501033,6.103315319413944,0.06331708208708964,51.06872675124311,54.72109553937005,543.3915288134343,524.05,504.70847118656553,1.1353878446713186,多排,66.0
2208,2026-09-15,18.910000228881835,18.88499984741211,19.049999904632568,19.309166590372723,2008267.0,29.262626262012365,24.153330813818812,-0.10736000640113019,-0.09779928354142615,-0.009560722859704038,38.68637018400836,43.18566428596243,19.469272524657757,19.049999904632568,18.630727284607378,-1.5748026568735776,交叉混雜,53.0
2211,2026-09-15,82.17999877929688,82.62999877929687,83.03999900817871,87.91666641235352,798077.4,23.77893066568417,36.75625217927457,-1.2739165268003632,-1.2529013518191103,-0.021015174981252827,20.648489904602656,29.995936950442,85.26180629477618,83.03999900817871,80.81819172158124,-3.5404631131655635,空排,17.0
2221,2026-09-15,93.14000091552734,90.37000045776367,78.90999984741211,58.83499984741211,6356695.0,60.79794295295905,67.65520389711801,10.488848035312131,9.733470998081836,0.7553770372302946,69.08164928016042,72.08640791212973,106.89141569206119,78.90999984741211,50.92858400276303,21.78430954245242,多排,98.0
2227,2026-09-15,46.82999877929687,47.35999946594238,47.82499942779541,49.048333168029785,52605.2,18.128776598950484,29.555145884259993,-0.663080996467464,-0.5057349321129484,-0.1573460643545156,15.896905593054527,24.97428523534974,49.46800705457283,47.82499942779541,46.18199180101799,-4.652380512902149,空排,30.0
2228,2026-09-15,75.21999969482422,74.95000076293945,74.91000022888184,78.9149996439616,72220.8,48.89131936650925,52.08076860443434,-0.6495862537015284,-0.9088538136920732,0.25926755999054474,47.66480118057511,45.450063182110746,76.69166134941315,74.91000022888184,73.12833910835053,-0.013347621108510333,交叉混雜,12.0
2230,2026-09-15,21.729999923706053,22.06999988555908,22.727499961853027,23.62166665395101,47327.2,15.982332019883664,18.04184099794075,-0.6916973815827596,-0.5487629215014892,-0.14293446008127042,21.98521051550982,32.20591262837699,24.603238361761377,22.727499961853027,20.851761561944677,-7.160926556440336,空排,1.0
2231,2026-09-15,89.6,90.0099998474121,91.45500030517579,99.1966667175293,102857.4,12.97793444909668,13.120984023694641,-2.2880636893461173,-2.3737247763395186,0.08566108699340136,33.73918640860056,38.60140364293254,95.4155831441324,91.45500030517579,87.49441746621918,-2.6843806210526564,空排,48.0
2233,2026-09-15,160.8,163.8,170.0,201.91666666666666,461914.0,15.953325722858573,21.24529878154097,-11.011611543851757,-11.278125260074237,0.2665137162224802,26.16016545184482,31.929336722720805,186.65438143711586,170.0,153.34561856288414,-7.941176470588235,空排,3.0
2235,2026-09-15,28.36999931335449,28.164999771118165,27.82249984741211,28.217499891916912,3020.2,76.08112834436852,75.4909531215639,0.1473836986245729,0.06829244710846333,0.07909125151610957,48.69084260761587,51.01394779133539,29.086775894205978,27.82249984741211,26.558223800618244,0.8176813402681958,交叉混雜,25.0
2236,2026-09-15,122.0,121.6,121.725,139.86666666666667,352707.6,33.08885699247539,42.14166604996996,-3.3367977043966732,-4.091460677993078,0.754662973596405,36.13307250878377,38.71747277179729,126.34161758159841,121.725,117.10838241840158,-3.0601766276442754,交叉混雜,68.0
2237,2026-09-15,27.289999771118165,27.525,27.6,,136735.0,13.718070954348454,24.421107201884055,-0.023123932514472756,0.11313159288825421,-0.13625552540272695,21.574815418819185,35.333209567844165,28.445421407397998,27.6,26.754578592602005,-2.898553488911067,,
2239,2026-09-15,19.560000228881837,19.71500015258789,19.842500019073487,20.332499949137368,28820.0,26.07856258309706,32.195088264789035,-0.1422528774979277,-0.09920302905272402,-0.04304984844520368,29.300790616021757,39.0614301798836,20.45917637166336,19.842500019073487,19.225823666483613,-2.734034428582409,空排,7.0
2241,2026-09-15,33.95,34.239999771118164,34.37999973297119,36.70666650136312,217209.8,25.776700548214322,34.923786876741985,-0.2679710378333269,-0.24585006426734593,-0.022120973565980945,35.4593359331145,43.26642172598991,35.613905819738854,34.37999973297119,33.14609364620353,-2.995931549883942,空排,47.0
2243,2026-09-15,48.7,46.70000038146973,44.08000011444092,47.62250016530355,458930.6,66.74543132502897,71.09666239502204,1.3444366963142471,0.6537985109692196,0.6906381853450275,55.52787647631315,56.95094886786382,50.93030981525129,44.08000011444092,37.22969041363055,7.645192013950328,交叉混雜,97.0
2247,2026-09-15,230.3,231.1,229.15,228.99166666666667,18853.0,39.30173247867376,51.9571405043058,0.9621575770258062,1.057756037330448,-0.09559846030464181,42.02389686562544,50.45321787669917,235.3408251299157,229.15,222.95917487008433,0.1527383809731592,交叉混雜,32.0
2248,2026-09-15,59.67999954223633,60.45,61.94500026702881,60.09000015258789,33662.0,9.909295861027843,11.953993304559296,-0.2983964547319786,0.14193367353327938,-0.44033012826525797,25.1572606908517,40.76997877551594,65.84991018128174,61.94500026702881,58.04009035277588,-4.269918506039795,交叉混雜,77.0
2250,2026-09-15,55.54000015258789,56.43999977111817,58.36999988555908,60.89166673024496,47307.6,2.596110976314849,3.903053314632376,-1.4015321560184617,-1.0398854151017503,-0.36164674091671145,13.872363369266196,27.19273447855575,62.942273138977534,58.36999988555908,53.79772663214063,-6.116156682367519,空排,11.0
2254,2026-09-15,68.1,65.2099998474121,62.73499984741211,60.931666692097984,1376001.0,87.15464744831733,82.9529879325013,2.3041421641253024,1.1571924740789172,1.1469496900463851,97.5809610144245,89.74225834953211,70.29536073325276,62.73499984741211,55.17463896157147,16.521875590849387,多排,78.0
2258,2026-09-15,30.719999694824217,30.83499984741211,31.152499961853028,31.624166615804036,310094.8,28.519402261509644,40.61738411146309,-0.2362188819325972,-0.12868263241349304,-0.10753624951910418,31.433126973565336,39.55751018334952,32.44314483736558,31.152499961853028,29.861855086340476,-3.539044141377159,空排,28.0
2301,2026-09-15,282.4,292.4,291.975,247.55,16651913.8,11.549270737473385,21.531750219255255,7.047546287692796,12.842143405344304,-5.794597117651508,30.174756528702517,45.1053439665649,323.8009658967746,291.975,260.14903410322546,-6.156349002483097,交叉混雜,92.0
2302,2026-09-15,41.40999984741211,42.034999465942384,42.79499988555908,43.74500007629395,1616657.4,15.006794059841429,21.329541946195523,-0.4219241961799298,-0.07605241781096109,-0.34587177836896876,29.12781103249651,39.474050808612645,45.28876110260675,42.79499988555908,40.30123866851141,-6.063790465145657,空排,93.0
2303,2026-09-15,141.1,136.65,129.8,136.90833333333333,164448730.8,78.05135770184638,78.98783303870192,3.984961908323072,2.2971553760752945,1.6878065322477775,55.05326040964986,56.73263423533856,148.92397228061026,129.8,110.67602771938977,6.702619414483813,交叉混雜,96.0
2305,2026-09-15,40.93000030517578,36.22500038146973,32.27500009536743,32.86333335240682,42911932.6,89.99154893205616,86.6669775469251,3.2593232604868305,1.4834700090698183,1.7758532514170122,92.93493679912243,81.90558731714873,43.94152954044758,32.27500009536743,20.60847065028728,39.271884214157815,交叉混雜,98.0
2308,2026-09-15,1676.0,1735.0,1755.5,1795.8333333333333,12088459.4,27.882677920931144,34.64354010313937,-29.730892569771868,-12.920427705217408,-16.81046486455446,38.86353531693198,42.073228731309065,1898.1036096096009,1755.5,1612.8963903903991,-4.87040729136998,空排,87.0
2312,2026-09-15,31.070000076293944,31.674999809265138,31.767499732971192,32.56833318074544,6902523.0,21.827776912686232,24.336528617879143,-0.32561080868355674,-0.19286675156553118,-0.13274405711802556,43.418123597697054,45.05197073384311,33.22253599854222,31.767499732971192,30.312463467400164,-2.1012020370261437,空排,82.0
2313,2026-09-15,222.9,232.0,229.8,218.76666666666668,13495935.0,16.450020298584654,25.489182476951942,2.0445303928700014,4.917814784579341,-2.8732843917093396,30.7508308985325,44.006527304889616,258.05336496028167,229.8,201.54663503971835,-4.917319408181032,交叉混雜,92.0
2314,2026-09-15,10.930000114440919,11.105000019073486,11.297500038146973,12.295000012715658,115903.8,44.80360863938136,32.1651936473254,-0.2781493778659101,-0.2887029152710293,0.010553537405119218,46.11964337023773,43.4854578137448,12.08254097569825,11.297500038146973,10.512459100595697,-2.6333262858370325,空排,2.0
2316,2026-09-15,158.0,157.65,158.45,171.69166666666666,1358035.0,26.081564403522247,32.031470611518266,-1.530155955452301,-1.4860537127944216,-0.04410224265787943,38.5477764348593,44.54411961431064,165.37744351721352,158.45,151.52255648278646,-2.1773430104133724,交叉混雜,82.0
2317,2026-09-15,249.2,250.8,249.45,248.56666666666666,23602128.0,30.340106912695845,41.5887854343566,-0.5776725797174436,-0.0590774223693384,-0.5185951573481051,35.58989593889275,43.98675043731101,257.51486858313024,249.45,241.38513141686974,-1.1826017237923387,交叉混雜,70.0
2323,2026-09-15,10.579999923706055,10.7,10.775,10.753333361943563,4055732.4,10.216144649331676,19.76167900129934,-0.03256505434601209,0.023892342060000377,-0.05645739640601247,27.193797081495205,39.27349501424582,11.076749339193531,10.775,10.47325066080647,-3.4802819625960733,交叉混雜,63.0
2324,2026-09-15,38.040000915527344,38.93500022888183,39.45750007629395,37.51583334604899,37214962.0,10.202712360857943,18.116379912976186,-0.09352037091735355,0.3646244177897124,-0.45814478870706593,27.616380388332985,39.91971661322542,41.93035695753662,39.45750007629395,36.98464319505128,-6.354937105762051,交叉混雜,76.0
2327,2026-09-15,552.6,553.2,556.05,687.6583333333333,28140395.8,39.25956042403824,45.19750771543602,-18.724969805254545,-22.56277810655055,3.837808301296004,39.71356908741591,43.28084514032549,595.5387059136851,556.05,516.5612940863148,-3.425950903695703,空排,95.0
2328,2026-09-15,45.74000015258789,46.089999771118165,45.99749984741211,46.49833316802979,1293597.6,13.13761314930776,23.998253388429998,-0.06256740697155294,0.04567234225803417,-0.10823974922958711,29.936144691291105,42.43316940478726,47.69841955433039,45.99749984741211,44.29658014049382,-2.385995597964981,交叉混雜,31.0
2329,2026-09-15,41.93000030517578,42.41500015258789,42.95250015258789,45.93083324432373,1342865.4,18.740855265269946,20.185535440321864,-0.808519828125803,-0.7514290602391989,-0.057090767886604166,27.109135044621354,36.297625349816244,44.556270225336974,42.95250015258789,41.3487300798388,-3.4980487382826055,空排,19.0
2330,2026-09-15,2418.0,2420.5,2410.25,2395.8333333333335,16625538.2,24.698906646593635,43.99556783353974,7.66359497739586,12.443552166107182,-4.779957188711322,36.249262845347346,45.6564306973469,2475.9025944490345,2410.25,2344.5974055509655,-1.0476091691733223,交叉混雜,88.0
2331,2026-09-15,18.730000305175782,19.07000026702881,19.382500171661377,19.780000019073487,812833.4,10.149921660167886,11.921750145347927,-0.2744745837250804,-0.16923433337245655,-0.10524025035262383,21.678544307723186,35.905028821087726,20.28061211545792,19.382500171661377,18.484388227864834,-4.553077073883669,空排,25.0
2332,2026-09-15,18.939999771118163,19.039999771118165,19.63499994277954,21.005833276112874,6186561.4,15.879620288195685,16.675532816942237,-0.6816670084507166,-0.6396535669662995,-0.0420134414844171,35.739374822530394,38.12239966685861,20.980988483202648,19.63499994277954,18.289011402356433,-4.252613741544989,空排,74.0
2337,2026-09-15,119.7,121.05,122.4,129.56333338419597,23557231.4,21.571398780902502,34.649523735790154,-2.2879526502266145,-1.6267833767348645,-0.66116927349175,26.659290333091334,38.25395215860913,129.78846896753396,122.4,115.01153103246605,-6.4542483660130765,空排,97.0
2338,2026-09-15,45.8,42.10999984741211,40.46999988555908,42.64666690826416,33694432.6,63.90979326048108,57.2890574734929,1.37646719955589,0.22383275290257532,1.1526344466533147,69.43461853758093,66.42117312975088,47.319848361235444,40.46999988555908,33.62015140988272,13.911535963633554,交叉混雜,65.0
2340,2026-09-15,31.739999771118164,32.564999961853026,32.6774998664856,33.19249998728434,2153303.8,18.914790565375128,25.657607562673412,-0.12721740785327995,0.097331483633052,-0.22454889148633195,30.247413480236233,41.64475754215131,35.36263939158795,32.6774998664856,29.99236034138325,-4.6744709791031,空排,69.0
2342,2026-09-15,38.800000762939455,39.17000045776367,39.48000030517578,42.5425001780192,2355185.0,32.07925873040952,29.921926793142156,-0.3300025836666265,-0.27990872414933676,-0.05009385951728973,42.257588295186046,45.234652334934694,41.29525674834247,39.48000030517578,37.66474386200909,-2.7355591969316313,空排,79.0
2344,2026-09-15,170.7,174.35,176.625,173.025,93078452.8,21.21838162472222,36.216047406776184,-0.6791810689252316,1.9323461479841857,-2.6115272169094172,26.83685257846892,38.81868240371579,192.02108631062785,176.625,161.22891368937215,-9.695682944090587,交叉混雜,98.0
2345,2026-09-15,1916.0,1996.5,2042.0,2225.0,2834222.0,10.96427881295453,19.758502756722812,-81.77785573343999,-61.11475059113547,-20.663105142304524,23.953043908090393,33.43619487168286,2233.404779129701,2042.0,1850.5952208702988,-9.892262487757101,空排,85.0
2347,2026-09-15,88.9,88.45000076293945,87.68500061035157,89.17500038146973,2377733.0,71.72903993643084,71.6645911078846,-0.009577613888083647,-0.2670116206304785,0.25743400674239486,50.12996345983288,50.299407800830146,89.9170874148669,87.68500061035157,85.45291380583623,0.9294627176546095,交叉混雜,79.0
2348,2026-09-15,70.7,71.08999938964844,71.14999923706054,72.9809523264567,303261.2,39.972946484244844,46.19874672567049,-0.4255158878952443,-0.4360713553036598,0.010555467408415509,37.10613064775239,43.117049437438105,72.59149031779111,71.14999923706054,69.70850815632997,-1.3352105397121599,空排,28.0
2349,2026-09-15,10.360000038146973,10.61500005722046,10.837500047683715,11.471666717529297,1402237.8,7.472844678815694,13.876660434004114,-0.26703863629163216,-0.19592869800648333,-0.07110993828514883,13.277727941190392,26.02596253736087,11.500725781405585,10.837500047683715,10.174274313961845,-6.8050718613063665,空排,18.0
2351,2026-09-15,243.1,236.8,223.825,195.15833333333333,8987027.8,77.45138376017738,71.2053771027148,16.549308658383325,15.087997505306758,1.4613111530765668,68.32787995360931,67.80593687779918,267.88270737280016,223.825,179.76729262719985,12.364570535016203,多排,97.0
2352,2026-09-15,28.70999984741211,28.76499996185303,28.614999961853027,29.710000069936118,3429125.4,32.148873142296374,43.48374638940985,-0.10089303411241701,-0.1401745473814885,0.03928151326907148,36.87687072874289,44.13481806067178,29.338369185842957,28.614999961853027,27.891630737863096,-1.1008237819759241,交叉混雜,48.0
2353,2026-09-15,31.339999771118165,31.614999961853027,31.380000019073485,31.14249989191691,10232730.0,24.897987898146944,37.96285495617686,0.09669734863054913,0.17529708945717495,-0.07859974082662582,40.823327914087386,46.48804824229547,32.43601057369102,31.380000019073485,30.323989464455945,-1.5296379867796563,交叉混雜,64.0
2354,2026-09-15,64.89999847412109,65.02999916076661,63.64499969482422,59.395000012715656,9412545.2,44.415967340292575,53.39735932660041,1.4051612018813984,1.5783764528958124,-0.17321525101441404,49.88487556076164,56.36843265066909,67.94161949810223,63.64499969482422,59.348379891546216,1.5005087341913133,交叉混雜,71.0
2355,2026-09-15,41.45,42.0,42.41250057220459,44.35666688283285,1190214.0,7.0067007814469005,15.58941007819831,-0.4983012709078878,-0.32253081371144493,-0.17577045719644285,27.128474804504222,38.02345129936803,44.80566544302814,42.41250057220459,40.019335701381046,-4.74506105316647,空排,43.0
2356,2026-09-15,62.220000457763675,64.02999992370606,64.8899995803833,64.63499972025554,11520487.8,12.93461717003537,23.784432888991564,-0.8307077905759215,-0.16610971750532336,-0.6645980730705981,22.005714499897138,35.199576030918735,68.68412173506955,64.8899995803833,61.095877425697054,-6.765294511899536,交叉混雜,80.0
2357,2026-09-15,950.8,972.7,962.35,828.2166666666667,3003624.4,29.399752204121686,40.40810693120588,24.202006054233834,38.303414207551526,-14.101408153317692,36.53363667258727,47.47244702193729,1033.8726132809104,962.35,890.8273867190895,-3.5693874370031713,交叉混雜,88.0
2359,2026-09-15,128.6,134.75,141.75,141.475,2399553.8,4.347316731538928,7.955804369194779,-5.006471285061139,-2.5015393951983924,-2.504931889862746,11.465828904103503,29.695067341415566,161.03320785717796,141.75,122.46679214282203,-11.816578483245149,交叉混雜,46.0
2360,2026-09-15,2179.0,2141.0,2088.75,2060.5833333333335,2274451.6,38.835799793789874,49.74289890714199,23.114539346998754,18.595895932798697,4.518643414200056,41.16468083317389,47.6818942800902,2302.387050798059,2088.75,1875.112949201941,-0.41891083183722316,多排,95.0
2362,2026-09-15,47.19000015258789,47.670000076293945,47.84499988555908,45.441666793823245,547560.0,11.716015257543749,21.784392326000596,0.12463906798226532,0.47111075673501773,-0.3464716887527524,33.10766617804261,43.493350498370766,49.49133498661038,47.84499988555908,46.198664784507784,-3.333681449209278,交叉混雜,71.0
2363,2026-09-15,51.51999969482422,51.409999465942384,51.19999961853027,56.72249965667724,5139703.2,22.509859954956568,31.136954415676946,-0.7275433206807804,-0.9183422503368792,0.1907989296560988,38.08990137019724,42.28633600425436,52.686783015740374,51.19999961853027,49.71321622132017,-1.7578132581547838,交叉混雜,44.0
2364,2026-09-15,63.89999923706055,65.2299991607666,69.6409086227417,70.64030284881592,272864.0,24.921881943701436,17.036654993986325,-2.8092322327298405,-2.129991797221654,-0.6792404355081865,36.86771683835556,36.592885010655884,82.44020272487298,69.6409086227417,56.841614520610435,-8.09999285520469,空排,45.0
2365,2026-09-15,27.95999946594238,28.534999656677247,29.342499828338624,30.557499917348228,483292.4,6.378551968927695,10.688478244334402,-0.7360889921147766,-0.525314145901825,-0.21077484621295162,11.555257428716487,25.666942472569843,31.409859128620603,29.342499828338624,27.275140528056646,-7.64249624261093,空排,7.0
2367,2026-09-15,40.70000076293945,41.68500022888183,42.66499996185303,45.27916660308838,2580646.4,6.966712411224481,14.21678369073777,-1.0437486361361437,-0.7388435062319771,-0.3049051299041665,22.396289542977158,34.44790794137245,46.00236366984166,42.66499996185303,39.3276362538644,-7.301068153234776,空排,52.0
2368,2026-09-15,1033.4,1068.2,1061.05,1033.4166666666667,4940558.2,15.245783577069977,27.503798785599265,4.8278895896269205,19.319208772612377,-14.491319182985457,30.63187520316849,41.77849008599284,1210.7774365744644,1061.05,911.3225634255353,-8.392629942038543,交叉混雜,84.0
2369,2026-09-15,29.570000076293944,30.195000076293944,30.810000038146974,34.34333340326945,2590347.6,8.993961659785935,13.494935245906614,-0.9652654106567162,-0.8505435881636034,-0.1147218224931128,21.489833375659913,33.849035103594346,32.706700445750364,30.810000038146974,28.913299630543584,-6.361569796333987,空排,75.0
2371,2026-09-15,27.820000076293944,27.9,27.917500019073486,26.944166692097983,5357067.8,38.289088650219384,32.38444543152016,0.2739749199239725,0.35221609086448086,-0.07824117094050836,56.467255258262156,55.21816198945017,28.901730957197703,27.917500019073486,26.93326908094927,0.653713127148041,交叉混雜,34.0
2373,2026-09-15,52.92000045776367,53.080000686645505,53.17500038146973,54.12333354949951,22282.0,22.078010036537936,31.424421065794835,-0.23454326754664123,-0.22245334222367785,-0.01208992532296338,25.69569874780737,34.60999661446478,53.75492738004508,53.17500038146973,52.59507338289438,-1.2693942202677475,空排,40.0
2374,2026-09-15,66.91999969482421,67.58000030517579,67.89499969482422,69.9116667429606,1568628.4,9.86439301051504,17.326366483701303,-0.7128501068893769,-0.5158030199574886,-0.19704708693188833,23.949921078395136,37.346222249081514,70.19417501928328,67.89499969482422,65.59582437036516,-3.232937265554423,空排,29.0
2375,2026-09-15,120.1,121.85,123.875,146.04166666666666,2159985.8,21.047505243180467,23.161024347346274,-3.744007306041013,-3.8292495298557725,0.08524222381475965,33.19791266447264,39.95140769647559,131.9982285518305,123.875,115.7517714481695,-5.146316851664985,空排,78.0
2376,2026-09-15,347.4,353.15,350.725,344.64166666666665,3645961.0,18.660153661587657,32.855350753823416,-0.06742547784079989,1.760919341631671,-1.828344819472471,33.65795807529976,43.68217803328522,365.23262050206506,350.725,336.217379497935,-2.202580369235162,交叉混雜,81.0
2377,2026-09-15,150.6,153.1,149.6,147.41666666666666,8707652.8,30.800961019468588,42.27896093359435,0.7327046517914368,1.3549011402383908,-0.622196488446954,40.65123755284596,46.53242185706419,161.25106726532366,149.6,137.94893273467633,-1.0695187165775364,交叉混雜,83.0
2379,2026-09-15,704.2,710.6,717.9,743.9666666666667,2423597.4,29.054523310500688,28.073648305926383,-7.9167034157937906,-6.51693874060617,-1.3997646751876207,43.851279146925116,44.98862332756418,749.0458369271688,717.9,686.7541630728311,-2.0754979802200832,空排,79.0
2380,2026-09-15,17.089999771118165,17.614999961853027,18.42250003814697,19.479804102579752,72044.6,8.990976572183934,12.501549127490254,-0.6722069961855688,-0.5056004352835809,-0.1666065609019879,14.348263149338408,25.003495473923564,20.42997974994622,18.42250003814697,16.415020326347722,-8.807169481485987,空排,16.0
2382,2026-09-15,336.0,337.25,334.225,337.44166666666666,13133285.0,32.363903437522815,44.9534398245417,2.09153564508307,2.421867615322377,-0.3303319702393068,45.43229157755223,49.71225654138789,347.52507914499876,334.225,320.9249208550013,-0.36651956017653453,交叉混雜,72.0
2383,2026-09-15,5315.0,5356.0,5507.0,5323.75,1270637.4,18.12817877935594,22.792469737062948,-38.854217082555806,16.502368039358146,-55.35658512191395,25.81584601300534,39.643408049618444,5942.918872220401,5507.0,5071.081127779599,-7.118213183221354,交叉混雜,97.0
2385,2026-09-15,105.2,106.95,106.825,105.68333333333334,1994909.6,34.77956553287924,38.24278976022706,-0.238949300180181,0.04563048937371242,-0.2845797895538934,44.75045755338772,46.954151554447805,110.41262492904286,106.825,103.23737507095714,-1.2403463608705854,交叉混雜,28.0
2387,2026-09-15,36.38999938964844,36.44499969482422,36.46999969482422,37.86999975840251,168407.8,34.39986096780322,42.53459788546519,-0.3139154064573759,-0.3456920834813815,0.03177667702400555,34.07205601700507,38.66653980163188,37.081641633104695,36.46999969482422,35.85835775654374,-1.0145358480922437,空排,31.0
2388,2026-09-15,74.5,75.90999984741211,74.41000022888184,74.02833353678385,2847579.8,20.182115480275062,36.75075003049333,-0.18957331847131798,0.3263874708518129,-0.5159607893231308,27.769457522270457,38.97065228130634,79.99113294518109,74.41000022888184,68.82886751258259,-6.732964235442014,交叉混雜,76.0
2390,2026-09-15,9.997999954223634,10.074000072479247,10.201999998092651,10.976500002543132,514805.4,16.585408222179915,13.894183959787433,-0.18443489804942104,-0.18431744574293207,-0.00011745230648896321,29.70625892326342,36.703289985497825,10.585205171798872,10.201999998092651,9.81879482438643,-2.568127992142064,空排,39.0
2392,2026-09-15,42.21999969482422,43.46999931335449,43.724999618530276,39.37416642506917,1937669.0,11.29798250152913,20.247205899412087,0.612618789293478,1.2936583548220242,-0.6810395655285462,25.888086740050397,42.34480413538754,47.467572199770174,43.724999618530276,39.98242703729038,-6.003433201396141,交叉混雜,63.0
2393,2026-09-15,62.15999984741211,63.22999992370605,64.47499980926514,65.42166633605957,889225.8,16.719549359553916,19.850596388042366,-0.7211410938162075,-0.36975323500533064,-0.35138785881087686,28.44217727788505,37.70342401522977,67.8845072908773,64.47499980926514,61.065492327653,-4.303992329639245,空排,48.0
2395,2026-09-15,668.2,675.5,675.95,602.45,2799734.4,35.690389477756,33.77469432141018,12.314382940182213,17.447905374814074,-5.13352243463186,57.516009544986225,55.734182748959306,710.4172231791675,675.95,641.4827768208326,1.338856424291731,交叉混雜,94.0
2397,2026-09-15,59.64000015258789,60.64000053405762,61.92000026702881,60.38333333333333,190058.6,14.331548825120578,18.235525893136053,-0.6478156005621827,-0.14067826464672836,-0.5071373359154543,19.967834273694677,35.20578898737456,65.31634496444613,61.92000026702881,58.523655569611485,-4.715762684813253,交叉混雜,42.0
2399,2026-09-15,45.50999984741211,45.77999992370606,46.08250007629395,44.22333339055379,2338990.4,31.781755326192,32.50394291739311,0.534123650581364,0.78606521488676,-0.25194156430539594,53.41272235787081,53.25673678122869,48.18645000214248,46.08250007629395,43.978550150445415,-0.17902691077385133,交叉混雜,91.0
2401,2026-09-15,24.429999923706056,24.86000003814697,25.195000076293944,27.854166762034097,1722851.4,14.78823721864243,21.26169006653362,-0.715269750191851,-0.6554790577961589,-0.059790692395692124,25.94969962178594,33.9317977742332,26.38438288334041,25.195000076293944,24.005617269247477,-5.735265218965207,空排,50.0
2402,2026-09-15,54.12000045776367,55.499999618530275,55.82999973297119,58.24833329518636,935106.6,9.893281426523023,16.805098638431783,-0.6463823171400591,-0.3434001261722325,-0.30298219096782664,29.541145809572328,39.710347883062134,60.71998939666297,55.82999973297119,50.94001006927941,-4.352495466084004,空排,36.0
2404,2026-09-15,1036.0,1044.5,1060.0,1146.6666666666667,1027060.2,36.98024265912215,38.694534388656706,-24.05352064030035,-22.727369993752287,-1.3261506465480615,44.50371857245911,43.10926727665742,1110.4714614515062,1060.0,1009.5285385484937,-2.358490566037736,空排,59.0
2405,2026-09-15,14.749999809265137,14.924999904632568,15.184999990463258,16.14333333969116,800724.6,11.673892904838317,13.328953785025757,-0.350738972044077,-0.32734614932610956,-0.023392822717967443,25.76459337245059,31.824132802571242,15.833155486508812,15.184999990463258,14.536844494417704,-3.523216149285375,空排,18.0
2406,2026-09-15,26.6,26.934999847412108,27.70999984741211,31.9883331934611,2253918.8,9.636044908497967,15.123476634710915,-1.2300138022602063,-1.227498573882341,-0.0025152283778653306,20.483655440353118,28.176185587320234,29.514847165501976,27.70999984741211,25.905152529322244,-6.7123763124671845,空排,31.0
2408,2026-09-15,493.9,500.9,510.25,460.925,37845232.4,19.711056392064567,33.07002667816563,4.6776535595065525,13.668559906102335,-8.990906346595782,28.00167488644155,41.35740909795011,556.122248232398,510.25,464.37775176760204,-8.770210681038707,交叉混雜,99.0
2409,2026-09-15,29.700000381469728,28.655000114440917,27.232499980926512,27.213333320617675,429964226.2,51.00108563792955,62.340799729402804,0.9300362502844095,0.7258737588153207,0.20416249146908882,43.07886404070974,51.82233767977911,31.047329678230188,27.232499980926512,23.417670283622837,2.451114066175614,多排,93.0
2412,2026-09-15,141.1,139.55,137.825,138.19166666666666,13322960.0,97.8427836420662,92.63923856445015,1.1648507987759729,0.40667414021766646,0.7581766585583064,93.89496519105195,81.22891176850305,142.40499080670318,137.825,133.2450091932968,4.117540359151106,交叉混雜,67.0
2413,2026-09-15,50.04000015258789,47.49000015258789,45.5125,44.27999998728434,8337954.2,69.55510555197297,70.23650414790728,1.688695109514235,1.1039616080151822,0.5847335014990529,52.9568734270897,56.95840355885505,51.624427258309694,45.5125,39.40057274169031,5.904972838098215,多排,88.0
2414,2026-09-15,52.71999969482422,52.47000007629394,52.285000038146975,56.18666648864746,168251.0,56.49512616349679,56.70472940978155,-0.6031054506334854,-0.8709546919525923,0.2678492413191069,49.314074290895135,45.73775452783047,53.011273456822586,52.285000038146975,51.558726619471365,0.41120773012558326,交叉混雜,72.0
2415,2026-09-15,27.440000152587892,27.86500015258789,28.661000061035157,31.952833398183188,86712.8,15.7951044049464,23.735048090425764,-0.9676023152209297,-0.9012673339844056,-0.06633498123652404,28.99739947863226,35.11323727817468,30.929780272197842,28.661000061035157,26.392219849872472,-5.969782263187041,空排,50.0
2417,2026-09-15,38.19000015258789,39.675,41.812500190734866,42.54416675567627,378303.4,5.320406054249182,8.36176932707348,-1.3859775206306537,-0.8280767450994753,-0.5579007755311784,20.347291976300525,30.88194119223995,47.18150276024528,41.812500190734866,36.44349762122445,-9.237666750794528,空排,37.0
2419,2026-09-15,26.89000015258789,27.04000015258789,25.935000133514404,25.968333371480306,859442.8,23.437941712387108,39.10024751604882,0.46307461489962165,0.3757524314394883,0.08732218346013337,50.03113640379134,55.221755201481265,28.344214891505587,25.935000133514404,23.52578537552322,2.5641035069669385,交叉混雜,57.0
2420,2026-09-15,53.84000015258789,54.060000610351565,54.98000011444092,57.06166667938233,294477.2,30.99750778271359,32.294591790673365,-0.8352227514047144,-0.7709941484535695,-0.06422860295114485,36.174980052323335,38.35700170447909,57.753255748072306,54.98000011444092,52.20674448080953,-2.8737697076632314,空排,51.0
2421,2026-09-15,163.6,166.8,160.9,146.825,2739665.2,19.46861517789981,35.53637994485326,4.886434075457544,6.3274556013642265,-1.4410215259066828,34.568883146723635,47.89941009229473,185.05868591755592,160.9,136.7413140824441,-1.8023617153511533,交叉混雜,72.0
2423,2026-09-15,72.8,73.31999969482422,73.90499992370606,74.6433329264323,78935.0,20.7865671286069,23.2602918626369,-0.5056959255274336,-0.291906012898422,-0.2137899126290116,32.79010902144701,41.44466360280651,75.98899931670277,73.90499992370606,71.82100053070934,-2.577633347774353,空排,80.0
2424,2026-09-15,7.988000011444091,8.005000162124634,8.076000142097474,8.744500001271566,47823.2,34.57927440200289,34.60399350620798,-0.18553136041489893,-0.22099806032384783,0.03546669990894891,38.17404988613469,40.24576811070371,8.319690891137213,8.076000142097474,7.832309393057735,-1.3125352902519065,空排,1.0
2425,2026-09-15,36.72999954223633,37.00499992370605,37.497500038146974,41.56333325703939,522708.6,23.878273817956206,33.093985757077064,-1.4544620803254418,-1.4766983441464336,0.022236263820991864,23.876210890739472,33.66305643718886,39.07479846176905,37.497500038146974,35.9202016145249,-5.060341521689481,空排,68.0
2426,2026-09-15,95.36000061035156,97.7400001525879,93.68000030517578,75.54083309173583,37716256.6,19.373392711117596,36.33605588653667,6.016777988701804,7.66971806957233,-1.6529400808705255,38.006570921106686,50.719699100719936,113.5654192585206,93.68000030517578,73.79458135183096,-3.0742925320623105,交叉混雜,98.0
2427,2026-09-15,22.86999969482422,22.44499969482422,22.410000038146972,23.040833282470704,1857415.0,65.28170327645216,49.07616752015791,0.10369822688928565,-0.09259329460213836,0.196291521491424,85.58599479027245,71.99031061007227,23.48683778377787,22.410000038146972,21.333162292516075,8.65685113797603,交叉混雜,55.0
2428,2026-09-15,252.0,252.8,254.0,263.35833333333335,1160297.8,39.345718862014564,38.91472091290255,0.2845362449024833,0.17420113179273838,0.11033511310974492,50.01024111778258,50.409459609352005,264.25465234597954,254.0,243.74534765402046,-0.39370078740157477,空排,84.0
2429,2026-09-15,30.479999923706053,30.844999885559083,31.92500009536743,36.53250020345052,153302.6,11.48419439941893,13.753262910711129,-1.2230479655422108,-1.2280155094791239,0.00496754393691301,28.14495088320207,35.586647384994706,34.439275425774454,31.92500009536743,29.410724764960403,-5.873142843244535,空排,2.0
2430,2026-09-15,17.97000045776367,17.910000038146972,17.777499866485595,17.67249994277954,40859.8,93.26925375897311,91.71992826187439,0.13564018912479625,0.11204196267586299,0.023598226448933265,76.58212074083139,67.43929620736957,18.212150766393695,17.777499866485595,17.342848966577495,1.2515828163996534,多排,23.0
2431,2026-09-15,9.947999954223633,10.01200008392334,10.153500080108643,10.594666687647502,129640.6,14.512895990448948,17.96615019362533,-0.14445833101673244,-0.12432744223284446,-0.020130888783887982,21.74458683550975,31.553267050644635,10.503193220273724,10.153500080108643,9.803806939943561,-3.875509411751501,空排,16.0
2432,2026-09-15,27.339999771118165,27.414999771118165,27.49749994277954,28.064166641235353,21600.0,32.276401860966274,42.62939977223391,-0.1828809151035955,-0.16163042071052666,-0.021250494393068836,34.9560085379119,40.03933289959002,28.116050854047696,27.49749994277954,26.878949031511386,-1.6274232444775458,空排,56.0
2433,2026-09-15,40.91999969482422,41.24499931335449,41.47249965667724,42.05583305358887,44231.4,17.630220850903076,24.47219807407359,-0.30671512396209266,-0.209417550705223,-0.09729757325686966,3.9636481781178645,13.049414419865329,42.24945392023939,41.47249965667724,40.6955453931151,-2.9477356484356876,空排,28.0
2434,2026-09-15,60.64000015258789,62.61000061035156,58.525000190734865,58.34083366394043,488873.0,25.049733874293736,39.534959174773704,1.5541680965849736,1.6488950570377034,-0.09472696045272988,42.30993184657414,49.77428258401096,71.010212711493,58.525000190734865,46.03978766997673,1.324218784792713,交叉混雜,94.0
2436,2026-09-15,67.7,67.44999923706055,66.20999946594239,65.22499974568684,5079914.0,38.52459222145913,46.70142471929306,0.9303811239523583,0.97484871530896,-0.04446759135660172,44.90430562842546,49.95700782688489,70.63047716036536,66.20999946594239,61.78952177151941,0.13593654514635775,多排,77.0
2438,2026-09-15,19.609999465942384,20.289999580383302,19.174999713897705,19.194999758402506,85862.4,29.959687837468568,40.014563979584125,0.325084457122351,0.33247483815770956,-0.007390381035358551,52.57467944810873,53.88575262563407,21.88686424838355,19.174999713897705,16.46313517941186,3.259449973862858,交叉混雜,27.0
2439,2026-09-15,76.5,76.93000030517578,78.69500045776367,82.82666664123535,1342587.8,46.904787157079234,35.73459211666882,-1.496851939569936,-1.4981883202151935,0.00133638064525754,42.35748866681629,39.655016562823334,83.37034489362462,78.69500045776367,74.01965602190272,-2.6621792635568786,空排,17.0
2440,2026-09-15,14.039999961853027,14.149999904632569,14.112499952316284,15.295833317438762,180981.0,17.796953231844753,27.946074784602754,-0.25385743263747074,-0.2861162815030146,0.032258848865543865,25.392689961832303,36.08013601558961,14.524011850102442,14.112499952316284,13.700988054530127,-2.214347299467167,交叉混雜,48.0
2441,2026-09-15,114.0,114.8,115.1,122.76166661580403,3266030.6,34.37719772591915,31.36376869268826,-1.3780509886731522,-1.4463327510763406,0.0682817624031884,50.62451556886311,48.3056703100567,119.23712333314712,115.1,110.96287666685286,-0.08688097306689341,空排,87.0
2442,2026-09-15,15.160000038146972,16.77586421966553,18.157932090759278,18.9209774017334,1198832.6,3.551657371976318,7.040480765283815,-1.171449739872159,-0.6524643622581441,-0.518985377614015,3.385334874149194,9.426166107304283,22.12666013665441,18.157932090759278,14.189204044864145,-20.420454614328793,空排,3.0
2444,2026-09-15,11.609999847412109,11.390000057220458,11.2,11.520833269755046,595560.0,41.734621000161404,39.58707363075271,0.11575190776994404,0.013391774366197092,0.10236013340374694,56.088050749582344,55.82523832621547,11.975275769740882,11.2,10.424724230259116,4.0178537368774485,交叉混雜,41.0
2449,2026-09-15,264.6,265.8,256.8,273.0083333333333,12061889.0,33.19295194813065,47.27044648265683,2.071914890736764,1.4264154657026071,0.6454994250341568,39.67183595652411,47.80838372766936,286.47082564973505,256.8,227.12917435026498,0.07788161993769027,交叉混雜,75.0
2450,2026-09-15,28.25999984741211,28.25,28.229999923706053,28.53416659037272,48306.2,52.45737230612228,54.179735668160205,-0.0554173989835931,-0.0833429783757148,0.027925579392121702,50.351652932702244,48.002092849458464,28.37653881706297,28.229999923706053,28.083461030349138,0.07084688752390585,交叉混雜,52.0
2451,2026-09-15,278.7,283.6,290.575,275.60833333333335,1688160.0,14.18656096210695,18.91288894786896,-2.1451486601930014,1.0145508451444532,-3.1596995053374544,23.08757103809924,38.20501797832089,313.5561707823209,290.575,267.59382921767906,-6.048352404714786,交叉混雜,89.0
2453,2026-09-15,53.119999694824216,52.51999969482422,52.289999389648436,53.048333231608076,846734.6,50.65077314458059,41.18920731746081,0.21256810188343422,-0.0730069943024646,0.2855750961858988,59.71335819086747,58.20471776050807,53.979471038755165,52.289999389648436,50.60052774054171,2.5052574101425424,交叉混雜,48.0
2454,2026-09-15,4584.0,4542.0,4214.5,3991.1666666666665,5800956.4,53.00935191018456,67.04163585701127,190.97934167663152,168.82707422723502,22.152267449396504,47.11215414478229,55.727581560017924,4966.283143424241,4214.5,3462.7168565757593,5.113299323763199,多排,97.0
2455,2026-09-15,527.0,524.5,477.825,386.8333333333333,1738910.6,61.29830345561495,69.5979044563969,39.96428352753924,40.11830434446181,-0.15402081692257497,55.8657610529087,61.93558938073408,590.6594269039259,477.825,364.99057309607406,8.826453199393086,多排,97.0
2457,2026-09-15,21.9,22.329999732971192,22.652499866485595,24.476666482289634,894435.2,5.954642289802894,13.937782373602454,-0.5485854447690564,-0.44298292933939365,-0.1056025154296627,18.64042826728989,30.381027449393855,23.80574482222584,22.652499866485595,21.49925491074535,-7.074277182960942,空排,11.0
2458,2026-09-15,127.2,130.05,135.0,155.36666666666667,942872.6,14.238690414718024,20.005033070483492,-6.433666102116632,-6.201419093830126,-0.2322470082865058,10.270442319648723,22.738294159148353,147.24744871391627,135.0,122.75255128608373,-7.4074074074074066,空排,31.0
2459,2026-09-15,65.60000152587891,66.01000137329102,66.51000022888184,65.32333335876464,39999.8,18.198843912296294,23.776873839247006,-0.0891198203334369,0.1404550585070208,-0.2295748788404577,16.327638049973146,35.89086112696192,67.79620040280729,66.51000022888184,65.22380005495638,-1.8192710463991018,交叉混雜,62.0
2460,2026-09-15,30.019999694824218,29.185000038146974,28.992500019073486,31.58499994277954,621665.4,29.648459878138727,36.56986098241324,-0.23842395352020418,-0.43916274023902646,0.20073878671882228,41.937872670068934,45.148288354097375,30.605693601196613,28.992500019073486,27.37930643695036,-0.6639675153446477,交叉混雜,79.0
2461,2026-09-15,17.719999694824217,18.024999618530273,18.167499828338624,17.333333237965903,561547.2,19.80222639363536,28.53663932488236,0.0570905268285955,0.225063480123143,-0.1679729532945475,19.38818178058007,37.752183566478294,18.907539217486203,18.167499828338624,17.427460439191044,-4.224578049045379,交叉混雜,64.0
2462,2026-09-15,19.25999984741211,19.475,19.72499990463257,20.78666664759318,134902.6,14.993497421618983,19.522218262213748,-0.29286156056949864,-0.2385842070937331,-0.05427735347576554,26.86178589563383,34.656215934034904,20.673405576697366,19.72499990463257,18.77659423256777,-4.182510976380473,空排,15.0
2464,2026-09-15,186.2,196.35,192.125,172.325,9744693.4,19.955058535734704,34.48188103974893,2.963392483161215,6.826541824498354,-3.863149341337139,31.55106230153143,43.13898091046302,217.50189583273018,192.125,166.74810416726982,-8.392973324658426,交叉混雜,95.0
2465,2026-09-15,91.17999877929688,95.56999893188477,93.41999969482421,85.05166664123536,2114565.4,14.866976989932326,26.458634640719858,1.2799866055284497,2.7054444798091395,-1.4254578742806898,37.06254514343646,46.07558949043722,103.98261448028818,93.41999969482421,82.85738490936025,-4.196103305105656,交叉混雜,87.0
2466,2026-09-15,103.2,101.09999923706054,101.37999954223633,95.82666651407878,1218168.6,52.81105574671358,49.01661196447084,1.8110803399072637,1.8577388286181182,-0.04665848871085454,51.05390260494813,52.54061076781235,107.84467425430753,101.37999954223633,94.91532483016513,0.611560919868978,交叉混雜,95.0
2467,2026-09-15,552.2,579.7,576.7,561.4,1049101.6,14.006577315770569,29.472157606499202,-0.06982074206212019,9.632985895242808,-9.702806637304928,19.572908831739042,36.12864363602776,642.7561164943561,576.7,510.643883505644,-10.52540315588695,交叉混雜,93.0
2468,2026-09-15,36.67999954223633,34.96999969482422,34.56749973297119,35.14249976476034,2757667.6,74.91832166216949,50.553298261712435,0.8223760365213977,-0.09242308541229127,0.914799121933689,90.65898347382544,80.91108415559611,39.65352520234132,34.56749973297119,29.481474263601065,25.11752465205709,交叉混雜,64.0
2471,2026-09-15,50.26000061035156,50.10500068664551,49.78250007629394,50.45916665395101,651353.4,43.90856199926468,40.57637021720298,0.206685095331963,0.02225878323331735,0.18442631209864566,83.11826303905559,70.39143432404333,51.31023566350477,49.78250007629394,48.254764489083115,3.851756508224484,交叉混雜,58.0
2472,2026-09-15,212.8,215.45,219.8,275.5833333333333,1735851.4,20.158040231311233,26.250892450517743,-10.696908671335962,-11.900040144150916,1.2031314728149543,32.00130567643427,37.2249834258418,234.7151988888774,219.8,204.8848011111226,-5.368516833484991,空排,90.0
2474,2026-09-15,204.6,206.35,206.325,198.50833333333333,1573689.8,23.902344816593825,32.172422726828934,1.599804525657106,2.5670060587364922,-0.9672015330793862,38.713191919099394,48.04868212473608,211.77597770080735,206.325,200.87402229919263,-1.3691990791227377,交叉混雜,66.0
2476,2026-09-15,118.7,120.4,121.275,122.8,836816.8,23.14096110974229,28.132545922928713,-0.8333688138810231,-0.18558329989919253,-0.6477855139818306,31.439762009557256,40.53571614034403,128.48226972175468,121.275,114.06773027824534,-3.525046382189244,空排,78.0
2477,2026-09-15,21.920000076293945,21.75999984741211,21.375,21.468333339691164,61900.4,52.51683780801189,57.201798307669605,0.14870089965049615,0.08182659443159546,0.0668743052189007,53.06439462576394,55.168645910364845,22.38937013269488,21.375,20.36062986730512,1.7543859649122806,交叉混雜,41.0
2478,2026-09-15,120.2,121.0,123.05,145.52333335876466,2207619.0,28.776384645994167,35.08778597687766,-3.2820501312129977,-3.577610723717835,0.29556059250483724,37.339375376674944,42.41129144550303,132.21457711431444,123.05,113.88542288568557,-4.9167005282405505,空排,90.0
2480,2026-09-15,157.6,156.9,157.45,157.35,271900.6,61.50971382863962,53.524298136277736,0.20941793252552543,-0.09411282185704542,0.3035307543825708,76.81039668460555,61.83978431830372,161.0321193373974,157.45,153.86788066260257,2.2546840266751427,交叉混雜,71.0
2481,2026-09-15,153.8,153.95,148.875,156.94166666666666,42271726.4,40.59660106960266,45.1011405506581,2.8291460150368835,2.181308245024453,0.6478377700124303,51.26295418781703,53.0896338918988,165.7050326797046,148.875,132.0449673202954,3.1066330814441647,交叉混雜,91.0
2482,2026-09-15,15.769999885559082,15.814999961853028,15.889999914169312,16.704166650772095,55030.4,31.195024414112837,36.71078246596132,-0.19272005662265812,-0.21119099882408993,0.018470942201431806,37.09789811149522,40.196113869610265,16.253607420554587,15.889999914169312,15.526392407784037,-1.5103857579321163,空排,33.0
2483,2026-09-15,30.90999984741211,32.11999950408936,33.95499963760376,42.58499975204468,556120.4,10.877728146586502,9.50554856296495,-2.195873991858626,-2.009308088312499,-0.18656590354612712,24.535425505704296,30.64349290706373,38.36991441171987,33.95499963760376,29.54008486348766,-10.76424809174627,空排,83.0
2484,2026-09-15,68.21999816894531,69.53999938964844,72.37499923706055,74.68166650136313,4877993.4,19.39151326987328,16.95321978925285,-1.4177971874485138,-0.6658503360353978,-0.751946851413116,38.116077743462775,42.48202168753069,79.81992045674313,72.37499923706055,64.93007801737797,-6.044904018210027,空排,97.0
2485,2026-09-15,39.01999969482422,40.0,41.064999961853026,43.936666615804036,1673405.6,6.340108981402552,12.049499795502811,-1.1990307395402127,-0.9037994672676727,-0.29523127227254,20.56648548310973,32.96703058199709,44.444053269755784,41.064999961853026,37.68594665395027,-8.559602406082329,空排,83.0
2486,2026-09-15,238.3,249.5,252.65,238.49166666666667,3689056.2,6.299508885452452,14.942509820748224,-0.16498990019510984,4.33235675839853,-4.4973466585936395,24.10745267850193,38.77599275170415,281.4927679524323,252.65,223.8072320475677,-9.75658024935682,交叉混雜,93.0
2488,2026-09-15,48.31999969482422,48.38999977111816,48.474999809265135,49.93333333333333,88846.0,20.11438325074685,24.292702331553272,-0.31636031433775,-0.36924177803639474,0.052881463698644715,43.233505197636696,42.52037464233486,48.878276036530565,48.474999809265135,48.071723581999706,-0.3610120121571206,空排,53.0
2489,2026-09-15,38.35,39.595000457763675,38.97750034332275,36.12666686375936,14735119.2,20.144338816162957,24.946415065039453,1.0238707385167274,1.483331517453871,-0.45946077893714365,39.75278461222172,48.11459866960309,45.17779514913681,38.97750034332275,32.77720553750869,-3.7906492984634492,交叉混雜,90.0
2491,2026-09-15,40.37999954223633,42.249999618530275,43.41999988555908,36.87083330154419,956094.2,10.036155084698645,16.344700481508532,1.0562327022811715,2.251931958587655,-1.1956992563064834,39.55282299047522,47.54151019562169,53.92179970211837,43.41999988555908,32.91820006899979,-7.991706890293434,交叉混雜,95.0
2492,2026-09-15,314.1,307.5,295.5,344.075,34660745.6,56.60637308203626,66.07705285179814,3.1570752083169396,0.0502334606537439,3.1068417476631955,44.90536367988951,49.42175853210571,337.9574089994541,295.5,253.04259100054588,1.5228426395939088,交叉混雜,95.0
2493,2026-09-15,173.9,177.75,178.975,219.55833333333334,686794.4,18.51281013663892,26.476476722970222,-8.820302717239628,-9.211122658315261,0.3908199410756339,29.372071740276127,37.53569985386647,189.07176863369037,178.975,168.87823136630962,-4.455929599106017,空排,79.0
2495,2026-09-15,37.02000045776367,37.095000457763675,37.525000381469724,40.99250001907349,1238605.2,32.72510985593235,35.173630956404054,-0.6272875505133655,-0.6758948443773721,0.04860729386400664,35.74230734718466,40.46315811402261,38.97322954091636,37.525000381469724,36.07677122202309,-2.86475578308353,空排,75.0
2496,2026-09-15,54.86000061035156,54.85,54.819999885559085,58.872857030232744,6612.2,35.65495786152224,35.44308092567594,-0.9107033145590293,-1.135597282832536,0.22489396827350672,47.14272979961151,36.54674397102466,55.25817821014195,54.819999885559085,54.38182156097622,0.14593513405113256,交叉混雜,19.0
2497,2026-09-15,43.21999969482422,43.93000030517578,44.6375,50.45249989827474,188245.2,18.670269373768594,19.16513251203391,-1.4714141155561222,-1.5377233143863611,0.06630919883023889,21.55629448531016,30.367571751490033,46.60803970612407,44.6375,42.66696029387594,-3.780451945249061,空排,23.0
2498,2026-09-15,39.95000076293945,40.58000030517578,40.52250022888184,41.60500011444092,2052781.2,6.200702893141972,14.083152046629092,-0.29094952874532964,-0.18533797203404845,-0.1056115567112812,23.163435987910333,36.21447423998992,41.786359902609675,40.52250022888184,39.258640555154,-3.1402312831005483,交叉混雜,13.0
2501,2026-09-15,21.989999771118164,22.219999694824217,22.51999979019165,22.87416655222575,1676885.0,12.91920967225943,20.583167713669802,-0.25317034903872226,-0.14741746144839663,-0.10575288759032564,9.395654876717387,23.976128347882806,23.4164255502654,22.51999979019165,21.6235740301179,-5.417409256204623,空排,32.0
2504,2026-09-15,31.15,31.279999923706054,31.397500038146973,31.556666628519693,944322.2,19.06918514542264,30.653144022712407,-0.10712527622252921,-0.04094375719476125,-0.06618151902776795,20.631119977159656,35.129536574435306,32.22433583670559,31.397500038146973,30.57066423958835,-2.8585079610049795,空排,26.0
2505,2026-09-15,17.309999847412108,17.225,17.322500038146973,17.737500127156576,170819.0,61.97976118386187,60.31098199791204,-0.13675592014135773,-0.1609633057440476,0.024207385602689868,36.546390870689756,39.41758653765609,17.857068551995162,17.322500038146973,16.787931524298784,-0.9958171120613414,交叉混雜,35.0
2506,2026-09-15,8.635999870300292,8.59699993133545,8.590499973297119,8.682833290100097,215615.6,50.61813597814441,58.4467297403614,-0.006710483868619832,-0.016123400872868787,0.009412917004248955,42.0367689265896,46.02455736103318,8.69091498488155,8.590499973297119,8.490084961712688,-0.2386389446088529,交叉混雜,43.0
2509,2026-09-15,14.460000038146973,14.689999961853028,14.84749994277954,13.822499990463257,76513.2,7.621710442279849,17.55250889997397,0.12908010903312217,0.2908396930624513,-0.1617595840293291,16.312908858644874,36.81304530386298,15.656316444235697,14.84749994277954,14.038683441323384,-5.371272976044078,交叉混雜,57.0
2511,2026-09-15,8.429999732971192,8.423999977111816,8.372000026702882,8.383166710535685,442721.2,50.33966906312105,61.56710164417018,0.02108310096995325,0.017392250325542303,0.003690850644410947,40.56082177933192,48.268231540518,8.528487815851681,8.372000026702882,8.215512237554082,-0.023890840150740514,交叉混雜,60.0
2514,2026-09-15,11.589999961853028,11.65,11.780000019073487,12.39916664759318,70838.4,19.401994623077982,21.574468508693233,-0.20398796040589318,-0.20651568205515483,0.002527721649261655,27.891211405555126,32.20583350230373,12.12089668016764,11.780000019073487,11.439103357979334,-2.3769101750435264,空排,17.0
2515,2026-09-15,11.960000038146973,11.979999923706055,11.984999990463256,12.253758430480957,3536585.6,17.14108462559124,21.423166524573567,-0.042998705805574744,-0.03887990002783931,-0.004118805777735435,28.86272455370738,38.544464538053845,12.163000657401504,11.984999990463256,11.806999323525009,-1.9607842357134038,空排,46.0
2516,2026-09-15,14.550000190734863,14.31500015258789,14.25750012397766,14.040000025431315,172813.2,62.67398323968383,59.399658292116,0.12386305288769961,0.09686718601606056,0.026995866871639046,49.40069642125841,53.181223989428254,14.7062117793126,14.25750012397766,13.808788468642721,0.6487831435224968,多排,64.0
2520,2026-09-15,36.64000015258789,36.64499969482422,36.382499885559085,35.43166650136312,889447.2,53.55726892671225,61.00206279882007,0.3529984490544962,0.38240265412489866,-0.029404205070402478,49.55184979367086,53.77010367042773,37.42490335317918,36.382499885559085,35.34009641793899,0.3229577813798144,交叉混雜,70.0
2524,2026-09-15,34.369999694824216,34.625,34.8375,35.406666628519694,55175.6,20.10510323752322,33.6764431099552,-0.27362732009787294,-0.1540872702337561,-0.11954004986411684,24.504191471515753,35.86358278562159,36.190032231921144,34.8375,33.48496776807885,-4.413349875678369,空排,19.0
2527,2026-09-15,43.6,43.385000228881836,43.40500030517578,43.96416670481364,473237.8,28.26957571315412,38.184330496612574,-0.22085707763783802,-0.20360724789945156,-0.017249829738386457,35.43897282371957,42.716540098720145,44.74581703725631,43.40500030517578,42.06418357309526,-2.0850139357512383,交叉混雜,87.0
2528,2026-09-15,19.809999847412108,19.90999984741211,20.152499866485595,20.86499989827474,208200.0,21.940380419352017,29.261848272532532,-0.2501181873065832,-0.20948386900734764,-0.040634318299235556,29.33307351333154,36.73866483563695,20.91302252066468,20.152499866485595,19.39197721230651,-3.237811044825898,空排,9.0
2530,2026-09-15,20.039999771118165,19.874999809265137,19.63749990463257,19.57749996185303,1064668.0,59.748862688161346,63.26626821384497,0.1575248729935268,0.06355361277850877,0.09397126021501803,56.3523831433448,55.07042716942362,20.49151530497406,19.63749990463257,18.783484504291078,2.6098012292124966,多排,19.0
2534,2026-09-15,16.809999847412108,16.919999885559083,17.117499923706056,16.98833328882853,181377.0,10.663962941805828,14.371576872444923,-0.09886067532361054,-0.04012666405999545,-0.058734011263615084,27.862529168947347,37.898603496568214,17.664525530027955,17.117499923706056,16.570474317384157,-2.439019498334612,交叉混雜,23.0
2535,2026-09-15,89.37999877929687,89.26999893188477,89.96499938964844,89.42500012715658,186936.6,49.746167484877176,46.60451681545318,-0.04795504111285709,0.09799937652313906,-0.14595441763599615,36.997523917473416,44.65324826736754,92.01107505468623,89.96499938964844,87.91892372461065,-1.5172577388850697,交叉混雜,79.0
2536,2026-09-15,19.160000228881835,19.185000228881837,20.030000019073487,19.820000044504802,497049.2,26.36346420612861,23.822917742230892,-0.26807653604275217,-0.13156938217531502,-0.13650715386743714,38.28568270666116,40.09056160340889,21.878583830821093,20.030000019073487,18.18141620732588,-4.643033633141148,交叉混雜,16.0
2537,2026-09-15,11.289999961853027,11.399999904632569,11.487499856948853,11.178333298365276,494303.2,12.368157920650626,21.668419662955102,0.012344968996808703,0.07853163130962576,-0.06618666231281706,24.65806529369162,38.559569266901164,11.8352366553628,11.487499856948853,11.139763058534905,-3.808484628179069,交叉混雜,62.0
2538,2026-09-15,8.73400001525879,8.792000102996827,8.900000095367432,9.410833342870076,410588.2,16.11249896661384,20.796290660748525,-0.1657419757978591,-0.1650357394343428,-0.0007062363635162994,19.270825469379915,24.77277966246575,9.197356959810492,8.900000095367432,8.602643230924372,-3.033707618352187,空排,17.0
2539,2026-09-15,34.97999954223633,35.03499984741211,35.05807361602783,38.86352456410726,843710.8,25.003757469309775,39.86967544712615,-1.2003031427264688,-1.2878253612141488,0.08752221848768005,26.470886411442393,33.240130714283836,36.27138975626376,35.05807361602783,33.84475747579191,-2.8754414461221725,空排,10.0
2540,2026-09-15,48.63999938964844,47.95000038146973,47.79750003814697,51.23166675567627,484936.2,50.39524454521267,55.42541749258896,-0.5234002342115431,-0.8184508624240066,0.2950506282124634,41.16131971442502,44.730557125965625,49.85930167247073,47.79750003814697,45.735698403823214,-0.6224175697673263,交叉混雜,43.0
2542,2026-09-15,46.43000030517578,47.30000038146973,47.567500305175784,45.21749986012777,9258870.2,22.868267740735,37.21442040432992,0.14549932841695323,0.574796986224854,-0.42929765780790075,22.36301757579166,36.81939020998681,49.53868063990236,47.567500305175784,45.59631997044921,-4.872024576249634,交叉混雜,74.0
2543,2026-09-15,38.26999969482422,38.41499977111816,38.562499809265134,38.611666679382324,725779.4,21.942749335150687,32.73657761682311,-0.22332431406561426,-0.1099990565155117,-0.11332525755010256,27.803881932934175,38.986347918816236,39.71729597204909,38.562499809265134,37.40770364648118,-3.144249831160378,空排,3.0
2545,2026-09-15,33.79000015258789,34.2,34.377499961853026,34.65999994277954,155233.8,16.487615409939615,29.71015166342558,-0.14332640845488953,0.019586442183287214,-0.16291285063817673,25.96922383208654,37.3582498153733,35.56048245794556,34.377499961853026,33.19451746576049,-3.570644861715403,空排,26.0
2546,2026-09-15,103.2,104.65,106.7,99.84970219930013,127242.8,28.844267775702605,24.191247203707448,0.47472979169964447,1.237172885046359,-0.7624430933467146,56.237626595220426,53.004831717720776,114.15089185760237,106.7,99.24910814239763,-1.1246485473289622,交叉混雜,80.0
2547,2026-09-15,9.857999801635742,9.915999794006348,10.007499885559081,10.450833320617676,1707551.8,15.64119113425797,17.760670986560264,-0.14059221827380064,-0.1263242416333528,-0.01426797664044785,19.040094283168045,29.939829461001054,10.292926769964103,10.007499885559081,9.72207300115406,-3.1726236203503384,空排,30.0
2548,2026-09-15,93.88000030517578,93.96999969482422,94.57999992370605,95.93214302062988,895365.8,25.89318464074014,37.99224317742945,-0.6945877627697712,-0.6009020799369357,-0.09368568283283552,26.960396412704213,34.92302392736846,97.56459168526726,94.57999992370605,91.59540816214485,-3.1507733685650354,空排,35.0
2596,2026-09-15,35.83999938964844,35.54999961853027,34.964999771118165,32.54499994913737,215438.6,71.90330411606948,62.20940165405902,0.9344207811344916,0.9084571427578422,0.02596363837664939,72.67616640445829,71.1023503378127,36.73970457168896,34.964999771118165,33.19029497054737,3.9611002776180957,多排,76.0
2597,2026-09-15,170.5,170.15,169.95,166.83333333333334,208141.6,34.87856636829988,44.41175908904064,0.7606085913753589,1.0899745575223418,-0.329365966146983,47.95491131878722,50.48094192135069,174.0397818755414,169.95,165.86021812445858,-0.26478375992938435,多排,62.0
2601,2026-09-15,6.531999969482422,6.661999988555908,6.807000017166137,6.5451666434605915,2339988.2,9.90460896339428,16.365808828212273,-0.02544247584671311,0.052715874971316426,-0.07815835081802953,16.455064339126736,33.94631753414754,7.328620919423101,6.807000017166137,6.285379114909174,-8.476568189181014,交叉混雜,67.0
2603,2026-09-15,234.0,233.85,236.975,213.11666666666667,8625015.2,53.75659243582489,47.51122433475165,3.7360704587974283,5.130743142623672,-1.3946726838262435,48.6365681359282,52.83557988415785,250.2433834735074,236.975,223.70661652649258,-1.4663994092203794,交叉混雜,80.0
2605,2026-09-15,36.18000030517578,36.01499977111816,35.93999977111817,32.80166654586792,13942019.2,33.45636734556345,44.85310912565345,0.7350663916803057,0.8938219076419749,-0.15875551596166915,35.61848991131339,48.37984868020024,37.728736662598834,35.93999977111817,34.1512628796375,-2.476350973081629,多排,76.0
2606,2026-09-15,77.07999877929687,77.32999877929687,75.27499923706054,67.2733331044515,4699209.8,38.95624990659476,57.42985793547652,2.4727186156197973,2.920895414625874,-0.44817679900607654,38.00281593512181,51.22894930782036,81.2777614138253,75.27499923706054,69.27223706029578,-0.8967130784202262,交叉混雜,80.0
2607,2026-09-15,53.15999984741211,53.22999992370605,52.7,49.3400000890096,244267.0,50.012781060451005,60.865605218654785,0.9782787092220744,1.1394592519053746,-0.16118054268330018,51.146079382394404,60.798537997907715,54.28545966437318,52.7,51.11454033562683,0.5692599620493305,交叉混雜,51.0
2608,2026-09-15,28.68000030517578,28.585000038146973,28.614999961853027,28.89666674931844,393493.6,32.385102596529784,30.990576018207058,-0.04448959259799068,-0.08231701343433388,0.037827420836343204,47.60456391305739,47.67571039735317,28.89239371255946,28.614999961853027,28.337606211146593,-0.05241859305712451,交叉混雜,38.0
2609,2026-09-15,58.8,58.28999977111816,59.15499973297119,53.82499987284343,41092809.2,54.60054813682852,47.42128802353588,1.1531292929604149,1.3684722540689611,-0.21534296110854623,53.82783695237303,55.59686302115633,63.75269923938267,59.15499973297119,54.55730022655971,-0.6001191742255695,交叉混雜,73.0
2610,2026-09-15,20.230000305175782,20.365000343322755,20.370000076293945,21.225000127156576,13360199.0,28.128223802897764,39.45033770742931,-0.1862881453936751,-0.17891203232542804,-0.007376113068247064,28.767287889184075,37.54864329903385,20.862469509175398,20.370000076293945,19.87753064341249,-2.3073169170511934,空排,54.0
2611,2026-09-15,13.939999961853028,14.15999994277954,14.89500002861023,14.332499996821086,337655.2,13.347322922630028,9.059207390214414,-0.19954514927553824,-0.04483252233620851,-0.15471262693932972,33.60964272201318,39.64722662081197,16.823703087388598,14.89500002861023,12.966296969831864,-6.008727941531515,交叉混雜,45.0
2612,2026-09-15,63.78000030517578,63.49000015258789,62.125000190734866,56.20000019073486,756483.6,46.553367698649815,61.79856386467043,1.9938785461731712,2.2104617890405622,-0.21658324286739106,34.745135351054515,51.57007794412281,65.90521142456012,62.125000190734866,58.34478895690961,-1.0060365212330038,多排,70.0
2613,2026-09-15,22.220000076293946,22.450000190734862,22.880000114440918,21.699166615804035,288501.2,10.729918581134905,17.230466387720305,0.11688092790002713,0.2928323472885939,-0.1759514193885668,26.342142967876867,42.142730019889804,24.394282714072055,22.880000114440918,21.36571751480978,-4.72028353137428,交叉混雜,36.0
2614,2026-09-15,17.920000076293945,18.044999885559083,18.237499904632568,18.20583333969116,549931.0,9.377908051887395,14.836069253434301,-0.10344562690144699,-0.04058176272560554,-0.06286386417584144,20.769286814471016,33.67348828279364,18.777358290971684,18.237499904632568,17.69764151829345,-2.9472194352504566,交叉混雜,32.0
2615,2026-09-15,112.7,113.25,114.825,94.0099998474121,21879604.2,46.45064397425751,43.948941311534284,4.2353822310398925,5.679412141462335,-1.4440299104224428,46.89544006803951,54.65340608764191,124.70999660570453,114.825,104.94000339429547,-2.4602656215980865,交叉混雜,88.0
2616,2026-09-15,13.310000228881837,13.36500005722046,13.407499980926513,13.480833371480307,86099.2,8.166085277687236,17.689120911975767,-0.04588547104914831,-0.03284044101018843,-0.013045030038959876,25.173837802561508,36.05218503089782,13.564024563622993,13.407499980926513,13.250975398230032,-1.174715503640292,空排,39.0
2617,2026-09-15,33.19000091552734,32.720000457763675,31.96000032424927,30.201666831970215,3188660.6,51.8016753533201,65.75934321154374,0.8685431059434876,0.8135312855561618,0.05501182038732577,47.06405166661848,56.39581795803066,33.917335139252955,31.96000032424927,30.002665509245585,1.3767246469512464,多排,69.0
2618,2026-09-15,41.98999938964844,42.19499969482422,42.25999984741211,42.30333340962728,14279290.2,35.34405940780381,43.35174716293668,-0.052105750227838143,0.0543906552779353,-0.10649640550577344,32.63360531554393,41.80561574261533,43.14114760497394,42.25999984741211,41.378852089850284,-2.508279906057712,空排,70.0
2630,2026-09-15,47.77000045776367,48.820000076293944,50.117500114440915,50.903333473205564,985163.8,6.318465247964068,9.349153653318625,-0.8207444432805886,-0.37850469779939777,-0.4422397454811908,18.461265262044762,32.92513756672464,53.583010492052026,50.117500114440915,46.651989736829805,-7.7168655771131105,空排,56.0
2633,2026-09-15,26.0,26.060000228881837,26.11750011444092,26.11583334604899,2945292.2,24.527062805479368,34.707840827508306,-0.016712674452747933,0.015333181113426044,-0.03204585556617398,28.273570424865525,39.973480880508546,26.404545115112672,26.11750011444092,25.830455113769165,-1.0242164518007826,交叉混雜,52.0
2634,2026-09-15,63.74000015258789,64.6700008392334,66.66000080108643,63.066667048136395,9953582.0,9.277176023679063,12.319036242835343,-0.3364243802636935,0.4421100221487292,-0.7785344024124227,22.52517751853324,38.86195811824366,71.75381667905633,66.66000080108643,61.56618492311652,-6.990700187646078,交叉混雜,81.0
2636,2026-09-15,70.03999786376953,69.66999893188476,70.40499992370606,68.42166646321614,519022.2,45.83340034775783,45.29042835184923,0.3545914692482057,0.49099405858334744,-0.1364025893351417,42.117782912607424,48.087265143572196,73.9587832515474,70.40499992370606,66.85121659586471,-1.7115303980820455,交叉混雜,58.0
2637,2026-09-15,99.98000030517578,99.31000061035157,97.08999977111816,86.51999994913737,4372837.8,47.4462066024388,56.981845609682296,3.301251669689151,3.565387766598213,-0.26413609690906226,40.63023144854198,53.27146764720415,103.76971086535625,97.08999977111816,90.41028867688007,-0.19569290934921996,多排,87.0
2640,2026-09-15,154.6,155.2,155.825,152.85833333333332,19330.4,30.464452104672745,23.003881050673034,0.6853785184754599,0.9973511655742555,-0.3119726470987956,58.899321025381006,55.946029583945965,158.6770537383243,155.825,152.97294626167567,0.11230547088080307,交叉混雜,74.0
2641,2026-09-15,17.700000381469728,17.860000228881837,18.110000228881837,17.663333384195962,1553659.4,8.79915575205501,16.03589850222221,-0.03503907199762679,0.07889445650569105,-0.11393352850331784,23.12595465166538,36.34596155255095,18.98214222193408,18.110000228881837,17.237858235829595,-4.748758796315798,交叉混雜,29.0
2642,2026-09-15,20.22000045776367,20.29500045776367,20.412500190734864,20.508333460489908,26211.6,16.69318553791532,19.94910369418927,-0.07056127838683679,-0.04614808874230363,-0.024413189644533158,35.09924813642375,41.79498484517818,20.761747116519068,20.412500190734864,20.06325326495066,-1.0410259684497805,空排,25.0
2643,2026-09-15,62.86000061035156,62.79000015258789,62.65500011444092,61.73833357493083,13800.0,75.28185351292232,66.88489283539958,0.27084488796698736,0.29051364890092346,-0.019668760933936102,51.03589692077168,53.313916417493985,63.47699970221032,62.65500011444092,61.83300052667151,0.23142466260439842,多排,37.0
2645,2026-09-15,172.6,173.05,174.425,192.1,1029109.2,17.941174128016318,21.901873786980975,-4.096463380237935,-4.521220145038954,0.4247567648010184,32.31957425381951,39.15941239610308,179.75885414123232,174.425,169.0911458587677,-2.5369069800774033,空排,64.0
2646,2026-09-15,20.25,20.435000038146974,20.739999961853027,21.059999847412108,4509930.6,5.019798967451244,9.00610924476373,-0.23022209564448204,-0.1632453541144705,-0.06697674153001154,16.725678078382927,29.40586607017444,21.504060894685978,20.739999961853027,19.975939029020076,-3.085822476183452,空排,34.0
2701,2026-09-15,10.360000038146973,10.375,10.504999923706055,10.640000057220458,47606.0,23.060289751048245,25.91616985506991,-0.08835644145187338,-0.06999853462196594,-0.01835790682990744,29.61966493979422,35.01889744749219,10.805700610862536,10.504999923706055,10.204299236549575,-1.9514491619231762,空排,47.0
2702,2026-09-15,12.699999809265137,12.699999809265137,12.639999914169312,12.702499961853027,29363.0,44.06538354439981,48.25236665151701,0.027940698043678935,0.01773084601639788,0.010209852027281054,41.30868668932605,49.857791856169044,12.934868218712815,12.639999914169312,12.34513160962581,0.07911158567138625,交叉混雜,66.0
2704,2026-09-15,45.71999969482422,45.56499977111817,45.63249969482422,45.6541664759318,69535.2,45.862325064548926,59.21106305457105,-0.08157844002194281,-0.06181030295957514,-0.01976813706236767,33.49654717522775,42.16427628393411,46.71551361927038,45.63249969482422,44.549485770378055,-1.4956422208932305,交叉混雜,64.0
2705,2026-09-15,15.460000038146973,15.564999961853028,15.682499980926513,16.017499987284342,122413.0,23.356688558299076,25.407053655343347,-0.15620470454351576,-0.12086025836123351,-0.035344446182282246,18.26966371400451,29.575406500060765,16.061244265503834,15.682499980926513,15.30375569634919,-2.757850989654275,空排,38.0
2706,2026-09-15,12.179999923706054,12.319999980926514,12.415000009536744,12.53416666984558,92866.4,11.937120940989631,21.43886878805333,-0.09663694506311948,-0.05668693555290781,-0.03995000951021167,19.896923668010402,28.86947365819009,12.74283200848173,12.415000009536744,12.087168010591757,-2.5372503248090714,空排,48.0
2707,2026-09-15,177.6,178.15,179.075,179.09166666666667,74831.8,22.484156998199737,29.2033594546905,-0.4211987605753791,-0.20687681618466863,-0.21432194439071045,33.5130117101412,42.35053053864857,182.15763387041076,179.075,175.99236612958921,-0.8795197542928876,空排,50.0
2712,2026-09-15,14.2,14.280000019073487,14.375,14.655833339691162,27400.0,35.73877803116245,40.839210348873465,-0.13489504695712284,-0.09787177669674477,-0.03702327026037808,23.650658388137543,33.621119286501866,14.788585071663379,14.375,13.961414928336621,-3.9999986731487773,空排,19.0
2722,2026-09-15,21.34000015258789,21.43000011444092,21.652499961853028,22.056666755676268,22410.0,17.395908334651892,24.037688768629163,-0.17807996056841802,-0.14635252598601736,-0.031727434582400654,31.043244161210566,38.585588147692505,22.352481176654077,21.652499961853028,20.95251874705198,-2.3207497711952447,空排,22.0
2723,2026-09-15,78.35999908447266,80.46999969482422,78.19999923706055,68.87666651407878,284828.8,28.20330442971771,44.40203655990309,3.1015256853152238,3.9072050585668885,-0.8056793732516647,37.378327136031636,55.34672653447132,88.15019329823231,78.19999923706055,68.2498051758888,-0.767264410221511,交叉混雜,74.0
2724,2026-09-15,10.579999923706055,10.54499979019165,10.649999809265136,11.117499923706054,1800.0,49.71080690354324,60.47125739031918,-0.1330183356635768,-0.14085332697204406,0.007834991308467265,26.271211431409554,37.14144629107319,11.014185979931767,10.649999809265136,10.285813638598505,-3.286381453507492,交叉混雜,3.0
2726,2026-09-15,8.076000022888184,8.10900001525879,8.230500030517579,8.734166701634726,17030.0,22.664862706079866,22.794558341416383,-0.17456770497295793,-0.18152289277069847,0.006955187797740542,32.77976077155934,31.40534132853763,8.548154285672553,8.230500030517579,7.912845775362605,-2.3145625169576944,空排,5.0
2727,2026-09-15,228.8,230.2,232.675,233.70833333333334,149546.4,17.903221169703773,19.85159452712369,-1.2068644468484138,-0.6070898210971933,-0.5997746257512204,33.43653722154224,41.268402333559834,238.86731272159852,232.675,226.4826872784015,-1.794348339959175,空排,60.0
2729,2026-09-15,153.0,154.2,155.8,158.45,14683.0,20.344989325689358,33.81754028132367,-1.8415065614013315,-1.3894510871160872,-0.4520554742852443,15.093236902729473,23.823528932192914,161.8297508022161,155.8,149.77024919778393,-4.043645699614898,空排,29.0
2731,2026-09-15,141.2,142.4,143.525,145.275,285147.4,22.38031190080471,19.631244123311074,-1.153466872023472,-0.9060566994327712,-0.24741017259070075,41.39617802247969,40.40518842695926,147.01143989736335,143.525,140.03856010263667,-1.4109040236892567,空排,31.0
2732,2026-09-15,62.55999984741211,63.04000015258789,63.83000030517578,64.16000029246013,24238.8,15.99646150483013,22.131194113892597,-0.45287205363895566,-0.25428476991170945,-0.1985872837272462,28.123115153835883,36.43717895035358,65.89637326219653,63.83000030517578,61.763627348155026,-2.2403239424407766,空排,38.0
2734,2026-09-15,14.590000343322753,14.75,14.859999990463256,14.993333339691162,29659.2,29.603982302681736,35.98118041515682,-0.09517426900887394,-0.05828684517229999,-0.036887423836573945,25.030736139284585,34.16302969878019,15.193403131741528,14.859999990463256,14.526596849184985,-1.7496608960995328,空排,25.0
2736,2026-09-15,11.449999809265137,11.5,11.725,11.723333374659221,34000.0,20.493635313508296,19.109220393439585,-0.08201966737204636,-0.03781390271698727,-0.044205764655059085,25.882974089867346,36.79506515944065,12.365312608742762,11.725,11.084687391257237,-2.7718582641341256,交叉混雜,25.0
2739,2026-09-15,37.150000762939456,37.51500053405762,37.51000003814697,36.20750007629395,71811.2,15.999153878022799,27.83844312090459,0.3118530134753783,0.5263503430294618,-0.21449732955408352,16.422972454544166,40.125019174382125,38.99309738475585,37.51000003814697,36.02690269153809,-2.692615401545771,交叉混雜,64.0
2740,2026-09-15,31.579999923706055,31.079999923706055,30.8875,31.894166692097983,2508.4,91.80079235364349,81.83305939124459,0.01831742314466922,-0.20752532759364653,0.22584275073831575,76.61003707741563,62.02707266676994,32.221222314145116,30.8875,29.553777685854882,3.925531280035919,交叉混雜,76.0
2743,2026-09-15,52.04000015258789,55.02999992370606,57.01499977111816,59.77833309173584,64171.2,3.6703873296982903,11.075496915852996,-1.8980918898381347,-1.124834331116435,-0.7732575587216997,11.454461878415074,22.73361359343835,63.486076413737095,57.01499977111816,50.54392312849923,-10.549854942146565,空排,4.0
2745,2026-09-15,85.58000030517579,86.51999969482422,87.68500022888183,94.19999987284342,69077.4,11.436450678060034,17.718875153837654,-1.7016415977241621,-1.5635833901911167,-0.13805820753304543,9.728002838503514,21.498772897186015,90.927011329526,87.68500022888183,84.44298912823767,-4.5446806982239805,空排,11.0
2748,2026-09-15,39.03000030517578,38.97999992370605,38.8125,39.10416660308838,61801.0,35.543177048724104,47.68406997236887,0.04993013796340762,0.01773712062487351,0.03219301733853411,51.04395939142094,52.174031853574185,39.374335101952006,38.8125,38.250664898047994,0.3542692764945652,交叉混雜,40.0
2751,2026-09-15,53.57999954223633,52.69999961853027,53.35499992370605,52.77083320617676,10544.4,75.51920249912939,56.602129671476334,0.12587883323951132,0.011533686714134383,0.11434514652537695,64.18764792754641,57.7649810176783,56.07527502068094,53.35499992370605,50.634724826731166,1.7711541836862095,交叉混雜,39.0
2752,2026-09-15,178.2,178.1,178.625,177.475,4224.8,37.76739797999901,49.13945258019395,0.010676943479097645,0.2974442323641114,-0.28676728888501374,34.61496372112302,42.64253296075277,181.91573659970618,178.625,175.33426340029382,-1.1896431070678797,交叉混雜,33.0
2753,2026-09-15,177.6,178.8,180.75119018554688,180.70873006184897,125308.2,8.838061368868221,15.24180243794541,-1.101063612775448,-0.5837794813461238,-0.5172841314293243,23.83420411404785,36.726528386731005,187.79527735151234,180.75119018554688,173.7071030195814,-2.351956953192337,交叉混雜,44.0
2754,2026-09-15,69.28000183105469,68.89000015258789,69.08999977111816,69.27166659037272,23459.4,68.42226809982066,54.13038220752598,-0.08721450789862217,-0.17637921606306678,0.0891647081644446,52.158058764874106,50.49936763058658,70.49510482174296,69.08999977111816,67.68489472049336,0.30395611714481763,交叉混雜,39.0
2755,2026-09-15,98.53999786376953,99.78999938964844,101.01999969482422,104.94955914815267,30693.4,9.768805441273855,15.91601778598746,-1.4865244560188842,-1.2422749521180114,-0.24424950390087274,18.247186932801498,26.215719199405058,104.4741212764287,101.01999969482422,97.56587811321974,-2.8905179464702915,空排,38.0
2756,2026-09-15,62.64000015258789,62.77000045776367,62.60000019073486,59.92166659037272,43201.2,37.91259534156474,50.591025603948026,0.7427375449394873,0.9902192222502963,-0.24748167731080906,45.76786445510572,51.192107925943944,64.31679080908404,62.60000019073486,60.88320957238568,-0.958466755442061,交叉混雜,23.0
2762,2026-09-15,80.13999938964844,81.05,82.18000030517578,83.42166671752929,83813.2,7.683462165778669,10.438187492343777,-1.064905620928144,-0.7569319463059114,-0.3079736746222326,17.273146299606594,31.90331907568455,85.45709827542628,82.18000030517578,78.90290233492529,-3.3828167059787515,空排,60.0
2801,2026-09-15,27.629999923706055,27.080000114440917,25.710000133514406,24.508333333333333,37088345.4,86.81081588146736,87.90585702883044,1.0444182005631149,0.7790051877576534,0.2654130128054615,71.6461112907473,73.35536176755099,28.85518842656964,25.710000133514406,22.56481184045917,8.907039496668274,多排,86.0
2812,2026-09-15,19.310000228881837,19.34000015258789,19.145000076293947,19.64838873545329,20909486.0,60.47887565777388,61.34983270810709,0.016561575665111405,-0.045019927905739276,0.06158150357085068,54.66052860438185,53.30617670527394,19.608283694238796,19.145000076293947,18.681716458349097,1.0707772491973968,交叉混雜,46.0
2816,2026-09-15,39.12999954223633,39.204999923706055,38.507500076293944,35.45500011444092,330864.6,43.9756158918394,50.706562024121766,1.1024672522308734,1.2162796221212697,-0.11381236989039634,53.97405159452895,61.19559922877153,41.12269335281877,38.507500076293944,35.892306799769116,1.538657136020899,交叉混雜,84.0
2820,2026-09-15,17.229999923706053,17.089999961853028,16.782499980926513,16.7658332824707,3358376.4,83.00334531280112,76.17423701025092,0.20632587319741091,0.1254096077369873,0.0809162654604236,72.89310990949096,68.45339916426389,17.516827400396906,16.782499980926513,16.04817256145612,3.381500975350417,多排,62.0
2832,2026-09-15,57.21999969482422,57.670000076293945,58.85500011444092,57.788333384195965,327318.4,34.88787091457347,27.266414714894378,-0.368590809801951,-0.07022095229789584,-0.2983698575040552,44.23373836940673,43.51441867850036,61.75144098510554,58.85500011444092,55.9585592437763,-2.3022684764356165,交叉混雜,74.0
2834,2026-09-15,18.04000015258789,17.64500026702881,17.097500228881835,17.387655830383302,54580091.2,85.55359217079297,87.56845617681782,0.30108963908463693,0.13252508101734078,0.16856455806729614,65.40798645054343,65.33251875830494,18.442852932760797,17.097500228881835,15.752147525002872,5.278548086191126,交叉混雜,74.0
2836,2026-09-15,12.280000114440918,12.25,12.132500076293946,12.241666698455811,1811155.6,70.43433873786898,75.9958110651543,0.045567936240260565,0.017458279496747657,0.028109656743512908,54.17438555240863,54.33538349386101,12.412114492535311,12.132500076293946,11.85288566005258,0.9684724744872735,交叉混雜,63.0
2838,2026-09-15,21.2,21.029999923706054,20.639999866485596,20.846886603037515,1904969.8,83.29753793090117,80.8712401845125,0.23733763929885043,0.11738614208564879,0.11995149721320164,69.79949588117425,65.97769627959141,21.573358544362573,20.639999866485596,19.706641188608618,3.9244229733213536,交叉混雜,76.0
2845,2026-09-15,13.610000038146973,13.579999923706055,13.546940326690674,13.352313454945882,9671888.8,77.0987595170923,76.0385925537707,0.08307105681154425,0.07704433086923583,0.006026725942308422,50.58138900211658,52.758861771481044,13.880519724082777,13.546940326690674,13.21336092929857,0.3916755628908462,多排,70.0
2849,2026-09-15,15.80999984741211,15.494999980926513,14.92999997138977,14.765833298365274,267466.4,80.3852006291979,79.9764092756918,0.35371817746978174,0.2250364504711389,0.12868172699864283,60.042822239206146,61.19852693783688,16.389055229082896,14.92999997138977,13.470944713696646,5.4922975899637505,多排,77.0
2850,2026-09-15,157.2,157.95,160.4,154.075,155461.0,17.464950536627164,20.79626900954863,-0.3003761733014585,0.6060375093725711,-0.9064136826740296,30.728222826241932,41.14101959842314,167.30232607627508,160.4,153.49767392372493,-3.0548628428927715,交叉混雜,83.0
2851,2026-09-15,46.460000610351564,46.300000762939455,45.49750022888183,39.58083356221517,3229804.4,64.77726203883905,60.978203016571406,1.9927495982639982,2.164486964071742,-0.1717373658077439,55.77115271639567,61.00739341183686,48.947668113145234,45.49750022888183,42.04733234461843,2.2034172560579046,多排,91.0
2852,2026-09-15,27.939999771118163,28.059999847412108,28.4125,27.305833307902017,246296.6,21.498363798682913,24.48763472572461,0.10418909561679612,0.23058669794672473,-0.1263976023299286,33.07742751869738,44.886447999701375,29.69881474552344,28.4125,27.126185254476564,-2.3317201935767757,交叉混雜,67.0
2855,2026-09-15,52.02000045776367,51.52000007629395,49.525,47.732500139872236,4775111.0,74.78728007273263,84.86924744238229,1.5344205128707316,1.3432822291292186,0.19113828374151298,54.86026458367114,61.61486145477893,54.261143504777706,49.525,44.78885649522229,3.987884906612825,多排,92.0
2880,2026-09-15,45.63999938964844,44.81499977111817,42.35499954223633,40.95453796386719,13320912.6,93.63273019286822,92.13446788846096,1.4792293154633143,0.9910128998963141,0.48821641556700013,85.71490478573965,76.39608059933639,47.86832367537272,42.35499954223633,36.841675409099935,10.73073316671934,多排,89.0
2881,2026-09-15,149.8,148.85,143.275,132.33333333333334,14547736.8,66.31909243201378,66.99844533643974,5.553112336898067,5.230485517037625,0.3226268198604423,62.92945881333967,65.59943767861529,158.34492473700402,143.275,128.205075262996,5.391729192113065,多排,90.0
2882,2026-09-15,110.8,111.85,107.44500007629395,101.36000010172526,17452027.4,41.354487779644764,54.58327829939798,3.146631903532139,3.24519395850036,-0.0985620549682209,47.89278379104281,56.38457873454463,118.92339605432072,107.44500007629395,95.96660409826718,2.3779607444662934,交叉混雜,87.0
2883,2026-09-15,37.75,37.11000022888184,34.60500011444092,31.64083334604899,46286659.2,87.92753496789103,90.98487117811084,1.9286808883708702,1.630163848766445,0.2985170396044252,73.03037504612065,75.10979243605907,40.289596236231965,34.60500011444092,28.920403992649874,10.24418841125399,多排,94.0
2884,2026-09-15,45.5,44.38499984741211,41.48999996185303,37.82750015258789,48690623.0,91.40604595042649,91.58232972746264,2.280702334044115,1.8495711283429122,0.43113120570120267,70.31755189062572,73.91867945163709,48.01618994214976,41.48999996185303,34.9638099815563,10.026516191493585,多排,87.0
2885,2026-09-15,69.7,69.42999954223633,66.48999977111816,66.50121746063232,17740022.4,74.61406522041092,82.79824839285396,1.1897326250568057,0.8736894494333894,0.3160431756234162,45.023874600638955,53.03439826348635,73.0945909388181,66.48999977111816,59.88540860341822,2.722218810152373,交叉混雜,90.0
2886,2026-09-15,51.24000015258789,50.59500007629394,48.910000038146975,48.30750007629395,22727738.8,84.0823009262952,84.45518099853209,0.9630657040576907,0.5833736965758127,0.3796920074818779,66.95603849460917,63.753730065259255,52.866154409461004,48.910000038146975,44.95384566683295,5.908810461377099,多排,82.0
2887,2026-09-15,42.83000106811524,42.220000457763675,39.83000030517578,36.416906134287515,46501225.4,90.05748163159507,88.80951900273725,1.9701467225919984,1.730337895283959,0.23980882730803943,77.98028106856322,74.99289947993279,45.16335128955356,39.83000030517578,34.496649320798,8.963096141978227,多排,95.0
2889,2026-09-15,16.779999923706054,16.600000190734864,16.17546491622925,15.683488337198893,15038735.4,86.65658675405467,84.70246259232579,0.3402319167725807,0.2655887355883644,0.07464318118421631,64.77918820257895,65.30100485969288,17.16281771052678,16.17546491622925,15.188112121931715,4.170114854403347,多排,70.0
2890,2026-09-15,43.83000030517578,43.27999992370606,41.51499977111816,40.0548033396403,27342145.0,84.22421719720941,84.31744450567757,1.3006999264501786,1.0148762650996197,0.2858236613505589,77.65275661911983,74.42249230052542,45.502493468007785,41.51499977111816,37.52750607422854,7.310609376550743,多排,90.0
2891,2026-09-15,67.75999908447265,67.68999938964843,66.1149995803833,66.31833343505859,31477404.6,73.11517211296477,68.6771987003882,0.8302473728308541,0.5259062888704773,0.30434108396037685,73.35052117124417,65.31313424526584,69.8012608081532,66.1149995803833,62.42873835261339,5.422366165941229,交叉混雜,85.0
2892,2026-09-15,38.81999969482422,37.96499938964844,35.994999694824216,34.62333323160807,32298965.0,90.09878690964,92.01244426219334,1.3758089120652883,0.9657530341616538,0.4100558779036345,85.61305827674686,80.15938374779793,40.51208967726217,35.994999694824216,31.477909712386264,9.87637053028649,多排,86.0
2897,2026-09-15,11.020000076293945,10.925,10.61500005722046,10.435833326975505,5597865.0,83.36512126883952,83.72753932613028,0.22164013593748955,0.15621102694792013,0.06542910898956941,75.17063552097709,72.89208123264085,11.319197936598535,10.61500005722046,9.910802177842385,5.511066876035979,多排,77.0
2903,2026-09-15,22.219999694824217,22.274999809265136,22.379999923706055,22.300833225250244,1145962.8,23.05256359715217,35.43905662744663,-0.02909185917513213,0.014153244860463779,-0.04324510403559591,26.001693623645437,38.21098984184379,22.879894371536874,22.379999923706055,21.880105475875236,-2.368183842909337,交叉混雜,46.0
2904,2026-09-15,12.619999885559082,12.679999923706054,12.787499904632568,13.347499958674113,31540.0,21.727193392609056,20.882338372102595,-0.1604481312868291,-0.1642207166088826,0.00377258532205349,30.110109148793768,31.146823455842565,13.06636034255972,12.787499904632568,12.508639466705416,-1.8572802789360359,空排,14.0
2905,2026-09-15,18.45,18.254999923706055,17.854999923706053,16.534166701634724,1447778.0,88.09795399804769,82.07156175513019,0.4989704912080484,0.4579043770183915,0.04106611418965689,79.00610544109321,71.75377575084875,18.790217528141522,17.854999923706053,16.919782319270585,5.5726713078425325,多排,83.0
2906,2026-09-15,13.8,13.800000095367432,13.867500066757202,13.729999987284343,105578.8,41.48994392887537,46.45650005788366,0.04826566010601141,0.08428082891798878,-0.036015168811977374,28.476684612232347,42.41482503605675,14.200390090023166,13.867500066757202,13.534610043491238,-1.9289683360356973,交叉混雜,65.0
2908,2026-09-15,22.050000381469726,22.09000015258789,22.007500171661377,21.792500082651774,210008.4,33.23513321800535,48.989599030730076,0.06090596253226721,0.08744540649272163,-0.02653944396045442,31.596832755779033,44.029752967277766,22.35280699050644,22.007500171661377,21.662193352816313,-0.7156641552340405,交叉混雜,71.0
2910,2026-09-15,23.55,23.654999923706054,23.95,24.02583335240682,11292.8,19.701619104367477,24.911072165357663,-0.21445314857332676,-0.14625816125599483,-0.06819498731733192,36.33747523743282,42.482044203381555,24.773343968811886,23.95,23.126656031188112,-2.7139906594549164,空排,72.0
2911,2026-09-15,6.365999984741211,6.372000026702881,6.46800000667572,6.948166672388712,49371.6,22.69010535226077,26.485867053476134,-0.1468345334464649,-0.15705818220271062,0.010223648756245707,34.12358651879663,34.55962636253665,6.721862647983442,6.46800000667572,6.214137365367999,-2.288185449313398,空排,74.0
2912,2026-09-15,216.9,216.6,218.5,226.49166666666667,1127339.6,42.976983265986384,42.85525722545524,-2.104565304027176,-2.394857854365517,0.2902925503383411,35.64885722144746,38.89663180105178,224.33997116070884,218.5,212.66002883929116,-1.3729977116704806,交叉混雜,41.0
2913,2026-09-15,10.989999961853027,11.025,11.112499952316284,11.094166628519694,604525.4,21.48091619393068,21.938098230529206,-0.03700378241979685,-0.014020168075839962,-0.022983614343956887,37.40512925053665,42.05958813282672,11.359321964781405,11.112499952316284,10.865677939851164,-1.462318503922927,交叉混雜,30.0
2915,2026-09-15,56.900000762939456,57.02000045776367,58.064999961853026,54.42499993642171,1078403.6,44.66057540482902,41.7376853242202,0.37940818386483244,0.7323678883766578,-0.35295970451182535,45.73017688143475,50.13575017422263,61.612140054589375,58.064999961853026,54.51785986911668,-2.006369476861257,交叉混雜,73.0
2916,2026-09-15,40.29000015258789,40.15999984741211,40.14250011444092,40.3433334350586,31800.0,62.6153153653913,52.12753661576065,-0.024990087437274155,-0.08709316438742742,0.06210307695015327,59.46674910200679,55.333733790176886,40.476968358846115,40.14250011444092,39.80803187003573,0.641468295955367,交叉混雜,32.0
2923,2026-09-15,25.56999969482422,25.494999885559082,25.32749996185303,28.354166666666668,178048.6,29.875715437897842,45.11662566289565,-0.7799319237578892,-0.7939884486943355,0.014056524936446269,29.396585350571954,38.11706874242135,28.28144044796004,25.32749996185303,22.373559475746017,-9.189615893233004,交叉混雜,66.0
2924,2026-09-15,17.289999771118165,17.314999961853026,17.167499923706053,17.540000120798748,8000.0,58.91250377692883,56.70195509407578,0.05421334411645873,-0.029449466955031645,0.08366281107149037,65.52824293367443,58.32059653574829,18.284957342877334,17.167499923706053,16.050042504534773,6.014276067114772,交叉混雜,32.0
2929,2026-09-15,5.769999885559082,5.736999940872193,5.7009999513626095,5.7416666348775225,275777.6,37.98104341979019,47.2058034901671,0.008522000386937734,-0.0013263771773172617,0.009848377564254995,48.147832219009025,49.927603774030416,5.841958976001534,5.7009999513626095,5.560040926723685,0.33327203983749704,交叉混雜,21.0
2937,2026-09-15,43.880000305175784,43.92499961853027,45.52136344909668,46.73545449574788,5649.0,48.76550003028798,26.967164924573577,-0.851642221681189,-0.7653320568019197,-0.08631016487926924,52.72882753066836,43.03715622202563,49.668416268003625,45.52136344909668,41.37431063018974,-2.3535382180616327,空排,52.0
2939,2026-09-15,19.670000076293945,19.760000038146973,19.659999942779542,19.376666768391928,103800.2,47.3811720897783,59.871753886537995,0.0507636974031378,0.0854445356829908,-0.03468083827985301,38.15050900907379,46.219459798480884,20.23728963398849,19.659999942779542,19.082710251570596,-1.3224838504883027,交叉混雜,16.0
2947,2026-09-15,60.880000305175784,61.170000076293945,61.44000015258789,65.30424251556397,12664.4,20.16849946834523,24.499266764255143,-0.8538990582946084,-0.923332505369032,0.06943344707442356,33.20572470178145,35.07731313919385,62.71055723053875,61.44000015258789,60.16944307463704,-2.0182281682435987,空排,8.0
2948,2026-09-15,37.75999984741211,37.804999923706056,37.94249973297119,37.698203023274736,2264.8,59.50778518949634,65.51231851921506,-0.005166963757439191,0.06498486887332657,-0.07015183263076576,46.13402313072678,48.278705406993566,38.894658392876316,37.94249973297119,36.99034107306607,-0.7708986206781523,交叉混雜,56.0
2949,2026-09-15,63.36000137329101,62.510000228881836,61.82499961853027,65.07333329518636,600.0,62.00796942181882,73.34858810631128,0.09035471823125363,-0.19156453532832785,0.2819192535595815,31.296496097651314,42.49562028634997,64.48375054850482,61.82499961853027,59.16624868855573,-1.010916068656945,交叉混雜,39.0
3002,2026-09-15,16.949999618530274,17.08499984741211,17.082499980926514,18.10916657447815,64630.0,16.50514649162356,30.92749332568936,-0.129327410065617,-0.12004517684813464,-0.009282233217482352,27.79895244025961,38.987049737045105,17.56183672816285,17.082499980926514,16.60316323369018,-2.5318329452899113,交叉混雜,15.0
3003,2026-09-15,57.79999923706055,60.55999984741211,63.56500015258789,63.47499974568685,553215.2,9.16384279074057,12.736335202896914,-1.8801998166701637,-0.6710090818293897,-1.209190734840774,20.672546662961523,32.75177550385672,72.77512667408597,63.56500015258789,54.354873631089816,-10.957290429870683,交叉混雜,65.0
3004,2026-09-15,118.4,119.75,119.925,130.8,350099.8,10.987747335358637,20.653663303678584,-2.7533574509820795,-2.6761157357448204,-0.07724171523725909,22.574088091291543,32.023620570644184,124.34117839075425,119.925,115.50882160924574,-4.9405878674171335,空排,45.0
3005,2026-09-15,115.4,114.65,115.65,112.45333328247071,1832537.4,50.63729153257343,43.25866585265846,0.23662559800031602,0.42081559599258406,-0.18418999799226804,48.33771346103495,49.63859037935844,118.7636372367553,115.65,112.53636276324471,-0.5620406398616564,交叉混雜,49.0
3006,2026-09-15,288.7,287.6,278.425,243.41666666666666,17048271.0,33.83808050155929,53.53381381852171,10.039246354841907,13.36623739374834,-3.326991038906433,32.28486707305636,45.11898342276066,313.4937670306878,278.425,243.35623296931217,-5.180928436742394,多排,97.0
3008,2026-09-15,6460.0,6782.0,6555.0,5043.083333333333,1957697.0,15.583287750730006,29.587186049426037,372.67914663336705,558.0056380005348,-185.3264913671677,34.11579255614569,47.05407380066226,8084.950119585947,6555.0,5025.049880414053,-7.627765064836003,交叉混雜,96.0
3010,2026-09-15,124.4,126.45,127.325,123.04166666666667,559702.8,16.358058482507648,25.879619438896608,0.08187015898712957,0.9278760377084387,-0.8460058787213092,27.143461470280286,39.87049736116525,131.53370026192712,127.325,123.11629973807288,-3.7895150206165344,交叉混雜,66.0
3011,2026-09-15,9.701999855041503,9.907999992370605,10.239000082015991,11.728833389282226,655100.0,12.41549203758796,12.998383995867574,-0.4932010729873326,-0.4674882493272627,-0.02571282366006994,15.896048486489107,21.03630052801708,11.067642859502946,10.239000082015991,9.410357304529036,-7.803501271926668,空排,4.0
3013,2026-09-15,84.68000030517578,85.70000076293945,85.82230796813965,90.41410268147787,1012260.8,11.780629239239328,22.726956346426707,-0.9847749583450565,-0.6752950600458815,-0.309479898299175,30.442585949847086,38.952414971458246,90.78552149683587,85.82230796813965,80.85909443944344,-5.036345526554998,空排,5.0
3014,2026-09-15,130.8,130.9,130.85,136.11666666666667,423441.2,47.696043674015726,51.488616145967164,-0.5512301646274977,-0.6989072096201101,0.14767704499261236,45.706874365813746,47.171146744053424,132.74459063763078,130.85,128.9554093623692,-0.2674818494459261,交叉混雜,57.0
3015,2026-09-15,51.73999938964844,52.329999923706055,52.95,56.80000006357829,284156.0,16.770667396582017,22.070099135989068,-1.04575481885459,-0.946801306850617,-0.09895351200397295,24.815097954434634,34.61910388669155,54.914421010425755,52.95,50.98557898957425,-4.438152079091424,空排,34.0
3016,2026-09-15,108.4,104.33000030517579,102.59258117675782,107.32252731323243,17753974.4,67.35154938351133,62.288803665555044,1.7010922209132389,0.2905144438508752,1.4105777770623638,65.01447970931935,59.228041554197624,111.45241252155316,102.59258117675782,93.73274983196248,7.220228537266124,交叉混雜,94.0
3017,2026-09-15,3327.0,3352.0,3248.0,2760.6666666666665,2361637.4,28.410022741535744,44.30697262848512,132.61476104347275,173.56383992919248,-40.94907888571973,33.72597971314005,46.701286832089565,3660.8769410140144,3248.0,2835.1230589859856,-4.094827586206897,交叉混雜,96.0
3018,2026-09-15,11.210000038146973,11.440000057220459,12.21749997138977,12.741666682561238,20099.6,17.174663746276806,12.840248906389123,-0.5718046293723376,-0.477664671490914,-0.09413995788142354,38.47892366895763,39.03224704129722,14.294257139202973,12.21749997138977,10.140742803576568,-7.918968476819361,空排,38.0
3019,2026-09-15,137.0,141.05,139.175,138.55833333333334,2732188.2,10.609637364846657,20.38803705738752,-0.1828554785554104,0.9432050925500879,-1.1260605711054983,31.614353480897094,41.38912797529182,150.70653570819957,139.175,127.64346429180044,-5.155379917370225,交叉混雜,31.0
3021,2026-09-15,23.8,23.60500011444092,21.907499980926513,23.05416663487752,498333.2,59.53413184346046,62.92602275851768,0.7038709334147946,0.3833539574258257,0.3205169759889689,64.54102384190905,62.9648061049289,26.071541011298496,21.907499980926513,17.74345895055453,12.518542234355737,交叉混雜,79.0
3022,2026-09-15,84.93999786376953,87.60999908447266,89.72999992370606,90.13833363850911,1191866.0,17.23012539673224,18.460346389565785,-2.0510938394393463,-1.2367985775424277,-0.8142952618969186,40.518292918412534,42.407707448339465,96.81448495997218,89.72999992370606,82.64551488743994,-5.048482089953816,空排,79.0
3023,2026-09-15,323.6,327.55,322.875,315.85,503339.0,24.7424235984355,40.23074700821067,2.9247677139986195,3.9841654526438606,-1.0593977386452411,39.423251442383894,47.65978293308145,337.4383823428216,322.875,308.3116176571784,-1.3550135501355014,交叉混雜,82.0
3024,2026-09-15,14.379999923706055,14.35,14.359999990463256,13.317500003178914,1075297.6,50.47223018616754,46.5032193823518,0.25128342590204156,0.3077780460512706,-0.05649462014922907,48.128769928366566,52.498754118363344,15.205172004943279,14.359999990463256,13.514827975983234,-0.41782590367855277,交叉混雜,81.0
3025,2026-09-15,50.47999954223633,51.079999923706055,53.035000038146975,56.99166679382324,127692.8,14.37765755529364,13.695669138378246,-1.673421908647157,-1.5496444564990597,-0.12377745214809721,27.541931002525274,32.39373152370413,57.900031582362764,53.035000038146975,48.16996849393119,-5.156973317845195,空排,23.0
3026,2026-09-15,752.4,730.5,705.95,710.4916666666667,10977219.6,58.64781785096356,64.22824564084873,24.84313976258659,21.75835483533678,3.0847849272498067,48.63951481316184,52.53039906230605,811.5739107698425,705.95,600.3260892301575,2.8401444861534038,交叉混雜,99.0
3027,2026-09-15,17.779999923706054,17.954999923706055,18.057499980926515,18.96250009536743,108010.6,11.383621072998167,15.57160647164888,-0.22485005796417212,-0.20360941726118004,-0.021240640702992086,23.6830708898583,35.70454996212948,18.56871624270965,18.057499980926515,17.54628371914338,-2.8104706875371614,空排,11.0
3028,2026-09-15,61.58000030517578,62.77000007629395,64.22499980926514,68.70367164611817,593789.6,8.923860427158791,12.373695489776619,-1.7019391560933954,-1.4426211697719942,-0.25931798632140124,18.8201904397839,32.206441403195285,68.1392780201186,64.22499980926514,60.31072159841169,-5.488515464062595,空排,84.0
3029,2026-09-15,115.1,112.95,112.25,106.82000007629395,6748498.2,56.93263669241277,52.38854350126666,2.080595629456525,1.6029446081884824,0.4776510212680425,77.645003045422,67.70908912689723,117.16506813145516,112.25,107.33493186854484,5.56792873051225,多排,71.0
3030,2026-09-15,263.6,273.6,281.3,293.5,564450.8,5.483185024670847,13.1619343532063,-8.521883284840214,-5.605834824551383,-2.916048460288831,18.520434670034007,31.311559794159237,305.95850979404776,281.3,256.64149020595227,-8.105225737646645,空排,72.0
3031,2026-09-15,23.68000030517578,24.05500011444092,24.035000038146972,25.63583335876465,510260.2,12.76203371064975,23.888764045514236,-0.17478849213117087,-0.09966932940535583,-0.07511916272581504,27.436067219720854,39.211132333197725,25.62314683300558,24.035000038146972,22.446853243288363,-4.306220247573452,交叉混雜,59.0
3032,2026-09-15,74.06000061035157,76.56000061035157,78.12999992370605,78.95999997456869,434779.8,6.050701475487376,9.99843710184593,-1.8046920187347837,-0.7749129497027512,-1.0297790690320325,7.007718679395538,23.765884776224013,84.3261263796419,78.12999992370605,71.9338734677702,-9.765774902286891,空排,24.0
3033,2026-09-15,41.529999542236325,42.695000076293944,43.997500038146974,47.252499961853026,4009255.4,14.510093369206958,14.054790556916412,-1.5572709004710248,-1.2895877668701814,-0.2676831336008434,12.311889722219377,25.40147482004177,47.38050365898062,43.997500038146974,40.614496417313326,-7.267460192770296,空排,76.0
3034,2026-09-15,546.4,540.0,541.5,524.7666666666667,3088045.6,59.6573679060091,54.695728895317046,5.396580853497994,5.616097301950344,-0.21951644845234952,48.084892338968594,51.500999375830915,561.0797962464517,541.5,521.9202037535483,-0.09233610341643582,交叉混雜,82.0
3035,2026-09-15,173.5,176.55,175.875,187.11666666666667,2302426.4,26.882601338035453,33.71613277096739,-1.781601917031054,-1.3679246671723413,-0.4136772498587127,36.40938905884017,42.45520710159725,185.39437083280927,175.875,166.35562916719073,-3.3404406538734897,交叉混雜,55.0
3036,2026-09-15,191.9,191.15,195.05,203.8,4559053.0,58.09977622368157,54.17695105382792,-4.085828869272035,-4.392772783285804,0.3069439140137691,48.02191053811058,43.83898853761419,205.32977063024123,195.05,184.7702293697588,-1.3073570879261784,交叉混雜,71.0
3037,2026-09-15,977.0,958.6,1026.55,953.75,14337729.2,61.5444044293547,52.272225269499486,-7.7217988424330315,3.712324999181796,-11.434123841614827,37.33035466176678,43.778864788739966,1198.2982551815116,1026.55,854.8017448184883,-7.359602552238075,交叉混雜,98.0
3038,2026-09-15,20.039999771118165,20.064999961853026,20.23000011444092,20.832499980926514,232623.2,39.907752597810855,33.74255606659821,-0.1880326729100119,-0.20262212455820727,0.014589451648195362,41.375510556635305,39.43348741026532,20.65102669073175,20.23000011444092,19.808973538150088,-0.8897720037672231,空排,35.0
3040,2026-09-15,34.47999954223633,35.15,36.47000007629394,37.045000139872236,347821.2,24.17484817067668,22.61853499700785,-0.856975104756188,-0.5584386735956062,-0.2985364311605818,26.673129985741923,28.745496577088275,39.58775968713899,36.47000007629394,33.352240465448894,-5.950098258003376,空排,6.0
3041,2026-09-15,22.54000053405762,22.815000152587892,22.7125,24.089166577657064,387784.0,11.50345688363594,22.485598255384453,-0.22959947134824787,-0.19524645035232463,-0.034353020995923245,30.472765903844333,39.81256397212976,23.58962139217498,22.7125,21.835378607825017,-3.3571788092924404,交叉混雜,18.0
3042,2026-09-15,180.0,177.6,181.825,181.74166666666667,11520624.2,44.776226003744966,37.53341907013106,-0.33810162450325265,0.01480283877228615,-0.3529044632755388,53.910446065655265,51.19929623450927,193.5196906531846,181.825,170.13030934681538,-0.45373298501305576,交叉混雜,91.0
3043,2026-09-15,20.34000015258789,20.64500026702881,20.942500114440918,21.073333422342937,52230.0,16.471289558554723,18.380317303519277,-0.17441194014322292,-0.04807656600374395,-0.12633537413947898,26.44316792367242,37.56216852075023,21.85399089516237,20.942500114440918,20.031009333719467,-4.022918602685096,空排,25.0
3044,2026-09-15,504.1,497.55,488.25,456.425,2989557.0,62.476731137225,67.43263798195163,14.092606201570902,14.924110733917434,-0.831504532346532,44.34973473092707,53.12916631245286,521.2228756148977,488.25,455.27712438510235,0.4608294930875576,多排,83.0
3045,2026-09-15,121.2,119.3,117.25,114.275,6545152.2,97.35557142201472,97.25736487023163,2.34960130693527,1.6837767422828707,0.6658245646523993,92.54779505781194,84.09882011922453,122.67411768231342,117.25,111.82588231768658,5.756929637526652,多排,74.0
3046,2026-09-15,52.76000061035156,53.88000068664551,55.6600004196167,55.093333625793456,245510.0,5.04517430138373,7.609347916389301,-1.140043104988635,-0.5681026917870925,-0.5719404132015425,22.26089181454323,32.05294645998566,59.97125839815074,55.6600004196167,51.34874244108266,-6.2163126672521765,交叉混雜,66.0
3047,2026-09-15,13.569999885559081,13.53499984741211,13.677499961853027,14.597500006357828,397261.4,30.24362926472812,31.533079832363534,-0.23696864057688316,-0.2582374119499781,0.021268771373094963,38.49256555395249,40.11740978070015,14.080743640945418,13.677499961853027,13.274256282760636,-2.0288820624873716,交叉混雜,9.0
3048,2026-09-15,50.560000610351565,51.810000610351565,53.80500030517578,55.76333344777425,924783.4,7.232218517117209,9.124192326077868,-1.5311902851206725,-1.021638525207682,-0.5095517599129904,12.940376501692484,28.416917639169256,58.50907402661545,53.80500030517578,49.10092658373611,-8.186969155863261,空排,57.0
3049,2026-09-15,12.140000152587891,12.460000133514404,12.532500076293946,11.92433336575826,3769198.2,5.3755819556200395,12.32733610266764,0.1314669692214725,0.2860333732725899,-0.15456640405111738,22.79395371612533,42.08897539876909,14.111398873944175,12.532500076293946,10.953601278643717,-5.844802562137261,交叉混雜,80.0
3050,2026-09-15,11.180000114440919,11.310000038146972,11.472500038146972,11.715000009536743,310942.8,18.171826748756455,21.322501605305963,-0.12355413981796026,-0.07913892115034298,-0.04441521866761729,30.283368014979473,37.07660324945394,11.926111209141299,11.472500038146972,11.018888867152645,-3.68271820446514,空排,27.0
3051,2026-09-15,21.189999771118163,21.504999923706055,22.2,23.495000012715657,498133.0,9.559199125524348,11.907769626444129,-0.563121293316474,-0.4491719949306964,-0.11394929838577755,25.835320091728505,32.89260090940084,23.911878252390146,22.2,20.488121747609853,-5.855857574187954,空排,35.0
3052,2026-09-15,10.369999885559082,10.439999961853028,10.794999933242797,10.788333304723103,220623.0,17.802821786027046,20.247721252866878,-0.1676965290501382,-0.09345193806832086,-0.07424459098181735,13.960366195024022,24.86948115996796,11.592297927262011,10.794999933242797,9.997701939223584,-5.511812206180569,交叉混雜,38.0
3054,2026-09-15,55.960000610351564,56.17000045776367,55.215000534057616,55.49500007629395,39204.0,26.067794646621433,36.288980323741896,0.7112934602294558,0.7280216977144635,-0.016728237485007624,37.16166717969977,48.40497247765264,59.48695326844802,55.215000534057616,50.94304779966721,-0.9327171350845164,交叉混雜,87.0
3055,2026-09-15,156.2,146.7,132.65,132.02666664123535,7381812.4,83.19827187838946,81.71048053611716,9.78406803447831,6.285545512713675,3.4985225217646345,69.78280657823029,65.81272373314303,167.32154149260916,132.65,97.97845850739085,18.733509234828492,多排,97.0
3056,2026-09-15,13.789999961853027,13.915000057220459,14.049999952316284,14.264166673024496,447687.0,22.35546806630638,25.283546745320983,-0.12096621666639429,-0.07386786661744768,-0.04709835004894661,19.443714974242155,32.09039828528432,14.46801513088789,14.049999952316284,13.631984773744678,-3.2028439314860684,空排,19.0
3057,2026-09-15,16.420000076293945,16.755000114440918,16.942500114440918,16.96083337465922,73128.8,24.574720473425693,32.251794952852556,-0.09369843452480708,0.05418298002474713,-0.14788141454955422,21.974242538063436,36.199099193092266,17.869450422400437,16.942500114440918,16.0155498064814,-7.62874715762276,空排,45.0
3058,2026-09-15,8.026000118255615,8.04200005531311,8.104499983787537,8.51433330376943,467585.6,13.891279456480184,16.018147937408447,-0.09675000172896375,-0.10167107750254838,0.004921075773584624,25.38116698185145,33.76707502655859,8.272519269439666,8.104499983787537,7.9364806981354095,-2.0297356640896846,空排,13.0
3059,2026-09-15,37.51999969482422,38.244999694824216,38.84249992370606,41.72333316802978,885069.8,15.218875307404826,18.150159941300377,-0.8526213004813883,-0.7375055693811747,-0.11511573110021356,24.237203068826517,32.3433076159516,40.608934066633736,38.84249992370606,37.07606578077838,-3.9711673802542853,空排,16.0
3060,2026-09-15,26.320000076293944,26.27000026702881,26.72750005722046,29.99499979019165,723173.0,26.128207886719903,32.75256387187745,-0.7443362748482976,-0.7991992436708264,0.054862968822528835,30.411457578687873,34.86430008440793,27.959303937320723,26.72750005722046,25.495696177120198,-4.592648225956509,交叉混雜,35.0
3062,2026-09-15,20.40999984741211,20.50999984741211,20.607499885559083,21.61166658401489,782323.6,20.186691904513843,25.562296447965636,-0.2157820580087524,-0.22903222455078434,0.013250166542031955,39.33250873420866,42.87709040820645,21.136924194879864,20.607499885559083,20.0780755762383,-1.7348047436341587,空排,18.0
3066,2026-09-15,23.689999771118163,24.164999961853027,24.339999961853028,23.85166680018107,572283.4,18.359705187038664,17.366965443179488,0.12559233912438117,0.31321259193037015,-0.18762025280598899,51.783993850140945,51.20901141394751,26.53703105277225,24.339999961853028,22.142968870933807,-0.7806094643407292,交叉混雜,86.0
3071,2026-09-15,23.45999984741211,24.04000015258789,24.25250005722046,26.556666723887126,182120.4,16.988766688116172,26.909213154309917,-0.6339951626773868,-0.5822136173590753,-0.05178154531831147,21.04123106473024,27.739942812925847,25.36343890922073,24.25250005722046,23.14156120522019,-5.989076659036945,空排,19.0
3073,2026-09-15,21.910000228881835,22.120000076293945,22.222500038146972,22.11166674296061,24222.0,25.800160181233373,37.01157171005812,-0.11833431704421216,0.004238304379324997,-0.12257262142353716,20.499659431829542,33.3362854239945,23.098780785420963,22.222500038146972,21.34621929087298,-5.501181397450502,交叉混雜,13.0
3078,2026-09-15,43.869999694824216,44.93999977111817,48.787499809265135,52.049166679382324,571670.8,10.699781799472309,9.78761346727563,-2.568633174756414,-2.0434709285868653,-0.5251622461695487,14.079528088570328,19.13267073025567,57.209018162107746,48.787499809265135,40.365981456422524,-10.83781671521728,空排,4.0
3081,2026-09-15,2782.0,2953.0,3026.0,2309.3257588704428,2998161.2,9.596091391925196,19.387498908130297,82.98472008119006,184.4166502250199,-101.43193014382985,23.499465239104154,42.52572399299794,3576.13491168314,3026.0,2475.86508831686,-11.599471249173828,交叉混雜,99.0
3083,2026-09-15,22.420000076293945,22.679999923706056,22.982499885559083,24.977499930063882,59600.0,9.701289155344366,13.073323754469833,-0.6220119936811557,-0.6014062072678658,-0.020605786413289917,9.21671709213372,17.39133124812888,23.848995902268623,22.982499885559083,22.116003868849543,-5.3627755539923525,空排,5.0
3086,2026-09-15,29.24000015258789,29.645000076293947,28.61250009536743,29.31916675567627,53550.8,23.936366483394725,35.41108320969351,0.3059709435052511,0.262398930461503,0.04357201304374814,43.2486309083564,48.908514719109675,32.40901863623119,28.61250009536743,24.815981554503672,0.30581272968240164,交叉混雜,81.0
3088,2026-09-15,124.6,123.8,124.175,132.76666666666668,563396.2,41.299084757082966,44.43010621245547,-2.0072785715612866,-2.3726245514794733,0.3653459799181866,42.17569042968636,44.07069916215558,127.7183406776471,124.175,120.63165932235289,-1.348902758204145,交叉混雜,83.0
3090,2026-09-15,164.5,166.9,168.425,199.40833333333333,3678392.4,19.269937197341246,26.96550770319699,-3.4764168695152193,-3.627297549038417,0.15088067952319761,34.51546203411546,41.815707410355145,178.803494972535,168.425,158.04650502746503,-5.595962594626695,空排,87.0
3092,2026-09-15,22.799999618530272,23.2149995803833,23.739999771118164,25.356666564941406,169806.4,6.963363145857856,12.97690349423162,-0.543222931376377,-0.38353477107104966,-0.15968816030532734,10.824902095369325,24.06205316524033,25.3243310512731,23.739999771118164,22.15566849096323,-9.014319335638488,空排,42.0
3093,2026-09-15,43.88999938964844,44.74499931335449,46.10499992370605,51.344166628519694,223244.2,10.995371727129923,19.498577095812923,-1.390478731577609,-1.1867666057654929,-0.20371212581211617,21.51050956581689,33.877187938869724,50.01408556306314,46.10499992370605,42.195914284348966,-6.409279693562605,空排,75.0
3094,2026-09-15,41.970000457763675,42.59000015258789,40.445000076293944,38.7183334350586,4866706.8,27.198493554821127,36.39386553715956,1.448246529753746,1.4047300021881461,0.04351652756559976,52.25466968291261,55.22409929978032,46.26265904206575,40.445000076293944,34.62734111052214,4.462850587961853,交叉混雜,90.0
3095,2026-09-15,35.6,35.650000381469724,35.78250007629394,37.340833473205564,4060.4,23.578842194227207,32.107257620824036,-0.49486249885237044,-0.537610143048369,0.042747644195998524,38.401213403861966,40.95556125797547,37.00693280378564,35.78250007629394,34.55806734880225,-1.7676197835993834,空排,74.0
3105,2026-09-15,452.2,451.85,429.85,394.75,22749717.6,41.415431516232026,47.03724173440257,18.36704961397703,19.11812724339127,-0.7510776294142403,56.1997986836295,57.270818782066215,508.4375977894474,429.85,351.26240221055264,5.618238920553676,多排,97.0
3114,2026-09-15,29.879999923706055,30.61673049926758,32.02336521148682,35.95362186431885,152210.8,12.638866766703675,16.59047678567151,-1.2900800291886618,-1.0621999704648273,-0.22788005872383454,25.243119604273417,34.031587069269236,35.52965664156082,32.02336521148682,28.517073781412822,-8.348169570442751,空排,53.0
3115,2026-09-15,8.583999633789062,8.727999687194824,8.845499849319458,8.910999902089436,3157.6,27.594570682603134,39.73053900542127,-0.1086207683379321,-0.06056523114936274,-0.048055537188569364,25.613033005810678,35.13427330808376,9.348228399151418,8.845499849319458,8.342771299487497,-5.488668824968261,空排,20.0
3122,2026-09-15,24.1,24.61000003814697,25.130000019073485,26.718333307902018,28454.4,10.792304377838922,12.322844680053699,-0.5645530276647399,-0.4268838681079329,-0.13766915955680703,11.253931745604191,24.796796417861955,26.576010869540283,25.130000019073485,23.683989168606686,-6.486271459754583,空排,27.0
3128,2026-09-15,20.15,20.089999771118165,20.707546997070313,22.097515646616618,176857.8,34.295027542502325,23.522505457931107,-0.4761833846292802,-0.5395770988945936,0.06339371426531337,70.76249511570462,51.549628246930595,22.488625944769634,20.707546997070313,18.926468049370992,0.44646640185490694,交叉混雜,12.0
3130,2026-09-15,208.8,209.4,210.375,210.70833333333334,31519.0,14.348888854646875,20.639643712696436,-0.24480632898192312,0.029866759588019542,-0.27467308856994266,22.966937199821544,39.750011169884615,213.399026594146,210.375,207.350973405854,-1.1289364230540702,空排,41.0
3131,2026-09-15,2394.0,2431.5,2412.25,2763.0833333333335,390685.8,22.335130288439405,34.25563935945427,-54.356909883537355,-56.62412660370461,2.267216720167255,35.94055152791837,41.71395391246114,2614.7988894849377,2412.25,2209.7011105150623,-3.8242304902062387,交叉混雜,78.0
3135,2026-09-15,163.4,168.25,171.35966567993165,167.3948885599772,698882.8,6.07535405088343,12.241015551649822,-1.5351327797247905,0.5847507418734266,-2.119883521598217,17.871587287641375,37.09501164702775,188.0872669721722,171.35966567993165,154.63206438769112,-7.504488077113282,交叉混雜,96.0
3138,2026-09-15,89.11999969482422,91.55999908447265,93.69999961853027,100.85333315531413,103671.8,6.78843166015456,13.90573985771044,-2.93100413367425,-2.406279161070224,-0.5247249726040262,22.277350858129324,32.86952031610599,100.56286761947479,93.69999961853027,86.83713161758575,-7.684097809864224,空排,7.0
3141,2026-09-15,91.48000030517578,95.68000030517578,85.875,76.44500013987223,3461809.6,31.65601150101617,47.712648149287496,5.240838460763996,5.595020625321993,-0.3541821645579972,51.93921021885195,58.7043859646571,108.82179270141403,85.875,62.928207298585974,6.666664889806223,交叉混雜,92.0
3147,2026-09-15,224.8,222.25,220.625,233.675,608757.2,58.36147698235307,55.01395965700681,-1.3240625862874538,-2.7732951535008765,1.4492325672134228,60.93365721475249,53.20714688204081,227.8132579691798,220.625,213.4367420308202,2.8895184135977336,交叉混雜,67.0
3149,2026-09-15,61.300000762939455,61.10000038146973,63.26999988555908,72.64766521453858,3974802.0,31.925286730516525,33.042611626122934,-2.280303571631336,-2.3457306080534326,0.06542703642209657,32.43660751880897,36.49574535004348,68.45219519533866,63.26999988555908,58.08780457577951,-6.116640377240578,交叉混雜,77.0
3150,2026-09-15,15.640000152587891,16.10500011444092,16.58499994277954,17.220833237965902,42010.0,12.471322397578257,19.61216567690925,-0.4378416932037972,-0.2664062251483512,-0.17143546805544596,16.772932404926408,26.79908157547527,17.920782477158095,16.58499994277954,15.249217408400986,-9.255349757857282,空排,19.0
3152,2026-09-15,223.1,229.15,238.1,250.5039042154948,83748.0,4.054767882714199,8.68318968967495,-5.619929738934587,-3.494528637439208,-2.1254011014953793,18.698555431848604,33.95868520202181,265.06508463687476,238.1,211.13491536312526,-8.861822763544728,空排,21.0
3158,2026-09-15,85.4999984741211,84.54999923706055,83.88500022888184,83.35499992370606,29000.0,60.2469904300982,58.03751409699616,0.725691240514152,0.3313025508403021,0.39438868967384993,58.60879558858501,59.418382180986576,86.84172120430975,83.88500022888184,80.92827925345392,2.6405176601246856,多排,37.0
3162,2026-09-15,71.23999938964843,70.96999969482422,69.31999988555908,70.5833335240682,1461777.0,22.901205295057,32.17479274917993,0.9881275234808697,0.95959185761856,0.02853566586230971,38.80548672966833,46.318842517309875,77.91169586616843,69.31999988555908,60.72830390494974,-1.9042121865814812,交叉混雜,60.0
3163,2026-09-15,678.4,713.1,733.3,716.5,1874006.0,7.5287448395845935,15.948668208343818,-13.020824589524068,0.6168779531870783,-13.637702542711146,20.962978206296455,35.79890324351321,816.9108781640915,733.3,649.6891218359084,-13.405154779762713,交叉混雜,86.0
3164,2026-09-15,15.879999923706055,15.859999942779542,15.90499997138977,16.158333237965902,4122.4,31.65075949371122,37.73751256232404,-0.0909547823689465,-0.09012018915155609,-0.0008345932173904058,34.16670925064801,40.14625058489755,16.13647113673874,15.90499997138977,15.6735288060408,-1.288903882385364,交叉混雜,32.0
3167,2026-09-15,835.6,830.6,783.0,739.8916666666667,4737727.2,44.770385953007235,57.781524657936075,36.58694208473537,36.847534918265,-0.26059283352962836,42.85265367417766,51.05637929038115,929.7930874609451,783.0,636.2069125390549,1.1494252873563218,多排,98.0
3168,2026-09-15,42.60999984741211,42.66499977111816,42.24749965667725,42.738333257039386,8610.6,49.88571295690335,56.950044708348535,0.08516060365859346,-0.008621238984506018,0.09378184264309948,58.436836221523535,55.32794794356054,43.42602501710756,42.24749965667725,41.068974296246935,1.7811713105814957,交叉混雜,46.0
3169,2026-09-15,100.6,103.3,102.35500030517578,102.77500025431316,86671.8,7.909504792748558,15.356646899436937,-0.2647316694553865,0.22800243298143133,-0.4927341024368178,36.00161945647115,43.859950886895206,109.22230590805376,102.35500030517578,95.4876947022978,-2.3008160794824337,交叉混雜,58.0
3171,2026-09-15,59.65999984741211,61.12000007629395,62.19000015258789,64.66000016530354,32249.6,25.360080964503688,23.302490049722856,-1.3124385571620962,-1.0103844093512842,-0.3020541478108121,7.484541736659438,19.073072508631284,65.3099869939665,62.19000015258789,59.07001331120929,-4.807845927499997,空排,61.0
3176,2026-09-15,36.44000015258789,35.85499992370605,36.46750011444092,34.875833384195964,1145302.6,51.15987059522154,36.78136472808628,0.4958147259732968,0.4716851320868109,0.02412959388648589,68.22949073690299,60.75839038425256,39.56831063968111,36.46750011444092,33.366689589200725,4.3394779396818866,交叉混雜,81.0
3178,2026-09-15,60.0,60.70999984741211,60.48499984741211,61.786666806538896,138238.2,29.900431364320973,33.05232382384489,-0.16714078260773135,-0.017460988554257907,-0.14967979405347345,43.79820511730003,46.77709964999075,63.25116745396635,60.48499984741211,57.71883224085787,-1.628502686446243,交叉混雜,66.0
3188,2026-09-15,23.789999771118165,24.15999984741211,24.237499904632568,23.770833237965903,94608.8,10.476106577447167,23.854036186090706,0.014051181408500923,0.1582115243915863,-0.1441603429830854,21.363633529720502,36.37874411190025,25.034781398395726,24.237499904632568,23.44021841086941,-3.2490939444732003,交叉混雜,20.0
3189,2026-09-15,810.8,810.8,831.75,796.75,10881294.0,30.279710548069993,31.88302425717989,-0.02916446729523159,8.067386004313857,-8.096550471609088,39.522842771651185,45.88368094481933,905.9726380560469,831.75,757.5273619439531,-4.418394950405771,交叉混雜,99.0
3205,2026-09-15,46.699999237060545,46.779999542236325,47.28999977111816,49.17499987284342,17634.0,43.140771780545585,45.955631517499285,-0.6393227161713426,-0.6468477374974336,0.007525021326091008,35.09503099226049,37.57800773901381,48.800176252609056,47.28999977111816,45.77982328962727,-1.9877380028476184,空排,36.0
3206,2026-09-15,34.880001068115234,34.680000686645506,34.55000057220459,35.230000241597494,26255.2,70.9366943988663,71.03966754915996,0.0322627525420387,-0.013679985976705271,0.04594273851874397,50.53471070875468,51.027991836017996,35.36240457083505,34.55000057220459,33.73759657357413,0.43415394573260757,交叉混雜,47.0
3207,2026-09-15,37.44000091552734,38.615000534057614,39.255000305175784,47.556666692097984,164682.2,12.898077443885155,19.531032842179936,-1.9491852643823222,-2.0157347017208918,0.06654943733856955,22.40904258756234,29.58793800084962,41.93806609720197,39.255000305175784,36.5719345131496,-6.636094151178513,空排,2.0
3209,2026-09-15,45.08000030517578,45.775,48.00642852783203,54.22880954742432,1054026.0,10.299371351992475,13.513512558651813,-2.6472376612879245,-2.576057183211734,-0.07118047807619066,23.62474488244895,27.310661608763198,53.77074686029044,48.00642852783203,42.24211019537362,-7.824844803137595,空排,67.0
3211,2026-09-15,365.3,373.9,371.225,380.85833333333335,2918580.0,23.889359296540967,30.71660959190611,-1.7862486308449093,0.40422623106632594,-2.1904748619112353,37.69733225656993,45.201544673332656,413.5551248956867,371.225,328.89487510431337,-2.7543942353020467,交叉混雜,69.0
3213,2026-09-15,122.4,124.4,126.35,128.11666666666667,272232.4,10.94804370296627,15.155700357423017,-2.1344406818168693,-1.3733852893118716,-0.7610553925049977,30.566429234780742,36.68515549101683,132.7168549618554,126.35,119.98314503814458,-4.23426988523941,空排,70.0
3217,2026-09-15,127.4,131.0,133.95,149.01666666666668,402711.6,18.13501184429705,22.459628867800316,-4.632320915766172,-4.341550068451738,-0.2907708473144339,18.226003241507385,26.340936365190487,142.10572127243327,133.95,125.7942787275667,-5.188503172825673,空排,10.0
3218,2026-09-15,135.0,136.6,137.3,137.70833333333334,132787.0,11.175013837498156,18.832635502274158,-0.8163837099072566,-0.1695044672714566,-0.6468792426358,21.35109536404825,36.689229280909395,142.6939537300583,137.3,131.90604626994173,-3.131828113619819,空排,37.0
3219,2026-09-15,86.26000061035157,88.58000106811524,83.83500022888184,74.19499994913737,413771.2,17.271600104148195,36.980413009856896,3.8804189350608738,4.731071683284309,-0.8506527482234354,33.85257506872959,51.451883529464425,99.32180755000692,83.83500022888184,68.34819290775675,-0.39959471338610253,交叉混雜,79.0
3221,2026-09-15,46.72999954223633,48.18499984741211,48.5399995803833,50.575,1336382.6,22.039653946406908,28.51932089044412,-0.6103758436240767,-0.279066612119546,-0.33130923150453073,37.77415260767001,43.133992186758455,51.7414142001559,48.5399995803833,45.3385849606107,-4.614751468246854,空排,91.0
3224,2026-09-15,32.92000045776367,33.24500007629395,34.02250003814697,35.455833435058594,31600.0,15.61761460669985,16.377135863946492,-0.7391089592673765,-0.6106546570148341,-0.1284543022525424,35.29312970178859,37.15404217035977,36.034431591268856,34.02250003814697,32.01056848502509,-3.7401720529655673,空排,11.0
3226,2026-09-15,55.74000015258789,55.05,53.97000007629394,50.0,37400.0,83.94672924799747,85.93788554607698,1.4113416749653354,1.3884240426551897,0.022917632310145652,64.52925595481938,70.42821202862096,56.68378563895016,53.97000007629394,51.25621451363772,2.834908137007957,多排,79.0
3227,2026-09-15,182.3,186.75,191.425,202.28333333333333,544746.6,6.318344477464388,11.408700290847095,-5.077051328054608,-3.9276575101145292,-1.149393817940079,14.600393159728043,28.81022546372499,204.02105201306003,191.425,178.82894798694,-5.968394932741288,空排,29.0
3228,2026-09-15,166.9,171.3,162.2,161.00833333333333,207535.0,20.852875845318685,39.53143000634512,3.9460614067837128,4.541196170372234,-0.5951347635885211,32.185810569278615,46.71464688969032,191.30850843237982,162.2,133.09149156762015,-1.0480887792848266,交叉混雜,71.0
3229,2026-09-15,63.36000061035156,57.22000007629394,56.635000228881836,47.86000022888184,8772518.2,66.13976966913783,63.07676593733596,3.4836871800017946,2.6938826485577994,0.7898045314439952,53.645792094684516,57.20870445718078,67.54000213047335,56.635000228881836,45.72999832729032,6.471261575646099,多排,98.0
3230,2026-09-15,41.83999938964844,42.23499946594238,42.94499950408935,43.76166642506917,302059.8,4.374137495755973,9.691494684810994,-0.165843470470449,0.12591463662380692,-0.2917581070942559,30.677308801753057,43.09697710837141,46.36920089176135,42.94499950408935,39.52079811641735,-3.830481513621077,空排,76.0
3231,2026-09-15,184.6,187.85,183.475,172.35,50326084.0,27.690390166359077,41.592042078201615,1.9837400272144805,3.017649901187066,-1.0339098739725854,42.005702887935115,48.36892896123266,195.8101231513001,183.475,171.13987684869988,-0.5314075487123555,交叉混雜,85.0
3232,2026-09-15,19.95999984741211,19.8,19.767500019073488,20.497499974568687,63078.4,54.26639387541382,40.98582908104379,0.01628296945438734,-0.14407409959508136,0.1603570690494687,92.18555789845853,80.56527113780214,20.635209854883428,19.767500019073488,18.899790183263548,9.017322454873613,交叉混雜,41.0
3234,2026-09-15,184.0,192.8,182.29770126342774,139.31756706237792,3064368.6,20.1980881320321,40.24950887285061,12.1104612274967,17.044423035914658,-4.933961808417958,25.370609233448718,43.472295966430174,220.08610735045204,182.29770126342774,144.50929517640344,-10.311540481941833,交叉混雜,98.0
3236,2026-09-15,43.53000030517578,43.73000030517578,44.1475004196167,49.3016668955485,1667042.6,27.773610910251264,33.77737785326812,-0.7225647644393121,-0.7459557174487781,0.02339095300946603,39.052720335418236,43.7492572149519,46.56551966420488,44.1475004196167,41.72948117502852,-3.8450640252397394,空排,86.0
3252,2026-09-15,15.320000076293946,15.380000019073487,15.652499914169312,16.463333288828533,23630.8,56.72526749380327,42.461924658003156,-0.268260448609837,-0.2686205206029369,0.00036007199309989746,29.655417637513764,33.02697559772021,16.29443331524154,15.652499914169312,15.010566513097082,-2.252034661347293,空排,17.0
3257,2026-09-15,46.75999984741211,48.025,48.87749977111817,54.395833015441895,202830.8,13.092568266244381,15.713355371766863,-1.4338291846428888,-1.310177475520103,-0.12365170912278578,18.587522281307912,29.230898821257057,51.62962356992106,48.87749977111817,46.125375972315275,-4.65961087957051,空排,15.0
3259,2026-09-15,11.160000038146972,11.755000019073487,12.05300006866455,14.168500010172526,21610.2,14.463739133462363,19.228535000587442,-0.7738187639641652,-0.6602472291296884,-0.1135715348344768,28.612848990765514,34.57341612795619,14.83498777845408,12.05300006866455,9.271012358875021,-9.566086812957492,空排,2.0
3260,2026-09-15,402.1,404.45,409.45,401.73333333333335,5465034.2,26.5728310248591,36.69738750886681,-1.2934375576279535,1.2162880569482057,-2.5097256145761593,25.363442878783488,38.90835350730325,432.2093821024247,409.45,386.6906178975753,-5.1166198559042595,交叉混雜,94.0
3264,2026-09-15,230.4,229.05,223.225,218.50833333333333,9663922.4,26.342193235702556,42.698030259678674,4.103544622548441,4.608765478971817,-0.5052208564233762,38.821436572224734,47.96109694847904,245.39295933442338,223.225,201.0570406655766,-0.9967521558965144,多排,94.0
3265,2026-09-15,165.4,169.75,172.55,168.74166666666667,725166.8,13.973685194991246,23.23558488358879,-0.8402580809493543,1.191961822983124,-2.032219903932478,29.693362489346583,40.96047173861241,186.4439593083884,172.55,158.65604069161162,-6.9834830483917765,交叉混雜,84.0
3266,2026-09-15,13.930000114440919,13.919999980926514,13.94500002861023,13.804166698455811,33457.0,54.83594274890063,64.6937720298496,0.015041833494493062,0.040760927255793965,-0.025719093761300903,33.107629173697035,43.11931873172684,14.229512512631295,13.94500002861023,13.660487544589163,-1.398350865616047,交叉混雜,63.0
3268,2026-09-15,17.529999923706054,17.684999847412108,17.792499923706053,19.6075000445048,32014.2,21.119919037895794,33.889470474716944,-0.5149433983296205,-0.5263804316901812,0.011437033360560678,25.08442721804829,32.78472440228707,18.50868465824609,17.792499923706053,17.076315189166017,-4.454123518922467,空排,34.0
3276,2026-09-15,13.979999923706055,14.060000038146972,14.222500038146972,15.34416667620341,113454.2,12.477721384582619,20.969445846941216,-0.3088821125939081,-0.30315422018415106,-0.005727892409757018,26.322972960050066,33.4372778877283,14.723525303570677,14.222500038146972,13.721474772723267,-4.728422187437924,空排,36.0
3284,2026-09-15,19.519999694824218,19.98000011444092,20.37249994277954,23.06333325703939,98402.6,10.995886370277182,14.401834744317288,-0.6062844881745733,-0.5356062250206615,-0.07067826315391179,19.236388624868937,31.479602436041418,21.577522375187158,20.37249994277954,19.167477510371924,-5.509878247305528,空排,31.0
3285,2026-09-15,40.029999542236325,40.62999954223633,39.81749954223633,39.954166412353516,15285.2,18.385752758947962,34.388436529738904,0.3659816030265759,0.6015633564500802,-0.2355817534235043,24.95493028167506,40.64973133950063,44.02692223223811,39.81749954223633,35.60807685223455,-3.811139128829762,交叉混雜,78.0
3287,2026-09-15,35.14000015258789,35.749999618530275,36.812499809265134,33.07416661580404,103216.2,7.690236116428784,11.907527524956912,0.2633067463653589,0.8193281209306765,-0.5560213745653176,21.274471921174282,40.09844704952329,39.519581125524425,36.812499809265134,34.10541849300584,-6.553475846209824,交叉混雜,70.0
3288,2026-09-15,20.550000381469726,20.645000076293947,21.042500019073486,22.033333333333335,26476.8,31.638142534234987,24.399496574689977,-0.4988062222683176,-0.5025417850793474,0.0037355628110298245,47.06222017122757,44.0827812802586,22.076793574647294,21.042500019073486,20.00820646349968,-1.865274564274397,空排,74.0
3289,2026-09-15,134.5,137.05,137.5,147.29166666666666,451953.4,14.99264473372883,27.383734837213797,-2.5877889956937565,-2.0958760221338335,-0.49191297355992303,26.382862892071742,35.91179396150527,144.88419364517716,137.5,130.11580635482284,-5.818181818181818,空排,51.0
3290,2026-09-15,46.22999954223633,46.34499969482422,48.06499977111817,56.68166656494141,333919.8,31.13178475958658,26.246927491658056,-2.27817359924574,-2.453187309323676,0.17501371007793587,46.11949498888713,37.48367960300854,51.942614837696766,48.06499977111817,44.18738470453957,-3.047958605998745,空排,51.0
3293,2026-09-15,700.0,703.8,713.15,739.4333333333333,988786.4,28.18307215225817,25.435689972103383,-12.453726262138503,-11.732923862411502,-0.7208023997270008,34.19874989055438,37.8049508685834,747.0121042651425,713.15,679.2878957348574,-2.404823669634716,空排,40.0
3294,2026-09-15,29.110000228881837,29.485000228881837,30.04250020980835,32.33083353042603,206007.6,8.835362778755266,12.515252088503807,-0.6592070888659443,-0.5851283677066674,-0.07407872115927683,22.167201574187274,32.158084406165784,31.454954344426962,30.04250020980835,28.630046075189735,-4.635102210379443,空排,4.0
3296,2026-09-15,25.229999923706053,24.599999809265135,24.34999990463257,25.270833333333332,172302.4,76.90036854007928,72.57406458245477,0.35649290891652896,0.036523379337985704,0.31996952957854324,78.71219686627704,69.97330516718799,26.044883927803323,24.34999990463257,22.655115881461814,10.882957313126195,交叉混雜,76.0
3297,2026-09-15,27.970000076293946,27.6,27.46249990463257,28.635833295186362,159874.0,57.87681819778361,38.570132102554034,0.10192105751354319,-0.20330315379525055,0.30522421130879374,89.29484925456447,75.43739685798207,29.19754887558204,27.46249990463257,25.727450933683098,12.335004054986742,交叉混雜,14.0
3303,2026-09-15,49.08000030517578,50.22000007629394,51.40500011444092,53.960000101725264,414529.0,15.106616859826914,14.592240656876548,-1.27799612936618,-0.9278345514267263,-0.35016157793945357,25.009683697568278,30.785460995609057,54.86071964726342,51.40500011444092,47.94928058161841,-5.943004831278268,空排,42.0
3305,2026-09-15,100.8,104.85,107.6,114.44333330790202,857965.2,7.973566144288751,15.69479160715085,-3.319523139711677,-2.226090979598034,-1.0934321601136432,22.068775102499856,32.830981172319454,117.5886251674313,107.6,97.61137483256869,-8.828997700630948,空排,18.0
3306,2026-09-15,45.029999542236325,44.874999618530275,44.75749969482422,45.43916657765706,131411.4,39.984770492211815,34.96251966556477,0.10613139865788668,-0.005685424262056548,0.11181682291994323,65.92915240677496,58.61927406161869,45.377579754517704,44.75749969482422,44.13741963513073,1.3237977620215275,交叉混雜,33.0
3308,2026-09-15,21.689999771118163,21.764999771118163,21.51999979019165,20.883333206176758,33031.8,41.745054224890055,37.64961708808518,0.35450781268739817,0.381885975025164,-0.027378162337765855,64.10558322120193,59.98515303102858,23.336995603008443,21.51999979019165,19.70300397737486,2.2304842680673382,交叉混雜,78.0
3310,2026-09-15,68.08000030517579,68.22999954223633,68.43000030517578,67.81333325703939,9406.4,49.9763172880736,42.953990520767626,-0.0032432743957855337,0.021871333508015886,-0.02511460790380142,64.41576026375537,55.436594596601275,69.76314205895133,68.43000030517578,67.09685855140023,0.6868350410741938,交叉混雜,66.0
3311,2026-09-15,34.18999977111817,33.035000038146975,32.59500007629394,33.96250003178914,1217357.8,69.26230465366886,55.00131026689306,0.4316539500807721,-0.11661819355823574,0.5482721436390079,86.741192934556,76.02718387964516,35.36721141772585,32.59500007629394,29.822788734862037,12.900749044099138,交叉混雜,64.0
3312,2026-09-15,47.94000015258789,50.31999969482422,50.939999961853026,51.7875,577934.0,5.53588788886164,13.226833665132958,-0.8470893494653708,-0.17837957092826737,-0.6687097785371034,22.39443728907908,35.686335595106584,55.26283992621551,50.939999961853026,46.61715999749054,-8.323516297779236,空排,66.0
3313,2026-09-15,10.759999847412109,10.799999904632568,10.812499952316283,11.03083332379659,71398.4,14.852599356661338,18.061175870013845,-0.013510155207072216,2.264976227856364e-05,-0.01353280496935078,36.28091144926922,45.07302669920749,11.568441286787397,10.812499952316283,10.05655861784517,-1.5028932670764892,空排,22.0
3317,2026-09-15,55.31999969482422,58.13999977111816,61.77499980926514,74.21000003814697,434987.8,6.891550118973943,7.896334845349549,-4.264934227728375,-3.731893008709279,-0.5330412190190961,18.493117740394737,25.28141176095518,70.96810360356281,61.77499980926514,52.58189601496746,-12.90975410251395,空排,55.0
3321,2026-09-15,17.120000076293945,17.420000267028808,17.757500171661377,19.598333326975503,140269.6,10.885085613284962,18.364654300754783,-0.4937434121873743,-0.4533766630890376,-0.04036674909833665,28.93249085686041,35.459751923257855,18.823863876992103,17.757500171661377,16.69113646633065,-5.39209306121182,空排,39.0
3322,2026-09-15,10.860000038146973,10.975,11.102500009536744,12.039166657129924,264400.6,10.307014955346679,13.768927322011598,-0.24410694941668964,-0.22915619392967318,-0.014950755487016465,21.80189298558821,31.114008575105544,11.537150439439538,11.102500009536744,10.66784957963395,-4.9763550401017635,空排,8.0
3323,2026-09-15,26.920000076293945,27.779999923706054,28.782499885559083,30.770000139872234,255545.0,5.151824766546262,7.168111907571384,-1.0211952809471754,-0.7893354291598232,-0.23185985178735213,13.738808995764686,26.80052174307332,31.33268544662604,28.782499885559083,26.232314324492126,-7.5827308703799305,空排,6.0
3324,2026-09-15,1350.0,1380.0,1236.55,1051.0333333333333,1633501.2,32.83621477030576,54.3752262196793,89.84293552649046,97.72191214497255,-7.878976618482085,40.738625826930466,51.577063917364235,1593.9125462659538,1236.55,879.1874537340461,1.896405321256726,交叉混雜,88.0
3325,2026-09-15,11.150000190734863,11.189999961853028,11.24500002861023,11.979166650772095,89504.4,22.76933373477692,27.85889561695295,-0.17731803699752824,-0.19561970541897541,0.018301668421447176,39.63989686160655,40.05418617681536,11.469546366488304,11.24500002861023,11.020453690732156,-1.2894588418993875,空排,10.0
3332,2026-09-15,61.28000030517578,61.079999923706055,61.48999996185303,63.39833323160807,1822.0,54.293096528150784,50.49116019712731,-0.49612663630077947,-0.588969651614581,0.09284301531380157,51.97678534353634,47.72318232989966,62.74974123367438,61.48999996185303,60.23025869003168,-0.14636271919004207,交叉混雜,62.0
3338,2026-09-15,66.37999877929687,66.10999908447266,64.37999954223633,65.45333309173584,410513.0,35.06091444706053,47.45337783566091,0.6062814990369532,0.4504487398271031,0.15583275920985007,40.82375891661027,48.70496706310254,69.3859322754604,64.37999954223633,59.37406680901227,0.4970447472524758,交叉混雜,68.0
3339,2026-09-15,42.93000030517578,43.464999771118165,42.39750022888184,39.541666730244955,963793.8,24.09373146096335,34.35452143897193,1.050626487974263,1.3587032903720848,-0.30807680239782176,37.94697191379117,48.158642767830884,48.24624896757615,42.39750022888184,36.54875149018753,-2.1168706268924025,交叉混雜,78.0
3346,2026-09-15,19.469999694824217,19.129999923706055,19.60999994277954,21.602499993642173,656055.0,44.73112456638977,37.99095338645566,-0.3923419894207285,-0.48164277169429837,0.08930078227356986,47.74488385055307,45.459982046663285,20.979440804328085,19.60999994277954,18.240559081230998,-1.5808297125117432,交叉混雜,26.0
3349,2026-09-15,20.3,21.375,22.432500171661378,22.366666730244955,683620.0,27.367790084026407,30.390416185824854,-0.6819427826364972,-0.3281246244197936,-0.3538181582167036,13.485648197078007,23.96413757350055,25.214259594877518,22.432500171661378,19.650740748445237,-10.397859232553404,交叉混雜,44.0
3354,2026-09-15,28.950000381469728,27.364999961853027,24.752499961853026,23.694166692097983,2417935.0,69.77308584377103,75.83354683763051,1.8100472218053838,1.344659960473884,0.46538726133149977,55.6502590405889,60.71604961568925,31.505704051143407,24.752499961853026,17.999295872562644,12.109888062888718,多排,76.0
3357,2026-09-15,202.8,206.0,210.15,231.13333333333333,689369.2,15.550656156534586,17.63454988893515,-5.474533851309957,-4.76268863980975,-0.711845211500207,29.661092041891507,38.88990215345131,223.0752914046405,210.15,197.22470859535952,-5.305733999524152,空排,72.0
3360,2026-09-15,14.439999961853028,14.669999885559083,15.090000009536743,17.293333323796592,286210.4,7.591331955481177,11.198810842147973,-0.5826230069250773,-0.5494846317407491,-0.03313837518432816,13.064312138133758,26.95926956672899,16.08556925394258,15.090000009536743,14.094430765130907,-6.891980239526899,空排,52.0
3362,2026-09-15,177.6,188.35,191.85,179.95833333333334,5105684.0,15.574850942300888,23.61656269453762,-1.0229627733070004,3.440860832089418,-4.463823605396419,24.30121054600251,37.51295632990988,215.86337346694773,191.85,167.83662653305225,-12.431587177482406,交叉混雜,85.0
3363,2026-09-15,685.2,714.9,686.05,611.4833333333333,3518252.0,12.585360589441827,26.754041638580784,19.908917285451253,30.369570293169208,-10.460653007717955,26.42185707485355,44.09909735904177,816.7202962259951,686.05,555.3797037740048,-5.546242985205153,交叉混雜,83.0
3372,2026-09-15,14.389999961853027,14.505000019073487,14.75750002861023,16.61269628206889,266733.4,17.52883068479818,17.85937900601964,-0.4580376290077073,-0.4918065725292823,0.033768943521575,32.315026669495396,34.49414784297865,15.38601128412322,14.75750002861023,14.128988773097237,-3.777741611141941,空排,9.0
3373,2026-09-15,15.890000152587891,16.060000038146974,16.322500038146973,16.511666615804035,34706.2,3.462555534953128,5.678700301645548,-0.1957853781313581,-0.13310034731201514,-0.06268503081934296,13.331839976870612,27.502103428967757,16.966888633804874,16.322500038146973,15.67811144248907,-3.2011018299340583,空排,35.0
3374,2026-09-15,453.6,446.2,394.95,350.01666666666665,9159488.8,50.799943308147434,71.85678831266934,32.9832190058695,32.31253506011052,0.6706839457589808,38.10582846945639,51.61192542226529,527.755318536492,394.95,262.1446814635079,3.43081402709204,多排,97.0
3376,2026-09-15,186.5,196.55,197.35,192.125,8933047.6,11.91982771230994,25.77205767006327,-1.629912395515646,2.235076899003304,-3.86498929451895,18.194836673020646,32.16048297174828,223.8554115626469,197.35,170.84458843735308,-12.338484925259689,交叉混雜,19.0
3379,2026-09-15,27.15,27.775,28.480000019073486,30.061666520436606,65704.6,19.310230683763802,16.18251849581419,-0.6804512888733143,-0.5331690708285508,-0.1472822180447635,24.434541320588593,33.209923495605565,30.333701898562452,28.480000019073486,26.62629813958452,-5.372188395749191,空排,2.0
3380,2026-09-15,30.25999984741211,30.00999984741211,28.854999828338624,30.139166641235352,2345955.2,55.38208916340047,66.72055931297703,0.3379362249789608,0.11987994527587278,0.21805627970308802,46.330302845178394,52.07623464616148,31.4238210838038,28.854999828338624,26.286178572873446,2.4085926628194296,交叉混雜,37.0
3388,2026-09-15,82.18000030517578,85.5400001525879,89.19500045776367,82.05333340962729,422124.4,8.528668669187255,15.890478372449081,-0.4508555946079298,1.2807255381727936,-1.7315811327807233,21.361976997693873,37.870829561134464,99.1881513294307,89.19500045776367,79.20184958609664,-10.30887427610672,交叉混雜,75.0
3390,2026-09-15,21.60999984741211,21.809999847412108,21.84999990463257,23.744166787465414,110821.0,24.445856375152232,31.613422294370096,-0.3794606598245984,-0.41396361264442627,0.03450295281982785,28.110501064792942,36.49659899996637,22.58627752968331,21.84999990463257,21.113722279581825,-2.059497885887346,空排,36.0
3402,2026-09-15,124.0,123.0,122.25,132.39166666666668,153628.2,56.190590495253446,58.38893431439374,-1.2352703532888967,-1.9258617521016828,0.6905913988127861,48.57086551851564,47.394731567685966,125.58245602489461,122.25,118.91754397510539,0.6134969325153374,交叉混雜,39.0
3406,2026-09-15,1021.8,1020.2,901.4,687.7583333333333,7894701.4,33.92092153424588,58.12804448845666,98.42407286853631,108.08218223030497,-9.658109361768652,38.67801601987528,52.52111044914513,1228.7352699410333,901.4,574.0647300589667,1.5087641446638589,多排,94.0
3413,2026-09-15,278.9,280.8,283.175,309.7416666666667,747122.6,26.89793938351615,33.21063036926034,-7.31626030076626,-7.766113999265269,0.4498536984990089,24.42899200928568,32.53152765818395,291.17022884040944,283.175,275.1797711595906,-3.2400459080074198,空排,35.0
3416,2026-09-15,160.6,164.3,170.91863403320312,175.4978780110677,178118.2,11.618148097775498,12.732929778559173,-4.940901267136979,-3.483193463871935,-1.4577078032650443,29.35685697339548,35.81858654850609,186.7864910179674,170.91863403320312,155.05077704843885,-6.388205765254382,空排,54.0
3419,2026-09-15,11.05,11.339999961853028,11.682499933242799,12.392500003178915,91000.2,6.322206678578675,10.981888335509034,-0.34330874319335436,-0.26345709479309837,-0.07985164840025599,10.520209488886962,18.993767979265243,12.574732439473022,11.682499933242799,10.790267427012575,-7.9820238696458325,空排,12.0
3430,2026-09-15,102.7,105.3,110.375,118.90666669209799,200084.6,10.428337402352902,14.576291700004418,-3.8889809436789164,-3.019892650332129,-0.8690882933467874,26.980031250440717,35.43861694949703,122.3040666683925,110.375,98.4459333316075,-8.493771234428086,空排,86.0
3434,2026-09-15,29.879999923706055,29.689999961853026,29.930000019073486,29.981666628519694,177119.0,48.66773099413294,27.319403077883184,0.0009253808856151124,-0.15249638499837084,0.15342176588398596,88.41392179868156,74.58737033037397,31.582876254798737,29.930000019073486,28.277123783348234,8.58670223618019,交叉混雜,64.0
3437,2026-09-15,18.35999984741211,18.175000190734863,18.027500057220458,18.6549999554952,1395009.8,22.70648738096187,37.485786299645824,0.010101871691837516,0.007685780241401881,0.0024160914504356354,38.7684303452158,44.3745925865521,19.23164865920909,18.027500057220458,16.823351455231826,-2.9260854558099463,交叉混雜,46.0
3438,2026-09-15,61.76000061035156,63.329999923706055,61.83500003814697,61.753333282470706,54100.2,15.844106101639007,31.732303490543018,0.593923223874576,0.8994600692858771,-0.3055368454113011,33.01734319260109,46.757229949202305,68.3462923301545,61.83500003814697,55.323707746139455,-1.3503679754699576,交叉混雜,74.0
3441,2026-09-15,158.1,146.6,132.3400001525879,95.84000015258789,29226664.6,83.47065494354278,81.52476523800308,18.229734624894363,15.739002887522677,2.4907317373716857,75.90537518020483,73.23007961480928,174.82474115607363,132.3400001525879,89.85525914910215,28.079189817565865,多排,99.0
3443,2026-09-15,6141.0,6010.5,5886.0,4947.416666666667,1741352.0,53.62808848396354,53.23602234603008,312.00781931575966,334.42601914770563,-22.41819983194597,50.59391121403428,56.87079458227798,6444.047347547914,5886.0,5327.952652452086,2.5314305130818893,多排,98.0
3444,2026-09-15,79.48000030517578,81.09999923706054,82.19499931335449,79.77999973297119,140400.0,7.64709940531956,14.393093967104665,0.1541123497145378,0.9897357456011495,-0.8356233958866117,28.83902497047309,42.123739262160264,89.10813603006116,82.19499931335449,75.28186259664781,-6.077014911904434,交叉混雜,75.0
3447,2026-09-15,27.10999984741211,27.945000076293944,27.95500020980835,30.35666666030884,90325.8,10.548042956902268,19.216003501822712,-0.4757918075993395,-0.41205159193447144,-0.06374021566486804,33.518873168764614,39.59860916150995,30.054097959013472,27.95500020980835,25.85590246060323,-4.131643584615525,空排,2.0
3450,2026-09-15,511.3,540.45,558.675,506.85833333333335,5426782.2,11.37839660639245,21.160798299478813,0.2097250928734411,14.183073183170874,-13.973348090297433,26.17450498542489,40.52804090940121,647.8727548690855,558.675,469.4772451309144,-11.844990379021786,交叉混雜,92.0
3455,2026-09-15,230.1,234.7,240.925,222.51666666666668,1368606.2,13.356755055636995,18.63521000510234,2.0788660914306263,5.639670399719702,-3.560804308289076,31.817218203774416,44.003079185514565,263.94735755452433,240.925,217.9026424454757,-6.40240738819135,交叉混雜,93.0
3466,2026-09-15,24.35999984741211,24.435000228881837,24.545000076293945,27.45249999364217,153080.2,35.393215159338226,33.90219644017853,-0.5572824320061969,-0.6850602233624731,0.1277777913562762,44.88430896763563,41.32512047898221,25.118906410537274,24.545000076293945,23.971093742050616,-0.9981700487751278,空排,3.0
3467,2026-09-15,59.76000061035156,55.304999923706056,51.35249996185303,52.11666641235352,208450.6,95.02713030128795,88.56139458862896,3.5243920014119823,1.278818020420076,2.245573980991906,96.02999245368711,88.49194239638624,64.21863261168575,51.35249996185303,38.486367312020306,37.87060630806928,交叉混雜,90.0
3479,2026-09-15,130.8,127.5,128.175,136.33333333333334,810231.6,62.861336828927385,56.34605613892536,-1.3789693920589912,-2.1994712377104855,0.8205018456514943,52.95199284192294,49.41366207238461,134.33322086406037,128.175,122.01677913593966,1.0337429295884444,交叉混雜,78.0
3481,2026-09-15,48.31999969482422,48.599999618530276,47.87249965667725,53.0541664759318,153817647.4,23.789443379785393,35.62175866632839,-0.4497699491245939,-0.4903039228777426,0.04053397375314871,34.0773274711928,42.40717155541009,50.83782024626497,47.87249965667725,44.90717906708953,-2.2403267581769355,交叉混雜,96.0
3483,2026-09-15,76.64000091552734,77.75,75.21499977111816,78.89666646321615,338407.0,20.222288034386942,37.26649576898207,0.09768964151332682,0.05986986506523066,0.03781977644809616,32.28538068596217,42.081449100541064,81.72920323431458,75.21499977111816,68.70079630792173,-2.4130801711923877,交叉混雜,13.0
3484,2026-09-15,44.33999938964844,45.7,47.975,49.50583324432373,159092.2,3.94287396184776,5.286939145825863,-1.596649199090244,-1.03094618300537,-0.5657030160848739,14.574283631901153,26.06394012061206,53.55565280126069,47.975,42.39434719873931,-8.70245078257312,空排,27.0
3485,2026-09-15,195.4,203.2,215.25,234.925,75211.2,3.8068274940735845,7.05752515096062,-9.142220032953077,-6.412238046091581,-2.729981986861496,15.754881359637736,31.744039841422378,247.68373811975925,215.25,182.81626188024075,-13.124274099883856,空排,88.0
3489,2026-09-15,21.65,22.170000076293945,22.510000038146973,22.662500031789143,119213.4,17.14374561453289,22.705508765900134,-0.45026942261472414,-0.24320922714178517,-0.20706019547293897,28.332707899628772,35.631627770094596,23.881744762551175,22.510000038146973,21.13825531374277,-5.375392265819089,空排,50.0
3490,2026-09-15,42.13999938964844,43.72999992370605,47.05,36.454166666666666,3237071.6,19.509518263080686,16.665669000404392,0.960744423749901,2.29576559034819,-1.3350211665982892,36.610149079610466,46.42628688251645,55.84593218368968,47.05,38.25406781631031,-10.733262486716253,交叉混雜,91.0
3491,2026-09-15,1394.0,1432.5,1390.75,1292.2833333333333,1280945.0,31.315156026205745,42.79486876488413,29.711570555038634,41.03843282033256,-11.326862265293926,39.50126440549562,47.71985195676615,1567.7208569525628,1390.75,1213.7791430474372,-2.570555455689376,交叉混雜,93.0
3492,2026-09-15,19.079999923706055,19.139999771118163,19.58249988555908,21.354166634877522,53600.0,18.45349826277466,17.174319138879063,-0.6283043580282595,-0.6445572658366776,0.01625290780841815,26.81419697019372,32.263342641294386,20.873062617463834,19.58249988555908,18.291937153654327,-3.99591805475041,空排,11.0
3494,2026-09-15,7.0820001602172855,7.085000085830688,7.097000050544739,7.353333393732707,43382.0,29.99755002815444,31.96176158439604,-0.03985060317900402,-0.051375945261072316,0.011525342082068298,40.30068236392966,41.229593896441486,7.140576940662491,7.097000050544739,7.053423160426986,-0.38044073116906957,空排,15.0
3498,2026-09-15,187.6,190.45,193.175,144.05500005086262,2861686.4,12.880273013530502,21.610619384887766,10.201889814837756,14.79278408529403,-4.590894270456275,23.500655376710554,44.770119673581775,209.54015875427436,193.175,176.80984124572566,-10.185065355247838,交叉混雜,97.0
3499,2026-09-15,13.329999923706055,13.334999942779541,12.952499961853027,13.525833304723104,69058.6,40.68543427143474,49.856511330554305,0.05844085750459982,0.0019489423694584035,0.056491915135141416,41.06128703705079,46.76059821097568,14.162752430176257,12.952499961853027,11.742247493529797,-0.01930247130093479,交叉混雜,23.0
3501,2026-09-15,38.73000030517578,39.24500007629395,39.55249996185303,39.8525000890096,97624.0,10.950268834550855,18.271335602206264,-0.3169212512482744,-0.15938627317000031,-0.1575349780782741,12.215001821635667,28.124073664570233,40.675219509049164,39.55249996185303,38.429780414656896,-3.4195036981682927,空排,18.0
3504,2026-09-15,81.11999969482422,84.5099998474121,84.33499946594239,77.16999969482421,1821724.0,8.70176520885538,20.838154883288905,0.8930414050919495,2.499761637123885,-1.6067202320319356,30.005884263430445,42.132748108129675,95.26892170400352,84.33499946594239,73.40107722788126,-8.697455993824407,交叉混雜,79.0
3508,2026-09-15,21.40999984741211,21.239999961853027,21.755000114440918,18.785833422342936,176408.0,51.293443299293564,44.23062923448122,0.6381670312332837,0.7503836980708082,-0.11221666683752451,59.521455967091065,58.02466111685261,23.90341461080467,21.755000114440918,19.606585618077165,0.2068449661361233,交叉混雜,41.0
3511,2026-09-15,18.810000228881837,19.145000076293947,19.410000038146972,21.066666666666666,142488.2,17.701973111449483,25.464667658142687,-0.4661250046978189,-0.3854031256510605,-0.08072187904675843,18.842349709427538,28.66387833950624,20.386890886731397,19.410000038146972,18.433109189562547,-6.491501376302872,空排,21.0
3512,2026-09-15,19.190000152587892,19.310000228881837,19.44250020980835,19.797500133514404,17600.0,11.487565354057669,19.367556073856285,-0.15706372194790674,-0.1263748811037092,-0.03068884084419754,19.96236679727589,29.416361643862658,19.874478622098465,19.44250020980835,19.010521797518237,-2.0187782873202456,空排,34.0
3515,2026-09-15,211.6,218.6,219.375,215.125,569253.6,13.623727838173204,28.484976595052167,-1.763376211467886,1.0709464533288773,-2.834322664796763,23.86343136002523,35.06451112269838,234.81887120817672,219.375,203.93112879182328,-8.376068376068375,交叉混雜,20.0
3518,2026-09-15,29.480000305175782,30.080000114440917,29.147500133514406,28.692499923706055,469454.4,19.82334947898557,27.74009407107279,0.4725300624204891,0.5097615932983077,-0.03723153087781861,52.23038672955812,54.13863071669316,32.081775482530496,29.147500133514406,26.213224784498312,1.8955334999373432,交叉混雜,83.0
3520,2026-09-15,17.40999984741211,17.414999771118165,17.652499866485595,17.387499888737995,90505.6,30.206464785649302,32.30163395662918,-0.10689180864905268,-0.046092642263747235,-0.06079916638530544,31.255337937166672,40.06549920138392,18.379045700899706,17.652499866485595,16.925954032071484,-2.8466237176375824,交叉混雜,70.0
3521,2026-09-15,12.120000076293945,12.140000057220458,12.15750002861023,12.360000054041544,32200.6,42.99010473202625,45.65101701876284,-0.057419893937490585,-0.05823894637797471,0.0008190524404841221,44.11709874754063,45.883625976141666,12.368450055556067,12.15750002861023,11.946550001664392,-0.8842265072785275,空排,42.0
3522,2026-09-15,12.580000114440917,12.225000095367431,11.932500123977661,12.50083335240682,327892.2,74.63254720866409,73.80522694845587,0.1739223468061546,0.003627774273194148,0.17029457253296043,83.0114781625142,72.08172688037295,12.860017976892049,11.932500123977661,11.004982271063273,8.52712905690962,交叉混雜,59.0
3523,2026-09-15,14.610000038146973,14.820000076293946,14.969999980926513,15.67833325068156,26819.8,60.383560708768314,50.54129763067466,-0.1865652254389616,-0.20525110239944733,0.018685876960485737,62.864994125048696,56.424206748381614,16.050155985349875,14.969999980926513,13.889843976503151,5.878426196823209,空排,47.0
3526,2026-09-15,269.5,275.3,278.75,296.01666666666665,222526.8,8.648672204523342,19.0688915881118,-6.800883922007529,-5.666878588279307,-1.134005333728222,13.4049190716634,25.367599623557737,291.906947334315,278.75,265.593052665685,-6.00896860986547,空排,47.0
3527,2026-09-15,49.49000015258789,50.19500045776367,50.61750049591065,55.07166709899902,47022.8,19.7903445731692,23.413438819973152,-1.0176484115379125,-1.0163335813556222,-0.001314830182290283,24.186460373716443,32.839955336557026,52.32792549655623,50.61750049591065,48.90707549526506,-3.985779625670268,空排,11.0
3528,2026-09-15,82.26000061035157,82.73000106811523,83.17500038146973,88.22833366394043,161782.8,24.611030870149364,25.577426154122776,-1.598130675090033,-1.576602002153801,-0.021528672936232063,32.98697932400927,38.13468830881192,85.76312936286345,83.17500038146973,80.586871400076,-3.3363376529771025,空排,56.0
3529,2026-09-15,2689.0,2595.0,2480.5,2570.3333333333335,1280955.4,63.44822412112055,66.27768383894646,46.39403534756002,16.64475582509631,29.74927952246371,51.17825346514868,52.44225753781452,2907.939130785099,2480.5,2053.060869214901,5.825438419673453,交叉混雜,61.0
3530,2026-09-15,56.37999954223633,57.22999954223633,57.70999965667725,59.426666259765625,83000.8,15.453032420959962,18.646195456453192,-0.36792120427973884,-0.12134109085077982,-0.24658011342895902,24.51262700739278,39.054802250164926,61.64467775741399,57.70999965667725,53.77532155594051,-3.6562141658443403,空排,20.0
3532,2026-09-15,416.0,404.7,389.825,380.2916666666667,7020786.4,59.3745136637943,63.46405491512178,15.433807340818362,13.273422352269536,2.1603849885488255,52.63166815377074,55.93453171588038,437.1784025899059,389.825,342.4715974100941,4.405823125761563,多排,98.0
3533,2026-09-15,1578.0,1626.5,1636.25,1858.75,715637.6,14.538285961799888,24.233963349151132,-68.78179216137073,-66.8079358954919,-1.9738562658788368,22.828709140941854,31.858532271582035,1752.048145608277,1636.25,1520.451854391723,-7.104660045836517,空排,33.0
3535,2026-09-15,84.4999984741211,86.33999938964844,87.03999977111816,93.06499977111817,668233.0,11.718873211341597,25.87074476680987,-1.7795761896477842,-1.3344578285935975,-0.4451183610541867,24.781428778497002,35.28309451511872,92.18808112336608,87.03999977111816,81.89191841887025,-6.824450037473569,空排,13.0
3537,2026-09-15,52.619999694824216,53.4,54.30999984741211,58.99250005086263,167286.2,15.176345046241185,18.758338060650935,-1.069641550242629,-0.956457578243059,-0.11318397199957009,29.339446067545083,39.30671028309429,56.97825384768248,54.30999984741211,51.641745847141735,-4.621617781998878,空排,52.0
3540,2026-09-15,22.35,22.914999961853027,23.294999885559083,22.527500057220458,264117.8,8.613570072043776,14.225894568588194,0.06071460466761991,0.296639002853527,-0.2359243981859071,34.150578353418425,43.211280124054504,25.875269232456944,23.294999885559083,20.71473053866122,-5.98841070565358,交叉混雜,9.0
3541,2026-09-15,22.00999984741211,21.849999618530273,21.824999809265137,21.700833320617676,38697.2,64.17267301292364,57.35698328651673,0.09485662292957997,0.06632897568964635,0.028527647239933618,60.92083015547403,57.26253590027035,22.173681859610923,21.824999809265137,21.47631775891935,1.030925222276032,多排,45.0
3543,2026-09-15,42.29000015258789,43.74500045776367,45.07250003814697,36.45416657129923,746037.0,11.83234293954646,17.0809443779904,1.0420237961005228,2.140357360498906,-1.0983335643983834,31.75657466049914,46.543432677084354,52.75285559679253,45.07250003814697,37.39214447950141,-6.816795242213254,交叉混雜,79.0
3545,2026-09-15,49.289999389648436,50.214999771118165,49.95749988555908,51.436666615804036,565600.6,25.391555119331482,36.38252406652638,-0.3203072321595144,-0.1812754386150568,-0.1390317935444576,33.72372273000637,41.52851399898055,51.955202635858925,49.95749988555908,47.95979713525924,-3.0175631808496313,交叉混雜,32.0
3546,2026-09-15,72.9800018310547,72.61000137329101,72.14500122070312,73.87547671000162,149717.6,38.99809487223176,51.08768067876589,-0.15841838981639,-0.30515253899722644,0.14673414918083644,40.205599183860116,45.192928690276716,73.7794657746474,72.14500122070312,70.51053666675884,-0.2009858177970504,交叉混雜,42.0
3548,2026-09-15,79.98000030517578,81.39000015258789,81.17000007629395,79.23666674296061,312162.2,10.43848279792798,20.917935188697104,0.31835456395174333,1.1254128101537186,-0.8070582462019753,30.383012315768354,41.35746640612912,90.20282860790499,81.17000007629395,72.1371715446829,-5.876553586216071,交叉混雜,18.0
3550,2026-09-15,22.04000053405762,22.54500045776367,22.97500009536743,24.737500158945718,571998.8,4.355727871780196,11.221698816834229,-0.4546313572383909,-0.27494875993941437,-0.1796825972989765,16.767082642067777,32.003794670058966,24.511742222538242,22.97500009536743,21.43825796819662,-7.725785963264828,空排,71.0
3551,2026-09-15,172.7,176.3,176.425,184.725,201978.4,14.896813722431324,30.125902437404662,-2.175585391039249,-1.43055815393001,-0.7450272371092388,23.322043511537416,35.814000339010974,184.58314091309305,176.425,168.26685908690698,-4.4919937650559785,空排,45.0
3552,2026-09-15,41.73999938964844,42.35,43.54249992370605,45.396666590372725,119452.4,7.700744355528382,9.063416317816085,-1.077462446859677,-0.875371528234269,-0.20209091862540796,10.82650644468987,21.062137512004256,46.61466305313144,43.54249992370605,40.47033679428067,-7.446749020673882,空排,7.0
3555,2026-09-15,184.2,189.85,182.45,169.98333333333332,47739.8,17.140629894655014,33.914377600269404,4.961178169688395,7.063036512105584,-2.101858342417189,32.012192422247054,43.79605323977516,213.35205239309016,182.45,151.54794760690982,-6.275691970402844,交叉混雜,93.0
3556,2026-09-15,56.12000045776367,57.73000030517578,60.09500007629394,64.01166667938233,167364.6,10.735348235683196,11.9006597235107,-2.0207953219347985,-1.527829569696056,-0.4929657522387425,23.641983748187698,30.76333336849413,66.14130348277253,60.09500007629394,54.04869666981536,-7.147018610168322,空排,76.0
3557,2026-09-15,23.31999969482422,23.8,24.089999961853028,25.189166673024495,50149.8,12.644770333479176,16.879889398807567,-0.5301017724035404,-0.411896912027294,-0.11820486037624639,16.971856613941483,26.290472307020764,25.195774162089478,24.089999961853028,22.984225761616578,-5.562473906081126,空排,7.0
3558,2026-09-15,119.8,120.25,122.975,128.36666666666667,45602.0,18.619586669902365,17.72566147463833,-2.2350946835936014,-1.996721917891769,-0.2383727657018324,40.60387010749773,41.566547555985814,130.04215903613337,122.975,115.9078409638666,-2.8257775970725714,空排,25.0
3563,2026-09-15,660.6,677.6,679.45,682.95,305058.6,11.708841864701204,23.927928257639003,-5.697455256949638,-0.11738404331875563,-5.580071213630882,24.954720786783483,38.593660815822545,718.3207710510784,679.45,640.5792289489217,-5.364633159172866,空排,65.0
3564,2026-09-15,47.439999389648435,48.579999923706055,46.88999977111816,47.1258331934611,189614.6,26.416347716796604,38.809173381038015,0.35315275695256787,0.37923349171827725,-0.02608073476570938,41.312247690523876,47.954431515653646,51.275934860337486,46.88999977111816,42.50406468189884,-0.4052015549288596,交叉混雜,49.0
3567,2026-09-15,25.25,25.375,25.34999990463257,26.953333218892414,19600.8,17.014708362420773,27.29490806931196,-0.2749797738251871,-0.31944661921639805,0.04446684539121093,27.463270926638444,35.761132266570186,25.753928284007078,25.34999990463257,24.94607152525806,-1.3806702404310773,交叉混雜,46.0
3570,2026-09-15,165.5,164.3,163.825,165.05,29045.2,70.95459204091983,59.838211502911946,0.44181959355137224,-0.16340606325066953,0.6052256568020418,75.14414066546553,64.99754311783892,167.20099887751257,163.825,160.4490011224874,2.243247367617892,交叉混雜,43.0
3576,2026-09-15,16.529999923706054,16.809999656677245,17.04249973297119,17.186666520436606,4880663.6,10.272949967951693,15.277062894743924,-0.23073361979643536,-0.11476728653143686,-0.1159663332649985,24.7448132113238,35.81205463369305,17.975675033776582,17.04249973297119,16.1093244321658,-5.823679104952588,空排,90.0
3577,2026-09-15,110.4,110.9,112.875,124.95,252067.4,46.75961527654211,37.186811600307536,-4.100909434660011,-4.389030873438529,0.2881214387785178,38.84065628859123,39.31782155790217,118.33176788854244,112.875,107.41823211145756,-2.990033222591362,空排,86.0
3580,2026-09-15,85.13999938964844,86.05999984741212,82.76500015258789,84.42166671752929,355057.4,37.87563958719498,43.080833221824946,1.1603019398348664,0.8683136226204402,0.2919883172144262,62.71783324357868,58.47699886045833,90.76086034413781,82.76500015258789,74.76913996103796,6.325137241298519,交叉混雜,76.0
3581,2026-09-15,99.06000061035157,103.88000030517578,105.71500015258789,116.8966667175293,397606.4,9.627422597612176,20.60212469170163,-4.596900314569524,-3.5017441260432864,-1.0951561885262375,22.27408287596448,33.814043673171426,117.08777855841348,105.71500015258789,94.3422217467623,-12.216806585809687,空排,82.0
3583,2026-09-15,698.8,716.6,720.85,749.1666666666666,711601.0,11.660940566676347,22.07240738013797,-9.373238583836155,-3.3542712311348906,-6.018967352701265,24.893745341814864,37.44156254065932,777.4084001858212,720.85,664.2915998141789,-7.886522854962894,空排,89.0
3587,2026-09-15,238.8,246.2,248.1,258.71666666666664,387366.6,7.764925975503614,16.79804178963439,-4.588651357680675,-2.555985838846994,-2.032665518833681,25.615222488754682,36.43585024334083,264.756277463681,248.1,231.443722536319,-7.698508665860539,空排,65.0
3588,2026-09-15,51.859999084472655,52.320000076293944,52.54499988555908,57.26250019073486,118125.2,10.870830930089692,20.59491200578266,-0.864270249398956,-0.8149134762220919,-0.049356773176864155,28.977259565243884,38.574334663471674,54.49217103736261,52.54499988555908,50.59782873375555,-3.7015918083054924,空排,57.0
3592,2026-09-15,220.9,221.6,223.175,240.34166666666667,253884.0,25.28463530384846,25.762560992417786,-4.081381424925354,-4.55905979577796,0.47767837085260645,41.05726339317999,41.11099698110283,228.90832823336407,223.175,217.44167176663595,-1.646689817407869,空排,30.0
3593,2026-09-15,10.229999923706055,10.369999885559082,10.699999904632568,12.983333349227905,5764.0,36.083066354123865,37.61165551441469,-0.6361368955486135,-0.6868769080782079,0.05074001252959437,19.053952259953377,24.456998119362424,11.462958257276608,10.699999904632568,9.937041551988528,-7.009346748150143,空排,6.0
3594,2026-09-15,46.29000015258789,47.24000015258789,48.81000022888183,51.50166683197021,318030.6,12.469200376401561,13.429694771696226,-1.681951725730471,-1.3806327128423392,-0.3013190128881318,28.42973442835256,35.74612519568619,52.66972517198148,48.81000022888183,44.95027528578218,-6.883834153219698,空排,68.0
3596,2026-09-15,154.4,156.45,158.3,174.85833333333332,768875.8,18.726997354595454,18.10327181282211,-4.670555780325628,-4.901197442703354,0.23064166237772543,43.23638879207068,38.821849799140246,164.12553363266701,158.3,152.474466367333,-2.0846493998736646,空排,11.0
3605,2026-09-15,126.8,123.8,121.725,102.65333340962728,11143522.4,56.45397348446309,50.373164158871845,5.211404124439099,5.945823616514788,-0.7344194920756895,57.03647774686117,56.84549410397084,137.22533955485423,121.725,106.22466044514576,4.744300677757245,多排,95.0
3607,2026-09-15,13.570000076293946,13.630000019073487,13.834999990463256,14.683333365122477,146000.8,21.474360383893284,21.194100855359096,-0.23072751762474297,-0.23477563091175283,0.004048113287009852,36.162578764188744,37.23057832145656,14.322852372432992,13.834999990463256,13.34714760849352,-2.0599913258030282,空排,33.0
3609,2026-09-15,19.470000076293946,19.075,19.667499923706053,24.01499996185303,604000.2,72.18237753054089,57.304480745389164,-1.1450511675538166,-1.506052637910822,0.36100147035700525,66.00315061929297,52.04413136941314,23.084835955601726,19.667499923706053,16.25016389181038,5.504004476894211,交叉混雜,3.0
3611,2026-09-15,181.8,182.35,184.1,189.175,29030.8,20.705998186755256,25.684476104019474,-1.7191975147018752,-1.566465298287164,-0.15273221641471113,24.408567042091818,31.66903550601087,188.5556292012405,184.1,179.6443707987595,-1.9554589896795191,空排,43.0
3615,2026-09-15,34.279999542236325,35.295000076293945,36.2625,40.190000247955325,401414.0,10.324913799895329,17.373138995153937,-1.1418497636480822,-0.8796389370725876,-0.26221082657549466,16.05249572413875,30.018708855432436,39.347928404147865,36.2625,33.17707159585214,-9.548433679253929,空排,55.0
3617,2026-09-15,239.9,243.15,247.8,231.18333333333334,341592.0,21.3777253059848,24.122455851840847,1.0943546105694963,3.51672990774936,-2.4223752971798636,31.866901064250712,42.9819996112894,260.98452042917523,247.8,234.61547957082476,-4.761904761904766,交叉混雜,77.0
3622,2026-09-15,46.06999969482422,49.225,50.64249973297119,53.231666564941406,356253.0,12.141533414157198,18.50302871997364,-1.917480628156433,-1.0749209657366665,-0.8425596624197664,13.664518634917727,23.58233649536008,57.14410061196603,50.64249973297119,44.140898853976346,-11.536753767521544,空排,12.0
3623,2026-09-15,26.389999771118163,25.214999771118165,23.60999984741211,22.632499917348227,720030.8,71.88652533860692,80.51572231531178,1.2807271295416314,0.8983797248799514,0.38234740466167993,65.3996679441054,71.71256944082089,27.54547946699737,23.60999984741211,19.674520227826847,10.334601463014776,多排,77.0
3624,2026-09-15,117.8,104.95,96.96500015258789,102.66500008900961,37330366.0,86.93177647637123,80.09319877239486,7.7346171742729695,3.441200638691246,4.2934165355817235,86.88432198361352,76.13450051106905,123.76140753028237,96.96500015258789,70.16859277489341,27.36554406812314,交叉混雜,95.0
3625,2026-09-15,12.249999809265137,12.419999980926514,12.315000057220459,15.29416667620341,132696.0,27.342401485536485,30.9913558482524,-0.7436290965194967,-0.8708518589308832,0.12722276241138653,43.586129158833586,39.443169053479984,13.315578703056953,12.315000057220459,11.314421411383965,-0.12180159493219872,交叉混雜,5.0
3628,2026-09-15,74.18000030517578,71.45,69.69000015258788,69.40000069936117,472228.6,64.09722191885578,71.65453907056892,1.5173186113497508,0.9314977463957144,0.5858208649540364,51.24787004182024,55.222239318062925,75.60408714216821,69.69000015258788,63.77591316300755,3.3146790678064515,多排,74.0
3629,2026-09-15,19.510000228881836,19.830000114440917,18.11250009536743,15.538333368301391,4401.8,47.55153518944553,59.34552195493247,1.3161502634719966,1.4076832222895066,-0.09153295881751,54.07288761841748,59.29363829035386,23.39104398616323,18.11250009536743,12.833956204571631,8.212561922816768,交叉混雜,69.0
3630,2026-09-15,26.18000030517578,26.73000011444092,26.319999980926514,26.88916670481364,331858.0,12.968310481659662,26.097665353860823,-0.029086878627168744,0.0462705952209186,-0.07535747384808734,34.343557641310156,43.43952750336032,27.924073580479355,26.319999980926514,24.715926381373674,-2.1656534245424774,交叉混雜,12.0
3631,2026-09-15,38.54999923706055,38.45499954223633,39.54749984741211,35.495833237965904,105325.6,19.61134142714925,24.647755710576142,0.5034320958225535,0.9983432316441814,-0.4949111358216278,30.61440397480662,42.68289105171969,42.891068254694964,39.54749984741211,36.20393144012926,-7.200200001161368,交叉混雜,87.0
3632,2026-09-15,7.108000087738037,7.208000040054321,7.250499987602234,7.768666672706604,2950.0,3.5647243224519216,10.231185428395333,-0.158241699345262,-0.16176728213180377,0.0035255827865417755,21.574290473390718,33.37535815048861,7.521907559751493,7.250499987602234,6.979092415452976,-2.07572006381641,空排,13.0
3645,2026-09-15,69.52000122070312,70.75000076293945,69.71500015258789,73.7699997584025,2124392.2,15.767841841964358,31.083705077194224,-0.47415793480969626,-0.23180194250515201,-0.24235599230454424,29.394245047474854,40.5945361016645,77.15324350841945,69.71500015258789,62.276756796756324,-4.181305449974772,交叉混雜,29.0
3646,2026-09-15,24.510000228881836,24.18000011444092,23.85000009536743,23.480833466847738,19471.0,86.11513352829674,80.12372219427442,0.3342580371422379,0.20915325287485764,0.12510478426738025,89.99880814694728,81.00901936214782,24.814638135612913,23.85000009536743,22.88536205512195,4.192873300224989,多排,58.0
3652,2026-09-15,33.140000915527345,32.76500053405762,33.14500007629395,33.857500076293945,75601.8,59.96832309156254,50.80168254351682,-0.24110545058661614,-0.24103900951521734,-6.644107139880395e-05,52.47188049593437,49.23343820088616,34.48267260642262,33.14500007629395,31.80732754616528,0.015089604988526356,交叉混雜,66.0
3653,2026-09-15,5689.0,5691.0,5637.75,4339.833333333333,1130908.2,38.975065575583336,48.87811793424958,294.40477508003005,386.0932994023374,-91.68852432230733,32.631756219806874,47.72229669333412,6097.515100207073,5637.75,5177.984899792927,-5.81348942397233,交叉混雜,93.0
3661,2026-09-15,3711.0,3909.5,3901.0,3839.75,2810586.6,17.289236752423438,29.985776332489657,-34.72138374609449,42.87828082083062,-77.5996645669251,22.45035068419284,34.64399617949299,4381.762552180327,3901.0,3420.2374478196734,-13.996411176621379,交叉混雜,37.0
3663,2026-09-15,59.58000030517578,60.60999984741211,61.19999980926514,67.18833344777426,337336.0,22.033364717561845,22.3584940313014,-1.414254927300938,-1.3830912311058552,-0.031163696195082746,45.99156691992649,43.48452183359372,63.84455610068953,61.19999980926514,58.55544351784074,-1.9607840081781625,空排,51.0
3664,2026-09-15,7.376000022888183,7.691000032424927,6.864000034332276,6.752166652679444,17220.2,37.16551848247937,44.632054037428176,0.29903928625837395,0.2803917625451706,0.01864752371320333,57.73902796292719,56.53237517416855,9.034077952159393,6.864000034332276,4.693922116505158,11.742424795020806,交叉混雜,12.0
3665,2026-09-15,1943.0,2013.5,2089.5,2062.8333333333335,1886864.6,29.29810955994069,25.94808012026634,-52.516238300473105,-28.945375910961758,-23.570862389511348,45.32763688354652,44.92743012578433,2348.016007852109,2089.5,1830.983992147891,-5.24048815506102,交叉混雜,84.0
3666,2026-09-15,25.0,25.0,25.08499994277954,25.05416663487752,12200.6,66.79965913525056,58.7985907733989,-0.04249890297148795,-0.03543507015932316,-0.007063832812164793,39.16836376791402,44.37870877148962,25.330163462752534,25.08499994277954,24.839836422806545,-0.3388476897485741,交叉混雜,40.0
3669,2026-09-15,32.49999923706055,33.3799991607666,34.99249954223633,36.16916637420654,83600.0,2.700584052329304,4.442005559940888,-1.3843180812475993,-1.0630002964968785,-0.3213177847507207,16.52667790059668,26.80132330136226,39.019027137700114,34.99249954223633,30.965971946772548,-8.55183133923986,空排,50.0
3672,2026-09-15,11.9,11.925,12.209999990463256,12.66416670481364,10418.2,35.05655501658768,33.71595921523284,-0.21411252663338942,-0.1911040464441816,-0.023008480189207814,37.33013418169728,39.89689505306073,12.899469482847158,12.209999990463256,11.520530498079355,-3.357901720299978,空排,48.0
3673,2026-09-15,62.67999954223633,64.02999992370606,64.82499961853027,67.05833326975504,2700265.4,21.366648671405898,24.79596192969387,-0.5507146985145752,-0.1577409266122225,-0.3929737719023527,33.304364690787835,41.18894372609937,69.76969355778388,64.82499961853027,59.88030567927665,-5.129193425525015,空排,80.0
3675,2026-09-15,270.6,274.2,273.525,298.0416666666667,1003468.6,38.58315589692515,35.76041143920774,-1.7095410989256834,-2.0113418433719548,0.30180074444627136,45.79815107002753,47.383363035714204,288.0652345597655,273.525,258.98476544023447,-1.654327757974583,交叉混雜,88.0
3679,2026-09-15,107.7,107.5,108.225,109.19166666666666,26800.0,64.31965362741845,53.598099340613025,-0.5397074394942081,-0.6428214757140767,0.10311403621986859,52.11233620428902,48.51338810087385,110.59754027750981,108.225,105.85245972249018,-0.20790020790020267,交叉混雜,45.0
3680,2026-09-15,521.3,520.65,502.275,484.09166666666664,3033954.0,26.218147431732284,46.374247929930625,12.371091717647687,14.576670559292237,-2.2055788416445505,36.90382371824892,46.53751703184572,560.5307654702598,502.275,444.0192345297401,-2.742521527051909,多排,82.0
3684,2026-09-15,54.12000045776367,54.12999992370605,54.0,52.646666781107584,61256.6,47.47477904335765,53.56789121930767,0.36572564158959153,0.4159281500525607,-0.05020250846296914,58.290126033868155,57.88527473855419,54.56195134404136,54.0,53.43804865595864,0.3703717832212095,交叉混雜,63.0
3685,2026-09-15,36.64000015258789,36.76000061035156,36.75500049591064,35.424166711171466,391200.2,24.977998575409707,29.66546104759596,0.0643099428909153,0.21484074782400114,-0.15053080493308585,32.62355739901447,43.424905068386266,38.09817005754913,36.75500049591064,35.41183093427215,-3.006390845116922,交叉混雜,78.0
3686,2026-09-15,14.179999923706054,14.249999809265137,14.339999866485595,15.23583329518636,97196.4,16.671258130522006,23.638804287414526,-0.2023451141546957,-0.2217591877710649,0.01941407361636921,34.50857600552368,38.593601665207,14.627639868279374,14.339999866485595,14.052359864691816,-1.6736365917044238,空排,17.0
3689,2026-09-15,108.6,111.6,111.275,112.0716667175293,613554.6,9.262963741929392,20.82922381279515,-0.5784080585696927,0.36856812779747844,-0.9469761863671711,26.046416812487536,38.24786407653737,120.72556389294937,111.275,101.82443610705064,-5.189844978656486,交叉混雜,52.0
3691,2026-09-15,95.64000091552734,97.22000045776367,98.63500022888184,117.17333335876465,255353.6,22.74872366516847,19.812457007779347,-4.60143423247456,-4.921991091667383,0.3205568591928234,35.0576892928017,36.85421373690789,104.41200536251822,98.63500022888184,92.85799509524546,-4.597761184404423,空排,34.0
3693,2026-09-15,681.6,671.2,613.3,533.5333333333333,1918146.6,59.96681282784871,70.94364037179383,43.90648412662597,41.01295067559272,2.8935334510332495,54.59216885671069,62.17069907681438,746.4704092309413,613.3,480.1295907690586,8.592858307516721,多排,94.0
3694,2026-09-15,49.300000762939455,49.8200008392334,50.335000610351564,56.31000010172526,475610.0,13.061183757492012,19.94264386387225,-1.5487830407201884,-1.6770474479794013,0.12826440725921295,25.393105683710317,33.53832356686674,52.00331199182969,50.335000610351564,48.66668922887344,-3.6455758182194002,空排,7.0
3701,2026-09-15,40.31999969482422,40.88499984741211,40.795000076293945,41.045000012715654,701885.8,15.811152263365814,24.112206843380797,-0.25200620264940454,-0.04838193870330171,-0.20362426394610283,32.283749557792774,41.28934789622338,42.87064867220556,40.795000076293945,38.71935148038233,-4.890307232509842,交叉混雜,27.0
3702,2026-09-15,106.7,105.1,105.17999992370605,110.76833330790201,7688803.2,73.83421286734799,68.06314225024343,-1.615656309305976,-2.3494204486709345,0.7337641393649585,59.316729186632735,49.522545514770336,112.18393892113743,105.17999992370605,98.17606092627467,1.7303670637137443,交叉混雜,84.0
3703,2026-09-15,19.75999984741211,19.775,19.714999771118165,20.304166666666667,503677.8,39.559512470840524,55.33412550698296,-0.11528610857826038,-0.14005343621451188,0.0247673276362515,32.927677831797496,39.39522547401203,20.086483798057188,19.714999771118165,19.343515744179143,-1.0905390495268135,交叉混雜,28.0
3704,2026-09-15,40.060000610351565,40.11000022888184,40.98250045776367,43.9974999109904,3605795.6,30.995549456946023,25.513497380642463,-1.0476355876940033,-1.1162410185191776,0.06860543082517423,41.97162220918038,42.12725729766231,43.24484055597844,40.98250045776367,38.7201603595489,-2.8853808515705444,空排,68.0
3705,2026-09-15,55.95999984741211,56.02999992370606,55.86000003814697,54.728333218892416,160197.0,53.7138399206231,59.21348679607756,0.3423425611523925,0.397345441934925,-0.055002880782532515,54.21262036020742,57.76532280123653,56.53869825574228,55.86000003814697,55.18130182055166,0.25062649795456915,交叉混雜,59.0
3706,2026-09-15,80.03999938964844,85.44999923706055,88.59999923706054,89.33833312988281,9888333.0,5.779813329351637,15.090364977210301,-2.9111920695246027,-1.2316323656973587,-1.679559703827244,12.41673594074203,23.482101007949325,99.95160440052557,88.59999923706054,77.24839407359552,-12.415350855147924,空排,33.0
3707,2026-09-15,60.04000015258789,60.61000022888184,61.62000007629395,67.57250010172525,4287121.2,25.99653601410258,26.197756697770647,-1.262347706394273,-1.1868414075203917,-0.07550629887388127,36.222402901132824,40.63863595923217,64.52523966857682,61.62000007629395,58.71476048401109,-4.414148891670421,空排,58.0
3708,2026-09-15,97.05999908447265,98.59999923706054,100.42499961853028,101.50166664123535,455104.4,21.215931460345033,19.76719549151783,-1.2447373505175676,-0.6456034368135455,-0.5991339137040221,25.468641291434707,35.836248252439816,105.28119534436159,100.42499961853028,95.56880389269897,-5.003732249677965,空排,19.0
3709,2026-09-15,62.15999984741211,63.53999977111816,65.5399995803833,71.45666637420655,247464.0,9.354646019331225,11.400945925609882,-2.6492811764676034,-2.370730144310826,-0.27855103215677746,17.82105442691214,25.387900754166623,70.49512408924176,65.5399995803833,60.584875071524834,-7.2322251658077095,空排,68.0
3711,2026-09-15,622.4,611.7,603.85,619.9,16225133.6,48.440183139432015,61.061739159808305,2.8824857980081333,2.0830381531816577,0.7994476448264756,37.70114159364267,45.13695412419275,642.0476852426001,603.85,565.6523147574,-1.9624078827523428,交叉混雜,96.0
3712,2026-09-15,20.760000228881836,20.850000190734864,20.892500114440917,19.37666670481364,421393.2,23.291309869578512,25.22531741987536,0.19046518801044954,0.3487922794169818,-0.15832709140653228,39.90201182864884,47.93367351681179,21.586288683305206,20.892500114440917,20.19871154557663,-1.6393484528145745,交叉混雜,36.0
3713,2026-09-15,14.360000038146973,14.36500005722046,14.55750002861023,14.5850000222524,21610.0,19.673343496630377,30.21085215856168,-0.11528082509937754,-0.06833321226138842,-0.04694761283798912,25.935394007111498,34.980951080587616,15.039027177535624,14.55750002861023,14.075972879684835,-3.486174390368978,空排,13.0
3714,2026-09-15,61.8,63.14000015258789,61.52999992370606,58.9816666285197,7094951.0,19.963580321378203,36.20399800406863,1.143264901669184,1.5374869201880728,-0.3942220185188887,33.43954768462794,46.57142741404253,67.80110341364774,61.52999992370606,55.25889643376438,-2.324071918345669,交叉混雜,84.0
3715,2026-09-15,125.0,123.15,119.075,128.61333338419595,7067490.4,34.41338925151512,47.61805365530876,0.9133032075651357,0.3628602794059236,0.5504429281592121,43.50037641419037,48.413481098198204,135.3401548765425,119.075,102.8098451234575,0.356917908880955,交叉混雜,32.0
3716,2026-09-15,33.88999938964844,34.04499969482422,34.739999771118164,34.45416679382324,191038.2,13.251194438111137,14.571959254139905,-0.2130051400130739,-0.06842908368488768,-0.14457605632818624,24.539302180269175,38.676895808968624,36.522546965489695,34.739999771118164,32.95745257674663,-2.993664407111874,交叉混雜,57.0
3717,2026-09-15,21.270000076293947,21.629999923706055,22.107499980926512,23.295833365122476,783443.0,9.33285643524868,13.607011251286371,-0.4409545327706681,-0.31544430924214867,-0.12551022352851943,26.173216470817778,34.577622687771864,23.415883930226027,22.107499980926512,20.799116031626998,-5.009612040628837,空排,69.0
3718,2026-09-15,63.459999084472656,,,,5142227.4,33.70786420535358,44.56928806845119,-4.242622930985519,-2.416973125937485,-1.8256498050480339,6.247274665232851,4.29684986552283,,,,,,
4102,2026-09-15,18.729999542236328,18.925,19.067500019073485,19.390833377838135,15001.4,30.704674495647588,32.998884778579836,-0.13244347905654408,-0.08748850288638974,-0.04495497617015434,43.08950626908478,42.27973383713644,19.58790010018525,19.067500019073485,18.54709993796172,-1.402914811828259,空排,49.0
4104,2026-09-15,72.03999938964844,71.53999938964844,71.46499938964844,70.75499992370605,233980.6,59.03289291185523,57.82506374781521,0.26332783187224607,0.1914791819212666,0.07184864995097948,50.43788432664376,53.37800912401169,72.55519508304276,71.46499938964844,70.37480369625412,0.32882888211118644,多排,48.0
4105,2026-09-15,77.7,77.39000015258789,77.68000068664551,77.06333338419596,365781.0,71.92954166305569,55.38637746173826,0.19559935915728488,0.16232511172959385,0.03327424742769103,72.40309937434321,60.714135644642305,78.86694749880854,77.68000068664551,76.49305387448248,0.798149278619777,交叉混雜,62.0
4106,2026-09-15,24.389999771118163,24.439999961853026,24.472500038146972,24.31000000635783,130867.2,63.27780427517333,59.58362222654047,-0.011536347723531293,0.012595565985318195,-0.024131913708849487,44.38201185807557,47.89390437932092,24.716318564159522,24.472500038146972,24.228681512134422,-0.2962526080444871,交叉混雜,72.0
4107,2026-09-15,112.1,112.55,113.3,115.01666666666667,40023.6,28.58149080821605,36.76400995921928,-0.7924011849857635,-0.6149683888342452,-0.1774327961515183,3.5347341252110454,22.305404366025243,115.17504385913624,113.3,111.42495614086376,-2.030008826125328,空排,44.0
4108,2026-09-15,11.280000114440918,11.305000019073486,11.337500047683715,11.539999961853027,257880.4,32.13120199937503,26.09555510595845,-0.025418122118347597,-0.02368323204375026,-0.001734890074597338,48.87861615018433,49.07603722019623,11.940889410787953,11.337500047683715,10.734110684579477,-0.33075948658111065,空排,27.0
4109,2026-09-15,11.030000114440918,11.040000057220459,11.14500002861023,11.428333314259847,114032.8,38.645801121038154,27.69989906174584,-0.08994599407768256,-0.09240786110965353,0.002461867031970974,45.9559176114849,43.147642924684106,11.378734005857293,11.14500002861023,10.911266051363167,-0.8523987225795754,空排,15.0
4111,2026-09-15,28.779999923706054,28.75,29.03749990463257,29.701666641235352,33777.0,51.31590179308338,52.43031289288412,-0.29003645306792336,-0.294384637955724,0.0043481848878006435,37.565299566320704,35.551063554289215,30.145307191418116,29.03749990463257,27.92969261784702,-1.3344822638827598,交叉混雜,46.0
4113,2026-09-15,15.80999984741211,15.519999980926514,15.225000047683716,14.983333333333333,80419.8,78.46279487519014,77.24006500467306,0.2564673347475086,0.17241823889854002,0.08404909584896858,73.10079990203243,68.70645447536255,16.05057784317262,15.225000047683716,14.399422252194816,4.43349470431857,多排,20.0
4114,2026-09-15,29.600000381469727,29.635000228881836,29.88999996185303,29.71588249206543,499312.0,18.914736216125103,24.77312474906443,-0.06674959477423315,0.00196120221015989,-0.06871079698439303,31.437674688365405,40.752384966413764,30.74753594365065,29.88999996185303,29.032463980055407,-1.8066228874957315,交叉混雜,59.0
4116,2026-09-15,39.619999694824216,39.91499977111816,39.70749988555908,38.89583346048991,19600.0,20.000448065952003,29.88037800923128,0.15418037587298983,0.25388980935758615,-0.09970943348459632,44.12745389215941,49.40719148803297,40.54307388742165,39.70749988555908,38.87192588369651,-0.27073326637994455,交叉混雜,48.0
4119,2026-09-15,58.3,56.79999961853027,55.0,50.408333206176756,345150.0,87.32633309329138,82.54105001300076,1.9836797406729687,1.7302731792004749,0.25340656147249385,78.15002846811464,72.66076915742897,59.971920741129445,55.0,50.028079258870555,8.36363358931108,多排,80.0
4120,2026-09-15,46.62999954223633,46.38499984741211,46.95750007629395,47.041666666666664,5667.0,72.44327069681323,58.516574800563816,-0.262145449039906,-0.2696209908630742,0.007475541823168175,58.39427607991327,49.65372062804029,48.453556240043326,46.95750007629395,45.46144391254457,-0.015970427178425468,交叉混雜,62.0
4121,2026-09-15,12.70999984741211,12.789999961853027,12.957499980926514,13.129166650772095,21469.0,13.388441967573382,17.312081828909058,-0.11876868597336099,-0.08898435554347378,-0.029784330429887207,26.230918890858277,33.619863223819195,13.34585011523348,12.957499980926514,12.569149846619547,-2.3731457676934737,空排,22.0
4123,2026-09-15,30.370000076293945,30.33499984741211,31.192500019073485,35.56532675425212,1352613.6,50.506411312601685,38.32189351626835,-1.3769726237854272,-1.5387283698113299,0.1617557460259027,37.804198940379536,30.85348389570038,33.18387012871495,31.192500019073485,29.201129909432023,-2.700968620946027,交叉混雜,12.0
4126,2026-09-15,77.57999877929687,77.74999923706055,77.71999969482422,78.0216667175293,27601.2,40.32404003724541,45.471304576593965,0.03662546983657933,0.06321856978100304,-0.026593099944423715,51.59880938535837,51.535856941327914,78.19506437080052,77.71999969482422,77.24493501884793,-0.025736936001775387,交叉混雜,42.0
4127,2026-09-15,61.939999389648435,63.089999771118165,72.8850004196167,75.71833388010661,161035.0,13.147736882429063,14.289151620058288,-5.548230929478208,-4.128779208509937,-1.4194517209682713,12.48233579991755,23.661263211501065,95.42780520082016,72.8850004196167,50.34219563841324,-19.05055956599763,空排,88.0
4128,2026-09-15,14.579999923706055,14.65999984741211,14.924999952316284,15.272499926884969,493940.0,31.808158807442545,29.867667407863873,-0.13867370260462053,-0.09028231352355512,-0.04839138908106541,37.11169627357017,41.60317602206828,15.575101376747163,14.924999952316284,14.274898527885405,-2.8475708788885212,空排,16.0
4129,2026-09-15,82.48000030517578,82.25,83.59000015258789,87.20499992370605,179520.6,48.39013734829156,43.36430080880061,-1.1271608471326573,-1.2772707846432612,0.15010993751060386,49.110516303405944,44.048434624830406,88.61788043964403,83.59000015258789,78.56211986553176,-1.1843542010522978,交叉混雜,15.0
4131,2026-09-15,31.440000152587892,31.060000228881837,31.36500015258789,32.644166787465416,6700.0,66.92794140079707,61.6822462792264,-0.3439261788212278,-0.507542910355874,0.16361673153464618,52.2434541544863,47.88320707230996,32.83257905409901,31.36500015258789,29.89742125107677,0.11158764792639883,交叉混雜,24.0
4133,2026-09-15,20.260000228881836,20.379999923706055,20.552499866485597,20.88416665395101,35449.8,20.62352912090799,18.36603045972241,-0.19649358495450286,-0.16620213172431147,-0.03029145323019139,21.537297550790385,33.903854746353176,20.988359309569102,20.552499866485597,20.116640423402092,-1.7151154644742497,空排,35.0
4137,2026-09-15,76.28000030517578,77.71000061035156,82.61000061035156,92.34499994913737,240257.8,16.827384065690673,10.442744249844338,-4.5578556161243,-4.2535761569477035,-0.3042794591765965,25.65940192454879,19.471509665370306,93.52978545513079,82.61000061035156,71.69021576557233,-7.275150819303319,空排,6.0
4138,2026-09-15,53.58000030517578,53.2,52.44999980926514,51.48166675567627,39976.8,89.8756745952175,83.52471767365182,0.6488192782418523,0.5180149196249846,0.13080435861686768,65.4095342818228,64.25464777786499,54.41870217576775,52.44999980926514,50.481297442762525,2.7645409378202346,多排,38.0
4139,2026-09-15,40.69000015258789,41.250000381469725,39.90250015258789,35.17333345413208,83002.2,17.063146056043895,29.969316465616266,1.230754517729281,1.494599439666676,-0.26384492193739506,46.70836304199281,55.10822563163028,44.383980601577925,39.90250015258789,35.42101970359786,1.3720960046561248,交叉混雜,92.0
4142,2026-09-15,17.370000457763673,17.505000114440918,17.66500005722046,17.36416654586792,574390.4,15.309184077124119,17.3648653510255,-0.02417504107268087,0.05949921699883904,-0.0836742580715199,30.028366734303262,40.72263611611607,18.24183306676419,17.66500005722046,17.08816704767673,-2.6323198005931605,交叉混雜,48.0
4147,2026-09-15,60.73999938964844,62.19000015258789,63.060000038146974,62.72499993642171,730870.8,13.771917600273344,17.63141761121529,-0.3881624735745959,0.2157320955571136,-0.6038945691317095,30.7715829841691,40.802136148763495,67.05915762894739,63.060000038146974,59.060842447346566,-5.486840409027619,交叉混雜,53.0
4148,2026-09-15,33.079999923706055,32.27999973297119,32.27249994277954,31.26333325703939,151080.0,54.84410588586767,43.331903982941,0.4520811583745683,0.2597185746192511,0.19236258375531723,61.54633540897591,59.17128532484877,34.3036976694253,32.27249994277954,30.241302216133782,3.95847640110331,多排,39.0
4154,2026-09-15,12.220000076293946,12.360000038146973,12.265000009536744,12.126666704813639,6220.0,47.07485503783944,61.891460713480384,0.02067088957903529,0.0841022989610536,-0.06343140938201831,16.19220965981374,37.262880488520786,12.921225182291614,12.265000009536744,11.608774836781873,-3.7912745082781587,交叉混雜,30.0
4155,2026-09-15,14.689999961853028,14.504999923706055,14.539999961853027,14.944166628519694,420159.4,49.81413420449839,43.825711112715,-0.032518314394964776,-0.09677237108066902,0.06425405668570425,54.63093964662094,52.23193158182957,15.032683197441415,14.539999961853027,14.04731672626464,1.1004116081972704,交叉混雜,56.0
4157,2026-09-15,8.785999870300293,8.848999977111816,8.921999979019166,8.737666686375936,715644.6,18.090478283544297,27.963548702437365,-0.000901543217327827,0.04374107701582134,-0.04464262023314917,35.18774416827186,43.40861503696218,9.23269358770526,8.921999979019166,8.611306370333072,-2.6003183051046115,交叉混雜,34.0
4160,2026-09-15,39.19000091552734,39.256980895996094,39.46849040985107,39.95116367340088,21330.8,62.913963281020855,49.232964682381166,-0.19879407863968623,-0.19908356116758005,0.00028948252789381956,55.93906543444829,50.87776540559186,40.40203583702685,39.46849040985107,38.53494498267529,0.20651620156501208,空排,26.0
4161,2026-09-15,22.360000228881837,22.535000038146972,22.732500076293945,22.76333341598511,12000.0,32.25688446256758,25.59401388149064,-0.12370828115253474,-0.05687758341175605,-0.06683069774077868,27.1004772302327,36.004421974032745,23.258932869527758,22.732500076293945,22.206067283060133,-1.9025660960380764,空排,34.0
4162,2026-09-15,54.699999237060545,56.01999969482422,57.694999885559085,61.44500020345052,342922.6,10.005957107129971,9.333760706424886,-1.877277598177173,-1.5650882656168565,-0.31218933256031645,28.816406170638658,29.93175078802534,61.85975207664666,57.694999885559085,53.53024769447151,-5.017766971558916,空排,32.0
4163,2026-09-15,129.9,133.0,136.825,131.95,39708.0,29.052587380011357,23.03953080552931,-1.3527969568874028,0.020211345659997382,-1.3730083025474,44.711611807229694,44.53320838176207,147.23387778975837,136.825,126.41612221024161,-3.5264023387538748,交叉混雜,82.0
4164,2026-09-15,25.440000152587892,25.725,25.972500038146972,27.04166669845581,307164.2,20.29139543380134,21.581302134492166,-0.34864413005559314,-0.3191878340522816,-0.02945629600331151,36.74591756579147,39.140095867846156,26.814474415822495,25.972500038146972,25.13052566047145,-2.2042561123335895,空排,6.0
4166,2026-09-15,23.84000015258789,24.414999961853027,24.402499961853028,25.133333269755045,125240.0,15.001278036455286,26.85812243558056,-0.22735596043521156,-0.1496780913738136,-0.07767786906139795,31.188515684434094,37.05927406645819,25.369576527507995,24.402499961853028,23.43542339619806,-2.469012296831614,交叉混雜,56.0
4167,2026-09-15,19.010000228881836,19.035000038146972,19.607500076293945,19.630000146230064,539272.8,25.410194267760865,19.241456963166165,-0.1496799289868278,-0.07659159846496788,-0.07308833052185992,44.398316318901735,45.186884151124566,20.942563852358226,19.607500076293945,18.272436300229664,-2.8433040268475307,空排,55.0
4168,2026-09-15,21.679999923706056,21.904999923706054,22.257500076293944,23.322500038146973,72000.8,37.44092414028592,34.72407448081553,-0.3642628115957969,-0.3352874200888299,-0.028975391506966985,24.55792171772741,28.664182465945785,23.08484536095309,22.257500076293944,21.4301547916348,-2.9540590478285935,空排,31.0
4169,2026-09-15,145.4,148.1,152.1,189.70833333333334,124356.8,7.826653776986069,8.086906070925744,-8.04927567291034,-8.87765878266304,0.8283831097526999,18.641502529247703,28.51186028573018,163.49528988568719,152.1,140.7047101143128,-5.982905982905979,空排,54.0
4171,2026-09-15,16.35999984741211,16.56999969482422,16.882499790191652,17.21416664123535,65413.8,10.80171981433649,14.235230132082885,-0.27184115826451105,-0.19721823709421066,-0.0746229211703004,10.055333515142223,28.868621286828102,17.66067252774174,16.882499790191652,16.104327052641565,-4.338813450404687,空排,29.0
4173,2026-09-15,17.110000228881837,17.155000114440917,17.289999961853027,17.641666666666666,30440.2,36.69127319128758,31.91625017779298,-0.13429200343006542,-0.13227618605030836,-0.002015817379757062,38.41230085532658,38.25206727605661,17.6105256651308,17.289999961853027,16.969474258575254,-1.0988986743926974,空排,23.0
4174,2026-09-15,25.83000030517578,25.475000190734864,25.8125,27.060833358764647,364862.0,50.58273447120352,46.56646049496043,-0.27196849930113487,-0.35788134577920244,0.08591284647806757,56.20496752860234,51.14541803097666,27.220325745916664,25.8125,24.404674254083336,0.7263922518159807,交叉混雜,5.0
4175,2026-09-15,51.08000030517578,51.31999969482422,51.23500003814697,51.00833326975505,9853.2,48.25363933298939,49.19470529952291,0.12221554505899235,0.15005522472154764,-0.027839679662555294,58.173495396554756,55.553215580196316,52.04876239035164,51.23500003814697,50.4212376859423,0.5172244786878565,交叉混雜,40.0
4178,2026-09-15,16.65,16.75,17.01500005722046,17.842499923706054,108003.4,38.077626509680755,32.129568251404855,-0.328290475577667,-0.3104604020472954,-0.017830073530371582,30.144906733531343,36.21689254844333,17.681570147961857,17.01500005722046,16.34842996647906,-3.3205953122594494,空排,10.0
4183,2026-09-15,13.719999885559082,13.919999885559083,13.969999933242798,14.23999999364217,1401.0,37.318691899872796,60.164459478164176,-0.18908430471776683,-0.11353851256535387,-0.07554579215241296,10.921528248233315,24.89897963278399,14.53232590758271,13.969999933242798,13.407673958902887,-5.5118119374172725,空排,21.0
4188,2026-09-15,14.610000038146973,14.255000019073487,13.762500047683716,11.393333339691162,338683.0,52.31202306275917,50.808388707342694,0.9111338224662351,0.9897960136029165,-0.07866219113668138,49.89546122120422,55.905131819399635,17.270216853756466,13.762500047683716,10.254783241610966,3.178926503655518,多排,76.0
4195,2026-09-15,13.7,13.780000019073487,14.05499997138977,15.345000012715657,76615.6,21.175686078848393,26.561658491510574,-0.432020458035133,-0.4236707787688641,-0.008349679266268895,24.283704964178128,28.44879114667313,14.767223912483553,14.05499997138977,13.342776030295989,-5.371752274576864,空排,4.0
4198,2026-09-15,49.35,48.34500007629394,45.22750034332275,42.49750022888183,5758.0,80.1299463733839,78.2836508086243,2.111276111616391,1.6720379939027763,0.43923811771361465,68.67580947599501,66.73236378163335,52.18454659269912,45.22750034332275,38.270454093946384,10.331106400059953,多排,85.0
4205,2026-09-15,69.0,69.30999984741212,69.38500022888184,70.66499977111816,26328.2,15.668683078597114,25.736565179636784,-0.2992415632638199,-0.28322426816694424,-0.01601729509687566,35.53853801826783,38.41742384363336,70.05707370832654,69.38500022888184,68.71292674943713,-0.6989964709995731,空排,30.0
4207,2026-09-15,19.570000076293944,19.93000011444092,20.3,20.052500184377035,100507.2,16.85331608175625,19.557008240933484,-0.20861793154283959,-0.04792235831822744,-0.16069557322461214,15.249632594438737,28.389483167806958,21.283013413878745,20.3,19.316986586121256,-4.9261121327066695,交叉混雜,61.0
4303,2026-09-15,36.13999938964844,35.79499969482422,40.4875,43.36499970753987,905668.0,30.887103461003317,30.122459896095023,-2.6451853903492832,-2.324911477665612,-0.3202739126836711,27.92465057456991,32.9848581509533,53.769577167425496,40.4875,27.2054228325745,-13.924054401676822,交叉混雜,3.0
4304,2026-09-15,16.860000228881837,17.760000038146973,21.17249984741211,19.234166622161865,94432.0,7.6450028000204995,10.106648273081266,-0.948253493965332,-0.19690370095948517,-0.7513497930058468,24.062565110920175,33.75366047453909,28.850730961429175,21.17249984741211,13.494268733395042,-26.791828495894176,交叉混雜,18.0
4305,2026-09-15,41.970000457763675,42.82500076293945,43.170000839233396,42.79416688283285,2619.4,8.751292442361958,13.869259219363217,-0.25547528508226947,-0.014664737917536773,-0.24081054716473269,22.750590727796236,34.97622761367644,44.804626435029434,43.170000839233396,41.53537524343736,-2.7102173187128717,交叉混雜,56.0
4306,2026-09-15,14.769999694824218,14.949999904632568,15.05750002861023,15.044999965031941,1054416.6,14.409260759581656,26.210248907260343,-0.05651381376206288,0.028703512327952894,-0.08521732609001578,18.606671708289426,32.577314914560105,15.53573722670178,15.05750002861023,14.57926283051868,-4.366597435368838,交叉混雜,57.0
4401,2026-09-15,13.810000038146972,13.935000038146972,13.972499990463257,14.245833269755046,55562.6,23.829061242738867,32.272088762770096,-0.09385652016018753,-0.07135340913691599,-0.022503111023271544,26.555609468238117,34.6204501417847,14.274205724117795,13.972499990463257,13.670794256808719,-3.023795312340422,空排,32.0
4402,2026-09-15,14.310000228881837,14.460000133514404,14.685000133514404,15.806666803359985,20434.4,47.89391431329453,44.77869633852831,-0.38499128364947666,-0.382363220776731,-0.00262806287274564,37.42772745246373,37.705726786834425,15.445955217869665,14.685000133514404,13.924045049159142,-2.281237650656426,空排,16.0
4413,2026-09-15,19.249999618530275,19.539999771118165,19.619999885559082,16.68999999364217,29810.0,20.632417342067978,25.491969901333032,0.5611612969953477,0.8245557232171618,-0.2633944262218141,30.719041503933312,47.42587768442948,20.236782894980514,19.619999885559082,19.00321687613765,-4.1794120962359464,交叉混雜,72.0
4414,2026-09-15,8.13000030517578,8.171000099182129,8.282000064849854,8.462500015894571,96980.2,14.245091748287656,17.342053318573353,-0.09670219123251478,-0.07842537434261412,-0.018276816889900654,31.78248092611169,36.43251758900873,8.556425651708036,8.282000064849854,8.007574477991671,-2.1975329866581745,空排,22.0
4416,2026-09-15,11.310000038146972,11.875,12.817500019073487,11.497500022252401,1197877.6,20.570987326867364,12.220117825538107,-0.1226834711483793,0.1852214331219505,-0.3079049042703298,44.21080863325392,45.17647177705423,15.515701182635754,12.817500019073487,10.11929885551122,-9.498729360577501,交叉混雜,8.0
4417,2026-09-15,48.84000015258789,47.97000007629394,47.47749996185303,46.16583334604899,223452.8,77.95758699554325,77.25118606448282,0.8341707834627883,0.6228952572714922,0.21127552619129608,83.62228714684996,77.22165243068757,49.35211596278634,47.47749996185303,45.60288396091971,4.1546012377890165,多排,56.0
4419,2026-09-15,45.519998931884764,46.1299991607666,46.154999351501466,46.422499910990396,2490.4,25.451256288734857,24.907600810494678,-0.10928405003570418,-0.04117968815735286,-0.06810436187835132,59.69662250193959,54.03227400729607,47.66980306988978,46.154999351501466,44.64019563311315,0.9641406757059162,空排,65.0
4420,2026-09-15,39.25999984741211,38.914999389648436,37.8774995803833,36.548333231608076,46684.0,84.95175252282051,90.27039336120863,0.8447175299253473,0.6975306293029239,0.14718690062242346,63.93026267023267,67.51431328856525,40.16257112012206,37.8774995803833,35.59242804064454,3.6235243477568804,多排,28.0
4426,2026-09-15,7.583999919891357,7.574000024795533,7.650999999046325,7.956000026067098,66501.2,20.009829770467398,24.375659839566016,-0.10000218428735597,-0.10481001052801797,0.004807826240662005,28.449801543838007,32.10899833365802,7.864925617474418,7.650999999046325,7.437074380618233,-2.3657065596292783,交叉混雜,21.0
4430,2026-09-15,17.4,17.475,17.79000005722046,17.440833377838135,21864.8,35.72599244620598,34.38940303429258,-0.07229122583290248,-0.0038593701275490885,-0.0684318557053534,31.35818901797336,40.814457702359945,18.740125047645428,17.79000005722046,16.839875066795493,-3.035413465337734,交叉混雜,50.0
4432,2026-09-15,15.569999885559081,15.649999904632569,15.682499933242799,15.920833269755045,21210.0,45.646934960491265,38.8254365204418,-0.09616916878421122,-0.09435615730375288,-0.001813011480458343,56.00799564295274,50.372303287459054,15.923714072379484,15.682499933242799,15.441285794106113,0.43041649637835455,空排,51.0
4433,2026-09-15,18.570000076293944,18.670000076293945,18.860000228881837,19.70083341598511,72473.4,27.49851546221429,33.823968089853864,-0.2799884108436963,-0.26331548229002333,-0.016672928553672972,20.87733655457039,26.550380510188276,19.340789193035754,18.860000228881837,18.37921126472792,-2.4390275968667696,空排,29.0
4438,2026-09-15,57.35999984741211,57.70999984741211,59.0,60.179999923706056,66402.0,11.455347480830664,16.360558348751916,-0.9398498913140898,-0.6910071714338777,-0.24884271988021212,20.86462445332549,28.516767489535027,61.87713341650821,59.0,56.12286658349179,-4.576272479558395,空排,24.0
4439,2026-09-15,94.54000091552734,95.31999969482422,97.01499938964844,98.42166646321614,12600.0,11.958615381608743,16.128468131129328,-1.568448019780476,-1.2097916605892,-0.3586563591912759,20.59288615068965,33.7797544909252,103.26767006493732,97.01499938964844,90.76232871435955,-3.6231504527778102,空排,62.0
4440,2026-09-15,17.589999771118165,17.604999923706053,17.58749990463257,17.525833257039388,25400.0,47.80100333354629,49.6708341487744,0.017473300452699903,0.019834440110388787,-0.002361139657688884,56.98717875357661,53.275705575099636,17.739244513154446,17.58749990463257,17.435755296110692,0.35536440219818777,交叉混雜,60.0
4441,2026-09-15,172.8,173.3,176.175,182.63333333333333,40146.6,40.78966993814587,45.825143524503616,-3.5428187585244473,-3.374975952507529,-0.16784280601691837,28.672542408270346,36.106202746286606,187.8696906531823,176.175,164.48030934681773,-2.937420178799495,空排,10.0
4442,2026-09-15,54.599999237060544,52.96999969482422,52.10500011444092,52.959166590372725,268483.6,64.53425661520804,61.34938953509338,0.4367072818776734,-0.2685978971596956,0.705305179037369,83.90720946821634,67.4761906610903,55.73207581012118,52.10500011444092,48.47792441876066,8.626808079469486,交叉混雜,56.0
4502,2026-09-15,15.729999923706055,15.704999828338623,15.697499799728394,15.714999882380168,48872.2,23.225594285459906,31.531002638870795,0.0022476837139357997,-0.0011515221321014633,0.003399205846037263,48.56962977803836,49.57810642110836,15.786204258946531,15.697499799728394,15.608795340510257,0.015926163839070154,交叉混雜,53.0
4503,2026-09-15,22.779999923706054,23.219999885559083,23.977499961853027,31.791666634877522,131236.6,5.451312110306658,7.8278017912381594,-1.901188287722178,-2.1120235209866207,0.21083523326444276,18.056104589193993,28.234940094323946,25.97525533160424,23.977499961853027,21.979744592101813,-7.41319654568443,空排,1.0
4506,2026-09-15,120.0,121.0,121.7,121.80833333333334,50284.4,8.845837141277379,18.58278672762572,-0.6442890540951822,-0.22912619265989892,-0.4151628614352833,15.685165121437663,29.31589955445118,124.2628931020638,121.7,119.1371068979362,-2.6294165981922784,空排,57.0
4510,2026-09-15,42.859999084472655,44.46499938964844,44.64249973297119,42.103333155314125,641485.4,11.389497071754443,21.413005919656307,0.08898424485660428,0.6926527344905786,-0.6036684896339743,24.800905631954706,39.80108130802404,47.867774753852174,44.64249973297119,41.4172247120902,-6.25525289926286,交叉混雜,46.0
4513,2026-09-15,15.439999961853028,15.654999828338623,16.04999985694885,17.395833269755045,138320.8,14.065667099639223,11.84684835960868,-0.5342109121640473,-0.5085743956342119,-0.02563651652983534,16.78311993261036,29.007644787043446,16.99590502192115,16.04999985694885,15.104094691976554,-4.984422829153428,空排,20.0
4523,2026-09-15,23.879999923706055,23.779999923706054,23.937499904632567,25.156666660308836,63407.6,26.42551709660286,32.493398262428585,-0.3174725826840401,-0.36515935931052357,0.04768677662648346,37.502865566219874,39.48014463263858,24.58384574633247,23.937499904632567,23.291154062932662,-2.036549947301595,交叉混雜,10.0
4526,2026-09-15,30.689999771118163,31.25999984741211,30.679999828338623,32.81416664123535,1330308.0,18.17259295217836,34.554788435002486,-0.17181206686167272,-0.1479570706705912,-0.02385499619108153,25.380841830919934,38.9289470482417,32.483913798489205,30.679999828338623,28.87608585818804,-2.8683200658470467,交叉混雜,21.0
4527,2026-09-15,40.85,40.820000076293944,40.91749992370605,40.083333079020186,27000.0,72.28068424088445,59.95874913600315,0.13492313802605338,0.1837066009229776,-0.04878346289692423,45.90979557711391,50.87079375916553,41.35672745352722,40.91749992370605,40.478272393884886,-0.28716487288958464,交叉混雜,61.0
4528,2026-09-15,14.90999984741211,14.924999809265136,14.994999885559082,15.235833263397216,13484.6,14.162490087964605,13.90042056992539,-0.08878722217146162,-0.08783009035373565,-0.0009571318177259702,30.113692775888268,36.604157780973466,15.186668498966666,14.994999885559082,14.803331272151498,-0.9669856965387315,空排,27.0
4529,2026-09-15,3.6259999752044676,3.6799999952316282,3.5495000004768373,4.038000015417735,20200.0,21.534797074750095,32.834667445136816,-0.07999004617236816,-0.09837309626364658,0.018383050091278427,33.98247219170726,41.44823907010558,4.0818819215965085,3.5495000004768373,3.017118079357166,-0.26764441815843815,交叉混雜,29.0
4532,2026-09-15,23.530000305175783,23.630000114440918,23.807500076293945,24.679999987284344,539437.8,16.363304933876613,22.80740453349102,-0.20261823365261833,-0.18224819642798445,-0.020370037224633875,26.432853982895054,35.72929632528013,24.307262964345078,23.807500076293945,23.30773718824281,-1.9216620533785835,空排,48.0
4533,2026-09-15,24.720000076293946,25.250000190734863,25.632500076293944,26.586666679382326,399000.6,11.94121173899049,18.09646686312534,-0.45809947252267236,-0.3038811545491171,-0.15421831797355523,22.591913295606417,34.60928260778745,26.922655194132165,25.632500076293944,24.342344958455723,-5.003412429559804,空排,34.0
4534,2026-09-15,28.229999923706053,28.724999809265135,29.282499980926513,32.52833325068156,458934.0,14.170954387933381,22.821426972212745,-1.1859139362103122,-1.1059519369260697,-0.07996199928424241,26.981360831031623,34.771496971700756,31.037875206558972,29.282499980926513,27.527124755294054,-6.941005659524989,空排,77.0
4535,2026-09-15,27.559999847412108,27.669999885559083,28.117499923706056,28.048333168029785,10085.0,27.693755766515757,27.952877024506094,-0.2646188067284534,-0.13053426721040687,-0.13408453951804652,17.61755694007735,29.63144500369158,29.260107682403483,28.117499923706056,26.97489216500863,-4.330044664281478,交叉混雜,51.0
4536,2026-09-15,163.1,163.35,165.9,167.13333333333333,103417.8,27.132590321606536,25.23467428931907,-1.4802615256510023,-1.0470914966327425,-0.43317002901825985,43.58290051312227,42.8106017719383,173.01262776224505,165.9,158.78737223775497,-2.0494273658830653,空排,54.0
4538,2026-09-15,17.45,17.550000190734863,17.56500005722046,17.880000019073485,32280.6,24.5033167081492,30.492124749001924,-0.07478317181767835,-0.044011917306320855,-0.030771254511357496,35.5996331990752,40.661984298183086,17.96775375761539,17.56500005722046,17.162246356825527,-1.5086867025142878,空排,50.0
4540,2026-09-15,57.47999954223633,58.46999969482422,58.554999923706056,56.64166653951009,1311317.2,20.307971066190724,24.602009650689315,0.14459220030772002,0.5588312860590758,-0.4142390857513558,41.522806889481714,46.91166974809278,61.470277838564606,58.554999923706056,55.63972200884751,-2.1432852673225278,交叉混雜,80.0
4541,2026-09-15,57.588341522216794,59.86417083740234,63.49208526611328,63.75986194610596,1040206.0,3.81867942242126,4.925746611122645,-2.3683362273903157,-1.29695732996018,-1.0713788974301357,12.811835364221636,27.914160422908637,71.95374478580011,63.49208526611328,55.030425746426445,-11.327531611079815,空排,78.0
4542,2026-09-15,264.6,274.6,272.4,315.1166666666667,299469.6,10.508913479684889,22.516177196401088,-7.216285531600022,-5.388336456822405,-1.8279490747776173,26.962692027721303,37.70822272792149,307.0419277450748,272.4,237.75807225492514,-8.223201174743016,交叉混雜,97.0
4543,2026-09-15,28.239999771118164,29.004999923706055,30.007023811340332,32.03317454655965,68035.2,7.817075298169636,11.345100559423914,-1.0321490727270728,-0.8412729327045078,-0.19087614002256503,7.217898857283501,20.02124536195734,32.779397269288296,30.007023811340332,27.234650353392368,-8.021533374999146,空排,31.0
4545,2026-09-15,32.329999160766604,32.11499919891357,32.084999561309814,33.811666297912595,174181.6,44.60401560779945,42.95554692920548,-0.14946285048444707,-0.3440466916628626,0.19458384117841554,56.07129022957584,52.487796884942654,32.95744244108604,32.084999561309814,31.212556681533588,1.605108056265329,交叉混雜,54.0
4549,2026-09-15,95.5,98.4970588684082,100.0735294342041,97.52784334818521,58718.4,14.002118463355977,20.466601494475494,-0.5227218238184435,0.5021847179652607,-1.0249065417837042,26.591828857979706,37.42991476577624,105.90799194531701,100.0735294342041,94.2390669230912,-5.869216883994904,交叉混雜,25.0
4550,2026-09-15,23.940000534057617,23.97000026702881,24.107500076293945,24.530833371480306,10642.6,58.08003413810188,43.49548900286995,-0.1400628161173536,-0.164505465136803,0.024442649019449397,56.41819470363528,51.346541056685304,24.648721953247502,24.107500076293945,23.56627819934039,0.38370086633938516,空排,55.0
4551,2026-09-15,158.7,162.25,161.55,185.43333333333334,670051.4,20.900907319606816,34.10634171346055,-3.758667669333505,-3.5552081636984676,-0.20345950563503745,33.73888463798875,41.02039707829334,172.324726764149,161.55,150.77527323585102,-4.982977406375742,交叉混雜,63.0
4552,2026-09-15,15.760000038146973,16.130000019073485,16.69500002861023,18.140833361943564,153741.2,8.803823494340048,12.520406555960186,-0.6299534487321132,-0.5343450574528603,-0.09560839127925291,12.711617888311537,17.719001052295837,18.141920617137153,16.69500002861023,15.248079440083307,-8.056302155349373,空排,5.0
4554,2026-09-15,28.41999969482422,28.929999923706056,29.468912887573243,30.609637673695882,18612.0,14.977702958529415,24.359915899899704,-0.6365735494015041,-0.5074655916905414,-0.12910795771096273,28.154868257377956,34.61183165213917,32.15884104245599,29.468912887573243,26.778984732690496,-4.645276571029444,空排,49.0
4555,2026-09-15,42.27000045776367,43.70000038146973,45.18250026702881,46.215833473205564,88023.6,7.625279555602926,10.765653661469942,-1.1888041939821576,-0.6815895604036296,-0.507214633578528,22.4570185149138,33.43909719568103,49.26884086658331,45.18250026702881,41.0961596674743,-7.818289648144337,空排,54.0
4556,2026-09-15,86.83999938964844,79.14000015258789,76.14000015258789,88.5816665649414,1779448.4,67.16294436808613,66.54221233928907,0.30512882312824274,-2.4114285193589553,2.716557342487198,57.092567209718055,54.528842053884134,90.92468557037647,76.14000015258789,61.35531473479931,11.636458930465308,交叉混雜,97.0
4557,2026-09-15,50.210000610351564,50.05500030517578,50.847500038146975,50.2033332824707,47648.0,46.44346216711672,40.95872100420784,-0.1391566781361533,-0.04818767294541522,-0.09096900519073807,47.449271494832246,47.58446652294536,52.868566245810264,50.847500038146975,48.82643383048369,-1.2734141791076323,交叉混雜,18.0
4558,2026-09-15,17.3,17.304999923706056,17.332499980926514,17.480833339691163,22840.0,60.11135391700523,46.59611366737561,-0.03142975746769139,-0.015046353705799542,-0.016383403761891846,46.53056818090314,48.38996666806769,18.16618205883613,17.332499980926514,16.498817903016896,-0.475984312807157,空排,27.0
4560,2026-09-15,29.260000228881836,29.195000076293944,30.412500286102294,31.89833335876465,329000.0,34.68950194430069,31.239757503788393,-0.8228825774419768,-0.7668439709153632,-0.05603860652661363,32.63553914058153,33.449801460631704,33.71240107723403,30.412500286102294,27.112599494970564,-4.8088763153457785,交叉混雜,28.0
4561,2026-09-15,40.470000457763675,41.52000007629395,43.225,40.893333435058594,103180.4,10.18114794918725,9.905142072438828,-0.5763217690599518,0.08105197761699555,-0.6573737466769474,17.5212720194056,34.868813245647615,47.60599903700212,43.225,38.84400096299788,-8.617698091382305,交叉混雜,63.0
4562,2026-09-15,29.429999542236327,29.924999809265138,30.65999984741211,31.930833212534587,120401.0,14.664950241668777,14.691046823797588,-0.7079080909193678,-0.5508733283810763,-0.15703476253829152,23.50483411204364,33.225334854503416,32.51461028515018,30.65999984741211,28.805389409674046,-4.924984463133613,空排,10.0
4563,2026-09-15,44.42000045776367,44.425,42.52000007629395,41.096666526794436,93410.8,48.54612366436585,55.69126395011505,1.201757160250338,1.0113311017825497,0.19042605846778837,61.82441024772768,62.29075775971882,47.07497429349806,42.52000007629395,37.965025859089835,5.00941073791882,交叉混雜,51.0
4564,2026-09-15,15.699999809265137,15.925000095367432,16.41000008583069,17.209999958674114,505418.8,19.206947339158482,15.347056243810062,-0.386916615977956,-0.320760070608747,-0.06615654536920901,37.57493059515187,38.699319939956276,17.524781388542088,16.41000008583069,15.295218783119289,-3.717244923249776,空排,35.0
4566,2026-09-15,63.74000015258789,63.74000015258789,65.13500022888184,66.80500011444092,842618.0,17.322480394220324,20.950354938431826,-1.4649780086799638,-1.283272132115796,-0.1817058765641677,35.21011200924059,39.45232300701871,68.99697419372795,65.13500022888184,61.27302626403572,-3.5848637193769664,交叉混雜,69.0
4568,2026-09-15,38.90999984741211,39.12000007629395,39.410000038146975,40.034999974568684,1800.2,38.79364016416573,25.60214225585531,-0.2147896817991395,-0.19656164113519656,-0.01822804066394293,68.31939728672913,57.66319483493404,40.34335823418172,39.410000038146975,38.47664184211223,1.1164639318655698,空排,45.0
4569,2026-09-15,155.9,166.05,165.275,164.66666666666666,97626.8,13.034993063260082,26.565508718359272,-1.7687381466112697,0.4486662520916646,-2.2174043987029344,30.193739282166632,38.384395008342246,181.7785083989335,165.275,148.77149160106651,-6.821963394342766,交叉混雜,47.0
4571,2026-09-15,149.8,153.6,156.25,160.08333333333334,127819.4,11.166022277484696,16.229385608526222,-3.272409315357635,-2.258346842561222,-1.0140624727964127,23.958436097085894,34.540819600225035,165.34887211055502,156.25,147.15112788944498,-5.6000000000000005,空排,24.0
4572,2026-09-15,141.6,141.75,141.3,143.25,16287.8,40.73991196648999,38.18186917732501,-0.0055703802268567415,-0.15273733930178587,0.14716695907492913,48.0941879775728,49.455373381855615,144.4017821702357,141.3,138.19821782976433,0.1415428167020443,交叉混雜,43.0
4576,2026-09-15,236.5,237.6,223.55,213.46666666666667,3111803.0,39.388977689703815,53.75209492668618,7.079376905737121,7.025664256791971,0.05371264894515004,47.18475043272056,52.66537019156131,256.8254058063758,223.55,190.27459419362424,3.108924178036228,交叉混雜,92.0
4577,2026-09-15,85.96000061035156,87.32000045776367,83.68500022888183,81.05833339691162,402026.8,22.65106099963097,37.636531946028214,2.0492753458759125,2.278204169076055,-0.22892882320014252,42.10850677306664,51.741925092494505,94.64373097694269,83.68500022888183,72.72626948082097,0.9738899072583018,交叉混雜,90.0
4580,2026-09-15,81.15999908447266,81.82000045776367,80.72000045776367,80.87833315531412,58689.8,19.88971275393704,30.09025103606838,0.2968574515627438,0.3545736790078068,-0.057716227445062995,44.46620587248538,49.151863069912515,85.13938380326618,80.72000045776367,76.30061711226116,0.09911124075872464,交叉混雜,58.0
4581,2026-09-15,47.210000610351564,47.635000228881836,47.84500007629394,49.506666628519696,6853.4,9.012377591713499,16.635537165053083,-0.5801240566295576,-0.5742203889525888,-0.005903667676968816,25.939699906898085,34.634030520349796,48.79307241574461,47.84500007629394,46.896927736843274,-1.4526043459228488,空排,39.0
4582,2026-09-15,22.64000015258789,22.975,23.247500038146974,25.648333326975504,65200.0,15.439671175528241,21.787474432024503,-0.861913142641864,-0.8649354133590283,0.0030222707171643215,13.893398102559573,23.942824253250578,24.13748821119901,23.247500038146974,22.35751186509494,-4.720939532490828,空排,45.0
4583,2026-09-15,436.0,451.9,460.7,523.5,67121.6,8.39280477021377,16.49826115507351,-20.5679538455708,-19.03223049618163,-1.535723349389169,17.659316924881793,27.899106908745466,495.54461749564314,460.7,425.85538250435684,-8.834382461471671,空排,3.0
4584,2026-09-15,37.789999389648436,38.27000007629395,38.79250011444092,39.40333334604899,6020.6,2.7255275802109993,8.986221693413587,-0.49520997866913063,-0.3118129952018289,-0.1833969834673017,5.814484276841682,22.79150236502275,40.25078914914343,38.79250011444092,37.33421107973841,-4.620738826198114,空排,20.0
4585,2026-09-15,294.9,294.6,296.225,302.3333333333333,369795.0,47.056744080854266,40.12192232487195,-1.7401401211783991,-2.145223399932175,0.4050832787537759,50.65476464599494,48.56779882065229,303.8163732202623,296.225,288.63362677973777,-0.07595577685881433,交叉混雜,22.0
4588,2026-09-15,52.07999954223633,52.12999992370605,52.15499973297119,53.49166628519694,95802.0,56.06498607765654,43.98473929836652,-0.026005754300207684,-0.18655974013000334,0.16055398582979566,62.664259400515654,57.34795450567254,53.94087997969015,52.15499973297119,50.36911948625223,2.3871187791813053,空排,30.0
4590,2026-09-15,90.08000183105469,89.76000061035157,88.63000030517578,86.75333353678386,430042.6,24.76227283046358,40.70923913316371,0.832156622258907,1.114610073787481,-0.28245345152857393,34.68328051986488,44.93707229714121,92.69530973354182,88.63000030517578,84.56469087680975,-2.0647605180151447,多排,71.0
4609,2026-09-15,4.213999843597412,4.231999921798706,4.366499972343445,4.814666716257731,8420.8,40.45833610146522,32.20993548709224,-0.16654494851939639,-0.17638285922676464,0.009837910707368253,45.494094452318535,42.59854965190679,4.740061862275114,4.366499972343445,3.9929380824117757,-2.897061766323335,空排,7.0
4702,2026-09-15,9.285999870300293,9.380999946594239,9.512500047683716,9.652166668574015,49939.0,16.487475999583317,20.14144227948015,-0.10156858942753466,-0.06733749675655609,-0.03423109267097857,19.73609186149052,29.723733490003326,9.857196959673969,9.512500047683716,9.167803135693463,-2.7595274256806372,空排,42.0
4706,2026-09-15,35.789999389648436,35.37999992370605,34.07499980926514,32.96416660944621,34038.2,32.15214812005281,40.17316915437676,0.855614975468562,0.7474089400218809,0.10820603544668117,42.986944455986894,49.28548253545348,38.04322902709011,34.07499980926514,30.106770591440156,0.07336365369299222,多排,75.0
4707,2026-09-15,26.470000076293946,28.089999961853028,30.64524402618408,31.793414656321207,2620147.8,9.545325071815885,9.033311400062983,-1.4666017190152978,-0.7845803062582035,-0.6820214127570943,15.732402288548656,32.667212803746,36.84304206832952,30.64524402618408,24.447445984038644,-14.66865267515232,空排,96.0
4711,2026-09-15,16.40999984741211,16.51500015258789,16.64000015258789,16.612500111262005,27680.8,26.583875659628745,29.27780303848037,-0.050297003463512624,0.010552416989018534,-0.06084942045253116,34.29756362508199,40.768496051636745,17.016409790278786,16.64000015258789,16.263590514896997,-2.0432747139997276,交叉混雜,59.0
4714,2026-09-15,11.279999923706054,10.985000038146973,10.97999997138977,11.105500030517579,2203482.6,54.47708836906333,46.729921470464134,0.09137346913135502,0.032738250732529374,0.05863521839882565,50.221168216029454,51.94402879181498,11.76766802041466,10.97999997138977,10.192331922364879,1.0928999125012562,交叉混雜,8.0
4716,2026-09-15,16.749999618530275,16.959999656677248,17.247499847412108,18.899166615804038,406662.2,4.796437095614936,9.854401380907147,-0.32780355976384,-0.2527173593673567,-0.07508620039648334,24.48630050854139,37.11471402083309,18.710184585291664,17.247499847412108,15.784815109532552,-5.493553377208629,空排,66.0
4720,2026-09-15,18.279999923706054,18.440000152587892,18.41750020980835,20.310833390553793,284088.2,11.948017826928965,19.49968969199377,-0.3579834545532563,-0.3907691855759463,0.03278573102269,23.562526171051545,35.89721256930093,19.374620585919796,18.41750020980835,17.4603798336969,-2.809830788015832,交叉混雜,58.0
4721,2026-09-15,71.67999877929688,71.80000076293945,72.84000053405762,76.60000012715658,269416.2,41.77975434393914,40.202288442985214,-0.911174950353498,-0.8682767839578791,-0.04289816639561894,33.67784590168088,39.55493472132486,75.46410016279829,72.84000053405762,70.21590090531696,-2.526085283589884,空排,30.0
4722,2026-09-15,187.6,192.85,200.175,222.775,858474.2,23.65055447899297,21.352233729062696,-7.247593323428362,-6.033962348166233,-1.213630975262129,31.037539994042007,36.468501862662905,218.52044257187413,200.175,181.8295574281259,-7.580866741601104,空排,54.0
4726,2026-09-15,23.14000015258789,23.540000343322752,23.970000076293946,24.611666774749757,169951.2,23.008058048628882,23.933790907881075,-0.43488522522280704,-0.302380792305348,-0.13250443291745906,14.183100560363144,24.92896517101842,25.182391824959012,23.970000076293946,22.75760832762888,-5.715476389084927,空排,9.0
4728,2026-09-15,393.9,396.4,397.875,387.3333333333333,1442.0,26.81956077677338,21.634879711365635,1.4834111816740005,2.60079480450218,-1.1173836228281795,47.41146761443372,50.256223728098476,406.9470797824491,397.875,388.8029202175509,-0.7225887527489789,交叉混雜,65.0
4735,2026-09-15,35.89000015258789,36.590000534057616,37.572500228881836,33.735000197092695,27771.6,18.155608418279876,19.64645031502898,0.2795776891588275,0.7699111818989599,-0.4903334927401324,31.69576656980955,43.40927012519973,40.099506816798275,37.572500228881836,35.0454936409654,-5.2498549277923425,交叉混雜,74.0
4736,2026-09-15,127.7,126.85,130.3100444793701,129.4450148264567,163567.0,73.62085648467273,55.53862052681032,-1.3311619089506905,-1.2881829255618173,-0.04297898338887318,58.314302362233775,49.27583134272536,144.33641579496123,130.3100444793701,116.28367316377897,-1.005328855963597,交叉混雜,61.0
4737,2026-09-15,57.08000030517578,57.69000015258789,57.48499984741211,57.00833333333333,105791.6,54.583511797599044,63.59618185599826,0.041647479013228406,0.2918921032863551,-0.2502446242731267,43.763771848028384,45.958959025451236,59.65685301016861,57.48499984741211,55.313146684655614,-1.7134902148850846,交叉混雜,47.0
4739,2026-09-15,77.31999969482422,80.25,82.96000022888184,89.3433334350586,1754744.8,17.08553754914919,19.279785919330173,-2.6804298225907672,-1.9421815564942577,-0.7382482660965095,18.136737110803608,30.728809093534423,90.8089425392945,82.96000022888184,75.11105791846917,-8.389585595081487,空排,40.0
4741,2026-09-15,37.88999938964844,39.32999954223633,40.650000190734865,45.951666831970215,105657.4,7.32947007636527,12.094078916662077,-1.928599814721224,-1.6622372559723724,-0.2663625587488516,15.31046463321971,26.82291453171051,44.518089420567144,40.650000190734865,36.781910960902586,-9.471097012569825,空排,79.0
4743,2026-09-15,44.44000015258789,45.08000030517578,46.29250011444092,47.974166806538896,1012863.6,19.178711723453556,26.333254216575575,-0.8489289122866097,-0.5629059307191311,-0.28602298156747863,28.26015950961562,36.764250189082965,49.63461909949316,46.29250011444092,42.95038112938868,-6.03229488046121,空排,9.0
4744,2026-09-15,26.88000030517578,27.09000015258789,27.40000009536743,28.18416665395101,34832.6,39.54397104636149,24.58291811617181,-0.45924152016969444,-0.4964930417807368,0.03725152161104234,60.81978914342759,48.855400351020414,28.41255310216198,27.40000009536743,26.387447088572884,0.18248418758390877,空排,40.0
4745,2026-09-15,11.679999923706054,11.730000019073486,11.799999904632568,12.651666657129924,13697.2,39.13965562936239,46.00924575972196,-0.19003838757280356,-0.21820947210967492,0.028171084536871366,40.51944675245162,40.058213000939205,12.01764268741506,11.799999904632568,11.582357121850075,-1.2711888755474103,空排,4.0
4746,2026-09-15,45.79000015258789,45.99500007629395,48.2375,51.28833344777425,442028.0,20.897213183110992,16.36721281562639,-1.700955170156135,-1.5602459424809298,-0.1407092276752051,42.68635301532693,37.709340326665966,53.71413753327244,48.2375,42.76086246672755,-4.534855170644105,空排,14.0
4747,2026-09-15,24.95999984741211,24.910000038146972,27.8375,42.865000089009605,52800.0,23.026034254134796,19.580697340140127,-5.4072996473949,-5.880811550006866,0.47351190261196585,19.537903033761594,20.86109918064784,41.6979653587061,27.8375,13.977034641293898,-11.989223170184099,交叉混雜,1.0
4749,2026-09-15,732.4,755.1,762.0,802.9166666666666,492247.6,10.712484163554324,21.933184590545693,-17.3513436464375,-11.335421562506525,-6.015922083930974,21.159482398153614,32.912814622110304,814.0283323624953,762.0,709.9716676375047,-7.480314960629922,空排,16.0
4754,2026-09-15,37.5,38.06500015258789,38.22000007629394,37.38083343505859,16728.4,14.635615198690934,18.345038433272087,-0.018364066388286915,0.18697482918808703,-0.20533889557637394,22.152488138151128,34.66385545909324,39.20054782126719,38.22000007629394,37.23945233132069,-2.7995775726821774,交叉混雜,50.0
4755,2026-09-15,112.4,114.55,115.825,121.475,156234.2,14.624462952693484,17.07464560337249,-1.8649990620731813,-1.4185219317371773,-0.446477130336004,22.80937015857164,35.390907169350996,121.24693401112997,115.825,110.40306598887004,-4.165767321390031,空排,24.0
4760,2026-09-15,261.3,264.6,260.74496841430664,269.8233228047689,327065.0,34.05816639366864,44.56372252558549,0.4896111306533726,0.71836034989112,-0.22874921923774738,40.25538253281463,47.0933541622104,274.97773728859164,260.74496841430664,246.5121995400216,-1.4362572122028954,交叉混雜,74.0
4763,2026-09-15,48.58999862670898,49.359999084472655,48.51249961853027,48.61999982198079,6054692.8,34.07424951518455,44.90042377772916,0.007256385021406686,0.04228775475242692,-0.03503136973102024,42.34362381731496,46.74134023034766,52.328101267293825,48.51249961853027,44.69689796976672,-0.8502986810673722,交叉混雜,51.0
4764,2026-09-15,214.4,220.75,222.79003982543946,261.7244051615397,467472.8,14.023635606231581,27.09351081073393,-10.062787893530384,-9.312695898734967,-0.750091994795417,29.55331413326465,38.09088678925741,251.5548713010811,222.79003982543946,194.02520834979782,-9.107247272515918,空排,96.0
4766,2026-09-15,336.6,340.8,343.325,338.3333333333333,106477.4,11.943225166847004,18.11507740192682,-0.31007200481366226,1.4137026726742552,-1.7237746774879175,24.963516240486967,39.79287526261152,355.3349739252121,343.325,331.31502607478785,-3.0073545474404684,交叉混雜,42.0
4767,2026-09-15,28.40999984741211,28.744999885559082,28.489999961853027,27.491666730244955,17000.0,29.18364104606537,38.16953286433424,0.25804752462764924,0.44220125320128906,-0.18415372857363982,32.172659667036186,44.072199163909445,30.10362635760503,28.489999961853027,26.876373566101023,-2.5974024669844056,交叉混雜,61.0
4768,2026-09-15,299.9,299.8,307.4422409057617,318.47241363525393,245848.0,30.173346106625957,31.349970073755618,-4.666464511002744,-4.019713705562754,-0.6467508054399893,37.35348264026807,43.12882335961422,331.1311291196656,307.4422409057617,283.7533526918578,-4.860178244128091,交叉混雜,69.0
4770,2026-09-15,232.8,229.65,220.7,218.53333333333333,619152.8,41.7344934642437,58.978723702918955,3.7567033687865887,3.3270157095805692,0.4296876592060195,39.9205602874165,47.261628596081486,245.18071206393688,220.7,196.2192879360631,-0.3171726325328449,多排,45.0
4771,2026-09-15,206.2,208.1,207.0,200.80833333333334,140857.2,37.03345549006159,34.60978026639634,1.9492826536863106,2.682510487521631,-0.7332278338353202,58.572910365614995,56.218903040307254,217.61776069165518,207.0,196.38223930834482,1.6908212560386473,交叉混雜,77.0
4772,2026-09-15,239.8,245.0,251.925,252.51666666666668,425339.6,20.361498324717886,17.479817112304815,-3.3182013623282103,-1.0558142344924122,-2.2623871278357983,32.56063525105745,39.50266749696529,270.9658839909736,251.925,232.8841160090264,-5.328966954450734,空排,17.0
4807,2026-09-15,29.139999771118163,28.469999694824217,28.614999866485597,34.373333326975505,194535.8,60.19798567100398,46.4556727161244,-1.089098071363427,-1.6019751431204805,0.5128770717570534,69.78206529021284,55.96213946683417,31.193473818802822,28.614999866485597,26.036525914168372,7.635853156630835,交叉混雜,90.0
4903,2026-09-15,34.960000610351564,35.90500030517578,35.95500011444092,37.48083324432373,1098421.2,19.412639378887526,24.060079585437624,-0.6446643910768373,-0.4305555366538043,-0.21410885442303296,36.69684143466047,40.832068438456616,38.40854667003973,35.95500011444092,33.50145355884211,-4.8810995575455225,空排,34.0
4904,2026-09-15,105.3,104.25,102.875,102.4283332824707,3188385.2,89.41118970618646,87.40883826001037,0.9887555298929982,0.4923499580327376,0.4964055718602606,78.1059245482592,66.55831597804031,106.44202736329916,102.875,99.30797263670084,3.523693803159174,多排,75.0
4905,2026-09-15,80.54000091552734,83.34000167846679,86.77500076293946,74.95166676839193,35217.2,9.441221864052284,15.24935964441287,0.4755868832586998,2.517624374165973,-2.042037490907273,10.684191117577825,32.12691483729603,95.81802556880974,86.77500076293946,77.73197595706917,-11.840968795851378,交叉混雜,77.0
4906,2026-09-15,35.88999938964844,36.16999969482422,35.91999988555908,36.76083326339722,2261382.4,15.396854756058907,26.725679920783005,-0.017938139520268237,0.07313008777994266,-0.0910682273002109,35.54593217267424,44.859568655551165,38.32008815268571,35.91999988555908,33.519911618432445,-2.28285471617624,交叉混雜,73.0
4907,2026-09-15,43.85,45.12000007629395,46.23000011444092,43.75333315531413,81780.6,13.37657930204145,15.549896350215217,-0.26121238440668293,0.29100985337864305,-0.552222237785326,32.00528907055123,40.15872746566505,49.51912111635354,46.23000011444092,42.9408791125283,-5.040014239225989,交叉混雜,71.0
4908,2026-09-15,235.6,227.55,202.325,172.20833333333334,7106987.4,54.92618896655895,67.92066800266093,19.376533099837047,17.970433033681584,1.4061000661554637,51.635130895693976,59.07542116216572,269.2202637769636,202.325,135.4297362230364,10.712961818855808,多排,96.0
4909,2026-09-15,34.22999954223633,35.579999923706055,37.25499992370605,39.301666514078775,254144.8,2.4492024186932575,5.026585566898161,-1.394485911152735,-0.9402273295892551,-0.45425858156347987,17.07212396672007,30.24658748585935,41.99840586882827,37.25499992370605,32.51159397858383,-10.213391943521135,空排,3.0
4911,2026-09-15,28.75999984741211,29.2,29.0375,30.648333263397216,10803.6,23.245406342401523,37.0943057134681,-0.2970803404320499,-0.29633760416861854,-0.0007427362634313539,26.30589483151762,37.377637675913185,30.103172685299985,29.0375,27.97182731470002,-2.1954382487119344,交叉混雜,8.0
4912,2026-09-15,90.7,96.25,94.95,89.47333348592123,457300.2,14.45569309419855,31.6009434483881,0.22315408983209295,1.8291943630083214,-1.6060402731762284,19.017524696393934,35.4093680634801,105.97122225634108,94.95,83.92877774365893,-7.6356008970593106,交叉混雜,63.0
4915,2026-09-15,63.29999923706055,61.789999389648436,60.87499942779541,63.8433334350586,6849561.2,80.30227262195739,75.09600236068917,0.299357380020723,-0.5085776264348488,0.8079350064555718,88.54339714923456,73.05861037203802,64.2447559742776,60.87499942779541,57.50524288131322,7.761805487867092,交叉混雜,23.0
4916,2026-09-15,94.24000091552735,95.81000061035157,98.2400001525879,102.23666648864746,940511.2,3.5894085769854973,7.926091094055816,-2.241044702468784,-1.6239463772716112,-0.6170983251971729,18.0130037917926,32.242481494626304,104.59026638777456,98.2400001525879,91.88973391740123,-6.046413977609923,空排,87.0
4919,2026-09-15,114.4,116.8,117.975,135.95,2217720.2,20.235276737950784,28.609178414534455,-4.137732821448836,-4.146717172629623,0.008984351180787442,30.003442873824284,37.41518376925309,125.31253866662428,117.975,110.63746133337571,-5.91226954863318,空排,85.0
4923,2026-09-15,53.959999084472656,53.02999992370606,53.23999996185303,52.281666374206544,568014.0,39.25897718511662,43.82239194872972,0.8292711411958607,1.0348596305472013,-0.20558848935134066,49.40546091125433,51.55039370854886,57.47091372872251,53.23999996185303,49.00908619498355,-0.26296297489152676,交叉混雜,89.0
4924,2026-09-15,12.769999885559082,12.271999931335449,11.086999988555908,11.15733331044515,575420.0,68.95113289130624,69.40574921344981,0.7286275423183763,0.4570760466507926,0.27155149566758374,75.88038855151191,72.85475350577352,13.970032671036007,11.086999988555908,8.203967306075809,21.764228501261034,交叉混雜,76.0
4927,2026-09-15,41.55999984741211,41.85999984741211,39.47749977111816,38.26749973297119,2315831.4,24.831776358644195,42.86386209141285,1.527849553659344,1.5434569128457503,-0.015607359186406322,39.462793284728484,52.01660303480693,46.98738652220306,39.47749977111816,31.967613020033266,1.4501918035884018,交叉混雜,78.0
4931,2026-09-15,237.4,241.65,252.375,235.65,3468628.0,11.343343583049487,15.586980523517601,-1.5496747796137527,3.01114696979848,-4.5608217494122325,28.442021371903735,39.85469659011187,281.7274409457485,252.375,223.02255905425147,-10.846953937592868,交叉混雜,82.0
4933,2026-09-15,51.4,52.73000030517578,53.560000038146974,57.45666656494141,77563.2,12.860986391779129,19.014416011248272,-1.285884417331303,-1.1109923093170726,-0.1748921080142305,16.05676757081143,27.445300849043505,56.408009073625486,53.560000038146974,50.71199100266846,-4.406271981939248,空排,16.0
4934,2026-09-15,13.529999732971191,13.664999771118165,13.977499866485596,15.126666657129924,302147.4,9.081995563389345,13.39308073003553,-0.3507743081965291,-0.31977386228722693,-0.031000445909302177,28.501514881170706,34.75397969172229,14.766553379667885,13.977499866485596,13.188446353303307,-5.562511641189151,空排,36.0
4935,2026-09-15,32.10999984741211,32.70999946594238,33.37999973297119,34.90833333333333,111200.8,14.090257857837443,15.48180715068446,-0.8160913624931609,-0.623651837537708,-0.1924395249554529,4.003524810571761,14.577508180572522,35.251784647401685,33.37999973297119,31.508214818540697,-7.279805241075245,空排,10.0
4938,2026-09-15,90.31999969482422,91.43999938964843,90.475,87.08999989827474,6073672.8,21.722699869672134,38.6030106957428,0.5819348234846586,1.0183671811354151,-0.4364323576507565,30.106004262868623,43.07363423527929,94.00941588187328,90.475,86.94058411812671,-2.4039756266838155,交叉混雜,77.0
4939,2026-09-15,82.81999969482422,85.55,80.82999973297119,67.21833324432373,12116045.0,19.681865714160672,39.34467194860502,4.775701560073259,6.1890228621981604,-1.4133213021249018,35.79356075543542,48.76251386486516,101.49923470760284,80.82999973297119,60.16076475833954,-3.50117498740608,交叉混雜,96.0
4942,2026-09-15,32.02000045776367,32.5,32.86750030517578,35.0116668065389,97800.0,10.833243934181265,12.65539972592568,-0.6984469703903144,-0.6320088368514512,-0.0664381335388633,5.938293239028667,16.141079999127342,34.0192840297666,32.86750030517578,31.71571658058496,-4.464898982337316,空排,21.0
4943,2026-09-15,7.331999969482422,7.318000030517578,7.803500056266785,8.418666656812032,32481.6,44.66125800400156,36.462110517673864,-0.3327436542599047,-0.3195670733767534,-0.013176580883151323,52.90151881593313,45.21408143451412,8.964774838832142,7.803500056266785,6.6422252737014285,-3.5048355800137987,交叉混雜,7.0
4946,2026-09-15,92.9999984741211,92.03999938964844,92.25500030517578,90.26166648864746,12522.4,46.3503293243232,49.42148813790442,1.4872520413300094,1.5380816180166355,-0.05082957668662602,50.4525286891285,54.54328908001589,95.28153257014876,92.25500030517578,89.22846804020281,-0.05962100347043274,交叉混雜,12.0
4949,2026-09-15,74.83999938964844,76.55,74.96499977111816,73.1316666285197,560200.0,17.784289123846936,31.103743028812403,0.7624516718354499,1.3619024209485728,-0.5994507491131229,25.839613525544962,42.276307877310295,82.43008261456085,74.96499977111816,67.49991692767547,-4.622156715397099,交叉混雜,81.0
4950,2026-09-15,15.919999885559083,15.999999904632569,15.932499885559082,16.02416664759318,24531.8,45.905697977850224,47.874588236368254,-0.011291935014060783,-0.0034367286762685837,-0.0078552063377922,41.63011563622884,45.10299656040123,16.44577083785892,15.932499885559082,15.419228933259243,-1.4592818325056383,交叉混雜,67.0
4951,2026-09-15,81.45999908447266,80.35,79.05,82.81499964396158,283822.0,49.91746906010409,59.001921993895934,0.10992186063599263,-0.42682492011862816,0.5367467807546208,48.512007960380785,50.69951294239632,82.7243771744736,79.05,75.37562282552639,1.4547715980293363,交叉混雜,61.0
4952,2026-09-15,47.35,48.81499977111817,50.1625,51.39833342234294,213807.0,6.005874145732764,11.749937830925692,-0.9398327522319718,-0.43129815544736716,-0.5085345967846047,13.248805267885956,29.445676057111328,53.94888497154393,50.1625,46.37611502845607,-7.999000197599989,空排,62.0
4953,2026-09-15,119.1,119.55,121.2,123.48333333333333,338684.8,37.03087555295818,26.911158730021437,-1.3045320749176739,-1.2841048704640805,-0.02042720445359336,58.86940483944378,48.90077188194469,125.39774375487406,121.2,117.00225624512595,-0.16501650165016735,空排,55.0
4956,2026-09-15,33.05999984741211,34.31499977111817,34.52999992370606,33.27833331425985,1307113.0,15.270298161865114,20.26247265380329,0.15896259876672758,0.6187776893406002,-0.4598150905738726,35.618689207157985,43.80057343815034,39.15628689291914,34.52999992370606,29.903712954492978,-7.18216244461357,交叉混雜,76.0
4958,2026-09-15,491.7,489.85,479.225,509.025,17969187.4,46.515950684698716,49.565614927044464,2.0099498849170345,0.8762413302529006,1.133708554664134,40.71428679297415,47.46459434386341,531.7852160934525,479.225,426.6647839065476,-0.3599561792477485,交叉混雜,95.0
4960,2026-09-15,20.210000228881835,20.589999961853028,20.90000009536743,21.99250014623006,1393353.8,11.909319327675409,20.050826068956955,-0.43109268203524564,-0.32385239578237646,-0.10724028625286919,19.38122142297911,33.73134611093592,22.27955019630355,20.90000009536743,19.520449994431313,-6.698565019039149,空排,58.0
4961,2026-09-15,175.2,172.0,168.4,166.00833333333333,1057172.0,80.28235144328906,75.47565689928688,3.0791205618183994,1.9356686610382363,1.1434519007801631,68.0612837227288,62.82329861787809,179.21714039456464,168.4,157.58285960543537,5.997624703087882,多排,75.0
4966,2026-09-15,535.6,549.7,561.65,593.8333333333334,290607.6,10.596920597881988,15.93043739342166,-15.255045941872936,-11.958140361251614,-3.2969055806213223,26.234901286613052,33.00526764772833,600.2261038658937,561.65,523.0738961341062,-6.88150983708715,空排,18.0
4967,2026-09-15,275.6,276.25,274.425,255.53333333333333,3105864.6,27.416683456146473,41.611571495749445,3.946944949147621,5.678848974486058,-1.7319040253384372,30.79407991760661,44.383774945695166,285.05898227135265,274.425,263.7910177286474,-3.0700555707388215,交叉混雜,94.0
4968,2026-09-15,88.76000061035157,89.82000045776367,90.59000015258789,98.8800001780192,228517.2,18.54367171540728,21.485036630681282,-2.060199472353773,-2.1111577182917918,0.0509582459380189,34.041033443111075,37.918520624091364,94.09031438783691,90.59000015258789,87.08968591733887,-2.8590353772219324,空排,7.0
4971,2026-09-15,564.8,594.3,583.5,490.30833333333334,1674767.0,12.291203343949336,27.077900054158388,15.95962751930358,30.14124459628538,-14.181617076981798,26.928999338384344,42.44488037237932,668.9523566858027,583.5,498.0476433141973,-10.539845758354756,交叉混雜,94.0
4972,2026-09-15,16.329999923706055,16.470000076293946,16.567500019073485,16.685833358764647,11647.0,5.006200665839956,13.77225209473575,-0.08899113088690314,-0.042134557273643694,-0.04685657361325944,10.31475755513975,25.780472665757273,16.914327848335926,16.567500019073485,16.220672189811044,-1.9164027083625177,空排,44.0
4973,2026-09-15,140.6,144.9,149.625,152.74166666666667,760084.4,8.07299047005761,14.774398763827405,-3.460138529911461,-1.565180129563029,-1.894958400348432,13.883621147264279,30.61254050351988,162.64674295068076,149.625,136.60325704931924,-9.774436090225564,空排,98.0
4974,2026-09-15,71.88000183105468,71.63000183105468,70.22000083923339,69.39500020345052,253085.6,37.01215922117456,54.32053830292688,0.6672886616698577,0.6297914062135632,0.037497255456294454,42.47186101372992,49.2460924164737,73.60143720087619,70.22000083923339,66.8385644775906,0.11393080542334717,多排,46.0
4976,2026-09-15,36.12000045776367,37.20500030517578,37.76750030517578,36.85666675567627,1164976.2,5.743131007544898,11.918933071764233,-0.31706198183577783,0.18406144953820217,-0.50112343137398,30.32725268936352,40.148978335566596,40.930322508170605,37.76750030517578,34.604678102180955,-7.5925034914315,交叉混雜,42.0
4977,2026-09-15,169.2,173.25,167.3398406982422,152.57161356608074,3231814.2,18.212927784341744,35.52490816683307,5.220024472511625,6.857793444418383,-1.637768971906758,33.32380305082373,46.38199620881135,190.19412664593762,167.3398406982422,144.48555475054678,-4.08739524891519,交叉混雜,73.0
4979,2026-09-15,553.6,578.8,582.3,491.90833333333336,5800278.2,17.409027996071227,28.0939742632755,9.813084290114375,24.32792811025031,-14.514843820135933,30.246750500850197,41.2943560467488,651.2869552886482,582.3,513.3130447113517,-12.58801305169156,交叉混雜,91.0
4989,2026-09-15,60.41999969482422,60.95999946594238,62.37999973297119,71.33362846374511,2860597.4,12.145395144594692,17.47744629594279,-2.116861285988314,-2.0593707569812985,-0.05749052900701557,28.14124114094166,36.69286504471135,67.53959953388973,62.37999973297119,57.22039993205266,-6.540558694093976,空排,75.0
4991,2026-09-15,459.7,479.7,489.75,466.28333333333336,2358458.8,14.574616488395124,27.87393625411381,-4.7459669893355,5.808776561293115,-10.554743550628615,20.093822251656206,36.440480024903735,562.7081711451235,489.75,416.79182885487654,-14.650331801939764,交叉混雜,91.0
4994,2026-09-15,82.52000122070312,82.12000045776367,83.02000007629394,87.74666633605958,10710.0,29.801131427275216,33.10367393966308,-1.4202446761497924,-1.539466541748405,0.11922186559861259,38.799691471147995,40.17452411338303,86.08944156249886,83.02000007629394,79.95055859008902,-2.0717863442007705,交叉混雜,27.0
4995,2026-09-15,50.65999984741211,50.37999992370605,49.94249992370605,47.99666659037272,26670.2,64.56208976729096,54.73742851644337,0.6436379954040987,0.5792246815535712,0.06441331385052751,77.78753919230448,67.67921068323103,51.61842136871989,49.94249992370605,48.26657847869221,3.9195106475711143,多排,79.0
5007,2026-09-15,55.97999954223633,56.119999694824216,56.170000076293945,56.15833333333333,55800.0,44.01845896394125,56.98020200679183,-0.08877967028837475,-0.01962734620911101,-0.06915232407926374,28.733518433439855,39.64046239795564,56.86312442374008,56.170000076293945,55.47687572884781,-1.0147794221090196,交叉混雜,62.0
5009,2026-09-15,32.249999618530275,32.6899995803833,33.259999942779544,33.26750001907349,1397377.6,5.4310445854570455,8.685587208782275,-0.3361788295160437,-0.16650931232841032,-0.1696695171876334,24.98299780700779,36.65833435635593,34.90751853536754,33.259999942779544,31.612481350191548,-3.938662604010257,空排,44.0
5011,2026-09-15,18.220000076293946,18.285000228881835,18.19000005722046,19.925833415985107,125067.8,22.36298636893013,32.51490782469554,-0.15090081508042985,-0.17955146354425947,0.028650648463829614,31.23468215904957,41.53951022257332,19.190841626062998,18.19000005722046,17.18915848837792,-1.8691570900560315,交叉混雜,82.0
5013,2026-09-15,29.449999618530274,28.939999771118163,28.517499732971192,26.937499904632567,56038.0,72.95473642438448,64.6065826219494,0.7380401579611338,0.6781406799664681,0.05989947799466566,62.52158921230533,61.40734041564089,30.623949439342404,28.517499732971192,26.41105002659998,5.198563271361337,多排,70.0
5014,2026-09-15,9.881999969482422,9.966000080108643,10.04800009727478,10.582666683197022,196861.6,12.121960115298451,18.608892553042377,-0.17654513532510308,-0.1726732848936033,-0.0038718504314997626,15.073753482308689,27.296840157100178,10.285140977460982,10.04800009727478,9.810859217088579,-2.8662407006848625,空排,40.0
5015,2026-09-15,21.89000015258789,21.949999809265137,21.88249988555908,21.869166723887126,4200.2,12.850740198746989,27.221861436489373,0.019197006527946314,0.038394740598188135,-0.01919773407024182,37.57631853190787,46.75011724706135,22.30461862929727,21.88249988555908,21.460381141820893,-0.37701656085911417,交叉混雜,20.0
5016,2026-09-15,24.470000076293946,24.554999923706056,24.652499961853028,24.370000076293945,8220.0,40.92317857203327,42.22439616621396,0.008775319512071889,0.0604982111927775,-0.05172289168070561,27.63654306513733,41.737609891636595,25.03703619770284,24.652499961853028,24.267963726003217,-1.2270543792774995,交叉混雜,56.0
5201,2026-09-15,29.910000228881835,28.325,27.422500133514404,26.95083344777425,209816.0,87.51286093455002,78.7452887421118,0.895148019152824,0.4315195784836852,0.46362844066913883,90.80311528273216,79.59787200768832,30.560631648867904,27.422500133514404,24.284368618160904,11.222535696971079,多排,33.0
5202,2026-09-15,12.439999771118163,12.139999961853027,12.042499923706055,12.853333266576131,700800.6,60.060635078901115,34.264751578123295,0.07992065662988068,-0.14322310300026247,0.22314375963014316,93.76269019450345,82.51841812824384,13.15523699241677,12.042499923706055,10.92976285499534,17.500516571941482,交叉混雜,24.0
5203,2026-09-15,56.439999389648435,57.35999946594238,58.1,63.431666692097984,125761.8,35.07273120414999,29.864970534891484,-1.6555867808779254,-1.736867607792672,0.08128082691474647,42.216591056809634,37.273637205853746,60.477970226807976,58.1,55.72202977319203,-2.237522827778751,空排,8.0
5206,2026-09-15,22.35,22.829999923706055,22.992201232910155,21.912717723846434,325664.2,9.88532118585763,17.450674638123147,0.03728748736956433,0.30520954649037885,-0.2679220591208145,14.555621771381553,30.819536860627835,24.27932861533261,22.992201232910155,21.7050738504877,-7.359895552007674,交叉混雜,16.0
5209,2026-09-15,170.5,162.3,160.65,159.90833333333333,340896.2,66.85637161771155,57.13849432430041,2.8159837183689262,0.827729428701804,1.9882542896671223,80.08043819790146,72.78238547293506,173.78933427777775,160.65,147.51066572222226,7.376283846872078,多排,65.0
5210,2026-09-15,28.700000381469728,28.655000114440917,28.79750003814697,29.244999980926515,271803.0,32.47851502898975,34.10811618774099,-0.0917254763616171,-0.07244966644301672,-0.01927580991860038,45.879343402075094,47.19351897283497,29.663510165372298,28.79750003814697,27.931489910921645,-1.0330759189265875,交叉混雜,74.0
5211,2026-09-15,20.479999923706053,19.879999923706055,19.594999980926513,20.094999885559083,175466.2,57.25573366624572,54.213350207293004,0.18951471154359112,0.03253111705881035,0.15698359448478078,64.58518484462292,60.303007875769055,20.745239968257522,19.594999980926513,18.444759993595504,5.128861452010545,交叉混雜,37.0
5212,2026-09-15,46.529999542236325,46.525,46.597500038146975,46.96583340962728,14624.2,47.64762642530697,44.32919794200263,-0.10188245493337433,-0.11641657373258407,0.014534118799209739,43.70034206010377,45.57647825165375,47.18102367964975,46.597500038146975,46.0139763966442,-0.5311477307221739,交叉混雜,40.0
5213,2026-09-15,20.70999984741211,20.83499984741211,21.067500019073485,21.571666717529297,199989.2,12.930892549224042,17.683142828290315,-0.23236980531616425,-0.19732773349174612,-0.035042071824418125,19.334354556048396,28.271659449008084,21.70184613203165,21.067500019073485,20.43315390611532,-3.1683892248196948,空排,21.0
5215,2026-09-15,38.10999984741211,38.55999984741211,39.08250007629395,40.181666692097984,30600.0,17.023233625287947,24.882271666318715,-0.5112158115188876,-0.3521688176964484,-0.1590469938224392,21.23625496859117,32.72982939350207,40.8303634919467,39.08250007629395,37.334636660641195,-4.688799520800043,空排,47.0
5220,2026-09-15,19.660000228881835,19.664999961853027,19.799999809265138,20.34750000635783,26420.0,51.48888564999723,49.36613471629906,-0.1749661266147129,-0.19786522164162917,0.022899095026916283,54.31928816507917,43.841606414721014,20.13403393144724,19.799999809265138,19.465965687083035,-0.25252429165045454,空排,58.0
5222,2026-09-15,102.8,103.8,104.94107093811036,113.91369031270345,133348.8,6.01077334947177,12.013764491632331,-2.8991520589880935,-2.7931969516074444,-0.10595510738064906,22.007621514335625,32.294965158029385,108.28922403845283,104.94107093811036,101.59291783776789,-3.7555085943754363,空排,14.0
5225,2026-09-15,53.380000305175784,55.750000381469725,58.04000015258789,66.74166634877523,258010.0,6.926683812936187,11.875360269268677,-3.4434972787971176,-3.163552321600254,-0.2799449571968635,13.908912947656717,20.022353455178475,64.51567076089712,58.04000015258789,51.564329544278664,-8.339075425437665,空排,2.0
5227,2026-09-15,29.85,30.010000038146973,30.580000019073488,33.35255158742269,239044.0,18.473022179656297,25.088004050605008,-1.0409145257132693,-0.9933966306988005,-0.04751789501446879,34.694182699731385,38.23033367709551,32.238597456751904,30.580000019073488,28.92140258139507,-4.839763363900096,空排,43.0
5228,2026-09-15,40.029999542236325,40.654999542236325,41.07749977111816,46.30749988555908,199927.0,19.660561465701996,27.73708009536534,-1.0026516700088877,-0.9874301856368966,-0.015221484371991112,32.86436885938066,39.789872430535716,43.519991233548346,41.07749977111816,38.63500830868798,-5.544399115690435,空排,89.0
5230,2026-09-15,18.579999923706055,18.309999847412108,18.03249979019165,18.730833307902017,298281.2,52.529788954884474,54.888200832528305,0.1291572493205031,0.04143548368489101,0.0877217656356121,49.23269735036736,52.00673704657564,18.996196099049016,18.03249979019165,17.068803481334285,1.4834296408221586,交叉混雜,50.0
5234,2026-09-15,287.7,291.6,295.65,332.45,186050.6,21.47952281588538,26.510590304758413,-10.250438117770557,-10.369262169728895,0.11882405195833812,26.62695226815144,33.03304380008379,308.46076849661273,295.65,282.8392315033872,-4.447826822256038,空排,8.0
5236,2026-09-15,132.2,134.4,135.475,146.88333333333333,68857.6,13.579080320125874,23.843486039698554,-3.1418273841016457,-2.951632631714754,-0.19019475238689187,22.637350083824572,31.77770297972762,140.62000268528135,135.475,130.32999731471864,-4.041336039859749,空排,46.0
5243,2026-09-15,88.71999969482422,90.07000045776367,90.11500091552735,91.17666714986166,679757.6,13.4689514218798,26.066609667085885,-0.42100799931876054,0.1127086025994436,-0.5337166019182041,29.78240679604606,40.13819632557839,95.14387449234498,90.11500091552735,85.08612733870972,-5.343170187928036,空排,59.0
5244,2026-09-15,34.04000015258789,34.375000381469725,34.39500007629395,33.65833307902018,106210.0,29.578369295248848,29.26987722600627,0.13940023750069486,0.29545929712703295,-0.1560590596263381,43.29688054250762,48.37135851245195,35.8742958280587,34.39500007629395,32.915704324529194,-1.293790703205145,交叉混雜,24.0
5245,2026-09-15,21.920000076293945,22.419999885559083,22.8625,24.011666584014893,49400.0,9.200147825502762,15.77888212417813,-0.5077697737845703,-0.3517646050187734,-0.15600516876579695,5.4683381795845065,17.585278539636846,24.170723208290504,22.8625,21.554276791709498,-7.927832752058847,空排,18.0
5251,2026-09-15,26.489999771118164,26.269999694824218,25.85999975204468,27.283333237965902,236280.8,56.08535334653358,42.93652264023324,0.17455372666955782,-0.13063247091304214,0.30518619758259996,89.55052942547552,77.34349965318212,27.725644811372298,25.85999975204468,23.99435469271706,12.722350727112683,交叉混雜,23.0
5258,2026-09-15,43.17999954223633,44.32999954223633,45.90749969482422,49.505833053588866,296466.0,13.943267193617864,13.326413280133306,-1.9065579238227457,-1.5798275490393363,-0.3267303747834094,17.579468988716712,25.671889011750793,49.9452528154129,45.90749969482422,41.869746574235535,-8.620593493857708,空排,8.0
5263,2026-09-15,95.21999969482422,98.3,95.78499984741211,95.77411689758301,375017.6,24.00895094937027,43.142090747426266,0.2932392845048639,1.1972348019757926,-0.9039955174709287,23.16361140631028,35.99875518207671,107.4268984583607,95.78499984741211,84.14310123646352,-6.6659689217567095,交叉混雜,40.0
5269,2026-09-15,1361.0,1397.5,1417.75,1430.0,327702.6,24.925677638605652,24.709418461866285,-15.339142293660188,-5.838054847110326,-9.501087446549862,42.72758962819286,43.921592762543334,1500.242423894567,1417.75,1335.257576105433,-3.368012696173514,空排,62.0
5272,2026-09-15,16.85,16.86000003814697,17.00250005722046,18.431666723887126,45600.6,27.722169074717034,32.326332117156085,-0.33785700581501743,-0.3707122062232444,0.03285520040822698,23.124924062461204,31.00358965713339,17.446732186147166,17.00250005722046,16.558267928293752,-2.95544805487039,空排,12.0
5274,2026-09-15,18138.0,18217.0,16971.25,15694.787858072918,231151.0,42.36508700340598,59.45009578004324,662.6949559563072,652.003491151906,10.691464804401221,43.69028573988359,52.82792137998737,19795.54101489947,16971.25,14146.95898510053,3.2334094424394193,交叉混雜,96.0
5276,2026-09-15,17.60999984741211,17.729999923706053,18.35,18.789166577657063,218.4,33.75706185019377,22.141389507431132,-0.37458920743384283,-0.3262392155074016,-0.04834999192644124,51.38416213959834,44.529068555015876,19.946707205798177,18.35,16.753292794201826,-2.4523181551483813,空排,73.0
5278,2026-09-15,23.729999923706053,23.964999961853028,24.204999923706055,24.304999987284344,36040.8,13.502739893672373,19.069631375241148,-0.19869509464931667,-0.0878893941915821,-0.11080570045773458,14.582049130956989,27.59662555899257,24.94120644047654,24.204999923706055,23.468793406935568,-3.7388997707005247,空排,23.0
5283,2026-09-15,53.67999954223633,53.68999977111817,54.82362098693848,54.26787357330322,42666.8,43.003630076433375,50.41482874467984,-0.43570276362118676,-0.2518110199033663,-0.18389174371782047,36.866722083837686,41.87907682183322,60.01542616267633,54.82362098693848,49.63181581120063,-3.508742083121194,交叉混雜,41.0
5284,2026-09-15,301.3,314.25,318.6622787475586,316.0540929158529,186999.6,7.200448357601163,16.03751727073967,-3.117173402183539,1.1321944228778427,-4.249367825061382,26.68229423623724,38.45432186501735,348.7071775858431,318.6622787475586,288.6173799092741,-8.994562789235752,交叉混雜,34.0
5285,2026-09-15,84.24000091552735,85.80000076293945,82.93500022888183,84.90333379109701,1318201.4,47.73364367102473,53.43364737664119,1.232963263999494,1.1506563649250297,0.08230689907446442,46.1746988113503,50.428571003903784,90.68267293473549,82.93500022888183,75.18732752302817,0.5606816129665096,交叉混雜,88.0
5287,2026-09-15,134.9,135.3,140.66421508789062,146.1297383626302,44272.8,24.901440936446072,24.337982916893438,-3.7455784830811183,-3.4239857000804026,-0.3215927830007157,17.00656880778095,24.275548541077285,157.32065558301167,140.66421508789062,124.00777459276958,-4.382219801986642,空排,21.0
5288,2026-09-15,182.2,185.55,187.325,187.64166666666668,102823.6,26.378281401290508,27.249549666809763,-1.750492829028957,-0.8927800765809342,-0.8577127524480228,40.36278540634068,42.682078055839035,194.11721690806834,187.325,180.53278309193163,-2.30882156679567,空排,80.0
5289,2026-09-15,1301.0,1340.5,1419.0349670410155,1452.9283223470052,1183416.4,18.096247867487286,18.26546345624037,-47.97661117136386,-30.429654726358365,-17.546956445005492,22.34159207442535,34.00282901155802,1603.996867747982,1419.0349670410155,1234.0730663340491,-10.150205624697081,空排,96.0
5291,2026-09-15,59.14000015258789,63.64999961853027,62.9,57.03916683197021,744426.4,10.744207843804016,25.6976540152536,0.7570298168554643,2.2223041108917982,-1.465274294036334,21.568496436192063,38.426243263232216,74.27254281151548,62.9,51.52745718848452,-9.85691452632837,交叉混雜,90.0
5292,2026-09-15,217.0,219.65,218.925,193.40151494344076,99319.0,12.5973829512023,25.518740501144297,6.432808778182675,9.066764311919796,-2.6339555337371205,32.44973453214628,47.27569858779693,234.01516759001197,218.925,203.83483240998805,-4.533516044307416,交叉混雜,82.0
5299,2026-09-15,92.68000030517578,94.16000061035156,96.5400001525879,104.35500017801921,115470.6,15.45543728707181,15.11063488721108,-2.43402286646851,-2.1307613836554746,-0.30326148281303533,35.90161839947484,38.40990556122458,102.49223111378109,96.5400001525879,90.5877691913947,-4.391958871067416,空排,73.0
5301,2026-09-15,5.215999984741211,5.307000017166137,5.469000029563904,5.732833377520243,26667.0,13.258419545452927,20.589115053743093,-0.14218450963181173,-0.09728619582868338,-0.04489831380312835,24.39491313001504,33.71460966196345,6.016449622874253,5.469000029563904,4.921550436253554,-8.575608466421997,空排,2.0
5302,2026-09-15,9.736000061035156,9.993000030517578,10.179000043869019,11.171833372116089,433293.8,11.2422605251313,15.737380367778995,-0.2870806457150401,-0.24089464295532523,-0.04618600275971488,14.85863193297888,29.468675308448653,10.751745944909864,10.179000043869019,9.606254142828174,-5.688178209096614,空排,29.0
5306,2026-09-15,90.73999938964843,91.97999877929688,93.45999870300292,91.46333287556966,136811.2,30.886890776643206,30.64968755232382,-0.7627388631822214,-0.04686258473434242,-0.7158762784478789,31.078948514739565,37.28728050089751,97.86162397201521,93.45999870300292,89.05837343399064,-4.237105454695119,交叉混雜,61.0
5309,2026-09-15,49.85999984741211,50.660000228881835,51.9100004196167,55.33416665395101,716212.2,17.136144942656692,16.814108527336426,-1.291055444158829,-1.066488006838727,-0.22456743732010187,25.464138041288052,34.47775751342047,55.14250018737524,51.9100004196167,48.67750065185816,-5.124254282632391,空排,14.0
5310,2026-09-15,24.629999923706055,24.324999809265137,24.63499984741211,24.631666564941405,7361.2,80.137213566925,59.79532849059116,-0.06593144458312494,-0.12677802941503508,0.06084658483191013,68.0885659138469,56.53900156531816,25.864933755037054,24.63499984741211,23.405065939787168,1.4816324532116132,交叉混雜,28.0
5312,2026-09-15,90.12000122070313,90.95000076293945,91.41499977111816,90.46166674296062,13106.0,18.836904357046823,32.03410006569401,-0.17077255881747533,0.10856468108597525,-0.2793372399034506,18.86073785629688,37.81967142985491,93.25865068091427,91.41499977111816,89.57134886132205,-1.87606282029201,交叉混雜,34.0
5314,2026-09-15,40.73000030517578,37.47500038146973,34.20000019073486,48.94076846440633,24886639.0,50.28495951483181,60.580929768812126,-1.1355266063779865,-2.518331230024452,1.3828046236464653,40.45517215645765,44.90623684465171,46.68025831708701,34.20000019073486,21.719742064382714,1.6731128306246373e-06,交叉混雜,1.0
5315,2026-09-15,18.120000076293945,18.404999923706054,18.812499904632567,19.69166660308838,228437.8,5.237564339838544,8.707237165900594,-0.366137621783178,-0.29696878995763415,-0.06916883182554384,13.056231591290867,23.704082096358675,19.7814248752776,18.812499904632567,17.843574933987533,-4.318936392034157,空排,11.0
5321,2026-09-15,74.94000091552735,76.34000091552734,77.73500022888183,64.62166678110758,898447.0,18.60971458932581,32.40628378102187,2.4119437393509173,4.4419935301771805,-2.030049790826263,27.480130864921065,39.76545575338401,88.22675510809626,77.73500022888183,67.2432453496674,-14.581589592369351,交叉混雜,95.0
5324,2026-09-15,12.270000076293945,12.270000076293945,12.280000114440918,12.17333337465922,186314.6,84.72251761941601,87.32591602701038,0.0189527717244502,0.03002133979887177,-0.011068568074421567,45.66580160541698,49.471959332655686,12.348056078791982,12.280000114440918,12.211944150089854,-0.24430060391969435,交叉混雜,73.0
5328,2026-09-15,55.779999542236325,58.01999969482422,60.16499977111816,64.55666643778483,3686056.0,6.613131369687461,11.924814861510704,-2.259247347641491,-1.3114456015857843,-0.9478017460557067,10.585382289064626,25.945289316657792,66.43515463409285,60.16499977111816,53.89484490814347,-14.402060673284902,空排,96.0
5340,2026-09-15,84.5000015258789,82.65999984741211,81.38000030517578,78.78666687011719,5823294.0,57.02336139223102,59.52786644102156,1.932666440769509,1.833843296499413,0.0988231442700962,43.73998915293099,51.895958833422014,87.75283863353194,81.38000030517578,75.00716197681963,0.5161006942823962,多排,72.0
5345,2026-09-15,21.36999969482422,21.60499973297119,21.84499979019165,23.288333257039387,17840.0,42.01876753738492,46.14694416310869,-0.3942229876755974,-0.35623576713792493,-0.03798722053767245,42.55134446572721,44.5324936903314,23.205688399193093,21.84499979019165,20.484311181190208,-3.8681611275228907,空排,19.0
5347,2026-09-15,157.7,154.3,153.1,164.78333333333333,11677558.0,59.83622599120899,61.46615343893811,-0.2622698091820155,-1.2579602871630728,0.9956904779810574,44.535302507971195,47.588782695396745,160.21262776223588,153.1,145.9873722377641,-0.06531678641410472,交叉混雜,85.0
5348,2026-09-15,16.210000038146973,16.444999980926514,16.47749991416931,16.604166746139526,3422.0,34.99669145750386,49.08705183084701,-0.1254037935578225,-0.04562367186782644,-0.07978012168999606,37.5431725999675,41.08956516051241,17.11614563804215,16.47749991416931,15.838854190296473,-2.897890557770234,空排,44.0
5351,2026-09-15,110.1,112.55,115.675,101.86000022888183,7734058.4,17.325499919300704,29.433579059426034,0.3292044649912924,2.8289071522554914,-2.499702687264199,23.12358553278459,38.204102592476765,126.74546806408381,115.675,104.60453193591619,-11.389669332180677,交叉混雜,95.0
5353,2026-09-15,27.67000045776367,27.82000026702881,27.92500009536743,28.70416669845581,35161.2,23.810061391381524,26.65233894133355,-0.1874174905541004,-0.17247001869562312,-0.01494747185847728,17.651756087100708,34.242297455793945,28.255071474686282,27.92500009536743,27.594928716048578,-1.163830663519385,空排,64.0
5355,2026-09-15,6.013999938964844,5.976999950408936,5.932499980926513,5.940499997138977,133940.8,83.06581265961265,77.81595461622403,0.05753785145070811,0.014256038217675553,0.043281813233032554,80.16772808424624,67.98796414866561,6.278476769282734,5.932499980926513,5.586523192570293,10.240201987015213,交叉混雜,38.0
5356,2026-09-15,25.960000228881835,25.994999885559082,26.00250005722046,25.793333339691163,25939.0,23.36953667330801,32.215779881071114,0.08938291334609971,0.13022733294677777,-0.040844419600678056,39.37140136370425,48.667768613188244,26.26702528223052,26.00250005722046,25.737974832210398,-0.5864808207485641,交叉混雜,58.0
5364,2026-09-15,8.352000045776368,8.373000049591065,8.440000057220459,8.618166716893514,32339.4,30.010383683389637,24.917509154836775,-0.08499524502556,-0.07945246951217443,-0.00554277551338557,35.46606598961556,35.569523602794504,8.60312751634229,8.440000057220459,8.276872598098628,-1.303319108633165,空排,6.0
5381,2026-09-15,23.15,23.98499984741211,24.65000009536743,25.22416664759318,386289.6,5.805942717390554,11.38457499131401,-0.46092369877709416,-0.15073550433231522,-0.31018819444477896,15.956868530183783,31.354755902717287,27.27858799741901,24.65000009536743,22.021412193315854,-8.113592166731982,空排,14.0
5386,2026-09-15,298.7,280.7,263.35,264.9166666666667,3467248.0,56.843656412315816,64.76142318416954,10.525562955200542,6.018071055954255,4.507491899246286,48.228338387580244,53.096955733562076,317.58642202140703,263.35,209.113577978593,6.132523258021635,交叉混雜,98.0
5388,2026-09-15,71.75999908447265,73.5099998474121,75.50499954223633,81.43333307902019,2073527.0,17.013286657159547,13.988264793480164,-2.8969505915147806,-2.645206546560999,-0.25174404495378155,31.939485830121058,30.631301966008337,80.52515931370094,75.50499954223633,70.48483977077173,-4.642076105537477,空排,20.0
5392,2026-09-15,40.30999984741211,41.570000076293944,43.77764682769775,44.08254877726237,573286.0,2.3674805670068806,5.027746452744397,-1.2464107592452862,-0.5818565732082135,-0.6645541860370727,14.161890724181859,28.83625408448711,49.061153400609335,43.77764682769775,38.49414025478617,-10.456583202782063,空排,35.0
5398,2026-09-15,14.219999885559082,14.249999904632569,14.29249997138977,14.844999933242798,64424.6,31.430761017852788,26.386953037037337,-0.09394941917946298,-0.12375896981508852,0.029809550635625542,48.80372186825715,47.06445012421517,14.617388477549303,14.29249997138977,13.967611465230236,-0.29735855501028347,空排,4.0
5403,2026-09-15,92.91999969482421,93.13000030517578,93.025,93.27833353678385,34437.0,33.54696382258255,38.44396879130156,0.03983100988676824,0.04542054778024627,-0.005589537893478026,51.54117424495367,51.03519667802098,94.05686173545764,93.025,91.99313826454237,0.08062184802051928,交叉混雜,28.0
5410,2026-09-15,33.8,34.82499961853027,35.537499809265135,37.76499989827474,494490.0,18.577356695750645,20.83109366941659,-0.848848118188755,-0.5620028012610147,-0.2868453169277404,23.80151736530368,30.59456528406116,38.075811849645866,35.537499809265135,32.999187768884404,-7.703132147441849,空排,42.0
5425,2026-09-15,88.98000030517578,90.35,91.29500007629395,97.51833356221518,8477160.2,29.573572800070252,24.73801988289351,-0.4929728400202862,-0.2149103523405514,-0.2780624876797348,46.06207734286988,47.608046875571134,97.63799496978672,91.29500007629395,84.95200518280117,-2.075687111924438,空排,84.0
5426,2026-09-15,27.720000076293946,28.13499984741211,28.29000005722046,28.345833396911623,374454.2,8.793854338340717,16.404683976499925,-0.01964454770148194,0.1854969794856523,-0.20514152718713424,31.88688451702022,42.603200585964224,30.23140464800484,28.29000005722046,26.34859546643608,-4.029694013377086,空排,70.0
5432,2026-09-15,149.8,153.25,151.45,138.25500005086263,102824.4,17.95738531889751,35.85497430676546,4.302630423697593,6.226088712292552,-1.9234582885949587,30.732494225545892,45.37883645070643,163.4539467194031,151.45,139.44605328059689,-5.579399141630894,交叉混雜,65.0
5434,2026-09-15,533.0,533.8,530.1,528.0166666666667,469905.6,57.58390810528735,57.34871085400904,3.234382719124028,3.1092276981250855,0.1251550209989425,56.08448105460612,53.7186633386774,546.2166798200515,530.1,513.9833201799486,1.3016411997736232,交叉混雜,91.0
5438,2026-09-15,16.54000015258789,16.635000038146973,16.739999961853027,17.559166638056436,31709.4,29.214933773055193,31.389204596356947,-0.21023048949998824,-0.20692007200225354,-0.0033104174977346967,25.574525132403338,35.88914940446257,17.078106125996804,16.739999961853027,16.40189379770925,-2.329746602580812,空排,12.0
5439,2026-09-15,251.2,256.8,254.175,265.01666666666665,1278810.8,15.257316852082193,28.447716039612473,-0.8613401910704113,0.8113132433968484,-1.6726534344672597,23.782096256859163,37.514891384607,278.4763428262273,254.175,229.8736571737727,-6.5604406412904535,交叉混雜,10.0
5443,2026-09-15,105.9,109.85,108.225,104.68499997456868,1496962.8,11.719596419466312,26.125501545845374,0.7449016460382012,2.033153516328912,-1.2882518702907109,29.173598785445947,41.51941648907351,118.29567133077973,108.225,98.15432866922026,-5.751905751905747,交叉混雜,69.0
5450,2026-09-15,14.5,14.580000019073486,14.7625,15.025833384195964,60930.8,25.923888683060557,25.637967558776573,-0.1437154818250086,-0.10521264709815936,-0.03850283472684923,32.03427957822814,40.29842632044312,15.282494919941783,14.7625,14.242505080058216,-2.7942395836089604,空排,68.0
5452,2026-09-15,26.120000076293945,26.535000038146972,26.997500038146974,28.177500184377035,311203.4,7.782282186890416,15.999002249502098,-0.3992833645410876,-0.2460596408175939,-0.1532237237234937,21.211163123980583,33.581865317442734,28.527712913471078,26.997500038146974,25.46728716282287,-5.732009530589621,空排,29.0
5457,2026-09-15,25.629999923706055,26.535000228881835,26.965000247955324,29.45583330790202,500604.8,6.765742059344705,14.369182630188163,-0.8699524082575962,-0.648399981399383,-0.2215524268582132,7.067554892404985,19.33166398817785,29.014416502061753,26.965000247955324,24.915583993848895,-9.512333045943683,空排,3.0
5460,2026-09-15,16.92000045776367,16.620000171661378,16.390000104904175,16.400833288828533,98284.4,47.8498158996929,49.117262947129575,0.19736376701290226,0.13043086220947414,0.06693290480342812,52.33038141231691,54.55517280724937,17.288302819336742,16.390000104904175,15.491697390471609,1.8914011961630233,交叉混雜,72.0
5464,2026-09-15,87.15999908447266,79.53000030517578,75.04999961853028,79.53333333333333,1772977.0,81.57596638523324,76.87574624470668,3.7699086648383116,1.661847301538214,2.1080613633000977,64.70308589595592,63.53709774065829,90.28700402112938,75.04999961853028,59.812995215931174,13.524313632648994,交叉混雜,97.0
5465,2026-09-15,24.24000015258789,24.329999923706055,24.29500017166138,23.626666736602782,63000.0,26.72635703649366,32.4420966261712,0.22354999241789386,0.28598588553463544,-0.06243589311674158,46.122018840324145,53.37840783114432,24.661921691150496,24.29500017166138,23.92807865217226,-0.39102452377315156,交叉混雜,22.0
5468,2026-09-15,26.020000076293947,25.280000114440917,25.747500038146974,27.07333323160807,414075.0,31.180853777368355,40.47529158187275,-0.37874611192623675,-0.33454137359886016,-0.04420473832737659,36.64192761146729,41.551487830659106,28.338064821931805,25.747500038146974,23.156935254362143,-6.0102894374785025,交叉混雜,78.0
5469,2026-09-15,72.04000091552734,72.0099998474121,72.22499961853028,74.9449997584025,772809.2,26.34730042760537,28.77281131790405,-0.417211542707264,-0.4223572417575904,0.005145699050326358,41.57173289222088,45.30189547783258,74.53368060960089,72.22499961853028,69.91631862745966,-1.0038070229968794,交叉混雜,17.0
5471,2026-09-15,51.939999389648435,55.76999969482422,57.364999771118164,57.826666577657065,996998.0,7.064708871026248,19.33410864654477,-1.4011349646590219,-0.18877487757725692,-1.212360087081765,12.660729720824861,27.70846560846256,65.21042128147005,57.364999771118164,49.51957826076628,-13.013158328290794,空排,75.0
5474,2026-09-15,150.9,150.45,152.025,153.63333333333333,162257.0,48.11479296480173,45.08409139849085,-0.6687885317675466,-0.5958988427727743,-0.07288968899477233,47.33254127422274,47.724067378169934,158.20199467038262,152.025,145.8480053296174,-1.003124486104263,交叉混雜,31.0
5475,2026-09-15,179.7,184.5,184.7,176.275,5170067.8,15.291327681568351,29.29311540837879,3.197533942841943,5.854706888437134,-2.6571729455951907,30.11816035816885,43.78531082683537,208.67235249637295,184.7,160.72764750362703,-7.9588521927449865,交叉混雜,94.0
5478,2026-09-15,96.94000091552735,97.44000091552735,98.0450008392334,99.71666730244955,39456.0,7.677995083570057,7.8803688268965395,-0.6957758976833901,-0.5807136014083923,-0.11506229627499776,6.133786398729924,23.6090888670511,99.58256530793292,98.0450008392334,96.50743637053387,-1.473815444687185,空排,42.0
5481,2026-09-15,21.04000015258789,20.64500026702881,20.710000038146973,20.589999961853028,109936.8,77.26098530849318,62.98660726000334,0.18140573171638508,0.10697694863146218,0.0744287830849229,72.25861795156212,61.801878123786686,21.802365695353856,20.710000038146973,19.61763438094009,2.3660102553834825,交叉混雜,40.0
5483,2026-09-15,177.7,179.05,180.05,191.10833333333332,7216891.4,38.32190699749202,42.644476782954555,-2.1538269275848165,-2.0469389821358317,-0.10688794544898483,38.16470831997094,44.30145078808623,186.57041329009428,180.05,173.52958670990574,-2.2493751735629055,空排,88.0
5484,2026-09-15,39.99000015258789,40.14500007629395,40.2125,42.31749998728434,357050.6,19.795050682966195,30.119897673179317,-0.4479758548524373,-0.45045956886796457,0.002483714015527272,37.51569404364631,42.61020640175165,42.12034395314576,40.2125,38.304656046854234,-3.0152315822194558,空排,35.0
5487,2026-09-15,29.3,29.190000152587892,29.29500017166138,28.804166762034097,38292.6,61.750359302576264,51.9618066514046,0.09706266054291746,0.08341646771674807,0.013646192826169384,58.02427878802031,54.31766696065946,30.51841252280159,29.29500017166138,28.071587820521167,1.041134009288695,交叉混雜,63.0
5488,2026-09-15,11.7,11.84000005722046,12.025000047683715,13.348333374659221,259679.6,25.782021558166644,30.193336559939926,-0.3740436044631039,-0.3857382602869847,0.011694655823880795,27.64540067572902,33.792082729649664,12.54965521008915,12.025000047683715,11.500344885278281,-3.5343007445214356,空排,71.0
5489,2026-09-15,40.45,40.85,41.10249977111816,47.28000005086263,27832.0,23.477452365889352,28.519303473953592,-0.9587756326272086,-1.012456730456705,0.05368109782949637,20.952981773603582,33.178052622040354,42.28191681093458,41.10249977111816,39.92308273130174,-4.142079568687362,空排,52.0
5490,2026-09-15,25.429999923706056,25.98500003814697,27.39749994277954,29.69333340326945,309088.8,2.4549205527122844,3.0392067060341774,-1.3930397733123883,-1.215031238281377,-0.17800853503101122,6.679386981333792,22.09950940305248,30.67749896154779,27.39749994277954,24.11750092401129,-8.750798239937172,空排,32.0
5493,2026-09-15,83.9,84.11999969482422,83.00500030517578,83.08666699727377,70246.0,18.534182787401352,29.857737866649607,0.7535530557821914,0.8617327144280125,-0.10817965864582102,46.304050902418744,51.12603454146593,89.501145157038,83.00500030517578,76.50885545331357,0.3554035847207068,交叉混雜,45.0
5498,2026-09-15,51.189999389648435,52.624999618530275,52.917499732971194,52.81166655222575,894406.6,6.848362662047141,15.480449617043018,-0.21186188340362833,0.3809778140140658,-0.5928396974176942,23.48482285194217,38.85683239523501,57.9674891986721,52.917499732971194,47.86751026727029,-7.308547296124296,交叉混雜,84.0
5508,2026-09-15,52.75999984741211,53.44000015258789,53.22500019073486,53.65166664123535,171729.6,15.237315177515145,28.620650955712513,-0.09088824130242301,0.07856439562123277,-0.16945263692365578,30.803737685423926,40.730414870759915,54.82746501341748,53.22500019073486,51.62253536805224,-2.4894291406439546,交叉混雜,17.0
5511,2026-09-15,69.64000091552734,69.75000076293945,70.74500007629395,69.60025100708008,99953.6,16.135238960981887,20.594614486973338,-0.2897771087474297,-0.037722962515417735,-0.25205414623201194,32.61948689450682,40.11285027547736,73.19747355286141,70.74500007629395,68.29252659972649,-2.32525493024076,交叉混雜,79.0
5512,2026-09-15,7.723999977111816,7.73799991607666,7.754999947547913,7.8338333447774255,446799.6,25.611890162618266,30.890117005515084,-0.01921323542650466,-0.014521978222694817,-0.004691257203809843,28.642516008889444,39.59324998047984,7.837971144241061,7.754999947547913,7.672028750854764,-1.0960654007592088,空排,47.0
5514,2026-09-15,15.129999923706055,15.064999961853028,14.842500066757202,14.134166701634724,71827.6,91.1176116288689,93.34319803786808,0.27604125947011404,0.26966740966687397,0.0063738498032400726,65.27626941796913,69.44157569586484,15.332693131771427,14.842500066757202,14.352307001742977,2.071750381607068,多排,56.0
5515,2026-09-15,50.02000045776367,51.21000022888184,52.285000228881835,46.09416700998942,403717.6,15.180348450613973,24.57789627181804,0.567079005374211,1.406363611571011,-0.8392846061968,16.892551197214246,37.56302519440299,55.7277808814595,52.285000228881835,48.84221957630417,-7.430426864293834,交叉混雜,89.0
5516,2026-09-15,11.920000076293945,11.935000038146972,11.9,11.363333384195963,15400.0,40.07318986204031,47.76513259904246,0.06989695681072838,0.1134957465122208,-0.04359878970149242,48.86382075545604,50.78605535229749,12.1973568982045,11.9,11.6026431017955,-3.2056279572921962e-06,交叉混雜,53.0
5519,2026-09-15,25.85999984741211,26.494999885559082,27.17500009536743,28.742579301198322,322647.6,7.3974934380506685,8.209116416619418,-0.7036217443595554,-0.5111240491207949,-0.19249769523876048,3.9657675821803764,11.669581616699205,28.973684178468545,27.17500009536743,25.376316012266315,-7.267706809556401,空排,17.0
5520,2026-09-15,82.02000122070312,82.36000213623046,82.7750015258789,82.62000058492025,4800.0,8.886465650625272,6.8607942817150915,-0.22307297893456735,-0.06852465807728718,-0.15454832085728015,12.407783813059964,30.680651248362196,83.91909311728173,82.7750015258789,81.63090993447608,-1.1778900104475005,交叉混雜,44.0
5521,2026-09-15,10.5,10.530000114440918,10.650000047683715,10.408666674296061,1189582.0,31.760120493609406,36.85676635804083,-0.008334381414897507,0.040548964348339406,-0.04888334576323691,28.012775226957984,40.85912896934049,11.014186163218213,10.650000047683715,10.285813932149217,-2.8168982616975287,交叉混雜,18.0
5522,2026-09-15,62.119999694824216,62.849999618530276,63.0649995803833,64.53499959309896,572645.4,26.313119373069426,41.659445641906636,-0.7249212721575802,-0.5910380433196949,-0.13388322883788528,20.18282363669141,31.874859077030763,65.05049900401205,63.0649995803833,61.079500156754555,-3.7500972539124424,空排,34.0
5525,2026-09-15,21.97000045776367,22.045000267028808,22.092500114440917,22.173333326975506,66825.6,27.890351728689026,40.97750199912806,-0.08596972332181352,-0.06112596450759093,-0.024843758814222586,22.782052039777057,37.010103792886056,22.495481818966926,22.092500114440917,21.689518409914907,-1.7766180806530967,空排,26.0
5529,2026-09-15,24.35999984741211,24.214999771118165,22.95,21.9200000445048,216554.2,58.552246469669726,64.65898436849062,0.8078903445284347,0.6841824639390037,0.12370788058943094,67.64442655484416,68.24929834996406,25.85063489413082,22.95,20.049365105869178,7.625275655509603,多排,67.0
5530,2026-09-15,49.45,49.61000022888184,50.035000038146975,48.977499898274736,147022.8,42.529221365640865,30.464373109983704,0.0779736542913767,0.20256238836672794,-0.12458873407535123,56.26946152145252,52.756407388522085,51.144337784090645,50.035000038146975,48.925662292203306,-0.3697443067549425,交叉混雜,59.0
5531,2026-09-15,7.141999912261963,7.219999885559082,7.301999950408936,7.628499968846639,321600.2,10.065909111035241,15.729189596058614,-0.1278280129895677,-0.11531597181837423,-0.012512041171193464,21.795510634966945,30.341296020235006,7.580839652067622,7.301999950408936,7.02316024875025,-3.7250033202938244,空排,15.0
5533,2026-09-15,13.879999923706055,13.899999809265136,13.922499847412109,13.977499961853027,148000.0,60.37239933093673,64.89098378593064,-0.03226932051735609,-0.02507524860701606,-0.007194071910340032,40.318185809155096,43.05629715566802,14.022368024969554,13.922499847412109,13.822631669854664,-0.5207359794358927,空排,49.0
5534,2026-09-15,74.2,75.2,76.36000022888183,78.16500027974446,716377.6,14.987414254582921,22.338465230433165,-1.20293747236758,-0.9180325057103341,-0.28490496665724596,17.35008436911805,28.5490238133941,80.76927246514731,76.36000022888183,71.95072799261635,-4.269253201924033,空排,38.0
5536,2026-09-15,849.6,846.6,856.8,1044.7833333333333,437412.8,39.16109202153206,43.395829489389314,-36.12328685230409,-43.99544270520646,7.872155852902367,40.58714143545804,39.67750350713694,893.1178946758291,856.8,820.4821053241708,-2.310924369747894,交叉混雜,49.0
5538,2026-09-15,35.9,36.400000381469724,36.82749996185303,34.840833282470705,42202.0,8.56387777965863,13.88016472578882,0.1591203906955556,0.47326220216730663,-0.314141811471751,16.648721558683505,36.85175389794832,38.18686307024887,36.82749996185303,35.46813685345719,-4.690792178457213,交叉混雜,77.0
5543,2026-09-15,27.789999771118165,27.974999809265135,27.25999984741211,27.569166723887125,11648.0,29.469736992605668,35.596946271825786,0.3076749623256454,0.3111327750387629,-0.003457812713117514,44.967885596083086,49.92850673719867,31.378712177907435,27.25999984741211,23.141287516916787,0.6969952919694524,交叉混雜,66.0
5546,2026-09-15,14.579999923706055,14.675,14.459999990463256,15.065833314259846,25200.0,33.09448797080421,38.54880303047803,0.02216922264299903,-0.01472993854649034,0.03689916118948937,45.710684010016735,49.19254652253053,15.341147333331582,14.459999990463256,13.57885264759493,0.27662523902576014,交叉混雜,8.0
5548,2026-09-15,20.35,20.414999961853027,20.497500038146974,20.944569873809815,5211.6,45.45638099109031,43.33794056904784,-0.10853319715092269,-0.10481319843640931,-0.003719998714513381,36.37616330384398,40.979317384648695,20.788550809001936,20.497500038146974,20.20644926729201,-0.9635360444877051,空排,43.0
5603,2026-09-15,13.680000114440919,13.820000076293946,14.18250002861023,14.35666667620341,96003.6,12.122959159618606,10.26681427928461,-0.21475881578487588,-0.14972474670251618,-0.0650340690823597,19.611808185894276,30.654689034030426,15.180009816991266,14.18250002861023,13.184990240229194,-4.459720335620873,空排,12.0
5604,2026-09-15,31.2,31.204999923706055,30.9625,30.716666507720948,7244.6,30.865565156981425,45.906532550902526,0.14815327012234647,0.1592553426555606,-0.01110207253321413,37.33997598873748,46.69178234616545,31.5989992078893,30.9625,30.326000792110698,-0.3633415212927639,交叉混雜,33.0
5607,2026-09-15,53.13999938964844,54.53999977111816,54.069999885559085,51.50416660308838,936015.6,21.607448191583174,33.72273510341245,0.4226175589590966,0.8228911909982795,-0.40027363203918287,40.498443509852216,46.68717292543098,57.72979613331973,54.069999885559085,50.41020363779844,-2.9036432196819693,交叉混雜,67.0
5608,2026-09-15,16.769999694824218,16.954999923706055,17.1625,15.069166707992554,3647712.2,18.927519057852454,28.498155569918325,0.417474666237176,0.6096493012347441,-0.19217463499756815,31.223254133097328,47.47910538884426,18.345660414149798,17.1625,15.979339585850205,-5.025496069567105,交叉混雜,53.0
5609,2026-09-15,78.64000091552734,78.43000106811523,78.39000053405762,78.29166679382324,130901.0,54.57902088108805,56.16906547479653,0.05022641144277884,-0.013092805035028621,0.06331921647780746,46.50670419751021,49.645053046253075,79.52490089280617,78.39000053405762,77.25510017530907,0.01275799432727539,多排,60.0
5701,2026-09-15,4.186000061035156,4.217999982833862,4.217499995231629,4.475666658083598,70608.8,40.694603278136974,45.18585119316479,-0.044121478566106376,-0.04835877253239374,0.004237293966287366,52.63210186980762,49.34633283052564,4.420931008150692,4.217499995231629,4.0140689823125655,0.2963846794544227,交叉混雜,32.0
5704,2026-09-15,22.849999618530273,23.059999847412108,23.20999984741211,22.12416664759318,19400.0,16.132123304821153,26.528524865744476,0.16886815194495952,0.3052661411218759,-0.13639798917691637,22.521195343958766,42.46824082230386,23.932277118458458,23.20999984741211,22.487722576365762,-2.4127541256501823,交叉混雜,50.0
5706,2026-09-15,44.119999694824216,44.475,44.875000190734866,45.883333396911624,88867.4,15.25087038761999,22.05917834058592,-0.4320786804194441,-0.35575726272402036,-0.07632141769542372,17.463239237759993,29.07887696115135,45.94048797102918,44.875000190734866,43.809512410440554,-2.506964202681251,空排,20.0
5864,2026-09-15,35.25999984741211,36.01500015258789,35.27750015258789,35.34736490249634,2776917.8,24.685754342413528,43.00612069698127,0.4424538282482189,0.6115893835033572,-0.16913555525513835,31.542109879435216,44.07448787085662,37.954787537842726,35.27750015258789,32.600212767333055,-3.3378263011088602,交叉混雜,92.0
5871,2026-09-15,112.2,112.45,113.35,114.6,5079387.6,28.63570454477599,31.34124743669617,-0.44081348221149597,-0.35202816992466446,-0.08878531228683151,42.979112141569956,45.83238247787697,117.41655162334011,113.35,109.28344837665988,-1.6321129245699113,空排,63.0
5876,2026-09-15,48.75000076293945,47.70500030517578,45.62000045776367,44.29666690826416,6971901.0,94.87272063682153,92.20898087759512,1.500668815238825,0.9704329160826093,0.5302358991562157,80.12348624626235,74.90294782330612,50.46750658940717,45.62000045776367,40.772494326120174,9.162645193672978,多排,81.0
5878,2026-09-15,38.08999938964844,38.23499984741211,38.38749961853027,38.6016663869222,3238.8,7.833186239966478,15.472426411291623,-0.14004370794377508,-0.10524641415913812,-0.03479729378463696,21.08090508960599,31.69530037711999,38.81898969781788,38.38749961853027,37.956009539242665,-0.879193447928572,空排,45.0
5880,2026-09-15,27.070000457763673,26.835000228881835,25.977499961853027,25.567723687489828,20006843.6,85.38217492581684,92.33223124668156,0.5056821283153816,0.3608920123121042,0.1447901160032774,62.79390953175591,65.17991359996873,27.8326428420413,25.977499961853027,24.122357081664756,3.936098699445578,多排,75.0
5902,2026-09-15,34.369999694824216,34.35,34.53249988555908,34.25166664123535,116043.8,58.1734542742641,54.133280969583815,-0.033828284548427234,-0.01730170868312697,-0.016526575865300264,48.74871146359868,48.55086540424971,35.07372165493324,34.53249988555908,33.99127811618493,-0.38369176896916696,交叉混雜,31.0
5903,2026-09-15,184.6,184.75,185.125,186.80833333333334,10317.2,39.04952270716924,38.353444363980856,-0.47128737879401683,-0.5042985576812022,0.03301117888718541,44.169028724621214,43.796694627187385,186.1949237552762,185.125,184.0550762447238,-0.337609723160027,空排,52.0
5904,2026-09-15,72.52000122070312,72.2099998474121,73.64500007629394,343.06166661580403,4048781.2,61.06924133955137,45.206594558228296,-44.54806293066309,-60.61769339998625,16.069630469323158,39.216489747864564,20.95482112860752,77.26859364377307,73.64500007629394,70.0214065088148,-0.875823308609871,交叉混雜,1.0
5905,2026-09-15,7.417999935150147,7.53799991607666,7.707999992370605,8.156333367029825,547761.2,7.080074568741493,7.638306597695129,-0.19685015217115964,-0.16931029562308472,-0.02753985654807492,3.0495124559742806,13.841272325641683,8.123925200896567,7.707999992370605,7.292074783844645,-5.163467176764472,空排,14.0
5907,2026-09-15,4.836000156402588,4.865000057220459,4.920000004768371,4.918499994277954,428800.0,28.088949980367232,25.07940921409473,-0.031261148009316564,-0.014492022050307553,-0.01676912595900901,42.23401021647419,43.95760968393003,5.108064779821904,4.920000004768371,4.731935229714839,-2.032516931099116,交叉混雜,25.0
6005,2026-09-15,31.7,32.09500007629394,31.45250015258789,33.5797508875529,5450345.6,35.4066881460129,50.550164909810185,-0.19139461404372682,-0.28888751712133753,0.09749290307761072,35.713911643051986,42.144142177654096,33.184391209899516,31.45250015258789,29.720609095276266,-1.1207368870775167,交叉混雜,70.0
6015,2026-09-15,17.150000381469727,16.995000076293945,16.480000019073486,16.51583325068156,2494252.6,48.63750112798762,60.74390529611938,0.3008105140545858,0.22406483487874562,0.07674567917584019,48.35330299531555,53.06595381166883,17.816295338779774,16.480000019073486,15.143704699367197,2.2451478274758028,交叉混雜,82.0
6016,2026-09-15,22.429999542236327,22.214999771118165,21.157499885559083,22.577129522959392,4442275.4,59.19214522584319,70.78230474865093,0.38989001544843305,0.18750416899466918,0.20238584645376387,47.805557991880825,53.11119927053789,23.844363370684746,21.157499885559083,18.47063640043342,3.5093925888567696,交叉混雜,83.0
6020,2026-09-15,20.470000076293946,20.679999923706056,20.655000114440917,21.32416671117147,14810.6,14.25226524488637,18.6289851722248,-0.15070850853011208,-0.1393162810579741,-0.011392227472137972,36.97720037386954,41.03000494534237,21.084075263111554,20.655000114440917,20.22592496577028,-0.9924926185700594,交叉混雜,61.0
6021,2026-09-15,43.5,41.94499969482422,40.19749984741211,38.06666657129924,513531.4,92.7853199833898,91.57354738804538,1.8568582284457094,1.3997378333606947,0.4571203950850147,80.96508255717367,76.98103069899862,45.03762544021873,40.19749984741211,35.35737425460549,9.957089198882157,多排,90.0
6023,2026-09-15,84.88000030517578,84.91000061035156,84.13500022888184,86.44557736714681,861838.0,47.95400506011458,51.0251865475036,-0.19236240822620232,-0.3475746062279323,0.15521219800172997,47.575496542059405,48.45936820438428,87.44767066568956,84.13500022888184,80.82232979207411,0.3149715294183844,交叉混雜,64.0
6024,2026-09-15,60.82000045776367,61.75000076293945,62.0350004196167,62.11583894093831,221808.6,20.09339277143319,29.97535421843763,-0.22930893423394139,0.011193270028137622,-0.24050220426207902,30.374705773421056,39.9169589135664,64.06765502119663,62.0350004196167,60.00234581803677,-2.474410267161541,空排,73.0
6026,2026-09-15,15.15,15.154999923706054,14.997499942779541,14.913333288828532,813828.2,36.1020268697005,54.12048601092768,0.1394695589353372,0.13522249753255644,0.00424706140278075,42.518177997574846,51.07569311839998,15.459161634401172,14.997499942779541,14.53583825115791,0.01666982650440097,交叉混雜,70.0
6028,2026-09-15,94.95999908447266,95.77999954223633,96.02999916076661,86.64999961853027,6539.0,32.31081116017917,42.563015274876506,1.6469663283405396,2.429656750904514,-0.7826904225639746,39.474824676693046,50.50601632790284,99.47160254391197,96.02999916076661,92.58839577762124,-1.905656803621085,交叉混雜,53.0
6101,2026-09-15,37.48000030517578,37.65,37.92500019073486,38.77666651407878,245352.4,45.69032621711894,38.349410334480424,1.8999602993119424e-05,-0.0244236224088846,0.024442622011877718,59.219945009649706,53.67122064927614,39.08870497795017,37.92500019073486,36.761295403519554,0.19775823042305296,空排,59.0
6103,2026-09-15,31.279999923706054,34.839999961853025,35.96000003814697,32.082500044504805,10460.6,7.64069444499609,17.396915939616715,-0.25573081231211603,1.1288781953873632,-1.3846090076994793,25.42374458650042,37.30665837039986,48.371522620903434,35.96000003814697,23.54847745539051,-18.381534064697576,交叉混雜,9.0
6104,2026-09-15,91.13999938964844,93.44000015258788,95.32000045776367,95.88333358764649,260745.2,4.526442383741659,11.23674368757467,-1.1577503874065371,-0.2634761146569766,-0.8942742727495605,22.090695525959475,35.09260636679352,102.33235119302077,95.32000045776367,88.30764972250657,-6.420482039583349,空排,32.0
6108,2026-09-15,22.66999969482422,22.844999885559083,23.569999980926514,20.036666742960612,2158811.2,25.30246668453354,24.138317611833315,0.4710574951496689,0.8444053977424592,-0.37334790259279027,41.97985790921316,49.23366442810164,25.970526590964102,23.569999980926514,21.169473370888927,-4.963938749864392,交叉混雜,88.0
6109,2026-09-15,10.619999885559082,10.754999923706055,10.819999933242798,11.65583332379659,116784.6,16.802862755000014,25.986961520732407,-0.19389629884475568,-0.18820279943811696,-0.0056934994066387135,20.64102334671165,28.92541914943851,11.135227553183595,10.819999933242798,10.504772313302,-3.4195945125738145,空排,44.0
6111,2026-09-15,34.73999938964844,35.94499969482422,36.28750019073486,38.84083340962728,143764.0,9.0276016615049,20.802066399058912,-0.9764374968621823,-0.6924797872438622,-0.2839577096183201,16.020953200890148,25.639402385449827,38.92006520370588,36.28750019073486,33.65493517776384,-8.232865140809837,空排,8.0
6112,2026-09-15,46.779999542236325,46.054999923706056,45.44750003814697,43.96000003814697,6847376.6,56.02826736827413,49.10771730540036,0.8782188256933523,0.5640992337281219,0.3141195919652304,61.447723217625345,60.40841446099334,48.478823196396064,45.44750003814697,42.416176879897876,5.946424963889225,多排,64.0
6113,2026-09-15,22.199999618530274,22.60499973297119,22.844999694824217,23.86333328882853,74481.6,20.246680136968422,17.799214749560846,-0.3650773439794257,-0.2830843932103526,-0.08199295076907309,35.121212371081995,39.73349460809917,23.7469859383332,22.844999694824217,21.943013451315235,-3.479975786315228,空排,43.0
6114,2026-09-15,23.489999771118164,24.229999923706053,24.75749988555908,27.115833377838136,27019.0,5.550537859606926,9.845035489468277,-0.9005227213995788,-0.7359677159282304,-0.16455500547134838,11.523370259086661,23.046687060198792,26.494489367835275,24.75749988555908,23.020510403282888,-7.906697596877843,空排,8.0
6115,2026-09-15,43.87999954223633,44.00499954223633,44.109999656677246,45.55166664123535,81063.2,22.164031118922498,29.545414322675033,-0.36147358812964114,-0.4046554153249392,0.04318182719529806,33.50082133496758,35.81162868597865,44.7157619396269,44.109999656677246,43.50423737372759,-0.7027894401032312,空排,41.0
6116,2026-09-15,14.189999961853028,14.154999923706054,14.2125,15.040833346048991,33505952.4,22.732108167077357,33.08873935925405,-0.07672591004022067,-0.05081126309938137,-0.025914646940839302,30.7491580198581,41.319384413086524,14.860472512443986,14.2125,13.564527487556015,-3.957786325204763,交叉混雜,87.0
6117,2026-09-15,61.439999389648435,62.65999984741211,62.44499969482422,66.34833316802978,122533.0,8.951629076766672,19.088211813567096,-1.0302053992118374,-0.9939976233033794,-0.03620777590845803,24.15092977343457,34.28441094512728,65.03687035913873,62.44499969482422,59.853129030509706,-2.31403587458739,交叉混雜,11.0
6118,2026-09-15,15.04000015258789,15.140000057220458,15.225000047683716,15.892499955495198,75897.6,21.996934142446875,18.331644317779435,-0.18087376887158335,-0.19499108613010285,0.014117317258519502,46.465756310733724,42.144827924330684,15.495477257145426,15.225000047683716,14.954522838222006,-0.8210158674712561,空排,16.0
6120,2026-09-15,12.010000038146973,12.194999980926514,12.412500047683716,13.117499987284342,1683042.8,5.867441479978856,11.773453488825231,-0.28136163891861976,-0.22678204429526738,-0.05457959462335238,17.50598646249641,29.005163415737186,13.019368660181845,12.412500047683716,11.805631435185587,-5.337361894369899,空排,35.0
6121,2026-09-15,378.8,385.45,392.725,395.7916666666667,384167.4,14.654945855928974,20.420733087805814,-4.7896502470351265,-1.7711885627885384,-3.018461684246588,25.678741188445557,37.00863999755677,415.1971465023031,392.725,370.25285349769695,-5.022598510408051,空排,58.0
6122,2026-09-15,50.7,50.74000015258789,49.500000381469725,49.32833340962728,259631.0,57.46479096118918,63.41767248321207,0.6841796519670282,0.5252447179565043,0.15893493401052394,57.34845310052623,58.72902829582683,52.40335569247883,49.500000381469725,46.59664507046062,2.424243176206008,交叉混雜,72.0
6123,2026-09-15,42.71999969482422,43.16999969482422,43.224999618530276,42.6341667175293,43535.4,29.909898563363377,35.38519579913013,-0.02511389586984336,0.08871733163408015,-0.11383122750392351,45.2694008382482,46.72839255984205,43.989680694063324,43.224999618530276,42.46031854299723,-0.6362032574152596,交叉混雜,46.0
6125,2026-09-15,48.83999938964844,50.01999969482422,51.09499988555908,52.2633331934611,536576.0,5.578405227014947,9.10163066748406,-0.7753548825232315,-0.41898628165280044,-0.35636860087043104,15.837667547753355,33.05095674404659,55.046403117776876,51.09499988555908,47.14359665334129,-6.938057846048563,空排,7.0
6126,2026-09-15,28.810000228881837,29.035000038146972,29.372500133514404,31.508333206176758,313029.0,11.004379057710182,15.691117162982522,-0.5847701149901781,-0.5957839659812088,0.011013850991030694,21.59467687426755,30.775282652305165,30.405368209730526,29.372500133514404,28.33963205729828,-2.9704660125913818,空排,27.0
6127,2026-09-15,48.45999984741211,48.464999771118165,48.895000267028806,58.93166656494141,3598232.6,27.76127933383093,32.077669567065996,-1.5054354408917305,-1.714257377248327,0.2088219363565964,38.48040280676548,41.76109109157767,51.647205546998926,48.895000267028806,46.142794987058686,-4.386952153214807,空排,84.0
6128,2026-09-15,18.970000076293946,19.34000015258789,19.79250011444092,20.13833335240682,165820.2,12.311401486108188,13.090579064569331,-0.3521256857107531,-0.2350269154718442,-0.11709877023890888,23.271533333067907,28.70978872689956,20.91277958409247,19.79250011444092,18.67222064478937,-4.509286299104091,空排,18.0
6129,2026-09-15,14.317074203491211,14.37325325012207,13.921626615524293,15.477208789189657,177649.2,55.28885526336164,72.56016756937788,-0.08842141414918459,-0.15411246362966433,0.06569104948047974,26.303097035199144,37.88612026342948,15.247833885969456,13.921626615524293,12.59541934507913,-2.6694181294520654,交叉混雜,25.0
6130,2026-09-15,24.25999984741211,25.18000011444092,26.23000011444092,25.635833422342937,154609.6,12.746020819469045,10.51373853959954,-0.5569358414568164,-0.17198000537553249,-0.3849558360812839,19.737835391757088,30.78375436441452,29.014997843804043,26.23000011444092,23.445002385077796,-8.501715992037658,交叉混雜,13.0
6133,2026-09-15,22.9,23.494999885559082,23.054999923706056,22.598333263397215,1799854.0,38.55580826676664,43.19789210086045,0.2811309487567435,0.35609055503002185,-0.07495960627327836,45.699973304723905,49.8629544973035,24.607552718451664,23.054999923706056,21.502447128960448,-0.4554290223989059,交叉混雜,72.0
6134,2026-09-15,28.29000015258789,28.61000003814697,28.479999923706053,28.853333314259846,105298.8,21.1407845898941,29.977646059182028,0.053225331773862905,0.11193672878451255,-0.058711397010649646,35.74880641267448,46.43577502571233,29.39386976271992,28.479999923706053,27.566130084692187,-1.1587089398167296,交叉混雜,54.0
6136,2026-09-15,24.670000076293945,24.60999984741211,24.784999942779542,24.655833339691164,254400.6,65.83431074096325,56.919256848711974,-0.04935862049562445,-0.03184756722328809,-0.01751105327233636,45.4623560929216,46.756183525851704,25.34798100320858,24.784999942779542,24.222018882350504,-0.7464174369050609,交叉混雜,63.0
6138,2026-09-15,268.5,276.1,282.85,312.1333333333333,296096.2,12.537349587877248,16.49360047732693,-8.240739455563642,-6.878319257860837,-1.3624201977028045,28.494860178540918,36.94163586025703,303.94901469388105,282.85,261.750985306119,-6.3107654233692845,空排,73.0
6139,2026-09-15,725.6,727.8,749.1,802.85,1767563.4,26.276021919372724,30.10882116159547,-18.94232104125365,-15.837110337549753,-3.1052107037038965,36.2881129360336,39.538250695679956,802.7416962721086,749.1,695.4583037278915,-4.819116272860769,空排,85.0
6140,2026-09-15,17.440000152587892,16.98500003814697,16.997500038146974,17.779166587193806,167308.8,65.91726025006446,42.11589781018605,0.1495138859391254,-0.15893511367438265,0.308448999613508,88.57624254547585,77.48970736698273,18.802893578435928,16.997500038146974,15.192106497858019,17.958518558981858,交叉混雜,15.0
6141,2026-09-15,50.80999984741211,51.43500022888183,51.025000381469724,41.675833511352536,3040123.2,19.64134637543273,32.198182080891094,2.575237679334478,3.5510689786500524,-0.9758312993155744,39.21325845139763,49.255208327280265,60.260715476027734,51.025000381469724,41.78928528691171,-5.242531871337498,交叉混雜,98.0
6142,2026-09-15,8.686000061035156,8.68100004196167,8.773999977111817,9.384499979019164,372771.6,33.86869254189077,31.51365574295184,-0.16742200422419984,-0.1946241226378929,0.02720211841369305,47.587859681301474,44.037921247575014,9.095666479209944,8.773999977111817,8.45233347501369,-0.8434028725748802,交叉混雜,33.0
6143,2026-09-15,81.7,84.34000015258789,86.91000022888184,92.19333368937174,363853.0,9.728718359980455,6.945420079395294,-2.654516903457761,-2.000305555716121,-0.65421134774164,22.73973627511873,26.931402067159354,93.77621036521857,86.91000022888184,80.04379009254511,-6.454950135024531,空排,12.0
6144,2026-09-15,13.160000038146972,13.21500005722046,13.28250002861023,13.711666695276897,8619.4,51.53009479186565,49.65651495348294,-0.12124418236640366,-0.12139143077804704,0.00014724841164337477,38.67941346986318,43.72411674228867,13.688085920735489,13.28250002861023,12.87691413648497,-1.3739856709761151,空排,12.0
6146,2026-09-15,179.6,181.9,187.6,191.13333333333333,199148.8,4.532712765674105,10.442879693172289,-3.8264771327754943,-2.7280111900732384,-1.0984659427022558,15.369150994416756,27.081523436443774,200.77733301025327,187.6,174.42266698974672,-5.1172707889125775,空排,52.0
6147,2026-09-15,191.7,189.0,180.6,179.89166666666668,46867752.4,62.59034240702742,59.41576914490955,6.416036280220965,4.921738791915631,1.4942974883053335,65.00974805187815,60.87414960280796,206.178774095146,180.6,155.021225904854,10.74197120708749,多排,97.0
6148,2026-09-15,31.829999923706055,30.035000038146972,28.927499961853027,29.480833371480305,1609285.2,83.91078067072428,69.69704606899717,1.1581411386511107,0.2251388603177648,0.9330022783333458,95.92684323122083,87.97646845874043,33.991768163407684,28.927499961853027,23.863231760298365,29.6344310757985,交叉混雜,55.0
6150,2026-09-15,60.75999908447265,60.61999931335449,60.6649995803833,59.73666648864746,389177.0,25.89363242411479,27.65008619700026,0.2742618413731748,0.35696120205312276,-0.08269936067994799,45.80241028327148,48.954891380912805,62.56156137331286,60.6649995803833,58.76843778745374,-0.9313460977009679,交叉混雜,38.0
6151,2026-09-15,34.46999969482422,34.78499984741211,35.42500019073486,36.47000007629394,76233.0,20.31387017295954,17.291509533187885,-0.5143947262602921,-0.39447717379907876,-0.11991755246121338,25.73592208679112,34.78233963067362,36.92955498137219,35.42500019073486,33.920445400097535,-3.3168671401790863,空排,65.0
6152,2026-09-15,15.039999961853027,14.344999980926513,14.142499971389771,13.389166657129923,2377051.4,77.10677543358227,64.7654559301788,0.38456439080876414,0.2722896755416277,0.11227471526713645,66.56329569145905,62.309140275556636,15.280492168948438,14.142499971389771,13.004507773831104,6.4168302717409365,多排,83.0
6153,2026-09-15,17.31999969482422,17.419999885559083,17.247500038146974,17.68833335240682,1848357.2,18.24801698793324,32.13325827844467,0.06129403572822767,0.09429386070508543,-0.03299982497685776,35.07503734079434,44.84637014605842,18.211851474629377,17.247500038146974,16.28314860166457,-2.0147871798702437,交叉混雜,38.0
6154,2026-09-15,13.979999923706055,13.985000038146973,13.96500005722046,13.800000031789144,15884.8,50.66700202170075,45.82422915977526,0.05225562141152018,0.05905411584371005,-0.006798494432189869,59.56989918863149,56.635511721225114,14.140018993157426,13.96500005722046,13.789981121283493,0.608665472009472,交叉混雜,65.0
6155,2026-09-15,56.279999542236325,56.2,56.614999771118164,62.909166526794436,958771.8,33.56220266845671,34.85473358912266,-0.8613416849792799,-0.9835911910081478,0.12224950602886797,43.40187500073728,45.500442350043926,59.141720380744445,56.614999771118164,54.08827916149188,-1.7928133906217336,交叉混雜,81.0
6156,2026-09-15,20.329999923706055,20.48500003814697,20.777499866485595,23.228333314259846,551927.4,25.06620469677238,28.054252081358822,-0.48949434432046246,-0.49056166654598016,0.0010673222255176973,29.572703253790877,35.92608578141237,21.585665305595494,20.777499866485595,19.969334427375696,-3.501386760196866,空排,34.0
6158,2026-09-15,16.95999984741211,17.129999732971193,16.847499942779542,17.42916663487752,23421.8,24.083201303909718,34.41840524884068,-0.0280780140139818,-0.055559752201421925,0.027481738187440125,37.05348429850294,44.282984672832015,17.5291963466438,16.847499942779542,16.165803538915284,-0.2819451306147847,交叉混雜,25.0
6160,2026-09-15,14.420000076293945,14.555000019073486,14.85,15.107500028610229,33840.8,12.654841232117514,15.800431277506664,-0.1293416441548949,-0.07279929768336213,-0.05654234647153278,31.984203916085036,40.178961918079054,15.828720949346282,14.85,13.871279050653717,-3.703702419293848,空排,17.0
6161,2026-09-15,48.789999389648436,49.80499954223633,50.08499965667725,51.20833314259847,164682.8,15.725401125602154,25.556767481909688,-0.7227124534777616,-0.42160920646923594,-0.30110324700852564,28.35671072685666,36.99279747563021,52.39335963870645,50.08499965667725,47.776639674648045,-4.7619025857771575,空排,67.0
6163,2026-09-15,39.679998779296874,40.364999771118164,41.33499984741211,42.99416656494141,591917.4,25.919793940679497,20.60874765021284,-0.8322752741315398,-0.622749106142819,-0.2095261679887208,40.44422070857825,41.981535209837205,43.871492190322364,41.33499984741211,38.79850750450185,-3.8345224465056815,空排,62.0
6164,2026-09-15,11.270000076293945,11.564999961853028,11.84249997138977,12.581666612625122,260194.6,6.352557856521934,12.139272419015164,-0.26945683077120286,-0.1809965602231603,-0.08846027054804256,16.31148423513406,29.333455303211636,12.696145342786382,11.84249997138977,10.988854599993159,-6.691997319565152,空排,42.0
6165,2026-09-15,47.45999984741211,48.170000076293945,48.2149995803833,48.89416650136312,186243.2,7.914852772022504,16.087090977697812,-0.379609437491375,-0.20867656871493787,-0.17093286877643712,27.166886578883464,38.20517069945178,50.32390330644551,48.2149995803833,46.10609585432109,-2.5199618188478277,空排,44.0
6166,2026-09-15,112.0,114.3,116.35,129.18333333333334,890553.8,15.088044689449555,20.765550824974234,-4.733589631737402,-4.480832511712078,-0.2527571200253238,26.792132618650513,35.199724040210526,123.61273835553826,116.35,109.08726164446173,-6.317146540610223,空排,86.0
6167,2026-09-15,10.135999870300292,10.197999858856202,10.42399983406067,10.899666579564412,179244.8,14.66404053790316,15.4524545367902,-0.17447316734013896,-0.14484932193979155,-0.029623845400347404,26.74247516765233,33.76406775863471,10.96784183707551,10.42399983406067,9.88015783104583,-4.259404248775598,空排,11.0
6168,2026-09-15,29.610000228881837,29.029999923706054,28.157500076293946,26.933333333333334,5456922.4,62.27600206253162,62.48846034014659,1.0467365944006986,0.9655290105520289,0.08120758384866966,54.493769507524696,58.74668139581739,31.452356273527947,28.157500076293946,24.862643879059945,3.879960652564606,多排,80.0
6170,2026-09-15,48.16999893188476,48.14999961853027,48.122500038146974,48.200833320617676,174457.2,39.04952408713582,42.754201852112544,0.12051724537536046,0.13583215699575,-0.015314911620389532,44.97532594977271,49.983491171024376,48.93585855580858,48.122500038146974,47.30914152048537,-0.25455875744166995,交叉混雜,45.0
6171,2026-09-15,25.979999923706053,26.03499984741211,25.45999994277954,24.225833288828532,33191.2,37.87981673087088,46.22563953633033,0.5414589462720656,0.5948383281779718,-0.05337938190590619,49.19383852951966,56.56819397729991,27.783925935024854,25.45999994277954,23.136073950534225,1.5318163376539644,交叉混雜,53.0
6173,2026-09-15,288.3,276.35,248.925,231.325,29483703.2,72.69333929965973,77.12359571674759,23.38542602627294,18.66382102667967,4.721604999593268,70.37841096731287,66.94884828762312,317.01261770109573,248.925,180.8373822989043,18.308727528371993,多排,99.0
6174,2026-09-15,41.84000015258789,42.80000038146973,43.867500114440915,47.235833422342935,486630.2,22.769059369433975,22.305089731273732,-0.9009725190877944,-0.6976835580391162,-0.20328896104867822,47.47514567788609,45.902036420219346,46.91851794768622,43.867500114440915,40.81648228119561,-3.231320106692904,空排,91.0
6175,2026-09-15,69.96000061035156,70.49000091552735,72.2599998474121,85.18333320617675,473885.6,21.36656497462808,20.634210740182077,-2.756977113350189,-2.9544261701203927,0.19744905677020386,30.98880962813911,36.3810190036448,76.7020929794188,72.2599998474121,67.81790671540541,-4.511486097835712,空排,78.0
6176,2026-09-15,90.75999908447265,91.08000030517579,95.375,91.125,3018272.8,45.35142566348064,28.74718674063928,-0.8518959184182506,-0.28309963657149634,-0.5687962818467542,49.85663017458576,47.448895822672256,108.45175829129951,95.375,82.29824170870049,-3.5386631716906947,交叉混雜,34.0
6177,2026-09-15,47.42999954223633,47.74500007629395,47.704999923706055,47.24583307902018,1400981.0,19.71224658789639,26.4136501907544,-0.08483493978057055,0.05975302674199656,-0.1445879665225671,37.090292727310015,43.51518191385344,49.00070210721088,47.704999923706055,46.40929774020123,-1.7922680032540674,交叉混雜,58.0
6179,2026-09-15,35.92000045776367,33.135000228881836,30.64500026702881,27.721666685740153,22652368.6,64.25569221576644,67.98799016350515,2.2807363516650696,1.7698147068435106,0.510921644821559,61.16647082652915,64.56976328520048,37.79614293277436,30.64500026702881,23.493857601283256,13.72164519644816,多排,83.0
6180,2026-09-15,41.10000076293945,41.36000022888184,41.49499988555908,43.4641663869222,172739.2,23.426688340649918,32.01863456371333,-0.33778052826930605,-0.3423634914410368,0.004582963171730736,38.01239137810647,42.38944249791843,42.810053523707225,41.49499988555908,40.17994624741094,-1.91589137200191,空排,15.0
6182,2026-09-15,106.5,107.9,108.5,121.12166659037273,22968048.8,25.86715651473874,29.790218605423156,-1.6819241136212923,-1.5070358151113998,-0.17488829850989251,43.36502883350559,45.9851567105596,114.50876552695323,108.5,102.49123447304677,-2.7649769585253456,空排,98.0
6183,2026-09-15,91.65999908447266,91.75,92.35,91.6300001780192,14078.2,39.80206107479426,41.90584259579125,-0.22451522740684027,-0.08156087445173886,-0.1429543529551014,37.48493502116868,42.10866130226822,94.7731336659325,92.35,89.92686633406748,-1.4618299945858086,交叉混雜,57.0
6184,2026-09-15,39.92999954223633,40.04499969482422,40.724999809265135,42.09083309173584,227980.0,30.003692089166933,29.4200609117814,-0.6545640877987253,-0.6181223945930171,-0.036441693205708225,27.48762211227502,26.324682833614276,42.264821860331736,40.724999809265135,39.185177758198535,-2.8852070661944365,空排,19.0
6185,2026-09-15,12.609999847412109,12.684999942779541,12.772499942779541,13.611666631698608,296421.2,21.029389435756112,29.996197410822663,-0.26033324165722505,-0.2563010275751369,-0.004032214082088148,17.63744212286494,26.004990899020214,13.197352762572834,12.772499942779541,12.347647122986249,-4.090819691683908,空排,21.0
6186,2026-09-15,30.2,30.65,31.662605381011964,37.65503530502319,548002.6,12.374931368087626,14.338338607134824,-1.799499289687894,-1.9067221879854048,0.10722289829751075,16.164936522662046,18.620154565416485,34.07639148032873,31.662605381011964,29.248819281695198,-6.51432494174715,空排,2.0
6187,2026-09-15,1260.0,1300.0,1302.75,1135.9666666666667,1851080.0,19.210690667005906,29.661077898999356,24.530654925282533,48.35049096979637,-23.819836044513835,30.26001177158072,44.53882842511555,1433.515962093018,1302.75,1171.984037906982,-6.7357512953367875,交叉混雜,96.0
6188,2026-09-15,62.9,64.5099998474121,66.39499969482422,70.82833315531413,545722.2,4.465570561211384,8.608130307056161,-2.134459337394219,-1.7179281007275657,-0.41653123666665315,13.400510575541034,24.379637871415895,71.25622110586235,66.39499969482422,61.53377828378609,-7.22193123389218,空排,4.0
6189,2026-09-15,46.63999938964844,47.22999954223633,47.75499992370605,48.80000006357829,340452.8,21.780905084686445,19.247087646527184,-0.5364066164351868,-0.4163904621182062,-0.12001615431698065,34.939824785978374,38.764711448479964,49.476046734049056,47.75499992370605,46.03395311336305,-2.4185979508537367,空排,41.0
6190,2026-09-15,67.18000030517578,67.34000015258789,67.58999977111816,71.4650000890096,1259175.6,14.556262643693021,22.78387177195608,-0.6067181412314113,-0.5145858876049938,-0.09213225362641753,37.89763826912799,43.383168880468844,71.47242930570323,67.58999977111816,63.707570236533094,-2.352418666226391,空排,80.0
6191,2026-09-15,82.08000030517579,82.23000030517578,82.46499977111816,89.34500007629394,1043682.6,27.101644449851328,32.973595271508174,-1.2432591984435248,-1.4059762771343418,0.16271707869081697,35.21987340905393,39.89541055830357,84.56188913111336,82.46499977111816,80.36811041112296,-1.7765109745762075,空排,7.0
6192,2026-09-15,111.8,113.6,115.075,116.49166666666666,120006.2,16.693793194559657,23.536313764264882,-1.3756077083443756,-0.6640287341229084,-0.7115789742214672,14.76639075592692,29.2626818024698,119.72342927630963,115.075,110.42657072369038,-4.844666521833589,空排,52.0
6194,2026-09-15,30.010000228881836,29.86000003814697,29.72750015258789,30.37750005722046,30903.0,84.96606157268766,79.18379606924688,0.009029534054981525,-0.08486029119145748,0.093889825246439,91.45899285105307,71.20297945356116,30.168163232870317,29.72750015258789,29.286837072305463,1.9258231655338793,交叉混雜,37.0
6195,2026-09-15,27.779999923706054,27.779999923706054,27.83749990463257,27.11916666030884,12811.6,57.105036672960814,46.78108172642291,0.07625436194171797,0.1340886161059729,-0.05783425416425492,44.4337187721337,48.69499465306006,28.16011254114482,27.83749990463257,27.51488726812032,-0.4939349516449718,交叉混雜,67.0
6196,2026-09-15,523.6,514.3,504.075,519.7583333333333,1904110.6,61.18739983083175,66.88811828866068,4.180019996149383,1.343898987688032,2.836121008461351,53.609964856749805,53.44745644358127,534.6472182105821,504.075,473.50278178941784,2.7624857412091477,交叉混雜,92.0
6197,2026-09-15,298.5,302.85,302.675,316.81666666666666,789053.4,11.601351509612227,22.681068988458087,-2.39556149316644,-1.4185400245424982,-0.9770214686239418,32.479869298670565,41.90078524014454,317.89712724604055,302.675,287.45287275395947,-3.5268852729825757,交叉混雜,89.0
6199,2026-09-15,99.16000061035156,97.49999923706055,95.5,98.79333318074545,2570443.4,92.330482222455,83.13458046076045,0.7136379878898964,-0.28231592120250537,0.9959539090924018,92.00143083090816,70.92084187193772,100.92702734438618,95.5,90.07297265561382,7.329842931937172,交叉混雜,68.0
6201,2026-09-15,44.83000030517578,44.695000076293944,44.689999961853026,46.82500006357829,24270.0,37.71760233362566,40.0809950130522,-0.3894887983407642,-0.5623706735045481,0.17288187516378384,54.778389253567774,46.986171938999306,45.217755822394636,44.689999961853026,44.162244101311416,0.4699072817299972,交叉混雜,26.0
6202,2026-09-15,55.48000030517578,56.760000228881836,57.30000019073486,60.30750013987223,630205.2,10.830352394233845,20.23290725376489,-1.0503040739223977,-0.6490563143090287,-0.401247759613369,22.15578231559236,35.459362698956696,60.47622748106039,57.30000019073486,54.123772900409335,-6.282721493563821,空排,73.0
6203,2026-09-15,59.8,60.150000381469724,60.06000022888183,63.08666655222575,54644.4,20.617984754182267,34.226291153882016,-0.6373594967388954,-0.748148810859318,0.11078931412042259,27.914303617190242,34.58853345392838,60.83160188031766,60.06000022888183,59.288398577446,-1.2654029119630517,交叉混雜,23.0
6204,2026-09-15,88.94000091552735,89.37000045776367,87.41000061035156,88.62666683197021,160270.0,54.71185559256441,53.5721998587493,1.7648318367181872,1.5928988822782426,0.1719329544399446,54.81648203973351,55.399433958419436,93.56070342566719,87.41000061035156,81.25929779503593,2.391030059552398,交叉混雜,75.0
6205,2026-09-15,61.91999893188476,63.909999465942384,64.00500011444092,64.80833358764649,186004.8,8.667933068708614,19.122931885950102,-0.4079952665247504,0.2102373150097977,-0.6182325815345481,23.32271549683682,38.327065445333204,70.35860701156916,64.00500011444092,57.65139321731267,-5.944847034916221,空排,73.0
6206,2026-09-15,136.7,136.45,138.35,134.48333333333332,919453.6,46.05211456623421,40.06796582280849,-0.49821817329680584,-0.018817879954119557,-0.4794002933426863,49.51428632861337,48.78598562144428,143.74102568114608,138.35,132.9589743188539,-0.9757860498735051,交叉混雜,81.0
6207,2026-09-15,110.1,110.5,107.825,118.37666664123535,4405704.4,30.111808277041657,46.778603508641446,-0.2455654614096403,-0.4143941760998052,0.16882871469016492,33.508487109471105,43.12547478307983,117.67265534477409,107.825,97.97734465522592,-3.5474147924878303,交叉混雜,89.0
6208,2026-09-15,74.92000122070313,75.7599998474121,78.83999938964844,84.16000010172526,150383.6,12.58967855820472,21.65795970535971,-2.4821537132685023,-1.894733036450325,-0.5874206768181773,23.85369351405653,28.851779193469227,86.21146551496395,78.83999938964844,71.46853326433293,-8.675798379758131,空排,82.0
6209,2026-09-15,78.43999938964843,79.56999969482422,76.36499977111816,74.8816666285197,9539559.6,17.26609013310529,32.02099426170011,1.5226944869932453,1.7999551032190608,-0.27726061622581555,37.08661928918558,47.62936343989761,86.86157056307762,76.36499977111816,65.86842897915871,-1.001769526995271,交叉混雜,84.0
6210,2026-09-15,17.479999923706053,17.58499984741211,17.64999990463257,18.494166628519693,10842.0,51.24540973683952,57.06560083677988,-0.20483465396814182,-0.18927093901887224,-0.015563714949269586,19.691340529845817,29.398971351695522,18.293182767016976,17.64999990463257,17.006817042248162,-4.8158678309619924,空排,29.0
6213,2026-09-15,517.0,517.3,525.925,416.05833333333334,11989681.0,37.53879478025922,33.29354481973602,23.673272688812062,32.98615552185704,-9.31288283304498,50.7582464118121,56.33936694581764,580.6590700208874,525.925,471.19092997911247,-1.3167276702951858,交叉混雜,99.0
6214,2026-09-15,188.2,186.25,183.6,156.59166666666667,2129335.2,73.22490086906443,80.29957279647212,7.722764268848465,8.459437653350843,-0.7366733845023781,81.3896286788357,78.30568864914453,190.27753500059484,183.6,176.92246499940515,3.4858387799564303,多排,91.0
6215,2026-09-15,97.5999984741211,97.81999969482422,97.93499946594238,100.55999972025553,759336.8,19.276585549425228,26.42461497611213,-0.7012951366265554,-0.5649540542154341,-0.1363410824111213,38.1621458982327,43.153899110707734,100.69964585848979,97.93499946594238,95.17035307339498,-2.282128483063334,空排,24.0
6216,2026-09-15,19.75999984741211,20.060000038146974,20.79749994277954,21.840833282470705,124541.0,9.647972403332345,11.115189954233644,-0.643172797891733,-0.529684760409236,-0.11348803748249703,13.179103962721229,19.6874426335672,22.735886295992586,20.79749994277954,18.859113589566498,-7.200388074716144,空排,10.0
6217,2026-09-15,166.9,177.35,170.4,185.70833333333334,2427697.6,13.681253208785046,28.589567103493266,-0.7548170968356658,1.0174765452266246,-1.7722936420622903,24.354617381150902,39.2815226215904,201.07417909509488,170.4,139.72582090490513,-8.157276995305168,交叉混雜,94.0
6218,2026-09-15,46.400000762939456,45.16500015258789,42.374999809265134,37.66249977747599,2599869.4,72.37199786939013,68.14437345528287,2.7523657240288344,2.3562472406216473,0.39611848340718714,79.31701768352366,75.67805221050264,49.05013144021428,42.374999809265134,35.69986817831599,16.224189313699238,多排,96.0
6219,2026-09-15,12.030000114440918,12.180000019073486,12.197500133514405,12.56166672706604,65109.4,15.267874874378869,20.700439678727825,-0.10844437473628865,-0.09647030838685543,-0.011974066349433224,39.02821533063347,41.72440400812334,12.530706235720528,12.197500133514405,11.864294031308281,-1.6191853359504733,空排,11.0
6220,2026-09-15,25.55,25.65,25.71249990463257,28.694166692097983,71645.2,26.25475328907986,28.678681103903422,-0.4502707018174341,-0.5763684190527734,0.12609771723533925,36.423176319894594,40.08493926275323,26.087894308255272,25.71249990463257,25.337105501009866,-1.020900895154975,空排,37.0
6221,2026-09-15,23.879999923706055,22.65,22.494999885559082,22.010833295186362,369059.0,74.00333247693362,47.71764560363386,0.7154283581341367,0.1477265526454161,0.5677018054887206,94.83839147306254,86.81756234162754,25.910429079800238,22.494999885559082,19.079570691317926,25.138918700779733,多排,56.0
6222,2026-09-15,19.360000228881837,19.720000076293946,19.919999980926512,20.40750001271566,15420.0,18.179917892828094,32.545987594412914,-0.30818957628169485,-0.18578570721125995,-0.1224038690704349,17.216523787245194,25.918261584643886,20.811125521071254,19.919999980926512,19.02887444078177,-6.6265040196821845,空排,39.0
6223,2026-09-15,5578.0,5466.5,5395.0,5923.5,750764.6,54.27995174219672,58.85773394555922,-60.527095388559246,-110.56979536754193,50.04269997898268,45.61678631624885,47.39454059613325,5883.822430357949,5395.0,4906.177569642051,0.8341056533827619,交叉混雜,95.0
6224,2026-09-15,86.4,85.48000030517578,80.50500030517578,69.97500012715658,1822687.0,59.50277010340238,64.35491062533794,5.482309001203049,5.3395310932360776,0.14277790796697154,57.41561942915676,61.276022209202694,92.78874740006492,80.50500030517578,68.22125321028665,6.825662597346682,多排,93.0
6225,2026-09-15,69.56000061035157,64.86000061035156,63.725,38.402745469411215,150058.8,54.72438267792049,62.1139892160174,7.5165147253123195,8.159153737755023,-0.6426390124427037,45.86786646319838,56.33345969908508,75.16728122749355,63.725,52.28271877250645,-0.35307963907414897,多排,99.0
6226,2026-09-15,32.30999946594238,32.320000076293944,29.76500005722046,24.343333212534585,37277216.8,58.37412833825541,46.38341382521069,2.816102278587543,2.712334709219097,0.10376756936844611,69.34069212657027,66.19415357152761,39.10225440105282,29.76500005722046,20.4277457133881,21.95531384941091,交叉混雜,99.0
6227,2026-09-15,124.0,118.6,117.85,118.10833333333333,2481455.8,75.81304663933592,61.61354554713583,1.6000559880262273,-0.22349647991294502,1.8235524679391724,80.34255334037333,67.76436015843436,129.63357465198584,117.85,106.06642534801416,12.431056427662288,交叉混雜,86.0
6229,2026-09-15,23.4,23.575,23.622500038146974,24.41416670481364,28610.2,35.695498159362344,35.831894736086454,-0.1644731557176513,-0.1347899410261995,-0.029683214691451798,25.846279798809263,38.55699442750289,24.150131837674913,23.622500038146974,23.094868238619036,-1.7885459816922207,空排,51.0
6230,2026-09-15,109.5,109.5,108.8,113.83333333333333,143807.2,44.49355487763257,46.060934709455886,-0.46106392864562906,-0.9997894552513059,0.5387255266056769,48.45308768774545,48.83047066596933,113.95445642649042,108.8,103.64554357350957,0.18382352941176733,交叉混雜,13.0
6231,2026-09-15,213.3,215.15,215.425,234.63333333333333,513049.0,18.17109713417242,31.202287771123796,-3.8201400433917456,-3.6296724217282685,-0.19046762166347708,35.22070074835959,40.727143759165195,229.40346087452602,215.425,201.446539125474,-4.607171869560177,空排,25.0
6233,2026-09-15,20.149999618530273,20.504999923706055,20.95249996185303,22.24916664759318,79046.8,7.942260283478566,11.802474693095954,-0.43719343541018674,-0.363559359030026,-0.07363407638016073,29.806878732702103,35.11305348549206,22.13013175897256,20.95249996185303,19.774868164733498,-4.307365357048616,空排,26.0
6234,2026-09-15,34.2,34.489999771118164,35.099999809265135,38.0416667620341,263894.0,28.82348500686001,34.897447020876555,-0.7289002367317252,-0.6458236777855447,-0.08307655894618049,36.07096817137706,40.72693439328392,37.05528937051407,35.099999809265135,33.1447102480162,-4.558404039770943,空排,75.0
6235,2026-09-15,38.11000061035156,38.66000061035156,38.53250026702881,39.49583346048991,181475.0,11.22713943191856,22.46322848076075,-0.24721179613019473,-0.1474887863413044,-0.09972300978889032,20.805655788084366,36.95627178209615,39.92128103132013,38.53250026702881,37.14371950273749,-2.5497982823838727,交叉混雜,9.0
6237,2026-09-15,33.32000045776367,34.30500030517578,34.270000267028806,36.77583325703939,98200.6,6.2269429636508065,15.071637544959746,-0.524061846638169,-0.4409758001237781,-0.08308604651439089,31.331634039352352,39.95183135715923,36.2902660694123,34.270000267028806,32.249734464645314,-3.1222628997724287,交叉混雜,9.0
6239,2026-09-15,275.4,276.2,275.725,286.15,10653244.4,29.981066623944976,35.73848754927759,-0.963539279039594,-0.41616161808160457,-0.5473776609579895,34.80146602481334,43.759230181032194,289.0290357944899,275.725,262.42096420551013,-2.8017045969716285,交叉混雜,87.0
6240,2026-09-15,23.079999923706055,24.120000076293945,23.430000019073486,20.21999994913737,64467.4,33.1152720672846,33.271363855154206,0.8533851722192836,1.1024215410718692,-0.24903636885258562,62.212426212475194,59.54006872142862,27.43334063541023,23.430000019073486,19.426659402736743,4.993599493998239,交叉混雜,85.0
6241,2026-09-15,15.430000114440919,15.919999980926514,16.963871812820436,16.22265493075053,57898.0,20.334051881950693,16.02856052254677,-0.2499181291398287,-0.024240298438898744,-0.22567783070092995,45.47077938304106,45.24422393076778,19.62874901826401,16.963871812820436,14.298994607376862,-6.860884324803594,交叉混雜,83.0
6242,2026-09-15,33.91999969482422,33.989999771118164,33.9899995803833,34.91083316802978,5161.8,24.244006897790435,31.737938338976086,-0.20473044822263375,-0.24165158405194626,0.0369211358293125,39.51854825587905,40.71988780390816,34.3137928322038,33.9899995803833,33.666206328562794,-0.5589889545994766,交叉混雜,31.0
6243,2026-09-15,37.130001068115234,38.05000038146973,39.86500015258789,43.32083333333333,272102.2,5.120432064588426,5.882810603732866,-1.9844902117926466,-1.7025940433059885,-0.2818961684866581,19.72077927984131,31.1704784889329,44.25675004068174,39.86500015258789,35.47325026449404,-8.691831464809484,空排,76.0
6244,2026-09-15,22.34000015258789,22.795000076293945,23.63499984741211,24.772500006357827,1035950.8,4.068803192125928,5.920101053523203,-0.694138636314694,-0.5137798643783966,-0.18035877193629735,15.362778702999833,29.364018665724217,25.62314855232856,23.63499984741211,21.646851142495663,-8.187006968331028,空排,44.0
6245,2026-09-15,83.06000061035157,80.64000015258789,81.37999992370605,81.21333338419596,1497911.2,65.72132083202965,57.57835656275745,0.1849336817710423,-0.2698014820441199,0.4547351638151622,58.9989496408414,55.181412109162075,86.16884625801663,81.37999992370605,76.59115358939547,2.850819644520937,交叉混雜,74.0
6248,2026-09-15,16.85999984741211,16.9,17.222499942779542,17.674166774749757,73636.2,40.606293089957035,38.69045806648623,-0.2594682426520727,-0.2393932228432283,-0.02007501980884438,23.130178659326944,31.19299070270786,18.324877949886886,17.222499942779542,16.1201219356722,-2.453190344739279,空排,27.0
6257,2026-09-15,211.8,211.8,208.425,216.4,6755707.2,28.71351942532526,38.36950946335768,0.7353032427191408,0.5872743038778736,0.14802893884126722,41.899216815727335,47.678390097104874,222.9101103224173,208.425,193.93988967758273,-0.44380472592060033,交叉混雜,92.0
6259,2026-09-15,28.389999389648438,29.004999923706055,29.61500005722046,32.708333333333336,150769.6,7.426344928413937,13.254816324866479,-0.8266129932040691,-0.6756868284132636,-0.15092616479080556,24.8393972294991,36.059146096187064,31.546484861026652,29.61500005722046,27.683515253414267,-6.128653779007492,空排,85.0
6261,2026-09-15,75.93999938964843,77.41999969482421,78.18999977111817,82.69333305358887,404854.6,18.489870359178877,19.71577997721802,-1.375413257495211,-1.1104885962798021,-0.2649246612154088,39.92067489415729,41.81100345849914,82.45190178699707,78.18999977111817,73.92809775523926,-3.440337356429817,空排,67.0
6263,2026-09-15,155.2,162.0,162.875,159.93333333333334,86512.2,13.808475196738842,26.274209650080536,-1.1221236203108447,0.7479857835753932,-1.870109403886238,26.040002121271854,36.316016124450776,174.40927386896567,162.875,151.34072613103433,-6.062931696085956,交叉混雜,71.0
6264,2026-09-15,6.0100000381469725,6.0170001029968265,6.028500103950501,6.056000065803528,47460.0,62.10624268905683,59.603256900755966,-0.01019120813406893,-0.00884923611221455,-0.0013419720218543797,50.38454599013949,47.4200457273802,6.074509252298923,6.028500103950501,5.982490955602079,-0.14099896951842145,空排,38.0
6265,2026-09-15,50.42999954223633,52.48499946594238,55.47749977111816,52.753333218892415,2952383.2,8.863719525828701,12.365417550411557,-1.342049354894911,-0.08421144129753227,-1.2578379135973787,17.588352601079762,30.706650463815222,63.233006022274225,55.47749977111816,47.7219935199621,-15.10071890687192,交叉混雜,96.0
6266,2026-09-15,24.9,24.795000076293945,24.92250003814697,24.980000082651774,113174.4,53.744189692977606,48.97719534004898,-0.037334819071052294,-0.04275553203013496,0.005420712959082669,49.76700446522639,48.85514115565579,25.302908269810683,24.92250003814697,24.54209180648326,-0.29090041755953444,交叉混雜,33.0
6269,2026-09-15,65.99999923706055,66.79999961853028,67.2400001525879,63.663333320617674,4791714.2,10.874778191021171,19.37932532496624,0.5078791344973723,1.3820817481217227,-0.8742026136243504,33.35707679153275,43.47123984555415,76.24208116656777,67.2400001525879,58.23791913860802,-5.85960872484577,交叉混雜,50.0
6270,2026-09-15,28.259999465942382,28.45999984741211,29.075,31.714999834696453,119377.2,18.70085431404143,20.989913896092997,-0.634157917749274,-0.5956109156705505,-0.038547002078723525,24.663856995266926,35.247633552843865,30.51191959352467,29.075,27.63808040647533,-3.5253680582612295,空排,68.0
6271,2026-09-15,222.9,224.55,214.825,214.95,4074181.4,30.35048129236124,43.208103434404954,6.112310683971231,6.026331025498283,0.0859796584729473,49.94169779107855,54.580580494592276,242.551626002339,214.825,187.09837399766099,2.8744326777609737,交叉混雜,89.0
6272,2026-09-15,27.95,28.445000076293944,26.305000019073486,27.069166660308838,403414.0,34.41318070648869,52.81330061592073,0.6621971000708449,0.5827356139448142,0.07946148612603066,37.455859874561874,47.63302798323652,31.325998181349462,26.305000019073486,21.28400185679751,0.36114654775861843,交叉混雜,4.0
6274,2026-09-15,1377.0,1372.0,1429.0,1446.25,6173033.0,46.714939516692844,38.34839738994654,-22.578667367773505,-15.595417004540746,-6.983250363232759,43.985688096721155,45.392320286111755,1564.6310785686348,1429.0,1293.3689214313652,-4.128761371588523,交叉混雜,97.0
6275,2026-09-15,45.26999969482422,45.71000022888184,45.430000114440915,45.62249997456868,102704.2,11.940832123237861,22.943001522255102,0.15689244257848856,0.2519463235285489,-0.09505388095006034,39.949223100716296,46.95844125161591,47.34404872056126,45.430000114440915,43.51595150832057,-1.386750772162355,交叉混雜,48.0
6276,2026-09-15,19.64000015258789,20.075,20.03000020980835,20.600833479563395,31068.2,30.279067587204747,40.01304254487596,-0.18870224781516143,-0.12713023655766487,-0.06157201125749656,34.14945454857843,39.65346251403979,21.139006477002866,20.03000020980835,18.920993942613833,-4.643034541173983,交叉混雜,2.0
6277,2026-09-15,77.02000122070312,78.18000106811523,79.32000007629395,77.00499979654948,132254.4,12.144901664212211,17.524572702570417,-0.6279118535231731,-0.0686291131688968,-0.5592827403542764,26.90943452271283,38.88724759701807,83.18487345688055,79.32000007629395,75.45512669570735,-3.8073588270692813,交叉混雜,78.0
6278,2026-09-15,187.5,191.2,191.025,180.60833333333332,1834266.8,19.351677700886146,30.46467476713456,2.857384046359641,5.026548004024942,-2.169163957665301,30.786991659107358,44.28327788967367,209.07310822568954,191.025,172.97689177431047,-5.509750032718234,交叉混雜,89.0
6279,2026-09-15,111.4,114.7,120.9,120.51666666666667,314757.6,5.237386460149851,8.685598366452167,-3.432082919864854,-1.8209075005071178,-1.6111754193577361,8.611686847600524,22.233493875579242,135.43344599988433,120.9,106.36655400011567,-8.602150537634413,交叉混雜,33.0
6281,2026-09-15,51.31999969482422,51.37999992370605,51.42999973297119,51.511666488647464,27000.0,35.41709265789868,45.50361525793993,-0.06598900654136486,-0.047173580401802195,-0.018815426139562663,34.938074253076735,42.57111075929962,51.80891803424338,51.42999973297119,51.051081431699,-0.4472077993892874,空排,28.0
6282,2026-09-15,42.74000015258789,43.3,44.08500003814697,48.80166670481364,4314269.4,12.421201403940668,19.12616155566198,-1.3538241414060508,-1.2930884792258963,-0.06073566218015447,20.95785235172002,31.856592536088286,46.231502762585485,44.08500003814697,41.93849731370846,-5.750257001004598,空排,56.0
6283,2026-09-15,19.019999694824218,19.519999694824218,19.764999866485596,20.95916665395101,172020.6,12.82268099112073,21.887036969535387,-0.47131502356115007,-0.326694008681246,-0.1446210148799041,5.837139662605452,16.37492755755939,20.96679718473213,19.764999866485596,18.56320254823906,-8.676957455148175,空排,7.0
6284,2026-09-15,76.5,77.26999969482422,77.5849998474121,83.44166666666666,805068.6,19.427389556714424,29.859266920658392,-1.0107224653530835,-0.9559026011960989,-0.05481986415698459,36.69524198581266,43.1768232316676,81.22007754120355,77.5849998474121,73.94992215362066,-3.331829416119192,空排,30.0
6285,2026-09-15,225.4,232.5,236.2,243.29166666666666,2453759.4,14.962464354217717,19.190060693503142,-5.043581641930757,-3.062958753224062,-1.9806228887066952,25.226296127569626,36.88499309280856,252.96274063762434,236.2,219.43725936237564,-6.011854360711257,空排,88.0
6290,2026-09-15,264.3,262.75,249.875,252.09166666666667,3184611.6,43.0397858148348,57.91899186092774,7.680625445938659,6.9219363524251385,0.7586890935135209,42.83852487205686,51.41360020152123,287.3574520346037,249.875,212.39254796539632,1.4507253626813406,交叉混雜,86.0
6291,2026-09-15,473.1,462.6,428.25,426.8333333333333,1905010.2,50.591571244232966,65.95874883965587,19.8902506638899,16.02705404818031,3.8631966157095903,44.86183281254043,53.449342090995316,507.150003335338,428.25,349.349996664662,4.144775248102744,多排,93.0
6292,2026-09-15,65.53999938964844,64.28999977111816,63.064999961853026,59.29249979654948,475623.4,70.7364680272007,71.24716367632465,1.5558314647250029,1.5059019436056147,0.0499295211193882,47.605494822595425,54.37095686790031,67.13557450423453,63.064999961853026,58.99442541947153,1.6411615204854058,多排,85.0
6405,2026-09-15,38.22999954223633,39.054999923706056,39.22500019073486,44.42583357493083,254515.4,8.663266847105968,15.327486167269324,-1.0050145188003654,-0.9989617341131823,-0.006052784687183066,30.54941571780863,38.91852768137704,41.84225113968107,39.22500019073486,36.60774924178865,-5.417467702436627,空排,69.0
6409,2026-09-15,881.4,928.4,977.45,1012.8666666666667,385090.6,12.339505269753438,13.494188669815028,-33.59268225656979,-17.142624677310163,-16.450057579259624,20.927353238208354,31.017752192836824,1104.0084533141217,977.45,850.8915466858783,-10.992889661875292,空排,47.0
6411,2026-09-15,77.41999969482421,78.68000030517578,78.8650001525879,83.59333305358886,154166.2,8.23027906711563,17.960786615653415,-0.8901563795202634,-0.7009061334443656,-0.1892502460758978,22.632370384083742,36.022742445508676,81.70254875500956,78.8650001525879,76.02745155016623,-3.8863844479806398,空排,33.0
6412,2026-09-15,73.93999938964843,75.52999954223633,76.88499946594239,81.7266663869222,432013.4,15.43062535983113,17.745610521849446,-1.715445637710502,-1.457171812980438,-0.258273824730064,15.132337526990185,27.749771573228628,80.92546587508487,76.88499946594239,72.8445330567999,-4.012481544662205,空排,15.0
6414,2026-09-15,372.4,379.5,387.875,407.8833333333333,855571.0,18.67589317830008,20.96339951694146,-12.6088707485589,-11.11531643412146,-1.4935543144374392,29.883386702804174,36.403954552447,410.80481281628704,387.875,364.94518718371296,-4.7373509506928775,空排,78.0
6415,2026-09-15,408.6,413.65,430.0,472.46666666666664,2759424.4,29.623947167060187,23.753549442978446,-14.06041058572282,-12.902669707931219,-1.1577408777916016,40.02006712031251,41.10383886653813,474.2492937796709,430.0,385.7507062203291,-5.5813953488372094,空排,82.0
6416,2026-09-15,113.7,107.03000030517578,103.68500022888183,96.8766668955485,2039415.0,80.79568380930073,73.05825195871033,4.669845947323552,2.792136512681363,1.8777094346421888,81.30420521327983,72.53120160180099,117.2268686810225,103.68500022888183,90.14313177674117,13.806239802785544,多排,89.0
6417,2026-09-15,103.7,104.85,106.125,116.13333333333334,38816.2,17.733777584290078,25.82859635509233,-2.811242095576219,-2.785947903958231,-0.02529419161798785,24.7286155415769,31.584931416106187,110.50046989958,106.125,101.74953010042,-5.30035335689046,空排,34.0
6418,2026-09-15,34.92999954223633,34.58999938964844,34.41749954223633,32.509999942779544,108000.0,55.79897807070189,47.41890315629378,0.671872837416835,0.7438283514060557,-0.07195551398922073,50.43915883764583,53.298831890775844,37.339156047381195,34.41749954223633,31.49584303709146,0.8208069280467232,多排,58.0
6419,2026-09-15,151.0,151.3,154.05,146.59166666666667,216686.2,22.455393404299716,33.4712735017372,-0.17163121369353007,1.428490760494276,-1.600121974187806,32.4305066325888,41.45521567466581,164.38593628789042,154.05,143.7140637121096,-7.172995780590724,交叉混雜,94.0
6423,2026-09-15,82.17999877929688,83.46999969482422,81.925,78.53166681925455,25085.0,23.338286287142665,39.21357121004903,1.0135118794798785,1.5044982901565547,-0.49098641067667614,28.95043389490185,43.80402877330081,86.45135590254391,81.925,77.39864409745608,-2.7159024128871647,交叉混雜,55.0
6425,2026-09-15,62.400000762939456,62.68000030517578,62.14500007629395,62.446666399637856,405648.6,16.884445080982516,30.03193876848536,0.35582829284405904,0.6762838713006928,-0.32045557845663375,33.586477557982604,43.625797595386736,68.4350022492192,62.14500007629395,55.854997903368705,-4.095263656043793,交叉混雜,24.0
6426,2026-09-15,311.4,295.2,274.475,215.29166666666666,4499337.6,74.93340884639508,78.95536557496135,25.672161294480077,24.37301925887475,1.2991420356053283,55.27195898276379,62.343209209997624,330.7520169036972,274.475,218.19798309630283,9.29957191001001,多排,98.0
6431,2026-09-15,18.10999984741211,18.85999984741211,19.38749990463257,18.548333390553793,53035.2,12.016682187009044,19.780298922440487,-0.2501121665560184,0.08183087468776176,-0.33194304124378016,12.860817114424705,29.697031604014455,21.154708638002454,19.38749990463257,17.620291171262686,-10.767250433735514,交叉混雜,24.0
6432,2026-09-15,54.08000030517578,57.10999984741211,60.80499973297119,69.24833329518636,320185.2,4.692481553534466,7.910709689175051,-4.298662038556131,-3.4873547652987034,-0.8113072732574276,14.52313956315352,25.18016956160811,70.27216688844129,60.80499973297119,51.33783257750109,-14.151795095503836,空排,82.0
6435,2026-09-15,239.1,242.1,248.875,284.40833333333336,242567.2,26.91288025088327,22.462682308697726,-7.654298987669932,-7.452141240138262,-0.20215774753167004,37.086297448191374,39.98014661589075,267.17620789801003,248.875,230.57379210198997,-5.3741838272225015,空排,91.0
6438,2026-09-15,147.5,151.55,149.175,148.625,236779.2,10.775223578595071,24.912860951185895,0.18417932791751923,1.2587248932672537,-1.0745455653497344,24.15093200110381,39.043680685488695,159.87313067783447,149.175,138.47686932216556,-4.474610356963305,交叉混雜,38.0
6441,2026-09-15,24.70999984741211,23.535000038146972,22.48750009536743,21.90750001271566,1064970.6,65.87043981389508,68.23266733603818,0.835860695844513,0.5224199834107848,0.3134407124337282,56.7109746276837,58.75982980942394,25.85684689046296,22.48750009536743,19.1181533002719,8.060029500862584,多排,69.0
6442,2026-09-15,1654.0,1698.5,1637.25,1511.25,2636648.6,20.424470331105216,36.75965873115024,37.36974298562404,57.345494696420026,-19.975751710795983,28.912920712603636,41.75919514650962,1831.9015104650414,1637.25,1442.5984895349586,-7.772178958619637,交叉混雜,71.0
6443,2026-09-15,23.370000457763673,24.00500030517578,25.090000247955324,28.010833485921225,2595038.4,5.858476167592706,8.1348982082814,-1.156271746297378,-1.015682068268016,-0.14058967802936184,15.880664428563236,27.175775902178756,27.611194447160152,25.090000247955324,22.568806048750496,-9.525705306482173,空排,52.0
6446,2026-09-15,1268.0,1303.5,1378.5,1286.2154052734375,3327417.8,11.808950095538059,14.376747115250964,-19.803040452973164,11.274544873433705,-31.07758532640687,28.70984176811335,38.06723652145419,1596.2903385803693,1378.5,1160.7096614196307,-12.586144359811389,交叉混雜,96.0
6449,2026-09-15,218.6,222.85,223.8,258.2916666666667,1527572.0,21.417891142367786,31.197893437886908,-6.952120144503766,-6.92462416424571,-0.027495980258056107,30.421281842168966,39.33161747290796,241.82454466904122,223.8,205.7754553309588,-6.389633601429853,空排,42.0
6451,2026-09-15,414.6,435.55,435.925,455.15833333333336,2502291.2,10.72906821631942,20.65086914584974,-7.028863627906219,-1.915746605821792,-5.113117022084427,26.893573237963807,38.93901382377578,485.27474537341857,435.925,386.57525462658145,-9.617480071113151,空排,91.0
6456,2026-09-15,63.97999954223633,66.18000068664551,67.8200002670288,66.27333304087321,2110550.4,10.349858943763468,17.127931894976108,-0.7082319675933775,0.27528177092609407,-0.9835137385194715,22.018645123646706,37.221149041837336,74.39510594677706,67.8200002670288,61.24489458728055,-9.171338496634613,交叉混雜,62.0
6461,2026-09-15,25.139999771118163,26.028285217285156,21.04414258003235,17.482214244206748,141799.8,42.69273896265117,63.38281199541021,2.576309379387176,2.3066154869772637,0.2696938924099124,55.64329105042892,66.15919744521715,31.38028321801741,21.04414258003235,10.708001942047291,16.8971379466481,交叉混雜,90.0
6462,2026-09-15,97.98000030517578,99.05000076293945,99.33500061035156,103.05999997456868,305412.0,23.927194449150615,28.889789224915052,-0.8418686585653035,-0.6337880852076905,-0.20808057335761299,36.674178153829224,41.479214564805375,102.37527433604157,99.33500061035156,96.29472688466154,-2.8539795569862063,空排,22.0
6464,2026-09-15,77.15999908447266,77.3,77.83500022888184,77.1925641377767,12653.0,42.77556641363827,39.07947166319244,-0.18101429376551437,-0.07993204529169706,-0.1010822484738173,58.43125388537196,53.21391788411788,79.65566970677926,77.83500022888184,76.01433075098441,0.2119866006718859,交叉混雜,68.0
6465,2026-09-15,42.25000076293945,44.115000534057614,45.30750026702881,50.98682378133138,124292.6,10.603573513950694,17.334960795978684,-1.8284620884485676,-1.4720665356737566,-0.35639555277481105,11.81619933159368,22.768260470105844,49.51392065863127,45.30750026702881,41.10107987542634,-9.28654586571751,空排,84.0
6469,2026-09-15,66.11999969482422,66.8,67.77999954223633,72.65036595662436,287731.8,10.080093917739266,14.75621283880092,-1.6442710169857548,-1.564509739058368,-0.07976127792738685,14.416532173690982,23.79029750262073,70.56839571060898,67.77999954223633,64.99160337386367,-4.986718853916799,空排,6.0
6470,2026-09-15,43.15999984741211,42.46500015258789,42.075,44.75083351135254,45201.8,64.28850527246857,62.459087106321654,-0.15954459942673793,-0.4727546630267817,0.3132100636000438,61.14509284498566,55.300790657671016,43.42621780999994,42.075,40.723782190000065,2.198455139631603,交叉混雜,39.0
6472,2026-09-15,405.3,410.5,425.9,417.675,391131.8,25.674721673017054,15.528704622574178,-4.065663072783764,-0.7700496066231867,-3.295613466160577,47.32978844431973,46.10483178104434,468.11199629939665,425.9,383.6880037006033,-3.4984738201455685,交叉混雜,22.0
6474,2026-09-15,35.560000610351565,36.11000022888184,37.375,37.59416669209798,33815.6,9.819260602951875,10.54148180424409,-0.7673092537773698,-0.4873761321297319,-0.2799331216476379,21.055251589729195,30.233798140150213,40.7032673646624,37.375,34.0467326353376,-5.8193959520014635,空排,39.0
6477,2026-09-15,33.9,34.34499969482422,35.58500003814697,36.22583322525024,456025.0,5.4751236396916765,6.975969391490104,-0.737702831559389,-0.5027508829484768,-0.23495194861091218,28.909012073237108,37.84358208742129,38.57236013627212,35.58500003814697,32.59763994002183,-5.859210442354535,空排,44.0
6485,2026-09-15,59.84000015258789,60.37000007629395,60.785000038146975,66.47333329518636,112008.6,21.66905781153034,32.33416945518634,-1.3152598600910892,-1.381916865957454,0.06665700586636492,29.825634458099344,38.91889987708891,63.380765333207236,60.785000038146975,58.189234743086715,-3.7591511667565567,空排,13.0
6486,2026-09-15,80.47999877929688,81.61999893188477,78.53499984741211,78.31999994913737,91174.8,16.73439980475333,31.546193753260663,1.2409213306324176,1.1554106581919392,0.08551067244047839,42.50444581654104,53.38298749470219,85.5493518699894,78.53499984741211,71.52064782483482,1.3560815289720514,交叉混雜,60.0
6488,2026-09-15,917.6,938.9,954.05,1043.8833333333334,5433809.0,30.73576694577352,38.23376302091341,-21.222371564349032,-17.87357892986049,-3.348792634488543,40.78775858550178,44.23511132502528,1019.8710492647901,954.05,888.2289507352098,-4.197893192180699,空排,93.0
6491,2026-09-15,375.7,379.35,379.025,361.75,266572.4,47.95631509487837,35.10452370286234,4.188869828201177,5.346109871889476,-1.157240043688299,66.15567050268493,60.036167927464284,398.31905417002883,379.025,359.7309458299711,2.895587362311199,交叉混雜,84.0
6492,2026-09-15,33.65999984741211,33.85499992370605,34.6625,39.13833338419597,148797.8,19.29450831671005,22.59356056898836,-1.3560133438331192,-1.4645112011037664,0.1084978572706472,21.652124029340342,26.39248213499566,37.05940060505983,34.6625,32.265599394940175,-3.9307631098145097,空排,11.0
6494,2026-09-15,50.21999969482422,52.599999618530276,53.58499984741211,55.691666730244954,93217.6,7.382728239486225,17.832165379459703,-1.0666044707031475,-0.43677988906240706,-0.6298245816407404,16.225573108251282,29.905704867433087,57.905343921115296,53.58499984741211,49.26465577370892,-8.463190488504925,空排,69.0
6496,2026-09-15,24.50999984741211,24.504999923706055,24.5375,24.634166717529297,1905.6,72.62894636619731,60.694339593663315,-0.0007880515574640867,-0.011432368870305212,0.010644317312841125,57.15554824388221,53.394416200930465,25.028337069238578,24.5375,24.046662930761425,0.6622547649086162,交叉混雜,41.0
6498,2026-09-15,67.39999847412109,70.86999969482422,73.06000022888183,79.48166694641114,197862.8,5.613910226904741,10.939292952133851,-2.958858649081421,-2.0976155770695675,-0.8612430720118534,22.683999472887763,31.61062108032499,81.08270684708603,73.06000022888183,65.03729361067764,-12.1270233409295,空排,3.0
6499,2026-09-15,70.73999938964843,71.85999908447266,70.36499977111816,66.84666659037272,182637.6,23.944045636173428,29.939570517157613,1.590965927076624,1.9636272373939996,-0.3726613103173755,45.44145887973635,52.49743775595542,78.8020803731701,70.36499977111816,61.92791916906623,0.19185707286429607,交叉混雜,15.0
6504,2026-09-15,37.12000045776367,37.260000228881836,37.51750030517578,37.48333352406819,39798.0,26.122966024387523,34.502596928448014,-0.2647624655578156,-0.16758872609133182,-0.09717373946648375,36.01875945016972,40.327004010041684,38.499590095649665,37.51750030517578,36.535410514701894,-2.5787993876067485,交叉混雜,36.0
6505,2026-09-15,84.6,81.55999908447265,77.00999946594239,71.26333300272624,37296599.4,61.39140929998669,69.77034116263115,3.475834256994588,2.8260770340034385,0.6497572229911497,60.241381568444496,61.3854877980857,88.07095918955861,77.00999946594239,65.94903974232616,7.648360084123063,多排,92.0
6506,2026-09-15,18.070000076293944,18.164999961853027,17.89999990463257,17.784999910990397,50259.2,20.90771523068395,40.146899056878425,0.16155629386023662,0.17388342863832693,-0.012327134778090304,36.88495892114072,50.92987989569385,18.583643505964268,17.89999990463257,17.21635630330087,-1.5983368556240811e-06,交叉混雜,68.0
6508,2026-09-15,25.060000228881837,25.489999961853027,25.775,25.638333320617676,29231.4,20.735267618320357,24.937077513532472,-0.22919021465002842,-0.08236152179177104,-0.1468286928582574,14.734148381659665,31.089766236082752,26.706608475357157,25.775,24.84339152464284,-3.9767216294859304,交叉混雜,58.0
6509,2026-09-15,45.6,46.03999977111816,45.92249984741211,47.65750007629394,553996.2,35.676336786922235,35.490075015158205,-0.30617521970183503,-0.3106233654665213,0.004448145764686273,56.04877464713502,50.32250876132024,47.230159725056595,45.92249984741211,44.61483996976763,0.49540351510200836,交叉混雜,75.0
6510,2026-09-15,3478.0,3461.5,3101.25,2921.5,1080471.8,38.23942987508376,58.49022227515742,181.6545155252934,161.5304796457225,20.124035879570897,42.260775881194,53.40326725875256,3891.4789808057303,3101.25,2311.0210191942697,4.957678355501813,多排,89.0
6512,2026-09-15,20.33000030517578,20.370000457763673,20.42000036239624,20.20250021616618,6812.4,34.28636020658426,40.96880939992076,0.03265583140088779,0.07152345612875295,-0.03886762472786516,49.10384225866263,50.024876086521196,20.839774435605186,20.42000036239624,20.000226289187296,-0.3428010758286786,交叉混雜,63.0
6515,2026-09-15,6855.0,7010.0,6661.25,7006.583333333333,571919.4,24.021615152392698,44.46214875117247,33.60034260671273,43.39676894818411,-9.796426341471381,30.691840506477675,41.195877159446454,7604.764566311576,6661.25,5717.735433688424,-5.273034340401576,交叉混雜,94.0
6516,2026-09-15,56.74000091552735,57.24000015258789,57.64000015258789,57.93499997456868,50200.8,28.614582082614834,24.265081661497135,-0.47068498385905144,-0.3217015512325987,-0.14898343262645275,42.72114280061166,41.750163859958214,58.97991290543149,57.64000015258789,56.300087399744285,-1.2838282872137665,空排,46.0
6517,2026-09-15,63.540000915527344,65.73000106811523,67.10499992370606,67.11166687011719,253806.4,4.9054837850547734,13.450357764314044,-0.8918935644271784,0.021658376716857358,-0.9135519411440357,25.886344806463867,37.41899069752272,73.92585825078999,67.10499992370606,60.284141596622135,-9.097682632660817,空排,34.0
6523,2026-09-15,89.8,89.69000015258788,89.75500030517578,90.95833346048991,15659.6,56.30053346675298,62.69503295806708,-0.23561936364683334,-0.3241277971911117,0.08850843354427834,40.83346933638305,43.325153513603226,90.30741127701751,89.75500030517578,89.20258933333406,-0.3955197794995791,交叉混雜,17.0
6525,2026-09-15,127.6,131.25,135.875,149.86666666666667,747738.2,20.83683162022462,17.522498015263942,-4.520600756774229,-3.484332150803461,-1.036268605970768,30.455354963129523,36.59262375610371,147.94442635884775,135.875,123.80557364115226,-7.635694572217111,空排,86.0
6526,2026-09-15,632.4,636.0,617.6,617.9,275951.4,29.589471134544617,36.17279157014045,8.160928678371079,8.343943885918643,-0.18301520754756417,43.04514986022001,50.43382087040837,673.5864645296193,617.6,561.6135354703807,0.874352331606214,交叉混雜,74.0
6527,2026-09-15,75.88000030517578,75.12999954223633,75.05999984741212,73.02166633605957,50800.0,35.19695473632808,38.454473991363564,0.5957248786309037,0.664679943794781,-0.06895506516387728,46.24865749158616,51.84140145501252,76.62864142863859,75.05999984741212,73.49135826618564,-0.0799358480336897,多排,58.0
6530,2026-09-15,93.06000061035157,95.2,90.37999992370605,82.64833335876465,2112475.4,22.532333441911582,41.01816180750906,3.074693199459361,3.7089483338053424,-0.6342551343459815,38.550889027470596,49.327029901531915,103.33182944365281,90.37999992370605,77.4281704037593,-0.9736666568365795,交叉混雜,77.0
6531,2026-09-15,973.8,954.0,923.8,894.2,4318122.8,38.54369084275668,56.12559965931334,23.55024492987843,24.560886356224145,-1.010641426345714,36.04032083305153,45.80718132345545,1024.3052499283542,923.8,823.2947500716457,-3.6588006061918117,多排,93.0
6532,2026-09-15,94.91999969482421,96.53000030517578,93.44000053405762,83.45333379109701,607494.4,29.136642178240123,46.1048696434976,3.2232831041457786,4.129543298129197,-0.9062601939834183,34.46400645443401,49.571027883338736,102.54139463262493,93.44000053405762,84.3386064354903,-1.8621613611626873,交叉混雜,86.0
6533,2026-09-15,237.7,249.3,253.075,229.96666666666667,828864.6,7.159120020310423,16.406221617589537,-0.7104655208023587,4.678443569397599,-5.388909090199958,9.893282501005089,29.28611384899132,278.3592264121814,253.075,227.7907735878186,-11.291119233428821,交叉混雜,62.0
6534,2026-09-15,91.03999938964844,91.32999954223632,91.63999977111817,92.31999994913737,37276.2,19.96989953177434,31.844151274272953,-0.5490110526977503,-0.4007302186072354,-0.1482808340905149,22.91707211183565,33.7694630481446,93.11883258175519,91.63999977111817,90.16116696048115,-2.007853256171943,空排,48.0
6535,2026-09-15,77.3,77.97999954223633,78.39500007629394,88.51833318074544,220601.8,22.20970995084679,30.250812922429105,-2.918019449291947,-3.1541671066932246,0.23614765740127774,39.4182884363716,40.7041156897723,83.620633627116,78.39500007629394,73.16936652547187,-4.075519006240676,空排,2.0
6538,2026-09-15,358.6,324.05,264.325,183.1,690061.4,92.76192725265895,93.75237654237117,52.13549965353519,41.58009622192619,10.555403431609001,81.21737219979454,82.41384958944784,400.9887344572045,264.325,127.66126554279546,38.087581575711724,多排,99.0
6541,2026-09-15,30.98999938964844,31.384999656677245,33.637499713897704,37.41749989191691,323812.0,8.14204610439033,11.353490099916302,-1.8759525690791534,-1.6886055314031545,-0.18734703767599892,13.574136505577414,22.06550103527097,38.76809684954365,33.637499713897704,28.506902578251758,-9.921963597842058,空排,4.0
6546,2026-09-15,59.57999954223633,60.869999694824216,61.9,62.988333002726236,132546.0,8.09398688521237,10.155435420307203,-0.8174882880457233,-0.41435898932678306,-0.4031292987189402,22.285260716654022,36.10642663840099,65.08351098738981,61.9,58.71648901261019,-4.523427343907763,空排,18.0
6547,2026-09-15,61.21999969482422,61.829999923706055,60.28000011444092,51.93916676839193,8361430.8,23.187560172105435,34.7980739489026,2.310931262386866,3.088246635516951,-0.7773153731300848,44.692545589505585,51.782671610125405,68.65655843395322,60.28000011444092,51.903441794928604,-0.9621754319846401,交叉混雜,90.0
6548,2026-09-15,71.3,72.10999984741211,71.9900001525879,75.17666651407878,1778089.8,32.58642998415695,32.51125106226837,-0.40548846979866937,-0.35553966971047896,-0.049948800088190415,48.92444003071734,48.66120461938179,75.44613046282082,71.9900001525879,68.53386984235497,-0.40283817715103004,交叉混雜,89.0
6550,2026-09-15,10.043999862670898,10.192000007629394,10.678499984741212,11.644500017166138,1689768.8,5.247136930115975,8.562553773716285,-0.40655860332344496,-0.36385647239061963,-0.04270213093282532,24.193297307735904,34.292552445487686,11.993487050676949,10.678499984741212,9.363512918805474,-7.29035320806628,空排,1.0
6552,2026-09-15,23.389999771118163,23.774999809265136,24.405000019073487,25.998333326975505,52506.0,17.452954944193213,16.045935780535235,-0.5644426901834656,-0.4909763706014817,-0.07346631958198391,16.256656187284875,29.682629484528206,25.93295051254719,24.405000019073487,22.877049525599784,-4.322883166479148,空排,22.0
6556,2026-09-15,60.94000091552734,61.060000610351565,60.69500045776367,64.68999996185303,10200.0,51.40526889388287,60.1856478844233,-0.5804049745271485,-0.7811173134796029,0.20071233895245444,36.666515323328184,42.2382653703406,62.84267995024286,60.69500045776367,58.54732096528448,-0.4860349776091461,交叉混雜,22.0
6558,2026-09-15,23.61999969482422,23.97999973297119,24.487499904632568,26.42749983469645,144548.0,9.994896274181215,14.01791336001273,-0.6917142788043087,-0.6201210058436071,-0.07159327296070161,27.367713966858958,33.52214029137039,25.936592544573436,24.487499904632568,23.0384072646917,-5.870344760267148,空排,4.0
6560,2026-09-15,30.75999984741211,30.904999923706054,31.07249994277954,33.51416670481364,34435.2,39.34400925987927,32.76759681829664,-0.44433646877989474,-0.5861633931755704,0.14182692439567568,71.78028665935666,56.93141716578576,31.9529755179264,31.07249994277954,30.19202436763268,2.502213983818375,空排,13.0
6561,2026-09-15,314.3,318.3,320.075,325.1666666666667,67248.6,8.337832572213527,15.569537179716415,-3.0569938316509706,-1.9943784833932794,-1.0626153482576912,10.586269508961124,25.815196579619425,328.2137636458893,320.075,311.9362363541107,-3.7725533078184763,空排,24.0
6568,2026-09-15,133.8,134.9,131.875,141.475,64480.8,26.593611036256483,37.2087041717944,-1.0871220226269145,-1.708749247043707,0.6216272244167924,42.34838551010385,45.817716906388895,140.31597150806857,131.875,123.43402849193141,-0.2843601895734597,交叉混雜,42.0
6569,2026-09-15,90.38000030517578,90.75,91.65000038146972,97.84500020345052,30277.8,41.85369014700666,36.95975957344013,-1.6076024359613115,-1.8049938624773854,0.1973914265160739,36.287781003433395,37.21612671360141,94.0159876181682,91.65000038146972,89.28401314477125,-1.90943682302989,空排,13.0
6573,2026-09-15,15.889999961853027,16.20999994277954,16.912500047683714,19.176666736602783,132004.0,8.687037525091357,12.15366543525735,-0.5872696852025427,-0.5064500005224704,-0.08081968468007239,26.613957570396238,36.95809917717801,18.665054626614204,16.912500047683714,15.159945468753227,-8.05617060226087,空排,77.0
6574,2026-09-15,119.7,119.55,120.05,123.76666666666667,18411.8,47.287092300008204,48.29868204566179,-1.552129203752827,-1.647713279067639,0.09558407531481206,44.18330871742654,44.42251816973439,122.76254396034805,120.05,117.33745603965194,-0.458142440649727,交叉混雜,86.0
6576,2026-09-15,81.5,81.35,80.68999977111817,80.75833269755046,128001.0,67.10923911912786,66.03490422301024,0.4439377676126526,0.30354206329893163,0.14039570431372095,58.39537239544079,57.216882049153206,82.7814855162499,80.68999977111817,78.59851402598643,1.4995684201177086,交叉混雜,66.0
6577,2026-09-15,78.71999969482422,79.44000091552735,80.02500038146972,79.15666720072429,42831.8,47.383248244792924,44.18828842841464,-0.3009736306125177,-0.13024427370302671,-0.17072935690949098,49.71061707483847,47.86794983432131,81.7864298428233,80.02500038146972,78.26357092011615,-0.7810045018575718,交叉混雜,70.0
6578,2026-09-15,17.420000076293945,17.73000011444092,17.892500019073488,17.227499993642173,39706.0,18.91392071990223,30.154815206696785,-0.06691382554802416,0.09066792137831613,-0.1575817469263403,17.89228069528896,32.373603467587415,18.610886375155243,17.892500019073488,17.174113662991733,-4.98812361672253,交叉混雜,37.0
6579,2026-09-15,148.4,148.3,148.125,157.55,189008.4,52.68804564610919,54.86575007514072,-2.331816651129685,-2.8829753082498053,0.5511586571201201,44.65895947189996,44.67526022345733,152.35366160237038,148.125,143.89633839762962,-0.42194092827004215,交叉混雜,75.0
6581,2026-09-15,110.7,110.05,109.275,108.13333333333334,21850.0,52.90820785931533,63.186688342143256,0.6355435067311532,0.5637281833350074,0.07181532339614582,37.65667430779976,47.32795532598861,111.7980516193063,109.275,106.7519483806937,-0.25165865934569265,多排,60.0
6582,2026-09-15,31.500000381469725,31.690000343322755,32.0350004196167,32.21916675567627,20511.6,16.190920718260426,19.41751602808627,-0.17339011431803897,-0.06374963205508463,-0.10964048226295434,20.43819268595871,34.71571544323791,33.05640294681447,32.0350004196167,31.013597892418925,-2.6065230083965716,空排,53.0
6584,2026-09-15,557.6,593.0,604.3,596.5583333333333,449991.0,8.965030773740976,17.432835692108554,-5.371856373981245,6.695148720687853,-12.0670050946691,25.952528073076095,38.051888716226244,682.3070172281996,604.3,526.2929827718003,-11.136852556677141,交叉混雜,87.0
6585,2026-09-15,103.6,108.05,111.2,118.875,194128.0,17.96102647563442,19.20496261125745,-3.703474429482739,-2.7326949731567076,-0.9707794563260315,19.02662398900071,28.95718528115657,120.68905186323605,111.2,101.71094813676396,-7.823741007194247,空排,50.0
6588,2026-09-15,108.4,109.25,108.275,93.29833323160807,1529216.0,23.97739263863243,39.638081754059584,3.205921364922915,4.655296667533784,-1.4493753026108687,30.32028042977683,43.80753984219894,119.82113172862469,108.275,96.72886827137532,-7.642576772108063,交叉混雜,94.0
6589,2026-09-15,47.62000045776367,47.750000381469725,48.84250011444092,48.215833282470705,609591.6,49.53222377229122,32.34938525457673,-0.3142603992796751,-0.14606592769324298,-0.1681944715864321,56.076885423706855,51.465517464546906,51.87639153441351,48.84250011444092,45.808608694468326,-0.3941210792055577,交叉混雜,32.0
6590,2026-09-15,61.75999908447265,62.235903930664065,63.4129524230957,65.2326503753662,42759.6,57.372392035196185,41.43307723984455,-0.7027127848507249,-0.9739469429471825,0.2712341580964577,76.80400759108038,66.07735049460842,69.19870796134067,63.4129524230957,57.62719688485073,8.337483626169854,空排,55.0
6591,2026-09-15,41.980001068115236,42.18500022888183,42.52999992370606,45.690833218892415,75270.6,22.573245204522024,26.489886999184826,-0.8072936176919683,-0.8572284717754568,0.04993485408348852,26.836629001687385,33.148482651054564,43.59345982897049,42.52999992370606,41.46654001844163,-2.4218197167969886,空排,3.0
6592,2026-09-15,59.94000015258789,60.37000007629395,60.66499996185303,60.702605438232425,216338.0,14.928934168254395,20.428079861273268,-0.2704067967177082,-0.12780554504983777,-0.1426012516678704,29.497941109200084,39.487704429894805,62.05105758374047,60.66499996185303,59.27894233996558,-1.59070172178419,空排,47.0
6593,2026-09-15,31.739999771118164,31.734999656677246,32.05500001907349,32.78416684468587,18073.6,30.047325306349652,29.46248576135003,-0.26873516041472456,-0.27122114637416067,0.00248598595943611,36.034696847307366,40.69285598038581,32.87057255443661,32.05500001907349,31.239427483710365,-1.4194342141102072,交叉混雜,16.0
6596,2026-09-15,94.08000030517579,94.69000091552735,95.20500106811524,91.98666725158691,84403.4,17.102883097372132,19.428750535461084,0.473604838911001,0.917418710116036,-0.443813871205035,41.94563609581722,48.761503706866435,97.41166662352258,95.20500106811524,92.9983355127079,-1.2656909349258962,交叉混雜,12.0
6598,2026-09-15,28.15,27.835000038146973,28.017500019073488,27.021666717529296,233305.2,35.719090112209294,42.63343720414182,-0.017895461573306903,0.06696649582194432,-0.08486195739525122,36.19671787441779,43.325059381574164,29.29205844064668,28.017500019073488,26.742941597500295,-3.0962805387798538,交叉混雜,80.0
6603,2026-09-15,25.00999984741211,25.044999885559083,25.70499982833862,25.60916665395101,1150427.2,39.00520819766987,27.34524129488901,-0.346416652234808,-0.25874520880028035,-0.08767144343452765,46.42065994312913,45.53551876019461,27.4199190221916,25.70499982833862,23.990080634485643,-2.5481447020122743,交叉混雜,80.0
6605,2026-09-15,136.5,136.85,138.35,135.55833333333334,236038.0,40.55862601030414,31.07437213989293,-0.06258701636758701,0.2732788283621069,-0.3358658447296939,52.960376268821136,50.72924314441215,142.2581561138838,138.35,134.44184388611617,-0.6143838091796129,交叉混雜,56.0
6606,2026-09-15,25.50999984741211,25.51499996185303,25.707499980926514,25.725833384195962,51200.0,30.791285395473118,37.94685467738902,-0.18173416064081493,-0.11757094081303109,-0.06416321982778385,30.319815296155113,37.520370730640714,26.408082790118875,25.707499980926514,25.006917171734152,-2.557622267251948,空排,60.0
6609,2026-09-15,39.13999938964844,39.54499969482422,39.572499465942386,39.514166577657065,86600.6,13.980838300710973,20.952438656476243,-0.049109137205043396,0.07537656031643165,-0.12448569752147505,31.74092832758349,42.975310402702725,40.55255071691212,39.572499465942386,38.59244821497265,-1.8257653713359805,交叉混雜,64.0
6612,2026-09-15,70.71999969482422,70.6,71.12357215881347,71.85285771687826,25284.2,33.47226489556265,40.67051734078029,-0.3706336963394392,-0.36463749514270716,-0.005996201196732054,37.945098726549894,42.64477239902947,74.49731750702846,71.12357215881347,67.74982681059849,-2.0015519009542326,交叉混雜,30.0
6613,2026-09-15,259.6,260.15,260.55,296.2,185817.2,24.649634957025285,29.15615728932409,-6.019230324632986,-6.818933583794798,0.7997032591618121,38.462379039482556,41.892596170361486,277.7390417968765,260.55,243.3609582031235,-2.1301093839953986,空排,71.0
6614,2026-09-15,35.59000091552734,35.56500015258789,35.72750015258789,37.36416670481364,24420.0,39.180446173263206,45.25565055427792,-0.3293963196098417,-0.39898848333190984,0.06959216372206811,36.62369132431583,38.67375400038713,36.25910639378761,35.72750015258789,35.195893911388175,-0.7767109046624407,交叉混雜,9.0
6615,2026-09-15,33.790000915527344,33.94500045776367,34.105000495910645,34.71750011444092,1728.2,27.777061564463946,28.948304331625984,-0.1419041835881103,-0.09764370707766984,-0.04426047651044046,31.934176534651826,40.97397991662907,34.72220951895176,34.105000495910645,33.48779147286953,-1.1875083626512566,空排,65.0
6616,2026-09-15,8.45,8.389000034332275,8.358500051498414,8.738833347956339,13013.0,83.1941622221903,78.09758047465169,-0.06704265168292167,-0.11261485897325932,0.045572207290337646,68.06399235985936,56.07430530289298,8.630124862430687,8.358500051498414,8.08687524056614,2.291082587265398,交叉混雜,30.0
6617,2026-09-15,128.5,126.9,121.15999984741211,101.64333318074544,685795.4,47.01511263605158,55.718577409244546,7.783491324542453,8.366917700761059,-0.5834263762186058,49.315342041068355,58.124797538953345,142.16690677395448,121.15999984741211,100.15309292086974,3.582040407769602,多排,92.0
6620,2026-09-15,126.3,116.94000015258788,98.11500091552735,92.70500043233235,1959922.2,83.57559455172121,85.94650109888123,11.645329860644978,8.183796286080176,3.461533574564802,63.780091518092014,67.77772930707636,141.47694120726294,98.11500091552735,54.75306062379174,24.343881018802186,多排,91.0
6624,2026-09-15,39.26999969482422,39.81500015258789,40.820000076293944,41.10583318074544,7811.2,26.168793929478944,31.334157266566685,-0.6210518110474723,-0.38528226510723296,-0.23576954594023936,42.57801027281852,43.24638653656429,43.350321631014545,40.820000076293944,38.28967852157334,-3.7236669191388163,空排,22.0
6625,2026-09-15,74.32000122070312,75.01000137329102,76.00000114440918,76.81500040690104,80755.8,10.803028587186088,17.729530449084418,-0.7608085445917396,-0.40526902983977997,-0.35553951475195966,16.112122232813476,28.894299096630107,78.79096302576627,76.00000114440918,73.20903926305209,-3.5526290157825753,空排,35.0
6629,2026-09-15,103.6,105.35,107.8,107.575,35400.0,24.43367239972997,21.750075672286066,-1.49475587338587,-0.7625163581444929,-0.732239515241377,21.047361584384234,31.85159917301199,113.92501342640486,107.8,101.67498657359513,-4.452690166975879,交叉混雜,46.0
6640,2026-09-15,1162.0,1197.0,1114.15,1021.9,363041.0,30.743793712466246,49.63028799549794,45.46330940326402,53.26037525526804,-7.7970658520040175,36.0779458867718,48.35117555999016,1322.5608038415621,1114.15,905.7391961584381,-1.2700264775838164,交叉混雜,85.0
6641,2026-09-15,16.949999618530274,17.039999771118165,17.432499885559082,17.812500031789146,9261.4,22.85666916964562,21.121744338322646,-0.2670416445526804,-0.21249799203262068,-0.05454365252005974,19.82890225073521,28.80235903701505,18.344568285176265,17.432499885559082,16.5204314859419,-3.6282842544143232,空排,29.0
6642,2026-09-15,76.4999984741211,78.32000045776367,78.9,79.09000015258789,98625.8,9.279378564394232,20.231640376578465,-0.8353012712000805,-0.17596983521467785,-0.6593314359854026,31.458584375037404,40.132884442510594,83.91660443226687,78.9,73.88339556773315,-4.816225001113956,空排,79.0
6643,2026-09-15,418.6,416.85,418.475,432.625,334892.6,28.86834203046604,32.63237591143401,-3.5966931337534334,-3.6510144107718174,0.05432127701838407,43.1691067712652,45.71816325087512,442.80275110207566,418.475,394.1472488979244,-2.02521058605652,交叉混雜,27.0
6645,2026-09-15,12.689999771118163,12.514999866485596,12.637499904632568,13.76499999364217,38931.8,41.456831240860595,35.515018896011014,-0.1880678120396908,-0.2763100355599816,0.08824222352029082,51.11916666634765,47.05861976262699,13.277298475803857,12.637499904632568,11.99770133346128,0.09890970517929241,交叉混雜,9.0
6649,2026-09-15,35.83000030517578,35.60500030517578,35.38000011444092,36.709166844685875,44212.0,67.43286413292742,60.339765449592264,-0.09313622794601173,-0.26632566738301283,0.1731894394370011,70.55016162201107,57.10831704126643,36.094806009778665,35.38000011444092,34.66519421910317,1.8937227825111227,交叉混雜,24.0
6651,2026-09-15,140.4,144.2,145.0,139.38333333333333,96626.2,26.080639650145276,28.29139539548421,1.2264189763886577,2.6597846953866897,-1.433365718998032,44.90224975351589,48.941319758781695,155.95925468076595,145.0,134.04074531923405,-2.413793103448276,交叉混雜,90.0
6654,2026-09-15,203.0,208.7,191.225,182.9,31413.4,33.09380680622071,52.36392335328142,8.738231108955944,8.740402729541882,-0.0021716205859387827,45.33646401513876,53.5170336767638,234.80973296199443,191.225,147.64026703800556,4.065890966139367,交叉混雜,94.0
6655,2026-09-15,122.2,119.9,117.85,118.63333333333334,14459.0,91.65084910498963,83.00598521930482,1.304928002011934,0.44121363601240904,0.863714365999525,78.98383364759435,68.3254679049929,124.3477728978146,117.85,111.3522271021854,4.369961815867633,交叉混雜,62.0
6657,2026-09-15,35.38999862670899,33.17999954223633,31.674999713897705,32.897499815622965,551210.6,55.76660242868472,63.986817485287304,0.8348205147214216,0.302945210772508,0.5318753039489136,52.13126027354131,55.53114056111458,36.57875666783863,31.674999713897705,26.771242759956777,6.077344207137521,交叉混雜,12.0
6658,2026-09-15,169.1,172.75,169.0,172.15833333333333,130621.2,13.652216101289884,26.251513155509635,1.3167803394855753,2.369519046607227,-1.0527387071216516,34.413465943713206,44.828705115774916,186.70816047387197,169.0,151.29183952612803,-3.5502958579881656,交叉混雜,96.0
6661,2026-09-15,16.529999923706054,16.594999885559083,16.789999961853027,17.42833331425985,3600.2,37.73017861377631,35.06306697343422,-0.2194808944819826,-0.20773228944872768,-0.011748605033254922,49.801917117227724,47.182859716777585,17.620092544932618,16.789999961853027,15.959907378773435,-1.1316234712029831,空排,43.0
6662,2026-09-15,28.660000228881835,28.580000114440917,29.00500030517578,29.47500006357829,2406.4,23.62869062299537,22.225135564421507,-0.2513738966764727,-0.22556049603227551,-0.025813400644197182,40.327886194591116,42.211228957961666,29.962464477027744,29.00500030517578,28.047536133323817,-1.7410801581190332,交叉混雜,41.0
6664,2026-09-15,341.0,349.9,350.5,358.725,260485.6,13.086988902264054,21.135660757942226,-3.4725887708016216,-1.2029286385722333,-2.2696601322293883,23.245288361630713,38.814708512958404,372.8229879154581,350.5,328.1770120845419,-4.9928673323823105,空排,72.0
6666,2026-09-15,44.39000015258789,44.45,44.20249996185303,43.951666768391924,30420.0,61.0445840913894,65.08352542263255,0.18945982483992196,0.2331026689350488,-0.04364284409512684,38.84796534098249,47.829151919317624,45.55097873240894,44.20249996185303,42.854021191297115,-0.4581187987733436,交叉混雜,56.0
6667,2026-09-15,245.9,240.9,230.4392822265625,239.53809407552083,303199.4,58.71391560566454,64.41771462906657,3.9619609356370233,1.626003627975755,2.3359573076612685,42.96078904860103,50.818742231446755,259.131488684867,230.4392822265625,201.74707576825801,2.413094555628029,交叉混雜,32.0
6668,2026-09-15,41.41999969482422,41.739999771118164,40.507499885559085,37.864166768391925,2214268.2,36.53167505191861,34.969472443584564,1.2479344998923736,1.3371343620586111,-0.08919986216623754,59.99148965053604,58.89695890340055,46.725069655314854,40.507499885559085,34.289930115803315,5.412580098931246,交叉混雜,65.0
6669,2026-09-15,2313.0,2404.5,4312.499865722656,5021.666621907552,2383403.0,10.125509047717518,9.08427892918316,-997.6919582082369,-775.8567195149803,-221.83523869325654,16.470216771649476,21.664376924469494,8627.101368757098,4312.499865722656,-2.1016373117854528,-46.318838908251884,空排,2.0
6670,2026-09-15,274.7,275.75,273.375,264.65,134749.0,18.701955647194705,32.99692331477076,2.262558417928915,3.020543992249735,-0.7579855743208199,35.54574135882784,47.16515186244511,285.6648117839123,273.375,261.0851882160877,-1.0516689529035208,交叉混雜,54.0
6671,2026-09-15,22.85999984741211,22.960000038146973,23.007499980926514,23.427499961853027,4000.0,29.045916366425153,39.66252276927322,-0.10391085197606031,-0.09923985829560233,-0.00467099368045798,39.73396372494486,43.82089397329356,23.554525666146574,23.007499980926514,22.460474295706454,-1.1192001788111914,空排,8.0
6672,2026-09-15,295.2,289.35,283.15,265.6166666666667,4506861.8,58.031949421379,60.4713094853164,10.3129469621706,10.338624341263879,-0.025677379093279384,52.72054061310777,56.45020557547205,307.94409946783964,283.15,258.3559005321603,2.7723821296132876,多排,97.0
6679,2026-09-15,196.2,200.65,200.9,221.91666666666666,167423.8,15.365591360703233,22.01323388759895,-4.992861530756926,-5.103854289551587,0.1109927587946613,32.23960194573084,37.9194417942044,210.09152928118306,200.9,191.70847071881695,-3.4345445495271307,空排,23.0
6680,2026-09-15,53.17999954223633,53.39000015258789,52.42500019073486,52.67199516296387,3909.0,46.45340070806377,53.02228681595785,0.11079903497181931,-0.01300537082417481,0.12380440579599412,56.668925579991786,53.82797543614345,55.09481196113987,52.42500019073486,49.75518842032986,2.6227926396244228,交叉混雜,35.0
6683,2026-09-15,1347.0,1375.5,1274.75,1351.85,1143299.2,55.11595263089006,55.126824812736785,34.03480459356524,21.238835411559645,12.795969182005596,68.74721405588042,61.287353087712205,1521.1872451344925,1274.75,1028.3127548655075,13.74779368503628,交叉混雜,95.0
6684,2026-09-15,44.84000015258789,45.489999771118164,46.01999988555908,50.115833346048994,46154.8,8.138520357879978,13.627825080217402,-0.9948391139882276,-0.9015836782961895,-0.09325543569203809,29.15485118010652,35.77590538248765,47.870859780461664,46.01999988555908,44.1691399906565,-3.5202050493453485,空排,26.0
6689,2026-09-15,65.08000030517579,63.25,62.430000114440915,62.188333129882814,2307316.0,59.85527803717426,45.01932072719385,1.1634156623193945,0.2880821682148062,0.8753334941045883,74.97638530549223,68.67347508936209,67.84113943972518,62.430000114440915,57.01886078915665,11.004329528629572,多排,59.0
6690,2026-09-15,172.9,168.0,166.025,164.51666666666668,662952.6,54.975272722361694,40.32525537198913,3.094154174164089,0.7993129376378787,2.29484123652621,76.64914782374558,72.96713916405999,180.2468327340661,166.025,151.80316726593392,10.525523264568585,多排,68.0
6691,2026-09-15,614.2,613.9,616.2409088134766,685.8803029378255,330046.6,39.631038483288755,43.10531341153217,-17.536710944571496,-19.359107992082695,1.822397047511199,38.52167540565651,39.600842115721406,637.4586644602267,616.2409088134766,595.0231531667265,-1.3372868784942937,交叉混雜,67.0
6693,2026-09-15,176.4,178.7,174.675,192.05,994352.4,35.93230472673102,42.43700869849562,-0.4271013307902365,-0.6887417081020187,0.26164037731178225,44.10385124099533,47.19496056093818,189.70925912269357,174.675,159.64074087730646,-0.6726778302561965,交叉混雜,94.0
6695,2026-09-15,46.63999938964844,47.819999313354494,47.92249984741211,51.86416645050049,243899.2,7.722623865614527,18.037491159958734,-1.050440522863724,-0.8860625155705895,-0.16437800729313445,28.181129770176383,36.359527786815484,50.415537704008806,47.92249984741211,45.42946199081542,-4.846369410372979,空排,45.0
6697,2026-09-15,40.75999984741211,40.83499946594238,40.8524995803833,40.80249996185303,34047.8,34.40266298944021,28.202555938115104,0.027029956376395603,0.0044727708340936805,0.022557185542301923,55.356918458465394,53.074983891297485,41.60816260960706,40.8524995803833,40.09683655115955,0.4834457100688173,交叉混雜,33.0
6698,2026-09-15,31.410000228881835,31.620000267028807,31.704999923706055,35.04000005722046,121626.6,21.0969860553747,26.522255254647177,-0.5429818439770742,-0.6373647817600401,0.09438293778296591,46.28471851878936,44.8227933282774,33.02285265956858,31.704999923706055,30.387147187843528,-0.8042868991648754,空排,36.0
6703,2026-09-15,100.4,101.55,102.425,104.03409080505371,51355.8,25.982889486430942,33.0794931811872,-1.0057844815052022,-0.771420896446062,-0.23436358505914012,31.52467334201961,35.29291936623363,105.02611312205133,102.425,99.82388687794867,-1.8794239687576246,空排,55.0
6706,2026-09-15,136.2,130.1,125.425,124.26500002543132,9996142.6,68.42000433613839,58.70136951228554,5.06864922125142,2.4487165943288387,2.619932626922581,68.9597489863964,65.57660511812992,143.53656943416038,125.425,107.31343056583961,14.411002591189956,多排,86.0
6708,2026-09-15,37.369998931884766,37.83999938964844,37.94499950408935,38.62083333333333,13860.4,23.895126240416637,35.860822430093954,-0.30628872206865765,-0.23219105650492208,-0.07409766556373557,42.667337117461976,44.07415225739865,39.41680543759999,37.94499950408935,36.473193570578715,-1.5680617676754358,空排,46.0
6712,2026-09-15,155.6,156.0,156.225,155.06666666666666,183708.6,34.94750376691698,31.871552137838187,0.7798689067977875,1.2346198203497019,-0.4547509135519143,48.50818773395357,50.789086101815755,163.6196993818133,156.225,148.8303006181867,-0.4640742518802973,交叉混雜,72.0
6715,2026-09-15,343.2,334.9,361.275,385.44166666666666,1373813.4,53.196651097194774,42.833022759403036,-12.34412036703469,-13.797389919981898,1.4532695529472068,57.3985337013547,50.740988377679194,459.4410649908568,361.275,263.1089350091432,-1.044910386824435,交叉混雜,96.0
6716,2026-09-15,118.0,119.85,124.15,104.19333368937174,564979.0,19.691042555868478,23.716414170003077,2.3518518002798032,4.643215544978909,-2.2913637446991055,37.97742198604643,46.13029863618183,136.636202911934,124.15,111.663797088066,-7.370116794200568,交叉混雜,93.0
6719,2026-09-15,181.7,185.3,189.225,222.44166666666666,477269.4,14.746649103409979,15.006104147864626,-7.891938215429946,-8.161356758169514,0.2694185427395688,30.277425198910507,33.35335909004476,200.1142752646587,189.225,178.3357247353413,-5.403620029065924,空排,31.0
6720,2026-09-15,130.6,131.45,133.175,136.61666666666667,9460.2,42.61088880137045,41.06715333035615,-1.7682433921189045,-1.5982067377573332,-0.17003665436157123,25.301109176938084,36.007322801379324,138.44931711718797,133.175,127.90068288281205,-2.7595269382391674,空排,43.0
6721,2026-09-15,49.94000015258789,50.33000030517578,51.250000190734866,52.579999923706055,13072.4,6.510780487298247,10.371002125864413,-0.733558509785631,-0.5821670399541348,-0.1513914698314962,11.959095325946251,21.485589200894708,53.38787886070657,51.250000190734866,49.11212152076316,-3.414634505798961,空排,19.0
6722,2026-09-15,32.57000045776367,32.69000015258789,32.675,33.56916669209798,24004.0,23.64281667580244,37.52223124757399,-0.24040199922406202,-0.23062744586162187,-0.009774553362440153,30.312510741571884,37.20903016375665,33.38618904601931,32.675,31.96381095398068,-2.065799540933427,交叉混雜,6.0
6725,2026-09-15,215.0,219.45,223.475,267.0833333333333,74244.8,14.010219321009286,22.344251786092137,-11.031014359937643,-11.193998271282048,0.16298391134440493,25.895623481739733,32.111843140024746,238.51695885899332,223.475,208.43304114100667,-7.37218928291755,空排,6.0
6727,2026-09-15,498.8,522.8,506.5,439.09166666666664,1215092.2,12.881819651003187,27.539721822163433,18.643367154851944,28.384343089462405,-9.74097593461046,27.893396760544547,44.32120312647211,590.785230022823,506.5,422.21476997717696,-7.305034550839092,交叉混雜,94.0
6728,2026-09-15,107.7,107.6,108.025,108.05833333333334,17846.0,42.58790351819282,38.84392646203712,-0.01536908552066052,0.015487721072217743,-0.03085680659287826,46.37705509926994,48.530275781955794,110.03746117973209,108.025,106.01253882026792,-0.48599861143254397,交叉混雜,29.0
6732,2026-09-15,145.5,147.2,149.525,165.85833333333332,72127.0,15.619448426646638,14.962367709130667,-4.102679017904961,-4.2339456101669235,0.13126659226196224,28.051957590682477,33.59714238793849,155.78662077555185,149.525,143.26337922444816,-3.0262497910048527,空排,28.0
6733,2026-09-15,25.359999465942384,25.974999809265135,26.04499979019165,25.6549999554952,51451.2,10.669825597587202,18.96129176039021,-0.14790135573023377,0.0432027552582667,-0.19110411098850047,24.82384952408181,38.83883206652248,27.572605928108764,26.04499979019165,24.517393652274535,-3.8203131547185207,交叉混雜,12.0
6735,2026-09-15,60.6,61.79999961853027,62.575,69.5433333714803,54610.8,11.397754718981338,16.85422698325332,-1.817897255039611,-1.7869111621835303,-0.030986092856080782,27.72468544878953,36.99127106630775,66.1831051786311,62.575,58.96689482136891,-4.914103076308434,空排,24.0
6739,2026-09-15,1200.0,1158.5,1100.2,1077.0666666666666,650117.2,39.938931103152186,60.42776713577973,36.40308253585749,33.36549277806603,3.0375897577914657,37.52887231304746,45.97525749345473,1304.928935038765,1100.2,895.471064961235,-3.1994182875840798,多排,81.0
6741,2026-09-15,59.14000015258789,59.44000015258789,58.55,57.858333333333334,122830.6,35.93985272604527,46.172964664782256,0.6402154607497721,0.7157192309823781,-0.07550377023260602,45.374960587251984,52.21913570703452,62.47910880349188,58.55,54.62089119650811,0.4269841794373181,交叉混雜,33.0
6742,2026-09-15,45.17000045776367,44.93000030517578,44.49750022888183,48.92666695912679,318694.8,25.67159374799985,31.453126581995242,-0.21859229808890746,-0.453588250825313,0.23499595273640556,42.02262110792762,46.441928614170976,46.37071098470385,44.49750022888183,42.62428947305982,-0.6685756827060659,交叉混雜,15.0
6743,2026-09-15,29.3,28.975,27.66750011444092,28.7341667175293,293535.8,89.00982309400945,91.17572720409193,0.5153389874617531,0.24230577731785785,0.27303321014389526,83.61180382680818,67.43113087798267,30.96139788618057,27.66750011444092,24.37360234270127,6.6232940380566445,交叉混雜,66.0
6751,2026-09-15,41.28000030517578,41.42500038146973,41.625000381469725,41.94500020345052,4516.0,29.977500542460167,26.9175702989453,-0.12065260962960167,-0.09784421171693802,-0.022808397912663647,50.79471385191145,49.153215862914195,42.88928736735395,41.625000381469725,40.3607133955855,-0.3003012139919926,空排,20.0
6752,2026-09-15,96.55999908447265,96.53999938964844,97.20965995788575,98.44321988423665,49828.6,42.56824513411355,48.065188296262804,-0.5348127326036121,-0.6634977952812703,0.12868506267765822,67.09616645167299,57.39714385882698,100.53744640744736,97.20965995788575,93.88187350832413,1.841730588184223,交叉混雜,25.0
6753,2026-09-15,133.5,135.3,138.6,140.0,665735.6,12.086416614989341,15.500405900622765,-2.0576227462486543,-1.0006970612690897,-1.0569256849795645,19.969160249687462,35.35669643589199,146.77312669668117,138.6,130.4268733033188,-6.204906204906202,空排,65.0
6754,2026-09-15,42.029999542236325,42.04999961853027,42.04499988555908,42.49166666666667,11000.0,39.226119098507894,52.89837318225288,-0.09929785040691286,-0.07079805039965464,-0.028499800007258214,28.729670356620318,39.09109361647675,42.93049767466887,42.04499988555908,41.15950209644929,-1.7719125949014753,交叉混雜,32.0
6756,2026-09-15,96.30000152587891,98.52000122070312,99.0200008392334,97.77333348592123,89554.4,10.231173781932503,20.441011067779396,-0.5796174479185225,0.3071406303082011,-0.8867580782267237,22.79675148026776,36.940917200403746,104.45462567931537,99.0200008392334,93.58537599915144,-5.271660011345243,交叉混雜,70.0
6757,2026-09-15,54.00000076293945,54.800000762939455,55.40500011444092,57.05500005086263,588406.6,16.980016821801573,25.712977101500133,-0.6634583934769651,-0.42856706799040634,-0.23489132548655878,13.92025502170371,29.82422933498934,57.391771810372546,55.40500011444092,53.41822841850929,-4.701743293925912,空排,21.0
6761,2026-09-15,165.9,173.45,179.475,172.46666666666667,267221.6,6.779656145892714,15.292740116236743,-2.2626234263689753,1.1602762701841454,-3.4228996965531207,19.176298671541304,33.268992332925066,198.28002452453822,179.475,160.66997547546177,-10.851093467056689,交叉混雜,54.0
6763,2026-09-15,40.82000045776367,40.90500030517578,41.367500114440915,42.95250015258789,137576.6,30.4169473470633,22.35007997412759,-0.47223113449480536,-0.4918689949806873,0.019637860485881953,44.68282244198658,41.61133741690786,42.41443777481736,41.367500114440915,40.32056245406447,-1.1301108050249584,空排,13.0
6768,2026-09-15,62.28000106811523,63.10000038146973,64.0649995803833,68.44833310445149,313418.8,19.75503207385603,15.805481002331984,-1.5166282748810218,-1.517358510328502,0.0007302354474802986,36.7273308307356,34.50736821801641,66.62236100613124,64.0649995803833,61.50763815463536,-2.5989199491296286,空排,3.0
6770,2026-09-15,70.83999938964844,70.62000045776367,70.09500045776367,69.34249973297119,127566279.8,36.904677886680915,50.1984896677466,0.5732401246435188,0.9117910984401246,-0.3385509737966058,30.61123132263728,42.86815243856611,74.26833662987579,70.09500045776367,65.92166428565156,-4.558098168228049,多排,95.0
6771,2026-09-15,41.67000045776367,41.71500015258789,41.97750015258789,40.048333168029785,24041.2,51.56184186561707,52.49757266314066,0.3494635374885746,0.47665164073026345,-0.12718810324168883,49.15482176694959,54.87550184133003,43.31145980754369,41.97750015258789,40.643540497632095,-0.6610669731159124,交叉混雜,41.0
6776,2026-09-15,51.91999969482422,52.37000007629395,52.82500019073486,53.81166674296061,73203.8,23.078575669756702,25.5486230547192,-0.5717060940371823,-0.4670305480080506,-0.1046755460291317,26.156964403731223,32.36720780647974,54.099652321626095,52.82500019073486,51.55034805984363,-2.1296723591734614,空排,36.0
6781,2026-09-15,1016.0,1051.5,1070.25,1074.6,267184.4,7.687102924984512,16.801379770176215,-17.07014533909455,-2.8805410096686472,-14.189604329425904,23.951814891844563,36.64910962231245,1166.2782304982854,1070.25,974.2217695017146,-8.245736977341743,空排,20.0
6782,2026-09-15,228.8,230.9,229.65,208.25,230838.6,33.54819297669159,32.0777490751771,5.709248097688317,7.827608768100259,-2.118360670411942,52.109395439147406,54.96383418511104,259.8582247426986,229.65,199.44177525730143,0.5878510777269734,交叉混雜,80.0
6785,2026-09-15,94.3,93.22999954223633,95.19499969482422,104.41166661580404,33008.0,47.10473412650162,42.30276147557835,-2.229660918987136,-2.7126403249877864,0.48297940600065026,48.62139021633409,43.85525346475104,100.93992115618029,95.19499969482422,89.45007823346815,-1.255317714853873,交叉混雜,2.0
6788,2026-09-15,330.2,343.3,351.15,367.80833333333334,305425.6,6.127817194299377,13.300780648372845,-8.488558161401954,-4.379643509429996,-4.108914651971959,17.762964796078222,30.84188333892311,382.09154080468727,351.15,320.2084591953127,-9.298020788836673,空排,59.0
6789,2026-09-15,450.4,460.3,452.55,468.80833333333334,937146.6,14.039932933675667,28.559875723820507,-1.8309617991943696,1.2125023681194491,-3.043464167313819,25.23508137725547,38.225996066082374,499.2955598792065,452.55,405.8044401207935,-6.087725113247157,交叉混雜,81.0
6790,2026-09-15,37.83000030517578,37.94000015258789,38.03000011444092,38.78583323160807,113408.0,20.07118454834495,26.51224506634601,-0.17602796823085498,-0.17791368119297607,0.0018857129621210889,22.188880333788916,34.740178563919955,38.425234770258214,38.03000011444092,37.63476545862362,-0.8677342900563249,空排,49.0
6791,2026-09-15,99.91999969482421,99.87000045776367,100.31500015258788,102.67666676839193,15438.2,41.660577427382165,34.151915704904276,-0.5424476258574629,-0.7106410182693201,0.16819339241185727,48.987400116077076,47.839023601003944,102.37440725620863,100.31500015258788,98.25559304896714,-0.31401101740391985,交叉混雜,39.0
6792,2026-09-15,58.7,59.24000015258789,59.17499980926514,58.57749989827474,36001.8,27.121127527603292,32.94886394450601,0.22979367169831733,0.3825054778594237,-0.15271180616110636,45.5865333581679,49.08120207907995,60.87438095272963,59.17499980926514,57.475618665800646,-0.8027022354993122,交叉混雜,52.0
6794,2026-09-15,76.56000061035157,75.65,75.44500007629395,76.63333371480306,14420.0,72.58120446481055,61.65036057254624,0.3221269409320371,0.10676212048999902,0.21536482044203809,57.17054959982081,54.433703701858235,80.67868637813898,75.44500007629395,70.21131377444893,1.398369570732557,交叉混雜,53.0
6796,2026-09-15,52.82000045776367,55.75999984741211,58.86000003814697,58.35000012715658,113440.2,8.997597454905325,10.962258758148993,-1.9701882660689023,-0.7823142825304958,-1.1878739835384065,16.116336037311385,25.14888937612963,67.20932077983048,58.86000003814697,50.510679296463465,-13.523612822135945,交叉混雜,6.0
6799,2026-09-15,78.81999969482422,79.43999938964843,79.76999969482422,86.27166646321615,109480.0,16.6791053434353,25.1662853888868,-1.4326223757471581,-1.420740528955298,-0.011881846791860218,30.907442246773854,38.829404603609575,82.45022039136028,79.76999969482422,77.08977899828817,-2.845680962151875,空排,33.0
6803,2026-09-15,269.1,269.9,269.85,272.90833333333336,51604.2,38.965150887074934,47.45433833041972,-0.5401263593668091,-0.5620593244390638,0.02193296507225473,42.95490086863822,45.04753771536794,271.97998640965545,269.85,267.7200135903446,-0.31498980915324165,交叉混雜,42.0
6804,2026-09-15,18.089999771118165,18.160000038146972,18.32750005722046,17.68833328882853,65401.2,35.721674307896805,28.563490387743542,-0.043029020531022866,0.03151177356115508,-0.07454079409217795,53.07473076483175,49.77889577204718,18.85910670443564,18.32750005722046,17.795893410005277,-0.4228621305606036,交叉混雜,66.0
6805,2026-09-15,2165.0,2165.0,2090.25,1736.25,1217161.8,34.11362800233809,47.656585629587624,106.43297582014634,134.27008486413501,-27.837109043988676,37.05054314286955,48.641449452447986,2483.970111647594,2090.25,1696.529888352406,-3.1216361679224973,交叉混雜,87.0
6811,2026-09-15,233.6,228.2,226.975,226.06666666666666,526958.0,62.93929621127246,44.2859053785352,2.530896212554154,-0.1236613313412841,2.654557543895438,85.90111086879027,72.5231811823338,242.92714884056528,226.975,211.0228511594347,10.584866174688845,多排,75.0
6821,2026-09-15,40.07999954223633,40.78000030517578,41.37249984741211,45.788333129882815,75679.8,19.006272581067215,22.421552568609044,-0.9861483093512291,-1.02352716139616,0.037378852044930966,40.213326606210515,41.515108309261215,43.33436662223951,41.37249984741211,39.41063307258471,-3.075717875362106,空排,34.0
6823,2026-09-15,59.47999954223633,59.80999946594238,61.019999504089355,63.961666425069176,41800.8,43.86777999968641,38.42814236119504,-1.293527627371276,-1.126380246596523,-0.167147380774753,20.358425891923858,30.011208538937566,63.95336507247333,61.019999504089355,58.08663393570538,-5.604721497480616,空排,26.0
6829,2026-09-15,228.2,235.8,232.075,217.53333333333333,1371397.0,15.446932665993504,32.60254288042408,2.9456442362358644,7.519019650432286,-4.573375414196422,27.852579933101993,39.534288347531934,264.38806563182186,232.075,199.76193436817815,-12.097382311752662,交叉混雜,89.0
6830,2026-09-15,560.7137329101563,574.6568664550781,532.428433227539,452.15114440917966,1385637.2,27.26023671787751,46.36765995510407,32.540293577905004,37.42926981316425,-4.888976235259243,36.16954832095724,51.047978732083884,650.3148551870363,532.428433227539,414.5420112680417,-0.5371179483075454,交叉混雜,95.0
6831,2026-09-15,549.6,567.5,578.85,658.675,722227.0,15.316323035609445,25.58770472499983,-23.90302143190638,-19.026177050196885,-4.876844381709496,25.70218669161227,34.762743061525484,635.4790793813462,578.85,522.2209206186538,-11.376004146151857,空排,91.0
6834,2026-09-15,101.95999908447266,97.88999862670899,94.79499893188476,102.05666618347168,8405502.2,52.51933715587114,57.838683546753266,1.3968867918932801,0.404256076491215,0.9926307154020652,46.79358342451886,50.416630731205444,105.96874214468957,94.79499893188476,83.62125571907995,2.431562390641088,交叉混雜,97.0
6835,2026-09-15,30.54000015258789,30.829999923706055,30.905000114440917,32.03666671117147,16800.4,27.786707998885447,35.7466027442092,-0.2941873080439521,-0.2620518498937565,-0.032135458150195584,33.82035346943046,37.73626529234621,31.57062203296733,30.905000114440917,30.239378195914504,-1.795825047455206,空排,13.0
6838,2026-09-15,23.64000015258789,23.910000228881835,23.470000171661376,23.658333428700765,89658.4,34.48516338687559,49.30140752510678,0.06645766279843457,0.06688066586831062,-0.0004230030698760545,36.13579026436158,45.55330832869498,24.59736338791635,23.470000171661376,22.3426369554064,-0.5112901121174321,交叉混雜,26.0
6840,2026-09-15,91.2999984741211,91.77999954223633,90.33999977111816,73.31499996185303,481240.2,26.028348268911834,35.065717916820795,4.47677029823727,5.69660220568181,-1.21983190744454,45.309979342997366,56.25470925303647,100.46519585776696,90.33999977111816,80.21480368446936,-0.3763557360854199,交叉混雜,89.0
6841,2026-09-15,52.31999969482422,52.87999992370605,53.195000076293944,56.84999993642171,130231.4,26.175321149813257,29.29135441663544,-0.8525420961408372,-0.848044326889984,-0.004497769250853212,32.076132935499146,37.615145277063505,54.69514021824633,53.195000076293944,51.69485993434156,-2.4344365984729954,空排,15.0
6843,2026-09-15,38.22999954223633,38.18499984741211,38.66999988555908,39.48666687011719,7485.0,28.488879049083735,21.7453694004943,-0.34901255222273875,-0.34304421176951394,-0.0059683404532248074,52.83747268849977,47.58741479287373,39.87280369580437,38.66999988555908,37.46719607531379,-0.43961697973152547,交叉混雜,15.0
6844,2026-09-15,59.37999954223633,59.69000015258789,59.95000019073486,61.34500007629394,9813.2,27.25851054872576,34.57864418682151,-0.49577553716041933,-0.4231710686277196,-0.07260446853269975,3.6945742396554238,16.58801247138429,60.81693715634256,59.95000019073486,59.08306322512716,-2.085069931306845,空排,17.0
6854,2026-09-15,89.17999877929688,91.69999923706055,91.86999969482422,100.26999982198079,159282.8,11.174044712262285,21.320201457509114,-2.132170401837442,-2.0089373827234347,-0.12323301911400719,29.519242347335066,37.75927415205352,97.46251322832161,91.86999969482422,86.27748616132682,-4.865568938493358,空排,2.0
6855,2026-09-15,115.4,117.0,116.45,117.525,3829.4,25.09818473354677,45.89478750461433,-0.5569842997111607,-0.007353303366382236,-0.5496309963447785,23.353810930066842,35.00771084131061,121.22824015170521,116.45,111.6717598482948,-3.8213825676255926,交叉混雜,47.0
6856,2026-09-15,41.09000015258789,41.65999984741211,42.04499988555908,43.549166742960615,3400.0,26.762970489070657,37.61793625342382,-0.7192887942719892,-0.6509222528158612,-0.06836654145612797,14.057604310051445,29.652076450156443,43.55214073326313,42.04499988555908,40.53785903785503,-2.6043503998098907,空排,16.0
6859,2026-09-15,117.3,115.0,112.525,110.15999972025553,50100.0,65.05830480600125,68.89440183386618,2.629564417234988,2.071124389964086,0.558440027270902,57.35094228456854,58.812029902343056,119.35739189064189,112.525,105.69260810935812,3.0882026216396303,多排,36.0
6861,2026-09-15,213.5,200.15,195.8,229.98333333333332,2267124.6,77.16482383373842,65.33256873162829,0.521962402032301,-6.278879294832297,6.800841696864598,70.90873599786059,62.723368472673826,224.852402745092,195.8,166.74759725490802,16.445352400408574,交叉混雜,96.0
6862,2026-09-15,133.1,136.25,137.65,152.55833333333334,106013.8,9.92130506768063,18.75718684682739,-3.6285728446358405,-3.324475049228932,-0.3040977954069084,15.731575367443568,30.551123405730408,144.26019945555313,137.65,131.03980054444688,-5.5575735561206,空排,6.0
6863,2026-09-15,95.21999969482422,99.60999984741211,105.12999992370605,107.55166702270508,136027.4,8.33228104718039,7.695630290943402,-5.199001439911825,-3.6023532708001977,-1.5966481691116274,17.10206765615517,24.48846649039237,118.9926497092103,105.12999992370605,91.2673501382018,-11.633214502713388,空排,28.0
6865,2026-09-15,26.190000152587892,25.885000038146973,25.92500009536743,26.134166622161864,61834.2,59.244295689192214,58.725962649620286,0.1348409987375021,0.005987430285574476,0.12885356845192764,57.042560212904256,55.31697115250396,27.361919835596158,25.92500009536743,24.488080355138703,2.989395042318664,交叉混雜,13.0
6869,2026-09-15,63.63999938964844,64.33999938964844,65.79999923706055,67.90999959309896,262773.0,17.84053950863312,15.932200470465379,-1.191592862054847,-0.9877371807330692,-0.2038556813217779,28.905437646254228,38.11912327107446,69.27623420652044,65.79999923706055,62.323764267600644,-3.49543961052984,空排,5.0
6870,2026-09-15,303.1,297.85,279.175,266.20115076700847,173943.4,77.94682749401788,72.60475622692509,13.498236949666705,9.111858818975717,4.3863781306909875,82.02442103996103,74.68988335058866,322.59737478051045,279.175,235.75262521948957,17.847228440942057,多排,92.0
6872,2026-09-15,24.320000076293944,21.524999809265136,18.222499942779542,16.779999891916912,744289.0,74.76644683943601,80.59824244528747,2.2446168739513688,1.4688156477388956,0.7758012262124732,60.19272733743807,65.14705396837292,26.701481695187567,18.222499942779542,9.743518190371516,25.668814325359,多排,83.0
6873,2026-09-15,68.21999969482422,68.30999984741212,68.68500022888183,77.1150001525879,183785.6,27.940348258080128,36.83429432675156,-1.9636905888365561,-2.3215002841506807,0.35780969531412454,26.762082026336813,32.992185985007325,70.14791150568459,68.68500022888183,67.22208895207908,-2.3076388577986067,空排,5.0
6874,2026-09-15,68.81999969482422,69.73000030517578,75.22000045776367,78.48833351135254,28200.0,17.81039546137044,14.618033526227864,-2.8859113700874275,-2.1606441303531336,-0.7252672397342939,33.71710347276333,32.29375246217734,87.22869926218088,75.22000045776367,63.21130165334647,-7.737302441459995,空排,24.0
6875,2026-09-15,32.05,32.43499984741211,32.53999996185303,34.34583333333333,169800.0,47.17087705269056,52.49347651765932,-0.38544952037116786,-0.39220822216557827,0.006758701794410404,43.57544773117255,41.40692901848363,33.43595567847662,32.53999996185303,31.644044245229434,-0.8912107012691987,空排,11.0
6877,2026-09-15,113.1,113.85,114.95,122.425,37623.8,18.74538404671676,30.19953273199462,-2.5783993121213626,-2.366391448871669,-0.21200786324969378,28.62313541807417,36.708800284518134,121.70043858224624,114.95,108.19956141775377,-6.0461070030448045,空排,63.0
6881,2026-09-15,213.1,213.65,214.525,213.71666666666667,3630.4,28.147844095916966,30.4811729762123,0.5135373868679949,0.7739528874548031,-0.2604155005868082,32.21639662310383,44.05900597144603,222.03271532982254,214.525,207.01728467017747,-1.6431651322689689,交叉混雜,26.0
6884,2026-09-15,31.06999969482422,30.399999809265136,30.405000019073487,31.4533332824707,6626.0,68.55647629190013,62.92644359646728,-0.047353060476197584,-0.25929550564804477,0.21194244517184718,49.38978392294275,49.7856421877812,31.684760879022342,30.405000019073487,29.125239159124632,0.8057872037595615,交叉混雜,10.0
6885,2026-09-15,26.84000015258789,25.66500015258789,23.73750009536743,21.955000082651775,885400.8,78.02891978436153,79.97188391242962,1.5194234874942474,1.147387637820271,0.3720358496739764,64.03854515861671,67.96011612484521,28.44872707179185,23.73750009536743,19.02627311894301,12.058979566516935,多排,64.0
6887,2026-09-15,37.52000045776367,37.61000022888184,37.555000114440915,36.720833206176756,24002.0,37.49582379028137,37.25279760014628,0.19885828865986355,0.2535547514685309,-0.05469646280866736,44.530769369953006,48.59195085058757,39.031447348377256,37.555000114440915,36.078552880504574,-1.0784145581889533,交叉混雜,19.0
6890,2026-09-15,151.4,159.0,162.45,177.56666666666666,267476.6,6.724999504822129,11.546157396037666,-5.932099502036692,-4.395773454839123,-1.5363260471975693,20.643406628876576,31.005695839168723,178.33080602485595,162.45,146.56919397514403,-8.587257617728525,空排,4.0
6894,2026-09-15,354.4,352.3,344.225,343.375,87388.8,63.40023777135889,58.68439128479007,4.713359633913967,3.3839336344479856,1.3294259994659816,51.20537840244726,53.48972267728248,370.39946525870204,344.225,318.050534741298,2.4039509042050917,多排,85.0
6899,2026-09-15,49.46999969482422,49.66499977111816,49.892499923706055,51.9983331044515,6800.0,17.415092207332542,24.230173122486125,-0.5084792958352295,-0.5332925506675413,0.024813254832311782,24.948760298504297,32.73298926144798,50.580192768923055,49.892499923706055,49.204807078489054,-1.4881964202285958,空排,33.0
6901,2026-09-15,15.000000190734863,15.030000019073487,15.7125,17.169999980926512,670806.2,41.49905104366602,26.495661849991873,-0.5336413167934033,-0.5174040141925684,-0.01623730260083489,43.65321798828412,40.43552178879388,17.29957761492877,15.7125,14.125422385071232,-3.898167818808425,空排,37.0
6902,2026-09-15,124.8,125.0,126.075,127.25833333333334,66233.6,45.60037084653132,45.12311993861751,-0.6336436513770991,-0.3058372756597979,-0.3278063757173012,46.17468571091244,46.68252959407263,130.27117620421194,126.075,121.87882379578807,-1.2492563950029767,空排,86.0
6903,2026-09-15,299.1,304.85,308.475,337.69166666666666,250157.6,14.965832097375447,27.549180933009364,-8.115784235106958,-7.148907213413428,-0.9668770216935298,25.762898315343918,34.59280880528266,324.8118327794256,308.475,292.1381672205745,-5.82705243536754,空排,84.0
6906,2026-09-15,82.17999877929688,82.2900001525879,78.2550006866455,77.27333374023438,50405.2,53.01663182787944,58.175286000531024,2.3935589826473915,1.9774739257668503,0.4160850568805412,58.883511295417286,59.394521374076234,88.59194882879581,78.2550006866455,67.9180525444952,6.0635093881792645,交叉混雜,44.0
6907,2026-09-15,184.0,187.35,187.175,184.14166666666668,1604264.4,26.205984667181745,40.45014373222041,-0.02316938520544909,1.387568537680608,-1.410737922886057,34.86857743438314,43.50372773838987,202.39021053350635,187.175,171.95978946649367,-5.7032189127821615,交叉混雜,
6909,2026-09-15,41.20999984741211,40.72999992370605,40.62999992370605,44.674166679382324,660327.0,41.147734903927606,41.62857031211638,-0.28790918190640724,-0.5737272495179184,0.2858180676115112,45.27236483729468,46.726870357048526,42.65832657609556,40.62999992370605,38.60167327131654,-0.6891495203316207,交叉混雜,39.0
6910,2026-09-15,24.860000228881837,24.89499988555908,24.732500076293945,25.34500001271566,20200.2,59.09375511284527,55.577820798543115,-0.014602311750948616,-0.07195815719084714,0.05735584543989852,51.81706739011511,51.12647160566857,25.299370208760823,24.732500076293945,24.165629943827067,0.6772446850081126,交叉混雜,5.0
6913,2026-09-15,127.7,135.85,142.4,132.8,320179.6,7.362560857392279,13.15531579038538,-3.043771204425667,0.6316112405397964,-3.6753824449654635,19.41948917956563,33.0259719141046,167.67241058629162,142.4,117.12758941370838,-12.570224719101128,交叉混雜,60.0
6914,2026-09-15,120.3,120.8,126.8625,139.10416666666666,41670.2,21.950161177213822,15.395523871668672,-6.037340829274896,-6.051959787621802,0.014618958346905409,15.719493533348057,18.25614429136381,148.71094628945374,126.8625,105.01405371054624,-5.803527441127203,空排,19.0
6916,2026-09-15,18.5,18.554999923706056,18.564999961853026,19.120000012715657,22000.0,12.979713147205022,23.199746941436267,-0.11635778552947329,-0.08726632011191626,-0.029091465417557028,27.545357666477997,37.88431263699719,19.116647981250317,18.564999961853026,18.013351942455735,-3.3126808520186386,空排,38.0
6919,2026-09-15,81.34000091552734,83.25,93.40499992370606,100.74333330790202,6706368.0,16.3280705427876,13.647758803081782,-6.6014346114646685,-5.286730383362526,-1.3147042281021424,28.059255295154614,30.60440599599373,116.72903066191192,93.40499992370606,70.0809691855002,-14.45853905985562,空排,2.0
6921,2026-09-15,61.76000061035156,62.69000053405762,64.9600004196167,65.62000013987223,3271.4,11.833751940378304,21.43719582001566,-1.4138077343659248,-0.8348181991190011,-0.5789895352469236,18.63778615777649,32.09560067170483,70.70012606257633,64.9600004196167,59.219874776657086,-7.789407113688647,空排,
6922,2026-09-15,187.9,195.75,199.95,188.41666666666666,90213.0,7.810289707320761,16.737163751022266,-1.7291969658344044,1.6519142457416292,-3.381111211576034,22.73076238860284,36.17771787088005,217.2550038397742,199.95,182.6449961602258,-9.227306826706672,交叉混雜,60.0
6923,2026-09-15,76.18000030517578,76.00000076293945,76.36000022888183,76.39833323160808,41804.0,69.05222332251495,65.98986784902033,-0.1115295570336059,-0.0954954816254134,-0.016034075408192502,45.857846344556755,47.80604737529312,77.65028806358445,76.36000022888183,75.0697123941792,-0.4714513198045624,交叉混雜,25.0
6924,2026-09-15,133.3,126.7,120.65,116.48833338419597,61543.6,76.79412908110305,80.41845957816733,5.442936026496156,3.4383680313967613,2.0045679950993947,50.70278906742417,56.0761126332146,139.30221871944374,120.65,101.99778128055627,6.092001657687521,多排,91.0
6925,2026-09-15,52.92000045776367,51.454999923706055,50.947500228881836,54.19250017801921,58040.2,65.4490847564928,42.04897661167769,0.2946554766093783,-0.7789721771444332,1.0736276537538116,92.80055978510393,80.87628170818132,56.15422459918693,50.947500228881836,45.74077585857674,19.1422552436223,交叉混雜,11.0
6928,2026-09-15,46.939999389648435,47.545000076293945,47.652499771118165,49.98249988555908,43116.8,29.45975154025951,31.368033531217343,-0.6367685087066022,-0.5004016104455509,-0.1363668982610513,29.320280914348984,36.98982818895001,49.17858038932909,47.652499771118165,46.12641915290724,-4.517076294962347,空排,29.0
6931,2026-09-15,39.7,40.33000030517578,40.942500305175784,39.941666793823245,44859.6,35.84046275351957,29.073557288746784,-0.13923801656763146,0.13829060878952437,-0.27752862535715583,31.48232820748781,39.46144553398404,42.578694645555416,40.942500305175784,39.30630596479615,-3.523234522620078,交叉混雜,18.0
6933,2026-09-15,317.1,316.6,271.85,198.575,1029351.6,38.454701300079755,61.758249196856596,33.694216815718505,35.476173571402626,-1.7819567556841207,39.655527302530736,55.00728105502634,385.27565383266943,271.85,158.4243461673306,5.2050763288578175,多排,94.0
6934,2026-09-15,74.71999969482422,75.06999969482422,74.27499961853027,73.95666669209798,26250.0,25.743032890672897,42.52261864223965,0.1245067224027423,0.27932155247433177,-0.15481483007158947,32.4824143555048,42.17569761215466,77.72379796875757,74.27499961853027,70.82620126830298,-2.6590327524952757,交叉混雜,63.0
6936,2026-09-15,32.02000007629395,32.41999988555908,32.46750001907348,32.28583323160807,21801.6,18.73728193344152,26.11670085311428,-0.0766582863989953,0.049518683639519334,-0.12617697003851464,31.019463153235506,39.14000037749473,33.29675128318838,32.46750001907348,31.63824875495859,-2.0559044632965398,交叉混雜,40.0
6937,2026-09-15,287.3,286.5,279.9,272.1,546739.6,21.126582426232893,34.41967016398118,3.8845584175272165,4.39337996507035,-0.5088215475431337,38.01926815656412,47.5380344850296,303.01436099507356,279.9,256.7856390049264,-0.857449088960335,多排,76.0
6944,2026-09-15,699.8,702.4,709.35,742.0448720296224,244417.0,31.41981989969457,35.2106079332483,-11.942315985153641,-11.173751563401122,-0.7685644217525187,36.09353382810978,40.493497397382185,732.5405153025862,709.35,686.1594846974139,-2.586875308380915,空排,80.0
6945,2026-09-15,100.34000091552734,98.34000091552734,99.73500061035156,100.55666694641113,262260.0,74.85508340836205,51.755836382650656,-0.04135744386724127,-0.8597796030631281,0.8184221591958868,83.72163345920006,66.74708146424629,107.35140174048104,99.73500061035156,92.11859948022209,9.790945335027072,交叉混雜,33.0
6947,2026-09-15,68.55999908447265,68.84000015258789,69.57000045776367,76.7233336130778,126001.0,11.838780717037205,18.366345118812944,-1.8923247472316405,-1.9700103488733147,0.07768560164167426,23.4639293913267,31.157875565699385,71.75135857356412,69.57000045776367,67.38864234196322,-4.269084323846857,空排,16.0
6949,2026-09-15,54.78000030517578,487.1400001525879,913.8200000762939,932.7733333587646,17794148.6,6.054815375904879,19.526112520504938,-279.0089208163279,-132.29727974242783,-146.71164107390004,6.438968917819224,15.216148343209156,2229.3764578329847,913.8200000762939,-401.7364576803967,-94.3752597315021,空排,1.0
6951,2026-09-15,70.26000061035157,70.81000061035157,71.27000007629394,71.00301297505696,20432.0,15.239488439615048,22.069646957144943,-0.34339804004085295,-0.13287309920995422,-0.21052494083089873,17.111979147505963,31.1478229500986,72.63897951522904,71.27000007629394,69.90102063735884,-1.9222653977107638,交叉混雜,66.0
6952,2026-09-15,38.78000030517578,38.45000038146973,38.05000019073486,36.68916670481364,11200.0,65.46385840071419,67.95053074916085,0.5100248161196319,0.49465060271701083,0.015374213402621073,58.26048766564227,58.34675164976157,39.582799597544636,38.05000019073486,36.51720078392509,1.83968411499663,多排,53.0
6953,2026-09-15,233.4,235.7,234.85,226.69166666666666,118847.0,19.155762974178174,29.935251425674107,1.6626543168808041,3.541058701209467,-1.8784043843286629,33.497343201275456,43.22952240047225,249.17002646277916,234.85,220.52997353722083,-4.407068341494568,交叉混雜,71.0
6957,2026-09-15,232.3,225.35,222.275,218.50833333333333,141041.6,78.31605589518182,58.97494861829357,4.52311579818047,2.0366128824531557,2.486502915727314,85.03022456602409,72.99141744940766,238.8834157487725,222.275,205.6665842512275,10.223821842312448,多排,86.0
6958,2026-09-15,17.35999984741211,17.330000114440917,17.432500171661378,17.583461634318034,38801.2,31.16778941143335,37.19705186636189,-0.11870572481973696,-0.11204315169918463,-0.006662573120552323,35.30206526095239,41.74190464526202,17.96390858964091,17.432500171661378,16.901091753681847,-1.6205395115403056,交叉混雜,60.0
6961,2026-09-15,49.20999984741211,49.59000015258789,50.31000022888183,51.9616668065389,13220.0,8.759236299259559,11.61967582939977,-0.759107730504148,-0.6627781663786733,-0.09632956412547478,2.588131018266438,11.614901379579976,51.99291820080343,50.31000022888183,48.627082256960236,-3.498312430559103,空排,10.0
6962,2026-09-15,30.719999694824217,31.269999694824218,31.317499923706055,33.190000184377034,1006277.0,17.21451266807809,20.41375756676839,-0.42827426065331053,-0.38371288751130017,-0.04456137314201036,33.58600254949566,40.10062715751376,32.43965742766653,31.317499923706055,30.195342419745582,-2.4507086725161678,空排,15.0
6965,2026-09-15,70.44000091552735,72.28000106811524,73.41000061035156,76.4233336130778,52803.0,24.88504202608041,35.2519497659395,-1.6564929184995663,-1.169769243304989,-0.48672367519457715,19.133187491877848,25.28139155397578,77.60969956621612,73.41000061035156,69.210301654487,-6.007356727537889,空排,17.0
6967,2026-09-15,65.01999969482422,67.55999984741212,70.41999969482421,70.967937596639,240221.6,21.11737726252672,20.56369569945074,-1.7169770855464748,-0.9125839789346927,-0.8043931066117821,27.796979499874652,34.15677951173426,77.56499405902419,70.41999969482421,63.27500533062423,-7.128654062340575,空排,59.0
6968,2026-09-15,41.64000015258789,41.68000030517578,41.979362869262694,42.92728780110677,33440.0,44.736622011646375,42.23498242946138,-0.4359172667954354,-0.44660596060086466,0.01068869380542925,32.01987361548218,36.34902468224897,43.23402367137391,41.979362869262694,40.724702067151476,-1.0227969241441899,空排,22.0
6969,2026-09-15,33.45000076293945,33.91500053405762,34.235000419616696,30.929166825612388,209232.2,20.656257739288122,32.06365672853291,0.24654741728210894,0.6328729345305693,-0.3863255172484603,33.342079188860225,43.39367078971313,36.343404446950075,34.235000419616696,32.12659639228332,-5.944208066990956,交叉混雜,71.0
6971,2026-09-15,24.82999954223633,25.524999618530273,25.827499675750733,26.435833231608072,30410.8,23.058872978086455,31.852904460873905,-0.34213001159855594,-0.19003627626846745,-0.1520937353300885,19.16708037582646,27.91057715229593,27.068668678222387,25.827499675750733,24.58633067327908,-4.946279952486546,空排,14.0
6982,2026-09-15,44.43000030517578,45.795000076293945,46.85,49.35083344777425,30032.0,17.465066291666894,19.943216482589026,-1.2745514553155033,-0.9736384602225299,-0.3009129950929734,8.318354297637242,18.72224795266419,49.95364794767589,46.85,43.74635205232411,-6.403418411694574,空排,6.0
6983,2026-09-15,348.3,349.35,334.3,330.3333333333333,32800.6,40.712334430692394,51.15009974107864,9.064804007649798,8.106914970494431,0.9578890371553666,58.79045403392873,59.28995266540856,383.2138878137149,334.3,285.3861121862851,4.546814238707745,交叉混雜,91.0
6986,2026-09-15,40.49000015258789,41.10499992370605,41.8,44.48916645050049,46201.0,15.555720034458638,23.79090521041592,-1.04854972660371,-1.021860626859422,-0.026689099744288125,17.872515665177943,25.485719830295338,43.732274574098554,41.8,39.86772542590144,-3.7081339712918595,空排,4.0
6994,2026-09-15,30.00999984741211,32.75999984741211,34.22749977111816,38.417499987284344,1433794.0,7.3194111238260495,13.346310223588247,-2.3233635114221585,-1.5590307081496482,-0.7643328032725103,5.09122607109299,12.913982310596424,40.12428496607404,34.22749977111816,28.33071457616228,-23.745524633694043,空排,1.0
6996,2026-09-15,167.8,174.1,176.75,180.95833333333334,49222.0,17.689612617171136,25.290616729740453,-3.021918656372719,-1.595370981917863,-1.4265476744548562,39.703182952501244,40.24520218736211,189.19567140986106,176.75,164.30432859013894,-4.101838755304102,空排,61.0
6997,2026-09-15,67.73999938964843,67.92999954223633,68.10499954223633,70.6616667429606,2678.2,4.8387453369515026,6.073331169110952,-0.701320615053362,-0.7532475817927143,0.051926966739352376,14.20056064848373,30.10421079084479,68.9694442883118,68.10499954223633,67.24055479616085,-2.0629947925083054,空排,14.0
7402,2026-09-15,100.7,102.4,105.9,111.76500002543132,287988.2,6.892393586244038,8.69298394784106,-2.469697270434594,-1.7191332304900944,-0.7505640399444995,28.940725725061483,38.007868623272465,115.2448550437913,105.9,96.55514495620871,-6.515580736543915,空排,43.0
7547,2026-09-15,49.4,49.89999961853027,50.83499946594238,52.804999860127765,27468.2,39.24828162130346,29.01103948368945,-0.7995525952754221,-0.7997559478398789,0.0002033525644568046,61.77553489379148,50.98118616365942,53.82763993587992,50.83499946594238,47.84235899600484,0.12786871371971567,空排,9.0
7556,2026-09-15,244.9,246.65,249.125,241.91272939046223,25074.8,12.974304242877878,17.072825066299437,1.2552551957521132,3.149039239439158,-1.8937840436870448,33.61132463890911,43.76951175740422,261.22056247467486,249.125,237.0294375253251,-4.264927245358756,交叉混雜,80.0
7610,2026-09-15,1895.0,1853.5,1725.75,1820.7284037272136,843999.0,48.926832976298236,62.50210090476284,44.0368948258822,34.87859236439063,9.158302461491573,33.47617319773116,44.2023669513337,2113.1743559444144,1725.75,1338.3256440555856,-4.099666811531218,交叉混雜,99.0
7631,2026-09-15,138.3,141.05,143.45,144.51666666666668,49806.8,13.052247129350643,19.301545657136817,-1.2218135716973393,0.18486418901741236,-1.4066777607147516,24.074041235624435,35.346617515743574,151.42957920008672,143.45,135.47042079991326,-6.587661205995113,空排,67.0
7642,2026-09-15,73.9000015258789,74.9900001525879,76.69500007629395,77.31166648864746,16420.0,17.604558390959937,19.638055263053577,-1.331185859601078,-0.7200553605214473,-0.6111304990796307,17.014113803504927,26.87703669623724,81.21045831347541,76.69500007629395,72.17954183911249,-7.034352981510336,空排,27.0
7689,2026-09-15,157.5,164.25,170.125,,40869.2,7.6429803980400575,11.772947974853034,-4.549619977713604,-2.215383366696069,-2.334236611017535,11.89855206441645,24.108947483404634,187.04858988917073,170.125,153.20141011082927,-9.772226304188097,,
7703,2026-09-15,200.8,195.6,187.775,186.975,99043.0,58.99457209206206,68.40542088653264,5.199357253747735,3.6088694928578695,1.5904877608898653,60.08130710851017,61.03678929971645,208.08697468956558,187.775,167.46302531043443,5.9778990813473545,多排,38.0
7704,2026-09-15,61.18000030517578,60.77999992370606,61.69999980926514,60.17500012715657,40603.0,42.72362009557738,39.618900882618654,0.022020420297941712,0.20713863530090043,-0.18511821500295872,53.217280463837916,50.995572161225496,63.89377106393145,61.69999980926514,59.50622855459882,-0.48622088219387877,交叉混雜,83.0
7705,2026-09-15,29.910000228881835,29.89499988555908,30.29000005722046,30.67500009536743,27013.0,40.569765054560165,32.845355452062066,-0.2281264946021473,-0.20276474788768017,-0.025361746714467115,40.71517711476246,41.750814358560305,31.20167895109271,30.29000005722046,29.37832116334821,-1.2875550939367515,交叉混雜,20.0
7708,2026-09-15,91.88000183105468,91.96000137329102,92.11000137329101,92.89166717529297,10203.8,12.980024298575126,18.308514807885338,-0.22742422221563174,-0.21059051558473235,-0.016833706630899392,22.069165041703897,36.01244942810457,92.71140400285034,92.11000137329101,91.50859874373168,-0.6622531366804364,空排,52.0
7709,2026-09-15,85.43999938964843,82.5400001525879,76.51000022888184,75.62333329518636,236054.2,60.442172833832814,69.1673670627849,3.238321114747791,2.286762833269168,0.951558281478623,45.44491019561029,53.155992304935616,92.45634392599676,76.51000022888184,60.5636565317669,4.822894665170072,多排,88.0
7711,2026-09-15,535.4,574.8,537.45,404.6666666666667,1416593.6,24.679430001631605,44.69365279309269,30.749121754493785,48.45727434317139,-17.708152588677606,28.70677609157164,42.4989452849685,663.3158015506967,537.45,411.58419844930336,-12.922132291375949,交叉混雜,
7712,2026-09-15,149.7,151.3,151.05,157.63333333333333,176832.0,34.939752487012804,29.769288794787954,0.30688710382850104,0.6480503515916076,-0.3411632477631066,47.85907487100052,49.560618285090825,161.58765179074797,151.05,140.51234820925205,-0.6951340615690244,交叉混雜,75.0
7713,2026-09-15,73.96000061035156,73.95000076293945,73.41000061035156,71.4416665395101,1510.0,53.604712804587535,70.97463322203714,0.7423031742661834,0.8302268862174129,-0.0879237119512295,43.971774197351614,55.81862751937442,75.27141002508506,73.41000061035156,71.54859119561806,0.12259826849224888,多排,65.0
7714,2026-09-15,170.2,165.75,170.175,163.39166666666668,683924.2,58.095662752498804,41.61778810195806,2.208649411086128,1.3666024916287807,0.8420469194573474,64.04449002681024,57.992771483583226,188.50322097778343,170.175,151.8467790222166,4.598207727339497,交叉混雜,87.0
7715,2026-09-15,27.95,28.420000076293945,29.47500009536743,32.35666669209798,38220.0,12.180230775447795,13.310820239638343,-1.1729144035171863,-1.0506021436098245,-0.12231225990736183,10.779108858726659,25.813193997943102,32.145600332874196,29.47500009536743,26.804399857860666,-7.0398658867630814,空排,33.0
7716,2026-09-15,23.499999618530275,23.614999771118164,23.822500038146973,24.410000038146972,4200.0,33.706324862257354,34.849193492657044,-0.23303779831003268,-0.19414636325384543,-0.03889143505618725,27.240141899302287,35.00926590403762,24.39233454249076,23.822500038146973,23.252665533803185,-2.1933080081844722,空排,28.0
7717,2026-09-15,495.8,472.05,442.225,436.34166666666664,1260071.8,67.09273800514585,71.94798880958496,17.83771281876136,10.71286643429232,7.124846384469041,53.08284893160212,55.496176612465256,524.881215737236,442.225,359.5687842627641,8.428967154728923,多排,
7718,2026-09-15,46.2,46.499999618530275,46.90999965667724,47.1158332824707,18291.4,10.372966869266245,11.424935673699363,-0.33601065186455514,-0.22283139167394805,-0.11317926019060709,19.870083856118214,32.70036205784065,48.010525611641775,46.90999965667724,45.80947370171271,-1.9398841682739438,空排,56.0
7721,2026-09-15,59.94000015258789,60.4,60.974999809265135,63.9733331044515,60646.4,19.0154091421866,27.50513774640079,-1.0063614508260272,-0.7800884081137094,-0.22627304271231785,24.959196189438643,33.13510515586202,63.54599115942845,60.974999809265135,58.40400845910182,-5.699056695588722,空排,47.0
7722,2026-09-15,266.1,271.35,277.325,286.3658732096354,51071.8,18.58494911523387,16.265990148599048,-5.057421216701584,-3.3774003301228515,-1.680020886578733,30.606447833821875,37.11371057976793,294.1312488378205,277.325,260.51875116217946,-4.804831875957808,空排,5.0
7723,2026-09-15,19.199999618530274,18.989999961853027,19.060000038146974,20.305000082651773,102039.2,30.828173097736826,35.33334278095448,-0.23740193918946062,-0.310076511063367,0.07267457187390636,40.20157528111797,42.845498519662875,19.60637521949125,19.060000038146974,18.513624856802696,-1.6264430090584223,交叉混雜,3.0
7728,2026-09-15,626.6,630.7,619.4366333007813,624.3955444335937,48860.0,34.015278208302604,34.822588653208385,5.160642757663709,3.9815444506736455,1.1790983069900633,56.26442076290708,54.72051200955089,672.520442212891,619.4366333007813,566.3528243886716,2.5125034365963246,交叉混雜,82.0
7730,2026-09-15,171.4,175.55,174.13452377319337,171.36150792439778,52400.0,16.356150438362537,25.92741099058977,0.910403294829166,2.0886642900300822,-1.1782609952009162,38.24106482786096,46.262301270251896,187.56807368099888,174.13452377319337,160.70097386538785,-2.9485960979690486,交叉混雜,86.0
7734,2026-09-15,2682.0,2763.0,2827.25,3039.4166666666665,278186.8,20.716647481724035,26.708999740366327,-125.21153473465165,-96.24728342058188,-28.96425131406977,32.79573572917954,37.59656860486276,3127.976751299864,2827.25,2526.523248700136,-9.629498629410204,空排,93.0
7736,2026-09-15,69.24000091552735,69.35000076293946,69.45000076293945,70.15000089009602,14845.8,49.46479660619719,56.5651902961703,-0.28433592537747643,-0.2610397221253352,-0.023296203252141212,44.477024633881456,45.122444257103176,70.66482308090757,69.45000076293945,68.23517844497134,-0.6479492555737835,空排,21.0
7738,2026-09-15,163.8,167.6,168.05,167.90833333333333,24473.0,15.221041647200218,25.606234258190305,-1.1459424072685351,-0.12494514874944083,-1.0209972585190943,18.72307202050618,32.363387879730666,175.3330011165112,168.05,160.7669988834888,-4.195180005950617,交叉混雜,22.0
7740,2026-09-15,128.3,129.0,132.65,138.30727844238282,141477.0,27.58327315171847,33.26893779599485,-4.354417292515876,-3.7586299875026805,-0.5957873050131957,27.141956653441994,34.609276617212146,142.9512518401258,132.65,122.34874815987423,-6.897851488880518,空排,11.0
7743,2026-09-15,22.470000076293946,22.09000015258789,21.472500133514405,20.854166730244955,47669.6,72.48605847556436,76.55055409942041,0.5046738450821451,0.35204521195807675,0.15262863312406832,83.99011739641404,75.23114910987708,22.995818744056482,21.472500133514405,19.949181522972328,6.182322017891961,多排,69.0
7744,2026-09-15,500.9,519.45,508.65,465.1166666666667,99062.8,20.454998635031433,38.04400954158341,9.062102320859935,15.800197413354121,-6.738095092494186,35.23115768877848,45.30010594626209,552.7409347407722,508.65,464.55906525922774,-4.846161407647691,交叉混雜,81.0
7747,2026-09-15,112.9,113.3,113.625,115.13484853108724,3023.0,42.96521773153441,42.068560238411706,-0.5140342117208121,-0.5488262794803688,0.03479206775955668,52.2302427642771,47.38264233722006,115.03455386746268,113.625,112.21544613253732,-0.11001100110011,空排,56.0
7749,2026-09-15,350.4,356.3,359.55,371.01666666666665,165171.6,23.116052859600323,23.428041424092306,-3.463476423739337,-2.116505451600821,-1.3469709721385161,46.992048518720985,46.829367182508484,390.214397322587,359.55,328.88560267741303,-1.9607843137254932,空排,7.0
7750,2026-09-15,2066.0,2193.5,2267.5,2181.1666666666665,264896.8,13.56189198618477,21.985175699953942,-61.70442573006085,-6.520239183253629,-55.18418654680722,19.875163344737928,32.90434367406543,2601.6209991982937,2267.5,1933.3790008017063,-16.64829106945976,交叉混雜,90.0
7751,2026-09-15,1460.0,1506.5,1606.75,1408.25,199586.4,17.29990700839291,20.550627193490907,-6.028547648970061,37.373819028268514,-43.402366677238575,29.45062654050531,40.78867619878845,1925.3534492825497,1606.75,1288.1465507174503,-15.357087288003735,交叉混雜,91.0
7753,2026-09-15,36.18000030517578,36.28499984741211,36.73999996185303,39.06249993642171,14495.2,15.837800774391782,21.93274793244298,-0.627558717431306,-0.6455179469492629,0.01795922951795692,20.30748801491214,30.203565972433154,37.95508158969419,36.73999996185303,35.52491833401187,-3.1028891913870296,空排,20.0
7757,2026-09-15,88.65999908447266,88.66999893188476,88.94499969482422,91.00833307902018,19200.0,15.982050451778505,20.397359002003498,-0.6418671842768049,-0.6371582480270599,-0.004708936249744999,25.693031931698698,34.77346434321754,90.38645474897163,88.94499969482422,87.50354464067681,-2.1867442818569147,空排,10.0
7760,2026-09-15,32.810000610351565,32.98500061035156,33.035000228881835,33.715833282470705,22403.2,57.91723868818324,50.12175902702722,-0.1593423297350256,-0.1697852308478751,0.010442901112849512,50.33868330214849,46.76960081248035,33.43775396417501,33.035000228881835,32.63224649358866,-0.25730124217788886,空排,42.0
7765,2026-09-15,225.4,223.3,223.65,223.80833333333334,548375.8,44.93010103805957,30.396076184683935,0.6977383366235017,-0.7543158290656811,1.4520541656891828,69.36652088402244,64.49845781671885,234.67198759422138,223.65,212.62801240577863,5.074893807288171,交叉混雜,33.0
7767,2026-09-15,45.68000106811523,45.330000686645505,45.107500076293945,44.803333346048994,72837.0,50.01483433646717,54.584064539234745,0.07048940261462633,-0.10392941334525348,0.1744188159598798,61.7385809195988,56.434949826343804,46.309374273251805,45.107500076293945,43.905625879336085,2.311148806344165,多排,47.0
7768,2026-09-15,263.8,272.4,282.425,294.60833333333335,43864.8,4.51966523479397,9.520762849368264,-6.825279295933058,-3.804882207799032,-3.020397088134026,16.391492141245223,32.21153152414445,310.23691528066263,282.425,254.6130847193374,-10.59573338054351,空排,44.0
7769,2026-09-15,6389.0,6304.0,6285.5,6374.916666666667,520210.6,46.10931698484165,51.459159384480124,-2.458611623151228,-10.458024987499849,7.999413364348621,40.34665372479727,45.732902289371516,6912.73201448902,6285.5,5658.26798551098,-2.3943998090844008,交叉混雜,93.0
7770,2026-09-15,36.80999984741211,35.989999771118164,36.47749996185303,39.629166793823245,18400.0,63.64407782637183,53.292883060777726,-0.757863083688612,-1.0291201747207117,0.2712570910320997,58.48392084278458,49.95508878963661,38.45033548470789,36.47749996185303,34.50466443899816,1.432389935421523,交叉混雜,5.0
7772,2026-09-15,128.2,119.05,103.77000007629394,105.29166653951009,519236.2,74.51070904911805,77.10275424314615,9.012975671163957,4.978454376789417,4.0345212943745405,69.90496776693627,69.48783082287856,141.06795253295195,103.77000007629394,66.47204761963594,25.277054933430854,交叉混雜,88.0
7777,2026-09-15,36.75999908447265,37.48999938964844,38.505008125305174,39.508189328511556,779194.2,7.284328247041163,12.688033164497208,-0.8081796503533241,-0.41036278544506144,-0.3978168649082626,21.364137823201233,35.065905371946144,42.00986658303701,38.505008125305174,35.00014966757334,-8.193764408299486,空排,83.0
7780,2026-09-15,16.349999618530273,16.534999656677247,16.70499982833862,17.15416653951009,678896.0,12.292786073854277,15.241038974915137,-0.20011000537351364,-0.14182962347698969,-0.05828038189652396,19.544562704815547,30.319586048409064,17.278906340993558,16.70499982833862,16.131093315683685,-3.9209853218131827,空排,12.0
7782,2026-09-15,25.629999542236327,25.91999969482422,25.90749979019165,26.223333326975503,6003.8,27.526222209989115,28.977639346780087,-0.08868973646422873,-0.047476685779577615,-0.041213050684651115,38.735494413622895,44.535204762667085,26.582056226126134,25.90749979019165,25.232943354257166,-0.9939213499824642,交叉混雜,21.0
7786,2026-09-15,115.7,115.85,118.15,123.91666666666667,152060.0,54.89024259347935,35.13817460179173,-2.31458085607116,-2.5153418501670273,0.20076099409586723,67.62492887986876,52.47024686427239,124.13331012066915,118.15,112.16668987933086,1.1426153195090938,空排,10.0
7788,2026-09-15,295.5,305.15,293.85,256.8833333333333,2787823.2,27.304395411899918,39.12783072930221,11.049915509701464,16.423779962296003,-5.373864452594539,37.61653638378992,47.4194359920696,348.1378294008201,293.85,239.56217059917992,-4.543134252169482,交叉混雜,93.0
7792,2026-09-15,314.7,312.55,306.375,254.45,316959.8,53.930045859764306,63.01366519088208,16.884066414169126,19.030255721817422,-2.146189307648296,53.60900511546618,62.48610656245574,324.2484587116186,306.375,288.5015412883814,1.6727866177070585,多排,86.0
7794,2026-09-15,31.879999923706055,30.969999885559083,29.76749982833862,,39600.0,56.023121802452266,61.79307782024477,0.8303034821366069,0.5661504672298426,0.26415301490676424,55.70207147414072,60.26672980439321,33.222515341840094,29.76749982833862,26.31248431483715,5.1482301757267095,,
7795,2026-09-15,509.2,514.6,533.05,503.44166666666666,1467847.8,19.97483359679099,30.095649349485413,1.0222846271919934,10.50566955644559,-9.483384929253596,27.854611747209063,40.00027045084225,594.1124356919331,533.05,471.9875643080668,-12.578557358596749,交叉混雜,92.0
7799,2026-09-15,411.9,391.9,378.975,386.45,636184.6,74.7596727731931,69.38700181434629,11.492391045021293,5.240901967505833,6.25148907751546,66.60403012314666,62.397917796114946,426.62777370841764,378.975,331.3222262915824,9.63783890757965,交叉混雜,
7803,2026-09-15,19.099999618530273,19.224999809265135,19.292499923706053,20.643333403269448,44825.0,30.77074733540913,44.72189795105041,-0.30764001302437904,-0.3147926558649293,0.007152642840550283,26.562891351876104,34.594626186408064,19.8593707857823,19.292499923706053,18.725629061629807,-3.8486494211833246,空排,
7805,2026-09-15,501.0,506.0,529.95,604.4,34638.4,13.815918606479418,19.25044964344444,-32.77670295406347,-33.36371009926956,0.5870071452060941,28.910422299145623,30.474181532716003,644.1639727833174,529.95,415.73602721668266,-6.21756769506558,空排,5.0
7810,2026-09-15,219.2,219.05,216.175,203.10833333333332,108261.8,37.763715529527985,43.86709003529753,4.459377563189264,5.4760663835105845,-1.0166888203213205,30.941251081211703,45.520395480520094,232.74153252796114,216.175,199.60846747203888,-2.625187926448484,多排,77.0
7811,2026-09-15,73.03999938964844,73.28999862670898,72.86999893188477,73.5549996693929,13200.0,34.001223547282635,61.28473845185292,0.11112815417061483,0.14925155572983756,-0.038123401559222725,24.39814128440247,38.149376458592265,74.3152816574318,72.86999893188477,71.42471620633773,-1.1939055093139184,交叉混雜,6.0
7814,2026-09-15,28.679999923706056,28.939999961853026,29.49250011444092,32.54083325068156,14800.0,16.639932431443597,22.215854977198195,-0.8038333622727585,-0.8327242522264559,0.028890889953697374,31.151490306757324,35.59124822548377,30.955833191558384,29.49250011444092,28.029167037323454,-4.043403823863908,空排,10.0
7818,2026-09-15,60.18000030517578,60.39000015258789,61.0,64.34666646321615,82604.0,31.08509375117578,31.33060228485703,-1.0025973272029987,-1.1081844717991265,0.10558714459612784,36.408438717254164,34.897777882159005,62.91723462475013,61.0,59.08276537524987,-1.639344262295082,空排,7.0
7819,2026-09-15,34.220000457763675,34.82500038146973,34.8625,36.340000025431316,22407.8,7.61073730140252,14.36118013535431,-0.5263709487279584,-0.5235582521128672,-0.0028126966150912036,37.312800283172514,41.53276139404406,36.224339103962144,34.8625,33.50066089603785,-2.0437389003114834,空排,1.0
7820,2026-09-15,111.5,114.6,117.85,114.21500002543131,15820.0,21.995046334191382,30.047312423562488,-1.3041220778970484,0.30465136774144047,-1.6087734456384888,18.901706939245784,32.49444724452135,126.99272791261174,117.85,108.70727208738825,-9.206618582944417,交叉混雜,5.0
7821,2026-09-15,39.2,39.40500030517578,39.252499961853026,40.22833334604899,88623.0,33.976847669901396,49.472405097359434,-0.2553361353363428,-0.24473451335172167,-0.01060162198462114,28.32043560496085,37.5201033644485,40.06908852563643,39.252499961853026,38.43591139806962,-1.6623182940349184,交叉混雜,7.0
7822,2026-09-15,842.4,879.1,902.7,929.6666666666666,112218.2,6.26568148889825,13.16259355502622,-19.258859538780143,-5.9522844143218965,-13.306575124458247,18.089182371327226,32.022690550769354,991.7182713356044,902.7,813.6817286643957,-11.376980170599317,空排,42.0
7823,2026-09-15,80.46000061035156,81.64999923706054,82.59500007629394,82.53500035603841,56601.2,25.918468162426244,31.856017551744678,-0.7473102039544557,-0.4576131878358454,-0.28969701611861026,38.10883807836579,40.22256545399328,85.6388730032236,82.59500007629394,79.55112714936429,-2.7786149554043407,交叉混雜,
7825,2026-09-15,97.14000091552734,,,,1392650.0,50.0,50.0,-0.26179811680265175,0.4893385683161193,-0.7511366851187711,66.0243960849815,82.97931814305974,,,,,,
7827,2026-09-15,151.7,151.8,155.2,158.15,110042.4,56.77336894640566,52.08840080672378,-1.5873560025621316,-1.0684604525314703,-0.5188955500306613,30.62680561480032,39.40226990640959,163.87179335547222,155.2,146.52820664452776,-3.672680412371127,空排,85.0
7828,2026-09-15,1981.0,1925.5,1790.25,1824.3333333333333,382299.2,47.84927861533243,61.3244099974088,71.2956890151329,56.01815769431775,15.277531320815143,42.10472835161174,50.788732330084095,2140.67042418245,1790.25,1439.82957581755,3.0582320904901548,交叉混雜,98.0
7835,2026-09-15,21.820000076293944,22.835000228881835,22.912500190734864,,28512.0,17.135006280505532,24.258331192331728,-1.729082988211239,-1.8363309525073115,0.10724796429607242,30.780711507952276,29.267355969525426,27.543957054067,22.912500190734864,18.281043327402728,-7.255865474720781,,
7839,2026-09-15,43.25,43.71500015258789,44.305000114440915,44.87333329518636,11600.0,50.324855325388455,49.56555033399105,-0.598898762302774,-0.5440601803417038,-0.054838581961070165,50.587170863461445,46.197415368888215,45.92490873074783,44.305000114440915,42.685091498134,-1.1398281820921756,空排,13.0
7842,2026-09-15,99.38000030517578,99.1,100.85499992370606,94.35333353678385,27002.6,26.70303472621244,32.11654361063205,1.316087761549113,1.881388770545237,-0.5653010089961239,36.039565996526186,48.39813195757434,106.28841554999441,100.85499992370606,95.42158429741771,-3.2274071211613533,交叉混雜,9.0
7855,2026-09-15,42.05999984741211,42.28999977111816,42.83249969482422,,488556.8,2.4707434071936083,4.515520415185296,-0.44521698238109053,-0.35905837504275273,-0.0861586073383378,20.475997653117176,50.841256788811805,44.0757021827524,42.83249969482422,41.58929720689604,-1.943616881470074,,
8011,2026-09-15,15.5,15.614999961853027,15.794999980926514,16.43750007947286,246921.2,13.34613824569333,15.33424659045287,-0.23061018348071372,-0.2192520607204833,-0.011358122760230405,27.301289420260034,34.102177210119294,16.262805689261956,15.794999980926514,15.327194272591072,-2.5007936870733087,空排,9.0
8016,2026-09-15,278.3,283.95,289.475,301.525,502624.4,12.58744036870604,18.551955913968087,-5.500541026095448,-3.6311507845745776,-1.86939024152087,27.67682208880686,36.913143120103854,305.7375659916224,289.475,273.21243400837767,-5.345884791432773,空排,81.0
8021,2026-09-15,434.6,437.75,427.45,444.325,909848.6,46.94761505756495,52.70274936323112,4.248750498206505,3.969899686980014,0.2788508112264907,48.126448863199926,50.32578987033189,472.14652052864864,427.45,382.75347947135134,0.947479237337703,交叉混雜,97.0
8024,2026-09-15,12.889999961853027,12.90999994277954,13.049999952316284,14.496666717529298,42200.0,42.16856428533114,39.624671897478194,-0.3141540689932949,-0.3478138042514952,0.03365973525820032,47.174289649719476,41.59290483873938,13.419921599363253,13.049999952316284,12.680078305269316,-1.1494278493034533,空排,63.0
8027,2026-09-15,169.9,175.25,175.2,194.19166666666666,1703829.2,17.098220629866944,27.539159883566807,-4.583869776748713,-3.862319463189581,-0.7215503135591321,26.115200156174254,37.22214883141923,189.01989412709872,175.2,161.38010587290125,-6.3926940639269345,交叉混雜,83.0
8028,2026-09-15,227.8,234.6,240.35,273.7916666666667,2423125.4,18.82612091903153,21.716672088614473,-10.578622118576675,-9.926462144745177,-0.6521599738314983,36.755248100029775,38.18594498430338,258.3590620463574,240.35,222.34093795364257,-5.762429789889742,空排,74.0
8032,2026-09-15,34.81999969482422,35.260000228881836,35.7,37.714166450500485,36800.6,26.93588283469602,28.83254759682039,-0.5821876547914826,-0.525656270651052,-0.056531384140430574,34.539087662564,37.26790185183153,36.943932320493175,35.7,34.45606767950683,-2.3809566551229944,空排,20.0
8033,2026-09-15,171.8,174.05,180.8,188.78333333333333,3386013.6,9.623114578522545,12.458364083543787,-4.161550245914555,-2.7464556780933567,-1.415094567821198,26.312564897757824,38.1391469068238,197.3032692136089,180.8,164.29673078639112,-7.909292035398235,空排,80.0
8034,2026-09-15,19.879999923706055,19.970000076293946,19.580000114440917,19.975833288828532,61884.0,23.285439406838076,36.330742103026395,0.1231190315762909,0.09808979196431156,0.025029239611979337,42.61400728722931,49.14172290606574,21.075396345227986,19.580000114440917,18.08460388365385,0.35750512604813095,交叉混雜,15.0
8038,2026-09-15,30.789999771118165,31.01499996185303,31.119999980926515,34.65083332061768,218741.4,48.91710867979327,34.90235716635772,-0.5827481121399991,-0.8067072814800045,0.22395916934000537,71.68024685137472,59.68045269543757,32.6794870513761,31.119999980926515,29.56051291047693,6.041131170391193,空排,8.0
8039,2026-09-15,276.1,290.6,298.075,227.18333333333334,21907227.0,14.490487142944975,19.98665690824193,9.30681759720818,18.40289335604222,-9.09607575883404,34.34804965434084,46.08369821454506,350.186494842661,298.075,245.96350515733903,-9.418770443680279,交叉混雜,98.0
8040,2026-09-15,78.41999816894531,78.61999893188477,74.83999900817871,80.64333273569743,1086473.2,41.807556126466245,50.54320731820568,0.9586754472878738,0.34985712830773597,0.6088183189801378,51.15102327988413,52.57818105336704,83.87196651604374,74.83999900817871,65.80803150031367,3.6878667858356944,交叉混雜,80.0
8042,2026-09-15,113.4,112.35,107.925,129.556666692098,6675387.8,54.58868982560913,61.86265594255866,-0.785514398453131,-2.2523406864307454,1.4668262879776144,46.9541132303642,48.66204066771278,121.63060774868325,107.925,94.21939225131675,1.922631457030348,交叉混雜,93.0
8043,2026-09-15,135.8,138.05,139.15,150.85,2087657.6,14.748719540112946,26.307126213727965,-2.5107587680206223,-1.7474826569448074,-0.7632761110758148,28.945703109303864,39.13755427707766,149.2448136762308,139.15,129.05518632376922,-7.653611210923468,空排,95.0
8044,2026-09-15,23.420000076293945,23.63999996185303,24.264999866485596,26.14999990463257,261053.0,28.217900621289544,18.85299519749041,-0.7405240177132519,-0.7468248678822135,0.006300850168961536,39.792723866624364,35.740086939582866,25.844839759366682,24.264999866485596,22.68515997360451,-3.358743490750253,空排,20.0
8045,2026-09-15,48.789999389648436,49.475,50.84249992370606,55.22250016530355,167800.0,48.87180539942715,29.01293743260956,-1.46630517389422,-1.6241977531975023,0.15789257930328215,70.20936715674573,55.68526994256693,54.702861931131395,50.84249992370606,46.98213791628072,3.456750854211197,空排,5.0
8046,2026-09-15,1080.0,1081.0,1139.25,1136.5833333333333,7577906.2,25.59391606042179,23.60524918386783,-21.527045916941915,-8.856019210714564,-12.671026706227352,46.57411053522683,46.03736460378929,1292.4019713088642,1139.25,986.0980286911358,-4.761904761904762,交叉混雜,98.0
8047,2026-09-15,47.17000045776367,44.93499984741211,45.13999996185303,45.18250007629395,60451.4,64.17689242536883,58.01008155152313,0.2860217695782552,-0.10490642574606926,0.39092819532432443,59.08598823904278,55.90779198522403,49.43437901676639,45.13999996185303,40.845620906939665,3.455916708916154,交叉混雜,89.0
8048,2026-09-15,49.00000076293945,49.95000038146973,50.935000038146974,53.95310694376628,96269.2,18.088044375289215,20.27618372556283,-1.1781036606463289,-0.9422915308427607,-0.23581212980356814,35.93338989153557,37.63279561220903,53.97925214041224,50.935000038146974,47.890747935881706,-4.6824399711401155,空排,30.0
8049,2026-09-15,24.519999694824218,24.45999984741211,24.4625,25.731666564941406,89509.2,61.17631922076019,53.54932146930727,-0.2837960744210548,-0.3569657860366409,0.07316971161558611,53.791537116208254,42.42789546706634,24.642777318761564,24.4625,24.282222681238434,0.35768722354848564,交叉混雜,43.0
8050,2026-09-15,56.119998931884766,55.94999961853027,56.45999984741211,57.843333117167155,878946.8,62.13938224776962,50.209102597789695,-0.6398444115944741,-0.7626051007590452,0.12276068916457106,58.9877642833955,50.5698088432062,58.21127041531023,56.45999984741211,54.70872927951398,0.9564296033427014,交叉混雜,77.0
8054,2026-09-15,81.76000061035157,82.07000045776367,82.0099998474121,91.04608612060547,545672.2,28.077612140246302,34.90446452536598,-1.2124931532494685,-1.4603657648711224,0.24787261162165386,40.387248299721364,42.786744405750184,85.4040503526072,82.0099998474121,78.61594934221701,-1.8412386906738336,交叉混雜,8.0
8064,2026-09-15,119.4,117.25,108.89999961853027,114.64999987284342,12781680.0,40.37350392859056,57.72698647134387,3.0874052013088544,2.322419100533995,0.7649861007748595,37.763782257966376,46.53699442079559,132.75385356378703,108.89999961853027,85.04614567327351,-0.8264459335931262,交叉混雜,92.0
8066,2026-09-15,14.4,14.464999961853028,14.569999933242798,14.80666667620341,4940.0,24.06005041133673,21.395635172048234,-0.1102501175569035,-0.1046725133067618,-0.005577604250141699,52.312139129008045,46.73778219038865,14.869824408499708,14.569999933242798,14.270175457985887,-0.4804388027695632,空排,16.0
8068,2026-09-15,16.270000076293947,16.560000038146974,16.77249994277954,17.76583340962728,76812.4,12.08162608929003,17.40705923894004,-0.39055124451049394,-0.34134131226810804,-0.0492099322423859,8.530114930626652,21.28976172857753,17.43062716239859,16.77249994277954,16.11437272316049,-5.201969457301279,空排,13.0
8069,2026-09-15,146.8,148.15,153.85,177.58333333333334,4186195.4,16.398565324843414,14.43644867367563,-7.769741513306599,-8.059907107327218,0.29016559402061937,31.879928077539418,32.59211363987272,166.39927131455107,153.85,141.30072868544892,-5.102372440688979,空排,9.0
8070,2026-09-15,49.59000015258789,49.81500015258789,50.01750011444092,50.17166678110758,1357029.2,36.12701819428896,29.87551794983413,0.036001863913895704,0.13432227439578268,-0.09832041048188697,45.17779591665558,48.269056871835865,51.550393975987305,50.01750011444092,48.48460625289454,-1.1346015898495911,空排,68.0
8071,2026-09-15,21.89000015258789,22.500000190734863,23.267500019073488,25.189166514078774,316420.4,6.052101079884643,11.902015015495367,-0.6718784575368275,-0.43928690507354906,-0.23259155246327845,17.320375037968972,30.382514199379443,25.290336488552065,23.267500019073488,21.24466354959491,-9.315567361456784,空排,60.0
8072,2026-09-15,26.270000076293947,26.175,26.21750020980835,27.170833428700764,289323.0,46.19060266806876,43.30037722961605,-0.10287086115896571,-0.2073692535343811,0.10449839237541539,78.87086633451557,63.00967046785073,26.67549988797603,26.21750020980835,25.75950053164067,2.793937435946179,交叉混雜,31.0
8074,2026-09-15,50.38999938964844,52.07499961853027,53.84749965667724,57.33250013987223,287505.2,6.657907074287851,12.182174728581765,-1.694783188614295,-1.180259187609856,-0.514524001004439,17.43154920290884,30.432213936541473,58.90688151421377,53.84749965667724,48.788117799140714,-9.280841662880155,空排,61.0
8076,2026-09-15,21.59000015258789,21.825,22.544999980926512,23.557499917348228,489892.0,6.971761095403897,9.936746770618612,-0.5472721295213496,-0.427347445332399,-0.11992468418895064,13.222952809948623,22.27038832089886,24.102967604768242,22.544999980926512,20.987032357084782,-6.631185385365995,空排,21.0
8081,2026-09-15,247.6,250.3,254.025,266.30833333333334,219031.8,16.988175557020764,20.30047949522238,-3.71032046463165,-2.9774575092112396,-0.7328629554204102,30.232414182078372,38.90982089910881,264.3281676273774,254.025,243.7218323726226,-3.1591378801299106,空排,59.0
8083,2026-09-15,157.4,157.65,158.3,159.99166666666667,21284.0,32.34328055052974,35.034106179131804,-0.6273694278135338,-0.5388640938465246,-0.08850533396700921,35.54281912386591,39.18604535859423,159.96701750694484,158.3,156.63298249305518,-0.8212255211623571,空排,51.0
8084,2026-09-15,43.27000045776367,44.75,45.98689632415771,46.52479877471924,477000.2,7.7278029610853585,14.728627094658961,-1.1878802705400275,-0.5341860236510887,-0.6536942468889388,13.529695830710537,27.816195818347637,50.620057410333175,45.98689632415771,41.35373523798225,-10.517984871568515,空排,39.0
8085,2026-09-15,14.510000038146973,14.9,14.557500076293945,12.585833422342937,198871.4,11.824082279300455,25.4012398491607,0.5579047380726525,0.7823570969810739,-0.2244523589084214,29.034756847679205,48.324772054735256,17.085298207076917,14.557500076293945,12.02970194551097,-3.4861747065041464,交叉混雜,40.0
8086,2026-09-15,108.1,110.45,113.3,122.28333333333333,2167723.8,12.68890344781991,15.48694581226463,-3.3961841648612108,-2.7212755312278905,-0.6749086336333203,30.700714316156535,37.54871282011186,122.47318747333735,113.3,104.12681252666265,-6.443071491615178,空排,19.0
8087,2026-09-15,25.160000228881835,26.000000190734863,26.26500024795532,28.62583344777425,29073.0,26.12600434606173,38.92171853001503,-0.8607176165913195,-0.6935063528527523,-0.1672112637385672,18.932371063693992,26.942621314467104,28.15711696993911,26.26500024795532,24.37288352597153,-8.623644494850696,空排,5.0
8088,2026-09-15,42.14999923706055,42.77999992370606,44.19999980926514,49.15416641235352,308994.8,6.166701125819757,9.348149447406268,-1.6429427351286279,-1.480108069142049,-0.16283466598657892,11.786687097064444,24.535430592769302,47.533403312478775,44.19999980926514,40.8665963060515,-7.69230902008259,空排,28.0
8089,2026-09-15,18.070000457763673,17.59000015258789,17.760000228881836,18.68416674931844,199025.0,64.00610722478653,53.48209506964079,-0.1429225864615553,-0.2627824338255748,0.1198598473640195,56.736664442049324,51.24463450768452,18.64412980012434,17.760000228881836,16.875870657639332,1.069822813113666,交叉混雜,5.0
8091,2026-09-15,207.6,211.8,215.075,239.19166666666666,350540.8,11.767553727561982,16.790013824849414,-6.443068623612874,-6.058269053822399,-0.38479956979047447,16.05365470197566,30.02434976763766,225.26413249755126,215.075,204.88586750244872,-5.149366500058114,空排,87.0
8092,2026-09-15,12.75,12.85,12.960000038146973,13.340000025431316,10826.6,25.355449990109044,23.89174330481622,-0.13985671618598516,-0.12960876562456464,-0.010247950561420527,32.275631978422794,40.72409986654423,13.659323148790355,12.960000038146973,12.26067692750359,-2.0061745996646687,空排,28.0
8093,2026-09-15,25.579999923706055,26.059999847412108,26.1875,22.46000010172526,20823.6,16.51845244276488,22.08841835028066,0.6780001562346492,1.1310884193158188,-0.4530882630811697,21.127731781927935,42.06263448396822,29.21280944754863,26.1875,23.16219055245137,-6.634841955362471,交叉混雜,78.0
8096,2026-09-15,90.88000030517578,97.84000015258789,103.07000007629395,126.58166669209798,5402583.6,7.500656965733359,12.725923999601179,-8.51513530268376,-7.1103647719671175,-1.4047705307166423,8.266915815107467,20.485886768670014,119.14706446556609,103.07000007629395,86.99293568702181,-16.561560166545537,空排,83.0
8097,2026-09-15,48.43000030517578,48.65500030517578,49.0100004196167,52.46666660308838,92600.0,34.3538079019943,39.405552105987034,-0.8590806823185702,-0.9517171360819122,0.09263645376334206,22.617886434468844,27.152992064656402,50.017656150628085,49.0100004196167,48.00234468860532,-1.448686342536677,空排,14.0
8099,2026-09-15,58.939999389648435,59.349999618530276,59.84500007629394,58.5650000890096,92210.0,23.592113174199277,26.4425612482422,0.044084478090006485,0.3156852406191532,-0.2716007625291467,42.34145877531025,46.77936709848162,62.91504295787293,59.84500007629394,56.77495719471496,-1.7461790256515446,交叉混雜,43.0
8101,2026-09-15,11.970000076293946,11.980000019073486,12.274999952316284,12.619999980926513,2961.0,58.238158682681465,51.14202833798325,-0.12655221956229035,-0.13940713226200557,0.012854912699715226,43.829990013675165,46.18409380658476,13.64747360065665,12.274999952316284,10.902526303975918,-3.869651840542683,空排,15.0
8102,2026-09-15,62.539999389648436,64.07999954223632,66.08999938964844,69.09333330790201,17136.4,12.69163193824777,18.85140873280073,-1.9439851034529454,-1.5029051960375497,-0.4410799074153957,16.829128706299826,26.38042677518618,71.33671200488233,66.08999938964844,60.84328677441455,-8.458162265506077,空排,32.0
8103,2026-09-15,112.6,117.15,111.15999984741211,93.88999989827474,2876310.0,30.5321764311971,41.68668821396922,6.743813588226132,8.011186060826688,-1.267372472600556,50.564184726723795,58.33389328250658,134.46686854600748,111.15999984741211,87.85313114881674,2.5548759953997138,交叉混雜,87.0
8104,2026-09-15,29.679999923706056,30.114999961853027,30.567499828338622,33.41166648864746,204487.8,7.560143264298155,11.749791713271508,-0.7430580526130441,-0.695731005010149,-0.04732704760289519,12.380794356513746,27.373944959599314,31.9585518628991,30.567499828338622,29.176447793778145,-5.455140980363848,空排,10.0
8105,2026-09-15,14.639999771118164,14.944999885559081,14.8,17.17249992688497,1673364.8,10.35537337851835,20.926187424119085,-0.42962943216662275,-0.43288189334363275,0.003252461177010002,26.799964686488522,36.870969219766486,16.562175580475852,14.8,13.03782441952415,-4.391894469390048,交叉混雜,48.0
8109,2026-09-15,127.6,129.25,130.05,130.91666666666666,136610.2,15.073067863058807,19.2373162618172,-0.7256652272325823,-0.18002049991091434,-0.545644727321668,34.47671445738038,42.50907191959125,135.38015256026833,130.05,124.71984743973168,-2.729719338715887,空排,79.0
8110,2026-09-15,42.04000015258789,42.929999923706056,44.11250019073486,46.18416659037272,2276896.0,7.884936415613602,13.312834142349997,-0.9752558812818677,-0.5991644601067783,-0.3760914211750894,11.14150728418467,28.870435456047403,47.290032723348865,44.11250019073486,40.93496765812086,-8.189289147327932,空排,81.0
8111,2026-09-15,70.73999786376953,71.50999908447265,67.9499994277954,59.26833311716715,7635383.6,23.51300891782657,38.230090664168536,2.96189800830021,3.3398715229588216,-0.3779735146586116,41.83067894736089,51.40512734735346,78.71768973583926,67.9499994277954,57.18230911975155,0.22074915024109792,交叉混雜,78.0
8112,2026-09-15,84.63999938964844,87.40999984741211,90.0,88.79666671752929,8162828.0,9.033642241604442,14.762926986950037,-1.5879631022363014,-0.4595530888762335,-1.1284100133600679,12.019085069908442,29.673563433050163,97.19970792211623,90.0,82.80029207788377,-8.222223917643229,交叉混雜,77.0
8114,2026-09-15,178.3,184.3,190.3,200.4,364835.8,9.785354795477124,14.618517689409451,-7.434428542116052,-6.057716713322974,-1.376711828793078,25.446980830390558,32.08023400658695,206.97459460567023,190.3,173.6254053943298,-7.514450867052029,空排,26.0
8121,2026-09-15,26.68000030517578,27.025000190734865,27.370000171661378,33.63333333333333,429845.4,13.79888563496896,19.495872423982007,-1.1846888404653555,-1.3346217912645375,0.149932950799182,29.163051288826523,33.902515334901835,28.618325160877745,27.370000171661378,26.12167518244501,-4.8228020691338775,空排,20.0
8131,2026-09-15,60.45999984741211,61.06000022888183,61.83500022888184,66.2066666285197,3044529.2,14.291082962751915,27.232813608069907,-1.2753763551081718,-0.9980093906526493,-0.27736696445552256,22.611152459554205,34.38244620490009,64.98077438715633,61.83500022888184,58.689226070607354,-7.0105930505957215,空排,79.0
8147,2026-09-15,131.6,132.45,127.975,131.38333333333333,116826.0,42.08377949979125,53.22747260595874,1.536549493742399,1.1459238364523108,0.39062565729008814,44.78653439372102,50.193797647872266,140.6344046588232,127.975,115.3155953411768,1.1916389919906278,交叉混雜,67.0
8150,2026-09-15,88.01999969482422,89.10999984741211,89.11999969482422,94.46833330790201,18744277.0,20.571217191149536,33.612109708169754,-1.0105246995507287,-0.6486836864740738,-0.36184101307665484,25.36022895590152,38.75052275552986,93.49100486404774,89.11999969482422,84.7489945256007,-5.296227766054886,空排,93.0
8155,2026-09-15,328.5,339.65,340.6,330.4583333333333,397861.6,9.143428884047204,21.77155048795046,0.7366198501253507,5.832606973132491,-5.0959871230071405,22.08982932896167,38.139400629000555,382.033015058544,340.6,299.16698494145606,-7.956547269524375,交叉混雜,88.0
8162,2026-09-15,60.220000457763675,60.510000228881836,61.239999771118164,64.06166636149088,80200.0,24.055045491602353,29.355337923101786,-0.08247910690620586,0.10029603647218106,-0.1827751433783869,33.72590322553691,43.8715747704851,65.99567183983359,61.239999771118164,56.48432770240274,-3.9843248582250377,空排,84.0
8163,2026-09-15,29.710000228881835,30.400000190734865,30.80000009536743,33.4625,526810.4,6.882105676436193,12.725718494132085,-0.7251123993587676,-0.6226024510755298,-0.10250994828323778,19.99533786375632,30.265317724631572,32.32729560933283,30.80000009536743,29.27270458140203,-5.681820950935963,空排,16.0
8171,2026-09-15,19.91999969482422,19.739999771118164,19.802499961853027,20.13999999364217,205510.8,47.34680897112065,47.06915734180268,-0.05027291875254036,-0.07939417386948569,0.029121255116945327,48.30396523411877,48.693546509065875,20.398517467467173,19.802499961853027,19.20648245623888,-0.012628328732721038,交叉混雜,15.0
8176,2026-09-15,9.861999893188477,9.838000011444091,9.860000038146973,10.010833326975504,64621.4,69.19164375373464,58.80137981581261,-0.02576425981148489,-0.04123566726775681,0.015471407456271923,59.449359585787064,52.1398315054644,10.013279677567779,9.860000038146973,9.706720398726167,0.5070974550881748,交叉混雜,43.0
8182,2026-09-15,38.06999969482422,38.51999969482422,39.492500114440915,42.68166681925456,356090.4,23.006506817317206,22.35458396647359,-0.8615641380380694,-0.7264872584989803,-0.1350768795390891,41.65016978040022,42.72356715910994,41.944840854406195,39.492500114440915,37.040159374475635,-3.9058032462660632,空排,79.0
8183,2026-09-15,28.389999771118163,28.325,28.74000015258789,30.47583335240682,388570.6,25.191473809738344,31.91992018614449,-0.4963375551833451,-0.47017566347722567,-0.026161891706119433,29.292410672465763,35.39861396380921,29.917687805768033,28.74000015258789,27.562312499407746,-4.140573796831344,交叉混雜,21.0
8201,2026-09-15,11.829999923706055,11.744999980926513,11.814999914169311,12.149999952316284,44313.4,26.74697731196288,32.39486584581931,-0.05942737117246466,-0.07700897595476829,0.017581604782303625,37.27331260605572,42.07778098112955,12.092393523736217,11.814999914169311,11.537606304602406,-1.8197167521071522,交叉混雜,15.0
8210,2026-09-15,897.2,923.2,947.0,1075.5333333333333,946564.6,6.78088259714711,14.082557399792584,-44.37450681730945,-41.73959574634789,-2.6349110709615644,24.046017279259175,32.96833398947065,1019.2539381553019,947.0,874.7460618446981,-7.708553326293559,空排,51.0
8213,2026-09-15,32.49999923706055,32.714999771118165,32.80750026702881,32.90750010808309,276674.2,28.332838476782932,28.944106043892166,0.0014095661252255809,0.07597611992870638,-0.0745665538034808,40.49352428166934,45.80171185652132,33.48439421320177,32.80750026702881,32.13060632085585,-1.5469055119639623,空排,40.0
8215,2026-09-15,25.00999984741211,25.269999694824218,24.95250005722046,25.704999987284342,448957.0,15.872543385718153,28.723647237880304,0.0038465047844020717,0.03808001785444425,-0.03423351307004218,34.28009986367327,44.29623214637224,26.397081172869562,24.95250005722046,23.507918941571354,-1.8134457716974102,交叉混雜,51.0
8222,2026-09-15,34.85000076293945,35.94000053405762,37.64750022888184,38.430833371480304,435502.8,2.859412760131185,4.711646985562844,-1.0868495735141863,-0.6182747298734155,-0.46857484364077084,12.972682115405973,28.666105847286488,41.735669189202284,37.64750022888184,33.559331268561394,-9.024504172193074,空排,25.0
8227,2026-09-15,229.0,196.45,177.025,169.35833333333332,8469199.2,88.73112528437615,83.52634671233776,20.00388541348019,9.935215481003949,10.068669932476242,93.77411859189995,84.47256637192075,243.1217990307041,177.025,110.9282009692959,40.940545120745654,多排,91.0
8234,2026-09-15,63.37999954223633,65.27000007629394,66.56499996185303,66.84333324432373,422281.2,8.670305789267031,15.951359343619478,-1.072880214525341,-0.3406447557386365,-0.7322354587867046,18.81066678266184,33.01242963355429,71.12629001315767,66.56499996185303,62.00370991054839,-7.909563175557342,空排,24.0
8240,2026-09-15,50.75999984741211,51.20999984741211,47.7125,46.079999923706055,657629.8,39.4194550001375,55.55562942490266,1.881463040049674,1.7865954120377627,0.09486762801191118,43.62438692498332,52.560666308739286,56.36192203885322,47.7125,39.063077961146774,2.698454283468696,交叉混雜,70.0
8249,2026-09-15,38.08999938964844,39.3,40.0375,43.08249994913737,208555.4,5.982706733323938,13.015023474450787,-1.2370212205657154,-0.9744464896512623,-0.26257473091445305,17.28361206340533,28.122309508802573,42.864415595740844,40.0375,37.21058440425916,-7.336875493921717,空排,4.0
8255,2026-09-15,135.0,139.4,143.375,154.3,253972.4,5.605829501484023,9.503627483511641,-4.032787595399299,-2.8537292206600604,-1.1790583747392382,13.453694321001407,29.159000456337324,154.89557655720688,143.375,131.85442344279312,-7.585004359197908,空排,37.0
8261,2026-09-15,166.4,171.4,176.425,219.20833333333334,1942493.0,18.642673731352605,16.634784745620273,-8.608959039562961,-8.610196627969993,0.0012375884070312537,34.50211905400714,38.19543663345697,191.03672924670076,176.425,161.81327075329926,-6.475839591894579,空排,88.0
8271,2026-09-15,207.2,213.7,221.925,211.225,1407609.0,5.831170897463284,10.550679080649207,-4.390847109707835,-0.8210484835219646,-3.5697986261858703,13.736712215307293,29.79942568041203,243.6269887519421,221.925,200.22301124805793,-10.104765123352488,交叉混雜,92.0
8272,2026-09-15,63.68000030517578,64.0800006866455,63.35000038146973,65.50333391825357,20248.0,50.87405490318377,48.9219562212526,-0.15039500866010513,-0.4195525798392634,0.2691575711791583,64.71560283260388,57.37198620358101,65.90507903609081,63.35000038146973,60.79492172684865,3.235992315808759,交叉混雜,23.0
8289,2026-09-15,42.029999542236325,43.49000015258789,44.97999992370605,48.41833330790202,331847.0,16.834373437945917,16.555598627039952,-1.3475086541063206,-1.0117247834950136,-0.335783870611307,42.3055649573504,41.66150902403296,49.1966837950487,44.97999992370605,40.76331605236341,-5.51356142266022,空排,85.0
8299,2026-09-15,1999.0,2025.5,2061.5,2046.25,2550941.0,22.215637845676415,33.16558428028599,-13.596530859220138,7.719392449829318,-21.315923309049456,23.322837624921732,38.29989700525804,2209.862997230979,2061.5,1913.1370027690207,-6.863934028619936,交叉混雜,93.0
8341,2026-09-15,74.45999908447266,74.78999862670898,75.56499938964843,76.11666641235351,169221.2,6.654813203831404,7.4791510085052195,-0.5379909004676904,-0.38756781467463586,-0.15042308579305452,22.60419851264517,32.39760542552915,77.40979440042801,75.56499938964843,73.72020437886886,-1.8063950935374946,空排,47.0
8342,2026-09-15,85.43999938964843,86.41999969482421,86.66499977111816,88.5666665395101,2220.6,25.607005803926047,40.68972184757812,-0.8263054538493009,-0.5915059394806947,-0.23479951436860613,23.918611539345747,31.217150061297957,89.17919130081305,86.66499977111816,84.15080824142328,-4.2289272264436715,空排,51.0
8349,2026-09-15,38.35000076293945,38.625000381469725,38.94250049591064,39.46000029246012,95697.6,31.185880420963485,37.21825152404768,-0.33484402198219954,-0.2663257662561833,-0.06851825572601622,14.148067470993695,25.634095345112883,39.75766939649948,38.94250049591064,38.127331595321806,-2.2918437375222425,空排,31.0
8354,2026-09-15,17.129999923706055,17.36500015258789,17.380000019073485,16.721666701634724,52063.2,21.782976525855766,34.13169689156819,0.07462659811935879,0.1915900306107672,-0.11696343249140842,22.788791422548513,40.33942892587297,17.887211725606257,17.380000019073485,16.872788312540713,-3.337173655790695,交叉混雜,70.0
8358,2026-09-15,506.4,504.0,484.925,457.8833333333333,15933167.6,43.013555186570706,52.214972124607314,21.290500939151514,23.160780212068865,-1.870279272917351,42.820853496238314,50.495425595898666,573.43148207008,484.925,396.41851792992,-0.6031860596999559,多排,91.0
8367,2026-09-15,40.560000610351565,40.73500061035156,40.705000495910646,40.489166831970216,15650.2,47.04660807487439,47.3298156072398,0.019888279756116845,0.06686037867068603,-0.04697209891456919,45.1288820182369,47.68881184383229,41.26966154507228,40.705000495910646,40.14033944674901,-0.503624845628588,交叉混雜,45.0
8374,2026-09-15,78.33999938964844,79.68999938964843,80.70999946594239,81.73666648864746,177608.8,6.014146687224742,12.939654924330261,-1.0579322547465324,-0.5058441230241162,-0.5520881317224162,23.80899205957651,36.386571278848486,84.4818625519828,80.70999946594239,76.93813637990198,-5.835707467610493,空排,27.0
8383,2026-09-15,65.15999984741211,65.1399990081787,65.72499904632568,70.10833276112875,1391885.2,12.588611349044598,21.294785022378854,-1.4886863148924192,-1.4520004702460487,-0.03668584464637048,35.26141127100824,40.683646251353494,68.737166946922,65.72499904632568,62.71283114572935,-3.6896155868422174,交叉混雜,85.0
8390,2026-09-15,92.42000122070313,94.81000061035157,97.03500022888184,98.56499989827473,465811.2,7.913193287365862,13.017979270852518,-1.809694775363539,-0.8829484680462973,-0.9267463073172417,14.53751868987274,28.837489997844358,103.9386294525612,97.03500022888184,90.13137100520248,-6.940791633161042,空排,57.0
8401,2026-09-15,22.679999923706056,22.724999809265135,22.839999866485595,22.874166679382324,48202.8,42.07934109863662,34.19276193781005,-0.06862758486326825,-0.04935557718176689,-0.019272007681501363,41.76995024590411,42.921827059766876,23.176545879580036,22.839999866485595,22.503453853391154,-0.6129557984436347,空排,32.0
8403,2026-09-15,18.9,18.945000076293944,19.122500133514404,19.177500025431314,69806.8,27.695038181168535,28.125185922918483,-0.0959061130800265,-0.07056254818451013,-0.02534356489551637,21.035030432767044,32.23367495175664,19.62978914799752,19.122500133514404,18.615211119031287,-1.686499642840302,空排,25.0
8404,2026-09-15,14.15999984741211,15.120000076293945,15.705000114440917,16.276666673024497,647429.6,4.887051174037331,11.600143981048616,-0.6105708487846613,-0.3375047513442342,-0.2730660974404271,4.778970302428235,12.863244200724154,17.64187263194216,15.705000114440917,13.768127596939674,-13.085007837860813,空排,5.0
8410,2026-09-15,29.279999923706054,29.704999923706055,30.55250005722046,31.49916671117147,12000.0,29.210114833226875,27.31049931142895,-0.6502681960436796,-0.5321985650395759,-0.11806963100410373,36.71172937989485,35.51726616084069,32.95873682394384,30.55250005722046,28.14626329049708,-4.263153767387492,空排,17.0
8411,2026-09-15,12.869999885559082,12.88499994277954,12.877499961853028,12.743333276112875,83862.0,39.481316283835554,53.70083827338417,-0.0021404196467784686,0.02147388217004226,-0.02361430181682073,40.684357451057195,45.16015904356914,13.09142318792192,12.877499961853028,12.663576735784135,-0.9900987166043129,交叉混雜,66.0
8415,2026-09-15,35.60999984741211,36.44499969482422,37.060000038146974,36.71833324432373,517365.0,7.718345086948663,17.08774519533745,-0.5368200908816405,-0.20107646818667002,-0.3357436226949705,9.223523548420829,22.37857002653368,39.20588983063862,37.060000038146974,34.91411024565533,-6.772803018086368,交叉混雜,60.0
8421,2026-09-15,12.609999847412109,12.7,13.122499990463258,13.929999987284342,130823.6,31.950914239323268,29.557297403986848,-0.3960575124989667,-0.3659664566907979,-0.030091055808168787,43.611635395707495,40.72201385802309,14.09932351201478,13.122499990463258,12.145676468911734,-3.6006886818546198,空排,48.0
8422,2026-09-15,26.129999923706055,26.219999885559083,26.607500076293945,26.630833276112874,3135851.8,17.9296339942281,19.87430391176211,-0.14901676883625115,-0.06803976224300808,-0.08097700659324307,32.8563665755306,40.77179794783575,27.511453765827525,26.607500076293945,25.703546386760365,-2.471105182633425,空排,64.0
8423,2026-09-15,18.029999923706054,18.075,17.967500019073487,17.812499968210854,33507.8,30.79458735452451,38.929463816072804,0.04114272485128012,0.07472333314827058,-0.03358060829699046,27.818060660081755,39.13176974026116,18.371786291044256,17.967500019073487,17.56321374710272,-1.7670816763944317,交叉混雜,57.0
8424,2026-09-15,68.74000091552735,68.72000122070312,68.91000061035156,68.83166732788087,7000.0,42.146607374274495,31.370697677611982,-0.06728001644391668,-0.07011103613420777,0.0028310196902910922,62.758066614648456,52.6655396289716,69.40799583312821,68.91000061035156,68.41200538757491,-0.014510353191248354,交叉混雜,50.0
8426,2026-09-15,20.549999618530272,20.6899995803833,20.84499979019165,20.69333330790202,18620.0,44.85104015014546,44.51258071598439,-0.12383202137914395,-0.053368898072968456,-0.07046312330617549,17.046612183309847,31.896967468651383,21.38292985771366,20.84499979019165,20.30706972266964,-2.6145385397775183,交叉混雜,21.0
8429,2026-09-15,5.939999961853028,5.966999959945679,5.996000051498413,6.096166706085205,122143.2,7.7846332140658845,14.287635179169783,-0.03973943878158703,-0.033142244817321725,-0.006597193964265308,19.068484444666325,30.165959849218936,6.085536963081934,5.996000051498413,5.906463139914893,-1.934622015697056,空排,19.0
8431,2026-09-15,60.18000030517578,62.38000068664551,55.22750015258789,51.268333180745444,1977663.2,45.511193593497694,56.90506231498337,3.4256981787819,3.192013136622448,0.2336850421594523,51.668190082584296,56.633634580683626,71.56278705142876,55.22750015258789,38.89221325374702,8.82259437430807,交叉混雜,72.0
8432,2026-09-15,50.05,50.26499977111816,50.35749988555908,50.448333231608075,26415.0,19.906111849506186,26.106008293767495,-0.1008023915780143,-0.039565418115346314,-0.06123697346266798,37.54814132936407,42.89972878981039,50.94084348410861,50.35749988555908,49.774156287009546,-0.9085009397207362,空排,54.0
8433,2026-09-15,53.57999954223633,54.119999694824216,54.829999923706055,54.05666650136312,9600.0,28.383076795975654,22.84646286988277,-0.27798195657208424,-0.00299906667564058,-0.27498288989644365,11.755830066059232,31.06257874561335,56.762655728576775,54.829999923706055,52.897344118835335,-2.790444444235725,交叉混雜,55.0
8435,2026-09-15,53.20000076293945,53.34000091552734,53.43000030517578,53.09166660308838,11020.4,43.807776183565466,51.59393642096909,-0.03106724408711159,0.03504644654983377,-0.06611369063694536,37.90175938354445,44.24737778301093,54.003447686980216,53.43000030517578,52.856552923371346,-0.8047918823128417,交叉混雜,50.0
8436,2026-09-15,106.5,109.0,116.65,116.41666666666667,445857.8,4.075637339669659,8.45614609881683,-3.877915522497517,-2.261974776586394,-1.6159407459111232,9.123147025809232,22.99227275869137,133.5026118544232,116.65,99.7973881455768,-9.98714102014574,交叉混雜,27.0
8437,2026-09-15,9.085999870300293,9.149999904632569,9.159000015258789,9.476000006993612,22015.8,35.83813719728462,45.13254657086852,-0.07031945693175601,-0.07145814471424114,0.0011386877824851316,23.050625376758063,33.8102086645753,9.33775603617888,9.159000015258789,8.980243994338698,-1.9543669912026187,空排,4.0
8438,2026-09-15,67.95999908447266,68.45,68.82000007629395,74.97666651407877,83600.4,22.521363409978363,27.16217087444769,-0.6151415822317716,-0.5766759079709458,-0.03846567426082581,35.79336089302002,42.7657156572128,72.88815689825633,68.82000007629395,64.75184325433158,-2.3539714127518536,空排,89.0
8440,2026-09-15,19.9,20.010000038146973,20.23499994277954,20.325833320617676,51739.4,36.92477679123108,33.72435125379294,-0.07991010927287334,-0.03669277740736286,-0.04321733186551048,34.21144151714364,41.395002537102364,20.79328662414473,20.23499994277954,19.676713261414353,-1.9026417711811985,空排,20.0
8442,2026-09-15,45.92000045776367,45.80500030517578,46.11000003814697,44.656666628519694,29002.0,37.435946551626,42.32969152187361,0.24266035281872433,0.3463616307846163,-0.10370127796589196,45.25974140379314,50.0233516899592,48.696726836708386,46.11000003814697,43.523273239585556,-0.9976111730373163,交叉混雜,24.0
8443,2026-09-15,11.189999771118163,11.204999828338623,11.292499876022339,11.390833202997843,29261.2,60.68415865515779,57.14115530902806,-0.06439624625929774,-0.056005353153893316,-0.008390893105404425,44.71477268090465,42.613864265747274,11.505930614121846,11.292499876022339,11.079069137922831,-0.8191283398072876,空排,54.0
8446,2026-09-15,85.7,85.54999923706055,85.33499946594239,86.05666592915853,45490.6,44.23520272770837,60.10433505929224,-0.03567334197360594,-0.06141038822543729,0.025737046251831347,32.292903734785455,41.015074101297635,86.12513470640133,85.33499946594239,84.54486422548345,-0.6269366819391563,交叉混雜,37.0
8450,2026-09-15,14.40999984741211,14.494999885559082,14.532499980926513,14.902499977747599,31300.0,58.78160301452873,57.83323244451595,-0.12731619812604755,-0.12588378490316937,-0.0014324132228781816,31.619728607469966,37.59112219083732,14.74593066493193,14.532499980926513,14.319069296921096,-1.255803197635038,空排,24.0
8454,2026-09-15,240.1,240.8,246.4,261.475,402154.6,51.50277911024068,34.699373544569056,-5.16747728443903,-5.349330059699646,0.18185277526061583,47.843829920332006,43.82946463930998,259.8266035992197,246.4,232.9733964007803,-1.785714285714288,空排,58.0
8455,2026-09-15,23.079999923706055,22.975,23.30500011444092,24.995833365122476,4279.8,67.96112132479267,49.95523557108424,-0.45810377862899543,-0.6041687143269469,0.14606493569795143,58.51498222823534,49.81215571016663,24.51500247646471,23.30500011444092,22.09499775241713,0.8367298202167776,交叉混雜,38.0
8462,2026-09-15,162.4,164.25,168.9,162.45833333333334,62766.4,20.196486393001315,20.143305341805945,-1.6313969721597061,-0.11310824584396367,-1.5182887263157425,31.026348777042656,37.39850300816558,179.76568718005188,168.9,158.03431281994813,-4.973357015985794,交叉混雜,71.0
8463,2026-09-15,21.3,21.369999885559082,21.37249994277954,21.305833212534587,14600.0,49.0767330139022,56.00853786252388,0.0034970699929743887,0.03500608946972946,-0.03150901947675507,29.133373790932893,41.35951132128794,21.596047751482903,21.37249994277954,21.14895213407618,-1.041058953538268,交叉混雜,29.0
8464,2026-09-15,374.8,372.0,370.9,369.2583333333333,308657.0,65.61802900058817,59.34456561692619,1.1300996148002014,0.23026534303500018,0.8998342717652013,65.55218513065341,57.852219797767155,381.04941014621073,370.9,360.7505898537892,2.9927204098139724,多排,60.0
8466,2026-09-15,14.030000114440918,14.650000095367432,15.160000133514405,16.300833415985107,30861.4,9.50391439408999,12.63658681812478,-0.6326105296034648,-0.4706297567018587,-0.16198077290160606,10.408305023227086,19.28540306377066,16.628834256550558,15.160000133514405,13.691166010478252,-10.290235740802977,空排,6.0
8472,2026-09-15,79.17999877929688,75.5099983215332,71.31999931335449,73.78499972025553,19894.8,80.66949009348039,75.26043774401695,2.434426655049279,0.8665529574028286,1.5678736976464505,73.5836183740396,68.62917623259284,82.48320840344428,71.31999931335449,60.1567902232647,12.450922210293607,交叉混雜,55.0
8473,2026-09-15,38.81999969482422,41.25418663024902,43.43459339141846,44.32903111775716,456002.2,6.72805845981404,15.776403445771614,-1.5672637913630396,-0.7365250047702446,-0.830738786592795,14.321519651039097,25.493364748941858,49.93451697720076,43.43459339141846,36.93466980563616,-12.857481747258017,空排,37.0
8476,2026-09-15,19.75999984741211,19.50999984741211,19.679999828338623,21.370000044504803,176500.0,69.21177636274044,61.34860153161898,-0.2559528699382625,-0.34214834336132616,0.08619547342306366,44.208384580163894,44.15349031790071,20.36318091971304,19.679999828338623,18.996818736964205,-0.9146332820563776,交叉混雜,61.0
8478,2026-09-15,141.4,141.85,141.9,148.18333333333334,42440.0,37.14003644936891,35.18847956621097,-1.4418189026456503,-1.751679600035375,0.30986069738972466,46.08590650273004,44.14153986037657,144.75804497042824,141.9,139.04195502957177,-0.2818886539816812,空排,21.0
8487,2026-09-15,70.51999969482422,70.72000045776367,70.91000061035156,74.03833363850912,5000.0,19.747185415458656,30.445952464094308,-0.7438659415382318,-0.8109715251768648,0.06710558363863295,30.70229525208329,34.972548173482735,71.93166203002355,70.91000061035156,69.88833919067957,-1.2833177302479337,空排,49.0
8488,2026-09-15,10.05999984741211,10.151999950408936,10.030499982833863,10.08133331934611,24114.6,20.190460612197054,28.391134111502897,0.010586055822573215,0.024526925692479273,-0.013940869869906058,35.940669944306464,43.519145778934565,10.517444238537768,10.030499982833863,9.543555727129958,-1.699818817091971,交叉混雜,47.0
8489,2026-09-15,21.83000030517578,21.910000038146972,22.29000005722046,22.423333390553793,16815.2,18.580835397400147,22.83003707555911,-0.24528629883162623,-0.18317155254821813,-0.0621147462834081,17.931535689949783,30.25604228363649,23.172341456400734,22.29000005722046,21.407658658040187,-3.0955570838018924,空排,11.0
8499,2026-09-15,253.5,254.45,261.0,271.625,14337.8,8.53072825670886,11.163114905496434,-3.878872015083573,-3.044514514979679,-0.8343575001038941,31.64029196177451,40.28469652550099,279.1311015138461,261.0,242.8688984861539,-3.8314176245210727,空排,27.0
8906,2026-09-15,28.479999542236328,28.764999771118163,28.414999961853027,27.82583325703939,5666.0,49.56130030938178,52.477336945167735,0.30013111068437937,0.3611621995359226,-0.061031088851543236,59.69599264897219,58.15863390798002,29.511453181919908,28.414999961853027,27.318546741786147,1.3549156280991688,交叉混雜,41.0
8908,2026-09-15,40.19000015258789,40.16272468566895,40.17136211395264,39.99878756205241,25932.8,43.14699569265044,49.9093659052082,0.054693365191042176,0.08381601392985243,-0.02912264873881025,48.38598712864974,50.45361784335422,40.747486138097265,40.17136211395264,39.595238089808014,-0.0531736713660356,交叉混雜,47.0
8916,2026-09-15,40.90999984741211,40.975,40.847500038146975,42.05750001271566,53215.6,20.91766189109027,36.258909864216456,-0.23430696606666146,-0.3034861969856536,0.06917923091899214,38.62191495992718,41.31801618008248,41.3495740103709,40.847500038146975,40.34542606592305,-0.11628814748042894,交叉混雜,28.0
8921,2026-09-15,16.45999946594238,16.469999885559083,16.792500019073486,17.364999993642172,1601.0,80.24431067053311,63.82065216938058,-0.2445237213579503,-0.2514919776852347,0.006968256327284372,54.44750284070547,45.78891370265208,17.588724921343474,16.792500019073486,15.9962751168035,-0.8485955062162045,空排,46.0
8923,2026-09-15,18.320000076293944,18.475,18.575000095367432,18.987500031789143,8010.2,36.85091332952876,29.84092491731422,-0.1431883975370205,-0.12297986538985724,-0.02020853214716327,51.384352277366006,48.23582306502581,19.18844614065562,18.575000095367432,17.961554050079243,-0.40376901740171306,空排,45.0
8924,2026-09-15,50.25999984741211,50.43999977111817,50.43999977111817,53.65333321889241,47828.6,20.444940338243,29.25283607455227,-0.6901963309103181,-0.8234330803114586,0.1332367494011405,33.33850318250771,34.907991566154664,51.10300689494827,50.43999977111817,49.77699264728806,-1.0705754315813112,交叉混雜,14.0
8926,2026-09-15,58.16000061035156,57.630000305175784,57.180000114440915,63.60166657765706,4186846.4,45.317127117310164,56.45118633377649,-0.6957539694063897,-1.1192379236984027,0.423483954292013,46.4348015491209,45.946683065731754,58.8926161575025,57.180000114440915,55.46738407137933,0.3847523801988055,交叉混雜,69.0
8927,2026-09-15,18.85999984741211,19.13499984741211,19.552499866485597,20.255833276112874,112487.6,18.509168779353047,17.966648938406518,-0.3412942480680421,-0.2794046687337308,-0.06188957933431127,31.59824974299599,34.63839388255187,20.603051231536526,19.552499866485597,18.50194850143467,-3.848615954806326,空排,10.0
8928,2026-09-15,23.170000076293945,23.875000190734863,23.92750015258789,23.065000120798747,21876.8,19.81648539433195,28.09879237678436,-0.0012834511157251427,0.22662587229134773,-0.22790932340707287,30.43720197546591,39.90099378521245,25.443199123672258,23.92750015258789,22.41180118150352,-4.0852549719562505,交叉混雜,58.0
8929,2026-09-15,12.989999961853027,13.015000057220458,13.139999961853027,13.562499952316283,7500.2,32.53042931834512,25.631047813589966,-0.12888684079416812,-0.13158302682025014,0.0026961860260820147,41.67187690710053,40.42927545972705,13.443661778702978,13.139999961853027,12.836338145003076,-1.0654487234357948,空排,22.0
8930,2026-09-15,29.15,29.539999961853027,29.747499847412108,29.874166615804036,35671.8,26.149079125155225,29.172526816669674,-0.2334322446681405,-0.12671519266904457,-0.10671705199909592,25.01315995237522,34.76143501484303,30.6677256682821,29.747499847412108,28.827274026542117,-2.176651716156613,空排,55.0
8931,2026-09-15,41.90999984741211,41.46500015258789,41.2375,41.568333307902016,134824.6,66.4381101326592,61.88010628953623,0.2556120422151693,0.013823842903186036,0.24178819931198328,87.52032133314596,77.8696735420372,42.60512369686441,41.2375,39.869876303135584,4.516516457401871,交叉混雜,49.0
8932,2026-09-15,90.54000091552734,91.12000045776367,97.13877143859864,104.77459042867025,2136114.4,26.268526583349633,33.230238042795506,-4.151927902230128,-3.497354728062304,-0.6545731741678238,25.103718336801307,35.03174143255987,115.28549989790862,97.13877143859864,78.99204297928866,-11.67275251572237,空排,36.0
8933,2026-09-15,4.501999855041504,4.569999885559082,4.56849992275238,4.527999973297119,101422.8,27.769362734265005,36.22471214245597,-0.0087324985766557,0.01549410605434701,-0.02422660463100271,25.106337948401617,39.51633096243896,4.759593649649279,4.56849992275238,4.377406195855482,-3.0316317556226484,交叉混雜,14.0
8935,2026-09-15,17.770000076293947,17.910000228881835,17.95250015258789,19.071666781107584,79683.6,29.77533192746862,42.48778684580917,-0.18596765974294271,-0.18476847443163225,-0.001199185311310469,21.732605827778116,34.87046534358427,18.423194011350272,17.95250015258789,17.48180629382551,-2.7990496330729835,空排,15.0
8936,2026-09-15,51.0,50.679999923706056,50.84499969482422,53.051666514078775,812429.4,52.567749647933056,44.99596465979391,-0.31015631212063965,-0.4513649744154884,0.14120866229484874,56.509218720537014,49.28882944550899,51.589028893513,50.84499969482422,50.10097049613543,0.30484866969437896,交叉混雜,41.0
8937,2026-09-15,29.360000228881837,29.190000343322755,28.27750015258789,26.222500038146972,342810.2,37.082841348111465,52.29016191824684,0.9470070093600427,1.0720871571088524,-0.1250801477488097,39.166290612680825,48.73053488591961,31.5205458783584,28.27750015258789,25.03445442681738,-2.2190806495325575,多排,17.0
8938,2026-09-15,51.86000061035156,51.79000053405762,51.80500030517578,53.48666661580403,57600.0,56.35661673180904,53.844983513173325,-0.34903406148620064,-0.5018524460224985,0.1528183845362978,53.99418415847868,48.561000320654365,53.06570235603342,51.80500030517578,50.54429825431814,0.3764109519843716,交叉混雜,27.0
8940,2026-09-15,14.779999732971191,14.88499994277954,15.10499997138977,15.69500002861023,28301.4,13.395609760400557,14.1134124996691,-0.22869556380685907,-0.2034808146449096,-0.025214749161949462,28.294361332194427,33.08182015254309,15.642929854168738,15.10499997138977,14.567070088610802,-2.681232458733796,空排,14.0
8942,2026-09-15,41.560000610351565,41.880000305175784,42.16500034332275,40.40583324432373,84406.4,11.366920175573842,18.792094070968954,0.26506841944556214,0.526239767101576,-0.2611713476560139,22.191009008408003,42.27601813719497,43.427870716739186,42.16500034332275,40.90212996990632,-2.7629558492515036,交叉混雜,67.0
8996,2026-09-15,1286.0,1264.5,1224.25,1189.6166666666666,4509750.4,41.618382724423135,51.95757778900167,34.256240257778245,35.900090170955046,-1.6438499131768012,44.23553681682152,49.83700216148776,1366.3128104229509,1224.25,1082.1871895770491,-0.34715131713293856,多排,93.0
9103,2026-09-15,4.998000049591065,5.049000072479248,5.09750006198883,5.158000008265177,532600.0,14.11048100711836,24.49703776666673,-0.05276686418657306,-0.03868851608086725,-0.01407834810570581,25.630317562502157,36.44541054991563,5.253755568483797,5.09750006198883,4.9412445554938635,-2.697401121525653,空排,57.0
9105,2026-09-15,8.582000160217286,8.611000061035156,8.52250008583069,8.603166747093201,18010681.6,30.307210551256723,41.988257639879215,0.03134266289791654,0.045829173359744416,-0.014486510461827876,39.94790169584798,46.475617048114984,8.871325293102947,8.52250008583069,8.173674878558431,-1.2026988384213455,交叉混雜,81.0
9136,2026-09-15,9.75800018310547,10.339000034332276,10.854500007629394,11.822333367665609,433602.0,13.917101786187128,15.622558997167578,-0.5327393586323979,-0.3749051574263039,-0.15783420120609393,23.65142038126362,28.61910039984336,12.3648080007826,10.854500007629394,9.344192014476187,-11.649544927474444,空排,61.0
9802,2026-09-15,65.93999862670898,68.94999885559082,70.36999912261963,72.10833326975505,955301.2,14.385760780471802,23.61513963104678,-1.8069270071130035,-0.9143374677758038,-0.8925895393371996,6.284471464776203,19.025366014643637,76.42730433534263,70.36999912261963,64.31269390989664,-9.336364882015799,空排,6.0
9902,2026-09-15,13.4,13.519999885559082,13.639999961853027,13.70749994913737,111947.0,20.22242269821539,22.0223529878662,-0.10739050968195052,-0.05277455125974933,-0.05461595842220119,13.157715086104744,28.647282996949457,14.010774531349846,13.639999961853027,13.269225392356208,-3.5923778936446995,空排,29.0
9904,2026-09-15,24.229999923706053,24.435000038146974,24.659999942779542,24.495833301544188,10145859.6,21.474973702794507,24.33728399898829,-0.0835018594722925,-0.006248334277339597,-0.0772535251949529,41.61244870930125,44.41203283972219,25.32221285654029,24.659999942779542,23.997787029018795,-1.6626112884464566,交叉混雜,26.0
9905,2026-09-15,21.33000030517578,21.380000114440918,21.41500005722046,21.1091667175293,145903.8,30.120891045924537,41.9169755860909,0.03738904188165648,0.08391074297101422,-0.04652170108935774,31.312114211014233,42.77754493623425,21.601660288174614,21.41500005722046,21.228339826266307,-1.0039658823559812,交叉混雜,63.0
9906,2026-09-15,39.10032501220703,40.59016227722168,40.267581367492674,40.4183603922526,55079.8,12.157728759041827,27.10661593208136,-0.2878312674087198,0.12937595887051417,-0.41720722627923396,17.26772169106613,31.130096530151178,43.24641567476031,40.267581367492674,37.28874706022504,-8.238837526088535,交叉混雜,8.0
9907,2026-09-15,15.130000114440918,15.230000114440918,15.267500114440917,15.148333390553793,981810.2,11.10110468956976,24.307526605371006,-0.014460061215537223,0.03067533676232588,-0.045135397977863104,23.500704094148958,37.26694128223214,15.574051499480605,15.267500114440917,14.96094872940123,-2.4070770797836105,交叉混雜,23.0
9908,2026-09-15,29.0,29.039999961853027,29.052499961853027,29.27333319981893,109592.4,9.049661577439386,15.215500785805926,-0.0447914824490212,-0.0461308294941604,0.0013393470451391956,44.945185463273866,45.478855802064345,29.21300889788088,29.052499961853027,28.891991025825174,-0.1807072090937474,空排,54.0
9910,2026-09-15,68.22000122070312,68.73000106811523,68.91500091552734,68.87333399454752,971051.0,18.08412021931357,24.81571591038044,-0.2748230998623029,-0.2103666528363309,-0.064456447025972,47.146647353869966,47.400213824132706,71.35007470437199,68.91500091552734,66.4799271266827,-0.747296499755835,交叉混雜,10.0
9911,2026-09-15,81.7000015258789,81.72999954223633,82.31999969482422,82.7283332824707,172766.4,22.40744863673362,27.187755123100676,-0.2900508624892524,-0.20092093670648495,-0.08912992578276743,27.570019375963895,35.960539517332904,83.66961970999712,82.31999969482422,80.97037967965132,-1.2390629820793566,空排,49.0
9912,2026-09-15,12.95,12.869999980926513,12.947499990463257,12.738333304723104,45630.2,57.399864163904745,43.71776098265407,0.052653454109252706,0.05162391815972001,0.0010295359495326936,53.583650541598985,52.67115842692631,13.56349312100146,12.947499990463257,12.331506859925053,0.40548375806459247,交叉混雜,69.0
9914,2026-09-15,72.61999816894532,75.77999954223633,80.45499992370605,79.35333366394043,2778140.2,11.709087092591023,11.813648860257,-2.916384591248331,-1.1808325722822002,-1.7355520189661309,13.752598101692527,26.031934759072797,92.67637635964849,80.45499992370605,68.23362348776362,-15.356412232056396,交叉混雜,21.0
9917,2026-09-15,105.9,106.1,107.51071434020996,107.66190478006999,287509.8,42.89542562716987,35.83389410581318,-0.780680368501848,-0.6905406925076039,-0.0901396759942441,41.858109270884384,40.92845711855786,111.79499345234916,107.51071434020996,103.22643522807076,-1.405175613873619,空排,45.0
9918,2026-09-15,43.28000030517578,43.21000022888184,43.06000022888183,43.146666590372725,12002.6,62.30417083086485,71.55971337190881,0.06981717375919771,0.05158055376602983,0.018236619993167884,38.71921718433502,45.5396759075219,43.68205108599773,43.06000022888183,42.43794937176594,-0.6038109392458724,交叉混雜,64.0
9919,2026-09-15,14.019999694824218,13.979999828338624,13.937499952316283,13.920833301544189,134429.6,36.40586228662127,47.4882426035457,0.016866187670748545,0.014304514067427856,0.002561673603320689,39.25078562240363,46.754033646233644,14.137170439873916,13.937499952316283,13.73782946475865,-0.2690606917618523,多排,36.0
9921,2026-09-15,92.83999938964844,95.8,100.05,90.21499964396159,2432919.6,25.40208995999531,23.10524989659675,-0.8784857285716754,1.1428202097727722,-2.0213059383444474,33.94848966409987,39.527619186222125,111.17522127496929,100.05,88.9247787250307,-8.945528761498155,交叉混雜,73.0
9924,2026-09-15,38.15,38.29000053405762,38.455000686645505,39.15333366394043,89987.2,10.69032007562324,14.132071620248102,-0.2455772445712796,-0.2117323955148562,-0.033844849056423404,17.845176770293946,29.784780871574313,39.043397016012506,38.455000686645505,37.866604357278504,-1.9633335332854256,空排,18.0
9925,2026-09-15,39.57000045776367,39.625,39.75250015258789,40.33833325703939,415262.8,22.7742479460954,31.406656387612433,-0.1943086722976659,-0.1883580867804598,-0.0059505855172061195,37.57053742214043,40.43476398845504,40.24505054225706,39.75250015258789,39.25994976291872,-0.7609568919874495,空排,53.0
9926,2026-09-15,49.310000610351565,49.295000076293945,49.167499732971194,49.399166361490884,9004.0,45.25215190760303,50.081316683995254,0.014815178112478122,-0.012753974226864112,0.027569152339342234,39.13834489641226,45.711671470022544,49.784176617881116,49.167499732971194,48.55082284806127,-0.34067165074670397,交叉混雜,57.0
9927,2026-09-15,69.81999969482422,69.7099998474121,69.49500045776367,69.253333791097,69264.8,48.90123211707932,56.76089094395117,0.14283784658562126,0.12785269785452832,0.01498514873109294,51.349196211097585,52.75795456256186,70.19228840498646,69.49500045776367,68.79771251054088,0.29498019875992393,多排,57.0
9928,2026-09-15,17.67000045776367,17.760000228881836,17.962500190734865,18.19833345413208,49104.6,25.66832480078243,24.53125753241188,-0.1565216453188114,-0.12648771176738777,-0.03003393355142364,39.34301956526241,37.20330996890799,18.55975256773897,17.962500190734865,17.36524781373076,-1.461374669495118,空排,51.0
9929,2026-09-15,11.130000114440918,11.200000095367432,11.187500095367431,11.259166685740153,12400.4,22.00581840383076,32.093105446816644,-0.06683723984918011,-0.0420380644994404,-0.02479917534973971,36.16064251858796,42.4132045871402,11.575307592103764,11.187500095367431,10.799692598631099,-2.1229075671752593,交叉混雜,38.0
9930,2026-09-15,61.84000015258789,62.35,62.88999977111816,63.445000076293944,138089.4,14.614482229437302,22.211877937503,-0.46411439330894666,-0.2886310204367542,-0.17548337287219246,15.401694492172552,27.48796602861222,64.46867254034284,62.88999977111816,61.311327001893495,-3.0052469041129384,空排,26.0
9931,2026-09-15,34.070001220703126,34.045000839233396,34.01250038146973,33.87000020345052,15200.0,39.04346726733527,54.52649522999866,0.03609530075450351,0.04423620109977099,-0.00814090034526748,39.02453924138501,46.65401365802827,34.30427298073843,34.01250038146973,33.720727782201024,-0.330757381342396,多排,53.0
9933,2026-09-15,41.060000610351565,40.589561462402344,41.0597806930542,40.358260281880696,2587769.2,72.58357406619466,56.77155656399425,0.20551360561597676,0.16372489388763156,0.041788711728345196,65.57062938636281,58.6580118848554,42.87933997066045,41.0597806930542,39.24022141544795,2.046335413006334,交叉混雜,76.0
9934,2026-09-15,10.056000137329102,10.513000202178954,10.87150011062622,10.732166719436645,1592692.6,5.103429443941905,8.455630249716444,-0.26795495402533653,-0.0947910983414072,-0.17316385568392934,6.297770238777957,21.74187623673157,11.933737473246012,10.87150011062622,9.809262748006429,-10.315964671057891,交叉混雜,53.0
9935,2026-09-15,18.559999847412108,19.079999923706055,19.580000019073488,19.476666673024496,579395.6,5.686953343715216,9.377782612109408,-0.4003344966245308,-0.156935626164813,-0.2433988704597178,13.821833047197643,24.082132286487635,21.15727273229616,19.580000019073488,18.002727305850815,-8.580185898399764,交叉混雜,35.0
9937,2026-09-15,55.17999954223633,55.20999984741211,55.14499969482422,55.32166646321615,74662.0,64.07846822202238,72.23531918149651,-0.0519307925657273,-0.026985345618077743,-0.02494544694764956,36.01536927560935,42.27826188727184,55.661974969052736,55.14499969482422,54.62802442059571,-0.6256241901766764,交叉混雜,50.0
9938,2026-09-15,38.59000015258789,39.839999771118165,41.06999969482422,43.56249993642171,1592330.4,4.979034220994397,8.228317337742467,-1.3407209929949673,-1.0234452491847612,-0.31727574381020607,3.6453156880990036,14.096086937927495,44.34757880282426,41.06999969482422,37.79242058682418,-7.840275735645844,空排,11.0
9939,2026-09-15,127.3,128.85,130.675,129.73333333333332,701310.6,20.318776091144137,24.38019932600026,-1.3368402627509681,-0.6222042430086925,-0.7146360197422756,24.64068587139535,34.07153531554762,135.79744801673715,130.675,125.55255198326287,-3.960206619475807,交叉混雜,51.0
9940,2026-09-15,20.070000076293944,20.204999923706055,20.39249982833862,20.22916660308838,231559.8,19.464219498503237,28.145033412414932,-0.13968833189285235,-0.06192835334740611,-0.07775997854544624,22.42023168420114,35.73241283061725,21.00403331028554,20.39249982833862,19.780966346391704,-2.6602890839062594,交叉混雜,43.0
9941,2026-09-15,80.7000015258789,80.98000106811523,83.15980453491211,82.5832681020101,801454.2,39.28885342117297,33.231275859326864,-0.8431234100377907,-0.5294289700639097,-0.313694439973881,43.880116220863684,43.25520056089756,88.50419586304108,83.15980453491211,77.81541320678315,-2.59717365497821,交叉混雜,48.0
9942,2026-09-15,113.6,113.9,114.375,117.21666666666667,47642.8,20.877271978326164,21.103817958305193,-0.8241430641161429,-0.8427622527310047,0.01861918861486178,29.30011237439497,37.88698814061175,115.99315359364816,114.375,112.75684640635184,-0.7650273224043715,空排,61.0
9943,2026-09-15,50.84000015258789,51.010000228881836,51.175,52.58333320617676,39528.6,20.706266425106147,32.98783648359646,-0.3295999925771653,-0.34178697349114057,0.012186980913975243,27.141211476608746,34.355578681160225,51.82671785880641,51.175,50.52328214119358,-1.3190034196384899,空排,22.0
9944,2026-09-15,17.27999954223633,17.24000015258789,17.317500114440918,17.612500127156576,26233.4,52.05409098561904,55.17427521474391,-0.09044236167373398,-0.0937583376360112,0.003315975962277215,37.74498439380639,40.94696645423964,17.583612098195655,17.317500114440918,17.05138813068618,-0.9672325382054844,交叉混雜,63.0
9945,2026-09-15,27.97000045776367,28.080000114440917,28.44749994277954,27.302500025431314,3366027.4,31.519980410925413,32.44581485685988,0.06116383155255534,0.19412904420489385,-0.13296521265233852,44.95502069333375,48.07088527806492,29.736920378934595,28.44749994277954,27.158079506624485,-1.7488326947562256,交叉混雜,59.0
9946,2026-09-15,16.95999984741211,17.114999961853027,17.782499980926513,18.41749998728434,178257.2,9.036716732233039,9.939486137558147,-0.42937809650203107,-0.3393197183219663,-0.09005837818006479,21.20616862344957,28.349933250788425,19.603799453522864,17.782499980926513,15.96120050833016,-6.087441131157864,空排,30.0
9949,2026-09-15,24.0,24.060000038146974,23.992500019073486,24.656666564941407,11291.6,22.17663861321882,22.926728687191652,-0.007229967243276292,-0.02112479316720076,0.013894825923924468,52.61527169262325,51.172901306135856,24.762514164821273,23.992500019073486,23.2224858733257,0.4480581944806945,交叉混雜,68.0
9951,2026-09-15,49.08999938964844,50.09499931335449,52.10249996185303,52.78916670481364,55501.4,7.454714967029916,11.578988677028095,-1.1928944041707297,-0.7321882637871363,-0.46070614038359337,9.780926867203078,20.01688652711617,56.79880133724834,52.10249996185303,47.40619858645771,-6.434432060472277,空排,27.0
9955,2026-09-15,23.420000076293945,23.614999961853027,24.160000133514405,24.63833328882853,132612.4,10.51674647263719,14.317697096287556,-0.3291126677319056,-0.22994257572803187,-0.09917009200387375,21.133378232137304,33.03275026393078,25.452325772467322,24.160000133514405,22.867674494561488,-4.387416167991912,空排,11.0
9958,2026-09-15,90.95999908447266,90.32999954223632,93.02000007629394,105.63166669209798,948422.8,62.045109987127525,52.286382451743094,-3.816006400684458,-4.325243514141885,0.5092371134574272,42.364528807796106,37.24103622031378,101.1571411601368,93.02000007629394,84.88285899245108,-2.709094898115528,交叉混雜,4.0
9960,2026-09-15,31.110000228881837,30.690000152587892,30.535000228881835,31.785000197092693,73712.6,40.16499152324605,50.25937237776161,-0.1468188327696538,-0.236403334147536,0.08958450137788221,48.124560445082146,48.26774153137223,31.63049372443233,30.535000228881835,29.43950673333134,0.2128709746214804,交叉混雜,81.0
9962,2026-09-15,10.021999931335449,10.136000061035157,10.19549994468689,9.985500049591064,40416.8,26.723358353269212,33.689343109648036,-0.011574362370794233,0.03512858065935187,-0.046702943030146105,38.80871517559343,43.55832008266156,10.468454661033272,10.19549994468689,9.922545228340509,-1.4270977857034892,交叉混雜,54.0
1413,2026-09-15,9.330000114440917,9.257999992370605,9.288999986648559,9.413833379745483,16560.6,43.09256934620239,50.91235100832414,-0.03708513831756477,-0.04263787241957994,0.005552734102015171,42.57576883688659,45.38187205825688,9.505177541883315,9.288999986648559,9.072822431413803,-0.7428110638273899,交叉混雜,44.0
1423,2026-09-15,35.15999984741211,35.339999771118165,35.34499988555908,35.99083321889241,7011.2,54.21921220701518,59.82719932879485,-0.20977977408207238,-0.21975459100846045,0.009974816926388075,49.18949807574088,46.46848784553471,35.964762196925435,35.34499988555908,34.72523757419273,-0.2687788537747247,空排,25.0
1435,2026-09-15,22.66999969482422,22.399999809265136,22.64499979019165,23.84499994913737,7009.8,47.8719661926593,56.68184140940109,-0.18791074648324724,-0.16477747155464068,-0.023133274928606562,34.923926856206165,43.498401710675566,24.502530571120264,22.64499979019165,20.787469009263038,-3.95230646272431,交叉混雜,82.0
1443,2026-09-15,23.489999771118164,23.61999969482422,24.182499885559082,25.489166609446208,11260.0,25.058933726780033,23.331678587493847,-0.5848441080956448,-0.5286452146839005,-0.05619889341174433,16.300651545402104,25.198925069379058,25.587107172332235,24.182499885559082,22.77789259878593,-4.889899270774848,空排,23.0
1516,2026-09-15,14.15999984741211,14.294999980926514,14.525,16.05333318710327,13894.6,45.70650633830255,40.61467346462909,-0.391555474024301,-0.4457650191308397,0.05420954510653869,52.34339231942666,46.87974975841197,15.332530320786566,14.525,13.717469679213435,-0.8605878242321992,空排,9.0
1525,2026-09-15,64.93999938964843,65.7599998474121,66.53999977111816,66.88000036875407,4471.4,8.4598879397917,20.24817773029009,-0.6908450819951213,-0.39143291898022226,-0.29941216301489904,13.332983309865554,28.158346187588492,68.74754653642611,66.53999977111816,64.33245300581021,-3.5166859496919582,空排,57.0
1593,2026-09-15,31.470000076293946,31.565000152587892,31.697500038146973,30.902500089009603,7400.0,44.330373766041696,48.448393918329025,0.0818217562549215,0.16478602141651816,-0.08296426516159666,31.95549912741079,45.63731365422635,32.07928928655998,31.697500038146973,31.31571078973397,-0.938561146016775,交叉混雜,65.0
1626,2026-09-15,9.629999923706055,9.65999994277954,9.642500019073486,10.003666671117147,64875.4,39.00084233256738,51.60571749179438,-0.05224126112170957,-0.05195270835665099,-0.0002885527650585834,22.193224974679012,34.37840519979933,9.819477488726736,9.642500019073486,9.465522549420236,-2.411202190318655,交叉混雜,26.0
1781,2026-09-15,10.13799991607666,10.153999996185302,10.451999950408936,11.224000056584677,6603.8,34.729582173348405,22.35266000412554,-0.284192502802485,-0.29781422492873233,0.013621722126247349,43.090829031278986,32.52969715236294,11.151852515546055,10.451999950408936,9.752147385271817,-2.411023175846265,空排,22.0
1784,2026-09-15,58.880000305175784,59.25,60.45499973297119,62.26999969482422,27905.8,22.942480410267343,19.77834056148047,-0.757004521812469,-0.5590738671834807,-0.1979306546289883,32.803976145539195,38.81720312996025,63.37460622667488,60.45499973297119,57.5353932392675,-3.233809844688434,空排,8.0
1805,2026-09-15,10.100000381469727,10.09600019454956,10.15300006866455,10.11583333015442,26398.0,51.596030629254685,45.37847023675867,-0.002262622041714124,0.005986430317992191,-0.008249052359706315,48.50209992604094,49.290063280957874,10.3267632733936,10.15300006866455,9.9792368639355,-0.5220101136254074,交叉混雜,44.0
2066,2026-09-15,51.74000015258789,52.8,53.76500015258789,60.420000076293945,23664.2,16.883613525022838,25.346290691345864,-2.0889453257113217,-1.998296588658186,-0.0906487370531357,17.213112340771403,26.778135749913062,57.22379523580336,53.76500015258789,50.30620506937242,-5.700733527294347,空排,29.0
2067,2026-09-15,4.80600004196167,4.83100004196167,5.026000022888184,5.9933333476384485,12866.6,59.58848573364931,44.73402883402727,-0.3138010579563595,-0.34966654050009827,0.03586548254373878,46.39913129748348,37.47922197578951,5.668377161721086,5.026000022888184,4.383622884055281,-2.9048927135373748,空排,3.0
2718,2026-09-15,40.33999938964844,40.83499984741211,43.73249988555908,46.20833314259847,18514.0,6.74606063606515,6.753082307533219,-1.7858160562654746,-1.4608487463106392,-0.32496730995483536,17.04961119766331,24.592313061481107,51.76410029680734,43.73249988555908,35.700899474310816,-9.33515891010899,空排,10.0
2901,2026-09-15,23.280000305175783,23.460000228881835,23.57499990463257,23.840833314259847,56198.6,22.68050302639684,35.87150271670788,-0.17308594861419024,-0.10753008365127256,-0.06555586496291768,29.259307535851605,35.497592553650506,24.201182690797115,23.57499990463257,22.948817118468025,-3.7115552289829545,空排,41.0
2926,2026-09-15,30.0,30.160000038146972,30.17750005722046,31.24083334604899,2230.0,38.19975139169547,34.387305382124815,-0.22466711712273835,-0.26454826239877605,0.0398811452760377,42.354531598186426,42.639813539756794,30.711083147868614,30.17750005722046,29.643916966572306,-0.5881867513342607,空排,12.0
2945,2026-09-15,39.6,39.82499961853027,39.9149995803833,40.89833316802979,13808.0,28.03155601490656,33.683074327045034,-0.3025777243877883,-0.28057314248994214,-0.022004581897846154,25.015358472995757,30.560220374812317,40.44623421971172,39.9149995803833,39.383764941054885,-2.167105981250893,空排,52.0
3085,2026-09-15,11.679999923706054,11.494999980926513,11.66749997138977,11.9274999777476,1245.0,72.03932732272156,70.119430239877,-0.09391862406574703,-0.1185550915223231,0.024636467456576078,39.81371242605074,43.26404446320107,12.288428662170192,11.66749997138977,11.046571280609347,-2.292696408960292,交叉混雜,28.0
3118,2026-09-15,31.479999923706053,31.499999809265137,31.537499809265135,31.739999866485597,17890.4,38.58572268562362,31.915366957063338,-0.0721263913787169,-0.09076014578628847,0.018633754407571562,61.71347546393884,52.319711414988234,31.88825108343576,31.537499809265135,31.18674853509451,0.35671758999769465,空排,55.0
3191,2026-09-15,16.65,16.995000076293945,17.46250009536743,18.168333307902017,28706.0,8.597723571034505,14.404873655346861,-0.43658894728347875,-0.33421893558153437,-0.10237001170194437,24.039692008255827,30.230935500865428,18.592416306762402,17.46250009536743,16.33258388397246,-5.511811539647579,空排,60.0
3272,2026-09-15,14.070000076293946,14.21500005722046,14.142500019073486,14.606666692097981,20944.8,9.367686200367496,17.620537734277846,-0.06499954051986911,-0.0684318758428342,0.00343233532296508,44.16736764701741,46.10411116585257,14.555798888313895,14.142500019073486,13.729201149833077,-0.6540557059492415,交叉混雜,9.0
3465,2026-09-15,29.14000015258789,29.135000038146973,29.244999980926515,31.10309476852417,15600.0,33.549038253760855,33.833726440762526,-0.3017637729233087,-0.3700872125247354,0.06832343960142673,35.890319478253815,37.761723279092536,29.556025603119984,29.244999980926515,28.933974358733046,-0.8377499780690826,交叉混雜,7.0
3597,2026-09-15,26.439999771118163,26.429999923706056,26.46249990463257,26.50833339691162,25009.8,37.07271447747982,40.30921555103453,-0.027923080925937427,-0.0304381761158702,0.002515095189932773,45.66541243162821,47.46777774204956,27.00817682042611,26.46249990463257,25.916822988839026,-0.6140790483047844,交叉混雜,60.0
3687,2026-09-15,61.94000015258789,62.45000038146973,62.935000038146974,68.48333333333333,43804.2,19.07083561967788,22.627054389645338,-1.3342952974718685,-1.4319573728045998,0.0976620753327313,22.335439405058423,30.225753409218115,64.8700221834302,62.935000038146974,60.99997789286376,-2.4390220248473105,空排,18.0
4153,2026-09-15,31.91999969482422,32.09500007629394,32.589999961853025,31.834999974568685,6496.0,27.196388855703574,28.364796010381394,-0.14206281054502057,0.010589012015178478,-0.15265182256019905,41.15830019795052,42.72057783978375,33.9117213445208,32.589999961853025,31.26827857918525,-2.4240586858459117,交叉混雜,50.0
4190,2026-09-15,25.820000076293944,25.864999961853027,25.722500133514405,25.52083339691162,4178.2,47.75300968143188,55.26161912939152,0.10515264439578331,0.13415968545254514,-0.02900704105676183,24.294792321223312,41.591693552149216,26.43883239932516,25.722500133514405,25.00616786770365,-1.2537681536015957,交叉混雜,36.0
4406,2026-09-15,10.010000038146973,9.983999919891357,10.027000045776367,9.968000014623007,71815.2,61.66596376132695,44.976503101065816,-0.0007485588024955803,0.00040634862301523674,-0.001154907425510817,63.703361166131145,55.90201863455921,10.163127270364162,10.027000045776367,9.890872821188571,0.7280376519406656,交叉混雜,62.0
4530,2026-09-15,25.800000381469726,26.525000381469727,27.262500286102295,26.238333479563394,31419.2,15.085325513406723,18.770308569816315,-0.14166877760608898,0.20093632388576105,-0.34260510149185003,30.60462330641363,41.442450361730344,30.053628089985665,27.262500286102295,24.471372482218925,-5.731314100927723,交叉混雜,38.0
4729,2026-09-15,18.349999618530273,18.619999885559082,18.767500019073488,19.779166666666665,57327.0,14.72142536154507,20.24766812775091,-0.31792124042447867,-0.2934275040987487,-0.024493736325729987,27.345571848442887,35.703390004723715,19.322169453097793,18.767500019073488,18.212830585049183,-2.4910125564823122,空排,18.0
4930,2026-09-15,15.929999923706054,16.050000190734863,16.095000076293946,16.405833339691164,47207.2,31.064984415665595,39.46923974174811,-0.1026454955080851,-0.08435726611292096,-0.01828822939516414,37.17078428201325,40.45663632776262,16.35637329091944,16.095000076293946,15.833626861668451,-1.2115592223630087,空排,14.0
4999,2026-09-15,18.00999984741211,18.175,18.522500038146973,19.1291667620341,25504.2,8.45242254973941,12.960943255093351,-0.2871952147999508,-0.23550645751510288,-0.051688757284847925,24.3260210692131,32.06503955635105,19.32478326581417,18.522500038146973,17.720216810479776,-3.09083155097023,空排,14.0
5205,2026-09-15,19.620000076293945,19.975,20.237499809265138,21.745833365122476,2374.4,47.4978203931734,60.51409645805764,-0.5497056675151875,-0.4821910972124338,-0.06751457030275365,8.839817598019806,16.61487401735512,21.22472032751236,20.237499809265138,19.250279291017915,-7.597277632199343,空排,4.0
5223,2026-09-15,23.029999923706054,23.350000190734864,23.402499961853028,23.76833324432373,12500.6,10.89325183190292,15.157436329422831,-0.14078724202298432,-0.09457676191151579,-0.04621048011146853,40.54919673526142,43.365667310533965,24.184855210578544,23.402499961853028,22.620144713127512,-2.147207965567138,空排,26.0
5344,2026-09-15,13.299999809265136,13.439999961853028,13.479999923706055,14.528333298365276,19632.0,18.821741146909517,26.73022577843076,-0.2374864112458681,-0.2519882755252658,0.014501864279397703,32.056481632765696,35.58166411715165,13.798549536908649,13.479999923706055,13.161450310503461,-2.448073494388082,空排,27.0
5455,2026-09-15,29.59000015258789,29.73500003814697,29.732499980926512,28.48333330154419,2611.2,30.502212104125654,32.81368557165683,0.24664963331182932,0.3690832755458323,-0.12243364223400299,34.56099547706923,49.05823069479187,30.33884763227013,29.732499980926512,29.126152329582894,-0.950136107519661,交叉混雜,73.0
5523,2026-09-15,30.350000381469727,30.350000381469727,30.350000381469727,30.36250006357829,7805.4,99.99261053354701,99.95102756953261,-0.001928950935738527,-0.002718743872208751,0.000789792936470224,48.306731997350475,48.04536299740053,30.350000381469727,30.350000381469727,30.350000381469727,0.0,交叉混雜,61.0
5547,2026-09-15,19.89000015258789,19.825000190734862,19.835000133514406,19.9738068262736,25595.0,39.3541816183193,36.90508710152285,0.001941668002881869,-0.01635997834475707,0.01830164634763894,53.10789561422524,51.55710297822964,20.127179268159637,19.835000133514406,19.542820998869175,0.32770095577685776,交叉混雜,55.0
6124,2026-09-15,26.65,26.874999809265137,26.89499979019165,27.412499872843423,11218.6,43.9150489958466,43.41000809745802,-0.09497259988696172,-0.07270365699288588,-0.02226894289407584,39.410414697065406,44.131448891222874,27.51814952171509,26.89499979019165,26.27185005866821,-1.468673706164905,空排,37.0
6169,2026-09-15,12.149999809265136,12.219999885559082,12.359999942779542,13.414999961853027,5023.4,20.432697521121476,20.512870507436748,-0.2811620777981201,-0.3086907291025567,0.027528651304436602,40.78460052255179,37.83918677576846,12.74058132222008,12.359999942779542,11.979418563339003,-1.6990317574551945,空排,6.0
6294,2026-09-15,28.470000076293946,28.64499988555908,28.717500019073487,27.913333257039387,7292.6,26.920811613133484,33.55827947604067,0.13120776467505024,0.22440312194394238,-0.09319535726889214,45.66774214365361,50.51524149275663,29.123085803508342,28.717500019073487,28.311914234638632,-0.757377971372956,交叉混雜,9.0
6482,2026-09-15,24.38000030517578,24.620000076293945,25.542500019073486,27.062499968210854,11230.0,40.04765117498238,24.050794525416066,-0.8254057906879773,-0.8251635175295322,-0.00024227315844504993,48.81394954231658,40.03743214136777,28.91471981473741,25.542500019073486,22.170280223409563,-3.1026720895828466,空排,6.0
6542,2026-09-15,43.38999938964844,43.60499992370605,44.122500038146974,45.53249994913737,3203.0,40.598089044135776,27.70010436042138,-0.6334914972208594,-0.6642066365313437,0.030715139310484307,59.65285082367669,50.107994013794496,45.68032456611624,44.122500038146974,42.56467551017771,0.4022872655903731,空排,40.0
6570,2026-09-15,47.53000030517578,49.06000022888183,50.90500011444092,51.825833320617676,65263.6,5.394905680659782,8.554860161033766,-1.6454995225378042,-1.0730527920002628,-0.5724467305375414,14.834461507819853,26.33592755555445,55.94556118690398,50.90500011444092,45.86443904197785,-9.242705708523772,空排,67.0
6637,2026-09-15,54.0,54.81000022888183,57.430000114440915,61.1166664759318,12645.8,8.40773531919287,5.892937811862985,-2.128858255159166,-1.9131519892449125,-0.21570626591425346,19.815541938499123,23.194677128082574,64.29412529166666,57.430000114440915,50.56587493721516,-5.972488433929906,空排,8.0
6674,2026-09-15,15.880000114440918,15.939999961853028,15.967499923706054,16.05249989827474,10520.0,19.560940116722392,26.3516130377302,0.01621034881848793,0.03343253455399418,-0.017222185735506247,36.758640165141124,44.638402778132786,16.81557811612225,15.967499923706054,15.119421731289858,-2.301547167635939,空排,16.0
6730,2026-09-15,31.81999969482422,32.214999771118165,32.76000003814697,34.67916673024495,8874.8,18.40930924909714,15.970334577855816,-0.6658224984782208,-0.6316108132279089,-0.03421168525031193,34.7038440812824,33.80146356429759,34.22883440722651,32.76000003814697,31.291165669067436,-2.6251539029770443,空排,14.0
6767,2026-09-15,24.589999771118165,24.864999771118164,24.88499984741211,25.107500012715658,3820.0,42.01530906434832,46.16119023728919,-0.10250418115009552,-0.05787050432409961,-0.04463367682599591,43.3879298937356,45.85777690540098,25.75864927098094,24.88499984741211,24.011350423843282,-0.9443449078673631,空排,36.0
6807,2026-09-15,33.64000015258789,33.34500007629394,34.1975004196167,34.54833354949951,1704.8,53.170920155073915,56.49582931406408,-0.5988469583654421,-0.539303976974925,-0.05954298139051706,32.45143130898518,36.439273710677284,37.76275363202516,34.1975004196167,30.63224720720825,-4.671399739436025,交叉混雜,17.0
6846,2026-09-15,58.52000045776367,58.369999694824216,57.98000011444092,61.02333374023438,4600.2,72.47271852160944,68.0129561103783,-0.3863356387737511,-0.6908181919914789,0.30448255321772777,53.29516893411845,50.487635893219746,59.33273643731,57.98000011444092,56.62726379157184,1.2418086358699492,交叉混雜,20.0
6895,2026-09-15,151.9,153.55,147.975,134.99166666666667,11602.6,17.08998046577847,32.67880805002826,5.910415269940046,6.968074616663287,-1.0576593467232414,36.861225268518,50.454669165178935,172.1028938815175,147.975,123.84710611848249,-1.3346849129920557,交叉混雜,13.0
6904,2026-09-15,122.1,123.05,123.85,123.89166666666667,1230.4,32.05078497225858,23.701614395232006,-0.31225894372110474,0.05031686887309681,-0.3625758125942016,41.2443710413678,43.824981278529265,126.64284800875217,123.85,121.05715199124782,-1.4937424303593012,空排,57.0
6908,2026-09-15,30.240000534057618,30.22000026702881,30.36500015258789,33.671666431427,9000.0,16.841290092107542,15.798052411138503,-0.747008195295205,-0.9345663892058766,0.18755819391067163,43.94210970201999,40.049554276562944,31.008264743535676,30.36500015258789,29.721735561640102,-0.8727145390630856,交叉混雜,2.0
6918,2026-09-15,74.31999969482422,75.81999969482422,75.71999969482422,73.70833333333333,47280.0,16.84507038050284,27.678116391541806,0.18433171390186942,0.7491597776278942,-0.5648280637260248,30.88089971586085,41.354109377608644,79.50784722962447,75.71999969482422,71.93215216002397,-2.931853808467422,交叉混雜,33.0
6929,2026-09-15,21.969999694824217,22.289999771118165,22.742499923706056,22.935000038146974,5094.4,51.25663068449995,41.605912741742785,-0.2803129113853444,-0.18403872908842836,-0.09627418229691606,41.566159323571306,43.539835835630036,24.152343497232124,22.742499923706056,21.332656350179988,-3.044962906314748,空排,11.0
6955,2026-09-15,98.77999877929688,99.56999969482422,105.41338691711425,114.14612897237141,2000.4,5.1726975401571975,10.259933518944404,-5.126736241549494,-4.812367239424479,-0.31436900212501495,23.87347710231512,29.643042863157604,121.71452023616115,105.41338691711425,89.11225359806735,-7.317277429798404,空排,3.0
6988,2026-09-15,11.919999885559083,11.825,11.752499961853028,12.563333368301391,31600.2,52.81509639527904,54.67255155651919,-0.12936003853286948,-0.20482242506052323,0.07546238652765375,46.157809865135114,45.894579082760586,12.250363784310965,11.752499961853028,11.25463613939509,0.4041712745034221,交叉混雜,14.0
7584,2026-09-15,27.05,27.004999923706055,26.72678413391113,27.314761511484782,17022.2,59.241201798473945,55.124719178953384,0.181779123843814,0.04294098219532473,0.1388381416484893,58.41002878262871,55.74359836881944,28.19462184177311,26.72678413391113,25.258946426049153,3.267195346748254,交叉混雜,22.0
7732,2026-09-15,34.060000610351565,34.05,34.30999984741211,35.076666514078774,6600.0,48.13159806982984,51.428882550896745,-0.26332763187976127,-0.2583305719893011,-0.004997059890460176,42.91008178290906,44.04921692532089,35.247297337874684,34.30999984741211,33.37270235694953,-1.486448885513559,交叉混雜,39.0
7791,2026-09-15,55.37999954223633,55.60999984741211,56.16999988555908,59.45000006357829,25756.2,19.70452395785768,23.83654764173682,-0.9654884640627444,-1.055944296874547,0.09045583281180258,42.56932049609437,38.53251836109925,57.684978046970045,56.16999988555908,54.65502172414811,-1.3708356084190312,空排,
8067,2026-09-15,12.410000038146972,12.165000057220459,12.30250005722046,12.929166682561238,8404.2,76.48363206404672,59.45927091036269,-0.14955964805656663,-0.22387601937418236,0.07431637131761573,59.22669493753163,51.47723748535328,12.930341063992518,12.30250005722046,11.674659050448401,1.6053642906802965,交叉混雜,41.0
8080,2026-09-15,29.09000015258789,28.970000076293946,28.55,28.061666584014894,16440.8,47.14342762425817,53.272900390007585,0.3150808417538933,0.2646087186914711,0.05047212306242216,57.294902560941004,57.91289148092269,29.72562994564911,28.55,27.37437005435089,1.9264461697713688,多排,63.0
8279,2026-09-15,78.71999969482422,78.86999893188477,80.60499954223633,86.02666651407877,9002.0,27.765596289268657,26.90928566948073,-2.2258502352760416,-2.3263104461819197,0.10046021090587809,25.321093877828517,24.766851719436644,85.3858727758234,80.60499954223633,75.82412630864926,-2.735559864623561,空排,6.0
8284,2026-09-15,67.89999847412109,66.91999893188476,66.93499946594238,64.57499961853027,29421.2,76.38638531802766,64.9108241399403,0.9400865371291047,0.793645457500255,0.14644107962884978,86.94852916132334,74.11542592171696,68.77636564991063,66.93499946594238,65.09363328197414,3.0850833652554566,交叉混雜,73.0
8291,2026-09-15,30.15,30.744999885559082,32.467499828338624,35.80083335240682,15822.4,31.55817550836729,26.478594020847062,-1.9272708449524352,-1.846706060160055,-0.08056478479238027,36.30263940667504,38.81539035301816,36.932129589197345,32.467499828338624,28.002870067479908,-8.985910854557375,空排,88.0
8409,2026-09-15,18.139999771118163,18.134999656677245,18.129999732971193,18.55166664123535,2821.4,38.753294889192084,44.90093734981748,-0.08065008373855065,-0.09579683027657884,0.015146746538028194,41.100046613133635,45.377806607682125,18.409849365417692,18.129999732971193,17.850150100524694,-0.44126032591802616,交叉混雜,31.0
8467,2026-09-15,86.27999877929688,88.26999969482422,91.40999984741211,101.64833323160808,11005.0,14.450568991413569,16.26196192411095,-4.198286593668129,-3.7753525083420105,-0.42293408532611876,21.359830725997966,24.72610514298954,99.84623772435532,91.40999984741211,82.9737619704689,-7.778138942700793,空排,2.0
8477,2026-09-15,15.339999961853028,15.314999961853028,15.432499980926513,15.74083325068156,10800.0,69.65639960884712,67.15399980524556,-0.12425423764942778,-0.130757214519992,0.0065029768705642255,34.06532609187509,39.44725688023689,15.788316141160013,15.432499980926513,15.076683820693013,-1.182569131068009,交叉混雜,71.0
8481,2026-09-15,41.02000045776367,41.05000038146973,40.98500022888184,41.11250012715657,6200.0,44.73672330745762,58.640574238019084,0.04149028267529076,0.06188060620081039,-0.02039032352551963,40.199215904581116,46.76261189644985,41.5877139230716,40.98500022888184,40.38228653469208,-0.45138707036268755,交叉混雜,53.0
8482,2026-09-15,48.539999389648436,48.369999694824216,48.339999771118165,48.8441665649414,3449.8,35.94255419480582,51.34129453677043,-0.1911686137777906,-0.1268545344836889,-0.06431407929410168,39.01665087650886,44.61369859129296,50.648017900695976,48.339999771118165,46.031981641540355,-2.151428504306677,交叉混雜,49.0
8905,2026-09-15,34.46999893188477,34.474999237060544,34.60249919891358,32.26083329518636,592.2,44.14473563123451,52.995753279498324,0.32987354965472093,0.5127087703650168,-0.1828352207102959,44.09594815776216,50.851366525209144,35.185120029237055,34.60249919891358,34.0198783685901,-0.8742142008705772,交叉混雜,73.0
8917,2026-09-15,52.75999984741211,52.829999923706055,53.035000038146975,52.90666681925456,100888.4,37.06092152289217,44.793323163272746,-0.07826830033062038,0.028477430998133994,-0.10674573132875437,35.24988649117989,42.24720380600616,54.33321760833369,53.035000038146975,51.73678246796026,-1.9515415054257028,交叉混雜,44.0
9950,2026-09-15,10.280000114440918,10.305000019073486,10.302500104904174,10.394166660308837,25210.0,43.5110331505701,55.12624746764486,-0.026756459256825238,-0.025658457336684613,-0.0010980019201406246,34.632479222137434,42.54326713526443,10.417093302051944,10.302500104904174,10.187906907756405,-0.5095860652229788,交叉混雜,51.0
3516,2026-09-15,25.68000030517578,25.970000076293946,25.970000076293946,26.152500089009603,17499.6,27.30122300950731,32.16585386215634,-0.050502689658522115,0.051754321163708664,-0.10225701082223078,26.88668253497356,40.30389147748449,26.77485380529231,25.970000076293946,25.165146347295583,-2.387368860234122,交叉混雜,77.0
6212,2026-09-15,31.910000228881835,31.75000057220459,31.2975004196167,29.648333485921224,420.2,51.50706054822346,47.70068109057104,0.7023167755267465,0.6238708342134198,0.07844594131332672,79.58714500022116,74.67505883758294,32.89568252261662,31.2975004196167,29.69931831661678,5.919006570572941,多排,61.0
6246,2026-09-15,12.869999885559082,12.914999866485596,12.627499914169311,13.498333326975505,4516.4,26.442480206340754,37.913231043678266,-0.019486634014619142,-0.07445532807560884,0.0549686940609897,44.92876877065655,48.39331979605844,13.309968264553845,12.627499914169311,11.945031563784777,0.57414290705695,交叉混雜,17.0
8416,2026-09-15,169.7,169.35,168.9,169.26666666666668,1578.6,80.55701687460828,80.96466731459206,0.1402944145750098,-0.017125821045471095,0.15742023562048088,52.244697429762205,52.24200131995001,170.2992479182916,168.9,167.5007520817084,0.3552397868561245,交叉混雜,58.0
8941,2026-09-15,44.7,44.41500015258789,44.37000007629395,43.71999994913737,610.6,87.09751617265572,84.54482290190919,0.2523027992384428,0.1788564016341061,0.07344639760433669,65.39360223702727,61.71487308800385,45.24743710303245,44.37000007629395,43.49256304955544,1.4198781217551741,多排,63.0
1259,2026-09-15,64.9,64.21999969482422,64.06499996185303,60.85166670481364,8228.4,81.45521511798403,76.11319351355175,0.8639227825294213,0.8801581924853424,-0.0162354099559211,59.65749495543227,59.01200625503078,66.09039090961753,64.06499996185303,62.03960901408853,1.4594553011842737,多排,74.0
1538,2026-09-15,8.690000343322755,8.756000137329101,8.888000059127808,9.846833324432373,11634.2,56.25172186336277,40.97889127378448,-0.2674335569556252,-0.3171350880324392,0.04970153107681402,53.1883085831415,44.05738888716372,9.42157187377981,8.888000059127808,8.354428244475807,-0.4275391247219537,空排,2.0
1589,2026-09-15,5.539999961853027,5.539999961853027,5.539999961853027,5.539999961853027,0.0,50.0,50.0,-0.000632488417870114,-0.0009300990480133712,0.00029761063014325715,13.925958918545831,22.989080173672335,5.539999961853027,5.539999961853027,5.539999961853027,0.0,交叉混雜,3.0
2321,2026-09-15,25.10900764465332,19.79450378417969,17.289751863479616,15.613250621159871,1793.0,91.10041061774453,78.13733408488231,2.7906142882882605,1.2090097060930853,1.5816045821951752,91.92014611482938,86.0826297019473,27.914437013359464,17.289751863479616,6.665066713599767,59.69725695584602,多排,94.0
2719,2026-09-15,19.360000228881837,19.60999984741211,20.094999885559083,21.994999917348228,14845.0,22.2316307201053,17.812123282444862,-0.6225491937630281,-0.6400666241399553,0.017517430376927212,32.3330984479434,28.694031844141094,21.27147995880789,20.094999885559083,18.918519812310276,-3.20974932218411,空排,4.0
2941,2026-09-15,31.020000457763672,31.455000114440917,30.732499885559083,32.132499885559085,3000.2,32.0141853885066,41.16806430356557,-0.04698012624840331,-0.07914066528081011,0.0321605390324068,43.36096156651725,46.7860326467738,32.90366912165452,30.732499885559083,28.56133064946365,-0.10574838604294814,交叉混雜,7.0
3064,2026-09-15,16.999999618530275,17.795000076293945,18.535000324249268,18.97500025431315,600.0,11.846206886817061,10.09393032288011,-0.5924420257927068,-0.3523986125534021,-0.24004341323930467,0.7286569620142984,8.2584090341403,20.637405797384147,18.535000324249268,16.432594851114388,-8.821152830409877,空排,2.0
3067,2026-09-15,16.739999771118164,16.939999771118163,17.219999694824217,17.902499961853028,675.6,45.43250426819374,37.639837187830885,-0.2863537366780875,-0.2535269389957115,-0.03282679768237601,45.24584893650172,42.2597552211003,18.39401619070514,17.219999694824217,16.045983198943294,-1.8583047733161444,空排,37.0
3356,2026-09-15,67.71248321533203,64.53624153137207,63.45812091827393,60.636040115356444,125678.6,83.22861780931183,63.19108077474273,2.035907872222353,1.2108052343606168,0.8251026378617361,81.56201128057262,72.86389257625486,70.28703306461787,63.45812091827393,56.629208771929974,9.978995009286244,多排,85.0
3432,2026-09-15,14.400000190734863,14.43000020980835,14.517500114440917,16.169999996821087,14934.4,36.555322280715444,37.258777891533,-0.39388461731823554,-0.46192668587353497,0.06804206855529943,41.660288124859974,39.84147399795312,14.960308120808106,14.517500114440917,14.074692108073728,-1.498191300096505,空排,27.0
3531,2026-09-15,21.27999954223633,21.3399995803833,21.487499809265138,22.100833257039387,2600.0,60.741850042746194,55.05663917762597,-0.1802792516779057,-0.19442692725510463,0.014147675577198926,43.242438998974684,43.6075144337382,21.976187695041506,21.487499809265138,20.99881192348877,-0.8726030197507827,空排,49.0
3591,2026-09-15,25.82660026550293,24.63330020904541,23.136650180816652,22.963883463541666,254164.6,92.4960407820387,83.62611907500275,1.177140187644408,0.7274623229551302,0.44967786468927784,81.55837243236729,74.44455196756131,27.10167793677054,23.136650180816652,19.171622424862765,13.978256234824087,多排,84.0
3710,2026-09-15,7.683055686950683,6.352527856826782,5.757763910293579,5.601421308517456,154025.0,91.03632226186053,76.98860298989047,0.6612655984497193,0.2497111014582159,0.4115544969915034,96.7210603205274,91.38824471091544,8.393439479361088,5.757763910293579,3.1220883412260703,44.52345927559636,多排,81.0
4192,2026-09-15,18.679999923706056,18.775,19.185000038146974,19.562500095367433,7519.2,57.024292694480984,42.90796318757074,-0.21820536698978543,-0.18977261169789958,-0.028432755291885853,49.88939358741871,46.734068849459675,20.286721517173245,19.185000038146974,18.083278559120703,-1.746154057915781,空排,22.0
4804,2026-09-15,3.2699999809265137,3.2699999809265137,3.2699999809265137,3.2699999809265137,0.0,50.0,50.0,-0.0005290511898206063,-0.0007779542493453304,0.0002489030595247241,11.428069413007464,20.668573149045045,3.2699999809265137,3.2699999809265137,3.2699999809265137,0.0,交叉混雜,4.0
4806,2026-09-15,9.077999877929688,9.035999965667724,9.109000062942505,9.71483335494995,4652.8,78.95511067163618,72.03293359172585,-0.1761254416678959,-0.20396308183612125,0.027837640168225347,43.7447884058764,39.944931372077704,9.367082331188294,9.109000062942505,8.850917794696715,-0.8672777409751541,交叉混雜,13.0
5601,2026-09-15,30.68000030517578,30.625000190734863,30.497500038146974,30.64666655858358,5400.0,67.90759873300841,83.75450733776182,0.08813816197323732,0.09246350501679632,-0.004325343043558999,30.49118478535995,43.276219712369866,31.117750432105428,30.497500038146974,29.87724964418852,-0.9754874164616838,交叉混雜,25.0
5703,2026-09-15,13.680000114440919,13.760000228881836,14.237500047683715,14.10583332379659,7800.2,53.56039624062352,32.68959791829949,-0.18414158261363056,-0.12545260599973376,-0.0586889766138968,46.331941374937436,44.053851054008035,15.529937310884224,14.237500047683715,12.945062784483207,-3.072869924379938,交叉混雜,51.0
5906,2026-09-15,38.24428482055664,38.12214241027832,38.358571243286136,38.401190503438315,3921.0,68.05195481782374,58.63382486314157,-0.2178781091618518,-0.25902996218444235,0.04115185302259056,54.51223826482985,50.79491879741751,40.14671470651381,38.358571243286136,36.57042778005846,0.3687018367208307,交叉混雜,16.0
6198,2026-09-15,19.40999984741211,19.5,19.504999828338622,19.86583331425985,1660.8,4.900299355881987,12.891923875204478,-0.08339016412483957,-0.08100477371081158,-0.0023853904140279936,38.458217848043304,44.240784969073225,19.821060745158455,19.504999828338622,19.18893891151879,-0.5383245871953053,空排,19.0
6228,2026-09-15,17.299999237060547,17.299999237060547,17.322499465942382,18.264999802907308,0.0,47.89045813637451,46.657742547987475,-0.19702979956854705,-0.25415077451020657,0.05712097494165952,44.652586318127774,43.64782944849466,17.661965151000288,17.322499465942382,16.983033780884476,-0.12989019815571495,交叉混雜,7.0
6236,2026-09-15,19.049999237060547,19.049999237060547,17.649999713897706,17.35416622161865,0.0,64.69244110232533,78.86450907717932,0.7049550195020728,0.5683347709319395,0.13662024857013333,93.96223477819639,82.72696272792928,21.169269169923083,17.649999713897706,14.130730257872328,7.932008758393764,交叉混雜,24.0
6597,2026-09-15,72.6,72.87000045776367,73.25500030517578,67.90833333333333,1420.4,67.63727682689067,62.45027634284223,1.1766283326642792,1.6311151101204686,-0.4544867774561894,43.415735019308464,54.72604530138968,75.66067450363595,73.25500030517578,70.84932610671562,-1.030646784561463,交叉混雜,75.0
6692,2026-09-15,23.690000152587892,23.510000038146973,23.80999994277954,24.104166634877522,3625.4,57.63128477778221,51.21043269757109,-0.1046347924191906,-0.10142190697498031,-0.003212885444210292,41.709902450245146,45.45162874754451,24.7187873971693,23.80999994277954,22.90121248838978,-1.5119663196356234,交叉混雜,14.0
6762,2026-09-15,163.8,165.0,165.55,167.17857004801434,1189.8,54.35392295760294,64.69380349216148,-1.4486985677302187,-1.023712434828089,-0.4249861329021296,21.511642852487128,33.651823350025026,171.92346472742483,165.55,159.1765352725752,-2.7484143763213598,空排,36.0
8059,2026-09-15,20.543903732299803,16.9719518661499,15.340975856781006,15.525325266520182,27930.4,83.72542456796347,62.84908690970055,1.6255099160742752,0.4753259843139738,1.1501839317603013,94.52570977151464,86.48366597629453,22.53963453971791,15.340975856781006,8.142317173844102,45.55710125097389,交叉混雜,78.0
8077,2026-09-15,42.75999908447265,43.374999618530275,43.46999988555908,45.044166501363115,2600.4,15.034897072868693,28.572283409002317,-0.5500046905604208,-0.45097823626462286,-0.09902645429579793,31.8515971628283,39.522694668631026,45.72024054965711,43.46999988555908,41.219759221461054,-2.576492786718545,空排,39.0
8107,2026-09-15,12.330000114440917,12.345000171661377,12.352500104904175,12.153333361943563,15268.6,21.84114848931122,27.559914463571374,0.06663227867459476,0.09433916713260965,-0.02770688845801489,42.5858781396364,50.592694754493316,12.652456291907951,12.352500104904175,12.0525439179004,-0.42501448065941266,交叉混雜,36.0
8277,2026-09-15,16.548975563049318,12.280487728118896,10.17124388217926,9.070414582888285,62445.4,90.84685768655828,78.98405138105514,2.326109038456954,1.0173326795250304,1.3087763589319235,99.0582520224504,96.87593521402628,18.895140212030185,10.17124388217926,1.447347552328333,83.59327160413102,多排,95.0
8444,2026-09-15,4.692000007629394,4.751999998092652,4.867000031471252,5.258166670799255,7000.0,37.14397523598633,50.92379471226732,-0.14024862932720517,-0.1264044227044741,-0.013844206622731059,38.93454586516004,42.5510177858437,5.347004505079219,4.867000031471252,4.386995557863285,-5.4859281921552006,空排,3.0
9110,2026-09-15,2.984000015258789,3.002999997138977,3.0364999771118164,3.1359999974568686,7601.0,71.95017834855248,64.37393963920083,-0.03740029314464843,-0.039675718914891564,0.0022754257702431308,57.03785723188723,48.48148213874572,3.149688160686874,3.0364999771118164,2.923311793536759,-0.21406243276933645,空排,30.0
