stock_code,snapshot_at,price,open,high,low,volume
1104,2026-08-11 12:08:51,26.700000762939453,26.549999237060547,26.899999618530273,26.549999237060547,252667
1102,2026-08-11 12:08:51,32.349998474121094,32.849998474121094,33.0,32.349998474121094,5786182
1101,2026-08-11 12:08:51,24.399999618530273,24.549999237060547,24.799999237060547,24.299999237060547,11154148
1103,2026-08-11 12:08:51,13.199999809265137,13.199999809265137,13.25,13.149999618530273,97673
1201,2026-08-11 12:08:51,12.149999618530273,12.199999809265137,12.199999809265137,12.100000381469727,157749
1109,2026-08-11 12:08:51,13.5,13.600000381469727,13.649999618530273,13.5,52647
1110,2026-08-11 12:08:51,16.299999237060547,16.299999237060547,16.299999237060547,16.049999237060547,94091
1108,2026-08-11 12:08:51,11.800000190734863,11.949999809265137,11.949999809265137,11.75,740813
1203,2026-08-11 12:08:51,45.5,45.900001525878906,46.04999923706055,45.29999923706055,12473
1213,2026-08-11 12:08:51,7.71999979019165,7.889999866485596,7.900000095367432,7.71999979019165,12111
1210,2026-08-11 12:08:51,53.79999923706055,53.20000076293945,54.0,53.20000076293945,1545482
1215,2026-08-11 12:08:51,108.5,108.5,109.5,108.0,325619
1216,2026-08-11 12:08:51,75.4000015258789,75.0999984741211,75.80000305175781,74.9000015258789,6456103
1217,2026-08-11 12:08:51,9.880000114440918,9.829999923706055,9.899999618530273,9.8100004196167,106684
1218,2026-08-11 12:08:51,15.699999809265137,15.800000190734863,15.850000381469727,15.649999618530273,342846
1219,2026-08-11 12:08:51,10.800000190734863,10.800000190734863,10.850000381469727,10.75,218161
1220,2026-08-11 12:08:51,11.149999618530273,11.149999618530273,11.149999618530273,11.149999618530273,8383
1225,2026-08-11 12:08:51,24.549999237060547,25.0,25.350000381469727,24.399999618530273,101709
1227,2026-08-11 12:08:51,28.950000762939453,29.200000762939453,29.200000762939453,28.950000762939453,331129
1229,2026-08-11 12:08:51,41.5,41.0,41.599998474121094,41.0,1868430
1231,2026-08-11 12:08:51,80.80000305175781,80.0,80.9000015258789,80.0,87056
1232,2026-08-11 12:08:51,156.0,156.5,158.5,156.0,206542
1233,2026-08-11 12:08:51,28.0,28.299999237060547,28.299999237060547,28.0,21103
1234,2026-08-11 12:08:51,33.29999923706055,33.29999923706055,33.400001525878906,33.25,62882
1235,2026-08-11 12:08:51,36.45000076293945,36.45000076293945,36.45000076293945,36.45000076293945,0
1236,2026-08-11 12:08:51,25.549999237060547,25.450000762939453,25.700000762939453,25.299999237060547,72450
1256,2026-08-11 12:08:51,181.5,178.5,183.0,178.5,44080
1301,2026-08-11 12:08:51,55.20000076293945,55.599998474121094,55.900001525878906,54.29999923706055,11570664
1303,2026-08-11 12:08:51,188.0,183.0,188.0,172.5,73645524
1304,2026-08-11 12:08:51,11.899999618530273,12.199999809265137,12.199999809265137,11.800000190734863,1209764
1305,2026-08-11 12:08:51,11.550000190734863,11.699999809265137,11.699999809265137,11.399999618530273,654045
1307,2026-08-11 12:08:51,30.75,31.0,31.399999618530273,30.649999618530273,654120
1308,2026-08-11 12:08:51,13.5,13.649999618530273,13.649999618530273,13.350000381469727,655395
1309,2026-08-11 12:08:51,12.800000190734863,13.100000381469727,13.100000381469727,12.75,588785
1310,2026-08-11 12:08:51,7.989999771118164,8.079999923706055,8.100000381469727,7.909999847412109,2247685
1312,2026-08-11 12:08:51,11.699999809265137,11.850000381469727,11.850000381469727,11.550000190734863,3851871
1313,2026-08-11 12:08:51,11.300000190734863,11.600000381469727,11.600000381469727,11.199999809265137,2128060
1314,2026-08-11 12:08:51,7.75,7.739999771118164,7.789999961853027,7.599999904632568,16432356
1315,2026-08-11 12:08:51,63.79999923706055,64.4000015258789,64.4000015258789,63.79999923706055,3000
1316,2026-08-11 12:08:51,10.0,10.050000190734863,10.149999618530273,9.989999771118164,1033150
1319,2026-08-11 12:08:51,78.5999984741211,76.80000305175781,78.69999694824219,76.80000305175781,1831493
1321,2026-08-11 12:08:51,31.799999237060547,32.29999923706055,32.349998474121094,31.75,54344
1323,2026-08-11 12:08:51,21.600000381469727,22.049999237060547,22.100000381469727,21.25,140359
1324,2026-08-11 12:08:51,10.0,10.100000381469727,10.100000381469727,9.989999771118164,29554
1337,2026-08-11 12:08:51,4.690000057220459,4.71999979019165,4.739999771118164,4.610000133514404,276698
1325,2026-08-11 12:08:51,26.399999618530273,26.799999237060547,26.799999237060547,26.25,232479
1326,2026-08-11 12:08:51,58.0,58.599998474121094,58.900001525878906,56.79999923706055,13521476
1338,2026-08-11 12:08:51,15.100000381469727,15.199999809265137,15.300000190734863,14.649999618530273,308089
1339,2026-08-11 12:08:51,45.5,45.29999923706055,45.599998474121094,44.79999923706055,115760
1340,2026-08-11 12:08:51,5.199999809265137,5.260000228881836,5.28000020980835,5.179999828338623,177532
1341,2026-08-11 12:08:51,58.29999923706055,58.599998474121094,58.599998474121094,58.29999923706055,1000
1342,2026-08-11 12:08:51,102.5,104.0,104.0,102.0,110645
1402,2026-08-11 12:08:51,27.049999237060547,27.5,27.5,26.950000762939453,9143152
1409,2026-08-11 12:08:51,24.0,24.799999237060547,25.350000381469727,23.700000762939453,22059051
1410,2026-08-11 12:08:51,25.600000381469727,25.649999618530273,25.899999618530273,25.399999618530273,22000
1413,2026-08-11 12:08:51,9.550000190734863,9.350000381469727,9.550000190734863,9.34000015258789,2000
1414,2026-08-11 12:08:51,19.450000762939453,19.700000762939453,19.75,19.299999237060547,128029
1416,2026-08-11 12:08:51,11.0,11.100000381469727,11.100000381469727,10.949999809265137,98298
1417,2026-08-11 12:08:51,8.279999732971191,8.289999961853027,8.319999694824219,8.270000457763672,35422
1418,2026-08-11 12:08:51,17.899999618530273,17.899999618530273,17.899999618530273,17.899999618530273,0
1419,2026-08-11 12:08:51,65.19999694824219,65.0999984741211,65.5,65.0,41274
1423,2026-08-11 12:08:51,35.5,35.5,35.5,35.5,5306
1432,2026-08-11 12:08:51,15.199999809265137,15.300000190734863,15.300000190734863,15.199999809265137,62552
1434,2026-08-11 12:08:51,17.700000762939453,17.649999618530273,17.75,17.450000762939453,1141881
1435,2026-08-11 12:08:51,24.799999237060547,24.649999618530273,26.200000762939453,24.549999237060547,29786
1436,2026-08-11 12:08:51,37.04999923706055,37.650001525878906,37.650001525878906,37.0,93591
1437,2026-08-11 12:08:51,30.100000381469727,30.049999237060547,30.5,30.0,44736
1438,2026-08-11 12:08:51,22.450000762939453,22.450000762939453,22.450000762939453,22.350000381469727,3030
1439,2026-08-11 12:08:51,29.0,29.25,29.299999237060547,28.899999618530273,18000
1440,2026-08-11 12:08:51,13.399999618530273,13.449999809265137,13.649999618530273,13.350000381469727,1498259
1441,2026-08-11 12:08:51,9.0,8.880000114440918,9.0,8.880000114440918,0
1442,2026-08-11 12:08:51,29.799999237060547,29.899999618530273,30.200000762939453,29.649999618530273,80537
1444,2026-08-11 12:08:51,7.079999923706055,7.25,7.25,7.050000190734863,822912
1445,2026-08-11 12:08:51,10.149999618530273,10.399999618530273,10.399999618530273,10.149999618530273,93279
1446,2026-08-11 12:08:51,13.949999809265137,13.899999618530273,14.0,13.800000190734863,52828
1449,2026-08-11 12:08:51,12.699999809265137,12.899999618530273,12.899999618530273,12.550000190734863,126118
1447,2026-08-11 12:08:51,6.980000019073486,7.099999904632568,7.099999904632568,6.929999828338623,1172753
1451,2026-08-11 12:08:51,17.5,17.549999237060547,17.549999237060547,17.25,92349
1452,2026-08-11 12:08:51,11.300000190734863,11.199999809265137,11.350000381469727,11.199999809265137,2090
1453,2026-08-11 12:08:51,11.050000190734863,11.100000381469727,11.100000381469727,11.0,44410
1454,2026-08-11 12:08:51,12.800000190734863,12.800000190734863,12.800000190734863,12.800000190734863,0
1455,2026-08-11 12:08:51,9.550000190734863,9.800000190734863,9.8100004196167,9.300000190734863,1552098
1456,2026-08-11 12:08:51,14.25,14.399999618530273,14.399999618530273,14.25,4000
1457,2026-08-11 12:08:51,14.100000381469727,14.149999618530273,14.149999618530273,14.100000381469727,12189
1459,2026-08-11 12:08:51,13.449999809265137,13.899999618530273,13.899999618530273,13.100000381469727,277513
1460,2026-08-11 12:08:51,6.670000076293945,6.659999847412109,6.71999979019165,6.619999885559082,110746
1463,2026-08-11 12:08:51,17.649999618530273,17.600000381469727,17.649999618530273,17.5,11536
1464,2026-08-11 12:08:51,10.25,10.449999809265137,10.449999809265137,10.149999618530273,334555
1465,2026-08-11 12:08:51,12.300000190734863,12.300000190734863,12.350000381469727,12.25,21152
1466,2026-08-11 12:08:51,16.350000381469727,16.950000762939453,16.950000762939453,16.25,202388
1467,2026-08-11 12:08:51,9.199999809265137,9.789999961853027,9.789999961853027,9.0,480200
1468,2026-08-11 12:08:51,13.350000381469727,13.449999809265137,13.449999809265137,13.149999618530273,23000
1471,2026-08-11 12:08:51,9.460000038146973,9.460000038146973,9.579999923706055,9.399999618530273,70141
1474,2026-08-11 12:08:51,9.989999771118164,10.100000381469727,10.100000381469727,9.949999809265137,22709
1473,2026-08-11 12:08:51,20.100000381469727,20.0,20.149999618530273,20.0,43645
1475,2026-08-11 12:08:51,27.149999618530273,27.200000762939453,27.200000762939453,26.899999618530273,31000
1476,2026-08-11 12:08:51,331.0,336.0,341.5,329.0,1148638
1477,2026-08-11 12:08:51,222.0,224.0,224.0,221.0,913198
1503,2026-08-11 12:08:51,197.0,195.5,197.0,192.0,886613
1504,2026-08-11 12:08:51,67.0,67.19999694824219,67.30000305175781,66.30000305175781,2250420
1506,2026-08-11 12:08:51,10.399999618530273,10.600000381469727,10.600000381469727,10.350000381469727,55499
1512,2026-08-11 12:08:51,6.550000190734863,6.5,6.710000038146973,6.5,39312
1513,2026-08-11 12:08:51,159.5,159.5,160.0,157.5,828030
1514,2026-08-11 12:08:51,101.0,101.0,102.0,100.0,552869
1515,2026-08-11 12:08:51,30.25,31.5,31.5,29.600000381469727,1097775
1516,2026-08-11 12:08:51,14.600000381469727,14.5,14.600000381469727,14.5,23430
1517,2026-08-11 12:08:51,12.5,11.850000381469727,12.800000190734863,11.75,2223884
1519,2026-08-11 12:08:51,700.0,668.0,700.0,666.0,1003722
1521,2026-08-11 12:08:51,25.149999618530273,25.200000762939453,25.25,25.149999618530273,10112
1522,2026-08-11 12:08:51,28.100000381469727,28.149999618530273,28.149999618530273,27.600000381469727,298577
1524,2026-08-11 12:08:51,27.200000762939453,27.149999618530273,27.25,26.850000381469727,111067
1525,2026-08-11 12:08:51,67.5,67.69999694824219,68.0999984741211,67.5,7009
1526,2026-08-11 12:08:51,18.450000762939453,18.299999237060547,19.200000762939453,17.75,756083
1527,2026-08-11 12:08:51,32.70000076293945,32.5,33.04999923706055,32.5,84038
1528,2026-08-11 12:08:51,18.899999618530273,19.0,19.399999618530273,18.850000381469727,405984
1529,2026-08-11 12:08:51,16.799999237060547,17.100000381469727,17.149999618530273,16.549999237060547,260080
1530,2026-08-11 12:08:51,28.200000762939453,27.399999618530273,28.450000762939453,27.399999618530273,42326
1531,2026-08-11 12:08:51,13.0,12.850000381469727,13.0,12.800000190734863,84687
1532,2026-08-11 12:08:51,21.75,21.75,21.799999237060547,21.700000762939453,143550
1533,2026-08-11 12:08:51,31.950000762939453,33.650001525878906,33.650001525878906,31.899999618530273,93666
1535,2026-08-11 12:08:51,46.0,46.75,46.75,46.0,32000
1536,2026-08-11 12:08:51,51.099998474121094,52.0,52.0,50.79999923706055,650237
1537,2026-08-11 12:08:51,127.5,127.0,127.5,126.5,64045
1539,2026-08-11 12:08:51,16.350000381469727,16.350000381469727,16.700000762939453,16.350000381469727,165367
1540,2026-08-11 12:08:51,19.75,19.799999237060547,19.950000762939453,19.700000762939453,106573
1558,2026-08-11 12:08:51,95.4000015258789,94.5999984741211,95.4000015258789,94.5999984741211,97770
1541,2026-08-11 12:08:51,21.350000381469727,21.600000381469727,21.600000381469727,21.350000381469727,10090
1560,2026-08-11 12:08:51,677.0,680.0,680.0,668.0,401939
1563,2026-08-11 12:08:51,61.900001525878906,56.0,62.099998474121094,55.900001525878906,2389506
1568,2026-08-11 12:08:51,28.600000381469727,28.299999237060547,28.950000762939453,28.149999618530273,134108
1582,2026-08-11 12:08:51,75.0999984741211,73.5999984741211,75.5999984741211,73.5,602543
1583,2026-08-11 12:08:51,49.75,50.0,50.0,49.04999923706055,22191
1587,2026-08-11 12:08:51,24.0,24.200000762939453,24.200000762939453,23.899999618530273,74025
1590,2026-08-11 12:08:51,1535.0,1565.0,1575.0,1510.0,526596
1597,2026-08-11 12:08:51,149.5,147.0,152.5,144.5,1594072
1598,2026-08-11 12:08:51,20.450000762939453,20.450000762939453,20.549999237060547,20.200000762939453,203724
1603,2026-08-11 12:08:51,29.149999618530273,29.299999237060547,29.450000762939453,29.0,101657
1604,2026-08-11 12:08:51,23.25,23.299999237060547,23.299999237060547,23.200000762939453,65265
1605,2026-08-11 12:08:51,38.650001525878906,37.900001525878906,38.849998474121094,37.04999923706055,35707490
1608,2026-08-11 12:08:51,36.54999923706055,35.95000076293945,37.0,35.79999923706055,5712590
1609,2026-08-11 12:08:51,37.400001525878906,37.0,37.54999923706055,36.70000076293945,2566616
1611,2026-08-11 12:08:51,11.800000190734863,11.899999618530273,11.899999618530273,11.75,170932
1612,2026-08-11 12:08:51,34.099998474121094,33.099998474121094,34.099998474121094,33.04999923706055,1688410
1614,2026-08-11 12:08:51,30.799999237060547,31.0,31.0,30.75,10031
1615,2026-08-11 12:08:51,42.25,42.25,42.54999923706055,42.25,98131
1616,2026-08-11 12:08:51,19.700000762939453,19.950000762939453,19.950000762939453,19.450000762939453,116483
1617,2026-08-11 12:08:51,18.799999237060547,19.100000381469727,19.450000762939453,18.700000762939453,468075
1618,2026-08-11 12:08:51,40.400001525878906,40.5,40.79999923706055,40.150001525878906,599157
1623,2026-08-11 12:08:51,207.0,208.5,209.5,207.0,32251
1626,2026-08-11 12:08:51,9.59000015258789,9.59000015258789,9.59000015258789,9.59000015258789,1120
1702,2026-08-11 12:08:51,33.400001525878906,33.349998474121094,33.599998474121094,33.29999923706055,80450
1707,2026-08-11 12:08:51,89.69999694824219,89.5999984741211,89.9000015258789,89.30000305175781,168297
1708,2026-08-11 12:08:51,49.150001525878906,49.5,49.849998474121094,48.79999923706055,1095486
1709,2026-08-11 12:08:51,27.0,26.75,27.299999237060547,26.200000762939453,2060603
1710,2026-08-11 12:08:51,14.75,14.5,15.0,14.5,3473699
1711,2026-08-11 12:08:51,38.04999923706055,37.900001525878906,39.29999923706055,37.150001525878906,9054624
1712,2026-08-11 12:08:51,39.29999923706055,39.25,39.54999923706055,39.04999923706055,574137
1713,2026-08-11 12:08:51,44.20000076293945,43.849998474121094,44.29999923706055,43.79999923706055,59865
1714,2026-08-11 12:08:51,16.850000381469727,16.450000762939453,17.200000762939453,16.25,16188138
1717,2026-08-11 12:08:51,72.30000305175781,69.5,73.5,68.9000015258789,14153834
1718,2026-08-11 12:08:51,10.300000190734863,10.199999809265137,10.350000381469727,10.149999618530273,11481811
1720,2026-08-11 12:08:51,56.400001525878906,56.5,56.599998474121094,56.20000076293945,73980
1721,2026-08-11 12:08:51,19.850000381469727,20.100000381469727,20.25,19.600000381469727,345542
1722,2026-08-11 12:08:51,45.900001525878906,46.099998474121094,46.099998474121094,45.75,522513
1723,2026-08-11 12:08:51,85.30000305175781,86.30000305175781,87.69999694824219,84.80000305175781,293654
1725,2026-08-11 12:08:51,30.5,30.899999618530273,31.600000381469727,30.5,43291
1726,2026-08-11 12:08:51,78.19999694824219,77.0999984741211,78.19999694824219,77.0,13030
1727,2026-08-11 12:08:51,76.0999984741211,76.0999984741211,77.5,75.0,1825195
1730,2026-08-11 12:08:51,51.5,51.70000076293945,51.79999923706055,51.5,16504
1731,2026-08-11 12:08:51,21.0,21.100000381469727,21.200000762939453,20.5,283885
1732,2026-08-11 12:08:51,26.549999237060547,26.700000762939453,26.700000762939453,26.350000381469727,108609
1733,2026-08-11 12:08:51,31.0,31.200000762939453,31.299999237060547,30.799999237060547,92022
1734,2026-08-11 12:08:51,31.549999237060547,31.700000762939453,32.0,31.549999237060547,96419
1736,2026-08-11 12:08:51,142.5,139.5,146.0,137.0,989912
1735,2026-08-11 12:08:51,20.25,20.549999237060547,20.75,20.149999618530273,86743
1737,2026-08-11 12:08:51,31.899999618530273,31.950000762939453,32.0,31.899999618530273,69610
1752,2026-08-11 12:08:51,32.0,31.899999618530273,32.0,31.600000381469727,29000
1760,2026-08-11 12:08:51,59.0,59.20000076293945,59.29999923706055,58.5,39308
1762,2026-08-11 12:08:51,36.099998474121094,36.599998474121094,36.599998474121094,36.0,104216
1773,2026-08-11 12:08:51,162.5,164.0,164.0,161.0,318490
1776,2026-08-11 12:08:51,17.049999237060547,16.649999618530273,17.049999237060547,16.649999618530273,28019
1786,2026-08-11 12:08:51,51.0,50.79999923706055,51.400001525878906,50.79999923706055,37249
1783,2026-08-11 12:08:51,40.29999923706055,41.0,41.0,40.20000076293945,61028
1789,2026-08-11 12:08:51,18.700000762939453,18.799999237060547,18.799999237060547,18.600000381469727,111065
1795,2026-08-11 12:08:51,189.0,188.5,189.5,184.5,733987
1802,2026-08-11 12:08:51,55.70000076293945,54.70000076293945,56.20000076293945,54.5,19014135
1805,2026-08-11 12:08:51,9.989999771118164,9.989999771118164,9.989999771118164,9.989999771118164,1000
1806,2026-08-11 12:08:51,7.989999771118164,8.039999961853027,8.039999961853027,7.980000019073486,43781
1808,2026-08-11 12:08:51,32.150001525878906,33.0,33.0,32.04999923706055,1353090
1809,2026-08-11 12:08:51,41.900001525878906,42.20000076293945,43.95000076293945,41.45000076293945,6071025
1810,2026-08-11 12:08:51,24.0,24.350000381469727,24.399999618530273,23.75,2223741
1817,2026-08-11 12:08:51,38.599998474121094,38.45000076293945,38.599998474121094,38.400001525878906,7166
1903,2026-08-11 12:08:51,47.20000076293945,47.25,47.25,47.0,37563
1904,2026-08-11 12:08:51,24.299999237060547,24.200000762939453,24.399999618530273,24.0,2422807
1905,2026-08-11 12:08:51,13.300000190734863,13.449999809265137,13.449999809265137,13.149999618530273,952538
1906,2026-08-11 12:08:51,11.100000381469727,11.100000381469727,11.149999618530273,11.0,100055
1907,2026-08-11 12:08:51,30.299999237060547,31.200000762939453,31.200000762939453,30.200000762939453,1202914
1909,2026-08-11 12:08:51,10.050000190734863,10.100000381469727,10.199999809265137,10.0,1164001
2002,2026-08-11 12:08:51,19.600000381469727,19.799999237060547,19.899999618530273,19.549999237060547,57564848
2006,2026-08-11 12:08:51,84.5999984741211,86.4000015258789,86.5,84.0999984741211,1814048
2007,2026-08-11 12:08:51,7.079999923706055,7.21999979019165,7.21999979019165,7.079999923706055,117082
2008,2026-08-11 12:08:51,30.5,30.600000381469727,30.600000381469727,30.5,1373
2009,2026-08-11 12:08:51,39.849998474121094,40.0,40.5,39.349998474121094,1404722
2010,2026-08-11 12:08:51,22.899999618530273,23.350000381469727,23.399999618530273,22.850000381469727,1495300
2012,2026-08-11 12:08:51,15.149999618530273,15.149999618530273,15.199999809265137,15.149999618530273,13333
2014,2026-08-11 12:08:51,17.450000762939453,17.850000381469727,17.899999618530273,17.350000381469727,2716186
2013,2026-08-11 12:08:51,41.650001525878906,41.45000076293945,42.599998474121094,41.29999923706055,122888
2015,2026-08-11 12:08:51,64.69999694824219,65.5,65.5999984741211,64.69999694824219,143298
2017,2026-08-11 12:08:51,8.9399995803833,9.119999885559082,9.119999885559082,8.890000343322754,308654
2020,2026-08-11 12:08:51,21.149999618530273,21.75,21.75,21.049999237060547,366407
2022,2026-08-11 12:08:51,7.769999980926514,7.909999847412109,7.949999809265137,7.75,287900
2023,2026-08-11 12:08:51,13.899999618530273,13.949999809265137,14.0,13.850000381469727,311526
2024,2026-08-11 12:08:51,13.5,13.800000190734863,13.800000190734863,13.5,3258
2025,2026-08-11 12:08:51,12.300000190734863,12.899999618530273,12.899999618530273,12.199999809265137,315237
2027,2026-08-11 12:08:51,46.29999923706055,47.5,47.75,46.0,9759247
2028,2026-08-11 12:08:51,15.5,15.600000381469727,15.800000190734863,15.5,60102
2029,2026-08-11 12:08:51,21.200000762939453,21.299999237060547,21.299999237060547,21.0,295000
2030,2026-08-11 12:08:51,21.0,21.399999618530273,21.899999618530273,20.649999618530273,5683795
2031,2026-08-11 12:08:51,45.75,46.5,47.5,45.650001525878906,1764380
2032,2026-08-11 12:08:51,17.549999237060547,18.0,18.100000381469727,17.399999618530273,1086924
2033,2026-08-11 12:08:51,20.549999237060547,19.399999618530273,20.549999237060547,19.049999237060547,2842895
2034,2026-08-11 12:08:51,20.25,20.350000381469727,20.600000381469727,20.200000762939453,1466426
2038,2026-08-11 12:08:51,12.899999618530273,13.149999618530273,13.25,12.899999618530273,168030
2049,2026-08-11 12:08:51,363.0,381.0,384.0,360.5,4907507
2059,2026-08-11 12:08:51,12435.0,11700.0,12525.0,11615.0,274295
2062,2026-08-11 12:08:51,18.799999237060547,18.899999618530273,18.899999618530273,18.649999618530273,75058
2069,2026-08-11 12:08:51,20.200000762939453,20.0,20.350000381469727,19.950000762939453,1224141
2072,2026-08-11 12:08:51,152.5,154.5,154.5,152.0,192231
2101,2026-08-11 12:08:51,33.400001525878906,34.0,34.20000076293945,33.29999923706055,1692620
2102,2026-08-11 12:08:51,18.700000762939453,18.649999618530273,18.899999618530273,18.5,188874
2103,2026-08-11 12:08:51,28.700000762939453,27.799999237060547,28.950000762939453,27.5,26611149
2104,2026-08-11 12:08:51,10.449999809265137,10.449999809265137,10.5,10.300000190734863,1784008
2105,2026-08-11 12:08:51,31.5,31.5,31.649999618530273,31.149999618530273,1935093
2106,2026-08-11 12:08:51,18.25,18.350000381469727,18.450000762939453,18.200000762939453,586585
2107,2026-08-11 12:08:51,25.649999618530273,25.450000762939453,25.700000762939453,25.399999618530273,136073
2108,2026-08-11 12:08:51,29.649999618530273,30.0,30.0,29.450000762939453,711562
2109,2026-08-11 12:08:51,14.649999618530273,14.5,14.649999618530273,14.5,44522
2114,2026-08-11 12:08:51,87.69999694824219,88.0,88.0,87.5999984741211,16559
2115,2026-08-11 12:08:51,22.799999237060547,23.399999618530273,23.399999618530273,22.799999237060547,58525
2201,2026-08-11 12:08:51,27.5,27.549999237060547,27.600000381469727,27.350000381469727,634683
2204,2026-08-11 12:08:51,51.5,51.79999923706055,51.79999923706055,51.20000076293945,384001
2206,2026-08-11 12:08:51,62.0,62.29999923706055,62.599998474121094,61.29999923706055,361929
2207,2026-08-11 12:08:51,510.0,514.0,519.0,510.0,188101
2208,2026-08-11 12:08:51,18.950000762939453,19.200000762939453,19.25,18.899999618530273,1080627
2211,2026-08-11 12:08:51,88.4000015258789,88.0999984741211,88.5,87.80000305175781,241097
2227,2026-08-11 12:08:51,48.900001525878906,48.900001525878906,49.0,48.900001525878906,3110
2228,2026-08-11 12:08:51,74.19999694824219,75.19999694824219,75.19999694824219,74.19999694824219,112720
2231,2026-08-11 12:08:51,97.69999694824219,99.0,99.30000305175781,97.30000305175781,99207
2233,2026-08-11 12:08:51,202.5,201.5,205.0,199.0,323301
2236,2026-08-11 12:08:51,130.5,136.0,136.0,125.0,462862
2239,2026-08-11 12:08:51,19.200000762939453,19.299999237060547,19.850000381469727,19.049999237060547,121492
2241,2026-08-11 12:08:51,32.79999923706055,32.599998474121094,32.900001525878906,32.04999923706055,160984
2243,2026-08-11 12:08:51,40.04999923706055,39.650001525878906,40.599998474121094,39.349998474121094,152344
2247,2026-08-11 12:08:51,227.0,228.0,229.0,227.0,11926
2248,2026-08-11 12:08:51,57.900001525878906,61.0,61.70000076293945,56.70000076293945,208090
2250,2026-08-11 12:08:51,59.599998474121094,60.0,60.79999923706055,59.599998474121094,24305
2301,2026-08-11 12:08:51,269.5,274.0,277.5,258.5,36948034
2302,2026-08-11 12:08:51,45.70000076293945,43.95000076293945,46.70000076293945,43.70000076293945,5954598
2303,2026-08-11 12:08:51,123.0,121.5,124.5,120.0,56116899
2305,2026-08-11 12:08:51,27.600000381469727,28.700000762939453,28.799999237060547,27.100000381469727,3775544
2308,2026-08-11 12:08:51,1820.0,1835.0,1865.0,1785.0,12166426
2312,2026-08-11 12:08:51,33.099998474121094,32.95000076293945,34.5,32.5,15237367
2313,2026-08-11 12:08:51,212.5,210.5,215.0,205.5,20593356
2314,2026-08-11 12:08:51,11.399999618530273,11.5,11.5,11.199999809265137,128643
2316,2026-08-11 12:08:51,172.5,168.5,179.0,167.0,2297888
2317,2026-08-11 12:08:51,263.0,266.0,266.0,260.5,14417081
2321,2026-08-11 12:08:51,15.600000381469727,15.399999618530273,15.949999809265137,15.050000190734863,37000
2323,2026-08-11 12:08:51,10.149999618530273,10.25,10.300000190734863,10.100000381469727,1719536
2324,2026-08-11 12:08:51,35.79999923706055,36.29999923706055,36.29999923706055,35.650001525878906,10918970
2327,2026-08-11 12:08:51,618.0,568.0,623.0,567.0,64685509
2328,2026-08-11 12:08:51,46.04999923706055,47.0,47.0,45.650001525878906,1286188
2329,2026-08-11 12:08:51,44.25,44.400001525878906,44.849998474121094,43.70000076293945,1085351
2330,2026-08-11 12:08:51,2395.0,2390.0,2400.0,2375.0,7647186
2331,2026-08-11 12:08:51,19.25,19.649999618530273,19.700000762939453,19.100000381469727,1117714
2332,2026-08-11 12:08:51,22.700000762939453,23.75,23.799999237060547,22.600000381469727,25224998
2337,2026-08-11 12:08:51,132.5,134.0,139.0,129.0,109232052
2338,2026-08-11 12:08:51,39.599998474121094,40.099998474121094,40.400001525878906,39.25,434092
2342,2026-08-11 12:08:51,37.04999923706055,37.599998474121094,38.099998474121094,36.349998474121094,1041308
2340,2026-08-11 12:08:51,31.350000381469727,32.0,32.29999923706055,30.700000762939453,1555908
2344,2026-08-11 12:08:51,179.0,178.0,181.0,172.5,141913694
2345,2026-08-11 12:08:51,2110.0,2140.0,2150.0,2075.0,2314764
2347,2026-08-11 12:08:51,90.4000015258789,91.4000015258789,91.5,89.4000015258789,2986583
2348,2026-08-11 12:08:51,70.4000015258789,71.0999984741211,71.0999984741211,70.0,315320
2349,2026-08-11 12:08:51,10.949999809265137,11.149999618530273,11.149999618530273,10.850000381469727,947088
2351,2026-08-11 12:08:51,170.0,166.0,170.5,165.0,1246587
2352,2026-08-11 12:08:51,28.899999618530273,29.700000762939453,29.850000381469727,28.700000762939453,5265274
2353,2026-08-11 12:08:51,30.75,30.899999618530273,30.950000762939453,30.5,6810493
2354,2026-08-11 12:08:51,62.599998474121094,63.099998474121094,63.900001525878906,61.70000076293945,12004236
2355,2026-08-11 12:08:51,42.25,42.0,42.400001525878906,41.400001525878906,1480741
2356,2026-08-11 12:08:51,64.69999694824219,65.9000015258789,66.0,64.19999694824219,8311843
2357,2026-08-11 12:08:51,817.0,818.0,828.0,814.0,1189017
2359,2026-08-11 12:08:51,141.5,150.0,150.0,139.0,6214045
2360,2026-08-11 12:08:51,2095.0,2025.0,2100.0,1965.0,896036
2362,2026-08-11 12:08:51,47.150001525878906,46.79999923706055,47.349998474121094,45.599998474121094,1341780
2363,2026-08-11 12:08:51,56.5,54.20000076293945,57.0,53.29999923706055,5881761
2364,2026-08-11 12:08:51,75.0,76.0,76.0,74.0999984741211,141535
2365,2026-08-11 12:08:51,30.649999618530273,30.850000381469727,31.149999618530273,30.350000381469727,507602
2367,2026-08-11 12:08:51,44.70000076293945,44.70000076293945,45.0,43.349998474121094,5461155
2368,2026-08-11 12:08:51,967.0,917.0,984.0,915.0,10542582
2369,2026-08-11 12:08:51,33.099998474121094,33.849998474121094,33.900001525878906,32.599998474121094,2739425
2371,2026-08-11 12:08:51,25.399999618530273,26.0,26.600000381469727,24.899999618530273,10561176
2373,2026-08-11 12:08:51,54.0,53.29999923706055,54.0,53.20000076293945,21307
2374,2026-08-11 12:08:51,71.5999984741211,72.5999984741211,73.0,71.0999984741211,2295292
2375,2026-08-11 12:08:51,130.0,122.0,133.0,122.0,10612123
2376,2026-08-11 12:08:51,350.5,349.5,353.0,346.5,2668645
2377,2026-08-11 12:08:51,153.0,155.0,155.5,152.5,3832818
2379,2026-08-11 12:08:51,771.0,758.0,780.0,758.0,1627313
2380,2026-08-11 12:08:51,19.200000762939453,19.100000381469727,19.200000762939453,19.100000381469727,2100
2382,2026-08-11 12:08:51,312.5,312.5,316.0,309.5,8468651
2383,2026-08-11 12:08:51,5460.0,5300.0,5470.0,5240.0,1668882
2385,2026-08-11 12:08:51,103.0,103.0,103.5,102.0,1599145
2387,2026-08-11 12:08:51,37.20000076293945,37.54999923706055,37.54999923706055,37.04999923706055,506947
2388,2026-08-11 12:08:51,80.5999984741211,80.30000305175781,82.30000305175781,79.5999984741211,2507975
2390,2026-08-11 12:08:51,10.449999809265137,10.600000381469727,10.600000381469727,10.399999618530273,139028
2393,2026-08-11 12:08:51,63.79999923706055,62.400001525878906,64.0,61.599998474121094,1729965
2392,2026-08-11 12:08:51,39.20000076293945,38.5,39.5,38.04999923706055,2532000
2395,2026-08-11 12:08:51,661.0,660.0,672.0,644.0,2663545
2397,2026-08-11 12:08:51,66.30000305175781,67.0999984741211,67.30000305175781,64.30000305175781,961986
2399,2026-08-11 12:08:51,43.04999923706055,43.04999923706055,43.75,42.45000076293945,2378880
2401,2026-08-11 12:08:51,27.399999618530273,28.100000381469727,28.100000381469727,27.25,1524664
2402,2026-08-11 12:08:51,55.29999923706055,55.099998474121094,56.099998474121094,54.70000076293945,678597
2404,2026-08-11 12:08:51,1150.0,1170.0,1170.0,1140.0,599955
2405,2026-08-11 12:08:51,16.0,16.399999618530273,16.399999618530273,15.850000381469727,678644
2406,2026-08-11 12:08:51,32.099998474121094,32.150001525878906,32.599998474121094,31.850000381469727,3672973
2408,2026-08-11 12:08:51,487.5,491.5,500.0,474.0,81783290
2409,2026-08-11 12:08:51,26.200000762939453,27.850000381469727,27.899999618530273,25.899999618530273,330775155
2412,2026-08-11 12:08:51,136.0,136.5,137.0,136.0,4418531
2413,2026-08-11 12:08:51,44.45000076293945,45.5,46.0,44.20000076293945,1470028
2414,2026-08-11 12:08:51,51.70000076293945,53.20000076293945,54.29999923706055,51.29999923706055,1350194
2415,2026-08-11 12:08:51,30.399999618530273,30.600000381469727,30.600000381469727,30.049999237060547,101200
2417,2026-08-11 12:08:51,44.04999923706055,45.20000076293945,45.5,43.75,2848264
2419,2026-08-11 12:08:51,24.649999618530273,24.950000762939453,24.950000762939453,24.399999618530273,151319
2420,2026-08-11 12:08:51,57.29999923706055,57.5,58.20000076293945,56.900001525878906,561932
2421,2026-08-11 12:08:51,149.5,148.5,151.0,147.0,1485086
2423,2026-08-11 12:08:51,73.80000305175781,71.80000305175781,74.5999984741211,71.80000305175781,110535
2424,2026-08-11 12:08:51,8.979999542236328,8.710000038146973,9.0600004196167,8.710000038146973,2000
2425,2026-08-11 12:08:51,45.400001525878906,48.25,48.849998474121094,44.79999923706055,7130864
2426,2026-08-11 12:08:51,65.5,67.0,68.0999984741211,64.69999694824219,7153102
2427,2026-08-11 12:08:51,21.399999618530273,21.899999618530273,21.899999618530273,21.399999618530273,403999
2428,2026-08-11 12:08:51,234.5,230.0,238.0,228.0,481232
2429,2026-08-11 12:08:51,31.0,31.399999618530273,32.5,30.5,250851
2430,2026-08-11 12:08:51,17.049999237060547,17.25,17.25,17.0,40162
2431,2026-08-11 12:08:51,10.350000381469727,10.100000381469727,10.5,10.100000381469727,148010
2433,2026-08-11 12:08:51,41.70000076293945,41.70000076293945,41.70000076293945,41.70000076293945,1000
2434,2026-08-11 12:08:51,49.25,50.5,50.79999923706055,48.20000076293945,620882
2436,2026-08-11 12:08:51,67.4000015258789,66.4000015258789,68.4000015258789,66.19999694824219,3545317
2438,2026-08-11 12:08:51,19.25,17.899999618530273,19.25,17.899999618530273,256571
2439,2026-08-11 12:08:51,82.30000305175781,82.30000305175781,82.5999984741211,81.0999984741211,1384576
2440,2026-08-11 12:08:51,15.449999809265137,16.0,16.0,15.25,168685
2441,2026-08-11 12:08:51,124.5,127.5,129.5,119.5,9602216
2442,2026-08-11 12:08:51,19.549999237060547,19.649999618530273,19.700000762939453,19.399999618530273,501987
2444,2026-08-11 12:08:51,11.25,11.399999618530273,11.5,11.199999809265137,80160
2449,2026-08-11 12:08:51,247.5,243.0,250.5,238.5,12203097
2450,2026-08-11 12:08:51,28.200000762939453,28.399999618530273,28.399999618530273,28.149999618530273,155018
2451,2026-08-11 12:08:51,285.5,292.5,293.5,284.0,3898476
2453,2026-08-11 12:08:51,52.400001525878906,52.599998474121094,52.599998474121094,52.099998474121094,97641
2454,2026-08-11 12:08:51,4035.0,3900.0,4050.0,3810.0,5172819
2455,2026-08-11 12:08:51,364.0,365.0,373.5,362.5,1995374
2457,2026-08-11 12:08:51,23.299999237060547,23.899999618530273,23.899999618530273,23.049999237060547,663300
2458,2026-08-11 12:08:51,144.5,144.5,146.5,144.0,2053409
2459,2026-08-11 12:08:51,65.9000015258789,66.5999984741211,66.5999984741211,65.69999694824219,16803
2460,2026-08-11 12:08:51,31.5,31.0,32.099998474121094,30.850000381469727,193899
2461,2026-08-11 12:08:51,17.450000762939453,17.5,17.649999618530273,17.299999237060547,483419
2462,2026-08-11 12:08:51,19.5,19.5,19.649999618530273,19.299999237060547,97440
2464,2026-08-11 12:08:51,186.0,180.0,196.0,176.0,21692883
2465,2026-08-11 12:08:51,88.9000015258789,94.5999984741211,95.80000305175781,87.19999694824219,3526562
2466,2026-08-11 12:08:51,89.0,95.0,95.19999694824219,88.0999984741211,1484519
2467,2026-08-11 12:08:51,538.0,549.0,549.0,529.0,755207
2468,2026-08-11 12:08:51,34.54999923706055,35.20000076293945,35.599998474121094,34.45000076293945,142332
2471,2026-08-11 12:08:51,49.79999923706055,49.5,49.79999923706055,49.400001525878906,92296
2472,2026-08-11 12:08:51,248.0,237.5,257.5,236.5,4733550
2474,2026-08-11 12:08:51,205.0,200.0,208.5,200.0,5264942
2476,2026-08-11 12:08:51,124.5,127.0,127.0,122.0,1077166
2477,2026-08-11 12:08:51,22.0,22.049999237060547,22.299999237060547,21.950000762939453,67314
2478,2026-08-11 12:08:51,124.5,120.0,131.0,119.5,12363706
2480,2026-08-11 12:08:51,152.5,157.0,157.0,152.5,102303
2481,2026-08-11 12:08:51,142.5,138.0,144.5,136.0,20334304
2482,2026-08-11 12:08:51,16.0,16.149999618530273,16.149999618530273,15.949999809265137,103149
2483,2026-08-11 12:08:51,35.400001525878906,35.400001525878906,36.25,34.79999923706055,845049
2484,2026-08-11 12:08:51,74.0999984741211,74.69999694824219,76.4000015258789,73.30000305175781,10728542
2485,2026-08-11 12:08:51,43.0,43.54999923706055,43.54999923706055,42.04999923706055,3211163
2486,2026-08-11 12:08:51,232.5,233.5,235.0,228.5,2598136
2488,2026-08-11 12:08:51,50.20000076293945,49.900001525878906,50.20000076293945,49.400001525878906,109328
2489,2026-08-11 12:08:51,32.900001525878906,33.400001525878906,33.70000076293945,32.29999923706055,12908934
2491,2026-08-11 12:08:51,33.29999923706055,35.79999923706055,35.79999923706055,32.79999923706055,473859
2492,2026-08-11 12:08:51,300.5,271.0,300.5,270.0,48058758
2493,2026-08-11 12:08:51,238.0,222.5,239.5,222.5,5010561
2495,2026-08-11 12:08:51,38.79999923706055,38.599998474121094,39.20000076293945,38.349998474121094,496090
2496,2026-08-11 12:08:51,59.099998474121094,59.70000076293945,59.70000076293945,59.099998474121094,13742
2497,2026-08-11 12:08:51,47.400001525878906,47.0,47.75,46.599998474121094,166699
2498,2026-08-11 12:08:51,40.45000076293945,40.900001525878906,41.099998474121094,40.20000076293945,1539011
2501,2026-08-11 12:08:51,22.450000762939453,22.299999237060547,22.5,22.200000762939453,1118476
2504,2026-08-11 12:08:51,30.799999237060547,30.899999618530273,30.950000762939453,30.700000762939453,391300
2505,2026-08-11 12:08:51,18.0,18.100000381469727,18.149999618530273,17.950000762939453,92684
2506,2026-08-11 12:08:51,8.600000381469727,8.630000114440918,8.630000114440918,8.569999694824219,26868
2509,2026-08-11 12:08:51,13.600000381469727,13.850000381469727,13.899999618530273,13.600000381469727,64083
2511,2026-08-11 12:08:51,8.25,8.319999694824219,8.329999923706055,8.199999809265137,637229
2514,2026-08-11 12:08:51,12.199999809265137,12.199999809265137,12.199999809265137,12.100000381469727,31904
2516,2026-08-11 12:08:51,14.149999618530273,14.25,14.25,14.100000381469727,88350
2515,2026-08-11 12:08:51,11.949999809265137,11.949999809265137,12.0,11.850000381469727,1994424
2520,2026-08-11 12:08:51,34.29999923706055,34.79999923706055,34.849998474121094,34.20000076293945,629180
2524,2026-08-11 12:08:51,34.45000076293945,34.20000076293945,34.45000076293945,33.95000076293945,48332
2527,2026-08-11 12:08:51,46.150001525878906,47.0,47.04999923706055,45.20000076293945,901366
2528,2026-08-11 12:08:51,20.049999237060547,20.75,20.75,19.799999237060547,402053
2530,2026-08-11 12:08:51,19.200000762939453,19.25,19.5,19.200000762939453,118213
2534,2026-08-11 12:08:51,17.049999237060547,17.149999618530273,17.149999618530273,17.049999237060547,77825
2535,2026-08-11 12:08:51,88.9000015258789,90.5,90.5,88.5999984741211,240473
2536,2026-08-11 12:08:51,20.799999237060547,20.100000381469727,20.850000381469727,20.049999237060547,2150396
2537,2026-08-11 12:08:51,10.949999809265137,11.050000190734863,11.050000190734863,10.949999809265137,307402
2538,2026-08-11 12:08:51,9.130000114440918,9.180000305175781,9.180000305175781,9.119999885559082,214553
2539,2026-08-11 12:08:51,41.29999923706055,42.5,42.5,41.099998474121094,1510822
2542,2026-08-11 12:08:51,44.45000076293945,44.349998474121094,44.5,44.150001525878906,2881493
2540,2026-08-11 12:08:51,43.79999923706055,45.099998474121094,45.099998474121094,43.54999923706055,1187554
2543,2026-08-11 12:08:51,39.25,38.75,39.349998474121094,38.70000076293945,458130
2545,2026-08-11 12:08:51,33.349998474121094,32.79999923706055,33.45000076293945,32.79999923706055,196839
2546,2026-08-11 12:08:51,95.9000015258789,90.30000305175781,99.0,90.30000305175781,629366
2547,2026-08-11 12:08:51,10.5,10.649999618530273,10.699999809265137,10.399999618530273,1865125
2548,2026-08-11 12:08:51,93.0999984741211,93.9000015258789,94.0999984741211,93.0999984741211,1596959
2597,2026-08-11 12:08:51,167.0,168.5,168.5,165.5,120254
2601,2026-08-11 12:08:51,6.210000038146973,6.340000152587891,6.340000152587891,6.130000114440918,953222
2603,2026-08-11 12:08:51,217.5,215.0,220.0,213.5,8271278
2605,2026-08-11 12:08:51,32.75,32.79999923706055,33.0,32.5,2338365
2606,2026-08-11 12:08:51,66.30000305175781,66.5999984741211,66.9000015258789,65.5999984741211,1754251
2608,2026-08-11 12:08:51,28.549999237060547,28.600000381469727,28.600000381469727,28.5,216070
2607,2026-08-11 12:08:51,48.650001525878906,48.79999923706055,48.79999923706055,48.5,377746
2609,2026-08-11 12:08:51,51.70000076293945,51.79999923706055,52.20000076293945,51.29999923706055,14634942
2610,2026-08-11 12:08:51,20.049999237060547,20.350000381469727,20.399999618530273,20.0,38805443
2611,2026-08-11 12:08:51,13.949999809265137,14.25,14.25,13.899999618530273,163104
2612,2026-08-11 12:08:51,54.29999923706055,54.900001525878906,55.0,54.20000076293945,119660
2613,2026-08-11 12:08:51,20.600000381469727,20.450000762939453,20.850000381469727,20.350000381469727,70732
2614,2026-08-11 12:08:51,18.049999237060547,18.25,18.25,18.0,223911
2615,2026-08-11 12:08:51,86.9000015258789,87.69999694824219,88.80000305175781,86.4000015258789,9539965
2616,2026-08-11 12:08:51,13.350000381469727,13.350000381469727,13.350000381469727,13.350000381469727,11215
2617,2026-08-11 12:08:51,29.0,29.200000762939453,29.399999618530273,28.950000762939453,922012
2618,2026-08-11 12:08:51,41.5,42.0,42.150001525878906,41.20000076293945,23129206
2633,2026-08-11 12:08:51,25.649999618530273,25.75,25.899999618530273,25.600000381469727,5198255
2630,2026-08-11 12:08:51,46.900001525878906,48.04999923706055,48.04999923706055,46.599998474121094,1026457
2634,2026-08-11 12:08:51,60.400001525878906,61.5,61.5,59.900001525878906,5558254
2636,2026-08-11 12:08:51,67.80000305175781,66.19999694824219,68.5999984741211,66.19999694824219,686054
2637,2026-08-11 12:08:51,87.0999984741211,87.4000015258789,87.9000015258789,86.5999984741211,795983
2642,2026-08-11 12:08:51,20.399999618530273,20.299999237060547,20.399999618530273,20.299999237060547,7163
2645,2026-08-11 12:08:51,184.5,189.5,189.5,183.5,834923
2646,2026-08-11 12:08:51,20.700000762939453,20.799999237060547,20.799999237060547,20.600000381469727,3039042
2701,2026-08-11 12:08:51,10.600000381469727,10.600000381469727,10.600000381469727,10.600000381469727,1000
2702,2026-08-11 12:08:51,12.300000190734863,12.449999809265137,12.449999809265137,12.300000190734863,17015
2704,2026-08-11 12:08:51,46.150001525878906,46.349998474121094,46.54999923706055,45.650001525878906,25231
2705,2026-08-11 12:08:51,16.100000381469727,16.200000762939453,16.200000762939453,16.049999237060547,51181
2706,2026-08-11 12:08:51,12.5,12.449999809265137,12.5,12.449999809265137,7591
2707,2026-08-11 12:08:51,180.0,181.0,182.0,179.5,148524
2722,2026-08-11 12:08:51,21.950000762939453,22.200000762939453,22.25,21.549999237060547,13101
2723,2026-08-11 12:08:51,61.5,62.79999923706055,62.79999923706055,61.400001525878906,168618
2727,2026-08-11 12:08:51,234.0,240.5,240.5,234.0,285313
2731,2026-08-11 12:08:51,145.0,145.5,146.0,144.5,189425
2739,2026-08-11 12:08:51,34.25,34.650001525878906,34.75,34.04999923706055,28003
2748,2026-08-11 12:08:51,38.349998474121094,38.400001525878906,38.400001525878906,38.20000076293945,21410
2753,2026-08-11 12:08:51,183.0,184.5,184.5,182.5,61944
2762,2026-08-11 12:08:51,82.0999984741211,84.19999694824219,84.19999694824219,80.5,176671
2801,2026-08-11 12:08:51,23.149999618530273,23.200000762939453,23.200000762939453,23.100000381469727,6862618
2812,2026-08-11 12:08:51,18.549999237060547,18.75,18.75,18.5,5191673
2816,2026-08-11 12:08:51,33.95000076293945,34.150001525878906,34.25,33.95000076293945,82239
2820,2026-08-11 12:08:51,16.25,16.350000381469727,16.350000381469727,16.200000762939453,2678236
2832,2026-08-11 12:08:51,58.20000076293945,58.29999923706055,58.599998474121094,57.900001525878906,69545
2834,2026-08-11 12:08:51,16.399999618530273,16.5,16.549999237060547,16.399999618530273,13412270
2836,2026-08-11 12:08:51,11.800000190734863,11.949999809265137,11.949999809265137,11.800000190734863,637974
2838,2026-08-11 12:08:51,19.850000381469727,20.149999618530273,20.200000762939453,19.850000381469727,2852553
2845,2026-08-11 12:08:51,13.100000381469727,13.100000381469727,13.149999618530273,13.100000381469727,2359794
2849,2026-08-11 12:08:51,14.399999618530273,14.699999809265137,14.699999809265137,14.300000190734863,131280
2850,2026-08-11 12:08:51,159.0,161.0,161.5,159.0,101985
2851,2026-08-11 12:08:51,35.79999923706055,35.70000076293945,36.0,35.599998474121094,512530
2852,2026-08-11 12:08:51,26.75,26.899999618530273,26.899999618530273,26.649999618530273,138127
2855,2026-08-11 12:08:51,45.95000076293945,45.54999923706055,46.25,45.25,1602772
2867,2026-08-11 12:08:51,9.4399995803833,9.65999984741211,9.65999984741211,9.4399995803833,9658952
2880,2026-08-11 12:08:51,43.79999923706055,43.599998474121094,44.099998474121094,43.400001525878906,11110175
2881,2026-08-11 12:08:51,128.0,129.5,129.5,127.5,6279316
2882,2026-08-11 12:08:51,99.5999984741211,101.5,101.5,99.30000305175781,10180022
2883,2026-08-11 12:08:51,30.850000381469727,30.799999237060547,31.200000762939453,30.649999618530273,11045798
2884,2026-08-11 12:08:51,36.75,37.20000076293945,37.5,36.70000076293945,21757849
2885,2026-08-11 12:08:51,68.0999984741211,67.5999984741211,69.0,67.5,7041160
2886,2026-08-11 12:08:51,49.5,50.70000076293945,50.900001525878906,49.349998474121094,20231759
2889,2026-08-11 12:08:51,15.25,15.300000190734863,15.300000190734863,15.199999809265137,1587283
2887,2026-08-11 12:08:51,35.45000076293945,35.599998474121094,36.0,35.349998474121094,22432031
2890,2026-08-11 12:08:51,39.0,39.0,39.25,38.400001525878906,13383338
2891,2026-08-11 12:08:51,66.5999984741211,67.0,67.30000305175781,66.4000015258789,16014747
2892,2026-08-11 12:08:51,32.650001525878906,33.54999923706055,33.70000076293945,32.650001525878906,61473318
2897,2026-08-11 12:08:51,10.149999618530273,10.149999618530273,10.199999809265137,10.100000381469727,2391502
2903,2026-08-11 12:08:51,22.0,22.049999237060547,22.100000381469727,21.899999618530273,443557
2904,2026-08-11 12:08:51,13.0,13.050000190734863,13.149999618530273,12.899999618530273,6000
2905,2026-08-11 12:08:51,16.299999237060547,16.600000381469727,16.600000381469727,16.299999237060547,384240
2906,2026-08-11 12:08:51,13.5,13.550000190734863,13.550000190734863,13.350000381469727,72153
2908,2026-08-11 12:08:51,21.700000762939453,21.799999237060547,21.799999237060547,21.600000381469727,52916
2910,2026-08-11 12:08:51,23.75,23.850000381469727,24.200000762939453,23.75,17100
2911,2026-08-11 12:08:51,6.989999771118164,7.039999961853027,7.199999809265137,6.920000076293945,69272
2912,2026-08-11 12:08:51,218.0,219.0,220.0,217.0,1900686
2913,2026-08-11 12:08:51,10.949999809265137,11.050000190734863,11.100000381469727,10.949999809265137,609738
2915,2026-08-11 12:08:51,52.900001525878906,53.099998474121094,53.29999923706055,52.599998474121094,1415442
2923,2026-08-11 12:08:51,26.299999237060547,28.299999237060547,28.299999237060547,25.850000381469727,142686
2929,2026-08-11 12:08:51,5.96999979019165,5.599999904632568,6.03000020980835,5.599999904632568,1574769
2939,2026-08-11 12:08:51,19.049999237060547,19.700000762939453,19.700000762939453,18.549999237060547,10000
2945,2026-08-11 12:08:51,40.29999923706055,40.5,40.5,40.150001525878906,39058
3002,2026-08-11 12:08:51,17.0,17.5,17.5,16.799999237060547,57911
3003,2026-08-11 12:08:51,70.4000015258789,71.0,74.0,69.0999984741211,3429539
3004,2026-08-11 12:08:51,125.5,125.0,127.5,124.0,345018
3006,2026-08-11 12:08:51,270.0,274.0,274.0,264.0,3663123
3005,2026-08-11 12:08:51,113.5,114.0,115.0,112.5,1251509
3008,2026-08-11 12:08:51,4385.0,4355.0,4420.0,4230.0,1144244
3010,2026-08-11 12:08:51,124.0,122.5,124.0,121.5,379003
3011,2026-08-11 12:08:51,11.5,11.449999809265137,11.5,11.300000190734863,239122
3013,2026-08-11 12:08:51,86.4000015258789,85.5,87.0,85.0999984741211,593875
3014,2026-08-11 12:08:51,134.5,136.0,136.5,134.0,785427
3015,2026-08-11 12:08:51,57.0,57.099998474121094,57.900001525878906,56.5,457999
3016,2026-08-11 12:08:51,103.0,106.0,107.5,101.5,2551540
3017,2026-08-11 12:08:51,2760.0,2705.0,2800.0,2625.0,2193027
3018,2026-08-11 12:08:51,13.199999809265137,13.800000190734863,13.800000190734863,13.0,44424
3019,2026-08-11 12:08:51,134.5,135.0,136.0,132.5,1324034
3021,2026-08-11 12:08:51,21.149999618530273,21.149999618530273,21.350000381469727,20.799999237060547,92202
3022,2026-08-11 12:08:51,110.0,115.5,116.5,108.5,4549218
3023,2026-08-11 12:08:51,316.5,312.5,317.5,310.0,647217
3024,2026-08-11 12:08:51,12.899999618530273,13.100000381469727,13.300000190734863,12.800000190734863,733369
3025,2026-08-11 12:08:51,54.70000076293945,54.900001525878906,54.900001525878906,53.900001525878906,42335
3026,2026-08-11 12:08:51,646.0,617.0,646.0,594.0,21327373
3027,2026-08-11 12:08:51,18.350000381469727,18.649999618530273,18.649999618530273,18.149999618530273,116165
3028,2026-08-11 12:08:51,70.5,68.80000305175781,71.30000305175781,68.4000015258789,1687080
3029,2026-08-11 12:08:51,108.0,109.5,109.5,107.5,571627
3030,2026-08-11 12:08:51,300.5,297.5,304.5,294.0,1117818
3031,2026-08-11 12:08:51,22.850000381469727,23.299999237060547,23.299999237060547,22.700000762939453,219902
3032,2026-08-11 12:08:51,79.0,80.0,80.5,78.0999984741211,348748
3033,2026-08-11 12:08:51,50.20000076293945,49.349998474121094,51.0,49.349998474121094,6190676
3034,2026-08-11 12:08:51,535.0,543.0,546.0,533.0,1398805
3035,2026-08-11 12:08:51,177.5,176.5,179.5,174.0,2080249
3036,2026-08-11 12:08:51,218.0,224.5,225.5,215.0,10201786
3037,2026-08-11 12:08:51,981.0,988.0,995.0,972.0,3007177
3038,2026-08-11 12:08:51,20.450000762939453,20.600000381469727,20.700000762939453,20.399999618530273,140162
3040,2026-08-11 12:08:51,36.95000076293945,37.849998474121094,37.95000076293945,36.95000076293945,28377
3041,2026-08-11 12:08:51,23.299999237060547,24.049999237060547,24.049999237060547,23.0,1101527
3042,2026-08-11 12:08:51,180.0,178.0,187.0,177.0,8586098
3043,2026-08-11 12:08:51,20.450000762939453,20.600000381469727,20.700000762939453,20.200000762939453,20247
3044,2026-08-11 12:08:51,441.5,441.5,441.5,430.0,7777006
3045,2026-08-11 12:08:51,109.0,110.5,110.5,109.0,7438367
3046,2026-08-11 12:08:51,60.400001525878906,60.400001525878906,61.599998474121094,59.29999923706055,1091063
3047,2026-08-11 12:08:51,14.25,14.600000381469727,14.600000381469727,14.199999809265137,309187
3048,2026-08-11 12:08:51,58.70000076293945,57.20000076293945,59.20000076293945,56.70000076293945,3049643
3049,2026-08-11 12:08:51,10.800000190734863,10.949999809265137,11.0,10.649999618530273,986203
3050,2026-08-11 12:08:51,11.350000381469727,11.350000381469727,11.350000381469727,11.199999809265137,286276
3051,2026-08-11 12:08:51,23.100000381469727,23.450000762939453,23.450000762939453,22.950000762939453,181755
3052,2026-08-11 12:08:51,10.800000190734863,10.800000190734863,10.899999618530273,10.75,272559
3054,2026-08-11 12:08:51,48.400001525878906,49.150001525878906,49.150001525878906,47.0,134045
3055,2026-08-11 12:08:51,106.0,120.0,121.0,103.0,2709770
3056,2026-08-11 12:08:51,14.100000381469727,14.100000381469727,14.199999809265137,14.050000190734863,343747
3057,2026-08-11 12:08:51,16.450000762939453,15.800000190734863,17.25,15.800000190734863,313409
3058,2026-08-11 12:08:51,8.199999809265137,8.199999809265137,8.239999771118164,8.140000343322754,206699
3059,2026-08-11 12:08:51,40.5,40.900001525878906,40.900001525878906,40.099998474121094,732620
3060,2026-08-11 12:08:51,28.950000762939453,29.549999237060547,29.549999237060547,28.549999237060547,901699
3062,2026-08-11 12:08:51,20.799999237060547,20.899999618530273,20.899999618530273,20.450000762939453,842736
3090,2026-08-11 12:08:51,175.5,158.0,177.0,158.0,27340823
3092,2026-08-11 12:08:51,23.149999618530273,23.5,23.600000381469727,23.100000381469727,55201
3094,2026-08-11 12:08:51,37.45000076293945,37.04999923706055,37.900001525878906,36.150001525878906,1088259
3130,2026-08-11 12:08:51,203.5,202.5,203.5,202.5,30496
3135,2026-08-11 12:08:51,167.5,165.5,169.5,165.0,1645810
3138,2026-08-11 12:08:51,96.69999694824219,99.5,99.80000305175781,95.30000305175781,163423
3149,2026-08-11 12:08:51,68.69999694824219,69.69999694824219,71.9000015258789,67.5,12359348
3167,2026-08-11 12:08:51,665.0,650.0,665.0,644.0,193958
3164,2026-08-11 12:08:51,16.299999237060547,16.450000762939453,16.450000762939453,16.299999237060547,1112
3168,2026-08-11 12:08:51,42.0,42.45000076293945,42.45000076293945,42.0,13000
3189,2026-08-11 12:08:51,840.0,820.0,844.0,807.0,1936640
3229,2026-08-11 12:08:51,49.45000076293945,51.900001525878906,51.900001525878906,48.45000076293945,725438
3209,2026-08-11 12:08:51,56.099998474121094,56.5,57.0,55.900001525878906,1094381
3231,2026-08-11 12:08:51,191.0,190.0,193.5,188.0,22981526
3257,2026-08-11 12:08:51,51.400001525878906,52.5,52.5,51.20000076293945,124824
3266,2026-08-11 12:08:51,13.75,13.850000381469727,13.850000381469727,13.699999809265137,16025
3296,2026-08-11 12:08:51,23.049999237060547,23.200000762939453,23.200000762939453,23.0,12140
3305,2026-08-11 12:08:51,113.5,115.5,116.0,111.5,1927355
3308,2026-08-11 12:08:51,19.25,19.399999618530273,19.450000762939453,19.149999618530273,26373
3311,2026-08-11 12:08:51,32.20000076293945,32.5,32.5,32.04999923706055,48371
3312,2026-08-11 12:08:51,50.29999923706055,50.0,50.5,49.25,608453
3321,2026-08-11 12:08:51,18.950000762939453,19.100000381469727,19.100000381469727,18.5,144912
3338,2026-08-11 12:08:51,63.5,64.30000305175781,64.30000305175781,62.599998474121094,169214
3346,2026-08-11 12:08:51,20.700000762939453,20.850000381469727,21.100000381469727,20.549999237060547,138860
3356,2026-08-11 12:08:51,58.70000076293945,57.599998474121094,58.79999923706055,57.400001525878906,252170
3376,2026-08-11 12:08:51,184.5,183.0,185.5,181.0,635401
3380,2026-08-11 12:08:51,28.100000381469727,28.649999618530273,28.649999618530273,27.75,678492
3406,2026-08-11 12:08:51,539.0,546.0,547.0,533.0,596841
3413,2026-08-11 12:08:51,305.5,307.5,308.5,303.5,442617
3416,2026-08-11 12:08:51,189.0,198.0,198.0,187.5,444985
3419,2026-08-11 12:08:51,12.100000381469727,12.0,12.350000381469727,11.949999809265137,44007
3432,2026-08-11 12:08:51,15.899999618530273,16.399999618530273,16.399999618530273,15.850000381469727,11000
3437,2026-08-11 12:08:51,17.5,18.100000381469727,18.100000381469727,17.299999237060547,262922
3443,2026-08-11 12:08:51,4925.0,4630.0,4980.0,4615.0,2853146
3447,2026-08-11 12:08:51,27.200000762939453,27.399999618530273,27.549999237060547,27.100000381469727,45683
3450,2026-08-11 12:08:51,472.5,500.0,507.0,472.0,3183025
3481,2026-08-11 12:08:51,50.70000076293945,51.400001525878906,52.29999923706055,49.650001525878906,255536484
3494,2026-08-11 12:08:51,7.090000152587891,7.099999904632568,7.099999904632568,7.039999961853027,8851
3501,2026-08-11 12:08:51,38.900001525878906,39.099998474121094,39.099998474121094,38.599998474121094,56931
3504,2026-08-11 12:08:51,73.9000015258789,73.5,74.5999984741211,73.0,307670
3515,2026-08-11 12:08:51,216.5,218.0,221.0,215.0,1045898
3518,2026-08-11 12:08:51,28.100000381469727,27.799999237060547,28.649999618530273,27.5,201524
3528,2026-08-11 12:08:51,91.0999984741211,91.0,91.9000015258789,90.19999694824219,207037
3530,2026-08-11 12:08:51,55.400001525878906,55.5,56.20000076293945,55.0,63253
3532,2026-08-11 12:08:51,281.0,282.5,290.5,265.5,5940529
3533,2026-08-11 12:08:51,1995.0,1990.0,2015.0,1960.0,488003
3535,2026-08-11 12:08:51,89.80000305175781,89.19999694824219,91.69999694824219,88.69999694824219,584107
3545,2026-08-11 12:08:51,50.20000076293945,51.099998474121094,51.29999923706055,49.900001525878906,210448
3543,2026-08-11 12:08:51,36.349998474121094,37.75,37.75,35.95000076293945,790264
3550,2026-08-11 12:08:51,23.100000381469727,23.799999237060547,24.200000762939453,23.049999237060547,1356588
3557,2026-08-11 12:08:51,25.0,25.149999618530273,25.350000381469727,24.799999237060547,54589
3563,2026-08-11 12:08:51,678.0,693.0,693.0,666.0,230935
3576,2026-08-11 12:08:51,17.350000381469727,17.149999618530273,17.450000762939453,17.049999237060547,4631100
3583,2026-08-11 12:08:51,699.0,696.0,720.0,689.0,583795
3588,2026-08-11 12:08:51,56.400001525878906,58.599998474121094,58.599998474121094,56.20000076293945,140850
3591,2026-08-11 12:08:51,21.450000762939453,21.600000381469727,22.0,21.299999237060547,256122
3592,2026-08-11 12:08:51,239.5,243.0,244.0,238.5,392732
3596,2026-08-11 12:08:51,169.0,175.0,175.0,168.0,1870022
3605,2026-08-11 12:08:51,114.5,111.5,119.5,109.5,12768589
3607,2026-08-11 12:08:51,14.0,14.300000190734863,14.350000381469727,14.0,77196
3617,2026-08-11 12:08:51,227.5,234.0,234.0,226.0,232876
3622,2026-08-11 12:08:51,54.79999923706055,54.29999923706055,55.099998474121094,54.29999923706055,91484
3645,2026-08-11 12:08:51,67.69999694824219,67.0999984741211,68.9000015258789,64.9000015258789,1812813
3652,2026-08-11 12:08:51,36.599998474121094,35.95000076293945,38.25,35.29999923706055,1855049
3653,2026-08-11 12:08:51,4110.0,4165.0,4170.0,3895.0,816458
3661,2026-08-11 12:08:51,4050.0,4000.0,4150.0,3925.0,3154566
3665,2026-08-11 12:08:51,2185.0,2145.0,2200.0,2070.0,2574094
3673,2026-08-11 12:08:51,62.70000076293945,63.20000076293945,64.4000015258789,62.0,2305724
3669,2026-08-11 12:08:51,38.150001525878906,38.650001525878906,38.900001525878906,38.0,165133
3679,2026-08-11 12:08:51,109.5,109.0,110.0,107.5,61822
3686,2026-08-11 12:08:51,14.550000190734863,15.0,15.0,14.5,39581
3694,2026-08-11 12:08:51,52.599998474121094,53.20000076293945,53.79999923706055,52.0,1149677
3702,2026-08-11 12:08:51,126.0,126.0,128.0,121.0,7630870
3701,2026-08-11 12:08:51,41.150001525878906,41.75,42.599998474121094,40.70000076293945,511197
3703,2026-08-11 12:08:51,20.049999237060547,20.049999237060547,20.149999618530273,19.950000762939453,2913380
3704,2026-08-11 12:08:51,45.400001525878906,47.20000076293945,47.650001525878906,45.400001525878906,7101398
3705,2026-08-11 12:08:51,53.599998474121094,53.5,53.599998474121094,53.400001525878906,155833
3706,2026-08-11 12:08:51,90.19999694824219,91.9000015258789,91.9000015258789,89.5999984741211,8439416
3711,2026-08-11 12:08:51,629.0,629.0,632.0,610.0,12539766
3708,2026-08-11 12:08:51,102.5,102.5,105.0,100.0,351217
3712,2026-08-11 12:08:51,22.049999237060547,21.0,22.149999618530273,21.0,750046
3714,2026-08-11 12:08:51,56.5,58.5,59.0,56.20000076293945,5648816
3715,2026-08-11 12:08:51,126.5,124.5,129.0,123.0,8812753
3716,2026-08-11 12:08:51,35.400001525878906,35.349998474121094,35.599998474121094,35.25,354429
3717,2026-08-11 12:08:51,23.100000381469727,23.5,23.799999237060547,22.899999618530273,1523214
4104,2026-08-11 12:08:51,71.5,71.19999694824219,71.5,71.19999694824219,123459
4108,2026-08-11 12:08:51,11.100000381469727,11.050000190734863,11.100000381469727,11.050000190734863,57442
4106,2026-08-11 12:08:51,24.399999618530273,24.5,24.75,24.299999237060547,239648
4119,2026-08-11 12:08:51,52.099998474121094,52.5,52.5,51.5,104724
4133,2026-08-11 12:08:51,21.0,21.100000381469727,21.25,20.75,79104
4137,2026-08-11 12:08:51,95.80000305175781,95.9000015258789,96.30000305175781,95.5999984741211,40019
4142,2026-08-11 12:08:51,17.299999237060547,17.399999618530273,17.5,17.25,407409
4155,2026-08-11 12:08:51,14.550000190734863,14.300000190734863,14.600000381469727,14.199999809265137,271970
4148,2026-08-11 12:08:51,31.799999237060547,30.950000762939453,33.400001525878906,30.799999237060547,138777
4164,2026-08-11 12:08:51,26.549999237060547,26.350000381469727,26.799999237060547,26.350000381469727,146476
4169,2026-08-11 12:08:51,151.5,153.5,155.0,149.5,166212
4178,2026-08-11 12:08:51,18.200000762939453,17.950000762939453,18.5,17.899999618530273,109001
4306,2026-08-11 12:08:51,14.25,14.350000381469727,14.399999618530273,14.199999809265137,342963
4414,2026-08-11 12:08:51,8.3100004196167,8.40999984741211,8.40999984741211,8.279999732971191,96013
4426,2026-08-11 12:08:51,7.940000057220459,8.0,8.079999923706055,7.929999828338623,106000
4438,2026-08-11 12:08:51,61.20000076293945,61.0,61.20000076293945,60.099998474121094,36536
4439,2026-08-11 12:08:51,102.5,102.5,103.0,102.0,14221
4440,2026-08-11 12:08:51,17.299999237060547,17.700000762939453,18.100000381469727,17.149999618530273,154000
4441,2026-08-11 12:08:51,201.5,203.0,203.5,197.0,178910
4526,2026-08-11 12:08:51,30.600000381469727,30.75,31.0,30.25,864802
4532,2026-08-11 12:08:51,23.549999237060547,24.149999618530273,24.149999618530273,23.5,1081717
4536,2026-08-11 12:08:51,170.0,168.0,170.5,166.0,188426
4540,2026-08-11 12:08:51,58.70000076293945,59.599998474121094,59.599998474121094,57.599998474121094,1828291
4545,2026-08-11 12:08:51,32.849998474121094,33.04999923706055,33.5,32.599998474121094,34005
4551,2026-08-11 12:08:51,157.0,171.0,171.0,157.0,1828019
4552,2026-08-11 12:08:51,17.549999237060547,17.5,17.549999237060547,17.399999618530273,10003
4555,2026-08-11 12:08:51,48.0,48.150001525878906,48.400001525878906,47.5,121151
4557,2026-08-11 12:08:51,49.95000076293945,49.349998474121094,50.0,49.04999923706055,67272
4560,2026-08-11 12:08:51,32.29999923706055,32.400001525878906,32.400001525878906,31.899999618530273,209000
4562,2026-08-11 12:08:51,32.150001525878906,31.950000762939453,32.599998474121094,31.850000381469727,139202
4564,2026-08-11 12:08:51,16.5,16.600000381469727,16.75,16.350000381469727,392404
4566,2026-08-11 12:08:51,70.9000015258789,74.5999984741211,74.5999984741211,70.0,3017617
4569,2026-08-11 12:08:51,165.0,167.0,170.0,165.0,28713
4571,2026-08-11 12:08:51,167.5,170.0,170.5,166.0,199512
4572,2026-08-11 12:08:51,141.0,141.0,141.0,141.0,1000
4576,2026-08-11 12:08:51,218.0,223.5,226.0,216.5,1120798
4581,2026-08-11 12:08:51,51.599998474121094,51.70000076293945,52.29999923706055,51.099998474121094,14225
4583,2026-08-11 12:08:51,507.0,493.0,508.0,485.0,109713
4585,2026-08-11 12:08:51,310.0,313.5,313.5,307.5,142629
4588,2026-08-11 12:08:51,52.20000076293945,52.29999923706055,52.5,51.70000076293945,9101
4720,2026-08-11 12:08:51,19.899999618530273,20.049999237060547,20.049999237060547,19.600000381469727,253018
4722,2026-08-11 12:08:51,218.5,219.0,221.5,210.0,521083
4737,2026-08-11 12:08:51,55.79999923706055,56.099998474121094,56.29999923706055,55.5,15302
4736,2026-08-11 12:08:51,132.5,130.0,133.0,130.0,224810
4739,2026-08-11 12:08:51,87.5,87.0,88.69999694824219,86.19999694824219,1068846
4746,2026-08-11 12:08:51,54.599998474121094,54.900001525878906,54.900001525878906,54.099998474121094,216914
4755,2026-08-11 12:08:51,118.0,117.5,120.0,116.0,112547
4763,2026-08-11 12:08:51,51.099998474121094,50.0,51.400001525878906,49.599998474121094,7852637
4764,2026-08-11 12:08:51,238.5,234.0,242.5,224.0,1181300
4766,2026-08-11 12:08:51,342.5,340.0,343.0,338.0,164683
4771,2026-08-11 12:08:51,200.0,199.5,201.0,194.0,389145
4770,2026-08-11 12:08:51,219.5,222.0,222.5,217.5,113421
4807,2026-08-11 12:08:51,31.049999237060547,32.54999923706055,32.54999923706055,30.700000762939453,268070
4904,2026-08-11 12:08:51,100.0,102.0,102.0,100.0,2463894
4906,2026-08-11 12:08:51,36.099998474121094,36.0,36.900001525878906,35.45000076293945,3826629
4912,2026-08-11 12:08:51,89.0999984741211,90.5,90.5,88.19999694824219,97561
4915,2026-08-11 12:08:51,59.599998474121094,60.400001525878906,60.70000076293945,59.20000076293945,2446938
4916,2026-08-11 12:08:51,104.0,104.0,108.0,102.5,3801819
4919,2026-08-11 12:08:51,125.0,125.0,127.5,122.5,2011097
4927,2026-08-11 12:08:51,33.849998474121094,33.79999923706055,34.54999923706055,33.400001525878906,1278208
4930,2026-08-11 12:08:51,16.200000762939453,16.200000762939453,16.200000762939453,16.149999618530273,4097
4934,2026-08-11 12:08:51,14.199999809265137,14.350000381469727,14.449999809265137,14.100000381469727,228320
4935,2026-08-11 12:08:51,34.650001525878906,34.900001525878906,34.900001525878906,34.650001525878906,9000
4938,2026-08-11 12:08:51,88.5,87.5,88.80000305175781,84.69999694824219,7708022
4942,2026-08-11 12:08:51,34.349998474121094,34.04999923706055,34.349998474121094,34.04999923706055,10135
4943,2026-08-11 12:08:51,8.130000114440918,8.609999656677246,8.609999656677246,8.130000114440918,2000
4949,2026-08-11 12:08:51,73.5,74.9000015258789,75.5999984741211,71.19999694824219,708025
4952,2026-08-11 12:08:51,49.5,50.400001525878906,50.599998474121094,49.25,242816
4956,2026-08-11 12:08:51,30.399999618530273,31.350000381469727,31.5,30.200000762939453,561096
4958,2026-08-11 12:08:51,485.5,470.0,492.0,468.0,23560177
4960,2026-08-11 12:08:51,20.549999237060547,20.899999618530273,21.049999237060547,20.25,815508
4961,2026-08-11 12:08:51,172.5,174.5,175.0,171.5,356390
4967,2026-08-11 12:08:51,271.5,277.0,277.0,270.0,2827763
4968,2026-08-11 12:08:51,95.5999984741211,96.19999694824219,96.5,94.9000015258789,247092
4976,2026-08-11 12:08:51,35.70000076293945,36.099998474121094,36.400001525878906,35.54999923706055,539310
4977,2026-08-11 12:08:51,148.0,147.0,153.0,143.0,3989471
4989,2026-08-11 12:08:51,69.19999694824219,67.19999694824219,71.4000015258789,67.19999694824219,9066350
4994,2026-08-11 12:08:51,87.0999984741211,88.9000015258789,88.9000015258789,87.0999984741211,5002
4999,2026-08-11 12:08:51,18.950000762939453,19.299999237060547,19.299999237060547,18.850000381469727,34347
5007,2026-08-11 12:08:51,56.29999923706055,56.400001525878906,56.400001525878906,56.099998474121094,97440
5203,2026-08-11 12:08:51,66.0,66.30000305175781,66.5999984741211,65.69999694824219,152825
5215,2026-08-11 12:08:51,38.20000076293945,38.0,39.5,38.0,51339
5222,2026-08-11 12:08:51,114.5,117.0,117.0,113.5,70840
5225,2026-08-11 12:08:51,63.29999923706055,66.0999984741211,66.0999984741211,62.29999923706055,895056
5234,2026-08-11 12:08:51,334.0,333.0,338.0,332.5,50437
5236,2026-08-11 12:08:51,143.0,144.0,144.5,140.5,82730
5243,2026-08-11 12:08:51,89.0,90.0,90.0,87.19999694824219,658925
5244,2026-08-11 12:08:51,33.150001525878906,33.20000076293945,33.45000076293945,32.79999923706055,68040
5258,2026-08-11 12:08:51,51.400001525878906,53.20000076293945,53.20000076293945,50.599998474121094,294570
5269,2026-08-11 12:08:51,1435.0,1425.0,1450.0,1405.0,615537
5283,2026-08-11 12:08:51,53.900001525878906,53.900001525878906,54.0,53.20000076293945,50319
5284,2026-08-11 12:08:51,303.5,310.0,310.0,302.0,119152
5285,2026-08-11 12:08:51,78.4000015258789,78.69999694824219,79.30000305175781,77.0,343761
5288,2026-08-11 12:08:51,193.0,200.0,200.0,191.0,118201
5292,2026-08-11 12:08:51,181.0,176.0,188.0,176.0,129373
5306,2026-08-11 12:08:51,98.5,98.0,99.0,97.19999694824219,203018
5388,2026-08-11 12:08:51,91.9000015258789,93.5999984741211,94.0999984741211,91.30000305175781,2135804
5434,2026-08-11 12:08:51,530.0,514.0,533.0,509.0,603824
5469,2026-08-11 12:08:51,75.4000015258789,75.5,76.30000305175781,74.5,1249947
5471,2026-08-11 12:08:51,56.599998474121094,56.5,57.400001525878906,55.599998474121094,1493461
5484,2026-08-11 12:08:51,42.20000076293945,43.099998474121094,44.79999923706055,41.29999923706055,504935
5515,2026-08-11 12:08:51,43.54999923706055,44.0,44.20000076293945,43.29999923706055,245816
5519,2026-08-11 12:08:51,27.799999237060547,27.899999618530273,27.899999618530273,27.75,98860
5521,2026-08-11 12:08:51,10.25,10.399999618530273,10.399999618530273,10.149999618530273,639570
5522,2026-08-11 12:08:51,64.69999694824219,64.9000015258789,65.4000015258789,64.5999984741211,204014
5525,2026-08-11 12:08:51,21.950000762939453,22.049999237060547,22.149999618530273,21.850000381469727,31319
5531,2026-08-11 12:08:51,7.409999847412109,7.639999866485596,7.639999866485596,7.320000171661377,1116908
5533,2026-08-11 12:08:51,13.75,13.949999809265137,13.949999809265137,13.75,70999
5534,2026-08-11 12:08:51,77.5,78.0999984741211,78.19999694824219,77.4000015258789,533121
5538,2026-08-11 12:08:51,34.0,36.29999923706055,36.29999923706055,34.0,122717
5546,2026-08-11 12:08:51,13.449999809265137,14.100000381469727,14.100000381469727,13.449999809265137,11000
5607,2026-08-11 12:08:51,49.5,49.150001525878906,49.5,48.95000076293945,216363
5608,2026-08-11 12:08:51,13.949999809265137,14.100000381469727,14.149999618530273,13.850000381469727,492328
5706,2026-08-11 12:08:51,45.5,45.900001525878906,45.900001525878906,45.20000076293945,62581
5871,2026-08-11 12:08:51,113.0,110.0,114.0,110.0,6866740
5876,2026-08-11 12:08:51,42.75,43.150001525878906,43.54999923706055,42.75,2792121
5880,2026-08-11 12:08:51,24.0,24.75,24.799999237060547,24.0,32308693
5907,2026-08-11 12:08:51,4.949999809265137,4.929999828338623,4.96999979019165,4.900000095367432,97065
6005,2026-08-11 12:08:51,30.049999237060547,29.850000381469727,30.200000762939453,29.600000381469727,9601456
6024,2026-08-11 12:08:51,61.70000076293945,62.0,62.099998474121094,61.400001525878906,189644
6108,2026-08-11 12:08:51,19.75,19.350000381469727,20.299999237060547,19.049999237060547,1569202
6112,2026-08-11 12:08:51,46.25,46.650001525878906,46.650001525878906,45.79999923706055,325790
6115,2026-08-11 12:08:51,45.150001525878906,45.099998474121094,45.54999923706055,45.099998474121094,62952
6116,2026-08-11 12:08:51,14.300000190734863,14.649999618530273,14.649999618530273,14.100000381469727,32712373
6117,2026-08-11 12:08:51,65.9000015258789,65.5,66.5999984741211,65.4000015258789,90832
6120,2026-08-11 12:08:51,12.949999809265137,13.350000381469727,13.5,12.899999618530273,1490171
6128,2026-08-11 12:08:51,20.149999618530273,20.200000762939453,20.200000762939453,20.100000381469727,16001
6133,2026-08-11 12:08:51,22.0,21.799999237060547,22.100000381469727,21.600000381469727,447207
6136,2026-08-11 12:08:51,25.200000762939453,25.25,25.950000762939453,24.950000762939453,221609
6139,2026-08-11 12:08:51,822.0,810.0,827.0,785.0,2527628
6141,2026-08-11 12:08:51,34.70000076293945,35.29999923706055,35.29999923706055,33.900001525878906,345066
6142,2026-08-11 12:08:51,9.329999923706055,9.600000381469727,9.600000381469727,9.279999732971191,490595
6152,2026-08-11 12:08:51,14.850000381469727,15.75,15.75,14.649999618530273,3541523
6153,2026-08-11 12:08:51,16.600000381469727,16.549999237060547,16.75,16.350000381469727,1276479
6155,2026-08-11 12:08:51,55.70000076293945,53.900001525878906,56.400001525878906,53.400001525878906,2370031
6164,2026-08-11 12:08:51,11.699999809265137,11.899999618530273,11.899999618530273,11.600000381469727,391447
6165,2026-08-11 12:08:51,49.849998474121094,49.70000076293945,50.099998474121094,49.150001525878906,148678
6166,2026-08-11 12:08:51,135.0,140.5,141.0,133.0,2018488
6168,2026-08-11 12:08:51,24.450000762939453,25.0,25.0,24.049999237060547,558244
6176,2026-08-11 12:08:51,81.5999984741211,82.30000305175781,82.30000305175781,81.4000015258789,1901352
6177,2026-08-11 12:08:51,48.150001525878906,48.45000076293945,48.70000076293945,48.04999923706055,622223
6183,2026-08-11 12:08:51,93.0,92.9000015258789,93.30000305175781,92.5999984741211,15788
6184,2026-08-11 12:08:51,42.150001525878906,42.5,42.5,42.150001525878906,4999
6189,2026-08-11 12:08:51,49.150001525878906,49.04999923706055,49.400001525878906,47.849998474121094,257505
6191,2026-08-11 12:08:51,86.0,86.80000305175781,87.0999984741211,85.0,1340911
6192,2026-08-11 12:08:51,121.5,120.5,123.0,119.5,605658
6196,2026-08-11 12:08:51,500.0,502.0,506.0,498.0,326071
6197,2026-08-11 12:08:51,303.5,304.0,310.5,301.0,839151
6201,2026-08-11 12:08:51,45.849998474121094,45.849998474121094,45.849998474121094,45.849998474121094,0
6202,2026-08-11 12:08:51,64.5999984741211,64.0,66.30000305175781,63.599998474121094,2615811
6205,2026-08-11 12:08:51,60.599998474121094,60.900001525878906,61.79999923706055,59.599998474121094,174153
6206,2026-08-11 12:08:51,142.5,154.0,156.0,142.5,5309355
6209,2026-08-11 12:08:51,74.9000015258789,74.30000305175781,75.5999984741211,73.80000305175781,2251472
6213,2026-08-11 12:08:51,433.0,427.5,442.5,395.5,12739508
6214,2026-08-11 12:08:51,141.5,142.0,143.0,140.5,798026
6215,2026-08-11 12:08:51,102.0,102.5,103.5,100.5,489936
6216,2026-08-11 12:08:51,22.149999618530273,22.25,22.25,22.049999237060547,127299
6224,2026-08-11 12:08:51,60.29999923706055,58.20000076293945,61.5,57.70000076293945,677187
6225,2026-08-11 12:08:51,30.450000762939453,30.450000762939453,30.450000762939453,29.600000381469727,89190
6226,2026-08-11 12:08:51,20.5,21.399999618530273,22.299999237060547,20.100000381469727,9572138
6230,2026-08-11 12:08:51,107.5,109.5,109.5,107.5,15754
6235,2026-08-11 12:08:51,39.349998474121094,39.5,39.95000076293945,38.900001525878906,158573
6239,2026-08-11 12:08:51,285.0,291.0,296.0,271.0,31008186
6243,2026-08-11 12:08:51,44.79999923706055,45.54999923706055,47.25,43.70000076293945,1748526
6257,2026-08-11 12:08:51,205.5,210.0,210.0,203.0,2816909
6269,2026-08-11 12:08:51,65.19999694824219,65.0999984741211,66.0,62.599998474121094,4557654
6271,2026-08-11 12:08:51,196.5,196.0,201.5,193.5,3281270
6272,2026-08-11 12:08:51,25.049999237060547,25.100000381469727,25.100000381469727,24.700000762939453,33155
6277,2026-08-11 12:08:51,79.30000305175781,80.0,80.0,78.19999694824219,94980
6278,2026-08-11 12:08:51,167.5,168.5,171.0,164.5,2836767
6281,2026-08-11 12:08:51,51.29999923706055,51.5,51.5,51.29999923706055,3567
6282,2026-08-11 12:08:51,49.79999923706055,50.20000076293945,50.70000076293945,49.04999923706055,9792902
6283,2026-08-11 12:08:51,19.850000381469727,20.0,20.0,19.75,49191
6285,2026-08-11 12:08:51,257.0,258.5,261.0,251.5,6582016
6405,2026-08-11 12:08:51,40.25,39.95000076293945,40.849998474121094,39.0,349488
6409,2026-08-11 12:08:51,1030.0,1020.0,1035.0,975.0,568695
6412,2026-08-11 12:08:51,78.5999984741211,79.0999984741211,79.30000305175781,78.19999694824219,317922
6414,2026-08-11 12:08:51,448.0,474.0,476.0,440.5,2370479
6415,2026-08-11 12:08:51,469.5,469.5,488.0,461.5,3281881
6416,2026-08-11 12:08:51,100.5,103.0,103.5,100.0,508533
6426,2026-08-11 12:08:51,212.0,212.0,217.0,208.0,1124133
6431,2026-08-11 12:08:51,18.399999618530273,18.350000381469727,19.350000381469727,18.25,47645
6438,2026-08-11 12:08:51,145.0,146.5,147.0,144.0,111029
6442,2026-08-11 12:08:51,1440.0,1380.0,1445.0,1365.0,1426437
6443,2026-08-11 12:08:51,26.899999618530273,27.0,27.299999237060547,26.549999237060547,1631329
6446,2026-08-11 12:08:51,1460.0,1330.0,1460.0,1330.0,5087050
6449,2026-08-11 12:08:51,241.0,239.5,252.0,236.5,1789594
6451,2026-08-11 12:08:51,427.5,437.0,446.0,420.0,850897
6456,2026-08-11 12:08:51,68.9000015258789,68.0,72.30000305175781,67.69999694824219,6798318
6464,2026-08-11 12:08:51,76.5,77.0,77.0,76.30000305175781,8100
6472,2026-08-11 12:08:51,424.0,424.0,426.5,418.0,538853
6477,2026-08-11 12:08:51,33.150001525878906,33.79999923706055,33.900001525878906,32.75,764543
6504,2026-08-11 12:08:51,38.70000076293945,38.900001525878906,38.95000076293945,38.70000076293945,10015
6491,2026-08-11 12:08:51,376.0,379.5,380.5,373.5,195082
6505,2026-08-11 12:08:51,70.80000305175781,70.4000015258789,71.4000015258789,68.0,16649147
6515,2026-08-11 12:08:51,6870.0,6830.0,6950.0,6765.0,111041
6525,2026-08-11 12:08:51,142.0,142.0,145.0,139.5,1318197
6526,2026-08-11 12:08:51,625.0,620.0,632.0,612.0,194703
6531,2026-08-11 12:08:51,831.0,905.0,920.0,831.0,1196012
6533,2026-08-11 12:08:51,251.5,235.0,254.0,228.0,3445186
6541,2026-08-11 12:08:51,38.70000076293945,38.650001525878906,39.0,38.5,71243
6550,2026-08-11 12:08:51,10.949999809265137,11.100000381469727,11.100000381469727,10.899999618530273,583626
6552,2026-08-11 12:08:51,24.549999237060547,24.950000762939453,25.200000762939453,24.200000762939453,47301
6558,2026-08-11 12:08:51,26.950000762939453,26.0,27.299999237060547,26.0,201123
6573,2026-08-11 12:08:51,17.149999618530273,18.0,18.0,16.700000762939453,171179
6579,2026-08-11 12:08:51,158.5,164.0,164.0,155.5,938737
6581,2026-08-11 12:08:51,107.5,107.5,107.5,107.5,5025
6582,2026-08-11 12:08:51,31.600000381469727,32.099998474121094,32.099998474121094,31.600000381469727,21070
6585,2026-08-11 12:08:51,115.5,117.5,118.5,115.5,179493
6589,2026-08-11 12:08:51,52.099998474121094,50.70000076293945,52.5,50.70000076293945,895841
6591,2026-08-11 12:08:51,44.29999923706055,44.900001525878906,44.900001525878906,43.849998474121094,73057
6592,2026-08-11 12:08:51,60.79999923706055,60.400001525878906,60.900001525878906,60.20000076293945,158157
6598,2026-08-11 12:08:51,27.75,27.600000381469727,28.0,27.25,397008
6605,2026-08-11 12:08:51,137.5,133.0,138.5,132.0,542017
6606,2026-08-11 12:08:51,26.200000762939453,25.950000762939453,26.350000381469727,25.950000762939453,40323
6614,2026-08-11 12:08:51,36.0,36.20000076293945,36.20000076293945,35.79999923706055,6170
6625,2026-08-11 12:08:51,76.19999694824219,76.0,76.5999984741211,74.80000305175781,108968
6641,2026-08-11 12:08:51,18.0,18.0,18.0,18.0,0
6655,2026-08-11 12:08:51,117.0,118.0,118.0,117.0,3007
6657,2026-08-11 12:08:51,30.25,28.350000381469727,30.799999237060547,28.350000381469727,49152
6658,2026-08-11 12:08:51,159.0,163.0,163.0,156.5,153996
6666,2026-08-11 12:08:51,43.0,42.5,43.45000076293945,42.150001525878906,8071
6669,2026-08-11 12:08:51,5915.0,6040.0,6050.0,5855.0,1154804
6668,2026-08-11 12:08:51,35.29999923706055,35.79999923706055,35.900001525878906,34.70000076293945,195561
6670,2026-08-11 12:08:51,268.0,268.5,268.5,265.5,57152
6671,2026-08-11 12:08:51,22.5,22.5,22.5,22.5,0
6674,2026-08-11 12:08:51,15.199999809265137,15.199999809265137,15.199999809265137,15.199999809265137,0
6672,2026-08-11 12:08:51,255.0,251.5,262.0,247.0,5077796
6689,2026-08-11 12:08:51,64.0,64.30000305175781,65.0,63.900001525878906,63183
6691,2026-08-11 12:08:51,735.0,741.0,742.0,730.0,191299
6695,2026-08-11 12:08:51,49.20000076293945,49.099998474121094,49.599998474121094,48.70000076293945,160006
6698,2026-08-11 12:08:51,32.70000076293945,34.04999923706055,34.04999923706055,32.400001525878906,120444
6706,2026-08-11 12:08:51,118.0,112.5,124.0,112.5,1822483
6715,2026-08-11 12:08:51,361.0,363.0,377.0,355.0,252211
6719,2026-08-11 12:08:51,206.5,206.0,210.5,203.0,551164
6722,2026-08-11 12:08:51,33.20000076293945,32.95000076293945,33.400001525878906,32.95000076293945,17122
6742,2026-08-11 12:08:51,43.0,43.25,44.0,42.849998474121094,156848
6743,2026-08-11 12:08:51,27.399999618530273,27.100000381469727,27.899999618530273,27.0,517072
6753,2026-08-11 12:08:51,138.0,144.5,144.5,137.0,1001168
6754,2026-08-11 12:08:51,42.599998474121094,42.599998474121094,42.599998474121094,42.54999923706055,7005
6756,2026-08-11 12:08:51,98.69999694824219,100.5,100.5,98.5,62169
6757,2026-08-11 12:08:51,55.79999923706055,55.900001525878906,55.900001525878906,55.099998474121094,554667
6768,2026-08-11 12:08:51,67.5,67.0,67.5999984741211,66.5999984741211,153720
6770,2026-08-11 12:08:51,66.80000305175781,66.4000015258789,67.5,65.30000305175781,77738321
6776,2026-08-11 12:08:51,53.5,53.70000076293945,54.5,53.5,105425
6781,2026-08-11 12:08:51,1190.0,1210.0,1230.0,1175.0,1107808
6782,2026-08-11 12:08:51,212.0,215.0,215.0,210.0,153936
6789,2026-08-11 12:08:51,438.5,437.0,444.5,430.5,612437
6790,2026-08-11 12:08:51,38.25,38.349998474121094,38.349998474121094,38.150001525878906,39366
6792,2026-08-11 12:08:51,58.5,58.29999923706055,59.400001525878906,57.79999923706055,24000
6794,2026-08-11 12:08:51,74.0,75.0,75.0,73.9000015258789,5000
6796,2026-08-11 12:08:51,60.29999923706055,62.599998474121094,62.79999923706055,60.099998474121094,87558
6799,2026-08-11 12:08:51,85.5,87.0,87.4000015258789,84.5999984741211,219247
6805,2026-08-11 12:08:51,1820.0,1725.0,1840.0,1725.0,2499648
6830,2026-08-11 12:08:51,408.5,417.5,424.5,403.0,995141
6831,2026-08-11 12:08:51,622.0,630.0,630.0,610.0,238427
6834,2026-08-11 12:08:51,106.0,96.5999984741211,106.0,96.4000015258789,9688926
6835,2026-08-11 12:08:51,31.0,31.200000762939453,31.200000762939453,30.899999618530273,3005
6838,2026-08-11 12:08:51,23.149999618530273,23.25,23.299999237060547,23.049999237060547,13000
6861,2026-08-11 12:08:51,214.0,219.5,221.5,210.5,290899
6862,2026-08-11 12:08:51,149.5,145.0,154.5,145.0,175099
6863,2026-08-11 12:08:51,123.5,134.5,134.5,121.0,460657
6869,2026-08-11 12:08:51,67.4000015258789,70.19999694824219,70.19999694824219,66.69999694824219,240633
6873,2026-08-11 12:08:51,74.5999984741211,77.5999984741211,77.5999984741211,72.80000305175781,751481
6885,2026-08-11 12:08:51,20.350000381469727,20.649999618530273,20.649999618530273,20.299999237060547,152334
6887,2026-08-11 12:08:51,35.849998474121094,36.04999923706055,36.04999923706055,35.849998474121094,5000
6890,2026-08-11 12:08:51,174.5,174.5,177.0,172.5,53585
6901,2026-08-11 12:08:51,16.649999618530273,16.25,16.75,16.0,3307280
6902,2026-08-11 12:08:51,127.0,129.5,132.0,126.0,73645
6906,2026-08-11 12:08:51,71.9000015258789,72.30000305175781,73.0999984741211,70.9000015258789,23171
6909,2026-08-11 12:08:51,40.70000076293945,41.150001525878906,41.25,40.150001525878906,138039
6914,2026-08-11 12:08:51,148.0,147.0,148.0,147.0,28510
6916,2026-08-11 12:08:51,18.5,19.0,19.0,18.5,5000
6918,2026-08-11 12:08:51,73.9000015258789,72.80000305175781,75.0999984741211,72.80000305175781,31090
6919,2026-08-11 12:08:51,109.0,110.0,112.5,109.0,2017824
6923,2026-08-11 12:08:51,74.80000305175781,76.5,76.69999694824219,74.69999694824219,41125
6928,2026-08-11 12:08:51,47.70000076293945,49.0,49.0,47.54999923706055,49747
6931,2026-08-11 12:08:51,39.20000076293945,38.400001525878906,40.0,38.400001525878906,60073
6933,2026-08-11 12:08:51,184.5,186.0,194.5,182.0,1066125
6934,2026-08-11 12:08:51,70.5999984741211,71.9000015258789,73.0,70.5999984741211,26042
6936,2026-08-11 12:08:51,31.950000762939453,32.0,32.0,31.950000762939453,13001
6944,2026-08-11 12:08:51,746.0,750.0,750.0,740.0,138461
6937,2026-08-11 12:08:51,288.0,271.5,293.0,270.0,902599
6947,2026-08-11 12:08:51,76.0,79.5999984741211,79.5999984741211,76.0,296746
6952,2026-08-11 12:08:51,39.54999923706055,40.0,40.0,39.45000076293945,19544
6958,2026-08-11 12:08:51,17.450000762939453,17.5,17.600000381469727,17.450000762939453,28708
6957,2026-08-11 12:08:51,213.0,217.0,217.0,212.0,40523
6962,2026-08-11 12:08:51,33.95000076293945,33.54999923706055,34.5,33.54999923706055,1971640
6965,2026-08-11 12:08:51,75.0,75.5999984741211,76.0,75.0,24115
6994,2026-08-11 12:08:51,36.400001525878906,36.5,36.79999923706055,35.29999923706055,574631
7705,2026-08-11 12:08:51,30.600000381469727,31.0,31.0,30.600000381469727,3156
7711,2026-08-11 12:08:51,414.0,445.5,445.5,407.0,1524494
7721,2026-08-11 12:08:51,63.0,62.900001525878906,63.099998474121094,62.20000076293945,17000
7722,2026-08-11 12:08:51,290.5,292.0,292.0,288.0,24966
7732,2026-08-11 12:08:51,35.20000076293945,35.20000076293945,35.849998474121094,35.099998474121094,35000
7736,2026-08-11 12:08:51,70.0,70.0,70.0,69.5,3000
7749,2026-08-11 12:08:51,362.0,350.0,363.0,350.0,56186
7750,2026-08-11 12:08:51,2390.0,2525.0,2540.0,2360.0,224650
7760,2026-08-11 12:08:51,33.0,33.29999923706055,33.400001525878906,32.20000076293945,151001
7765,2026-08-11 12:08:51,226.0,228.0,228.5,224.0,21632
7768,2026-08-11 12:08:51,253.0,261.5,261.5,250.5,43128
7769,2026-08-11 12:08:51,6325.0,6160.0,6375.0,6160.0,224083
7780,2026-08-11 12:08:51,16.75,16.75,17.0,16.700000762939453,331672
7786,2026-08-11 12:08:51,130.5,132.0,132.5,128.0,147131
7788,2026-08-11 12:08:51,240.5,247.5,251.5,235.0,1264260
7791,2026-08-11 12:08:51,59.400001525878906,59.29999923706055,59.5,59.29999923706055,7209
7795,2026-08-11 12:08:51,454.0,467.0,477.0,440.0,1217190
7799,2026-08-11 12:08:51,358.0,355.5,360.0,347.0,152139
7818,2026-08-11 12:08:51,62.900001525878906,63.0,63.0,62.400001525878906,40371
7821,2026-08-11 12:08:51,40.25,40.29999923706055,40.45000076293945,39.0,190160
7822,2026-08-11 12:08:51,863.0,873.0,873.0,850.0,46412
8011,2026-08-11 12:08:51,16.149999618530273,16.5,16.649999618530273,15.949999809265137,465948
8016,2026-08-11 12:08:51,308.0,309.0,312.5,306.5,410117
8021,2026-08-11 12:08:51,434.0,424.5,435.0,414.0,783653
8028,2026-08-11 12:08:51,258.5,262.0,268.0,257.0,1728366
8033,2026-08-11 12:08:51,165.5,170.0,170.0,162.5,2856774
8039,2026-08-11 12:08:51,217.0,226.0,229.0,216.0,9282093
8045,2026-08-11 12:08:51,52.900001525878906,54.400001525878906,54.400001525878906,51.0,639084
8046,2026-08-11 12:08:51,1150.0,1115.0,1160.0,1100.0,1541923
8070,2026-08-11 12:08:51,48.75,48.5,49.29999923706055,48.20000076293945,1161285
8072,2026-08-11 12:08:51,25.899999618530273,26.25,26.25,25.899999618530273,37237
8081,2026-08-11 12:08:51,270.0,267.0,277.0,264.5,1397271
8101,2026-08-11 12:08:51,11.600000381469727,11.75,11.75,11.25,15000
8103,2026-08-11 12:08:51,80.69999694824219,80.30000305175781,82.4000015258789,80.0999984741211,463829
8104,2026-08-11 12:08:51,31.799999237060547,31.649999618530273,31.899999618530273,31.399999618530273,158627
8105,2026-08-11 12:08:51,17.049999237060547,16.700000762939453,17.399999618530273,16.700000762939453,1980331
8110,2026-08-11 12:08:51,46.099998474121094,46.04999923706055,46.400001525878906,45.099998474121094,2448270
8112,2026-08-11 12:08:51,100.0,95.0,100.5,94.69999694824219,54057452
8114,2026-08-11 12:08:51,215.0,221.5,221.5,211.5,925294
8131,2026-08-11 12:08:51,63.29999923706055,63.79999923706055,64.19999694824219,62.0,1627633
8150,2026-08-11 12:08:51,95.30000305175781,93.0999984741211,99.0,91.0,66050969
8163,2026-08-11 12:08:51,31.700000762939453,31.5,32.25,31.25,503081
8201,2026-08-11 12:08:51,11.800000190734863,11.899999618530273,11.949999809265137,11.699999809265137,13886
8210,2026-08-11 12:08:51,1015.0,1045.0,1050.0,1000.0,1574699
8213,2026-08-11 12:08:51,32.400001525878906,31.350000381469727,33.0,31.350000381469727,1062689
8215,2026-08-11 12:08:51,24.899999618530273,25.5,25.5,24.700000762939453,273217
8222,2026-08-11 12:08:51,37.849998474121094,38.0,38.150001525878906,37.5,233730
8249,2026-08-11 12:08:51,42.29999923706055,42.54999923706055,42.599998474121094,41.79999923706055,101618
8261,2026-08-11 12:08:51,184.5,178.0,191.5,176.5,6240304
8271,2026-08-11 12:08:51,232.0,232.5,233.5,229.0,2513248
8341,2026-08-11 12:08:51,76.9000015258789,77.19999694824219,77.30000305175781,76.69999694824219,98425
8367,2026-08-11 12:08:51,40.5,40.45000076293945,40.5,40.0,16008
8374,2026-08-11 12:08:51,84.0,88.0999984741211,88.0999984741211,83.0,541351
8404,2026-08-11 12:08:51,16.200000762939453,16.299999237060547,16.450000762939453,16.100000381469727,105181
8411,2026-08-11 12:08:51,12.899999618530273,13.100000381469727,13.100000381469727,12.850000381469727,92951
8422,2026-08-11 12:08:51,26.75,26.799999237060547,26.950000762939453,26.549999237060547,2390714
8429,2026-08-11 12:08:51,6.039999961853027,6.03000020980835,6.079999923706055,6.019999980926514,73006
8438,2026-08-11 12:08:51,67.30000305175781,67.0999984741211,68.0,65.9000015258789,176190
8442,2026-08-11 12:08:51,44.04999923706055,44.0,44.04999923706055,43.25,26054
8443,2026-08-11 12:08:51,11.350000381469727,11.300000190734863,11.350000381469727,11.100000381469727,37031
8454,2026-08-11 12:08:51,270.0,272.0,275.5,266.5,441731
8462,2026-08-11 12:08:51,169.0,170.0,171.0,166.5,87351
8463,2026-08-11 12:08:51,20.75,20.799999237060547,20.850000381469727,20.75,22020
8464,2026-08-11 12:08:51,395.0,381.5,396.5,377.5,564431
8466,2026-08-11 12:08:51,16.700000762939453,16.450000762939453,16.700000762939453,16.399999618530273,7000
8467,2026-08-11 12:08:51,109.5,116.0,116.0,109.0,25072
8473,2026-08-11 12:08:51,41.95000076293945,42.29999923706055,42.5,41.45000076293945,205027
8476,2026-08-11 12:08:51,19.950000762939453,20.100000381469727,20.200000762939453,19.549999237060547,372465
8478,2026-08-11 12:08:51,146.5,148.0,148.5,145.5,61127
8481,2026-08-11 12:08:51,40.79999923706055,40.45000076293945,40.79999923706055,40.349998474121094,7000
8482,2026-08-11 12:08:51,50.099998474121094,50.099998474121094,50.099998474121094,50.099998474121094,0
8488,2026-08-11 12:08:51,10.149999618530273,10.25,10.600000381469727,10.050000190734863,288000
8499,2026-08-11 12:08:51,269.5,262.0,270.5,259.5,38550
8926,2026-08-11 12:08:51,55.5,56.0,56.20000076293945,54.70000076293945,5776430
8940,2026-08-11 12:08:51,15.350000381469727,15.350000381469727,15.399999618530273,15.25,16476
8996,2026-08-11 12:08:51,1075.0,1060.0,1080.0,1045.0,725147
9802,2026-08-11 12:08:51,74.19999694824219,72.30000305175781,74.80000305175781,72.30000305175781,1321123
9902,2026-08-11 12:08:51,13.800000190734863,13.800000190734863,13.850000381469727,13.75,60233
9904,2026-08-11 12:08:51,24.049999237060547,24.100000381469727,24.200000762939453,24.0,6110247
9905,2026-08-11 12:08:51,21.450000762939453,21.649999618530273,21.649999618530273,21.299999237060547,121539
9906,2026-08-11 12:08:51,40.400001525878906,40.20000076293945,40.5,39.599998474121094,26647
9907,2026-08-11 12:08:51,14.800000190734863,14.850000381469727,14.850000381469727,14.75,548463
9908,2026-08-11 12:08:51,29.0,29.049999237060547,29.049999237060547,29.0,51628
9910,2026-08-11 12:08:51,71.0,69.5999984741211,71.30000305175781,69.5999984741211,1114451
9911,2026-08-11 12:08:51,82.4000015258789,82.80000305175781,83.0,82.0999984741211,84325
9912,2026-08-11 12:08:51,12.399999618530273,12.449999809265137,12.449999809265137,12.399999618530273,1101
9914,2026-08-11 12:08:51,91.0999984741211,84.5999984741211,91.9000015258789,83.5,8325898
9917,2026-08-11 12:08:51,107.5,107.5,108.0,107.5,111971
9918,2026-08-11 12:08:51,42.650001525878906,42.400001525878906,42.650001525878906,42.400001525878906,1000
9919,2026-08-11 12:08:51,13.899999618530273,13.949999809265137,13.949999809265137,13.850000381469727,81144
9921,2026-08-11 12:08:51,111.5,99.9000015258789,111.5,99.80000305175781,9034347
9924,2026-08-11 12:08:51,38.29999923706055,38.5,38.5,38.25,121674
9925,2026-08-11 12:08:51,40.20000076293945,40.29999923706055,40.29999923706055,40.099998474121094,301160
9926,2026-08-11 12:08:51,49.0,49.0,49.0,49.0,6071
9927,2026-08-11 12:08:51,68.80000305175781,69.5,69.5999984741211,68.80000305175781,70658
9928,2026-08-11 12:08:51,18.100000381469727,18.149999618530273,18.25,18.100000381469727,10000
9930,2026-08-11 12:08:51,62.400001525878906,62.400001525878906,62.599998474121094,62.20000076293945,41128
9931,2026-08-11 12:08:51,33.79999923706055,33.79999923706055,33.79999923706055,33.599998474121094,6154
9933,2026-08-11 12:08:51,38.349998474121094,37.849998474121094,38.650001525878906,37.849998474121094,899586
9934,2026-08-11 12:08:51,11.300000190734863,11.850000381469727,12.050000190734863,11.100000381469727,5732258
9935,2026-08-11 12:08:51,20.100000381469727,20.700000762939453,20.700000762939453,19.950000762939453,497180
9937,2026-08-11 12:08:51,55.099998474121094,55.099998474121094,55.099998474121094,54.70000076293945,1000
9938,2026-08-11 12:08:51,42.04999923706055,42.0,42.25,41.900001525878906,482868
9939,2026-08-11 12:08:51,133.5,140.0,140.0,133.5,2726023
9941,2026-08-11 12:08:51,85.0,84.80000305175781,86.0,84.80000305175781,649274
9940,2026-08-11 12:08:51,21.049999237060547,21.25,21.350000381469727,20.899999618530273,296871
9942,2026-08-11 12:08:51,117.5,118.0,119.0,117.0,98603
9943,2026-08-11 12:08:51,51.70000076293945,51.599998474121094,51.79999923706055,51.400001525878906,33341
9945,2026-08-11 12:08:51,26.850000381469727,27.0,27.149999618530273,26.75,3450384
9946,2026-08-11 12:08:51,18.100000381469727,18.149999618530273,18.200000762939453,18.049999237060547,59201
9944,2026-08-11 12:08:51,17.399999618530273,17.350000381469727,17.600000381469727,17.25,18055
9955,2026-08-11 12:08:51,24.899999618530273,24.850000381469727,25.399999618530273,24.649999618530273,281080
9958,2026-08-11 12:08:51,112.5,115.5,116.0,112.0,1218443
2258,2026-08-11 12:08:51,30.549999237060547,30.200000762939453,31.0,30.200000762939453,318907
2432,2026-08-11 12:08:51,28.100000381469727,28.399999618530273,28.5,28.100000381469727,16000
3150,2026-08-11 12:08:51,17.299999237060547,17.549999237060547,17.549999237060547,17.200000762939453,21000
4195,2026-08-11 12:08:51,15.0,15.100000381469727,15.100000381469727,14.850000381469727,32307
4582,2026-08-11 12:08:51,26.200000762939453,27.5,27.899999618530273,26.200000762939453,442550
4590,2026-08-11 12:08:51,88.80000305175781,84.5,89.9000015258789,84.5,859764
6771,2026-08-11 12:08:51,38.5,38.0,39.04999923706055,38.0,21100
6534,2026-08-11 12:08:51,94.4000015258789,93.69999694824219,94.5,93.4000015258789,37032
6854,2026-08-11 12:08:51,93.0,94.30000305175781,94.30000305175781,92.0,54469
6908,2026-08-11 12:08:51,31.799999237060547,32.900001525878906,32.900001525878906,31.649999618530273,10058
6921,2026-08-11 12:08:51,63.099998474121094,65.19999694824219,65.19999694824219,62.900001525878906,17000
6924,2026-08-11 12:08:51,118.0,119.0,119.0,113.5,19200
6949,2026-08-11 12:08:51,1005.0,955.0,1025.0,949.0,230862
6951,2026-08-11 12:08:51,71.4000015258789,71.4000015258789,71.5,71.4000015258789,2001
6969,2026-08-11 12:08:51,33.5,34.0,34.0,32.5,120700
6988,2026-08-11 12:08:51,12.449999809265137,12.550000190734863,12.550000190734863,12.449999809265137,11000
7610,2026-08-11 12:08:51,1835.0,1890.0,1940.0,1820.0,71541
7631,2026-08-11 12:08:51,135.5,138.5,139.5,134.0,40765
7730,2026-08-11 12:08:51,164.0,160.0,166.0,159.0,50221
7740,2026-08-11 12:08:51,159.5,166.0,166.0,159.5,640882
7803,2026-08-11 12:08:51,19.899999618530273,19.700000762939453,19.899999618530273,19.5,7000
7823,2026-08-11 12:08:51,85.30000305175781,85.19999694824219,85.30000305175781,85.19999694824219,1204
7827,2026-08-11 12:08:51,160.5,159.0,162.5,158.5,122013
7835,2026-08-11 12:08:51,25.5,25.549999237060547,25.549999237060547,25.299999237060547,4012
8162,2026-08-11 12:08:51,56.0,55.099998474121094,57.0,54.70000076293945,131607
8487,2026-08-11 12:08:51,72.0,72.30000305175781,72.4000015258789,72.0,22172
0050,2026-08-11 12:08:51,104.5999984741211,104.05000305175781,104.6500015258789,103.4000015258789,39643057
0051,2026-08-11 12:08:51,143.0,143.5500030517578,143.5500030517578,141.6999969482422,14092
0052,2026-08-11 12:08:51,61.099998474121094,60.599998474121094,61.20000076293945,60.20000076293945,8160348
0053,2026-08-11 12:08:51,237.10000610351562,235.0,237.10000610351562,235.0,55222
0055,2026-08-11 12:08:51,43.709999084472656,44.04999923706055,44.20000076293945,43.630001068115234,148780
0056,2026-08-11 12:08:51,52.25,52.400001525878906,52.400001525878906,51.79999923706055,18841126
0057,2026-08-11 12:08:51,312.6000061035156,311.1499938964844,312.79998779296875,311.1499938964844,12352
0061,2026-08-11 12:08:51,25.15999984741211,25.040000915527344,25.15999984741211,25.040000915527344,19854
9103,2026-08-11 12:08:51,5.21999979019165,5.28000020980835,5.300000190734863,5.199999809265137,393922
9105,2026-08-11 12:08:51,8.3100004196167,8.550000190734863,8.579999923706055,8.279999732971191,10808596
9110,2026-08-11 12:08:51,3.140000104904175,2.9000000953674316,3.140000104904175,2.9000000953674316,10000
9136,2026-08-11 12:08:51,11.5,11.5,11.75,11.350000381469727,112150
1240,2026-08-11 12:08:51,56.0,56.099998474121094,56.5,56.0,13047
1259,2026-08-11 12:08:51,61.0,60.79999923706055,61.0,60.70000076293945,12072
1264,2026-08-11 12:08:51,257.5,258.0,258.0,257.0,2221
1268,2026-08-11 12:08:51,182.5,184.0,184.0,182.5,12951
1294,2026-08-11 12:08:51,58.5,60.099998474121094,60.099998474121094,58.5,5375
1295,2026-08-11 12:08:51,46.900001525878906,47.599998474121094,47.599998474121094,46.900001525878906,18060
1336,2026-08-11 12:08:51,16.200000762939453,16.200000762939453,16.200000762939453,16.200000762939453,114382
1565,2026-08-11 12:08:51,94.0999984741211,94.4000015258789,94.4000015258789,94.0,28417
1569,2026-08-11 12:08:51,41.29999923706055,42.04999923706055,42.45000076293945,40.849998474121094,226840
1570,2026-08-11 12:08:51,33.45000076293945,33.79999923706055,34.04999923706055,33.400001525878906,17001
1580,2026-08-11 12:08:51,113.0,113.5,115.5,113.0,122204
1584,2026-08-11 12:08:51,17.75,18.0,18.0,17.649999618530273,144305
1586,2026-08-11 12:08:51,18.200000762939453,18.299999237060547,18.299999237060547,18.149999618530273,242376
1591,2026-08-11 12:08:51,36.599998474121094,36.349998474121094,37.95000076293945,34.79999923706055,120376
1593,2026-08-11 12:08:51,31.5,31.350000381469727,31.600000381469727,31.350000381469727,13000
1595,2026-08-11 12:08:51,63.79999923706055,65.30000305175781,66.80000305175781,63.099998474121094,365400
1599,2026-08-11 12:08:51,23.75,23.799999237060547,23.899999618530273,23.600000381469727,8672
1742,2026-08-11 12:08:51,17.25,17.850000381469727,17.850000381469727,17.149999618530273,54001
1777,2026-08-11 12:08:51,74.69999694824219,74.5,74.69999694824219,74.4000015258789,6000
1780,2026-08-11 12:08:51,22.5,23.350000381469727,23.350000381469727,22.350000381469727,32095
1781,2026-08-11 12:08:51,11.0,11.300000190734863,11.300000190734863,11.0,0
1784,2026-08-11 12:08:51,60.900001525878906,62.900001525878906,62.900001525878906,60.900001525878906,34764
1785,2026-08-11 12:08:51,107.0,107.0,107.0,107.0,3221477
1788,2026-08-11 12:08:51,130.5,130.0,130.5,129.5,8591
1796,2026-08-11 12:08:51,30.899999618530273,30.850000381469727,31.0,30.700000762939453,12000
1799,2026-08-11 12:08:51,30.850000381469727,31.649999618530273,31.649999618530273,30.5,125113
1813,2026-08-11 12:08:51,11.449999809265137,11.449999809265137,11.449999809265137,11.449999809265137,0
1815,2026-08-11 12:08:51,88.0,88.9000015258789,88.9000015258789,87.19999694824219,2793395
2035,2026-08-11 12:08:51,26.799999237060547,26.049999237060547,26.899999618530273,26.049999237060547,18385
2061,2026-08-11 12:08:51,63.20000076293945,58.599998474121094,65.30000305175781,57.5,3294905
2063,2026-08-11 12:08:51,24.5,24.600000381469727,24.600000381469727,24.200000762939453,21010
2064,2026-08-11 12:08:51,12.25,11.899999618530273,12.550000190734863,11.899999618530273,27000
2065,2026-08-11 12:08:51,37.45000076293945,35.349998474121094,37.95000076293945,34.79999923706055,285791
2066,2026-08-11 12:08:51,61.79999923706055,64.4000015258789,64.4000015258789,60.599998474121094,60988
2067,2026-08-11 12:08:51,6.300000190734863,6.230000019073486,6.300000190734863,6.230000019073486,1000
2070,2026-08-11 12:08:51,58.900001525878906,59.900001525878906,61.599998474121094,58.599998474121094,184147
2221,2026-08-11 12:08:51,47.20000076293945,48.20000076293945,48.79999923706055,46.5,214809
2230,2026-08-11 12:08:51,27.0,27.100000381469727,27.399999618530273,25.649999618530273,171135
2235,2026-08-11 12:08:51,27.549999237060547,27.549999237060547,27.549999237060547,27.549999237060547,1169
2596,2026-08-11 12:08:51,32.0,32.0,32.099998474121094,31.600000381469727,38646
2640,2026-08-11 12:08:51,150.0,147.0,151.5,147.0,28270
2641,2026-08-11 12:08:51,17.350000381469727,17.5,17.5,17.25,342596
2643,2026-08-11 12:08:51,63.900001525878906,62.5,63.900001525878906,62.5,1000
2718,2026-08-11 12:08:51,44.0,44.599998474121094,44.599998474121094,44.0,13220
2719,2026-08-11 12:08:51,21.0,21.399999618530273,21.399999618530273,20.850000381469727,24405
2726,2026-08-11 12:08:51,8.699999809265137,8.850000381469727,8.880000114440918,8.699999809265137,8020
2729,2026-08-11 12:08:51,160.0,160.0,160.0,160.0,0
2734,2026-08-11 12:08:51,15.100000381469727,15.199999809265137,15.199999809265137,15.050000190734863,13602
2732,2026-08-11 12:08:51,64.0,64.4000015258789,64.69999694824219,64.0,7157
2736,2026-08-11 12:08:51,11.449999809265137,11.449999809265137,11.5,11.449999809265137,15020
2740,2026-08-11 12:08:51,30.850000381469727,30.850000381469727,30.850000381469727,30.850000381469727,0
2743,2026-08-11 12:08:51,56.20000076293945,57.70000076293945,57.70000076293945,56.20000076293945,22606
2745,2026-08-11 12:08:51,88.5,89.80000305175781,89.9000015258789,88.19999694824219,112946
2751,2026-08-11 12:08:51,54.0,53.099998474121094,54.0,53.099998474121094,1000
2755,2026-08-11 12:08:51,102.5,104.0,104.0,102.0,37469
2754,2026-08-11 12:08:51,71.5999984741211,73.0,73.0,71.5,80755
2756,2026-08-11 12:08:51,56.099998474121094,56.5,56.5,56.099998474121094,6015
2916,2026-08-11 12:08:51,41.0,41.0,41.099998474121094,40.900001525878906,30000
2924,2026-08-11 12:08:51,17.350000381469727,17.350000381469727,17.350000381469727,17.350000381469727,0
2926,2026-08-11 12:08:51,30.100000381469727,30.200000762939453,30.5,30.100000381469727,14000
2937,2026-08-11 12:08:51,45.45000076293945,45.45000076293945,45.45000076293945,45.45000076293945,1308
2947,2026-08-11 12:08:51,62.79999923706055,65.0,65.0,62.70000076293945,9531
2948,2026-08-11 12:08:51,37.20000076293945,34.650001525878906,37.20000076293945,34.650001525878906,5002
2949,2026-08-11 12:08:51,66.0,63.5,66.0,63.5,1000
3066,2026-08-11 12:08:51,21.850000381469727,22.549999237060547,22.549999237060547,21.700000762939453,367717
3067,2026-08-11 12:08:51,17.950000762939453,17.950000762939453,17.950000762939453,17.950000762939453,0
3071,2026-08-11 12:08:51,25.0,25.850000381469727,25.850000381469727,24.799999237060547,305236
3073,2026-08-11 12:08:51,23.600000381469727,22.850000381469727,24.299999237060547,22.600000381469727,210372
3078,2026-08-11 12:08:51,53.900001525878906,54.70000076293945,54.70000076293945,53.599998474121094,300192
3081,2026-08-11 12:08:51,2470.0,2420.0,2485.0,2415.0,798427
3083,2026-08-11 12:08:51,24.5,25.25,25.25,24.350000381469727,117256
3085,2026-08-11 12:08:51,12.25,12.25,12.25,12.25,0
3086,2026-08-11 12:08:51,26.649999618530273,27.200000762939453,27.399999618530273,26.649999618530273,70309
3088,2026-08-11 12:08:51,140.5,145.5,146.0,138.0,1504700
3093,2026-08-11 12:08:51,48.5,48.650001525878906,49.95000076293945,47.900001525878906,268264
3105,2026-08-11 12:08:51,369.5,377.5,382.5,361.5,12681397
3114,2026-08-11 12:08:51,36.70000076293945,37.5,38.04999923706055,36.5,330112
3115,2026-08-11 12:08:51,9.0,9.0,9.0,9.0,0
3118,2026-08-11 12:08:51,32.099998474121094,32.099998474121094,32.099998474121094,32.099998474121094,2045
3122,2026-08-11 12:08:51,26.0,25.549999237060547,26.0,25.549999237060547,98060
3131,2026-08-11 12:08:51,2405.0,2470.0,2470.0,2365.0,417473
3128,2026-08-11 12:08:51,21.950000762939453,22.25,22.25,21.5,108215
3141,2026-08-11 12:08:51,77.9000015258789,80.0,80.30000305175781,77.80000305175781,483519
3147,2026-08-11 12:08:51,226.0,232.0,232.0,225.5,276483
3152,2026-08-11 12:08:51,220.5,218.5,225.0,218.5,47775
3158,2026-08-11 12:08:51,83.5,83.5999984741211,83.5999984741211,83.5,1000
3162,2026-08-11 12:08:51,64.69999694824219,64.5999984741211,65.0999984741211,63.599998474121094,216053
3163,2026-08-11 12:08:51,685.0,690.0,723.0,673.0,3814137
3169,2026-08-11 12:08:51,101.5,103.0,103.0,100.0,77021
3171,2026-08-11 12:08:51,63.5,62.900001525878906,63.70000076293945,62.900001525878906,5010
3176,2026-08-11 12:08:51,33.150001525878906,33.900001525878906,34.04999923706055,33.150001525878906,297367
3178,2026-08-11 12:08:51,57.79999923706055,58.0,58.099998474121094,56.900001525878906,20882
3188,2026-08-11 12:08:51,22.950000762939453,23.100000381469727,23.100000381469727,22.799999237060547,72646
3191,2026-08-11 12:08:51,18.600000381469727,18.600000381469727,19.450000762939453,18.600000381469727,30567
3205,2026-08-11 12:08:51,49.79999923706055,49.099998474121094,50.5,49.099998474121094,19127
3206,2026-08-11 12:08:51,34.5,34.54999923706055,34.54999923706055,34.0,30145
3207,2026-08-11 12:08:51,43.400001525878906,42.400001525878906,43.400001525878906,42.20000076293945,108994
3211,2026-08-11 12:08:51,396.0,368.0,405.0,362.0,16600331
3213,2026-08-11 12:08:51,136.0,140.0,140.0,134.0,382864
3217,2026-08-11 12:08:51,148.0,149.0,149.5,147.5,188439
3218,2026-08-11 12:08:51,144.5,146.0,147.0,144.0,104025
3219,2026-08-11 12:08:51,72.80000305175781,70.5999984741211,73.0999984741211,70.5999984741211,219248
3221,2026-08-11 12:08:51,48.650001525878906,48.5,50.20000076293945,48.0,1815494
3224,2026-08-11 12:08:51,37.29999923706055,37.54999923706055,37.54999923706055,37.20000076293945,5000
3227,2026-08-11 12:08:51,207.0,208.0,210.5,205.5,430283
3226,2026-08-11 12:08:51,50.79999923706055,51.29999923706055,51.5,50.0,9001
3228,2026-08-11 12:08:51,145.0,144.5,145.0,141.5,71088
3230,2026-08-11 12:08:51,40.900001525878906,40.79999923706055,41.45000076293945,40.0,283145
3232,2026-08-11 12:08:51,19.850000381469727,19.600000381469727,19.950000762939453,19.600000381469727,10001
3234,2026-08-11 12:08:51,121.0,120.0,124.5,114.0,2167102
3236,2026-08-11 12:08:51,46.25,42.95000076293945,46.79999923706055,42.599998474121094,5573420
3252,2026-08-11 12:08:51,16.149999618530273,16.0,16.450000762939453,16.0,67004
3260,2026-08-11 12:08:51,406.0,409.5,409.5,400.5,5431101
3264,2026-08-11 12:08:51,218.5,221.0,221.5,214.5,6431766
3265,2026-08-11 12:08:51,162.5,164.5,164.5,158.5,458287
3268,2026-08-11 12:08:51,20.0,20.25,20.25,19.649999618530273,36417
3272,2026-08-11 12:08:51,13.949999809265137,13.800000190734863,13.949999809265137,13.649999618530273,7000
3276,2026-08-11 12:08:51,14.949999809265137,14.899999618530273,15.25,14.899999618530273,302432
3284,2026-08-11 12:08:51,20.399999618530273,20.350000381469727,20.549999237060547,20.200000762939453,38516
3287,2026-08-11 12:08:51,31.200000762939453,30.899999618530273,31.200000762939453,30.649999618530273,55538
3285,2026-08-11 12:08:51,37.45000076293945,37.900001525878906,37.900001525878906,36.599998474121094,7401
3288,2026-08-11 12:08:51,22.549999237060547,22.649999618530273,22.649999618530273,22.049999237060547,17913
3289,2026-08-11 12:08:51,139.0,140.5,141.5,137.0,410718
3290,2026-08-11 12:08:51,54.599998474121094,54.5,55.29999923706055,53.70000076293945,311460
3293,2026-08-11 12:08:51,803.0,793.0,804.0,791.0,986176
3294,2026-08-11 12:08:51,31.399999618530273,31.5,31.799999237060547,30.649999618530273,232309
3297,2026-08-11 12:08:51,28.399999618530273,28.200000762939453,28.399999618530273,28.200000762939453,32808
3303,2026-08-11 12:08:51,54.900001525878906,57.0,57.0,54.29999923706055,683969
3306,2026-08-11 12:08:51,44.5,43.54999923706055,45.29999923706055,43.54999923706055,69025
3310,2026-08-11 12:08:51,71.19999694824219,70.0999984741211,73.19999694824219,69.69999694824219,61856
3313,2026-08-11 12:08:51,10.199999809265137,10.399999618530273,10.399999618530273,10.149999618530273,61882
3317,2026-08-11 12:08:51,69.9000015258789,69.0,71.0,68.80000305175781,396501
3323,2026-08-11 12:08:51,32.04999923706055,31.850000381469727,32.900001525878906,31.600000381469727,784867
3322,2026-08-11 12:08:51,11.399999618530273,11.5,11.5,11.25,87218
3324,2026-08-11 12:08:51,1040.0,1015.0,1045.0,1000.0,1427586
3325,2026-08-11 12:08:51,11.800000190734863,11.949999809265137,11.949999809265137,11.649999618530273,51075
3339,2026-08-11 12:08:51,38.04999923706055,39.0,39.25,37.900001525878906,519438
3349,2026-08-11 12:08:51,22.149999618530273,23.149999618530273,23.149999618530273,22.049999237060547,72098
3354,2026-08-11 12:08:51,20.75,21.100000381469727,21.100000381469727,20.350000381469727,37160
3357,2026-08-11 12:08:51,219.0,214.0,227.0,213.5,3074087
3360,2026-08-11 12:08:51,16.0,16.0,16.5,15.899999618530273,373674
3362,2026-08-11 12:08:51,175.0,178.5,178.5,171.0,374205
3363,2026-08-11 12:08:51,616.0,640.0,648.0,610.0,2812899
3372,2026-08-11 12:08:51,16.149999618530273,16.399999618530273,16.450000762939453,15.949999809265137,344457
3373,2026-08-11 12:08:51,16.399999618530273,16.399999618530273,16.450000762939453,16.350000381469727,38118
3374,2026-08-11 12:08:51,334.5,341.0,351.5,324.0,13932130
3379,2026-08-11 12:08:51,29.600000381469727,30.200000762939453,30.549999237060547,29.299999237060547,200176
3388,2026-08-11 12:08:51,73.0,73.0,73.69999694824219,72.5999984741211,158986
3390,2026-08-11 12:08:51,22.149999618530273,22.649999618530273,22.649999618530273,22.149999618530273,187253
3402,2026-08-11 12:08:51,127.0,128.0,128.5,126.0,285830
3430,2026-08-11 12:08:51,113.0,114.5,115.5,111.0,436068
3434,2026-08-11 12:08:51,29.75,31.0,31.049999237060547,29.5,132880
3438,2026-08-11 12:08:51,60.5,61.0,61.400001525878906,59.79999923706055,39962
3441,2026-08-11 12:08:51,79.5999984741211,79.19999694824219,82.0,78.80000305175781,3202205
3444,2026-08-11 12:08:51,77.80000305175781,74.0,78.19999694824219,73.19999694824219,403568
3455,2026-08-11 12:08:51,199.5,202.0,203.0,192.5,579487
3465,2026-08-11 12:08:51,29.700000762939453,29.899999618530273,29.899999618530273,29.350000381469727,8188
3466,2026-08-11 12:08:51,25.450000762939453,26.450000762939453,26.450000762939453,24.75,113919
3467,2026-08-11 12:08:51,45.5,45.099998474121094,45.54999923706055,44.5,22620
3479,2026-08-11 12:08:51,141.5,145.0,145.5,139.5,884528
3483,2026-08-11 12:08:51,73.5999984741211,74.0,74.0,72.0,144944
3485,2026-08-11 12:08:51,208.5,209.0,210.0,203.0,79079
3484,2026-08-11 12:08:51,50.20000076293945,50.400001525878906,50.400001525878906,50.0,144124
3489,2026-08-11 12:08:51,25.950000762939453,26.0,26.0,25.950000762939453,182299
3490,2026-08-11 12:08:51,32.0,30.75,32.20000076293945,30.75,2532521
3491,2026-08-11 12:08:51,1250.0,1230.0,1255.0,1215.0,560787
3492,2026-08-11 12:08:51,22.0,21.950000762939453,22.0,21.850000381469727,3000
3498,2026-08-11 12:08:51,124.5,130.0,131.0,121.5,1584208
3499,2026-08-11 12:08:51,13.0,13.050000190734863,13.050000190734863,13.0,2000
3508,2026-08-11 12:08:51,17.100000381469727,17.549999237060547,17.549999237060547,17.100000381469727,18123
3511,2026-08-11 12:08:51,20.350000381469727,20.049999237060547,21.25,20.0,420847
3512,2026-08-11 12:08:51,19.700000762939453,19.700000762939453,19.700000762939453,19.600000381469727,16318
3520,2026-08-11 12:08:51,18.600000381469727,19.25,19.299999237060547,18.549999237060547,358340
3521,2026-08-11 12:08:51,12.25,12.199999809265137,12.25,12.199999809265137,0
3522,2026-08-11 12:08:51,11.75,11.899999618530273,12.0,11.25,115013
3526,2026-08-11 12:08:51,287.0,289.0,290.5,284.5,174745
3527,2026-08-11 12:08:51,51.599998474121094,52.099998474121094,52.099998474121094,51.5,10321
3529,2026-08-11 12:08:51,2685.0,2795.0,2820.0,2660.0,511186
3531,2026-08-11 12:08:51,20.950000762939453,20.850000381469727,21.0,20.649999618530273,6000
3537,2026-08-11 12:08:51,57.0,51.599998474121094,57.0,51.400001525878906,1520908
3540,2026-08-11 12:08:51,20.600000381469727,20.950000762939453,20.950000762939453,20.350000381469727,77544
3541,2026-08-11 12:08:51,21.450000762939453,21.149999618530273,21.450000762939453,21.149999618530273,8053
3546,2026-08-11 12:08:51,73.69999694824219,75.0,75.0999984741211,73.5999984741211,169097
3548,2026-08-11 12:08:51,75.0,76.80000305175781,76.80000305175781,74.5,48061
3551,2026-08-11 12:08:51,177.5,179.0,179.5,175.5,137874
3552,2026-08-11 12:08:51,44.20000076293945,44.75,44.75,44.099998474121094,36103
3555,2026-08-11 12:08:51,161.5,165.0,166.0,160.5,21161
3556,2026-08-11 12:08:51,63.79999923706055,64.5,64.5,62.900001525878906,197335
3558,2026-08-11 12:08:51,129.5,134.0,134.0,128.0,46316
3564,2026-08-11 12:08:51,46.54999923706055,48.95000076293945,48.95000076293945,46.29999923706055,56122
3567,2026-08-11 12:08:51,26.399999618530273,26.5,26.5,26.399999618530273,3000
3570,2026-08-11 12:08:51,162.5,163.0,163.0,161.5,36104
3577,2026-08-11 12:08:51,129.5,132.0,132.5,125.0,549637
3580,2026-08-11 12:08:51,77.0,78.19999694824219,78.69999694824219,75.9000015258789,376563
3581,2026-08-11 12:08:51,115.5,112.0,118.5,112.0,212661
3587,2026-08-11 12:08:51,253.0,253.5,255.0,247.0,374401
3594,2026-08-11 12:08:51,57.0,61.5,61.5,56.400001525878906,1931491
3609,2026-08-11 12:08:51,23.899999618530273,24.350000381469727,24.549999237060547,23.899999618530273,602001
3611,2026-08-11 12:08:51,189.0,191.0,191.0,187.5,55954
3615,2026-08-11 12:08:51,35.79999923706055,36.400001525878906,36.849998474121094,35.04999923706055,343521
3623,2026-08-11 12:08:51,21.299999237060547,21.649999618530273,21.649999618530273,21.149999618530273,11605
3624,2026-08-11 12:08:51,86.5999984741211,82.19999694824219,89.4000015258789,80.30000305175781,9883817
3625,2026-08-11 12:08:51,17.049999237060547,16.75,17.350000381469727,16.75,202761
3628,2026-08-11 12:08:51,65.5,65.19999694824219,65.5,64.80000305175781,13092
3629,2026-08-11 12:08:51,13.199999809265137,13.199999809265137,13.199999809265137,13.199999809265137,0
3630,2026-08-11 12:08:51,25.649999618530273,26.200000762939453,26.200000762939453,25.549999237060547,279949
3631,2026-08-11 12:08:51,33.900001525878906,33.79999923706055,33.95000076293945,33.29999923706055,32016
3632,2026-08-11 12:08:51,8.0,8.0,8.0,8.0,10879
3646,2026-08-11 12:08:51,23.25,23.200000762939453,23.25,23.200000762939453,15360
3663,2026-08-11 12:08:51,63.70000076293945,65.4000015258789,65.4000015258789,62.5,212187
3664,2026-08-11 12:08:51,6.159999847412109,6.159999847412109,6.159999847412109,6.159999847412109,1000
3666,2026-08-11 12:08:51,25.100000381469727,25.049999237060547,25.100000381469727,24.799999237060547,14003
3672,2026-08-11 12:08:51,12.399999618530273,12.300000190734863,12.399999618530273,12.300000190734863,7000
3675,2026-08-11 12:08:51,276.0,278.0,284.5,271.0,427631
3680,2026-08-11 12:08:51,448.5,447.0,459.0,445.5,566456
3685,2026-08-11 12:08:51,38.650001525878906,38.349998474121094,38.900001525878906,38.25,285795
3687,2026-08-11 12:08:51,65.69999694824219,65.0999984741211,65.69999694824219,65.0999984741211,10372
3689,2026-08-11 12:08:51,109.5,108.5,110.0,108.5,486205
3691,2026-08-11 12:08:51,117.0,117.0,118.5,115.0,405117
3693,2026-08-11 12:08:51,495.0,493.0,500.0,481.5,473112
3707,2026-08-11 12:08:51,62.099998474121094,61.5,63.599998474121094,61.099998474121094,1929807
3709,2026-08-11 12:08:51,71.9000015258789,73.4000015258789,73.9000015258789,71.5999984741211,2083029
3710,2026-08-11 12:08:51,5.110000133514404,5.03000020980835,5.150000095367432,5.0,98354
3713,2026-08-11 12:08:51,14.600000381469727,15.100000381469727,15.100000381469727,14.600000381469727,18146
4102,2026-08-11 12:08:51,18.899999618530273,18.899999618530273,18.899999618530273,18.850000381469727,3232
4105,2026-08-11 12:08:51,77.69999694824219,77.30000305175781,78.19999694824219,77.0999984741211,380900
4107,2026-08-11 12:08:51,114.0,114.5,115.0,113.5,42288
4109,2026-08-11 12:08:51,11.300000190734863,11.300000190734863,11.350000381469727,11.199999809265137,21003
4111,2026-08-11 12:08:51,29.75,30.049999237060547,30.049999237060547,29.700000762939453,47810
4113,2026-08-11 12:08:51,14.600000381469727,15.149999618530273,15.149999618530273,14.350000381469727,184867
4114,2026-08-11 12:08:51,29.799999237060547,29.700000762939453,29.899999618530273,29.600000381469727,959571
4120,2026-08-11 12:08:51,48.75,49.349998474121094,49.349998474121094,48.70000076293945,7065
4121,2026-08-11 12:08:51,13.050000190734863,13.100000381469727,13.100000381469727,13.050000190734863,10053
4123,2026-08-11 12:08:51,39.0,39.349998474121094,39.349998474121094,38.900001525878906,911396
4126,2026-08-11 12:08:51,77.0999984741211,77.19999694824219,77.5999984741211,77.0,61010
4127,2026-08-11 12:08:51,90.30000305175781,90.0999984741211,92.0,84.9000015258789,241503
4128,2026-08-11 12:08:51,14.699999809265137,14.949999809265137,15.0,14.649999618530273,969380
4129,2026-08-11 12:08:51,86.0,86.0,86.0999984741211,86.0,2591
4131,2026-08-11 12:08:51,32.5,32.5,32.70000076293945,32.0,7000
4138,2026-08-11 12:08:51,51.400001525878906,51.400001525878906,51.400001525878906,51.29999923706055,4000
4139,2026-08-11 12:08:51,36.349998474121094,35.0,36.349998474121094,35.0,5051
4147,2026-08-11 12:08:51,64.0,60.20000076293945,64.5,60.20000076293945,1438396
4153,2026-08-11 12:08:51,32.79999923706055,32.5,32.79999923706055,32.5,3000
4154,2026-08-11 12:08:51,11.899999618530273,11.399999618530273,12.449999809265137,11.399999618530273,32000
4157,2026-08-11 12:08:51,9.079999923706055,8.800000190734863,9.229999542236328,8.800000190734863,1300613
4160,2026-08-11 12:08:51,39.650001525878906,39.79999923706055,39.79999923706055,39.650001525878906,3474
4161,2026-08-11 12:08:51,22.850000381469727,23.600000381469727,23.600000381469727,22.799999237060547,28000
4162,2026-08-11 12:08:51,63.5,64.0,64.0,63.20000076293945,378352
4163,2026-08-11 12:08:51,144.5,150.5,151.5,142.5,162336
4166,2026-08-11 12:08:51,24.399999618530273,24.399999618530273,24.600000381469727,24.25,116051
4167,2026-08-11 12:08:51,18.299999237060547,18.700000762939453,18.700000762939453,18.25,391025
4168,2026-08-11 12:08:51,23.0,22.799999237060547,23.0,22.700000762939453,60533
4171,2026-08-11 12:08:51,17.0,17.200000762939453,17.200000762939453,16.899999618530273,22602
4173,2026-08-11 12:08:51,17.600000381469727,17.600000381469727,17.600000381469727,17.600000381469727,6385
4174,2026-08-11 12:08:51,26.299999237060547,26.299999237060547,26.450000762939453,26.0,221716
4175,2026-08-11 12:08:51,50.0,50.099998474121094,50.099998474121094,50.0,1100
4188,2026-08-11 12:08:51,10.0,9.979999542236328,10.050000190734863,9.979999542236328,6002
4192,2026-08-11 12:08:51,19.0,19.0,19.0,19.0,0
4198,2026-08-11 12:08:51,41.95000076293945,40.0,41.95000076293945,40.0,0
4205,2026-08-11 12:08:51,70.0,70.0,70.0,70.0,1043
4207,2026-08-11 12:08:51,20.399999618530273,20.25,20.549999237060547,20.100000381469727,401877
4304,2026-08-11 12:08:51,16.0,16.399999618530273,16.399999618530273,16.0,9020
4303,2026-08-11 12:08:51,44.849998474121094,45.0,45.29999923706055,44.5,155546
4305,2026-08-11 12:08:51,43.45000076293945,43.79999923706055,45.0,43.45000076293945,6144
4401,2026-08-11 12:08:51,13.899999618530273,13.899999618530273,14.0,13.899999618530273,8018
4402,2026-08-11 12:08:51,16.200000762939453,15.899999618530273,16.200000762939453,15.699999809265137,5000
4406,2026-08-11 12:08:51,10.0,10.0,10.0,10.0,0
4413,2026-08-11 12:08:51,15.449999809265137,15.300000190734863,15.449999809265137,15.300000190734863,4320
4416,2026-08-11 12:08:51,10.399999618530273,10.5,10.550000190734863,10.399999618530273,125400
4417,2026-08-11 12:08:51,46.900001525878906,47.0,47.400001525878906,46.349998474121094,326809
4419,2026-08-11 12:08:51,46.599998474121094,46.150001525878906,46.599998474121094,46.0,7650
4420,2026-08-11 12:08:51,35.25,35.650001525878906,35.650001525878906,35.099998474121094,2198
4430,2026-08-11 12:08:51,17.299999237060547,17.200000762939453,17.799999237060547,17.200000762939453,0
4432,2026-08-11 12:08:51,16.0,16.149999618530273,16.149999618530273,16.0,7000
4433,2026-08-11 12:08:51,20.049999237060547,20.25,20.25,19.700000762939453,36306
4442,2026-08-11 12:08:51,52.29999923706055,52.20000076293945,53.599998474121094,51.70000076293945,111165
4502,2026-08-11 12:08:51,15.699999809265137,15.699999809265137,15.699999809265137,15.699999809265137,0
4503,2026-08-11 12:08:51,24.450000762939453,24.450000762939453,24.450000762939453,24.450000762939453,111133
4506,2026-08-11 12:08:51,122.0,122.0,122.5,122.0,12000
4510,2026-08-11 12:08:51,40.54999923706055,40.849998474121094,41.599998474121094,40.400001525878906,357420
4513,2026-08-11 12:08:51,17.100000381469727,17.200000762939453,17.299999237060547,16.649999618530273,665744
4523,2026-08-11 12:08:51,25.799999237060547,25.950000762939453,25.950000762939453,25.700000762939453,25206
4527,2026-08-11 12:08:51,40.599998474121094,40.599998474121094,40.599998474121094,40.599998474121094,5000
4529,2026-08-11 12:08:51,4.230000019073486,4.25,4.25,4.050000190734863,12000
4528,2026-08-11 12:08:51,15.199999809265137,15.199999809265137,15.350000381469727,15.199999809265137,6069
4533,2026-08-11 12:08:51,26.350000381469727,27.0,27.200000762939453,25.75,1272893
4535,2026-08-11 12:08:51,28.850000381469727,29.75,29.850000381469727,28.850000381469727,4011
4534,2026-08-11 12:08:51,34.20000076293945,34.45000076293945,34.54999923706055,32.599998474121094,920090
4538,2026-08-11 12:08:51,17.600000381469727,17.399999618530273,17.600000381469727,17.399999618530273,4000
4541,2026-08-11 12:08:51,65.4000015258789,66.0,67.30000305175781,64.4000015258789,2176859
4542,2026-08-11 12:08:51,275.0,283.5,291.5,263.5,860229
4543,2026-08-11 12:08:51,31.700000762939453,32.349998474121094,32.349998474121094,31.149999618530273,45117
4549,2026-08-11 12:08:51,92.19999694824219,90.69999694824219,92.30000305175781,90.5,31403
4550,2026-08-11 12:08:51,24.399999618530273,24.399999618530273,24.5,24.399999618530273,4000
4554,2026-08-11 12:08:51,30.75,31.0,31.0,30.700000762939453,28423
4556,2026-08-11 12:08:51,92.0999984741211,89.19999694824219,92.0999984741211,86.4000015258789,174136
4558,2026-08-11 12:08:51,18.700000762939453,18.5,18.899999618530273,18.450000762939453,15000
4561,2026-08-11 12:08:51,42.29999923706055,42.79999923706055,43.5,41.349998474121094,258461
4563,2026-08-11 12:08:51,40.099998474121094,39.5,40.79999923706055,39.0,101724
4568,2026-08-11 12:08:51,40.150001525878906,40.099998474121094,40.150001525878906,40.0,6000
4577,2026-08-11 12:08:51,76.0,78.0999984741211,78.0999984741211,73.9000015258789,251864
4580,2026-08-11 12:08:51,78.9000015258789,79.30000305175781,80.80000305175781,78.9000015258789,121824
4584,2026-08-11 12:08:51,40.0,40.0,40.0,40.0,1000
4609,2026-08-11 12:08:51,4.760000228881836,4.960000038146973,4.960000038146973,4.760000228881836,17000
4702,2026-08-11 12:08:51,9.729999542236328,9.8100004196167,9.8100004196167,9.600000381469727,22399
4706,2026-08-11 12:08:51,31.700000762939453,31.799999237060547,31.799999237060547,31.700000762939453,1199
4707,2026-08-11 12:08:51,29.649999618530273,31.299999237060547,31.899999618530273,28.799999237060547,6159844
4711,2026-08-11 12:08:51,16.399999618530273,16.5,16.899999618530273,16.350000381469727,114469
4714,2026-08-11 12:08:51,10.5,10.75,10.75,10.399999618530273,292439
4716,2026-08-11 12:08:51,18.600000381469727,17.5,19.0,17.200000762939453,1941562
4721,2026-08-11 12:08:51,73.69999694824219,74.0999984741211,75.19999694824219,72.5,292699
4726,2026-08-11 12:08:51,24.299999237060547,24.549999237060547,24.549999237060547,24.299999237060547,12814
4728,2026-08-11 12:08:51,385.0,385.0,385.0,385.0,0
4729,2026-08-11 12:08:51,20.0,19.799999237060547,20.450000762939453,19.799999237060547,40308
4735,2026-08-11 12:08:51,34.70000076293945,34.349998474121094,35.5,33.75,155303
4741,2026-08-11 12:08:51,43.20000076293945,45.0,45.0,42.349998474121094,101759
4743,2026-08-11 12:08:51,47.04999923706055,46.5,47.45000076293945,46.150001525878906,1441358
4744,2026-08-11 12:08:51,27.299999237060547,27.75,27.75,27.299999237060547,35012
4745,2026-08-11 12:08:51,12.0,12.0,12.100000381469727,11.699999809265137,33199
4749,2026-08-11 12:08:51,804.0,786.0,807.0,771.0,455981
4747,2026-08-11 12:08:51,58.0,53.29999923706055,58.0,52.20000076293945,50396
4754,2026-08-11 12:08:51,37.650001525878906,38.349998474121094,38.349998474121094,37.54999923706055,39517
4760,2026-08-11 12:08:51,255.5,245.0,256.0,245.0,315275
4767,2026-08-11 12:08:51,26.299999237060547,26.350000381469727,26.5,26.299999237060547,6000
4768,2026-08-11 12:08:51,313.5,317.0,318.0,305.5,140423
4772,2026-08-11 12:08:51,251.5,263.5,263.5,245.5,1152241
4806,2026-08-11 12:08:51,9.920000076293945,9.90999984741211,9.920000076293945,9.90999984741211,0
4903,2026-08-11 12:08:51,37.849998474121094,38.54999923706055,38.900001525878906,37.650001525878906,2070526
4905,2026-08-11 12:08:51,70.0,66.0,70.69999694824219,66.0,26022
4907,2026-08-11 12:08:51,44.599998474121094,45.20000076293945,45.29999923706055,44.20000076293945,56355
4909,2026-08-11 12:08:51,38.54999923706055,38.75,39.04999923706055,38.04999923706055,62863
4908,2026-08-11 12:08:51,152.0,152.5,157.0,148.5,761851
4911,2026-08-11 12:08:51,28.350000381469727,28.399999618530273,28.5,28.350000381469727,1000
4923,2026-08-11 12:08:51,50.5,53.0,53.0,49.5,687508
4924,2026-08-11 12:08:51,9.880000114440918,9.829999923706055,9.880000114440918,9.75,18000
4931,2026-08-11 12:08:51,253.5,239.5,261.0,239.0,16765273
4933,2026-08-11 12:08:51,55.20000076293945,54.20000076293945,55.400001525878906,54.20000076293945,26301
4939,2026-08-11 12:08:51,60.0,60.79999923706055,61.5,59.099998474121094,2900926
4946,2026-08-11 12:08:51,82.5,84.30000305175781,85.0,82.5,16039
4950,2026-08-11 12:08:51,15.800000190734863,15.600000381469727,15.800000190734863,15.600000381469727,1347
4951,2026-08-11 12:08:51,79.5,79.4000015258789,79.5,77.9000015258789,95507
4953,2026-08-11 12:08:51,125.5,127.0,127.0,124.5,86683
4966,2026-08-11 12:08:51,595.0,595.0,601.0,589.0,426593
4971,2026-08-11 12:08:51,470.0,478.0,485.0,462.0,671962
4972,2026-08-11 12:08:51,16.649999618530273,16.649999618530273,16.649999618530273,16.649999618530273,2392
4973,2026-08-11 12:08:51,156.0,160.5,160.5,152.0,1717171
4974,2026-08-11 12:08:51,69.30000305175781,69.69999694824219,69.69999694824219,68.69999694824219,13326
4979,2026-08-11 12:08:51,532.0,520.0,558.0,512.0,15210147
4991,2026-08-11 12:08:51,480.5,491.0,522.0,470.0,6635845
4995,2026-08-11 12:08:51,50.400001525878906,49.650001525878906,50.79999923706055,49.650001525878906,65299
5009,2026-08-11 12:08:51,33.20000076293945,33.900001525878906,33.900001525878906,32.900001525878906,923098
5011,2026-08-11 12:08:51,18.5,18.5,18.5,18.149999618530273,105502
5013,2026-08-11 12:08:51,25.649999618530273,26.100000381469727,26.100000381469727,25.649999618530273,0
5014,2026-08-11 12:08:51,11.149999618530273,11.0,11.199999809265137,11.0,359786
5202,2026-08-11 12:08:51,12.199999809265137,12.25,12.5,12.149999618530273,78382
5201,2026-08-11 12:08:51,26.0,26.0,26.0,26.0,0
5206,2026-08-11 12:08:51,22.200000762939453,22.25,22.25,21.700000762939453,89696
5205,2026-08-11 12:08:51,21.75,21.100000381469727,21.75,21.100000381469727,0
5209,2026-08-11 12:08:51,160.0,162.5,162.5,160.0,10269
5210,2026-08-11 12:08:51,28.0,28.299999237060547,28.299999237060547,27.850000381469727,20014
5211,2026-08-11 12:08:51,20.549999237060547,20.649999618530273,20.899999618530273,20.549999237060547,15317
5213,2026-08-11 12:08:51,20.850000381469727,21.0,21.0,20.799999237060547,93136
5220,2026-08-11 12:08:51,20.549999237060547,20.5,20.649999618530273,20.5,16000
5227,2026-08-11 12:08:51,34.599998474121094,34.0,35.900001525878906,33.5,225940
5228,2026-08-11 12:08:51,42.150001525878906,41.5,43.45000076293945,40.900001525878906,633755
5230,2026-08-11 12:08:51,17.799999237060547,17.850000381469727,18.0,17.700000762939453,49506
5223,2026-08-11 12:08:51,23.75,23.799999237060547,23.899999618530273,23.5,4000
5245,2026-08-11 12:08:51,23.549999237060547,23.25,23.549999237060547,23.25,6580
5251,2026-08-11 12:08:51,25.649999618530273,25.600000381469727,26.450000762939453,25.200000762939453,42123
5263,2026-08-11 12:08:51,92.5,92.69999694824219,93.19999694824219,92.0,62258
5272,2026-08-11 12:08:51,18.100000381469727,18.0,18.100000381469727,17.799999237060547,48383
5274,2026-08-11 12:08:51,16300.0,16800.0,16800.0,15930.0,107916
5278,2026-08-11 12:08:51,24.700000762939453,24.799999237060547,24.799999237060547,24.5,5000
5287,2026-08-11 12:08:51,146.5,146.5,148.0,146.5,22985
5289,2026-08-11 12:08:51,1460.0,1460.0,1475.0,1425.0,1736493
5291,2026-08-11 12:08:51,56.599998474121094,56.20000076293945,57.0,55.20000076293945,297740
5299,2026-08-11 12:08:51,101.0,102.0,104.0,99.9000015258789,218245
5301,2026-08-11 12:08:51,5.349999904632568,5.340000152587891,5.349999904632568,5.340000152587891,5900
5302,2026-08-11 12:08:51,10.949999809265137,10.850000381469727,11.25,10.75,525275
5309,2026-08-11 12:08:51,56.79999923706055,55.29999923706055,57.0,55.20000076293945,3018852
5312,2026-08-11 12:08:51,88.9000015258789,89.0,89.0,88.80000305175781,13166
5310,2026-08-11 12:08:51,25.0,25.0,25.0,25.0,0
5314,2026-08-11 12:08:51,61.20000076293945,61.900001525878906,62.5,60.70000076293945,1495789
5315,2026-08-11 12:08:51,19.049999237060547,19.25,19.25,19.049999237060547,77107
5324,2026-08-11 12:08:51,12.25,12.199999809265137,12.399999618530273,12.149999618530273,574976
5321,2026-08-11 12:08:51,56.29999923706055,56.099998474121094,57.400001525878906,54.599998474121094,113182
5328,2026-08-11 12:08:51,66.19999694824219,61.79999923706055,67.19999694824219,61.599998474121094,23856827
5340,2026-08-11 12:08:51,73.9000015258789,73.9000015258789,75.5,72.5,1841109
5344,2026-08-11 12:08:51,13.800000190734863,14.050000190734863,14.050000190734863,13.800000190734863,3000
5345,2026-08-11 12:08:51,22.5,21.850000381469727,22.5,21.850000381469727,3000
5347,2026-08-11 12:08:51,158.0,159.0,159.5,153.0,17911342
5348,2026-08-11 12:08:51,16.649999618530273,16.649999618530273,16.649999618530273,16.649999618530273,0
5353,2026-08-11 12:08:51,28.450000762939453,28.600000381469727,28.700000762939453,28.25,14081
5351,2026-08-11 12:08:51,118.0,116.0,118.0,108.5,8703739
5355,2026-08-11 12:08:51,5.840000152587891,6.070000171661377,6.070000171661377,5.840000152587891,21001
5356,2026-08-11 12:08:51,25.75,25.850000381469727,25.850000381469727,25.299999237060547,177451
5364,2026-08-11 12:08:51,8.75,8.850000381469727,8.850000381469727,8.729999542236328,10000
5371,2026-08-11 12:08:51,83.5,85.30000305175781,85.30000305175781,82.5,2909522
5381,2026-08-11 12:08:51,24.399999618530273,24.5,25.100000381469727,24.200000762939453,186157
5386,2026-08-11 12:08:51,278.0,273.5,284.5,273.5,1221733
5392,2026-08-11 12:08:51,45.70000076293945,46.900001525878906,46.900001525878906,45.5,1091955
5398,2026-08-11 12:08:51,14.050000190734863,14.0,14.050000190734863,14.0,7006
5403,2026-08-11 12:08:51,91.9000015258789,92.5999984741211,92.5999984741211,91.0,32663
5410,2026-08-11 12:08:51,34.650001525878906,34.25,34.70000076293945,34.20000076293945,211268
5425,2026-08-11 12:08:51,85.9000015258789,84.30000305175781,88.80000305175781,83.5999984741211,7831198
5426,2026-08-11 12:08:51,29.0,27.799999237060547,29.5,26.799999237060547,1247512
5432,2026-08-11 12:08:51,114.0,113.5,115.0,112.0,34360
5438,2026-08-11 12:08:51,17.5,17.700000762939453,17.700000762939453,17.25,31429
5439,2026-08-11 12:08:51,242.0,233.0,244.0,232.0,812422
5443,2026-08-11 12:08:51,108.5,105.5,109.5,105.0,4190486
5450,2026-08-11 12:08:51,15.100000381469727,15.5,15.5,15.0,104632
5452,2026-08-11 12:08:51,26.850000381469727,27.25,27.299999237060547,26.600000381469727,197200
5455,2026-08-11 12:08:51,28.299999237060547,28.299999237060547,28.299999237060547,28.299999237060547,1000
5457,2026-08-11 12:08:51,28.350000381469727,28.75,28.899999618530273,28.299999237060547,144808
5460,2026-08-11 12:08:51,16.0,16.450000762939453,16.450000762939453,16.0,22061
5464,2026-08-11 12:08:51,61.20000076293945,61.70000076293945,61.70000076293945,59.099998474121094,309178
5465,2026-08-11 12:08:51,21.350000381469727,21.75,21.799999237060547,21.299999237060547,40441
5468,2026-08-11 12:08:51,30.549999237060547,30.549999237060547,30.549999237060547,30.549999237060547,501245
5474,2026-08-11 12:08:51,150.5,151.5,151.5,148.5,69227
5475,2026-08-11 12:08:51,134.0,131.5,137.5,131.0,11729626
5478,2026-08-11 12:08:51,99.69999694824219,99.5999984741211,100.5,99.5999984741211,34952
5481,2026-08-11 12:08:51,19.649999618530273,19.799999237060547,19.799999237060547,19.5,20011
5483,2026-08-11 12:08:51,168.0,168.5,173.0,165.0,9662759
5487,2026-08-11 12:08:51,29.399999618530273,29.25,29.399999618530273,28.799999237060547,39000
5488,2026-08-11 12:08:51,13.300000190734863,13.350000381469727,13.5,13.100000381469727,393633
5489,2026-08-11 12:08:51,41.54999923706055,42.650001525878906,43.04999923706055,41.20000076293945,90050
5490,2026-08-11 12:08:51,30.25,31.0,31.049999237060547,30.049999237060547,773221
5493,2026-08-11 12:08:51,79.19999694824219,78.9000015258789,79.19999694824219,78.69999694824219,18633
5498,2026-08-11 12:08:51,51.29999923706055,50.599998474121094,53.20000076293945,50.5,2096234
5508,2026-08-11 12:08:51,54.5,54.70000076293945,55.20000076293945,54.0,115565
5511,2026-08-11 12:08:51,71.4000015258789,71.5,71.5,70.5,109291
5512,2026-08-11 12:08:51,7.739999771118164,7.809999942779541,7.829999923706055,7.699999809265137,382368
5514,2026-08-11 12:08:51,13.649999618530273,13.699999809265137,13.699999809265137,13.449999809265137,3200
5516,2026-08-11 12:08:51,12.699999809265137,13.050000190734863,13.100000381469727,12.649999618530273,85214
5520,2026-08-11 12:08:51,83.9000015258789,83.9000015258789,86.0,83.9000015258789,2000
5523,2026-08-11 12:08:51,30.200000762939453,30.200000762939453,30.200000762939453,30.200000762939453,0
5529,2026-08-11 12:08:51,21.399999618530273,21.5,21.5,21.299999237060547,26881
5530,2026-08-11 12:08:51,49.5,49.849998474121094,50.099998474121094,49.20000076293945,131647
5536,2026-08-11 12:08:51,941.0,963.0,980.0,941.0,853253
5543,2026-08-11 12:08:51,24.0,27.649999618530273,27.649999618530273,24.0,1000
5547,2026-08-11 12:08:51,20.0,19.600000381469727,20.100000381469727,19.600000381469727,20010
5548,2026-08-11 12:08:51,20.450000762939453,20.200000762939453,20.700000762939453,20.200000762939453,13055
5601,2026-08-11 12:08:51,29.5,29.100000381469727,29.5,29.100000381469727,6000
5603,2026-08-11 12:08:51,14.149999618530273,14.199999809265137,14.199999809265137,14.149999618530273,4767
5604,2026-08-11 12:08:51,30.600000381469727,30.649999618530273,30.649999618530273,30.600000381469727,6000
5609,2026-08-11 12:08:51,79.19999694824219,79.4000015258789,79.5999984741211,79.0,52182
5701,2026-08-11 12:08:51,4.179999828338623,4.309999942779541,4.309999942779541,4.179999828338623,42627
5704,2026-08-11 12:08:51,21.600000381469727,21.600000381469727,21.600000381469727,21.600000381469727,8280
5864,2026-08-11 12:08:51,30.0,29.600000381469727,30.299999237060547,29.200000762939453,1886262
5878,2026-08-11 12:08:51,38.25,38.25,38.25,38.25,0
5902,2026-08-11 12:08:51,34.400001525878906,34.349998474121094,34.900001525878906,34.349998474121094,5000
5903,2026-08-11 12:08:51,185.0,185.0,185.0,185.0,7790
5904,2026-08-11 12:08:51,87.0999984741211,87.0999984741211,87.0999984741211,84.0999984741211,8127998
5905,2026-08-11 12:08:51,8.079999923706055,8.180000305175781,8.1899995803833,8.029999732971191,381089
6015,2026-08-11 12:08:51,14.899999618530273,14.899999618530273,14.949999809265137,14.550000190734863,735815
6016,2026-08-11 12:08:51,18.450000762939453,18.200000762939453,18.5,18.0,1561126
6020,2026-08-11 12:08:51,20.399999618530273,20.5,20.600000381469727,20.350000381469727,89000
6021,2026-08-11 12:08:51,34.79999923706055,35.099998474121094,35.099998474121094,34.75,36017
6023,2026-08-11 12:08:51,86.9000015258789,86.5999984741211,87.30000305175781,86.30000305175781,398185
6026,2026-08-11 12:08:51,13.899999618530273,13.899999618530273,13.949999809265137,13.800000190734863,528473
6028,2026-08-11 12:08:51,86.80000305175781,85.0,86.80000305175781,85.0,105286
6101,2026-08-11 12:08:51,35.25,35.349998474121094,35.70000076293945,34.849998474121094,154241
6103,2026-08-11 12:08:51,28.5,28.5,28.5,28.5,0
6104,2026-08-11 12:08:51,93.5999984741211,94.0,95.0,93.0999984741211,182063
6109,2026-08-11 12:08:51,11.100000381469727,11.25,11.5,11.100000381469727,32311
6111,2026-08-11 12:08:51,37.400001525878906,37.5,37.5,37.29999923706055,32438
6113,2026-08-11 12:08:51,24.649999618530273,24.350000381469727,25.200000762939453,24.350000381469727,70351
6114,2026-08-11 12:08:51,27.200000762939453,27.75,27.75,27.200000762939453,4000
6118,2026-08-11 12:08:51,15.649999618530273,15.649999618530273,15.75,15.550000190734863,32000
6121,2026-08-11 12:08:51,430.0,403.5,434.0,403.5,1662534
6122,2026-08-11 12:08:51,46.45000076293945,47.0,47.0,46.099998474121094,167364
6123,2026-08-11 12:08:51,43.400001525878906,43.25,43.79999923706055,43.25,57629
6124,2026-08-11 12:08:51,27.049999237060547,27.100000381469727,27.100000381469727,26.600000381469727,3736
6125,2026-08-11 12:08:51,49.599998474121094,49.79999923706055,49.900001525878906,49.150001525878906,206508
6126,2026-08-11 12:08:51,30.75,30.75,31.100000381469727,30.5,244143
6127,2026-08-11 12:08:51,51.599998474121094,50.20000076293945,54.29999923706055,50.0,5111119
6129,2026-08-11 12:08:51,14.5,14.600000381469727,14.600000381469727,14.399999618530273,112710
6130,2026-08-11 12:08:51,25.149999618530273,25.200000762939453,25.850000381469727,25.0,66108
6134,2026-08-11 12:08:51,27.850000381469727,27.850000381469727,28.100000381469727,27.75,97961
6138,2026-08-11 12:08:51,287.5,282.5,295.0,282.5,389850
6140,2026-08-11 12:08:51,17.0,17.149999618530273,17.600000381469727,16.899999618530273,49404
6143,2026-08-11 12:08:51,88.9000015258789,90.30000305175781,90.69999694824219,88.5999984741211,323208
6144,2026-08-11 12:08:51,14.300000190734863,13.300000190734863,14.300000190734863,13.300000190734863,30010
6147,2026-08-11 12:08:51,153.0,151.0,155.5,146.5,13117283
6146,2026-08-11 12:08:51,191.5,192.0,194.0,191.0,185831
6148,2026-08-11 12:08:51,28.25,28.950000762939453,29.200000762939453,28.100000381469727,240245
6150,2026-08-11 12:08:51,59.29999923706055,61.0,61.0,59.099998474121094,77808
6151,2026-08-11 12:08:51,35.20000076293945,35.45000076293945,35.45000076293945,35.0,17141
6154,2026-08-11 12:08:51,13.850000381469727,13.649999618530273,13.899999618530273,13.649999618530273,76015
6156,2026-08-11 12:08:51,21.649999618530273,21.0,22.649999618530273,21.0,1270625
6158,2026-08-11 12:08:51,16.549999237060547,16.549999237060547,16.75,16.450000762939453,27582
6160,2026-08-11 12:08:51,14.25,14.300000190734863,14.300000190734863,13.949999809265137,13225
6161,2026-08-11 12:08:51,53.20000076293945,52.70000076293945,53.900001525878906,51.79999923706055,149632
6163,2026-08-11 12:08:51,43.29999923706055,43.70000076293945,44.5,42.599998474121094,1844683
6167,2026-08-11 12:08:51,10.5,10.550000190734863,10.649999618530273,10.5,46032
6169,2026-08-11 12:08:51,12.949999809265137,12.949999809265137,13.0,12.550000190734863,17083
6170,2026-08-11 12:08:51,46.5,46.79999923706055,46.79999923706055,46.5,54422
6173,2026-08-11 12:08:51,185.0,168.0,185.0,168.0,17220142
6174,2026-08-11 12:08:51,42.5,41.70000076293945,43.400001525878906,41.650001525878906,668687
6175,2026-08-11 12:08:51,77.4000015258789,75.5999984741211,79.5999984741211,75.5,1703874
6179,2026-08-11 12:08:51,27.799999237060547,28.0,28.0,27.5,492189
6180,2026-08-11 12:08:51,41.70000076293945,41.5,41.900001525878906,41.349998474121094,132963
6182,2026-08-11 12:08:51,95.0999984741211,93.5,98.0,89.80000305175781,31990109
6185,2026-08-11 12:08:51,13.550000190734863,13.699999809265137,13.75,13.550000190734863,38695
6186,2026-08-11 12:08:51,35.650001525878906,35.849998474121094,35.849998474121094,35.45000076293945,342517
6187,2026-08-11 12:08:51,1065.0,1165.0,1195.0,1035.0,3793907
6188,2026-08-11 12:08:51,71.5999984741211,72.0999984741211,72.0999984741211,70.80000305175781,251722
6190,2026-08-11 12:08:51,68.80000305175781,69.0,69.9000015258789,67.80000305175781,609129
6194,2026-08-11 12:08:51,29.850000381469727,30.0,30.100000381469727,29.850000381469727,41000
6195,2026-08-11 12:08:51,28.649999618530273,29.0,29.25,28.649999618530273,32475
6198,2026-08-11 12:08:51,19.5,19.5,19.5,19.5,0
6199,2026-08-11 12:08:51,97.80000305175781,97.80000305175781,99.0,97.30000305175781,191003
6203,2026-08-11 12:08:51,60.599998474121094,61.0,61.0,60.5,51808
6204,2026-08-11 12:08:51,81.5,80.69999694824219,82.9000015258789,80.19999694824219,179038
6207,2026-08-11 12:08:51,106.5,106.0,110.5,104.0,3076983
6208,2026-08-11 12:08:51,82.0999984741211,81.69999694824219,82.5999984741211,81.0999984741211,265887
6210,2026-08-11 12:08:51,17.299999237060547,17.399999618530273,17.399999618530273,17.299999237060547,10000
6212,2026-08-11 12:08:51,28.899999618530273,28.899999618530273,28.899999618530273,28.899999618530273,0
6217,2026-08-11 12:08:51,157.0,166.5,166.5,152.0,606064
6218,2026-08-11 12:08:51,36.849998474121094,36.099998474121094,37.20000076293945,36.04999923706055,314935
6219,2026-08-11 12:08:51,12.350000381469727,12.550000190734863,12.600000381469727,12.350000381469727,41540
6220,2026-08-11 12:08:51,25.549999237060547,25.899999618530273,25.899999618530273,25.200000762939453,292162
6221,2026-08-11 12:08:51,20.399999618530273,21.0,21.0,20.200000762939453,94017
6223,2026-08-11 12:08:51,6310.0,6330.0,6380.0,6140.0,320701
6222,2026-08-11 12:08:51,20.0,20.299999237060547,20.350000381469727,20.0,3000
6227,2026-08-11 12:08:51,130.5,130.5,135.0,128.5,653784
6228,2026-08-11 12:08:51,18.399999618530273,18.549999237060547,18.549999237060547,18.399999618530273,1053
6229,2026-08-11 12:08:51,23.700000762939453,23.600000381469727,23.700000762939453,23.299999237060547,23002
6231,2026-08-11 12:08:51,217.0,216.0,218.5,214.0,108584
6233,2026-08-11 12:08:51,22.100000381469727,21.75,22.200000762939453,21.600000381469727,136927
6234,2026-08-11 12:08:51,36.54999923706055,37.400001525878906,38.5,36.0,450161
6237,2026-08-11 12:08:51,34.650001525878906,34.75,35.25,34.400001525878906,129771
6240,2026-08-11 12:08:51,19.350000381469727,19.100000381469727,19.350000381469727,19.100000381469727,5000
6241,2026-08-11 12:08:51,14.600000381469727,14.600000381469727,14.600000381469727,14.199999809265137,145767
6242,2026-08-11 12:08:51,34.29999923706055,34.29999923706055,34.29999923706055,34.29999923706055,0
6244,2026-08-11 12:08:51,24.049999237060547,24.049999237060547,24.350000381469727,23.600000381469727,905497
6245,2026-08-11 12:08:51,87.5,91.0,91.0999984741211,86.9000015258789,899873
6246,2026-08-11 12:08:51,12.100000381469727,12.300000190734863,12.300000190734863,12.050000190734863,20794
6248,2026-08-11 12:08:51,18.0,17.899999618530273,18.100000381469727,17.899999618530273,39082
6259,2026-08-11 12:08:51,30.850000381469727,30.299999237060547,32.29999923706055,30.149999618530273,540498
6261,2026-08-11 12:08:51,78.9000015258789,79.0,79.80000305175781,77.80000305175781,172495
6263,2026-08-11 12:08:51,159.0,160.0,161.5,158.0,56546
6265,2026-08-11 12:08:51,57.099998474121094,56.400001525878906,58.79999923706055,55.400001525878906,5093481
6266,2026-08-11 12:08:51,24.799999237060547,25.299999237060547,25.299999237060547,24.700000762939453,99646
6270,2026-08-11 12:08:51,29.75,30.049999237060547,30.450000762939453,29.700000762939453,172407
6274,2026-08-11 12:08:51,1545.0,1585.0,1585.0,1500.0,1774070
6275,2026-08-11 12:08:51,43.849998474121094,43.70000076293945,44.45000076293945,43.70000076293945,104789
6279,2026-08-11 12:08:51,130.5,130.0,131.0,128.0,830499
6284,2026-08-11 12:08:51,78.4000015258789,77.19999694824219,80.5,76.5,1060173
6290,2026-08-11 12:08:51,221.0,212.0,223.5,212.0,2327631
6291,2026-08-11 12:08:51,365.0,378.0,380.0,356.5,393285
6292,2026-08-11 12:08:51,64.69999694824219,60.900001525878906,65.80000305175781,60.29999923706055,600013
6294,2026-08-11 12:08:51,26.899999618530273,27.399999618530273,27.399999618530273,26.799999237060547,48212
6411,2026-08-11 12:08:51,78.0999984741211,77.80000305175781,79.19999694824219,76.69999694824219,406324
6417,2026-08-11 12:08:51,110.5,113.0,113.0,110.5,33415
6418,2026-08-11 12:08:51,32.29999923706055,33.20000076293945,33.20000076293945,32.04999923706055,45035
6419,2026-08-11 12:08:51,151.5,153.5,154.0,148.0,491411
6423,2026-08-11 12:08:51,79.69999694824219,79.4000015258789,81.5,79.4000015258789,31275
6425,2026-08-11 12:08:51,57.70000076293945,58.20000076293945,60.20000076293945,57.0,329519
6432,2026-08-11 12:08:51,73.9000015258789,70.5,74.5,70.5,1175397
6435,2026-08-11 12:08:51,260.5,255.0,264.5,253.0,376953
6441,2026-08-11 12:08:51,23.950000762939453,22.25,24.25,22.200000762939453,202576
6461,2026-08-11 12:08:51,15.899999618530273,15.949999809265137,16.049999237060547,15.800000190734863,85790
6465,2026-08-11 12:08:51,47.0,47.25,48.0,46.5,92717
6462,2026-08-11 12:08:51,102.0,101.5,103.0,101.0,305169
6469,2026-08-11 12:08:51,70.19999694824219,70.5999984741211,70.5999984741211,70.0,184774
6470,2026-08-11 12:08:51,42.25,42.650001525878906,42.650001525878906,42.25,10202
6474,2026-08-11 12:08:51,39.099998474121094,39.20000076293945,39.20000076293945,38.75,14594
6482,2026-08-11 12:08:51,27.5,27.5,27.5,27.5,2000
6485,2026-08-11 12:08:51,65.0,64.4000015258789,65.80000305175781,63.79999923706055,183558
6486,2026-08-11 12:08:51,74.80000305175781,74.69999694824219,75.0,74.5,12005
6488,2026-08-11 12:08:51,844.0,847.0,883.0,823.0,6763906
6492,2026-08-11 12:08:51,37.349998474121094,37.20000076293945,37.95000076293945,37.20000076293945,92221
6494,2026-08-11 12:08:51,54.70000076293945,55.29999923706055,55.29999923706055,54.29999923706055,55650
6496,2026-08-11 12:08:51,24.950000762939453,24.950000762939453,24.950000762939453,24.950000762939453,0
6498,2026-08-11 12:08:51,74.30000305175781,75.5,76.5,74.30000305175781,26930
6499,2026-08-11 12:08:51,61.900001525878906,59.0,61.900001525878906,59.0,124390
6506,2026-08-11 12:08:51,17.200000762939453,17.100000381469727,17.200000762939453,17.100000381469727,23330
6508,2026-08-11 12:08:51,26.25,26.5,26.799999237060547,26.25,13246
6509,2026-08-11 12:08:51,47.650001525878906,47.70000076293945,48.25,47.099998474121094,522417
6510,2026-08-11 12:08:51,2850.0,2780.0,2875.0,2770.0,206144
6512,2026-08-11 12:08:51,19.899999618530273,19.899999618530273,19.899999618530273,19.899999618530273,2000
6516,2026-08-11 12:08:51,60.599998474121094,60.5,61.099998474121094,60.0,25272
6517,2026-08-11 12:08:51,62.0,63.0,63.599998474121094,61.599998474121094,245348
6523,2026-08-11 12:08:51,90.0,90.0,90.30000305175781,89.9000015258789,16502
6527,2026-08-11 12:08:51,75.4000015258789,75.19999694824219,75.80000305175781,75.19999694824219,4050
6530,2026-08-11 12:08:51,81.19999694824219,81.0,84.30000305175781,80.0999984741211,1208881
6532,2026-08-11 12:08:51,83.5999984741211,82.5999984741211,84.30000305175781,81.9000015258789,235503
6535,2026-08-11 12:08:51,91.30000305175781,89.19999694824219,93.0,87.80000305175781,116043
6542,2026-08-11 12:08:51,45.75,47.54999923706055,47.54999923706055,45.75,3000
6538,2026-08-11 12:08:51,144.0,143.5,146.5,140.5,453096
6546,2026-08-11 12:08:51,62.5,61.70000076293945,62.5,60.599998474121094,151704
6547,2026-08-11 12:08:51,51.79999923706055,51.599998474121094,52.400001525878906,51.20000076293945,1245317
6548,2026-08-11 12:08:51,74.5999984741211,75.0999984741211,76.69999694824219,74.30000305175781,1186176
6556,2026-08-11 12:08:51,60.0,60.0,60.0,58.70000076293945,23362
6561,2026-08-11 12:08:51,327.5,331.5,331.5,327.5,25237
6568,2026-08-11 12:08:51,139.5,141.0,141.0,137.0,48040
6569,2026-08-11 12:08:51,95.0,93.0,95.9000015258789,93.0,27436
6570,2026-08-11 12:08:51,57.599998474121094,57.79999923706055,57.900001525878906,56.099998474121094,228036
6574,2026-08-11 12:08:51,139.0,145.5,145.5,139.0,125139
6576,2026-08-11 12:08:51,78.80000305175781,79.5,79.5,78.80000305175781,25477
6577,2026-08-11 12:08:51,80.69999694824219,79.0,80.80000305175781,79.0,25627
6578,2026-08-11 12:08:51,18.5,18.5,18.700000762939453,18.25,18002
6584,2026-08-11 12:08:51,532.0,530.0,534.0,520.0,376698
6588,2026-08-11 12:08:51,87.80000305175781,89.5,90.5,85.5999984741211,520480
6590,2026-08-11 12:08:51,64.19999694824219,64.19999694824219,64.19999694824219,64.19999694824219,0
6593,2026-08-11 12:08:51,32.150001525878906,32.29999923706055,32.29999923706055,32.150001525878906,3550
6596,2026-08-11 12:08:51,86.9000015258789,87.30000305175781,87.30000305175781,86.4000015258789,27148
6603,2026-08-11 12:08:51,26.450000762939453,26.850000381469727,27.049999237060547,26.100000381469727,851674
6609,2026-08-11 12:08:51,39.099998474121094,39.29999923706055,39.849998474121094,39.04999923706055,75061
6612,2026-08-11 12:08:51,73.69999694824219,73.5,73.69999694824219,73.0,7542
6613,2026-08-11 12:08:51,262.0,267.0,270.5,260.0,354319
6615,2026-08-11 12:08:51,33.70000076293945,34.04999923706055,34.04999923706055,33.70000076293945,3657
6616,2026-08-11 12:08:51,8.649999618530273,8.649999618530273,8.649999618530273,8.649999618530273,1000
6617,2026-08-11 12:08:51,106.5,105.5,116.0,105.5,1602681
6620,2026-08-11 12:08:51,75.9000015258789,78.19999694824219,78.19999694824219,74.0,765307
6624,2026-08-11 12:08:51,43.54999923706055,43.54999923706055,43.54999923706055,43.54999923706055,0
6629,2026-08-11 12:08:51,109.0,111.5,111.5,109.0,13001
6637,2026-08-11 12:08:51,61.099998474121094,61.0,61.79999923706055,60.400001525878906,145013
6640,2026-08-11 12:08:51,975.0,1055.0,1105.0,955.0,501074
6642,2026-08-11 12:08:51,84.4000015258789,84.19999694824219,86.0,82.0,1056303
6643,2026-08-11 12:08:51,451.5,441.0,456.0,440.5,401519
6649,2026-08-11 12:08:51,35.54999923706055,36.349998474121094,36.349998474121094,35.0,19001
6651,2026-08-11 12:08:51,136.0,135.0,137.5,131.5,195172
6662,2026-08-11 12:08:51,28.799999237060547,28.799999237060547,28.799999237060547,28.799999237060547,3000
6664,2026-08-11 12:08:51,353.0,357.5,362.0,349.0,273964
6667,2026-08-11 12:08:51,226.0,230.5,231.0,221.5,284477
6680,2026-08-11 12:08:51,51.900001525878906,53.0,53.0,51.0,2000
6679,2026-08-11 12:08:51,213.0,217.5,218.0,211.0,81816
6683,2026-08-11 12:08:51,1210.0,1240.0,1280.0,1195.0,523989
6690,2026-08-11 12:08:51,164.0,165.0,165.5,164.0,14591
6684,2026-08-11 12:08:51,49.04999923706055,49.95000076293945,50.0,48.54999923706055,70187
6692,2026-08-11 12:08:51,23.950000762939453,24.25,24.549999237060547,23.950000762939453,11270
6693,2026-08-11 12:08:51,174.5,183.0,183.0,170.0,846861
6697,2026-08-11 12:08:51,40.54999923706055,40.79999923706055,41.5,40.349998474121094,24048
6703,2026-08-11 12:08:51,106.5,105.0,106.5,105.0,6467
6712,2026-08-11 12:08:51,152.0,155.0,155.0,151.5,257136
6716,2026-08-11 12:08:51,103.0,107.0,109.5,101.5,1175995
6654,2026-08-11 12:08:51,170.0,182.0,182.0,170.0,15005
6720,2026-08-11 12:08:51,140.0,143.5,143.5,139.0,8001
6721,2026-08-11 12:08:51,51.79999923706055,52.0,52.0,51.400001525878906,2000
6725,2026-08-11 12:08:51,247.0,251.0,251.0,239.0,83010
6727,2026-08-11 12:08:51,388.0,388.5,402.5,381.5,405399
6728,2026-08-11 12:08:51,105.0,106.0,106.0,104.5,10050
6730,2026-08-11 12:08:51,34.20000076293945,34.099998474121094,34.20000076293945,34.099998474121094,1000
6732,2026-08-11 12:08:51,153.5,157.5,157.5,152.5,95298
6733,2026-08-11 12:08:51,25.850000381469727,25.399999618530273,26.049999237060547,25.399999618530273,30419
6735,2026-08-11 12:08:51,65.0,64.4000015258789,65.0,63.79999923706055,32411
6739,2026-08-11 12:08:51,1015.0,1095.0,1100.0,1000.0,140358
6741,2026-08-11 12:08:51,55.70000076293945,56.0,56.0,55.5,57311
6752,2026-08-11 12:08:51,101.5,108.0,108.0,101.0,51234
6761,2026-08-11 12:08:51,176.5,168.0,178.5,165.5,984472
6762,2026-08-11 12:08:51,171.0,171.0,171.0,171.0,0
6763,2026-08-11 12:08:51,42.95000076293945,43.45000076293945,43.54999923706055,42.849998474121094,85242
6767,2026-08-11 12:08:51,24.899999618530273,24.899999618530273,24.899999618530273,24.899999618530273,1000
6785,2026-08-11 12:08:51,97.69999694824219,98.80000305175781,98.80000305175781,96.5,19259
6788,2026-08-11 12:08:51,352.0,351.5,353.0,346.0,114513
6791,2026-08-11 12:08:51,101.0,100.5,101.0,100.0,16077
6803,2026-08-11 12:08:51,270.5,270.0,271.0,269.0,45559
6804,2026-08-11 12:08:51,20.600000381469727,20.299999237060547,21.049999237060547,20.299999237060547,293176
6811,2026-08-11 12:08:51,230.5,233.0,233.0,228.0,57447
6821,2026-08-11 12:08:51,41.349998474121094,42.400001525878906,42.79999923706055,41.0,53445
6823,2026-08-11 12:08:51,62.400001525878906,63.79999923706055,64.5999984741211,60.5,250240
6829,2026-08-11 12:08:51,200.0,204.0,204.0,197.5,494915
6840,2026-08-11 12:08:51,65.80000305175781,66.9000015258789,66.9000015258789,65.5,28077
6841,2026-08-11 12:08:51,55.70000076293945,56.20000076293945,56.29999923706055,55.70000076293945,83700
6843,2026-08-11 12:08:51,40.0,40.0,40.0,40.0,0
6844,2026-08-11 12:08:51,60.599998474121094,60.29999923706055,60.599998474121094,60.29999923706055,1000
6846,2026-08-11 12:08:51,59.599998474121094,60.0,60.5,58.79999923706055,29744
6855,2026-08-11 12:08:51,117.0,117.5,117.5,117.0,1012
6856,2026-08-11 12:08:51,44.79999923706055,44.79999923706055,44.79999923706055,44.75,2000
6859,2026-08-11 12:08:51,99.5999984741211,100.5,100.5,99.5999984741211,5500
6865,2026-08-11 12:08:51,24.700000762939453,25.25,25.25,24.700000762939453,1000
6870,2026-08-11 12:08:51,252.0,252.5,256.0,246.0,28563
6872,2026-08-11 12:08:51,15.350000381469727,15.600000381469727,15.600000381469727,15.300000190734863,9999
6874,2026-08-11 12:08:51,78.0,79.5999984741211,79.5999984741211,77.5,43736
6877,2026-08-11 12:08:51,127.0,127.0,127.5,124.5,36453
6875,2026-08-11 12:08:51,31.200000762939453,33.0,33.0,31.0,119782
6894,2026-08-11 12:08:51,345.5,341.0,345.5,338.5,18365
6895,2026-08-11 12:08:51,118.5,120.0,120.0,118.5,10359
6899,2026-08-11 12:08:51,50.5,50.70000076293945,50.70000076293945,50.5,2145
6903,2026-08-11 12:08:51,312.0,312.5,316.0,308.5,170569
6907,2026-08-11 12:08:51,189.0,185.5,196.0,178.0,1549748
6910,2026-08-11 12:08:51,25.25,25.75,25.75,25.25,2006
6913,2026-08-11 12:08:51,144.0,148.0,148.0,140.5,309370
6922,2026-08-11 12:08:51,210.5,210.0,217.0,204.0,767139
6925,2026-08-11 12:08:51,53.400001525878906,54.400001525878906,54.400001525878906,53.400001525878906,5078
6929,2026-08-11 12:08:51,23.299999237060547,22.350000381469727,23.299999237060547,22.200000762939453,5000
6945,2026-08-11 12:08:51,115.0,104.5,115.0,102.5,689446
6953,2026-08-11 12:08:51,218.0,223.0,223.0,218.0,4336
6961,2026-08-11 12:08:51,51.599998474121094,52.0,52.0,51.599998474121094,4020
6967,2026-08-11 12:08:51,68.30000305175781,68.0,68.80000305175781,67.5999984741211,15000
6968,2026-08-11 12:08:51,44.099998474121094,44.04999923706055,44.5,43.849998474121094,23295
6982,2026-08-11 12:08:51,49.0,49.0,49.0,48.5,5030
6971,2026-08-11 12:08:51,25.75,25.600000381469727,25.75,25.399999618530273,2000
6983,2026-08-11 12:08:51,295.0,299.0,299.5,293.5,12882
6986,2026-08-11 12:08:51,44.349998474121094,44.400001525878906,44.45000076293945,43.599998474121094,14000
6997,2026-08-11 12:08:51,68.19999694824219,69.69999694824219,69.69999694824219,68.19999694824219,1000
6996,2026-08-11 12:08:51,177.5,178.0,180.0,177.0,20277
7402,2026-08-11 12:08:51,101.0,103.0,103.0,100.5,127386
7547,2026-08-11 12:08:51,54.099998474121094,57.099998474121094,57.099998474121094,54.0,11263
7556,2026-08-11 12:08:51,220.0,221.0,221.0,217.0,13592
7584,2026-08-11 12:08:51,25.399999618530273,26.399999618530273,26.399999618530273,25.399999618530273,2000
7642,2026-08-11 12:08:51,78.0,79.9000015258789,80.19999694824219,78.0,8222
7703,2026-08-11 12:08:51,181.0,184.5,184.5,180.0,12416
7704,2026-08-11 12:08:51,63.099998474121094,62.20000076293945,63.599998474121094,61.79999923706055,39151
7708,2026-08-11 12:08:51,93.0,93.4000015258789,93.4000015258789,93.0,4139
7709,2026-08-11 12:08:51,71.80000305175781,72.4000015258789,72.4000015258789,71.69999694824219,5255
7712,2026-08-11 12:08:51,147.0,148.0,149.0,144.5,124392
7713,2026-08-11 12:08:51,72.0999984741211,70.0999984741211,72.0999984741211,70.0999984741211,28152
7714,2026-08-11 12:08:51,150.5,148.0,151.0,147.0,116077
7715,2026-08-11 12:08:51,34.599998474121094,34.70000076293945,34.70000076293945,33.70000076293945,28057
7717,2026-08-11 12:08:51,412.5,416.0,427.0,406.0,161418
7718,2026-08-11 12:08:51,47.95000076293945,47.5,47.95000076293945,47.5,11000
7723,2026-08-11 12:08:51,20.75,21.299999237060547,21.850000381469727,20.600000381469727,156172
7728,2026-08-11 12:08:51,597.0,595.0,597.0,585.0,6261
7734,2026-08-11 12:08:51,3240.0,3415.0,3445.0,3210.0,188392
7738,2026-08-11 12:08:51,169.5,167.0,169.5,167.0,5000
7744,2026-08-11 12:08:51,458.0,482.5,482.5,457.0,51557
7747,2026-08-11 12:08:51,116.0,116.0,116.0,116.0,0
7751,2026-08-11 12:08:51,1255.0,1310.0,1310.0,1255.0,282908
7753,2026-08-11 12:08:51,38.25,37.599998474121094,38.599998474121094,37.599998474121094,5172
7757,2026-08-11 12:08:51,91.0,91.5,91.5,91.0,5557
7767,2026-08-11 12:08:51,47.900001525878906,47.70000076293945,48.79999923706055,47.70000076293945,62000
7770,2026-08-11 12:08:51,39.75,39.75,39.75,39.75,0
7772,2026-08-11 12:08:51,90.4000015258789,91.69999694824219,91.69999694824219,88.5,32004
7777,2026-08-11 12:08:51,40.099998474121094,39.75,40.599998474121094,38.79999923706055,1308768
7782,2026-08-11 12:08:51,26.0,26.0,26.0,26.0,0
7792,2026-08-11 12:08:51,209.5,214.5,217.5,209.5,94615
7794,2026-08-11 12:08:51,29.0,29.0,29.0,29.0,2000
7805,2026-08-11 12:08:51,682.0,688.0,690.0,662.0,35558
7810,2026-08-11 12:08:51,195.5,196.0,196.0,195.0,14182
7811,2026-08-11 12:08:51,71.0,71.0999984741211,71.0999984741211,71.0,27027
7814,2026-08-11 12:08:51,30.600000381469727,30.549999237060547,31.0,30.5,8104
7820,2026-08-11 12:08:51,118.5,125.0,125.0,118.0,57969
7828,2026-08-11 12:08:51,1620.0,1580.0,1645.0,1550.0,102298
7839,2026-08-11 12:08:51,45.75,45.5,45.75,45.5,5000
7842,2026-08-11 12:08:51,97.80000305175781,91.5999984741211,98.9000015258789,90.0,136788
8024,2026-08-11 12:08:51,13.800000190734863,13.800000190734863,13.949999809265137,13.550000190734863,50819
8027,2026-08-11 12:08:51,182.0,182.0,186.5,177.0,1237782
8032,2026-08-11 12:08:51,37.95000076293945,37.900001525878906,38.150001525878906,37.599998474121094,48652
8034,2026-08-11 12:08:51,18.75,18.850000381469727,18.899999618530273,18.75,68883
8038,2026-08-11 12:08:51,32.29999923706055,32.849998474121094,32.849998474121094,31.850000381469727,98751
8040,2026-08-11 12:08:51,75.4000015258789,74.9000015258789,75.5,74.0999984741211,178385
8042,2026-08-11 12:08:51,118.0,114.5,125.0,114.0,12734531
8043,2026-08-11 12:08:51,147.5,134.5,147.5,132.0,12120915
8044,2026-08-11 12:08:51,26.799999237060547,27.299999237060547,27.299999237060547,26.700000762939453,223431
8047,2026-08-11 12:08:51,47.79999923706055,48.150001525878906,48.150001525878906,45.0,27612
8048,2026-08-11 12:08:51,51.900001525878906,52.400001525878906,54.0,51.29999923706055,44849
8049,2026-08-11 12:08:51,26.549999237060547,26.799999237060547,26.799999237060547,26.450000762939453,74660
8050,2026-08-11 12:08:51,61.599998474121094,64.5,64.69999694824219,61.599998474121094,6262784
8054,2026-08-11 12:08:51,84.19999694824219,84.9000015258789,86.0,83.0,438873
8059,2026-08-11 12:08:51,14.899999618530273,15.0,15.100000381469727,14.699999809265137,121695
8064,2026-08-11 12:08:51,103.0,101.5,106.0,99.9000015258789,2329693
8066,2026-08-11 12:08:51,14.600000381469727,14.649999618530273,14.649999618530273,14.600000381469727,8093
8067,2026-08-11 12:08:51,13.350000381469727,13.5,13.5,13.100000381469727,1000
8068,2026-08-11 12:08:51,18.149999618530273,18.25,18.299999237060547,17.899999618530273,60568
8069,2026-08-11 12:08:51,167.0,169.5,170.0,164.5,11493023
8071,2026-08-11 12:08:51,23.200000762939453,23.100000381469727,23.5,22.850000381469727,291303
8074,2026-08-11 12:08:51,56.599998474121094,57.20000076293945,60.5,56.0,1022709
8076,2026-08-11 12:08:51,23.700000762939453,24.200000762939453,24.299999237060547,23.450000762939453,748048
8077,2026-08-11 12:08:51,47.5,47.5,47.5,47.5,0
8080,2026-08-11 12:08:51,29.450000762939453,27.299999237060547,29.450000762939453,27.299999237060547,8000
8083,2026-08-11 12:08:51,160.0,159.5,160.5,159.0,21504
8084,2026-08-11 12:08:51,52.79999923706055,48.5,52.79999923706055,48.04999923706055,862436
8085,2026-08-11 12:08:51,11.449999809265137,11.550000190734863,11.600000381469727,11.300000190734863,85231
8086,2026-08-11 12:08:51,117.5,119.0,120.5,116.0,3022192
8088,2026-08-11 12:08:51,49.099998474121094,48.70000076293945,49.849998474121094,48.20000076293945,799005
8091,2026-08-11 12:08:51,238.0,236.5,242.0,236.5,212662
8089,2026-08-11 12:08:51,18.299999237060547,18.200000762939453,18.5,18.149999618530273,36603
8092,2026-08-11 12:08:51,13.100000381469727,13.0,13.149999618530273,13.0,7002
8093,2026-08-11 12:08:51,22.399999618530273,22.5,22.600000381469727,22.399999618530273,3098
8096,2026-08-11 12:08:51,123.0,123.0,125.5,120.0,3151374
8097,2026-08-11 12:08:51,50.599998474121094,51.0,51.5,50.5,129008
8099,2026-08-11 12:08:51,57.5,57.599998474121094,57.900001525878906,57.099998474121094,19343
8102,2026-08-11 12:08:51,69.0,67.5,70.0999984741211,65.0,16000
8107,2026-08-11 12:08:51,11.949999809265137,12.0,12.100000381469727,11.800000190734863,69106
8109,2026-08-11 12:08:51,132.0,133.0,134.0,131.0,104813
8111,2026-08-11 12:08:51,58.099998474121094,58.20000076293945,59.20000076293945,56.5,2167261
8121,2026-08-11 12:08:51,30.350000381469727,29.899999618530273,30.799999237060547,29.200000762939453,843940
8147,2026-08-11 12:08:51,126.0,126.5,127.0,123.5,60063
8155,2026-08-11 12:08:51,312.0,308.0,318.5,306.5,501630
8171,2026-08-11 12:08:51,20.549999237060547,20.100000381469727,20.75,19.950000762939453,47388
8182,2026-08-11 12:08:51,40.04999923706055,40.0,41.349998474121094,39.400001525878906,685087
8176,2026-08-11 12:08:51,9.779999732971191,9.819999694824219,9.819999694824219,9.779999732971191,20001
8183,2026-08-11 12:08:51,30.100000381469727,30.049999237060547,30.200000762939453,29.799999237060547,64845
8227,2026-08-11 12:08:51,149.5,146.0,151.5,144.5,416281
8234,2026-08-11 12:08:51,70.5,73.5,73.5,69.69999694824219,851647
8255,2026-08-11 12:08:51,143.0,144.0,145.0,140.5,241605
8240,2026-08-11 12:08:51,42.29999923706055,43.400001525878906,43.400001525878906,41.650001525878906,109612
8272,2026-08-11 12:08:51,65.5,63.5,65.5,63.5,1002
8277,2026-08-11 12:08:51,7.96999979019165,7.820000171661377,7.96999979019165,7.820000171661377,17247
8279,2026-08-11 12:08:51,88.69999694824219,88.69999694824219,88.69999694824219,88.69999694824219,0
8284,2026-08-11 12:08:51,62.70000076293945,62.79999923706055,63.099998474121094,62.70000076293945,23012
8289,2026-08-11 12:08:51,44.900001525878906,45.0,46.29999923706055,44.349998474121094,303867
8291,2026-08-11 12:08:51,38.099998474121094,41.849998474121094,41.849998474121094,38.04999923706055,25100
8299,2026-08-11 12:08:51,2075.0,2035.0,2075.0,2015.0,1818891
8342,2026-08-11 12:08:51,88.0999984741211,87.30000305175781,88.0999984741211,87.30000305175781,1000
8349,2026-08-11 12:08:51,39.5,39.75,39.75,39.5,45271
8354,2026-08-11 12:08:51,16.75,16.549999237060547,17.350000381469727,16.450000762939453,164573
8358,2026-08-11 12:08:51,380.5,346.0,380.5,346.0,26189937
8383,2026-08-11 12:08:51,67.30000305175781,68.4000015258789,68.4000015258789,65.30000305175781,1814201
8390,2026-08-11 12:08:51,99.30000305175781,99.0,102.0,96.0,461528
8403,2026-08-11 12:08:51,19.149999618530273,19.200000762939453,19.450000762939453,19.0,326544
8401,2026-08-11 12:08:51,22.950000762939453,22.899999618530273,23.0,22.850000381469727,31475
8415,2026-08-11 12:08:51,38.150001525878906,39.0,39.0,38.04999923706055,454617
8421,2026-08-11 12:08:51,13.649999618530273,13.800000190734863,13.949999809265137,13.5,436889
8416,2026-08-11 12:08:51,169.0,169.5,169.5,169.0,2000
8423,2026-08-11 12:08:51,18.100000381469727,18.049999237060547,18.100000381469727,18.049999237060547,1012
8424,2026-08-11 12:08:51,68.9000015258789,68.9000015258789,68.9000015258789,68.9000015258789,0
8426,2026-08-11 12:08:51,21.200000762939453,21.5,21.950000762939453,21.200000762939453,42523
8431,2026-08-11 12:08:51,48.900001525878906,50.099998474121094,50.099998474121094,48.5,118629
8432,2026-08-11 12:08:51,50.599998474121094,50.79999923706055,50.79999923706055,50.099998474121094,16080
8433,2026-08-11 12:08:51,55.400001525878906,55.5,55.599998474121094,55.099998474121094,7343
8435,2026-08-11 12:08:51,53.599998474121094,54.70000076293945,54.70000076293945,53.599998474121094,9063
8436,2026-08-11 12:08:51,125.5,122.5,127.0,119.5,2268866
8437,2026-08-11 12:08:51,9.25,9.300000190734863,9.300000190734863,9.0,35318
8440,2026-08-11 12:08:51,19.299999237060547,19.850000381469727,19.850000381469727,19.25,19679
8444,2026-08-11 12:08:51,5.300000190734863,5.300000190734863,5.300000190734863,5.300000190734863,1000
8446,2026-08-11 12:08:51,85.5999984741211,85.9000015258789,86.0,85.5,27094
8450,2026-08-11 12:08:51,15.149999618530273,15.399999618530273,15.399999618530273,14.949999809265137,11395
8472,2026-08-11 12:08:51,72.5999984741211,72.5999984741211,72.5999984741211,72.5999984741211,0
8477,2026-08-11 12:08:51,15.899999618530273,15.949999809265137,15.949999809265137,15.699999809265137,7001
8489,2026-08-11 12:08:51,22.75,22.799999237060547,22.899999618530273,22.549999237060547,20781
8905,2026-08-11 12:08:51,34.650001525878906,34.75,34.75,34.650001525878906,5004
8906,2026-08-11 12:08:51,28.299999237060547,28.799999237060547,28.799999237060547,27.700000762939453,8355
8908,2026-08-11 12:08:51,39.79999923706055,40.0,40.04999923706055,39.79999923706055,20852
8916,2026-08-11 12:08:51,43.25,43.70000076293945,43.70000076293945,43.150001525878906,140306
8917,2026-08-11 12:08:51,53.0,53.0,53.0,53.0,0
8924,2026-08-11 12:08:51,51.400001525878906,51.70000076293945,51.70000076293945,51.29999923706055,50177
8927,2026-08-11 12:08:51,19.350000381469727,20.200000762939453,20.25,19.350000381469727,301520
8929,2026-08-11 12:08:51,13.449999809265137,13.550000190734863,14.0,13.399999618530273,7780
8928,2026-08-11 12:08:51,23.799999237060547,23.5,23.850000381469727,23.149999618530273,25170
8930,2026-08-11 12:08:51,30.100000381469727,30.100000381469727,30.100000381469727,29.899999618530273,13041
8931,2026-08-11 12:08:51,40.0,40.04999923706055,40.25,39.79999923706055,41463
8932,2026-08-11 12:08:51,102.5,100.0,103.5,100.0,932878
8933,2026-08-11 12:08:51,4.71999979019165,4.519999980926514,4.75,4.519999980926514,214413
8935,2026-08-11 12:08:51,17.649999618530273,17.549999237060547,17.649999618530273,17.399999618530273,41019
8936,2026-08-11 12:08:51,52.099998474121094,52.20000076293945,52.400001525878906,51.900001525878906,539406
8937,2026-08-11 12:08:51,23.049999237060547,23.149999618530273,23.200000762939453,23.049999237060547,18100
8938,2026-08-11 12:08:51,52.5,52.900001525878906,53.0,52.5,70555
8941,2026-08-11 12:08:51,43.0,43.900001525878906,43.900001525878906,43.0,1000
8942,2026-08-11 12:08:51,39.75,38.45000076293945,40.0,38.45000076293945,270456
9949,2026-08-11 12:08:51,24.350000381469727,23.600000381469727,24.549999237060547,23.600000381469727,14001
9950,2026-08-11 12:08:51,10.449999809265137,10.5,10.5,10.399999618530273,6000
9951,2026-08-11 12:08:51,53.0,53.099998474121094,53.099998474121094,53.0,8002
9960,2026-08-11 12:08:51,30.799999237060547,30.799999237060547,31.0,30.799999237060547,24000
9962,2026-08-11 12:08:51,10.399999618530273,10.199999809265137,10.600000381469727,10.199999809265137,124607
00929,2026-08-11 12:08:51,29.200000762939453,29.0,29.219999313354492,28.8799991607666,13546747
7689,2026-08-11 12:08:51,172.0,172.5,175.0,169.5,106134
2237,2026-08-11 12:08:51,27.100000381469727,26.850000381469727,27.149999618530273,26.649999618530273,304376
7855,2026-08-11 12:08:51,43.849998474121094,44.0,45.0,42.0,7603408
1103,2026-08-11 13:44:14,13.199999809265137,13.199999809265137,13.25,13.149999618530273,135438
1101,2026-08-11 13:44:14,24.700000762939453,24.549999237060547,24.799999237060547,24.299999237060547,17321569
1104,2026-08-11 13:44:14,26.75,26.549999237060547,26.899999618530273,26.549999237060547,330080
1102,2026-08-11 13:44:14,32.45000076293945,32.849998474121094,33.0,32.349998474121094,7200354
1108,2026-08-11 13:44:14,11.800000190734863,11.949999809265137,11.949999809265137,11.75,801459
1109,2026-08-11 13:44:14,13.600000381469727,13.600000381469727,13.649999618530273,13.5,64193
1110,2026-08-11 13:44:14,16.350000381469727,16.299999237060547,16.350000381469727,16.049999237060547,194095
1201,2026-08-11 13:44:14,12.149999618530273,12.199999809265137,12.25,12.100000381469727,234382
1203,2026-08-11 13:44:14,45.5,45.900001525878906,46.04999923706055,45.29999923706055,12476
1210,2026-08-11 13:44:14,53.900001525878906,53.20000076293945,54.20000076293945,53.20000076293945,2655696
1213,2026-08-11 13:44:14,7.71999979019165,7.889999866485596,7.900000095367432,7.71999979019165,13113
1215,2026-08-11 13:44:14,110.0,108.5,110.5,108.0,759199
1216,2026-08-11 13:44:14,75.80000305175781,75.0999984741211,75.9000015258789,74.9000015258789,10659534
1217,2026-08-11 13:44:14,9.869999885559082,9.829999923706055,9.899999618530273,9.8100004196167,222902
1218,2026-08-11 13:44:14,15.699999809265137,15.800000190734863,15.850000381469727,15.649999618530273,419895
1219,2026-08-11 13:44:14,10.800000190734863,10.800000190734863,10.850000381469727,10.75,296995
1220,2026-08-11 13:44:14,11.149999618530273,11.149999618530273,11.149999618530273,11.149999618530273,11481
1227,2026-08-11 13:44:14,28.950000762939453,29.200000762939453,29.200000762939453,28.850000381469727,703754
1225,2026-08-11 13:44:14,24.549999237060547,25.0,25.350000381469727,24.399999618530273,123124
1229,2026-08-11 13:44:14,41.849998474121094,41.0,42.0,41.0,3233135
1231,2026-08-11 13:44:14,81.4000015258789,80.0,81.5999984741211,80.0,189351
1232,2026-08-11 13:44:14,155.5,156.5,158.5,155.5,269830
1233,2026-08-11 13:44:14,28.0,28.299999237060547,28.299999237060547,28.0,22190
1234,2026-08-11 13:44:14,33.45000076293945,33.29999923706055,33.5,33.25,90756
1235,2026-08-11 13:44:14,36.45000076293945,36.45000076293945,36.45000076293945,36.45000076293945,2000
1236,2026-08-11 13:44:14,25.350000381469727,25.450000762939453,25.700000762939453,25.299999237060547,130639
1256,2026-08-11 13:44:14,181.0,178.5,183.0,178.5,56081
1301,2026-08-11 13:44:14,55.599998474121094,55.599998474121094,55.900001525878906,54.29999923706055,15973193
1303,2026-08-11 13:44:14,190.0,183.0,191.0,172.5,98734298
1305,2026-08-11 13:44:14,11.550000190734863,11.699999809265137,11.699999809265137,11.399999618530273,871089
1307,2026-08-11 13:44:14,31.0,31.0,31.399999618530273,30.649999618530273,811386
1304,2026-08-11 13:44:14,11.899999618530273,12.199999809265137,12.199999809265137,11.800000190734863,1927081
1308,2026-08-11 13:44:14,13.550000190734863,13.649999618530273,13.649999618530273,13.350000381469727,972982
1309,2026-08-11 13:44:14,13.0,13.100000381469727,13.100000381469727,12.75,841245
1310,2026-08-11 13:44:14,7.96999979019165,8.079999923706055,8.100000381469727,7.909999847412109,2990310
1312,2026-08-11 13:44:14,11.850000381469727,11.850000381469727,11.899999618530273,11.550000190734863,5933266
1313,2026-08-11 13:44:14,11.300000190734863,11.600000381469727,11.600000381469727,11.199999809265137,2580743
1314,2026-08-11 13:44:14,7.71999979019165,7.739999771118164,7.789999961853027,7.599999904632568,20920673
1315,2026-08-11 13:44:14,63.70000076293945,64.4000015258789,64.4000015258789,63.70000076293945,11220
1316,2026-08-11 13:44:14,10.050000190734863,10.050000190734863,10.149999618530273,9.989999771118164,1592552
1319,2026-08-11 13:44:14,78.69999694824219,76.80000305175781,79.0,76.80000305175781,3188425
1321,2026-08-11 13:44:14,32.0,32.29999923706055,32.349998474121094,31.75,70354
1323,2026-08-11 13:44:14,21.25,22.049999237060547,22.100000381469727,21.25,160271
1324,2026-08-11 13:44:14,10.0,10.100000381469727,10.100000381469727,9.989999771118164,31555
1325,2026-08-11 13:44:14,26.350000381469727,26.799999237060547,26.799999237060547,26.25,270782
1326,2026-08-11 13:44:14,58.29999923706055,58.599998474121094,58.900001525878906,56.79999923706055,18334516
1337,2026-08-11 13:44:14,4.699999809265137,4.71999979019165,4.739999771118164,4.610000133514404,316057
1338,2026-08-11 13:44:14,15.199999809265137,15.199999809265137,15.300000190734863,14.649999618530273,321175
1339,2026-08-11 13:44:14,45.45000076293945,45.29999923706055,45.599998474121094,44.79999923706055,137092
1340,2026-08-11 13:44:14,5.21999979019165,5.260000228881836,5.28000020980835,5.179999828338623,215419
1341,2026-08-11 13:44:14,58.5,58.599998474121094,58.70000076293945,58.29999923706055,7025
1342,2026-08-11 13:44:14,102.0,104.0,104.0,102.0,196528
1402,2026-08-11 13:44:14,27.200000762939453,27.5,27.5,26.950000762939453,18423741
1409,2026-08-11 13:44:14,24.149999618530273,24.799999237060547,25.350000381469727,23.700000762939453,25747301
1410,2026-08-11 13:44:14,25.700000762939453,25.649999618530273,26.100000381469727,25.399999618530273,56000
1413,2026-08-11 13:44:14,9.380000114440918,9.350000381469727,9.550000190734863,9.34000015258789,3000
1416,2026-08-11 13:44:14,11.050000190734863,11.100000381469727,11.100000381469727,10.949999809265137,184875
1417,2026-08-11 13:44:14,8.279999732971191,8.289999961853027,8.319999694824219,8.25,53213
1414,2026-08-11 13:44:14,19.450000762939453,19.700000762939453,19.75,19.25,189036
1418,2026-08-11 13:44:14,17.899999618530273,17.899999618530273,17.899999618530273,17.899999618530273,0
1419,2026-08-11 13:44:14,65.19999694824219,65.0999984741211,65.5,65.0,58314
1432,2026-08-11 13:44:14,15.25,15.300000190734863,15.300000190734863,15.199999809265137,95526
1423,2026-08-11 13:44:14,35.5,35.5,35.5,35.5,5310
1434,2026-08-11 13:44:14,17.799999237060547,17.649999618530273,17.850000381469727,17.450000762939453,1851038
1435,2026-08-11 13:44:14,25.100000381469727,24.649999618530273,26.200000762939453,24.549999237060547,35897
1436,2026-08-11 13:44:14,37.20000076293945,37.650001525878906,37.650001525878906,36.95000076293945,139022
1437,2026-08-11 13:44:14,30.299999237060547,30.049999237060547,30.5,30.0,72736
1438,2026-08-11 13:44:14,22.450000762939453,22.450000762939453,22.450000762939453,22.350000381469727,9030
1439,2026-08-11 13:44:14,28.850000381469727,29.25,29.299999237060547,28.850000381469727,20000
1441,2026-08-11 13:44:14,8.970000267028809,8.880000114440918,9.0,8.880000114440918,4217
1440,2026-08-11 13:44:14,13.75,13.449999809265137,13.850000381469727,13.350000381469727,3190957
1442,2026-08-11 13:44:14,29.899999618530273,29.899999618530273,30.200000762939453,29.649999618530273,100568
1445,2026-08-11 13:44:14,10.25,10.399999618530273,10.399999618530273,10.149999618530273,139467
1446,2026-08-11 13:44:14,14.0,13.899999618530273,14.0,13.800000190734863,76928
1444,2026-08-11 13:44:14,7.110000133514404,7.25,7.25,7.050000190734863,1102469
1447,2026-08-11 13:44:14,6.96999979019165,7.099999904632568,7.099999904632568,6.929999828338623,1411269
1449,2026-08-11 13:44:14,12.649999618530273,12.899999618530273,12.899999618530273,12.550000190734863,175931
1451,2026-08-11 13:44:14,17.549999237060547,17.549999237060547,17.549999237060547,17.25,121599
1452,2026-08-11 13:44:14,11.199999809265137,11.199999809265137,11.350000381469727,11.199999809265137,8112
1453,2026-08-11 13:44:14,11.0,11.100000381469727,11.100000381469727,11.0,56080
1455,2026-08-11 13:44:14,9.579999923706055,9.800000190734863,9.8100004196167,9.300000190734863,1804480
1456,2026-08-11 13:44:14,14.149999618530273,14.399999618530273,14.399999618530273,14.0,42135
1454,2026-08-11 13:44:14,12.800000190734863,12.800000190734863,12.800000190734863,12.800000190734863,0
1457,2026-08-11 13:44:14,14.149999618530273,14.149999618530273,14.25,14.100000381469727,47478
1459,2026-08-11 13:44:14,13.949999809265137,13.899999618530273,13.949999809265137,13.100000381469727,373411
1460,2026-08-11 13:44:14,6.670000076293945,6.659999847412109,6.71999979019165,6.619999885559082,170194
1463,2026-08-11 13:44:14,17.649999618530273,17.600000381469727,17.700000762939453,17.5,22551
1464,2026-08-11 13:44:14,10.25,10.449999809265137,10.449999809265137,10.149999618530273,397524
1465,2026-08-11 13:44:14,12.350000381469727,12.300000190734863,12.350000381469727,12.100000381469727,136955
1466,2026-08-11 13:44:14,16.450000762939453,16.950000762939453,16.950000762939453,16.25,400522
1467,2026-08-11 13:44:14,9.15999984741211,9.789999961853027,9.789999961853027,9.0,572538
1468,2026-08-11 13:44:14,13.399999618530273,13.449999809265137,13.449999809265137,13.149999618530273,32000
1470,2026-08-11 13:44:14,23.5,23.350000381469727,23.5,23.350000381469727,7000
1471,2026-08-11 13:44:14,9.460000038146973,9.460000038146973,9.579999923706055,9.399999618530273,88154
1472,2026-08-11 13:44:14,88.0999984741211,87.69999694824219,88.0999984741211,87.69999694824219,0
1473,2026-08-11 13:44:14,20.100000381469727,20.0,20.149999618530273,20.0,49815
1474,2026-08-11 13:44:14,10.050000190734863,10.100000381469727,10.100000381469727,9.949999809265137,24012
1475,2026-08-11 13:44:14,27.149999618530273,27.200000762939453,27.200000762939453,26.899999618530273,31000
1476,2026-08-11 13:44:14,332.5,336.0,341.5,329.0,1464012
1477,2026-08-11 13:44:14,222.5,224.0,224.0,221.0,1410485
1503,2026-08-11 13:44:14,196.5,195.5,198.0,192.0,1430484
1504,2026-08-11 13:44:14,67.30000305175781,67.19999694824219,67.30000305175781,66.30000305175781,3315019
1506,2026-08-11 13:44:14,10.399999618530273,10.600000381469727,10.600000381469727,10.350000381469727,184975
1512,2026-08-11 13:44:14,6.559999942779541,6.5,6.710000038146973,6.5,46448
1514,2026-08-11 13:44:14,102.0,101.0,102.0,100.0,958800
1513,2026-08-11 13:44:14,160.0,159.5,160.5,157.5,1530432
1515,2026-08-11 13:44:14,31.299999237060547,31.5,31.700000762939453,29.600000381469727,1918950
1516,2026-08-11 13:44:14,15.25,14.5,15.399999618530273,14.5,37834
1517,2026-08-11 13:44:14,12.350000381469727,11.850000381469727,12.800000190734863,11.75,2814070
1519,2026-08-11 13:44:14,704.0,668.0,710.0,666.0,1792118
1521,2026-08-11 13:44:14,25.100000381469727,25.200000762939453,25.25,25.0,18623
1522,2026-08-11 13:44:14,28.049999237060547,28.149999618530273,28.200000762939453,27.600000381469727,459814
1524,2026-08-11 13:44:14,27.25,27.149999618530273,27.299999237060547,26.850000381469727,228232
1525,2026-08-11 13:44:14,67.5,67.69999694824219,68.0999984741211,67.5,7009
1526,2026-08-11 13:44:14,18.850000381469727,18.299999237060547,19.200000762939453,17.75,1114033
1527,2026-08-11 13:44:14,32.75,32.5,33.04999923706055,32.5,104174
1528,2026-08-11 13:44:14,18.950000762939453,19.0,19.399999618530273,18.850000381469727,683185
1529,2026-08-11 13:44:14,16.799999237060547,17.100000381469727,17.149999618530273,16.549999237060547,366723
1530,2026-08-11 13:44:14,28.899999618530273,27.399999618530273,29.200000762939453,27.399999618530273,86409
1531,2026-08-11 13:44:14,13.0,12.850000381469727,13.0,12.800000190734863,84687
1532,2026-08-11 13:44:14,21.75,21.75,21.899999618530273,21.700000762939453,243915
1533,2026-08-11 13:44:14,32.099998474121094,33.650001525878906,33.650001525878906,31.799999237060547,146216
1535,2026-08-11 13:44:14,46.599998474121094,46.75,46.75,46.0,46050
1536,2026-08-11 13:44:14,51.0,52.0,52.0,50.79999923706055,964129
1537,2026-08-11 13:44:14,127.5,127.0,128.0,126.5,88493
1539,2026-08-11 13:44:14,16.350000381469727,16.350000381469727,16.700000762939453,16.350000381469727,168367
1540,2026-08-11 13:44:14,19.75,19.799999237060547,19.950000762939453,19.700000762939453,159548
1541,2026-08-11 13:44:14,21.399999618530273,21.600000381469727,21.600000381469727,21.350000381469727,21105
1558,2026-08-11 13:44:14,95.4000015258789,94.5999984741211,95.4000015258789,94.5999984741211,131853
1560,2026-08-11 13:44:14,686.0,680.0,691.0,668.0,717507
1563,2026-08-11 13:44:14,62.099998474121094,56.0,62.099998474121094,55.900001525878906,3981502
1568,2026-08-11 13:44:14,28.5,28.299999237060547,28.950000762939453,28.149999618530273,194409
1582,2026-08-11 13:44:14,75.0999984741211,73.5999984741211,75.5999984741211,73.5,817480
1583,2026-08-11 13:44:14,49.75,50.0,50.0,49.04999923706055,26242
1587,2026-08-11 13:44:14,24.100000381469727,24.200000762939453,24.200000762939453,23.899999618530273,114097
1590,2026-08-11 13:44:14,1555.0,1565.0,1575.0,1510.0,676598
1597,2026-08-11 13:44:14,148.5,147.0,152.5,144.5,1903040
1598,2026-08-11 13:44:14,20.649999618530273,20.450000762939453,20.649999618530273,20.200000762939453,341141
1604,2026-08-11 13:44:14,23.25,23.299999237060547,23.299999237060547,23.200000762939453,92922
1603,2026-08-11 13:44:14,29.25,29.299999237060547,29.5,29.0,180894
1605,2026-08-11 13:44:14,38.25,37.900001525878906,38.849998474121094,37.04999923706055,43668424
1608,2026-08-11 13:44:14,36.29999923706055,35.95000076293945,37.0,35.79999923706055,7272344
1609,2026-08-11 13:44:14,37.0,37.0,37.54999923706055,36.70000076293945,3355738
1611,2026-08-11 13:44:14,11.899999618530273,11.899999618530273,11.899999618530273,11.75,289575
1612,2026-08-11 13:44:14,34.0,33.099998474121094,34.150001525878906,33.04999923706055,2154092
1614,2026-08-11 13:44:14,31.0,31.0,31.0,30.75,13031
1615,2026-08-11 13:44:14,42.25,42.25,42.54999923706055,42.150001525878906,132365
1616,2026-08-11 13:44:14,19.649999618530273,19.950000762939453,19.950000762939453,19.450000762939453,171881
1617,2026-08-11 13:44:14,18.850000381469727,19.100000381469727,19.450000762939453,18.700000762939453,560007
1618,2026-08-11 13:44:14,40.849998474121094,40.5,40.849998474121094,40.150001525878906,821888
1623,2026-08-11 13:44:14,208.5,208.5,209.5,207.0,43518
1626,2026-08-11 13:44:14,9.550000190734863,9.59000015258789,9.640000343322754,9.550000190734863,29929
1702,2026-08-11 13:44:14,33.349998474121094,33.349998474121094,33.599998474121094,33.29999923706055,106361
1707,2026-08-11 13:44:14,89.80000305175781,89.5999984741211,90.0,89.30000305175781,252567
1708,2026-08-11 13:44:14,49.25,49.5,49.849998474121094,48.79999923706055,1713186
1709,2026-08-11 13:44:14,27.549999237060547,26.75,27.700000762939453,26.200000762939453,3386650
1710,2026-08-11 13:44:14,14.899999618530273,14.5,15.100000381469727,14.5,5650256
1711,2026-08-11 13:44:14,37.75,37.900001525878906,39.29999923706055,37.150001525878906,11001932
1712,2026-08-11 13:44:14,39.45000076293945,39.25,39.54999923706055,39.04999923706055,712685
1713,2026-08-11 13:44:14,45.20000076293945,43.849998474121094,45.650001525878906,43.79999923706055,207533
1714,2026-08-11 13:44:14,16.600000381469727,16.450000762939453,17.200000762939453,16.25,20398119
1717,2026-08-11 13:44:14,72.19999694824219,69.5,73.5,68.9000015258789,17100833
1718,2026-08-11 13:44:14,10.199999809265137,10.199999809265137,10.350000381469727,10.149999618530273,17839433
1720,2026-08-11 13:44:14,56.400001525878906,56.5,56.599998474121094,56.20000076293945,112977
1721,2026-08-11 13:44:14,19.850000381469727,20.100000381469727,20.25,19.600000381469727,514131
1723,2026-08-11 13:44:14,85.30000305175781,86.30000305175781,87.69999694824219,84.80000305175781,378278
1722,2026-08-11 13:44:14,46.099998474121094,46.099998474121094,46.20000076293945,45.75,1067037
1725,2026-08-11 13:44:14,30.549999237060547,30.899999618530273,31.600000381469727,30.5,44291
1726,2026-08-11 13:44:14,77.19999694824219,77.0999984741211,78.19999694824219,77.0,21626
1730,2026-08-11 13:44:14,51.400001525878906,51.70000076293945,51.79999923706055,51.400001525878906,20505
1727,2026-08-11 13:44:14,75.5999984741211,76.0999984741211,77.5,75.0,2250827
1732,2026-08-11 13:44:14,26.0,26.700000762939453,26.700000762939453,25.850000381469727,550065
1731,2026-08-11 13:44:14,21.0,21.100000381469727,21.200000762939453,20.5,297093
1734,2026-08-11 13:44:14,31.549999237060547,31.700000762939453,32.0,31.5,158647
1733,2026-08-11 13:44:14,30.850000381469727,31.200000762939453,31.299999237060547,30.799999237060547,162474
1735,2026-08-11 13:44:14,20.200000762939453,20.549999237060547,20.75,20.149999618530273,96043
1736,2026-08-11 13:44:14,144.5,139.5,146.0,137.0,1230753
1737,2026-08-11 13:44:14,31.950000762939453,31.950000762939453,32.0,31.899999618530273,110371
1752,2026-08-11 13:44:14,32.0,31.899999618530273,32.04999923706055,31.600000381469727,41315
1760,2026-08-11 13:44:14,59.20000076293945,59.20000076293945,59.29999923706055,58.5,59361
1762,2026-08-11 13:44:14,35.900001525878906,36.599998474121094,36.599998474121094,35.79999923706055,192073
1773,2026-08-11 13:44:14,161.0,164.0,164.0,161.0,389719
1776,2026-08-11 13:44:14,17.100000381469727,16.649999618530273,17.100000381469727,16.649999618530273,40186
1783,2026-08-11 13:44:14,40.0,41.0,41.0,39.849998474121094,149042
1786,2026-08-11 13:44:14,51.20000076293945,50.79999923706055,51.400001525878906,50.70000076293945,76361
1789,2026-08-11 13:44:14,19.0,18.799999237060547,19.0,18.600000381469727,341943
1795,2026-08-11 13:44:14,188.5,188.5,190.0,184.5,940889
1802,2026-08-11 13:44:14,55.900001525878906,54.70000076293945,56.20000076293945,54.5,25042966
1805,2026-08-11 13:44:14,9.970000267028809,9.989999771118164,9.989999771118164,9.949999809265137,27134
1806,2026-08-11 13:44:14,7.980000019073486,8.039999961853027,8.039999961853027,7.980000019073486,70332
1808,2026-08-11 13:44:14,32.349998474121094,33.0,33.0,32.04999923706055,2027054
1810,2026-08-11 13:44:14,24.799999237060547,24.350000381469727,25.149999618530273,23.75,5833237
1809,2026-08-11 13:44:14,41.099998474121094,42.20000076293945,43.95000076293945,41.099998474121094,7101003
1903,2026-08-11 13:44:14,47.29999923706055,47.25,47.400001525878906,47.0,60564
1817,2026-08-11 13:44:14,38.400001525878906,38.45000076293945,38.599998474121094,38.400001525878906,18360
1905,2026-08-11 13:44:14,13.350000381469727,13.449999809265137,13.449999809265137,13.149999618530273,1485068
1904,2026-08-11 13:44:14,24.5,24.200000762939453,24.5,24.0,3659273
1907,2026-08-11 13:44:14,30.25,31.200000762939453,31.200000762939453,30.049999237060547,1758754
1906,2026-08-11 13:44:14,11.100000381469727,11.100000381469727,11.149999618530273,11.0,101255
1909,2026-08-11 13:44:14,10.100000381469727,10.100000381469727,10.199999809265137,10.0,1585151
2002,2026-08-11 13:44:14,19.700000762939453,19.799999237060547,19.899999618530273,19.549999237060547,74096735
2006,2026-08-11 13:44:14,85.0,86.4000015258789,86.5,84.0999984741211,2830748
2007,2026-08-11 13:44:14,7.079999923706055,7.21999979019165,7.21999979019165,7.079999923706055,152082
2008,2026-08-11 13:44:14,30.5,30.600000381469727,30.600000381469727,30.5,10376
2009,2026-08-11 13:44:14,40.04999923706055,40.0,40.5,39.349998474121094,2097397
2010,2026-08-11 13:44:14,23.049999237060547,23.350000381469727,23.399999618530273,22.850000381469727,1870985
2012,2026-08-11 13:44:14,15.149999618530273,15.149999618530273,15.199999809265137,15.100000381469727,19723
2013,2026-08-11 13:44:14,41.599998474121094,41.45000076293945,42.599998474121094,41.29999923706055,147992
2014,2026-08-11 13:44:14,17.649999618530273,17.850000381469727,17.899999618530273,17.350000381469727,3259148
2015,2026-08-11 13:44:14,64.5999984741211,65.5,65.5999984741211,64.30000305175781,280644
2017,2026-08-11 13:44:14,8.930000305175781,9.119999885559082,9.119999885559082,8.890000343322754,371122
2020,2026-08-11 13:44:14,21.200000762939453,21.75,21.75,21.049999237060547,431407
2022,2026-08-11 13:44:14,7.840000152587891,7.909999847412109,7.949999809265137,7.75,402415
2023,2026-08-11 13:44:14,13.899999618530273,13.949999809265137,14.0,13.850000381469727,473792
2024,2026-08-11 13:44:14,13.5,13.800000190734863,13.800000190734863,13.5,3258
2025,2026-08-11 13:44:14,12.399999618530273,12.899999618530273,12.899999618530273,12.199999809265137,2504737
2027,2026-08-11 13:44:14,46.45000076293945,47.5,47.75,46.0,13361200
2029,2026-08-11 13:44:14,21.299999237060547,21.299999237060547,21.350000381469727,21.0,382294
2028,2026-08-11 13:44:14,15.5,15.600000381469727,15.800000190734863,15.5,89426
2031,2026-08-11 13:44:14,45.95000076293945,46.5,47.5,45.650001525878906,2175077
2030,2026-08-11 13:44:14,21.200000762939453,21.399999618530273,21.899999618530273,20.649999618530273,6924991
2032,2026-08-11 13:44:14,17.450000762939453,18.0,18.100000381469727,17.399999618530273,1323846
2033,2026-08-11 13:44:14,20.549999237060547,19.399999618530273,20.549999237060547,19.049999237060547,2874421
2034,2026-08-11 13:44:14,20.450000762939453,20.350000381469727,20.600000381469727,20.200000762939453,2084099
2038,2026-08-11 13:44:14,12.899999618530273,13.149999618530273,13.25,12.899999618530273,224132
2049,2026-08-11 13:44:14,366.0,381.0,384.0,360.0,6730413
2059,2026-08-11 13:44:14,12425.0,11700.0,12540.0,11615.0,398661
2069,2026-08-11 13:44:14,20.149999618530273,20.0,20.350000381469727,19.950000762939453,1276294
2062,2026-08-11 13:44:14,18.75,18.899999618530273,18.899999618530273,18.649999618530273,104266
2101,2026-08-11 13:44:14,33.849998474121094,34.0,34.20000076293945,33.29999923706055,2099985
2072,2026-08-11 13:44:14,153.0,154.5,154.5,152.0,255586
2102,2026-08-11 13:44:14,18.899999618530273,18.649999618530273,18.950000762939453,18.5,214892
2103,2026-08-11 13:44:14,28.450000762939453,27.799999237060547,28.950000762939453,27.5,31901198
2104,2026-08-11 13:44:14,10.399999618530273,10.449999809265137,10.5,10.300000190734863,2796334
2105,2026-08-11 13:44:14,31.75,31.5,31.850000381469727,31.149999618530273,3446435
2106,2026-08-11 13:44:14,18.700000762939453,18.350000381469727,18.850000381469727,18.200000762939453,1361831
2107,2026-08-11 13:44:14,25.700000762939453,25.450000762939453,25.700000762939453,25.399999618530273,189570
2109,2026-08-11 13:44:14,14.649999618530273,14.5,14.699999809265137,14.5,72718
2114,2026-08-11 13:44:14,88.0,88.0,88.0,87.5999984741211,27559
2108,2026-08-11 13:44:14,29.899999618530273,30.0,30.049999237060547,29.450000762939453,1240517
2115,2026-08-11 13:44:14,23.0,23.399999618530273,23.399999618530273,22.799999237060547,92525
2201,2026-08-11 13:44:14,27.700000762939453,27.549999237060547,27.75,27.350000381469727,1100019
2204,2026-08-11 13:44:14,51.79999923706055,51.79999923706055,51.900001525878906,51.20000076293945,1178078
2206,2026-08-11 13:44:14,61.79999923706055,62.29999923706055,62.599998474121094,61.29999923706055,534292
2207,2026-08-11 13:44:14,511.0,514.0,519.0,508.0,264216
2208,2026-08-11 13:44:14,19.149999618530273,19.200000762939453,19.25,18.899999618530273,2202782
2211,2026-08-11 13:44:14,88.30000305175781,88.0999984741211,88.5999984741211,87.80000305175781,446825
2227,2026-08-11 13:44:14,49.0,48.900001525878906,49.29999923706055,48.900001525878906,9130
2228,2026-08-11 13:44:14,74.30000305175781,75.19999694824219,75.19999694824219,74.0999984741211,165091
2231,2026-08-11 13:44:14,100.0,99.0,102.0,97.30000305175781,348859
2233,2026-08-11 13:44:14,200.5,201.5,205.0,199.0,427447
2236,2026-08-11 13:44:14,135.0,136.0,136.0,125.0,703095
2239,2026-08-11 13:44:14,19.299999237060547,19.299999237060547,19.850000381469727,19.049999237060547,152492
2241,2026-08-11 13:44:14,33.04999923706055,32.599998474121094,34.0,32.04999923706055,317054
2243,2026-08-11 13:44:14,40.25,39.650001525878906,40.599998474121094,39.349998474121094,183954
2247,2026-08-11 13:44:14,229.0,228.0,229.0,227.0,20343
2248,2026-08-11 13:44:14,57.099998474121094,61.0,61.70000076293945,56.70000076293945,250300
2250,2026-08-11 13:44:14,59.599998474121094,60.0,60.79999923706055,59.599998474121094,46591
2301,2026-08-11 13:44:14,267.5,274.0,277.5,258.5,43755394
2302,2026-08-11 13:44:14,46.150001525878906,43.95000076293945,46.70000076293945,43.70000076293945,7979921
2303,2026-08-11 13:44:14,123.0,121.5,124.5,120.0,69946500
2305,2026-08-11 13:44:14,27.25,28.700000762939453,28.799999237060547,27.100000381469727,4728876
2308,2026-08-11 13:44:14,1805.0,1835.0,1865.0,1785.0,15401789
2312,2026-08-11 13:44:14,32.849998474121094,32.95000076293945,34.5,32.5,17916043
2313,2026-08-11 13:44:14,211.5,210.5,215.0,205.5,24163895
2314,2026-08-11 13:44:14,11.449999809265137,11.5,11.5,11.199999809265137,206166
2316,2026-08-11 13:44:14,171.5,168.5,179.0,167.0,2849333
2317,2026-08-11 13:44:14,263.0,266.0,266.0,260.5,19781330
2321,2026-08-11 13:44:14,15.600000381469727,15.399999618530273,15.949999809265137,15.050000190734863,37000
2323,2026-08-11 13:44:14,10.199999809265137,10.25,10.300000190734863,10.100000381469727,2596526
2324,2026-08-11 13:44:14,36.349998474121094,36.29999923706055,36.5,35.650001525878906,22797669
2328,2026-08-11 13:44:14,46.04999923706055,47.0,47.0,45.650001525878906,1680966
2327,2026-08-11 13:44:14,613.0,568.0,623.0,567.0,77724525
2329,2026-08-11 13:44:14,44.150001525878906,44.400001525878906,44.849998474121094,43.70000076293945,1605589
2330,2026-08-11 13:44:14,2400.0,2390.0,2405.0,2375.0,11944815
2331,2026-08-11 13:44:14,19.200000762939453,19.649999618530273,19.700000762939453,19.100000381469727,1489776
2332,2026-08-11 13:44:14,22.600000381469727,23.75,23.799999237060547,22.549999237060547,33306704
2337,2026-08-11 13:44:14,131.5,134.0,139.0,129.0,131540366
2338,2026-08-11 13:44:14,39.79999923706055,40.099998474121094,40.400001525878906,39.25,722266
2340,2026-08-11 13:44:14,31.100000381469727,32.0,32.29999923706055,30.700000762939453,2208428
2342,2026-08-11 13:44:14,37.0,37.599998474121094,38.099998474121094,36.349998474121094,1433767
2344,2026-08-11 13:44:14,177.5,178.0,181.0,172.5,176763846
2345,2026-08-11 13:44:14,2130.0,2140.0,2150.0,2075.0,3004547
2348,2026-08-11 13:44:14,70.5,71.0999984741211,71.0999984741211,70.0,418214
2347,2026-08-11 13:44:14,91.19999694824219,91.4000015258789,91.5,89.4000015258789,4393361
2349,2026-08-11 13:44:14,11.0,11.149999618530273,11.149999618530273,10.850000381469727,1307955
2351,2026-08-11 13:44:14,168.5,166.0,170.5,165.0,1608286
2352,2026-08-11 13:44:14,28.899999618530273,29.700000762939453,29.850000381469727,28.700000762939453,7355911
2353,2026-08-11 13:44:14,30.950000762939453,30.899999618530273,31.0,30.5,10544035
2354,2026-08-11 13:44:14,62.70000076293945,63.099998474121094,63.900001525878906,61.70000076293945,15171443
2355,2026-08-11 13:44:14,42.5,42.0,42.54999923706055,41.400001525878906,2212488
2356,2026-08-11 13:44:14,65.0,65.9000015258789,66.0,64.19999694824219,12405041
2357,2026-08-11 13:44:14,834.0,818.0,834.0,812.0,2586347
2359,2026-08-11 13:44:14,140.5,150.0,150.0,139.0,7760048
2360,2026-08-11 13:44:14,2095.0,2025.0,2130.0,1965.0,1436483
2362,2026-08-11 13:44:14,47.29999923706055,46.79999923706055,47.349998474121094,45.599998474121094,1813880
2363,2026-08-11 13:44:14,56.900001525878906,54.20000076293945,57.29999923706055,53.29999923706055,8879925
2364,2026-08-11 13:44:14,75.5,76.0,76.0,74.0999984741211,196762
2365,2026-08-11 13:44:14,30.899999618530273,30.850000381469727,31.149999618530273,30.350000381469727,843289
2367,2026-08-11 13:44:14,44.650001525878906,44.70000076293945,45.0,43.349998474121094,6911409
2368,2026-08-11 13:44:14,963.0,917.0,984.0,915.0,12312241
2369,2026-08-11 13:44:14,32.95000076293945,33.849998474121094,33.900001525878906,32.599998474121094,3850841
2373,2026-08-11 13:44:14,53.79999923706055,53.29999923706055,54.0,53.20000076293945,22693
2371,2026-08-11 13:44:14,25.799999237060547,26.0,26.600000381469727,24.899999618530273,13466512
2374,2026-08-11 13:44:14,71.19999694824219,72.5999984741211,73.0,71.0999984741211,3136294
2375,2026-08-11 13:44:14,128.0,122.0,133.0,122.0,12148973
2376,2026-08-11 13:44:14,349.0,349.5,353.0,346.5,3623086
2377,2026-08-11 13:44:14,153.5,155.0,155.5,152.5,5387005
2379,2026-08-11 13:44:14,768.0,758.0,780.0,758.0,2016512
2380,2026-08-11 13:44:14,19.25,19.100000381469727,19.25,19.100000381469727,5690
2382,2026-08-11 13:44:14,315.5,312.5,316.5,309.5,13317175
2383,2026-08-11 13:44:14,5500.0,5300.0,5525.0,5240.0,2567630
2385,2026-08-11 13:44:14,104.5,103.0,105.0,102.0,3122525
2387,2026-08-11 13:44:14,37.150001525878906,37.54999923706055,37.54999923706055,37.04999923706055,630775
2388,2026-08-11 13:44:14,79.19999694824219,80.30000305175781,82.30000305175781,78.80000305175781,3742222
2390,2026-08-11 13:44:14,10.399999618530273,10.600000381469727,10.600000381469727,10.399999618530273,278077
2392,2026-08-11 13:44:14,39.79999923706055,38.5,40.0,38.04999923706055,3808695
2393,2026-08-11 13:44:14,64.0999984741211,62.400001525878906,64.4000015258789,61.599998474121094,2891021
2395,2026-08-11 13:44:14,661.0,660.0,672.0,644.0,3555446
2397,2026-08-11 13:44:14,67.4000015258789,67.0999984741211,67.80000305175781,64.30000305175781,1494779
2399,2026-08-11 13:44:14,42.5,43.04999923706055,43.75,42.45000076293945,3225420
2401,2026-08-11 13:44:14,27.399999618530273,28.100000381469727,28.100000381469727,27.25,2136638
2402,2026-08-11 13:44:14,55.5,55.099998474121094,56.099998474121094,54.70000076293945,931594
2404,2026-08-11 13:44:14,1150.0,1170.0,1170.0,1140.0,936989
2405,2026-08-11 13:44:14,15.949999809265137,16.399999618530273,16.399999618530273,15.850000381469727,976836
2406,2026-08-11 13:44:14,31.75,32.150001525878906,32.599998474121094,31.75,4921433
2408,2026-08-11 13:44:14,485.5,491.5,500.0,474.0,102476235
2409,2026-08-11 13:44:14,26.0,27.850000381469727,27.899999618530273,25.899999618530273,406919438
2412,2026-08-11 13:44:14,136.0,136.5,137.0,136.0,6433351
2413,2026-08-11 13:44:14,44.29999923706055,45.5,46.0,44.150001525878906,1824352
2414,2026-08-11 13:44:14,51.5,53.20000076293945,54.29999923706055,51.29999923706055,1650918
2415,2026-08-11 13:44:14,30.25,30.600000381469727,30.600000381469727,30.049999237060547,177395
2417,2026-08-11 13:44:14,43.79999923706055,45.20000076293945,45.5,43.650001525878906,3389247
2419,2026-08-11 13:44:14,24.700000762939453,24.950000762939453,24.950000762939453,24.399999618530273,267727
2420,2026-08-11 13:44:14,57.29999923706055,57.5,58.20000076293945,56.900001525878906,695406
2421,2026-08-11 13:44:14,151.0,148.5,151.0,147.0,2067901
2423,2026-08-11 13:44:14,72.69999694824219,71.80000305175781,74.5999984741211,71.80000305175781,143753
2424,2026-08-11 13:44:14,8.75,8.710000038146973,9.0600004196167,8.359999656677246,19000
2425,2026-08-11 13:44:14,45.849998474121094,48.25,48.849998474121094,44.79999923706055,8496123
2426,2026-08-11 13:44:14,64.80000305175781,67.0,68.0999984741211,64.69999694824219,9513358
2427,2026-08-11 13:44:14,21.549999237060547,21.899999618530273,21.899999618530273,21.399999618530273,510718
2428,2026-08-11 13:44:14,232.0,230.0,238.0,228.0,652992
2429,2026-08-11 13:44:14,31.700000762939453,31.399999618530273,32.5,30.5,466606
2430,2026-08-11 13:44:14,17.049999237060547,17.25,17.25,17.0,43539
2431,2026-08-11 13:44:14,10.399999618530273,10.100000381469727,10.5,10.100000381469727,190517
2433,2026-08-11 13:44:14,41.900001525878906,41.70000076293945,41.900001525878906,41.70000076293945,7200
2434,2026-08-11 13:44:14,49.20000076293945,50.5,50.79999923706055,48.20000076293945,757803
2436,2026-08-11 13:44:14,67.0999984741211,66.4000015258789,68.4000015258789,66.19999694824219,4681459
2438,2026-08-11 13:44:14,19.25,17.899999618530273,19.25,17.899999618530273,271607
2439,2026-08-11 13:44:14,82.0999984741211,82.30000305175781,82.5999984741211,81.0999984741211,2021090
2440,2026-08-11 13:44:14,15.300000190734863,16.0,16.0,15.25,254885
2441,2026-08-11 13:44:14,124.5,127.5,129.5,119.5,12265476
2442,2026-08-11 13:44:14,19.5,19.649999618530273,19.700000762939453,19.399999618530273,706678
2444,2026-08-11 13:44:14,11.25,11.399999618530273,11.5,11.199999809265137,127451
2449,2026-08-11 13:44:14,245.0,243.0,250.5,238.5,15412419
2450,2026-08-11 13:44:14,28.25,28.399999618530273,28.399999618530273,28.149999618530273,220658
2451,2026-08-11 13:44:14,285.5,292.5,293.5,284.0,5265503
2453,2026-08-11 13:44:14,52.29999923706055,52.599998474121094,52.599998474121094,52.099998474121094,158463
2455,2026-08-11 13:44:14,363.5,365.0,373.5,358.5,3177973
2454,2026-08-11 13:44:14,4030.0,3900.0,4050.0,3810.0,6783383
2457,2026-08-11 13:44:14,23.200000762939453,23.899999618530273,23.899999618530273,23.049999237060547,1089293
2458,2026-08-11 13:44:14,145.0,144.5,146.5,144.0,2825083
2459,2026-08-11 13:44:14,65.5999984741211,66.5999984741211,66.5999984741211,65.5,50273
2460,2026-08-11 13:44:14,31.299999237060547,31.0,32.099998474121094,30.850000381469727,276953
2461,2026-08-11 13:44:14,17.350000381469727,17.5,17.649999618530273,17.25,705442
2462,2026-08-11 13:44:14,19.649999618530273,19.5,19.649999618530273,19.299999237060547,149901
2464,2026-08-11 13:44:14,188.0,180.0,196.0,176.0,25215950
2465,2026-08-11 13:44:14,86.9000015258789,94.5999984741211,95.80000305175781,86.9000015258789,4842526
2466,2026-08-11 13:44:14,92.5,95.0,95.19999694824219,87.4000015258789,2635420
2467,2026-08-11 13:44:14,534.0,549.0,549.0,529.0,952900
2468,2026-08-11 13:44:14,34.599998474121094,35.20000076293945,35.599998474121094,34.45000076293945,211450
2471,2026-08-11 13:44:14,50.099998474121094,49.5,50.20000076293945,49.400001525878906,146340
2472,2026-08-11 13:44:14,244.5,237.5,257.5,236.5,5778003
2474,2026-08-11 13:44:14,205.5,200.0,208.5,200.0,6121716
2476,2026-08-11 13:44:14,124.5,127.0,127.0,122.0,1454184
2477,2026-08-11 13:44:14,22.149999618530273,22.049999237060547,22.299999237060547,21.950000762939453,101659
2478,2026-08-11 13:44:14,121.0,120.0,131.0,119.5,15834309
2480,2026-08-11 13:44:14,153.0,157.0,157.0,152.5,123535
2481,2026-08-11 13:44:14,140.5,138.0,144.5,136.0,23230673
2482,2026-08-11 13:44:14,16.0,16.149999618530273,16.149999618530273,15.949999809265137,176108
2483,2026-08-11 13:44:14,35.29999923706055,35.400001525878906,36.25,34.79999923706055,1171741
2484,2026-08-11 13:44:14,73.5,74.69999694824219,76.4000015258789,73.30000305175781,13867734
2485,2026-08-11 13:44:14,43.0,43.54999923706055,43.54999923706055,42.04999923706055,4243507
2486,2026-08-11 13:44:14,230.5,233.5,235.0,228.5,3285299
2489,2026-08-11 13:44:14,32.75,33.400001525878906,33.70000076293945,32.29999923706055,14901437
2488,2026-08-11 13:44:14,50.5,49.900001525878906,50.599998474121094,49.400001525878906,166826
2491,2026-08-11 13:44:14,34.0,35.79999923706055,35.79999923706055,32.79999923706055,565101
2492,2026-08-11 13:44:14,300.5,271.0,300.5,270.0,52119988
2493,2026-08-11 13:44:14,239.5,222.5,239.5,222.5,5779803
2495,2026-08-11 13:44:14,38.54999923706055,38.599998474121094,39.20000076293945,38.349998474121094,709088
2496,2026-08-11 13:44:14,59.099998474121094,59.70000076293945,59.70000076293945,59.099998474121094,21653
2497,2026-08-11 13:44:14,47.54999923706055,47.0,47.75,46.599998474121094,228071
2498,2026-08-11 13:44:14,40.45000076293945,40.900001525878906,41.099998474121094,40.20000076293945,2104748
2501,2026-08-11 13:44:14,22.5,22.299999237060547,22.549999237060547,22.200000762939453,1900955
2504,2026-08-11 13:44:14,30.899999618530273,30.899999618530273,30.950000762939453,30.700000762939453,572444
2505,2026-08-11 13:44:14,18.0,18.100000381469727,18.149999618530273,17.950000762939453,196019
2506,2026-08-11 13:44:14,8.5600004196167,8.630000114440918,8.630000114440918,8.5600004196167,74325
2509,2026-08-11 13:44:14,13.550000190734863,13.850000381469727,13.899999618530273,13.550000190734863,95238
2511,2026-08-11 13:44:14,8.220000267028809,8.319999694824219,8.329999923706055,8.199999809265137,877971
2514,2026-08-11 13:44:14,12.149999618530273,12.199999809265137,12.199999809265137,12.100000381469727,43828
2515,2026-08-11 13:44:14,12.100000381469727,11.949999809265137,12.199999809265137,11.850000381469727,5278142
2520,2026-08-11 13:44:14,34.349998474121094,34.79999923706055,34.849998474121094,34.20000076293945,922437
2516,2026-08-11 13:44:14,14.100000381469727,14.25,14.25,14.100000381469727,97395
2524,2026-08-11 13:44:14,34.599998474121094,34.20000076293945,34.650001525878906,33.95000076293945,61462
2530,2026-08-11 13:44:14,19.25,19.25,19.5,19.200000762939453,209716
2528,2026-08-11 13:44:14,20.299999237060547,20.75,20.75,19.799999237060547,509149
2527,2026-08-11 13:44:14,46.70000076293945,47.0,47.04999923706055,45.20000076293945,1153386
2534,2026-08-11 13:44:14,17.049999237060547,17.149999618530273,17.149999618530273,17.049999237060547,133299
2535,2026-08-11 13:44:14,88.69999694824219,90.5,90.5,88.5999984741211,315750
2537,2026-08-11 13:44:14,11.0,11.050000190734863,11.050000190734863,10.949999809265137,370403
2538,2026-08-11 13:44:14,9.140000343322754,9.180000305175781,9.180000305175781,9.119999885559082,331813
2536,2026-08-11 13:44:14,20.950000762939453,20.100000381469727,21.0,20.049999237060547,2799675
2539,2026-08-11 13:44:14,41.54999923706055,42.5,42.5,41.099998474121094,1868018
2540,2026-08-11 13:44:14,43.95000076293945,45.099998474121094,45.099998474121094,43.54999923706055,1615274
2542,2026-08-11 13:44:14,44.54999923706055,44.349998474121094,44.54999923706055,44.150001525878906,4831871
2543,2026-08-11 13:44:14,39.29999923706055,38.75,39.650001525878906,38.70000076293945,829577
2545,2026-08-11 13:44:14,33.900001525878906,32.79999923706055,33.95000076293945,32.79999923706055,660461
2546,2026-08-11 13:44:14,95.5999984741211,90.30000305175781,99.0,90.30000305175781,722238
2547,2026-08-11 13:44:14,10.550000190734863,10.649999618530273,10.699999809265137,10.399999618530273,2452307
2548,2026-08-11 13:44:14,93.5,93.9000015258789,94.0999984741211,93.0999984741211,2064426
2597,2026-08-11 13:44:14,166.5,168.5,168.5,165.5,221861
2601,2026-08-11 13:44:14,6.210000038146973,6.340000152587891,6.340000152587891,6.130000114440918,1300287
2603,2026-08-11 13:44:14,217.5,215.0,220.0,213.5,10826123
2605,2026-08-11 13:44:14,32.75,32.79999923706055,33.0,32.5,3098444
2606,2026-08-11 13:44:14,66.0999984741211,66.5999984741211,66.9000015258789,65.5999984741211,2457126
2607,2026-08-11 13:44:14,48.54999923706055,48.79999923706055,48.79999923706055,48.5,472863
2608,2026-08-11 13:44:14,28.600000381469727,28.600000381469727,28.600000381469727,28.5,261851
2609,2026-08-11 13:44:14,51.79999923706055,51.79999923706055,52.20000076293945,51.29999923706055,20266661
2610,2026-08-11 13:44:14,20.25,20.350000381469727,20.399999618530273,20.0,50270700
2611,2026-08-11 13:44:14,14.100000381469727,14.25,14.25,13.899999618530273,191172
2612,2026-08-11 13:44:14,54.099998474121094,54.900001525878906,55.0,54.099998474121094,181290
2613,2026-08-11 13:44:14,20.549999237060547,20.450000762939453,20.850000381469727,20.350000381469727,96888
2614,2026-08-11 13:44:14,18.0,18.25,18.25,17.950000762939453,390843
2615,2026-08-11 13:44:14,87.0,87.69999694824219,88.80000305175781,86.4000015258789,12163106
2616,2026-08-11 13:44:14,13.350000381469727,13.350000381469727,13.399999618530273,13.350000381469727,24837
2617,2026-08-11 13:44:14,29.200000762939453,29.200000762939453,29.399999618530273,28.950000762939453,1109909
2618,2026-08-11 13:44:14,41.75,42.0,42.150001525878906,41.20000076293945,30544778
2630,2026-08-11 13:44:14,49.0,48.04999923706055,49.849998474121094,46.599998474121094,3538789
2633,2026-08-11 13:44:14,25.700000762939453,25.75,25.899999618530273,25.600000381469727,6440553
2634,2026-08-11 13:44:14,62.70000076293945,61.5,64.4000015258789,59.900001525878906,29256842
2636,2026-08-11 13:44:14,67.80000305175781,66.19999694824219,68.5999984741211,66.19999694824219,779655
2637,2026-08-11 13:44:14,87.30000305175781,87.4000015258789,87.9000015258789,86.5999984741211,1298002
2642,2026-08-11 13:44:14,20.450000762939453,20.299999237060547,20.5,20.299999237060547,16402
2645,2026-08-11 13:44:14,191.5,189.5,193.5,183.5,2882435
2646,2026-08-11 13:44:14,20.75,20.799999237060547,20.799999237060547,20.600000381469727,4089890
2701,2026-08-11 13:44:14,10.600000381469727,10.600000381469727,10.649999618530273,10.600000381469727,5000
2702,2026-08-11 13:44:14,12.399999618530273,12.449999809265137,12.449999809265137,12.300000190734863,36614
2704,2026-08-11 13:44:14,46.70000076293945,46.349998474121094,46.70000076293945,45.650001525878906,32331
2705,2026-08-11 13:44:14,16.049999237060547,16.200000762939453,16.200000762939453,16.049999237060547,57011
2706,2026-08-11 13:44:14,12.550000190734863,12.449999809265137,12.550000190734863,12.449999809265137,16892
2712,2026-08-11 13:44:14,14.600000381469727,14.449999809265137,14.600000381469727,14.350000381469727,5000
2707,2026-08-11 13:44:14,180.5,181.0,182.0,179.5,193397
2722,2026-08-11 13:44:14,21.600000381469727,22.200000762939453,22.25,21.549999237060547,20101
2723,2026-08-11 13:44:14,61.900001525878906,62.79999923706055,62.79999923706055,61.400001525878906,234402
2727,2026-08-11 13:44:14,236.0,240.5,240.5,234.0,360711
2731,2026-08-11 13:44:14,146.0,145.5,146.0,144.5,281397
2739,2026-08-11 13:44:14,34.20000076293945,34.650001525878906,34.75,34.04999923706055,33376
2748,2026-08-11 13:44:14,38.29999923706055,38.400001525878906,38.400001525878906,38.20000076293945,32410
2762,2026-08-11 13:44:14,82.19999694824219,84.19999694824219,84.19999694824219,80.5,183642
2753,2026-08-11 13:44:14,183.5,184.5,184.5,182.5,96431
2801,2026-08-11 13:44:14,23.200000762939453,23.200000762939453,23.200000762939453,23.049999237060547,14780800
2812,2026-08-11 13:44:14,18.549999237060547,18.75,18.75,18.5,10663979
2816,2026-08-11 13:44:14,33.95000076293945,34.150001525878906,34.25,33.900001525878906,157443
2820,2026-08-11 13:44:14,16.200000762939453,16.350000381469727,16.350000381469727,16.200000762939453,3061423
2832,2026-08-11 13:44:14,58.29999923706055,58.29999923706055,58.599998474121094,57.900001525878906,79728
2834,2026-08-11 13:44:14,16.399999618530273,16.5,16.549999237060547,16.350000381469727,26785890
2836,2026-08-11 13:44:14,11.850000381469727,11.949999809265137,11.949999809265137,11.800000190734863,1140092
2838,2026-08-11 13:44:14,19.899999618530273,20.149999618530273,20.200000762939453,19.850000381469727,3657408
2845,2026-08-11 13:44:14,13.100000381469727,13.100000381469727,13.149999618530273,13.100000381469727,3273483
2849,2026-08-11 13:44:14,14.449999809265137,14.699999809265137,14.699999809265137,14.300000190734863,184486
2850,2026-08-11 13:44:14,159.0,161.0,161.5,158.5,140695
2851,2026-08-11 13:44:14,36.04999923706055,35.70000076293945,36.099998474121094,35.599998474121094,793107
2852,2026-08-11 13:44:14,26.649999618530273,26.899999618530273,26.899999618530273,26.600000381469727,246253
2855,2026-08-11 13:44:14,45.95000076293945,45.54999923706055,46.25,45.25,2542159
2867,2026-08-11 13:44:14,9.460000038146973,9.65999984741211,9.65999984741211,9.4399995803833,12289496
2880,2026-08-11 13:44:14,43.849998474121094,43.599998474121094,44.20000076293945,43.400001525878906,22653224
2881,2026-08-11 13:44:14,127.5,129.5,129.5,127.5,9152681
2882,2026-08-11 13:44:14,99.69999694824219,101.5,101.5,99.0999984741211,13202758
2883,2026-08-11 13:44:14,30.950000762939453,30.799999237060547,31.200000762939453,30.649999618530273,16509213
2884,2026-08-11 13:44:14,36.75,37.20000076293945,37.5,36.650001525878906,30897677
2885,2026-08-11 13:44:14,68.0999984741211,67.5999984741211,69.0,67.5,9572501
2886,2026-08-11 13:44:14,49.45000076293945,50.70000076293945,50.900001525878906,49.349998474121094,28162212
2887,2026-08-11 13:44:14,35.349998474121094,35.599998474121094,36.0,35.20000076293945,37975688
2889,2026-08-11 13:44:14,15.25,15.300000190734863,15.300000190734863,15.199999809265137,3060462
2890,2026-08-11 13:44:14,39.04999923706055,39.0,39.25,38.400001525878906,19468560
2891,2026-08-11 13:44:14,66.5999984741211,67.0,67.30000305175781,66.30000305175781,20302835
2892,2026-08-11 13:44:14,32.599998474121094,33.54999923706055,33.70000076293945,32.599998474121094,78093303
2897,2026-08-11 13:44:14,10.149999618530273,10.149999618530273,10.199999809265137,10.100000381469727,3856591
2901,2026-08-11 13:44:14,23.850000381469727,23.700000762939453,23.850000381469727,23.700000762939453,1162
2903,2026-08-11 13:44:14,21.950000762939453,22.049999237060547,22.100000381469727,21.899999618530273,538632
2904,2026-08-11 13:44:14,13.050000190734863,13.050000190734863,13.149999618530273,12.899999618530273,9000
2905,2026-08-11 13:44:14,16.399999618530273,16.600000381469727,16.600000381469727,16.299999237060547,465671
2906,2026-08-11 13:44:14,13.449999809265137,13.550000190734863,13.550000190734863,13.350000381469727,94213
2908,2026-08-11 13:44:14,21.700000762939453,21.799999237060547,21.799999237060547,21.600000381469727,82942
2910,2026-08-11 13:44:14,24.049999237060547,23.850000381469727,24.200000762939453,23.75,22150
2911,2026-08-11 13:44:14,6.920000076293945,7.039999961853027,7.199999809265137,6.909999847412109,147119
2912,2026-08-11 13:44:14,218.5,219.0,220.0,217.0,2638296
2913,2026-08-11 13:44:14,11.050000190734863,11.050000190734863,11.100000381469727,10.949999809265137,825847
2915,2026-08-11 13:44:14,53.599998474121094,53.099998474121094,53.599998474121094,52.599998474121094,1974926
2923,2026-08-11 13:44:14,26.25,28.299999237060547,28.299999237060547,25.75,188735
2929,2026-08-11 13:44:14,5.900000095367432,5.599999904632568,6.03000020980835,5.599999904632568,1661765
2939,2026-08-11 13:44:14,19.049999237060547,19.700000762939453,19.700000762939453,18.549999237060547,17000
2945,2026-08-11 13:44:14,40.20000076293945,40.5,40.5,40.150001525878906,54163
3002,2026-08-11 13:44:14,16.899999618530273,17.5,17.5,16.799999237060547,66261
3003,2026-08-11 13:44:14,70.19999694824219,71.0,74.0,68.80000305175781,4142672
3004,2026-08-11 13:44:14,127.0,125.0,127.5,124.0,447901
3005,2026-08-11 13:44:14,113.5,114.0,115.0,112.5,1761664
3006,2026-08-11 13:44:14,268.5,274.0,274.0,264.0,5015089
3008,2026-08-11 13:44:14,4355.0,4355.0,4420.0,4230.0,1431599
3010,2026-08-11 13:44:14,125.0,122.5,125.0,121.5,644166
3011,2026-08-11 13:44:14,11.550000190734863,11.449999809265137,11.600000381469727,11.300000190734863,344415
3013,2026-08-11 13:44:14,85.69999694824219,85.5,87.0,85.0999984741211,798675
3014,2026-08-11 13:44:14,135.0,136.0,136.5,134.0,1131648
3015,2026-08-11 13:44:14,57.099998474121094,57.099998474121094,58.400001525878906,56.5,834692
3016,2026-08-11 13:44:14,101.5,106.0,107.5,101.5,3301442
3017,2026-08-11 13:44:14,2755.0,2705.0,2800.0,2625.0,2726763
3018,2026-08-11 13:44:14,13.0,13.800000190734863,13.800000190734863,13.0,73044
3019,2026-08-11 13:44:14,138.0,135.0,141.0,132.5,4101102
3021,2026-08-11 13:44:14,21.100000381469727,21.149999618530273,21.350000381469727,20.799999237060547,123504
3022,2026-08-11 13:44:14,107.5,115.5,116.5,107.0,5950503
3023,2026-08-11 13:44:14,319.0,312.5,321.0,310.0,1152443
3024,2026-08-11 13:44:14,13.100000381469727,13.100000381469727,13.300000190734863,12.800000190734863,867748
3025,2026-08-11 13:44:14,55.0,54.900001525878906,55.099998474121094,53.900001525878906,76383
3026,2026-08-11 13:44:14,646.0,617.0,646.0,594.0,21622958
3027,2026-08-11 13:44:14,18.299999237060547,18.649999618530273,18.649999618530273,18.149999618530273,162973
3028,2026-08-11 13:44:14,70.4000015258789,68.80000305175781,71.30000305175781,68.4000015258789,2117928
3029,2026-08-11 13:44:14,107.5,109.5,109.5,107.5,857125
3030,2026-08-11 13:44:14,302.0,297.5,304.5,294.0,1466976
3031,2026-08-11 13:44:14,22.950000762939453,23.299999237060547,23.299999237060547,22.700000762939453,285522
3032,2026-08-11 13:44:14,78.5999984741211,80.0,80.5,78.0999984741211,451457
3033,2026-08-11 13:44:14,50.400001525878906,49.349998474121094,51.0,49.349998474121094,7862709
3034,2026-08-11 13:44:14,534.0,543.0,546.0,533.0,2006334
3035,2026-08-11 13:44:14,175.5,176.5,179.5,174.0,2800937
3037,2026-08-11 13:44:14,989.0,988.0,995.0,972.0,4628353
3036,2026-08-11 13:44:14,218.5,224.5,225.5,215.0,12973847
3038,2026-08-11 13:44:14,20.5,20.600000381469727,20.700000762939453,20.399999618530273,171165
3040,2026-08-11 13:44:14,37.95000076293945,37.849998474121094,38.0,36.95000076293945,45260
3042,2026-08-11 13:44:14,179.5,178.0,187.0,177.0,11245273
3041,2026-08-11 13:44:14,23.5,24.049999237060547,24.049999237060547,23.0,1404568
3043,2026-08-11 13:44:14,20.25,20.600000381469727,20.700000762939453,20.200000762939453,25348
3044,2026-08-11 13:44:14,441.5,441.5,441.5,430.0,7921868
3045,2026-08-11 13:44:14,109.0,110.5,110.5,109.0,13239223
3047,2026-08-11 13:44:14,14.25,14.600000381469727,14.600000381469727,14.199999809265137,498421
3046,2026-08-11 13:44:14,60.400001525878906,60.400001525878906,61.599998474121094,59.29999923706055,1317205
3048,2026-08-11 13:44:14,58.70000076293945,57.20000076293945,60.0,56.70000076293945,4924151
3049,2026-08-11 13:44:14,10.75,10.949999809265137,11.0,10.649999618530273,1228515
3050,2026-08-11 13:44:14,11.550000190734863,11.350000381469727,11.550000190734863,11.199999809265137,475083
3051,2026-08-11 13:44:14,23.100000381469727,23.450000762939453,23.450000762939453,22.950000762939453,287809
3054,2026-08-11 13:44:14,48.20000076293945,49.150001525878906,49.150001525878906,47.0,151077
3052,2026-08-11 13:44:14,10.850000381469727,10.800000190734863,10.899999618530273,10.75,356140
3055,2026-08-11 13:44:14,106.5,120.0,121.0,103.0,3177924
3056,2026-08-11 13:44:14,14.100000381469727,14.100000381469727,14.199999809265137,14.050000190734863,527594
3057,2026-08-11 13:44:14,16.399999618530273,15.800000190734863,17.25,15.800000190734863,342340
3058,2026-08-11 13:44:14,8.239999771118164,8.199999809265137,8.25,8.140000343322754,281272
3059,2026-08-11 13:44:14,40.29999923706055,40.900001525878906,40.900001525878906,40.04999923706055,1218696
3060,2026-08-11 13:44:14,28.850000381469727,29.549999237060547,29.549999237060547,28.549999237060547,1184343
3062,2026-08-11 13:44:14,20.899999618530273,20.899999618530273,20.950000762939453,20.450000762939453,1256633
3090,2026-08-11 13:44:14,174.5,158.0,177.0,158.0,31472230
3092,2026-08-11 13:44:14,23.549999237060547,23.5,23.600000381469727,23.100000381469727,111782
3094,2026-08-11 13:44:14,37.349998474121094,37.04999923706055,37.900001525878906,36.150001525878906,1360222
3130,2026-08-11 13:44:14,203.0,202.5,203.5,202.5,40246
3135,2026-08-11 13:44:14,167.5,165.5,169.5,165.0,1946603
3138,2026-08-11 13:44:14,96.0999984741211,99.5,99.80000305175781,95.30000305175781,204952
3149,2026-08-11 13:44:14,67.9000015258789,69.69999694824219,71.9000015258789,67.5,15155773
3164,2026-08-11 13:44:14,16.350000381469727,16.450000762939453,16.450000762939453,16.299999237060547,10847
3167,2026-08-11 13:44:14,640.0,650.0,665.0,640.0,365143
3168,2026-08-11 13:44:14,42.0,42.45000076293945,42.45000076293945,42.0,17048
3189,2026-08-11 13:44:14,839.0,820.0,844.0,807.0,2678050
3231,2026-08-11 13:44:14,191.5,190.0,193.5,188.0,29883071
3209,2026-08-11 13:44:14,56.5,56.5,57.0,55.900001525878906,1880133
3229,2026-08-11 13:44:14,50.79999923706055,51.900001525878906,51.900001525878906,48.45000076293945,1365341
3257,2026-08-11 13:44:14,51.79999923706055,52.5,52.5,51.20000076293945,158098
3266,2026-08-11 13:44:14,13.850000381469727,13.850000381469727,13.850000381469727,13.699999809265137,17125
3296,2026-08-11 13:44:14,23.200000762939453,23.200000762939453,23.200000762939453,23.0,15842
3305,2026-08-11 13:44:14,112.0,115.5,116.0,111.5,2470872
3308,2026-08-11 13:44:14,19.350000381469727,19.399999618530273,19.450000762939453,19.149999618530273,34290
3311,2026-08-11 13:44:14,32.650001525878906,32.5,32.650001525878906,32.04999923706055,75799
3312,2026-08-11 13:44:14,49.849998474121094,50.0,50.5,49.25,787102
3321,2026-08-11 13:44:14,19.0,19.100000381469727,19.100000381469727,18.5,169001
3338,2026-08-11 13:44:14,63.400001525878906,64.30000305175781,64.30000305175781,62.599998474121094,259472
3346,2026-08-11 13:44:14,20.850000381469727,20.850000381469727,21.100000381469727,20.549999237060547,185472
3356,2026-08-11 13:44:14,58.70000076293945,57.599998474121094,58.79999923706055,57.400001525878906,341489
3376,2026-08-11 13:44:14,184.0,183.0,185.5,181.0,979323
3380,2026-08-11 13:44:14,28.299999237060547,28.649999618530273,28.649999618530273,27.75,1017966
3406,2026-08-11 13:44:14,538.0,546.0,547.0,533.0,789826
3413,2026-08-11 13:44:14,304.0,307.5,308.5,303.5,727135
3416,2026-08-11 13:44:14,186.0,198.0,198.0,186.0,644256
3419,2026-08-11 13:44:14,12.149999618530273,12.0,12.350000381469727,11.949999809265137,68183
3432,2026-08-11 13:44:14,16.049999237060547,16.399999618530273,16.399999618530273,15.800000190734863,23000
3437,2026-08-11 13:44:14,17.399999618530273,18.100000381469727,18.100000381469727,17.299999237060547,341046
3443,2026-08-11 13:44:14,4910.0,4630.0,4980.0,4615.0,3250075
3447,2026-08-11 13:44:14,27.149999618530273,27.399999618530273,27.549999237060547,27.100000381469727,65788
3450,2026-08-11 13:44:14,474.5,500.0,507.0,472.0,4159206
3481,2026-08-11 13:44:14,50.099998474121094,51.400001525878906,52.29999923706055,49.650001525878906,312365067
3494,2026-08-11 13:44:14,7.099999904632568,7.099999904632568,7.099999904632568,7.039999961853027,15940
3501,2026-08-11 13:44:14,39.25,39.099998474121094,39.349998474121094,38.599998474121094,111511
3504,2026-08-11 13:44:14,73.5999984741211,73.5,74.5999984741211,73.0,429475
3515,2026-08-11 13:44:14,215.0,218.0,221.0,214.0,1263367
3518,2026-08-11 13:44:14,27.899999618530273,27.799999237060547,28.649999618530273,27.5,312594
3528,2026-08-11 13:44:14,91.0999984741211,91.0,91.9000015258789,90.19999694824219,323177
3530,2026-08-11 13:44:14,55.70000076293945,55.5,56.20000076293945,55.0,81298
3532,2026-08-11 13:44:14,281.0,282.5,290.5,265.5,7349787
3533,2026-08-11 13:44:14,1990.0,1990.0,2030.0,1960.0,944747
3535,2026-08-11 13:44:14,89.30000305175781,89.19999694824219,91.69999694824219,88.4000015258789,770748
3543,2026-08-11 13:44:14,37.04999923706055,37.75,37.75,35.95000076293945,1019514
3545,2026-08-11 13:44:14,50.5,51.099998474121094,51.400001525878906,49.900001525878906,479514
3550,2026-08-11 13:44:14,23.100000381469727,23.799999237060547,24.200000762939453,22.899999618530273,1864927
3557,2026-08-11 13:44:14,25.0,25.149999618530273,25.350000381469727,24.799999237060547,58924
3563,2026-08-11 13:44:14,677.0,693.0,693.0,666.0,297443
3576,2026-08-11 13:44:14,17.25,17.149999618530273,17.450000762939453,17.049999237060547,6564098
3583,2026-08-11 13:44:14,700.0,696.0,720.0,689.0,676447
3588,2026-08-11 13:44:14,55.900001525878906,58.599998474121094,58.599998474121094,55.900001525878906,222327
3591,2026-08-11 13:44:14,21.399999618530273,21.600000381469727,22.0,21.299999237060547,397058
3592,2026-08-11 13:44:14,239.0,243.0,244.0,238.5,606528
3593,2026-08-11 13:44:14,12.050000190734863,12.050000190734863,12.050000190734863,12.050000190734863,0
3596,2026-08-11 13:44:14,169.5,175.0,175.0,168.0,2262595
3605,2026-08-11 13:44:14,111.0,111.5,119.5,109.5,14590297
3607,2026-08-11 13:44:14,14.100000381469727,14.300000190734863,14.350000381469727,14.0,162197
3617,2026-08-11 13:44:14,228.5,234.0,234.0,226.0,289618
3622,2026-08-11 13:44:14,55.0,54.29999923706055,55.20000076293945,54.29999923706055,199302
3645,2026-08-11 13:44:14,67.80000305175781,67.0999984741211,68.9000015258789,64.9000015258789,2159354
3652,2026-08-11 13:44:14,36.70000076293945,35.95000076293945,38.25,35.29999923706055,5388152
3653,2026-08-11 13:44:14,4055.0,4165.0,4170.0,3895.0,977905
3661,2026-08-11 13:44:14,3955.0,4000.0,4150.0,3925.0,3958537
3665,2026-08-11 13:44:14,2205.0,2145.0,2205.0,2070.0,3330124
3669,2026-08-11 13:44:14,38.400001525878906,38.650001525878906,38.900001525878906,38.0,248628
3673,2026-08-11 13:44:14,63.0,63.20000076293945,64.4000015258789,62.0,3417245
3679,2026-08-11 13:44:14,109.0,109.0,110.0,107.5,71872
3701,2026-08-11 13:44:14,41.150001525878906,41.75,42.599998474121094,40.70000076293945,631521
3694,2026-08-11 13:44:14,53.900001525878906,53.20000076293945,54.5,52.0,1635803
3686,2026-08-11 13:44:14,14.649999618530273,15.0,15.0,14.5,63136
3702,2026-08-11 13:44:14,125.5,126.0,128.0,121.0,9957257
3703,2026-08-11 13:44:14,20.100000381469727,20.049999237060547,20.25,19.950000762939453,3341987
3704,2026-08-11 13:44:14,45.400001525878906,47.20000076293945,47.650001525878906,45.400001525878906,7926937
3705,2026-08-11 13:44:14,53.70000076293945,53.5,53.70000076293945,53.400001525878906,208942
3706,2026-08-11 13:44:14,90.0,91.9000015258789,91.9000015258789,89.5999984741211,11152934
3711,2026-08-11 13:44:14,628.0,629.0,632.0,610.0,16429845
3712,2026-08-11 13:44:14,22.399999618530273,21.0,22.450000762939453,21.0,1181937
3708,2026-08-11 13:44:14,102.5,102.5,105.0,100.0,634217
3714,2026-08-11 13:44:14,56.099998474121094,58.5,59.0,56.099998474121094,7537764
3716,2026-08-11 13:44:14,35.45000076293945,35.349998474121094,35.599998474121094,35.25,494588
3715,2026-08-11 13:44:14,122.5,124.5,129.0,122.0,11182200
3717,2026-08-11 13:44:14,23.0,23.5,23.799999237060547,22.899999618530273,2051396
4104,2026-08-11 13:44:14,71.80000305175781,71.19999694824219,71.80000305175781,71.19999694824219,220448
4106,2026-08-11 13:44:14,24.5,24.5,24.75,24.299999237060547,307934
4108,2026-08-11 13:44:14,11.100000381469727,11.050000190734863,11.100000381469727,11.050000190734863,77627
4119,2026-08-11 13:44:14,52.70000076293945,52.5,52.70000076293945,51.5,142428
4133,2026-08-11 13:44:14,21.0,21.100000381469727,21.25,20.75,114344
4137,2026-08-11 13:44:14,96.19999694824219,95.9000015258789,96.30000305175781,95.5999984741211,137486
4142,2026-08-11 13:44:14,17.350000381469727,17.399999618530273,17.5,17.25,779416
4148,2026-08-11 13:44:14,32.29999923706055,30.950000762939453,33.400001525878906,30.799999237060547,152025
4155,2026-08-11 13:44:14,14.600000381469727,14.300000190734863,14.600000381469727,14.199999809265137,284015
4164,2026-08-11 13:44:14,26.600000381469727,26.350000381469727,26.899999618530273,26.350000381469727,272792
4169,2026-08-11 13:44:14,152.0,153.5,155.0,149.5,252658
4178,2026-08-11 13:44:14,18.200000762939453,17.950000762939453,18.5,17.850000381469727,174191
4190,2026-08-11 13:44:14,25.200000762939453,25.200000762939453,25.450000762939453,25.200000762939453,3573
4306,2026-08-11 13:44:14,14.350000381469727,14.350000381469727,14.399999618530273,14.199999809265137,504331
4414,2026-08-11 13:44:14,8.329999923706055,8.40999984741211,8.40999984741211,8.279999732971191,127064
4426,2026-08-11 13:44:14,7.940000057220459,8.0,8.079999923706055,7.929999828338623,140500
4438,2026-08-11 13:44:14,61.400001525878906,61.0,61.5,60.099998474121094,68691
4439,2026-08-11 13:44:14,103.0,102.5,103.0,102.0,18077
4440,2026-08-11 13:44:14,17.450000762939453,17.700000762939453,18.100000381469727,17.149999618530273,165200
4441,2026-08-11 13:44:14,202.0,203.0,203.5,197.0,216462
4526,2026-08-11 13:44:14,30.799999237060547,30.75,31.0,30.25,1274116
4532,2026-08-11 13:44:14,23.649999618530273,24.149999618530273,24.149999618530273,23.5,1347920
4536,2026-08-11 13:44:14,171.5,168.0,171.5,166.0,247680
4540,2026-08-11 13:44:14,58.400001525878906,59.599998474121094,59.599998474121094,57.599998474121094,2337270
4545,2026-08-11 13:44:14,32.45000076293945,33.04999923706055,33.5,32.45000076293945,46035
4551,2026-08-11 13:44:14,157.0,171.0,171.0,157.0,2632327
4552,2026-08-11 13:44:14,17.600000381469727,17.5,17.649999618530273,17.399999618530273,22114
4555,2026-08-11 13:44:14,47.599998474121094,48.150001525878906,48.400001525878906,47.5,163126
4557,2026-08-11 13:44:14,50.0,49.349998474121094,50.099998474121094,49.04999923706055,103053
4560,2026-08-11 13:44:14,32.25,32.400001525878906,32.5,31.899999618530273,278100
4562,2026-08-11 13:44:14,31.850000381469727,31.950000762939453,32.599998474121094,31.850000381469727,183329
4564,2026-08-11 13:44:14,16.899999618530273,16.600000381469727,17.100000381469727,16.350000381469727,852834
4566,2026-08-11 13:44:14,70.5,74.5999984741211,74.5999984741211,70.0,3668705
4569,2026-08-11 13:44:14,166.0,167.0,170.0,165.0,63331
4571,2026-08-11 13:44:14,168.5,170.0,170.5,166.0,255838
4572,2026-08-11 13:44:14,141.0,141.0,141.5,141.0,9085
4576,2026-08-11 13:44:14,218.0,223.5,226.0,216.0,1510336
4581,2026-08-11 13:44:14,51.29999923706055,51.70000076293945,52.29999923706055,51.099998474121094,26410
4583,2026-08-11 13:44:14,503.0,493.0,508.0,485.0,256864
4585,2026-08-11 13:44:14,309.0,313.5,313.5,307.5,171480
4588,2026-08-11 13:44:14,52.29999923706055,52.29999923706055,52.5,51.70000076293945,25051
4720,2026-08-11 13:44:14,19.899999618530273,20.049999237060547,20.049999237060547,19.600000381469727,375664
4736,2026-08-11 13:44:14,131.5,130.0,133.0,130.0,276933
4722,2026-08-11 13:44:14,215.0,219.0,221.5,210.0,688967
4737,2026-08-11 13:44:14,56.400001525878906,56.099998474121094,56.400001525878906,55.5,53777
4739,2026-08-11 13:44:14,87.5,87.0,88.69999694824219,86.19999694824219,1442369
4746,2026-08-11 13:44:14,55.0,54.900001525878906,55.20000076293945,54.099998474121094,519518
4763,2026-08-11 13:44:14,51.79999923706055,50.0,52.29999923706055,49.599998474121094,14431907
4755,2026-08-11 13:44:14,119.0,117.5,120.0,116.0,154380
4764,2026-08-11 13:44:14,240.0,234.0,243.5,224.0,1441663
4766,2026-08-11 13:44:14,341.5,340.0,343.0,338.0,218360
4771,2026-08-11 13:44:14,201.0,199.5,201.5,194.0,430609
4770,2026-08-11 13:44:14,219.0,222.0,222.5,217.5,137458
4807,2026-08-11 13:44:14,31.100000381469727,32.54999923706055,32.54999923706055,30.700000762939453,358740
4904,2026-08-11 13:44:14,100.5,102.0,102.0,100.0,3882967
4906,2026-08-11 13:44:14,36.04999923706055,36.0,36.900001525878906,35.45000076293945,4825789
4912,2026-08-11 13:44:14,88.80000305175781,90.5,90.5,88.19999694824219,141465
4915,2026-08-11 13:44:14,60.0,60.400001525878906,60.70000076293945,59.20000076293945,3089152
4916,2026-08-11 13:44:14,104.0,104.0,108.0,102.5,5296232
4919,2026-08-11 13:44:14,125.5,125.0,127.5,122.5,2695710
4927,2026-08-11 13:44:14,33.849998474121094,33.79999923706055,34.54999923706055,33.400001525878906,1720703
4930,2026-08-11 13:44:14,16.299999237060547,16.200000762939453,16.299999237060547,16.149999618530273,8829
4934,2026-08-11 13:44:14,14.199999809265137,14.350000381469727,14.449999809265137,14.100000381469727,340332
4935,2026-08-11 13:44:14,34.849998474121094,34.900001525878906,34.900001525878906,34.54999923706055,32000
4938,2026-08-11 13:44:14,88.5,87.5,88.9000015258789,84.69999694824219,10492144
4942,2026-08-11 13:44:14,34.0,34.04999923706055,34.349998474121094,34.0,39315
4949,2026-08-11 13:44:14,74.4000015258789,74.9000015258789,75.5999984741211,71.19999694824219,928889
4943,2026-08-11 13:44:14,8.600000381469727,8.609999656677246,8.609999656677246,8.130000114440918,4099
4952,2026-08-11 13:44:14,49.04999923706055,50.400001525878906,50.599998474121094,49.0,343569
4956,2026-08-11 13:44:14,30.5,31.350000381469727,31.5,30.200000762939453,725008
4958,2026-08-11 13:44:14,489.0,470.0,493.0,468.0,31131751
4960,2026-08-11 13:44:14,20.5,20.899999618530273,21.049999237060547,20.25,1166008
4961,2026-08-11 13:44:14,172.0,174.5,175.0,171.5,511234
4967,2026-08-11 13:44:14,274.0,277.0,277.0,270.0,3875381
4968,2026-08-11 13:44:14,96.19999694824219,96.19999694824219,96.80000305175781,94.9000015258789,367781
4976,2026-08-11 13:44:14,35.54999923706055,36.099998474121094,36.400001525878906,35.54999923706055,865949
4977,2026-08-11 13:44:14,147.5,147.0,153.0,143.0,4654667
4989,2026-08-11 13:44:14,68.19999694824219,67.19999694824219,71.4000015258789,67.19999694824219,11343850
4994,2026-08-11 13:44:14,87.0999984741211,88.9000015258789,88.9000015258789,87.0999984741211,5002
4999,2026-08-11 13:44:14,18.950000762939453,19.299999237060547,19.299999237060547,18.850000381469727,45932
5007,2026-08-11 13:44:14,56.400001525878906,56.400001525878906,56.5,56.099998474121094,165495
5203,2026-08-11 13:44:14,65.5999984741211,66.30000305175781,66.5999984741211,65.5,334363
5215,2026-08-11 13:44:14,38.400001525878906,38.0,39.5,38.0,81286
5222,2026-08-11 13:44:14,115.0,117.0,117.0,113.5,122073
5225,2026-08-11 13:44:14,62.900001525878906,66.0999984741211,66.0999984741211,62.29999923706055,1061466
5234,2026-08-11 13:44:14,334.0,333.0,338.0,331.5,92592
5236,2026-08-11 13:44:14,141.5,144.0,144.5,140.5,104478
5243,2026-08-11 13:44:14,88.19999694824219,90.0,90.0,87.19999694824219,852686
5244,2026-08-11 13:44:14,33.25,33.20000076293945,33.45000076293945,32.79999923706055,80090
5258,2026-08-11 13:44:14,51.599998474121094,53.20000076293945,53.20000076293945,50.599998474121094,430809
5269,2026-08-11 13:44:14,1430.0,1425.0,1450.0,1405.0,717443
5283,2026-08-11 13:44:14,53.900001525878906,53.900001525878906,54.0,53.20000076293945,64659
5284,2026-08-11 13:44:14,301.5,310.0,310.0,300.0,214023
5285,2026-08-11 13:44:14,78.80000305175781,78.69999694824219,79.30000305175781,77.0,501177
5288,2026-08-11 13:44:14,192.5,200.0,200.0,191.0,169214
5292,2026-08-11 13:44:14,183.0,176.0,188.0,176.0,170557
5306,2026-08-11 13:44:14,98.9000015258789,98.0,99.5,97.19999694824219,397543
5388,2026-08-11 13:44:14,91.0999984741211,93.5999984741211,94.0999984741211,91.0999984741211,3252900
5434,2026-08-11 13:44:14,525.0,514.0,533.0,509.0,830774
5469,2026-08-11 13:44:14,76.0999984741211,75.5,76.5,74.5,1953270
5471,2026-08-11 13:44:14,56.20000076293945,56.5,57.400001525878906,55.599998474121094,1886485
5484,2026-08-11 13:44:14,41.900001525878906,43.099998474121094,44.79999923706055,41.29999923706055,593738
5515,2026-08-11 13:44:14,43.70000076293945,44.0,44.20000076293945,43.29999923706055,576232
5519,2026-08-11 13:44:14,27.899999618530273,27.899999618530273,27.899999618530273,27.75,143678
5521,2026-08-11 13:44:14,10.25,10.399999618530273,10.399999618530273,10.149999618530273,967040
5522,2026-08-11 13:44:14,65.0,64.9000015258789,65.4000015258789,64.4000015258789,419504
5525,2026-08-11 13:44:14,21.799999237060547,22.049999237060547,22.149999618530273,21.799999237060547,50446
5531,2026-08-11 13:44:14,7.429999828338623,7.639999866485596,7.639999866485596,7.320000171661377,1265547
5533,2026-08-11 13:44:14,13.899999618530273,13.949999809265137,13.949999809265137,13.75,101999
5534,2026-08-11 13:44:14,77.5999984741211,78.0999984741211,78.19999694824219,77.4000015258789,763930
5538,2026-08-11 13:44:14,33.95000076293945,36.29999923706055,36.29999923706055,33.95000076293945,220717
5546,2026-08-11 13:44:14,13.449999809265137,14.100000381469727,14.100000381469727,13.449999809265137,13000
5607,2026-08-11 13:44:14,49.95000076293945,49.150001525878906,50.599998474121094,48.95000076293945,601296
5608,2026-08-11 13:44:14,13.949999809265137,14.100000381469727,14.149999618530273,13.850000381469727,775223
5706,2026-08-11 13:44:14,45.599998474121094,45.900001525878906,45.900001525878906,45.20000076293945,82599
5871,2026-08-11 13:44:14,115.0,110.0,116.0,110.0,11086018
5880,2026-08-11 13:44:14,24.0,24.75,24.799999237060547,23.950000762939453,45757848
5876,2026-08-11 13:44:14,43.0,43.150001525878906,43.54999923706055,42.70000076293945,3845299
5907,2026-08-11 13:44:14,4.929999828338623,4.929999828338623,4.96999979019165,4.900000095367432,118081
5906,2026-08-11 13:44:14,36.70000076293945,36.70000076293945,36.70000076293945,36.70000076293945,0
6005,2026-08-11 13:44:14,30.049999237060547,29.850000381469727,30.200000762939453,29.600000381469727,11641064
6024,2026-08-11 13:44:14,61.900001525878906,62.0,62.099998474121094,61.400001525878906,238294
6108,2026-08-11 13:44:14,19.549999237060547,19.350000381469727,20.299999237060547,19.049999237060547,1817885
6112,2026-08-11 13:44:14,46.29999923706055,46.650001525878906,46.650001525878906,45.79999923706055,435366
6115,2026-08-11 13:44:14,45.099998474121094,45.099998474121094,45.54999923706055,45.099998474121094,96838
6116,2026-08-11 13:44:14,14.199999809265137,14.649999618530273,14.649999618530273,14.100000381469727,40747819
6117,2026-08-11 13:44:14,66.0999984741211,65.5,66.5999984741211,65.4000015258789,132818
6120,2026-08-11 13:44:14,12.949999809265137,13.350000381469727,13.5,12.850000381469727,2227027
6128,2026-08-11 13:44:14,20.200000762939453,20.200000762939453,20.25,20.100000381469727,25110
6133,2026-08-11 13:44:14,21.899999618530273,21.799999237060547,22.100000381469727,21.600000381469727,577344
6136,2026-08-11 13:44:14,25.200000762939453,25.25,25.950000762939453,24.950000762939453,261610
6139,2026-08-11 13:44:14,813.0,810.0,827.0,785.0,3078380
6141,2026-08-11 13:44:14,34.75,35.29999923706055,35.29999923706055,33.900001525878906,463608
6142,2026-08-11 13:44:14,9.3100004196167,9.600000381469727,9.600000381469727,9.279999732971191,616109
6152,2026-08-11 13:44:14,14.75,15.75,15.75,14.649999618530273,4033022
6153,2026-08-11 13:44:14,16.75,16.549999237060547,16.850000381469727,16.350000381469727,1982135
6155,2026-08-11 13:44:14,55.29999923706055,53.900001525878906,56.400001525878906,53.400001525878906,2733337
6164,2026-08-11 13:44:14,11.75,11.899999618530273,11.899999618530273,11.600000381469727,418480
6165,2026-08-11 13:44:14,49.95000076293945,49.70000076293945,50.099998474121094,49.150001525878906,193048
6166,2026-08-11 13:44:14,136.5,140.5,141.0,133.0,2594584
6168,2026-08-11 13:44:14,24.450000762939453,25.0,25.0,24.049999237060547,749745
6176,2026-08-11 13:44:14,81.69999694824219,82.30000305175781,82.30000305175781,81.4000015258789,2719459
6177,2026-08-11 13:44:14,47.95000076293945,48.45000076293945,48.70000076293945,47.95000076293945,1042662
6183,2026-08-11 13:44:14,93.5,92.9000015258789,93.5,92.5999984741211,29253
6184,2026-08-11 13:44:14,42.099998474121094,42.5,42.5,42.04999923706055,19183
6189,2026-08-11 13:44:14,49.20000076293945,49.04999923706055,49.400001525878906,47.849998474121094,377419
6191,2026-08-11 13:44:14,86.19999694824219,86.80000305175781,87.0999984741211,85.0,1793058
6192,2026-08-11 13:44:14,120.5,120.5,123.0,119.5,734350
6196,2026-08-11 13:44:14,510.0,502.0,513.0,498.0,782386
6197,2026-08-11 13:44:14,301.0,304.0,310.5,301.0,1275614
6201,2026-08-11 13:44:14,45.849998474121094,45.849998474121094,45.849998474121094,45.849998474121094,1030
6202,2026-08-11 13:44:14,64.0,64.0,66.30000305175781,63.599998474121094,3228658
6205,2026-08-11 13:44:14,61.400001525878906,60.900001525878906,61.79999923706055,59.599998474121094,253388
6206,2026-08-11 13:44:14,142.5,154.0,156.0,142.5,5885699
6209,2026-08-11 13:44:14,74.69999694824219,74.30000305175781,75.5999984741211,73.80000305175781,2819174
6213,2026-08-11 13:44:14,449.0,427.5,449.0,395.5,15630878
6214,2026-08-11 13:44:14,142.0,142.0,143.0,140.5,1073691
6215,2026-08-11 13:44:14,101.5,102.5,103.5,100.5,701385
6216,2026-08-11 13:44:14,22.5,22.25,22.600000381469727,22.049999237060547,230330
6224,2026-08-11 13:44:14,59.599998474121094,58.20000076293945,61.5,57.70000076293945,827134
6225,2026-08-11 13:44:14,30.450000762939453,30.450000762939453,30.450000762939453,29.600000381469727,89190
6226,2026-08-11 13:44:14,20.350000381469727,21.399999618530273,22.299999237060547,20.100000381469727,11870323
6230,2026-08-11 13:44:14,108.0,109.5,109.5,107.5,27151
6235,2026-08-11 13:44:14,39.20000076293945,39.5,39.95000076293945,38.900001525878906,277568
6239,2026-08-11 13:44:14,282.0,291.0,296.0,271.0,35017614
6243,2026-08-11 13:44:14,45.70000076293945,45.54999923706055,47.25,43.70000076293945,2463410
6257,2026-08-11 13:44:14,204.5,210.0,210.0,203.0,3790777
6269,2026-08-11 13:44:14,67.5,65.0999984741211,68.80000305175781,62.599998474121094,7280528
6271,2026-08-11 13:44:14,195.5,196.0,201.5,193.5,4121485
6272,2026-08-11 13:44:14,25.049999237060547,25.100000381469727,25.299999237060547,24.700000762939453,69429
6277,2026-08-11 13:44:14,79.4000015258789,80.0,80.0,78.19999694824219,153374
6278,2026-08-11 13:44:14,167.5,168.5,171.0,164.5,3900614
6281,2026-08-11 13:44:14,51.5,51.5,51.5,51.29999923706055,11567
6282,2026-08-11 13:44:14,49.5,50.20000076293945,50.70000076293945,49.04999923706055,12595988
6283,2026-08-11 13:44:14,20.100000381469727,20.0,20.100000381469727,19.75,79211
6285,2026-08-11 13:44:14,254.0,258.5,261.0,251.5,8357253
6405,2026-08-11 13:44:14,39.849998474121094,39.95000076293945,40.849998474121094,39.0,434840
6409,2026-08-11 13:44:14,1010.0,1020.0,1035.0,975.0,657371
6412,2026-08-11 13:44:14,78.9000015258789,79.0999984741211,79.30000305175781,78.19999694824219,477458
6414,2026-08-11 13:44:14,450.0,474.0,476.0,440.5,3044027
6415,2026-08-11 13:44:14,462.5,469.5,488.0,461.5,4173662
6416,2026-08-11 13:44:14,99.9000015258789,103.0,103.5,98.0,816915
6426,2026-08-11 13:44:14,217.5,212.0,219.0,208.0,1585469
6431,2026-08-11 13:44:14,18.299999237060547,18.350000381469727,19.350000381469727,18.25,136645
6438,2026-08-11 13:44:14,144.5,146.5,147.0,144.0,157571
6442,2026-08-11 13:44:14,1450.0,1380.0,1470.0,1365.0,2011251
6443,2026-08-11 13:44:14,26.799999237060547,27.0,27.299999237060547,26.549999237060547,2424032
6446,2026-08-11 13:44:14,1460.0,1330.0,1460.0,1330.0,5310841
6449,2026-08-11 13:44:14,238.0,239.5,252.0,236.5,2072280
6451,2026-08-11 13:44:14,431.0,437.0,446.0,420.0,1039254
6456,2026-08-11 13:44:14,71.0999984741211,68.0,72.30000305175781,67.69999694824219,9334689
6464,2026-08-11 13:44:14,76.5,77.0,77.0,76.30000305175781,10100
6472,2026-08-11 13:44:14,423.5,424.0,426.5,418.0,671418
6477,2026-08-11 13:44:14,34.900001525878906,33.79999923706055,35.20000076293945,32.75,1960231
6491,2026-08-11 13:44:14,376.0,379.5,380.5,373.5,307435
6504,2026-08-11 13:44:14,38.5,38.900001525878906,38.95000076293945,38.5,12047
6505,2026-08-11 13:44:14,70.80000305175781,70.4000015258789,71.5999984741211,68.0,21520349
6515,2026-08-11 13:44:14,6865.0,6830.0,6950.0,6765.0,154316
6525,2026-08-11 13:44:14,140.5,142.0,145.0,139.5,1672329
6526,2026-08-11 13:44:14,617.0,620.0,632.0,612.0,250263
6531,2026-08-11 13:44:14,831.0,905.0,920.0,831.0,1326466
6533,2026-08-11 13:44:14,251.0,235.0,254.0,228.0,3826951
6541,2026-08-11 13:44:14,39.5,38.650001525878906,39.5,38.5,179226
6552,2026-08-11 13:44:14,24.450000762939453,24.950000762939453,25.200000762939453,24.200000762939453,54301
6558,2026-08-11 13:44:14,26.899999618530273,26.0,27.299999237060547,26.0,238476
6550,2026-08-11 13:44:14,11.0,11.100000381469727,11.100000381469727,10.899999618530273,776642
6573,2026-08-11 13:44:14,17.049999237060547,18.0,18.0,16.700000762939453,238179
6579,2026-08-11 13:44:14,158.5,164.0,164.0,155.5,1071115
6581,2026-08-11 13:44:14,107.5,107.5,107.5,107.5,5025
6582,2026-08-11 13:44:14,31.700000762939453,32.099998474121094,32.099998474121094,31.600000381469727,24514
6585,2026-08-11 13:44:14,116.0,117.5,118.5,115.5,308584
6589,2026-08-11 13:44:14,52.70000076293945,50.70000076293945,52.900001525878906,50.70000076293945,1353271
6591,2026-08-11 13:44:14,44.70000076293945,44.900001525878906,44.900001525878906,43.849998474121094,107213
6592,2026-08-11 13:44:14,61.0,60.400001525878906,61.29999923706055,60.20000076293945,420094
6598,2026-08-11 13:44:14,27.600000381469727,27.600000381469727,28.0,27.25,461257
6605,2026-08-11 13:44:14,139.0,133.0,139.0,132.0,776081
6606,2026-08-11 13:44:14,27.0,25.950000762939453,27.25,25.950000762939453,239940
6614,2026-08-11 13:44:14,36.20000076293945,36.20000076293945,36.20000076293945,35.79999923706055,26170
6625,2026-08-11 13:44:14,76.4000015258789,76.0,76.5999984741211,74.80000305175781,137205
6641,2026-08-11 13:44:14,17.899999618530273,18.0,18.0,17.850000381469727,3000
6657,2026-08-11 13:44:14,30.200000762939453,28.350000381469727,30.799999237060547,28.350000381469727,63126
6655,2026-08-11 13:44:14,117.0,118.0,118.0,117.0,3115
6658,2026-08-11 13:44:14,159.0,163.0,163.0,156.5,197986
6666,2026-08-11 13:44:14,42.5,42.5,43.45000076293945,42.099998474121094,25097
6668,2026-08-11 13:44:14,35.45000076293945,35.79999923706055,35.900001525878906,34.70000076293945,302788
6669,2026-08-11 13:44:14,5915.0,6040.0,6050.0,5855.0,1511024
6670,2026-08-11 13:44:14,268.5,268.5,269.0,265.5,159832
6672,2026-08-11 13:44:14,256.5,251.5,262.0,247.0,6032504
6674,2026-08-11 13:44:14,15.25,15.199999809265137,15.25,15.0,5000
6671,2026-08-11 13:44:14,22.5,22.5,22.5,22.5,0
6689,2026-08-11 13:44:14,64.69999694824219,64.30000305175781,65.0999984741211,63.900001525878906,112729
6691,2026-08-11 13:44:14,730.0,741.0,742.0,730.0,276086
6695,2026-08-11 13:44:14,49.099998474121094,49.099998474121094,49.70000076293945,48.70000076293945,328242
6698,2026-08-11 13:44:14,32.70000076293945,34.04999923706055,34.04999923706055,32.400001525878906,189035
6706,2026-08-11 13:44:14,117.5,112.5,124.0,112.5,2138691
6715,2026-08-11 13:44:14,359.0,363.0,377.0,355.0,320641
6719,2026-08-11 13:44:14,206.0,206.0,210.5,203.0,737257
6722,2026-08-11 13:44:14,33.20000076293945,32.95000076293945,33.400001525878906,32.95000076293945,22122
6742,2026-08-11 13:44:14,43.0,43.25,44.0,42.849998474121094,249638
6743,2026-08-11 13:44:14,28.0,27.100000381469727,28.299999237060547,27.0,737855
6753,2026-08-11 13:44:14,140.0,144.5,144.5,137.0,1930291
6754,2026-08-11 13:44:14,42.5,42.599998474121094,42.599998474121094,42.5,8015
6756,2026-08-11 13:44:14,99.69999694824219,100.5,100.5,98.5,89309
6757,2026-08-11 13:44:14,56.20000076293945,55.900001525878906,56.20000076293945,55.099998474121094,834834
6768,2026-08-11 13:44:14,67.5999984741211,67.0,68.0999984741211,66.5999984741211,460187
6770,2026-08-11 13:44:14,66.69999694824219,66.4000015258789,67.5,65.30000305175781,99613191
6776,2026-08-11 13:44:14,54.0,53.70000076293945,54.5,53.5,139533
6781,2026-08-11 13:44:14,1175.0,1210.0,1230.0,1165.0,1492038
6782,2026-08-11 13:44:14,211.5,215.0,215.0,210.0,196471
6789,2026-08-11 13:44:14,438.5,437.0,444.5,430.5,825582
6790,2026-08-11 13:44:14,38.20000076293945,38.349998474121094,38.400001525878906,38.04999923706055,119907
6792,2026-08-11 13:44:14,59.099998474121094,58.29999923706055,59.400001525878906,57.79999923706055,33100
6794,2026-08-11 13:44:14,74.0,75.0,75.0,73.80000305175781,26000
6796,2026-08-11 13:44:14,61.0,62.599998474121094,62.79999923706055,60.099998474121094,102026
6799,2026-08-11 13:44:14,85.30000305175781,87.0,87.4000015258789,84.5999984741211,268878
6805,2026-08-11 13:44:14,1795.0,1725.0,1840.0,1725.0,3139796
6807,2026-08-11 13:44:14,37.95000076293945,38.0,38.0,37.95000076293945,3000
6830,2026-08-11 13:44:14,410.0,417.5,424.5,403.0,1211155
6831,2026-08-11 13:44:14,617.0,630.0,630.0,610.0,289590
6834,2026-08-11 13:44:14,106.0,96.5999984741211,106.0,96.4000015258789,10463774
6835,2026-08-11 13:44:14,31.0,31.200000762939453,31.200000762939453,30.899999618530273,3131
6838,2026-08-11 13:44:14,23.100000381469727,23.25,23.299999237060547,23.049999237060547,17020
6861,2026-08-11 13:44:14,217.5,219.5,221.5,210.5,376939
6862,2026-08-11 13:44:14,148.5,145.0,154.5,145.0,203176
6863,2026-08-11 13:44:14,122.0,134.5,134.5,121.0,606961
6869,2026-08-11 13:44:14,67.30000305175781,70.19999694824219,70.19999694824219,66.69999694824219,306201
6873,2026-08-11 13:44:14,74.30000305175781,77.5999984741211,77.5999984741211,72.80000305175781,973636
6885,2026-08-11 13:44:14,20.450000762939453,20.649999618530273,20.649999618530273,20.299999237060547,216510
6887,2026-08-11 13:44:14,36.04999923706055,36.04999923706055,36.04999923706055,35.849998474121094,9000
6901,2026-08-11 13:44:14,16.75,16.25,16.850000381469727,16.0,4536743
6890,2026-08-11 13:44:14,174.0,174.5,177.0,172.5,83417
6902,2026-08-11 13:44:14,128.0,129.5,132.0,126.0,86645
6906,2026-08-11 13:44:14,72.5,72.30000305175781,73.0999984741211,70.9000015258789,46472
6909,2026-08-11 13:44:14,40.75,41.150001525878906,41.25,40.150001525878906,189721
6914,2026-08-11 13:44:14,148.0,147.0,148.0,147.0,35164
6916,2026-08-11 13:44:14,18.700000762939453,19.0,19.0,18.5,7000
6918,2026-08-11 13:44:14,73.5999984741211,72.80000305175781,75.0999984741211,72.80000305175781,40098
6919,2026-08-11 13:44:14,108.5,110.0,112.5,108.0,3047405
6923,2026-08-11 13:44:14,75.69999694824219,76.5,76.69999694824219,74.69999694824219,55519
6928,2026-08-11 13:44:14,48.79999923706055,49.0,49.0,47.54999923706055,83140
6931,2026-08-11 13:44:14,39.0,38.400001525878906,40.0,38.400001525878906,72427
6933,2026-08-11 13:44:14,188.5,186.0,194.5,182.0,1282249
6934,2026-08-11 13:44:14,70.80000305175781,71.9000015258789,73.0,70.5999984741211,34142
6936,2026-08-11 13:44:14,32.0,32.0,32.0,31.950000762939453,17043
6937,2026-08-11 13:44:14,286.5,271.5,293.0,270.0,996139
6944,2026-08-11 13:44:14,742.0,750.0,750.0,740.0,242872
6947,2026-08-11 13:44:14,76.0,79.5999984741211,79.5999984741211,76.0,370974
6952,2026-08-11 13:44:14,39.599998474121094,40.0,40.0,39.45000076293945,27573
6957,2026-08-11 13:44:14,214.0,217.0,217.0,212.0,68615
6958,2026-08-11 13:44:14,17.600000381469727,17.5,17.600000381469727,17.450000762939453,32976
6962,2026-08-11 13:44:14,33.75,33.54999923706055,34.5,33.54999923706055,2588747
6965,2026-08-11 13:44:14,76.30000305175781,75.5999984741211,76.30000305175781,75.0,42126
6994,2026-08-11 13:44:14,36.45000076293945,36.5,36.79999923706055,35.29999923706055,709824
7705,2026-08-11 13:44:14,30.799999237060547,31.0,31.0,30.600000381469727,6276
7711,2026-08-11 13:44:14,407.0,445.5,445.5,404.0,1781322
7721,2026-08-11 13:44:14,63.29999923706055,62.900001525878906,63.29999923706055,62.20000076293945,38200
7722,2026-08-11 13:44:14,292.5,292.0,292.5,288.0,36748
7732,2026-08-11 13:44:14,35.0,35.20000076293945,35.849998474121094,35.0,59000
7736,2026-08-11 13:44:14,70.0,70.0,70.0,69.5,3000
7749,2026-08-11 13:44:14,359.5,350.0,363.0,350.0,68070
7750,2026-08-11 13:44:14,2350.0,2525.0,2540.0,2345.0,315074
7760,2026-08-11 13:44:14,32.599998474121094,33.29999923706055,33.400001525878906,32.20000076293945,207001
7765,2026-08-11 13:44:14,225.5,228.0,228.5,224.0,29842
7768,2026-08-11 13:44:14,257.5,261.5,261.5,250.5,62148
7769,2026-08-11 13:44:14,6345.0,6160.0,6375.0,6160.0,313898
7780,2026-08-11 13:44:14,16.799999237060547,16.75,17.0,16.700000762939453,472162
7786,2026-08-11 13:44:14,129.0,132.0,132.5,128.0,167321
7788,2026-08-11 13:44:14,239.0,247.5,251.5,235.0,1472994
7791,2026-08-11 13:44:14,59.29999923706055,59.29999923706055,59.599998474121094,59.29999923706055,19954
7795,2026-08-11 13:44:14,459.0,467.0,477.0,440.0,1523326
7799,2026-08-11 13:44:14,360.0,355.5,360.0,347.0,198179
7818,2026-08-11 13:44:14,63.099998474121094,63.0,63.20000076293945,62.400001525878906,67381
7821,2026-08-11 13:44:14,39.599998474121094,40.29999923706055,40.45000076293945,39.0,227300
7822,2026-08-11 13:44:14,852.0,873.0,873.0,850.0,68524
8011,2026-08-11 13:44:14,16.149999618530273,16.5,16.649999618530273,15.949999809265137,545028
8016,2026-08-11 13:44:14,307.0,309.0,312.5,306.5,553380
8021,2026-08-11 13:44:14,439.5,424.5,444.0,414.0,1247879
8028,2026-08-11 13:44:14,260.0,262.0,268.0,257.0,2479275
8033,2026-08-11 13:44:14,189.0,170.0,189.0,162.5,8468075
8039,2026-08-11 13:44:14,216.5,226.0,229.0,215.0,11807747
8045,2026-08-11 13:44:14,52.0,54.400001525878906,54.400001525878906,51.0,691084
8046,2026-08-11 13:44:14,1155.0,1115.0,1160.0,1100.0,2339480
8070,2026-08-11 13:44:14,48.599998474121094,48.5,49.29999923706055,48.20000076293945,1600630
8072,2026-08-11 13:44:14,26.0,26.25,26.25,25.899999618530273,59241
8081,2026-08-11 13:44:14,269.5,267.0,277.0,264.5,1619483
8101,2026-08-11 13:44:14,11.600000381469727,11.75,11.75,11.25,17004
8103,2026-08-11 13:44:14,80.4000015258789,80.30000305175781,82.4000015258789,80.0999984741211,571085
8104,2026-08-11 13:44:14,31.899999618530273,31.649999618530273,32.0,31.399999618530273,207598
8105,2026-08-11 13:44:14,17.100000381469727,16.700000762939453,17.399999618530273,16.700000762939453,2816038
8110,2026-08-11 13:44:14,46.29999923706055,46.04999923706055,46.400001525878906,45.099998474121094,3321050
8112,2026-08-11 13:44:14,100.5,95.0,100.5,94.69999694824219,67342526
8114,2026-08-11 13:44:14,211.5,221.5,221.5,210.5,1271668
8131,2026-08-11 13:44:14,63.20000076293945,63.79999923706055,64.19999694824219,62.0,2168455
8150,2026-08-11 13:44:14,98.80000305175781,93.0999984741211,99.4000015258789,91.0,94597987
8163,2026-08-11 13:44:14,31.700000762939453,31.5,32.25,31.25,688637
8201,2026-08-11 13:44:14,12.0,11.899999618530273,12.0,11.699999809265137,29950
8210,2026-08-11 13:44:14,1010.0,1045.0,1050.0,1000.0,1881193
8213,2026-08-11 13:44:14,32.400001525878906,31.350000381469727,33.0,31.350000381469727,1184446
8215,2026-08-11 13:44:14,24.850000381469727,25.5,25.5,24.700000762939453,377806
8222,2026-08-11 13:44:14,38.849998474121094,38.0,39.29999923706055,37.5,851341
8249,2026-08-11 13:44:14,42.25,42.54999923706055,42.599998474121094,41.79999923706055,232231
8261,2026-08-11 13:44:14,182.5,178.0,191.5,176.5,7046177
8271,2026-08-11 13:44:14,234.5,232.5,235.0,229.0,4012802
8341,2026-08-11 13:44:14,77.0,77.19999694824219,77.30000305175781,76.69999694824219,120807
8367,2026-08-11 13:44:14,40.45000076293945,40.45000076293945,40.5,40.0,20008
8374,2026-08-11 13:44:14,82.19999694824219,88.0999984741211,88.0999984741211,82.0999984741211,881113
8404,2026-08-11 13:44:14,16.350000381469727,16.299999237060547,16.5,16.100000381469727,208367
8411,2026-08-11 13:44:14,13.0,13.100000381469727,13.100000381469727,12.850000381469727,120118
8422,2026-08-11 13:44:14,26.649999618530273,26.799999237060547,26.950000762939453,26.549999237060547,3322624
8429,2026-08-11 13:44:14,6.059999942779541,6.03000020980835,6.079999923706055,6.019999980926514,99763
8438,2026-08-11 13:44:14,67.0,67.0999984741211,68.0,65.9000015258789,236066
8442,2026-08-11 13:44:14,44.04999923706055,44.0,44.150001525878906,43.25,42079
8443,2026-08-11 13:44:14,11.300000190734863,11.300000190734863,11.350000381469727,11.100000381469727,45380
8454,2026-08-11 13:44:14,269.0,272.0,275.5,266.5,605749
8462,2026-08-11 13:44:14,168.5,170.0,171.0,166.5,114798
8463,2026-08-11 13:44:14,20.75,20.799999237060547,20.850000381469727,20.75,41042
8464,2026-08-11 13:44:14,398.5,381.5,398.5,377.5,798552
8467,2026-08-11 13:44:14,107.5,116.0,116.0,107.5,39256
8466,2026-08-11 13:44:14,16.600000381469727,16.450000762939453,16.75,16.399999618530273,15000
8476,2026-08-11 13:44:14,20.0,20.100000381469727,20.200000762939453,19.549999237060547,449465
8473,2026-08-11 13:44:14,41.95000076293945,42.29999923706055,42.5,41.45000076293945,565089
8478,2026-08-11 13:44:14,146.5,148.0,148.5,145.5,105957
8481,2026-08-11 13:44:14,40.75,40.45000076293945,40.79999923706055,40.349998474121094,12000
8482,2026-08-11 13:44:14,50.099998474121094,50.099998474121094,50.099998474121094,50.099998474121094,0
8488,2026-08-11 13:44:14,10.149999618530273,10.25,10.600000381469727,10.050000190734863,288050
8499,2026-08-11 13:44:14,263.0,262.0,270.5,259.5,47882
8926,2026-08-11 13:44:14,55.70000076293945,56.0,56.20000076293945,54.70000076293945,7052455
8940,2026-08-11 13:44:14,15.350000381469727,15.350000381469727,15.399999618530273,15.25,16978
8996,2026-08-11 13:44:14,1065.0,1060.0,1080.0,1045.0,990731
9802,2026-08-11 13:44:14,74.9000015258789,72.30000305175781,74.9000015258789,72.30000305175781,1804087
9902,2026-08-11 13:44:14,13.800000190734863,13.800000190734863,13.850000381469727,13.75,65949
9904,2026-08-11 13:44:14,24.100000381469727,24.100000381469727,24.200000762939453,24.0,9096318
9905,2026-08-11 13:44:14,21.450000762939453,21.649999618530273,21.649999618530273,21.299999237060547,180070
9906,2026-08-11 13:44:14,41.0,40.20000076293945,41.0,39.599998474121094,46919
9907,2026-08-11 13:44:14,14.75,14.850000381469727,14.850000381469727,14.75,1115889
9908,2026-08-11 13:44:14,29.049999237060547,29.049999237060547,29.049999237060547,29.0,86460
9910,2026-08-11 13:44:14,71.19999694824219,69.5999984741211,71.30000305175781,69.5999984741211,1585530
9911,2026-08-11 13:44:14,82.30000305175781,82.80000305175781,83.0,82.0999984741211,138666
9912,2026-08-11 13:44:14,12.449999809265137,12.449999809265137,12.5,12.399999618530273,19267
9914,2026-08-11 13:44:14,94.19999694824219,84.5999984741211,94.5999984741211,83.5,11944318
9917,2026-08-11 13:44:14,107.5,107.5,108.0,107.5,203507
9918,2026-08-11 13:44:14,42.650001525878906,42.400001525878906,42.650001525878906,42.400001525878906,1101
9919,2026-08-11 13:44:14,13.899999618530273,13.949999809265137,13.949999809265137,13.850000381469727,182298
9924,2026-08-11 13:44:14,38.400001525878906,38.5,38.5,38.25,173367
9921,2026-08-11 13:44:14,111.5,99.9000015258789,111.5,99.80000305175781,9308793
9925,2026-08-11 13:44:14,40.150001525878906,40.29999923706055,40.29999923706055,40.099998474121094,454358
9926,2026-08-11 13:44:14,49.04999923706055,49.0,49.04999923706055,49.0,10451
9928,2026-08-11 13:44:14,18.049999237060547,18.149999618530273,18.25,18.0,35500
9927,2026-08-11 13:44:14,69.0999984741211,69.5,69.5999984741211,68.80000305175781,95177
9930,2026-08-11 13:44:14,62.5,62.400001525878906,62.599998474121094,62.20000076293945,74845
9931,2026-08-11 13:44:14,33.79999923706055,33.79999923706055,33.79999923706055,33.599998474121094,10154
9933,2026-08-11 13:44:14,38.650001525878906,37.849998474121094,38.79999923706055,37.849998474121094,1470854
9934,2026-08-11 13:44:14,11.449999809265137,11.850000381469727,12.050000190734863,11.100000381469727,6396789
9935,2026-08-11 13:44:14,20.149999618530273,20.700000762939453,20.700000762939453,19.950000762939453,583335
9937,2026-08-11 13:44:14,54.79999923706055,55.099998474121094,55.099998474121094,54.70000076293945,7010
9938,2026-08-11 13:44:14,42.5,42.0,42.5,41.900001525878906,1180063
9939,2026-08-11 13:44:14,135.0,140.0,140.0,133.0,3430264
9940,2026-08-11 13:44:14,21.200000762939453,21.25,21.350000381469727,20.899999618530273,382589
9941,2026-08-11 13:44:14,85.4000015258789,84.80000305175781,86.0,84.80000305175781,1000673
9942,2026-08-11 13:44:14,118.5,118.0,119.0,117.0,118705
9943,2026-08-11 13:44:14,51.900001525878906,51.599998474121094,51.900001525878906,51.400001525878906,51776
9944,2026-08-11 13:44:14,17.25,17.350000381469727,17.600000381469727,17.25,27791
9945,2026-08-11 13:44:14,27.0,27.0,27.149999618530273,26.75,4501091
9946,2026-08-11 13:44:14,18.149999618530273,18.149999618530273,18.25,18.049999237060547,125596
9955,2026-08-11 13:44:14,25.100000381469727,24.850000381469727,25.399999618530273,24.649999618530273,395187
9958,2026-08-11 13:44:14,113.0,115.5,116.0,112.0,1625173
2258,2026-08-11 13:44:14,31.100000381469727,30.200000762939453,31.149999618530273,30.200000762939453,529590
2432,2026-08-11 13:44:14,28.350000381469727,28.399999618530273,28.5,28.100000381469727,19353
3150,2026-08-11 13:44:14,17.75,17.549999237060547,17.75,17.200000762939453,47031
4195,2026-08-11 13:44:14,15.050000190734863,15.100000381469727,15.100000381469727,14.850000381469727,47408
4582,2026-08-11 13:44:14,27.200000762939453,27.5,27.899999618530273,26.200000762939453,538550
4590,2026-08-11 13:44:14,90.0,84.5,90.69999694824219,84.5,1230078
6534,2026-08-11 13:44:14,94.30000305175781,93.69999694824219,94.5,93.4000015258789,55352
6645,2026-08-11 13:44:14,13.300000190734863,13.300000190734863,13.300000190734863,13.300000190734863,3000
6771,2026-08-11 13:44:14,38.45000076293945,38.0,39.04999923706055,38.0,22100
6854,2026-08-11 13:44:14,93.4000015258789,94.30000305175781,94.30000305175781,92.0,65511
6908,2026-08-11 13:44:14,31.950000762939453,32.900001525878906,32.900001525878906,31.649999618530273,15058
6921,2026-08-11 13:44:14,63.70000076293945,65.19999694824219,65.19999694824219,62.900001525878906,26000
6924,2026-08-11 13:44:14,119.5,119.0,119.5,113.5,38552
6949,2026-08-11 13:44:14,1020.0,955.0,1025.0,949.0,251523
6951,2026-08-11 13:44:14,71.4000015258789,71.4000015258789,71.5999984741211,71.4000015258789,5066
6969,2026-08-11 13:44:14,32.79999923706055,34.0,34.0,32.5,188490
6988,2026-08-11 13:44:14,12.600000381469727,12.550000190734863,12.600000381469727,12.449999809265137,20000
7610,2026-08-11 13:44:14,1850.0,1890.0,1940.0,1800.0,151124
7631,2026-08-11 13:44:14,136.5,138.5,139.5,134.0,52825
7730,2026-08-11 13:44:14,164.0,160.0,166.0,159.0,78221
7740,2026-08-11 13:44:14,159.5,166.0,166.0,159.5,704912
7803,2026-08-11 13:44:14,19.899999618530273,19.700000762939453,19.899999618530273,19.5,7000
7823,2026-08-11 13:44:14,84.80000305175781,85.19999694824219,85.30000305175781,83.0999984741211,13204
7827,2026-08-11 13:44:14,161.0,159.0,162.5,158.5,145754
7835,2026-08-11 13:44:14,24.799999237060547,25.549999237060547,25.549999237060547,24.600000381469727,22012
8162,2026-08-11 13:44:14,56.0,55.099998474121094,57.0,54.70000076293945,174645
8487,2026-08-11 13:44:14,71.9000015258789,72.30000305175781,72.4000015258789,71.9000015258789,33186
0050,2026-08-11 13:44:14,104.5999984741211,104.05000305175781,104.8499984741211,103.4000015258789,66396956
0051,2026-08-11 13:44:14,142.6999969482422,143.5500030517578,143.5500030517578,141.6999969482422,33406
0052,2026-08-11 13:44:14,61.04999923706055,60.599998474121094,61.20000076293945,60.20000076293945,12158303
0053,2026-08-11 13:44:14,237.39999389648438,235.0,237.39999389648438,235.0,67957
0055,2026-08-11 13:44:14,43.7599983215332,44.04999923706055,44.20000076293945,43.630001068115234,184211
0056,2026-08-11 13:44:14,52.25,52.400001525878906,52.400001525878906,51.79999923706055,24475077
0057,2026-08-11 13:44:14,312.1499938964844,311.1499938964844,312.79998779296875,311.1499938964844,17752
0061,2026-08-11 13:44:14,25.139999389648438,25.040000915527344,25.15999984741211,25.010000228881836,648314
9103,2026-08-11 13:44:14,5.230000019073486,5.28000020980835,5.300000190734863,5.199999809265137,453992
9105,2026-08-11 13:44:14,8.260000228881836,8.550000190734863,8.579999923706055,8.260000228881836,13752488
9110,2026-08-11 13:44:14,3.140000104904175,2.9000000953674316,3.140000104904175,2.9000000953674316,10000
9136,2026-08-11 13:44:14,11.399999618530273,11.5,11.75,11.350000381469727,247650
1240,2026-08-11 13:44:14,56.0,56.099998474121094,56.5,55.900001525878906,19320
1259,2026-08-11 13:44:14,61.20000076293945,60.79999923706055,61.20000076293945,60.70000076293945,14218
1264,2026-08-11 13:44:14,258.0,258.0,258.0,257.0,16206
1268,2026-08-11 13:44:14,182.5,184.0,184.0,182.0,20685
1294,2026-08-11 13:44:14,59.0,60.099998474121094,60.099998474121094,58.5,6474
1295,2026-08-11 13:44:14,46.650001525878906,47.599998474121094,47.599998474121094,46.650001525878906,25384
1336,2026-08-11 13:44:14,16.200000762939453,16.200000762939453,16.200000762939453,16.200000762939453,133572
1565,2026-08-11 13:44:14,94.5999984741211,94.4000015258789,94.69999694824219,94.0,62624
1569,2026-08-11 13:44:14,41.54999923706055,42.04999923706055,42.45000076293945,40.849998474121094,265970
1580,2026-08-11 13:44:14,113.5,113.5,115.5,113.0,165437
1570,2026-08-11 13:44:14,33.400001525878906,33.79999923706055,34.04999923706055,33.400001525878906,24001
1584,2026-08-11 13:44:14,17.899999618530273,18.0,18.0,17.649999618530273,263874
1586,2026-08-11 13:44:14,18.25,18.299999237060547,18.299999237060547,18.149999618530273,337576
1593,2026-08-11 13:44:14,31.600000381469727,31.350000381469727,31.600000381469727,31.350000381469727,27013
1591,2026-08-11 13:44:14,36.20000076293945,36.349998474121094,37.95000076293945,34.79999923706055,156509
1595,2026-08-11 13:44:14,64.0,65.30000305175781,66.80000305175781,63.099998474121094,414625
1599,2026-08-11 13:44:14,23.899999618530273,23.799999237060547,23.899999618530273,23.600000381469727,21084
1742,2026-08-11 13:44:14,17.75,17.850000381469727,17.850000381469727,17.149999618530273,76001
1780,2026-08-11 13:44:14,23.049999237060547,23.350000381469727,23.350000381469727,22.350000381469727,54130
1777,2026-08-11 13:44:14,74.69999694824219,74.5,74.69999694824219,74.4000015258789,7175
1781,2026-08-11 13:44:14,11.0,11.300000190734863,11.300000190734863,11.0,25001
1784,2026-08-11 13:44:14,61.5,62.900001525878906,62.900001525878906,60.900001525878906,58207
1785,2026-08-11 13:44:14,107.0,107.0,107.0,107.0,3761078
1788,2026-08-11 13:44:14,130.5,130.0,130.5,129.5,13916
1796,2026-08-11 13:44:14,30.799999237060547,30.850000381469727,31.0,30.700000762939453,16000
1799,2026-08-11 13:44:14,30.850000381469727,31.649999618530273,31.649999618530273,30.5,186332
1813,2026-08-11 13:44:14,11.449999809265137,11.449999809265137,11.449999809265137,11.449999809265137,1000
1815,2026-08-11 13:44:14,88.4000015258789,88.9000015258789,88.9000015258789,87.19999694824219,3733563
2035,2026-08-11 13:44:14,26.799999237060547,26.049999237060547,26.899999618530273,26.049999237060547,18385
2061,2026-08-11 13:44:14,63.29999923706055,58.599998474121094,65.30000305175781,57.5,4050855
2063,2026-08-11 13:44:14,24.600000381469727,24.600000381469727,24.600000381469727,24.200000762939453,23099
2064,2026-08-11 13:44:14,12.550000190734863,11.899999618530273,12.550000190734863,11.899999618530273,30000
2065,2026-08-11 13:44:14,37.099998474121094,35.349998474121094,37.95000076293945,34.79999923706055,377108
2066,2026-08-11 13:44:14,61.70000076293945,64.4000015258789,64.4000015258789,60.599998474121094,71138
2067,2026-08-11 13:44:14,6.300000190734863,6.230000019073486,6.300000190734863,6.230000019073486,1100
2070,2026-08-11 13:44:14,59.099998474121094,59.900001525878906,61.599998474121094,58.599998474121094,213427
2221,2026-08-11 13:44:14,48.20000076293945,48.20000076293945,48.79999923706055,46.5,301266
2230,2026-08-11 13:44:14,27.399999618530273,27.100000381469727,27.450000762939453,25.649999618530273,258738
2235,2026-08-11 13:44:14,27.549999237060547,27.549999237060547,27.549999237060547,27.549999237060547,1169
2596,2026-08-11 13:44:14,32.150001525878906,32.0,32.150001525878906,31.600000381469727,60821
2640,2026-08-11 13:44:14,150.0,147.0,151.5,147.0,36014
2641,2026-08-11 13:44:14,17.350000381469727,17.5,17.5,17.25,443840
2643,2026-08-11 13:44:14,62.70000076293945,62.5,63.900001525878906,62.400001525878906,9340
2718,2026-08-11 13:44:14,44.04999923706055,44.599998474121094,44.599998474121094,44.0,14380
2719,2026-08-11 13:44:14,21.100000381469727,21.399999618530273,21.399999618530273,20.850000381469727,26430
2726,2026-08-11 13:44:14,8.859999656677246,8.850000381469727,8.880000114440918,8.699999809265137,18020
2729,2026-08-11 13:44:14,160.0,160.0,160.5,160.0,2010
2732,2026-08-11 13:44:14,64.0,64.4000015258789,64.69999694824219,63.900001525878906,11506
2734,2026-08-11 13:44:14,15.100000381469727,15.199999809265137,15.199999809265137,15.050000190734863,17833
2736,2026-08-11 13:44:14,11.449999809265137,11.449999809265137,11.5,11.449999809265137,25020
2740,2026-08-11 13:44:14,30.850000381469727,30.850000381469727,30.850000381469727,30.850000381469727,0
2743,2026-08-11 13:44:14,56.79999923706055,57.70000076293945,57.70000076293945,56.20000076293945,47608
2745,2026-08-11 13:44:14,88.80000305175781,89.80000305175781,89.9000015258789,88.19999694824219,397234
2751,2026-08-11 13:44:14,54.0,53.099998474121094,54.0,53.099998474121094,8050
2752,2026-08-11 13:44:14,178.5,178.5,178.5,178.5,0
2754,2026-08-11 13:44:14,72.4000015258789,73.0,73.0,71.5,100904
2755,2026-08-11 13:44:14,103.0,104.0,104.0,102.0,56951
2756,2026-08-11 13:44:14,56.29999923706055,56.5,56.5,56.099998474121094,14200
2916,2026-08-11 13:44:14,41.0,41.0,41.099998474121094,40.900001525878906,39274
2924,2026-08-11 13:44:14,17.350000381469727,17.350000381469727,17.350000381469727,17.350000381469727,0
2926,2026-08-11 13:44:14,30.049999237060547,30.200000762939453,30.5,30.049999237060547,21000
2937,2026-08-11 13:44:14,45.45000076293945,45.45000076293945,45.45000076293945,45.45000076293945,2408
2947,2026-08-11 13:44:14,62.79999923706055,65.0,65.0,62.70000076293945,9627
2948,2026-08-11 13:44:14,37.20000076293945,34.650001525878906,37.20000076293945,34.650001525878906,5032
2949,2026-08-11 13:44:14,62.20000076293945,63.5,66.0,62.20000076293945,2000
3066,2026-08-11 13:44:14,21.450000762939453,22.549999237060547,22.549999237060547,21.299999237060547,702258
3067,2026-08-11 13:44:14,17.950000762939453,17.950000762939453,17.950000762939453,17.950000762939453,0
3071,2026-08-11 13:44:14,24.950000762939453,25.850000381469727,25.850000381469727,24.799999237060547,401828
3073,2026-08-11 13:44:14,22.700000762939453,22.850000381469727,24.299999237060547,22.600000381469727,262669
3078,2026-08-11 13:44:14,54.29999923706055,54.70000076293945,54.70000076293945,53.599998474121094,439188
3081,2026-08-11 13:44:14,2450.0,2420.0,2485.0,2415.0,1042125
3083,2026-08-11 13:44:14,24.649999618530273,25.25,25.25,24.350000381469727,152361
3085,2026-08-11 13:44:14,12.25,12.25,12.25,12.25,0
3086,2026-08-11 13:44:14,26.799999237060547,27.200000762939453,27.399999618530273,26.649999618530273,128113
3088,2026-08-11 13:44:14,140.0,145.5,146.0,138.0,1756970
3093,2026-08-11 13:44:14,49.0,48.650001525878906,49.95000076293945,47.900001525878906,394504
3105,2026-08-11 13:44:14,368.5,377.5,382.5,361.5,15198468
3114,2026-08-11 13:44:14,36.75,37.5,38.04999923706055,36.5,454653
3115,2026-08-11 13:44:14,8.569999694824219,9.0,9.0,8.569999694824219,5000
3118,2026-08-11 13:44:14,32.099998474121094,32.099998474121094,32.099998474121094,32.099998474121094,2091
3122,2026-08-11 13:44:14,25.950000762939453,25.549999237060547,26.0,25.549999237060547,107414
3128,2026-08-11 13:44:14,21.899999618530273,22.25,22.25,21.5,140552
3131,2026-08-11 13:44:14,2400.0,2470.0,2470.0,2365.0,648849
3141,2026-08-11 13:44:14,77.69999694824219,80.0,80.30000305175781,77.5999984741211,692553
3147,2026-08-11 13:44:14,225.0,232.0,232.0,224.0,423391
3152,2026-08-11 13:44:14,224.0,218.5,225.0,218.5,72687
3158,2026-08-11 13:44:14,84.19999694824219,83.5999984741211,84.69999694824219,83.5,14476
3162,2026-08-11 13:44:14,66.0,64.5999984741211,66.4000015258789,63.599998474121094,406804
3163,2026-08-11 13:44:14,677.0,690.0,723.0,673.0,4542112
3169,2026-08-11 13:44:14,101.5,103.0,103.0,100.0,83205
3171,2026-08-11 13:44:14,63.5,62.900001525878906,63.70000076293945,62.900001525878906,12010
3176,2026-08-11 13:44:14,33.099998474121094,33.900001525878906,34.04999923706055,33.099998474121094,352597
3178,2026-08-11 13:44:14,57.900001525878906,58.0,58.099998474121094,56.900001525878906,30025
3188,2026-08-11 13:44:14,23.149999618530273,23.100000381469727,23.149999618530273,22.799999237060547,103858
3191,2026-08-11 13:44:14,19.0,18.600000381469727,19.450000762939453,18.600000381469727,39585
3205,2026-08-11 13:44:14,49.29999923706055,49.099998474121094,50.5,49.099998474121094,29127
3206,2026-08-11 13:44:14,34.75,34.54999923706055,34.79999923706055,34.0,65196
3207,2026-08-11 13:44:14,44.20000076293945,42.400001525878906,44.45000076293945,42.20000076293945,190180
3211,2026-08-11 13:44:14,400.5,368.0,407.0,362.0,20105767
3213,2026-08-11 13:44:14,135.5,140.0,140.0,134.0,510531
3217,2026-08-11 13:44:14,147.5,149.0,149.5,147.5,268612
3218,2026-08-11 13:44:14,146.0,146.0,147.0,144.0,178115
3219,2026-08-11 13:44:14,72.5999984741211,70.5999984741211,73.69999694824219,70.5999984741211,310523
3221,2026-08-11 13:44:14,48.349998474121094,48.5,50.20000076293945,48.0,2172106
3224,2026-08-11 13:44:14,36.75,37.54999923706055,37.54999923706055,36.400001525878906,18686
3226,2026-08-11 13:44:14,50.70000076293945,51.29999923706055,51.5,50.0,17001
3227,2026-08-11 13:44:14,208.0,208.0,210.5,205.5,790521
3228,2026-08-11 13:44:14,145.5,144.5,145.5,141.5,97351
3230,2026-08-11 13:44:14,41.5,40.79999923706055,42.400001525878906,40.0,611826
3232,2026-08-11 13:44:14,19.850000381469727,19.600000381469727,19.950000762939453,19.600000381469727,17053
3236,2026-08-11 13:44:14,45.900001525878906,42.95000076293945,46.79999923706055,42.599998474121094,6688494
3234,2026-08-11 13:44:14,120.0,120.0,124.5,114.0,2515810
3252,2026-08-11 13:44:14,16.149999618530273,16.0,16.450000762939453,16.0,73004
3259,2026-08-11 13:44:14,14.300000190734863,14.449999809265137,14.449999809265137,14.300000190734863,5040
3260,2026-08-11 13:44:14,405.5,409.5,409.5,400.5,6976218
3264,2026-08-11 13:44:14,219.0,221.0,221.5,214.5,8884934
3265,2026-08-11 13:44:14,159.0,164.5,164.5,156.5,815407
3268,2026-08-11 13:44:14,20.850000381469727,20.25,20.850000381469727,19.649999618530273,52451
3272,2026-08-11 13:44:14,13.949999809265137,13.800000190734863,13.949999809265137,13.649999618530273,17000
3276,2026-08-11 13:44:14,14.899999618530273,14.899999618530273,15.25,14.800000190734863,439851
3284,2026-08-11 13:44:14,21.149999618530273,20.350000381469727,21.149999618530273,20.200000762939453,107627
3285,2026-08-11 13:44:14,37.20000076293945,37.900001525878906,37.95000076293945,36.599998474121094,34129
3287,2026-08-11 13:44:14,31.799999237060547,30.899999618530273,32.5,30.649999618530273,160644
3288,2026-08-11 13:44:14,22.049999237060547,22.649999618530273,22.649999618530273,22.049999237060547,30913
3289,2026-08-11 13:44:14,139.0,140.5,141.5,137.0,533801
3290,2026-08-11 13:44:14,55.099998474121094,54.5,55.29999923706055,53.70000076293945,534177
3293,2026-08-11 13:44:14,803.0,793.0,804.0,791.0,1638412
3294,2026-08-11 13:44:14,31.450000762939453,31.5,31.799999237060547,30.649999618530273,343110
3297,2026-08-11 13:44:14,28.450000762939453,28.200000762939453,28.600000381469727,28.200000762939453,52362
3303,2026-08-11 13:44:14,54.29999923706055,57.0,57.0,54.29999923706055,867126
3306,2026-08-11 13:44:14,44.45000076293945,43.54999923706055,45.29999923706055,43.54999923706055,90059
3310,2026-08-11 13:44:14,71.0999984741211,70.0999984741211,73.19999694824219,69.69999694824219,69886
3313,2026-08-11 13:44:14,10.300000190734863,10.399999618530273,10.399999618530273,10.149999618530273,68564
3317,2026-08-11 13:44:14,69.4000015258789,69.0,71.0,68.80000305175781,477793
3322,2026-08-11 13:44:14,11.449999809265137,11.5,11.5,11.25,141774
3323,2026-08-11 13:44:14,32.20000076293945,31.850000381469727,32.900001525878906,31.600000381469727,926583
3324,2026-08-11 13:44:14,1045.0,1015.0,1050.0,1000.0,2096957
3325,2026-08-11 13:44:14,11.800000190734863,11.949999809265137,11.949999809265137,11.649999618530273,93100
3339,2026-08-11 13:44:14,37.95000076293945,39.0,39.25,37.79999923706055,708235
3349,2026-08-11 13:44:14,22.200000762939453,23.149999618530273,23.149999618530273,22.049999237060547,81098
3354,2026-08-11 13:44:14,20.700000762939453,21.100000381469727,21.100000381469727,20.350000381469727,64216
3357,2026-08-11 13:44:14,218.0,214.0,227.0,213.5,3567852
3360,2026-08-11 13:44:14,16.0,16.0,16.5,15.899999618530273,547163
3362,2026-08-11 13:44:14,172.5,178.5,178.5,171.0,601293
3363,2026-08-11 13:44:14,605.0,640.0,648.0,603.0,3766078
3372,2026-08-11 13:44:14,16.299999237060547,16.399999618530273,16.450000762939453,15.949999809265137,463983
3373,2026-08-11 13:44:14,16.399999618530273,16.399999618530273,16.450000762939453,16.350000381469727,44481
3374,2026-08-11 13:44:14,334.0,341.0,351.5,324.0,16136073
3379,2026-08-11 13:44:14,29.799999237060547,30.200000762939453,30.549999237060547,29.299999237060547,279751
3388,2026-08-11 13:44:14,72.5,73.0,73.69999694824219,72.5,302392
3390,2026-08-11 13:44:14,22.200000762939453,22.649999618530273,22.649999618530273,22.049999237060547,234497
3402,2026-08-11 13:44:14,127.0,128.0,128.5,126.0,438236
3430,2026-08-11 13:44:14,111.5,114.5,115.5,111.0,599246
3434,2026-08-11 13:44:14,29.899999618530273,31.0,31.049999237060547,29.5,205976
3438,2026-08-11 13:44:14,60.0,61.0,61.400001525878906,59.79999923706055,54182
3441,2026-08-11 13:44:14,78.69999694824219,79.19999694824219,82.0,77.9000015258789,4452257
3444,2026-08-11 13:44:14,76.4000015258789,74.0,78.19999694824219,73.19999694824219,468505
3455,2026-08-11 13:44:14,203.0,202.0,203.0,192.5,711398
3465,2026-08-11 13:44:14,29.850000381469727,29.899999618530273,29.899999618530273,29.350000381469727,18313
3466,2026-08-11 13:44:14,26.200000762939453,26.450000762939453,26.450000762939453,24.75,152967
3467,2026-08-11 13:44:14,45.5,45.099998474121094,45.95000076293945,44.5,42620
3483,2026-08-11 13:44:14,73.4000015258789,74.0,74.0,72.0,201098
3479,2026-08-11 13:44:14,140.0,145.0,145.5,139.5,1227563
3484,2026-08-11 13:44:14,50.20000076293945,50.400001525878906,50.400001525878906,50.0,175551
3489,2026-08-11 13:44:14,25.950000762939453,26.0,26.0,25.950000762939453,290047
3485,2026-08-11 13:44:14,206.0,209.0,210.0,203.0,96267
3490,2026-08-11 13:44:14,31.850000381469727,30.75,32.45000076293945,30.75,3368160
3491,2026-08-11 13:44:14,1270.0,1230.0,1275.0,1215.0,906662
3492,2026-08-11 13:44:14,21.950000762939453,21.950000762939453,22.0,21.850000381469727,10000
3498,2026-08-11 13:44:14,125.0,130.0,131.0,121.5,2075862
3499,2026-08-11 13:44:14,13.050000190734863,13.050000190734863,13.050000190734863,13.0,4061
3508,2026-08-11 13:44:14,17.0,17.549999237060547,17.549999237060547,17.0,29158
3511,2026-08-11 13:44:14,20.350000381469727,20.049999237060547,21.25,20.0,456110
3512,2026-08-11 13:44:14,19.649999618530273,19.700000762939453,19.700000762939453,19.600000381469727,23437
3520,2026-08-11 13:44:14,18.600000381469727,19.25,19.299999237060547,18.399999618530273,468623
3521,2026-08-11 13:44:14,12.25,12.199999809265137,12.25,12.199999809265137,3001
3522,2026-08-11 13:44:14,11.649999618530273,11.899999618530273,12.0,11.25,183743
3523,2026-08-11 13:44:14,15.199999809265137,15.199999809265137,15.199999809265137,15.199999809265137,0
3526,2026-08-11 13:44:14,287.0,289.0,290.5,284.5,270111
3527,2026-08-11 13:44:14,51.900001525878906,52.099998474121094,52.099998474121094,51.29999923706055,27604
3529,2026-08-11 13:44:14,2665.0,2795.0,2820.0,2660.0,699968
3531,2026-08-11 13:44:14,21.299999237060547,20.850000381469727,21.299999237060547,20.649999618530273,12000
3537,2026-08-11 13:44:14,57.0,51.599998474121094,57.0,51.400001525878906,2060874
3540,2026-08-11 13:44:14,20.850000381469727,20.950000762939453,20.950000762939453,20.350000381469727,161045
3541,2026-08-11 13:44:14,21.299999237060547,21.149999618530273,21.450000762939453,21.149999618530273,22103
3546,2026-08-11 13:44:14,73.9000015258789,75.0,75.0999984741211,73.5999984741211,215286
3551,2026-08-11 13:44:14,177.5,179.0,179.5,175.5,161562
3548,2026-08-11 13:44:14,75.80000305175781,76.80000305175781,76.80000305175781,74.5,75564
3555,2026-08-11 13:44:14,162.5,165.0,166.0,160.5,29263
3552,2026-08-11 13:44:14,44.29999923706055,44.75,44.75,44.099998474121094,47692
3556,2026-08-11 13:44:14,64.0,64.5,64.5,62.900001525878906,260077
3558,2026-08-11 13:44:14,130.5,134.0,134.0,128.0,82718
3564,2026-08-11 13:44:14,46.150001525878906,48.95000076293945,48.95000076293945,46.04999923706055,144367
3567,2026-08-11 13:44:14,26.25,26.5,26.5,26.25,12086
3570,2026-08-11 13:44:14,164.0,163.0,164.0,161.5,44925
3577,2026-08-11 13:44:14,132.0,132.0,132.5,125.0,661302
3580,2026-08-11 13:44:14,78.0999984741211,78.19999694824219,78.69999694824219,75.9000015258789,470341
3581,2026-08-11 13:44:14,115.0,112.0,118.5,112.0,273090
3587,2026-08-11 13:44:14,252.0,253.5,255.0,247.0,449831
3597,2026-08-11 13:44:14,26.5,26.600000381469727,26.600000381469727,26.5,4001
3594,2026-08-11 13:44:14,57.0,61.5,61.5,56.099998474121094,2586131
3609,2026-08-11 13:44:14,23.899999618530273,24.350000381469727,24.549999237060547,23.799999237060547,624186
3611,2026-08-11 13:44:14,189.5,191.0,191.0,187.5,58449
3615,2026-08-11 13:44:14,35.900001525878906,36.400001525878906,36.849998474121094,35.04999923706055,482846
3623,2026-08-11 13:44:14,21.5,21.649999618530273,21.649999618530273,21.149999618530273,13653
3624,2026-08-11 13:44:14,86.19999694824219,82.19999694824219,89.4000015258789,80.30000305175781,11492656
3625,2026-08-11 13:44:14,17.299999237060547,16.75,17.350000381469727,16.75,369991
3628,2026-08-11 13:44:14,65.4000015258789,65.19999694824219,65.80000305175781,64.80000305175781,26447
3629,2026-08-11 13:44:14,13.199999809265137,13.199999809265137,13.199999809265137,13.199999809265137,0
3630,2026-08-11 13:44:14,25.950000762939453,26.200000762939453,26.200000762939453,25.549999237060547,425200
3631,2026-08-11 13:44:14,33.900001525878906,33.79999923706055,33.95000076293945,33.29999923706055,55097
3632,2026-08-11 13:44:14,8.0,8.0,8.0,8.0,12459
3646,2026-08-11 13:44:14,23.25,23.200000762939453,23.25,23.200000762939453,17665
3663,2026-08-11 13:44:14,63.5,65.4000015258789,65.4000015258789,62.5,274035
3664,2026-08-11 13:44:14,6.099999904632568,6.159999847412109,6.199999809265137,6.099999904632568,9000
3666,2026-08-11 13:44:14,24.950000762939453,25.049999237060547,25.100000381469727,24.600000381469727,51004
3672,2026-08-11 13:44:14,12.600000381469727,12.300000190734863,12.600000381469727,12.300000190734863,13020
3675,2026-08-11 13:44:14,272.5,278.0,284.5,271.0,592058
3680,2026-08-11 13:44:14,448.0,447.0,459.0,445.5,750417
3684,2026-08-11 13:44:14,52.900001525878906,52.20000076293945,52.900001525878906,52.20000076293945,1000
3685,2026-08-11 13:44:14,38.5,38.349998474121094,38.900001525878906,38.25,418262
3687,2026-08-11 13:44:14,65.80000305175781,65.0999984741211,66.0999984741211,65.0999984741211,15566
3689,2026-08-11 13:44:14,109.5,108.5,110.0,108.5,681933
3691,2026-08-11 13:44:14,118.5,117.0,118.5,115.0,575580
3693,2026-08-11 13:44:14,491.5,493.0,500.0,481.5,620576
3707,2026-08-11 13:44:14,61.79999923706055,61.5,63.599998474121094,61.099998474121094,2461585
3709,2026-08-11 13:44:14,71.9000015258789,73.4000015258789,73.9000015258789,71.5999984741211,2468945
3710,2026-08-11 13:44:14,5.179999828338623,5.03000020980835,5.179999828338623,5.0,286590
3713,2026-08-11 13:44:14,14.600000381469727,15.100000381469727,15.100000381469727,14.600000381469727,74148
4102,2026-08-11 13:44:14,18.850000381469727,18.899999618530273,18.899999618530273,18.649999618530273,17454
4105,2026-08-11 13:44:14,77.5999984741211,77.30000305175781,78.19999694824219,77.0999984741211,476244
4107,2026-08-11 13:44:14,114.5,114.5,115.0,113.5,54706
4109,2026-08-11 13:44:14,11.25,11.300000190734863,11.350000381469727,11.199999809265137,30005
4111,2026-08-11 13:44:14,29.850000381469727,30.049999237060547,30.049999237060547,29.700000762939453,51811
4113,2026-08-11 13:44:14,14.600000381469727,15.149999618530273,15.149999618530273,14.350000381469727,254885
4114,2026-08-11 13:44:14,30.100000381469727,29.700000762939453,30.149999618530273,29.600000381469727,1894909
4120,2026-08-11 13:44:14,48.79999923706055,49.349998474121094,49.349998474121094,48.70000076293945,14065
4121,2026-08-11 13:44:14,13.100000381469727,13.100000381469727,13.100000381469727,13.050000190734863,11455
4123,2026-08-11 13:44:14,38.95000076293945,39.349998474121094,39.349998474121094,38.900001525878906,1679509
4126,2026-08-11 13:44:14,77.4000015258789,77.19999694824219,77.5999984741211,77.0,69084
4127,2026-08-11 13:44:14,89.5,90.0999984741211,92.0,84.9000015258789,318420
4129,2026-08-11 13:44:14,86.5,86.0,86.9000015258789,86.0,19614
4128,2026-08-11 13:44:14,14.75,14.949999809265137,15.0,14.649999618530273,1204125
4131,2026-08-11 13:44:14,32.5,32.5,32.70000076293945,32.0,7000
4138,2026-08-11 13:44:14,51.099998474121094,51.400001525878906,51.400001525878906,51.099998474121094,9100
4139,2026-08-11 13:44:14,35.0,35.0,36.349998474121094,35.0,12051
4147,2026-08-11 13:44:14,63.099998474121094,60.20000076293945,64.5,60.20000076293945,1760635
4153,2026-08-11 13:44:14,33.0,32.5,33.0,32.5,4004
4154,2026-08-11 13:44:14,11.899999618530273,11.399999618530273,12.449999809265137,11.399999618530273,33000
4160,2026-08-11 13:44:14,40.099998474121094,39.79999923706055,40.099998474121094,39.5,11596
4157,2026-08-11 13:44:14,9.020000457763672,8.800000190734863,9.229999542236328,8.800000190734863,1554346
4161,2026-08-11 13:44:14,22.950000762939453,23.600000381469727,23.600000381469727,22.799999237060547,31000
4162,2026-08-11 13:44:14,63.5,64.0,64.0,63.20000076293945,444339
4163,2026-08-11 13:44:14,143.5,150.5,151.5,142.5,191677
4166,2026-08-11 13:44:14,24.350000381469727,24.399999618530273,24.600000381469727,24.25,155051
4167,2026-08-11 13:44:14,18.399999618530273,18.700000762939453,18.700000762939453,18.25,506371
4168,2026-08-11 13:44:14,22.700000762939453,22.799999237060547,23.0,22.700000762939453,112869
4171,2026-08-11 13:44:14,17.100000381469727,17.200000762939453,17.200000762939453,16.899999618530273,30506
4173,2026-08-11 13:44:14,17.75,17.600000381469727,17.75,17.600000381469727,20655
4174,2026-08-11 13:44:14,26.549999237060547,26.299999237060547,26.600000381469727,26.0,421480
4175,2026-08-11 13:44:14,50.0,50.099998474121094,50.099998474121094,50.0,7708
4192,2026-08-11 13:44:14,19.0,19.0,19.0,19.0,1000
4188,2026-08-11 13:44:14,10.0,9.979999542236328,10.050000190734863,9.979999542236328,6002
4198,2026-08-11 13:44:14,41.95000076293945,40.0,41.95000076293945,40.0,0
4205,2026-08-11 13:44:14,70.0,70.0,70.0,70.0,6110
4207,2026-08-11 13:44:14,20.450000762939453,20.25,20.600000381469727,20.100000381469727,578294
4303,2026-08-11 13:44:14,44.70000076293945,45.0,45.29999923706055,44.5,221126
4304,2026-08-11 13:44:14,16.0,16.399999618530273,16.399999618530273,16.0,14030
4305,2026-08-11 13:44:14,43.45000076293945,43.79999923706055,45.0,43.45000076293945,8144
4401,2026-08-11 13:44:14,13.949999809265137,13.899999618530273,14.0,13.899999618530273,11027
4402,2026-08-11 13:44:14,16.649999618530273,15.899999618530273,16.649999618530273,15.600000381469727,10003
4406,2026-08-11 13:44:14,10.0,10.0,10.0,10.0,0
4413,2026-08-11 13:44:14,15.399999618530273,15.300000190734863,15.5,15.300000190734863,9320
4416,2026-08-11 13:44:14,10.399999618530273,10.5,10.550000190734863,10.399999618530273,174400
4417,2026-08-11 13:44:14,46.79999923706055,47.0,47.400001525878906,46.349998474121094,378811
4419,2026-08-11 13:44:14,46.599998474121094,46.150001525878906,46.599998474121094,46.0,7978
4420,2026-08-11 13:44:14,35.29999923706055,35.650001525878906,35.650001525878906,35.099998474121094,4473
4430,2026-08-11 13:44:14,17.399999618530273,17.200000762939453,17.799999237060547,17.200000762939453,6537
4432,2026-08-11 13:44:14,16.100000381469727,16.149999618530273,16.149999618530273,16.0,9000
4433,2026-08-11 13:44:14,20.049999237060547,20.25,20.25,19.700000762939453,36306
4442,2026-08-11 13:44:14,52.79999923706055,52.20000076293945,53.599998474121094,51.70000076293945,146429
4502,2026-08-11 13:44:14,15.699999809265137,15.699999809265137,15.699999809265137,15.699999809265137,0
4503,2026-08-11 13:44:14,24.450000762939453,24.450000762939453,24.450000762939453,24.450000762939453,147477
4506,2026-08-11 13:44:14,121.5,122.0,122.5,121.5,17844
4510,2026-08-11 13:44:14,40.79999923706055,40.849998474121094,41.599998474121094,40.349998474121094,484144
4523,2026-08-11 13:44:14,26.0,25.950000762939453,26.049999237060547,25.700000762939453,79391
4513,2026-08-11 13:44:14,17.200000762939453,17.200000762939453,17.299999237060547,16.649999618530273,822885
4527,2026-08-11 13:44:14,41.0,40.599998474121094,41.04999923706055,40.599998474121094,16487
4528,2026-08-11 13:44:14,15.199999809265137,15.199999809265137,15.350000381469727,15.199999809265137,14204
4529,2026-08-11 13:44:14,4.21999979019165,4.25,4.25,4.050000190734863,17000
4533,2026-08-11 13:44:14,26.700000762939453,27.0,27.25,25.75,2531882
4534,2026-08-11 13:44:14,34.400001525878906,34.45000076293945,34.70000076293945,32.599998474121094,1208369
4535,2026-08-11 13:44:14,29.5,29.75,29.850000381469727,28.850000381469727,5011
4538,2026-08-11 13:44:14,17.450000762939453,17.399999618530273,17.649999618530273,17.399999618530273,12000
4541,2026-08-11 13:44:14,66.19999694824219,66.0,67.30000305175781,64.4000015258789,4834257
4542,2026-08-11 13:44:14,273.0,283.5,291.5,263.5,1031379
4543,2026-08-11 13:44:14,31.399999618530273,32.349998474121094,32.349998474121094,31.149999618530273,62122
4549,2026-08-11 13:44:14,92.80000305175781,90.69999694824219,92.80000305175781,90.5,55863
4550,2026-08-11 13:44:14,24.200000762939453,24.399999618530273,24.5,24.200000762939453,15050
4554,2026-08-11 13:44:14,30.899999618530273,31.0,31.0,30.700000762939453,34423
4556,2026-08-11 13:44:14,92.0999984741211,89.19999694824219,92.0999984741211,86.4000015258789,181380
4558,2026-08-11 13:44:14,18.299999237060547,18.5,18.899999618530273,18.299999237060547,31050
4561,2026-08-11 13:44:14,42.650001525878906,42.79999923706055,43.5,41.349998474121094,315338
4563,2026-08-11 13:44:14,40.0,39.5,40.79999923706055,39.0,118871
4568,2026-08-11 13:44:14,40.20000076293945,40.099998474121094,40.25,40.0,12000
4577,2026-08-11 13:44:14,75.5999984741211,78.0999984741211,78.0999984741211,73.9000015258789,310887
4580,2026-08-11 13:44:14,78.5,79.30000305175781,80.80000305175781,78.19999694824219,213328
4584,2026-08-11 13:44:14,40.0,40.0,40.0,40.0,1000
4609,2026-08-11 13:44:14,4.75,4.960000038146973,4.960000038146973,4.75,22000
4702,2026-08-11 13:44:14,9.670000076293945,9.8100004196167,9.8100004196167,9.600000381469727,29034
4706,2026-08-11 13:44:14,31.75,31.799999237060547,31.799999237060547,31.700000762939453,2199
4707,2026-08-11 13:44:14,29.950000762939453,31.299999237060547,31.899999618530273,28.799999237060547,7022892
4711,2026-08-11 13:44:14,16.649999618530273,16.5,16.899999618530273,16.350000381469727,144569
4714,2026-08-11 13:44:14,10.449999809265137,10.75,10.75,10.399999618530273,453394
4716,2026-08-11 13:44:14,18.950000762939453,17.5,19.0,17.200000762939453,3720475
4721,2026-08-11 13:44:14,73.5999984741211,74.0999984741211,75.19999694824219,72.5,363622
4726,2026-08-11 13:44:14,24.549999237060547,24.549999237060547,24.549999237060547,24.299999237060547,19814
4728,2026-08-11 13:44:14,385.0,385.0,385.0,385.0,0
4729,2026-08-11 13:44:14,19.950000762939453,19.799999237060547,20.450000762939453,19.799999237060547,52358
4735,2026-08-11 13:44:14,34.849998474121094,34.349998474121094,35.5,33.75,179010
4743,2026-08-11 13:44:14,47.29999923706055,46.5,47.45000076293945,46.150001525878906,1920585
4741,2026-08-11 13:44:14,43.29999923706055,45.0,45.0,42.349998474121094,116273
4745,2026-08-11 13:44:14,12.0,12.0,12.100000381469727,11.699999809265137,36315
4744,2026-08-11 13:44:14,27.350000381469727,27.75,27.75,27.299999237060547,36515
4747,2026-08-11 13:44:14,56.099998474121094,53.29999923706055,58.099998474121094,52.20000076293945,88801
4749,2026-08-11 13:44:14,801.0,786.0,807.0,771.0,538991
4754,2026-08-11 13:44:14,37.650001525878906,38.349998474121094,38.349998474121094,37.54999923706055,45720
4760,2026-08-11 13:44:14,256.0,245.0,260.0,245.0,466557
4767,2026-08-11 13:44:14,26.5,26.350000381469727,26.5,26.299999237060547,9000
4768,2026-08-11 13:44:14,312.0,317.0,318.0,305.5,195542
4772,2026-08-11 13:44:14,248.5,263.5,263.5,245.5,1342032
4806,2026-08-11 13:44:14,9.920000076293945,9.90999984741211,9.920000076293945,9.90999984741211,0
4903,2026-08-11 13:44:14,37.650001525878906,38.54999923706055,38.900001525878906,37.650001525878906,2552931
4905,2026-08-11 13:44:14,69.30000305175781,66.0,70.69999694824219,66.0,33072
4907,2026-08-11 13:44:14,44.75,45.20000076293945,45.29999923706055,44.20000076293945,88465
4908,2026-08-11 13:44:14,151.0,152.5,157.0,148.5,962279
4909,2026-08-11 13:44:14,38.5,38.75,39.04999923706055,38.04999923706055,118740
4911,2026-08-11 13:44:14,28.25,28.399999618530273,28.5,28.25,5100
4924,2026-08-11 13:44:14,9.979999542236328,9.829999923706055,9.979999542236328,9.75,19090
4923,2026-08-11 13:44:14,50.0,53.0,53.0,49.5,791459
4931,2026-08-11 13:44:14,255.5,239.5,261.0,239.0,19785614
4933,2026-08-11 13:44:14,55.099998474121094,54.20000076293945,55.400001525878906,54.20000076293945,41330
4939,2026-08-11 13:44:14,61.70000076293945,60.79999923706055,62.0,59.099998474121094,5501160
4950,2026-08-11 13:44:14,15.649999618530273,15.600000381469727,15.800000190734863,15.600000381469727,8759
4946,2026-08-11 13:44:14,82.5,84.30000305175781,85.0,82.5,22212
4951,2026-08-11 13:44:14,80.0,79.4000015258789,80.19999694824219,77.9000015258789,135912
4953,2026-08-11 13:44:14,125.0,127.0,127.0,124.5,137478
4971,2026-08-11 13:44:14,465.0,478.0,485.0,462.0,786459
4966,2026-08-11 13:44:14,596.0,595.0,601.0,589.0,549583
4972,2026-08-11 13:44:14,16.399999618530273,16.649999618530273,16.649999618530273,16.399999618530273,4728
4973,2026-08-11 13:44:14,157.0,160.5,160.5,152.0,2020880
4974,2026-08-11 13:44:14,69.4000015258789,69.69999694824219,69.69999694824219,68.69999694824219,44809
4979,2026-08-11 13:44:14,507.0,520.0,558.0,506.0,18835592
4991,2026-08-11 13:44:14,479.0,491.0,522.0,461.0,8466055
4995,2026-08-11 13:44:14,50.70000076293945,49.650001525878906,50.900001525878906,49.650001525878906,89556
5009,2026-08-11 13:44:14,33.20000076293945,33.900001525878906,33.900001525878906,32.900001525878906,1196415
5011,2026-08-11 13:44:14,18.299999237060547,18.5,18.5,18.149999618530273,124514
5013,2026-08-11 13:44:14,26.149999618530273,26.100000381469727,26.200000762939453,25.649999618530273,9000
5014,2026-08-11 13:44:14,11.25,11.0,11.25,11.0,545294
5015,2026-08-11 13:44:14,22.149999618530273,22.100000381469727,22.149999618530273,22.100000381469727,1207
5016,2026-08-11 13:44:14,24.149999618530273,24.149999618530273,24.149999618530273,24.149999618530273,0
5201,2026-08-11 13:44:14,26.0,26.0,26.0,26.0,0
5202,2026-08-11 13:44:14,12.300000190734863,12.25,12.5,12.149999618530273,92383
5206,2026-08-11 13:44:14,22.049999237060547,22.25,22.25,21.700000762939453,102696
5205,2026-08-11 13:44:14,21.75,21.100000381469727,21.75,21.100000381469727,0
5209,2026-08-11 13:44:14,160.5,162.5,162.5,160.0,14765
5210,2026-08-11 13:44:14,28.450000762939453,28.299999237060547,28.450000762939453,27.850000381469727,125016
5211,2026-08-11 13:44:14,20.100000381469727,20.649999618530273,20.899999618530273,20.100000381469727,38360
5213,2026-08-11 13:44:14,20.899999618530273,21.0,21.0,20.799999237060547,153200
5220,2026-08-11 13:44:14,20.5,20.5,20.649999618530273,20.5,28014
5223,2026-08-11 13:44:14,23.700000762939453,23.799999237060547,23.899999618530273,23.5,8000
5227,2026-08-11 13:44:14,34.650001525878906,34.0,35.900001525878906,33.5,304690
5228,2026-08-11 13:44:14,41.849998474121094,41.5,43.45000076293945,40.900001525878906,729276
5230,2026-08-11 13:44:14,17.75,17.850000381469727,18.0,17.700000762939453,60606
5245,2026-08-11 13:44:14,23.700000762939453,23.25,23.75,23.25,26700
5251,2026-08-11 13:44:14,25.700000762939453,25.600000381469727,26.450000762939453,25.200000762939453,50224
5263,2026-08-11 13:44:14,94.5999984741211,92.69999694824219,94.5999984741211,92.0,128611
5272,2026-08-11 13:44:14,18.149999618530273,18.0,18.149999618530273,17.799999237060547,59444
5274,2026-08-11 13:44:14,16280.0,16800.0,16800.0,15930.0,145298
5276,2026-08-11 13:44:14,19.100000381469727,19.0,19.100000381469727,19.0,2000
5278,2026-08-11 13:44:14,24.549999237060547,24.799999237060547,24.799999237060547,24.5,22196
5287,2026-08-11 13:44:14,147.0,146.5,148.0,146.5,25262
5289,2026-08-11 13:44:14,1470.0,1460.0,1485.0,1425.0,2297311
5291,2026-08-11 13:44:14,56.599998474121094,56.20000076293945,57.0,55.20000076293945,345660
5299,2026-08-11 13:44:14,100.5,102.0,104.0,99.9000015258789,269375
5301,2026-08-11 13:44:14,5.349999904632568,5.340000152587891,5.349999904632568,5.340000152587891,5900
5302,2026-08-11 13:44:14,11.5,10.850000381469727,11.75,10.75,1037555
5309,2026-08-11 13:44:14,56.20000076293945,55.29999923706055,57.0,55.20000076293945,4453285
5310,2026-08-11 13:44:14,25.0,25.0,25.0,25.0,0
5312,2026-08-11 13:44:14,88.69999694824219,89.0,89.5,88.69999694824219,37887
5314,2026-08-11 13:44:14,61.099998474121094,61.900001525878906,62.5,60.70000076293945,2341001
5315,2026-08-11 13:44:14,19.100000381469727,19.25,19.25,19.049999237060547,112230
5321,2026-08-11 13:44:14,56.5,56.099998474121094,57.400001525878906,54.599998474121094,172359
5324,2026-08-11 13:44:14,12.25,12.199999809265137,12.399999618530273,12.149999618530273,626019
5328,2026-08-11 13:44:14,65.80000305175781,61.79999923706055,67.19999694824219,61.599998474121094,28895689
5340,2026-08-11 13:44:14,74.0,73.9000015258789,75.5,72.5,2524769
5344,2026-08-11 13:44:14,13.800000190734863,14.050000190734863,14.050000190734863,13.800000190734863,4000
5345,2026-08-11 13:44:14,22.450000762939453,21.850000381469727,22.5,21.850000381469727,7000
5347,2026-08-11 13:44:14,157.5,159.0,159.5,153.0,24166139
5348,2026-08-11 13:44:14,16.950000762939453,16.649999618530273,16.950000762939453,16.649999618530273,24090
5351,2026-08-11 13:44:14,119.0,116.0,119.0,108.5,11476805
5353,2026-08-11 13:44:14,28.299999237060547,28.600000381469727,28.700000762939453,28.25,26142
5355,2026-08-11 13:44:14,5.989999771118164,6.070000171661377,6.070000171661377,5.840000152587891,28001
5356,2026-08-11 13:44:14,25.75,25.850000381469727,25.850000381469727,25.299999237060547,217441
5364,2026-08-11 13:44:14,8.800000190734863,8.850000381469727,8.850000381469727,8.729999542236328,30000
5371,2026-08-11 13:44:14,86.9000015258789,85.30000305175781,89.30000305175781,82.5,10201901
5381,2026-08-11 13:44:14,24.399999618530273,24.5,25.100000381469727,24.200000762939453,228167
5386,2026-08-11 13:44:14,273.0,273.5,284.5,273.0,1637505
5392,2026-08-11 13:44:14,45.20000076293945,46.900001525878906,46.900001525878906,45.150001525878906,1825457
5398,2026-08-11 13:44:14,14.050000190734863,14.0,14.050000190734863,14.0,15025
5403,2026-08-11 13:44:14,92.30000305175781,92.5999984741211,92.5999984741211,91.0,41628
5410,2026-08-11 13:44:14,34.70000076293945,34.25,34.75,34.20000076293945,275643
5425,2026-08-11 13:44:14,85.30000305175781,84.30000305175781,88.80000305175781,83.5999984741211,9246829
5426,2026-08-11 13:44:14,30.799999237060547,27.799999237060547,30.799999237060547,26.799999237060547,3505237
5432,2026-08-11 13:44:14,115.0,113.5,116.0,112.0,46361
5438,2026-08-11 13:44:14,17.399999618530273,17.700000762939453,17.700000762939453,17.25,48431
5439,2026-08-11 13:44:14,239.0,233.0,244.0,232.0,1238068
5443,2026-08-11 13:44:14,107.5,105.5,109.5,105.0,4784826
5450,2026-08-11 13:44:14,15.199999809265137,15.5,15.5,15.0,152132
5452,2026-08-11 13:44:14,26.75,27.25,27.299999237060547,26.600000381469727,307739
5455,2026-08-11 13:44:14,28.299999237060547,28.299999237060547,28.299999237060547,28.299999237060547,1000
5457,2026-08-11 13:44:14,28.549999237060547,28.75,28.899999618530273,28.299999237060547,196556
5460,2026-08-11 13:44:14,16.5,16.450000762939453,16.5,16.0,39245
5464,2026-08-11 13:44:14,61.29999923706055,61.70000076293945,61.79999923706055,59.099998474121094,455793
5465,2026-08-11 13:44:14,21.549999237060547,21.75,21.799999237060547,21.25,64336
5468,2026-08-11 13:44:14,30.549999237060547,30.549999237060547,30.549999237060547,30.549999237060547,588854
5474,2026-08-11 13:44:14,150.5,151.5,151.5,148.5,88887
5475,2026-08-11 13:44:14,135.5,131.5,137.5,131.0,14270599
5478,2026-08-11 13:44:14,99.5999984741211,99.5999984741211,100.5,99.5999984741211,46095
5481,2026-08-11 13:44:14,19.450000762939453,19.799999237060547,19.799999237060547,19.450000762939453,21225
5483,2026-08-11 13:44:14,168.0,168.5,173.0,165.0,11860003
5487,2026-08-11 13:44:14,29.399999618530273,29.25,29.399999618530273,28.799999237060547,39000
5489,2026-08-11 13:44:14,41.70000076293945,42.650001525878906,43.04999923706055,41.20000076293945,104361
5488,2026-08-11 13:44:14,13.300000190734863,13.350000381469727,13.5,13.100000381469727,509787
5490,2026-08-11 13:44:14,30.100000381469727,31.0,31.049999237060547,30.049999237060547,1091475
5493,2026-08-11 13:44:14,79.30000305175781,78.9000015258789,79.80000305175781,78.69999694824219,25633
5498,2026-08-11 13:44:14,51.20000076293945,50.599998474121094,53.20000076293945,50.5,2590534
5508,2026-08-11 13:44:14,54.70000076293945,54.70000076293945,55.20000076293945,54.0,166594
5512,2026-08-11 13:44:14,7.789999961853027,7.809999942779541,7.829999923706055,7.699999809265137,507191
5511,2026-08-11 13:44:14,71.0,71.5,71.5,70.5,163463
5514,2026-08-11 13:44:14,13.649999618530273,13.699999809265137,13.699999809265137,13.449999809265137,3200
5516,2026-08-11 13:44:14,12.899999618530273,13.050000190734863,13.100000381469727,12.600000381469727,102329
5520,2026-08-11 13:44:14,83.5,83.9000015258789,86.0,83.5,3000
5523,2026-08-11 13:44:14,30.200000762939453,30.200000762939453,30.200000762939453,30.200000762939453,0
5529,2026-08-11 13:44:14,21.399999618530273,21.5,21.5,21.299999237060547,32908
5530,2026-08-11 13:44:14,49.70000076293945,49.849998474121094,50.099998474121094,49.20000076293945,171436
5536,2026-08-11 13:44:14,941.0,963.0,980.0,941.0,957942
5543,2026-08-11 13:44:14,24.0,27.649999618530273,27.649999618530273,24.0,1026
5547,2026-08-11 13:44:14,19.799999237060547,19.600000381469727,20.100000381469727,19.600000381469727,33025
5548,2026-08-11 13:44:14,20.5,20.200000762939453,20.700000762939453,20.200000762939453,19055
5601,2026-08-11 13:44:14,29.5,29.100000381469727,29.5,29.100000381469727,6000
5603,2026-08-11 13:44:14,14.199999809265137,14.199999809265137,14.199999809265137,14.149999618530273,29632
5604,2026-08-11 13:44:14,30.600000381469727,30.649999618530273,30.649999618530273,30.600000381469727,7170
5609,2026-08-11 13:44:14,79.30000305175781,79.4000015258789,79.5999984741211,79.0,80578
5701,2026-08-11 13:44:14,4.150000095367432,4.309999942779541,4.309999942779541,4.150000095367432,85644
5704,2026-08-11 13:44:14,21.600000381469727,21.600000381469727,21.600000381469727,21.600000381469727,8531
5864,2026-08-11 13:44:14,30.399999618530273,29.600000381469727,30.450000762939453,29.200000762939453,2599045
5878,2026-08-11 13:44:14,38.79999923706055,38.25,38.79999923706055,38.25,2000
5902,2026-08-11 13:44:14,34.400001525878906,34.349998474121094,34.900001525878906,34.20000076293945,10000
5903,2026-08-11 13:44:14,185.0,185.0,185.0,185.0,12667
5904,2026-08-11 13:44:14,87.0999984741211,87.0999984741211,87.0999984741211,84.0999984741211,8648885
5905,2026-08-11 13:44:14,8.079999923706055,8.180000305175781,8.1899995803833,8.029999732971191,448446
6015,2026-08-11 13:44:14,15.050000190734863,14.899999618530273,15.050000190734863,14.550000190734863,1104363
6016,2026-08-11 13:44:14,18.549999237060547,18.200000762939453,18.700000762939453,18.0,2491209
6020,2026-08-11 13:44:14,21.200000762939453,20.5,21.200000762939453,20.350000381469727,145000
6021,2026-08-11 13:44:14,34.95000076293945,35.099998474121094,35.20000076293945,34.75,60042
6023,2026-08-11 13:44:14,86.9000015258789,86.5999984741211,87.30000305175781,86.30000305175781,561333
6026,2026-08-11 13:44:14,13.949999809265137,13.899999618530273,13.949999809265137,13.800000190734863,663933
6028,2026-08-11 13:44:14,87.0,85.0,87.0,85.0,116355
6103,2026-08-11 13:44:14,28.5,28.5,28.5,28.5,0
6101,2026-08-11 13:44:14,35.099998474121094,35.349998474121094,35.70000076293945,34.849998474121094,419251
6104,2026-08-11 13:44:14,93.30000305175781,94.0,95.0,93.0999984741211,323895
6109,2026-08-11 13:44:14,11.0,11.25,11.5,10.949999809265137,75151
6111,2026-08-11 13:44:14,37.54999923706055,37.5,37.650001525878906,37.29999923706055,115863
6113,2026-08-11 13:44:14,24.75,24.350000381469727,25.200000762939453,24.350000381469727,120436
6114,2026-08-11 13:44:14,27.0,27.75,27.75,27.0,5000
6118,2026-08-11 13:44:14,15.699999809265137,15.649999618530273,15.75,15.550000190734863,56000
6121,2026-08-11 13:44:14,434.5,403.5,434.5,403.5,2557225
6122,2026-08-11 13:44:14,46.45000076293945,47.0,47.0,46.099998474121094,221164
6123,2026-08-11 13:44:14,43.400001525878906,43.25,43.79999923706055,43.25,62660
6124,2026-08-11 13:44:14,27.0,27.100000381469727,27.100000381469727,26.600000381469727,4736
6125,2026-08-11 13:44:14,49.599998474121094,49.79999923706055,49.900001525878906,49.150001525878906,325311
6126,2026-08-11 13:44:14,30.600000381469727,30.75,31.100000381469727,30.5,351115
6127,2026-08-11 13:44:14,51.5,50.20000076293945,54.29999923706055,50.0,6138947
6129,2026-08-11 13:44:14,14.600000381469727,14.600000381469727,14.600000381469727,14.399999618530273,192049
6130,2026-08-11 13:44:14,25.149999618530273,25.200000762939453,25.850000381469727,25.0,90208
6134,2026-08-11 13:44:14,27.799999237060547,27.850000381469727,28.100000381469727,27.75,131928
6138,2026-08-11 13:44:14,288.5,282.5,295.0,282.5,491649
6140,2026-08-11 13:44:14,17.149999618530273,17.149999618530273,17.600000381469727,16.899999618530273,63672
6143,2026-08-11 13:44:14,89.19999694824219,90.30000305175781,90.69999694824219,88.5999984741211,499816
6144,2026-08-11 13:44:14,14.550000190734863,13.300000190734863,14.550000190734863,13.300000190734863,114701
6146,2026-08-11 13:44:14,191.5,192.0,194.0,190.5,260116
6147,2026-08-11 13:44:14,161.5,151.0,166.0,146.5,30010602
6148,2026-08-11 13:44:14,28.399999618530273,28.950000762939453,29.200000762939453,28.100000381469727,271280
6150,2026-08-11 13:44:14,59.400001525878906,61.0,61.0,59.099998474121094,128336
6151,2026-08-11 13:44:14,35.0,35.45000076293945,35.45000076293945,35.0,35383
6154,2026-08-11 13:44:14,13.800000190734863,13.649999618530273,13.899999618530273,13.649999618530273,100437
6156,2026-08-11 13:44:14,21.799999237060547,21.0,22.649999618530273,21.0,1584997
6158,2026-08-11 13:44:14,16.549999237060547,16.549999237060547,16.75,16.450000762939453,31682
6160,2026-08-11 13:44:14,14.149999618530273,14.300000190734863,14.300000190734863,13.949999809265137,26227
6161,2026-08-11 13:44:14,53.099998474121094,52.70000076293945,53.900001525878906,51.79999923706055,187069
6163,2026-08-11 13:44:14,43.0,43.70000076293945,44.5,42.599998474121094,2287641
6167,2026-08-11 13:44:14,10.5,10.550000190734863,10.649999618530273,10.5,144798
6169,2026-08-11 13:44:14,12.699999809265137,12.949999809265137,13.0,12.550000190734863,19195
6170,2026-08-11 13:44:14,46.650001525878906,46.79999923706055,46.79999923706055,46.5,85617
6173,2026-08-11 13:44:14,185.0,168.0,185.0,168.0,18366640
6174,2026-08-11 13:44:14,42.79999923706055,41.70000076293945,43.400001525878906,41.650001525878906,882469
6175,2026-08-11 13:44:14,77.5,75.5999984741211,79.5999984741211,75.5,1901962
6179,2026-08-11 13:44:14,27.700000762939453,28.0,28.0,27.5,704783
6180,2026-08-11 13:44:14,42.099998474121094,41.5,42.20000076293945,41.349998474121094,267546
6182,2026-08-11 13:44:14,93.80000305175781,93.5,98.0,89.80000305175781,38287430
6185,2026-08-11 13:44:14,13.699999809265137,13.699999809265137,13.75,13.550000190734863,75046
6186,2026-08-11 13:44:14,35.349998474121094,35.849998474121094,35.849998474121094,35.349998474121094,575409
6187,2026-08-11 13:44:14,1050.0,1165.0,1195.0,1035.0,4311667
6188,2026-08-11 13:44:14,71.69999694824219,72.0999984741211,72.0999984741211,70.80000305175781,354214
6190,2026-08-11 13:44:14,68.9000015258789,69.0,69.9000015258789,67.80000305175781,861480
6194,2026-08-11 13:44:14,29.850000381469727,30.0,30.100000381469727,29.799999237060547,94000
6195,2026-08-11 13:44:14,28.600000381469727,29.0,29.25,28.600000381469727,40143
6198,2026-08-11 13:44:14,19.5,19.5,19.549999237060547,19.5,2000
6199,2026-08-11 13:44:14,98.0,97.80000305175781,99.0,97.30000305175781,334150
6203,2026-08-11 13:44:14,60.70000076293945,61.0,61.0,60.5,64318
6204,2026-08-11 13:44:14,80.69999694824219,80.69999694824219,82.9000015258789,80.19999694824219,264211
6207,2026-08-11 13:44:14,106.5,106.0,110.5,104.0,3675119
6208,2026-08-11 13:44:14,81.5999984741211,81.69999694824219,82.5999984741211,81.0999984741211,334156
6210,2026-08-11 13:44:14,17.299999237060547,17.399999618530273,17.399999618530273,17.299999237060547,10020
6212,2026-08-11 13:44:14,28.899999618530273,28.899999618530273,28.899999618530273,28.899999618530273,0
6217,2026-08-11 13:44:14,153.0,166.5,166.5,152.0,864059
6218,2026-08-11 13:44:14,35.650001525878906,36.099998474121094,37.20000076293945,35.650001525878906,420566
6219,2026-08-11 13:44:14,12.350000381469727,12.550000190734863,12.600000381469727,12.300000190734863,56977
6220,2026-08-11 13:44:14,25.399999618530273,25.899999618530273,25.899999618530273,25.200000762939453,443229
6222,2026-08-11 13:44:14,20.049999237060547,20.299999237060547,20.350000381469727,19.950000762939453,10000
6221,2026-08-11 13:44:14,20.450000762939453,21.0,21.0,20.200000762939453,114526
6223,2026-08-11 13:44:14,6295.0,6330.0,6380.0,6140.0,401722
6227,2026-08-11 13:44:14,131.0,130.5,135.0,128.5,810487
6228,2026-08-11 13:44:14,18.399999618530273,18.549999237060547,18.549999237060547,18.399999618530273,1153
6229,2026-08-11 13:44:14,23.450000762939453,23.600000381469727,23.700000762939453,23.299999237060547,30002
6231,2026-08-11 13:44:14,217.0,216.0,218.5,214.0,152999
6233,2026-08-11 13:44:14,22.399999618530273,21.75,22.5,21.600000381469727,226330
6234,2026-08-11 13:44:14,36.54999923706055,37.400001525878906,38.5,36.0,540303
6237,2026-08-11 13:44:14,34.5,34.75,35.25,34.400001525878906,172368
6240,2026-08-11 13:44:14,19.299999237060547,19.100000381469727,19.350000381469727,19.100000381469727,6000
6241,2026-08-11 13:44:14,14.5,14.600000381469727,14.600000381469727,14.199999809265137,182835
6242,2026-08-11 13:44:14,34.29999923706055,34.29999923706055,34.29999923706055,34.29999923706055,0
6244,2026-08-11 13:44:14,24.100000381469727,24.049999237060547,24.350000381469727,23.600000381469727,1387310
6245,2026-08-11 13:44:14,87.5999984741211,91.0,91.0999984741211,86.9000015258789,1131716
6248,2026-08-11 13:44:14,18.0,17.899999618530273,18.100000381469727,17.899999618530273,63210
6246,2026-08-11 13:44:14,12.100000381469727,12.300000190734863,12.300000190734863,12.050000190734863,23961
6259,2026-08-11 13:44:14,30.75,30.299999237060547,32.29999923706055,30.149999618530273,679658
6261,2026-08-11 13:44:14,78.9000015258789,79.0,79.80000305175781,77.80000305175781,288793
6263,2026-08-11 13:44:14,158.5,160.0,161.5,158.0,75054
6265,2026-08-11 13:44:14,56.099998474121094,56.400001525878906,58.79999923706055,55.400001525878906,6197086
6266,2026-08-11 13:44:14,24.950000762939453,25.299999237060547,25.299999237060547,24.700000762939453,113408
6270,2026-08-11 13:44:14,30.0,30.049999237060547,30.450000762939453,29.700000762939453,245220
6274,2026-08-11 13:44:14,1600.0,1585.0,1600.0,1500.0,2998301
6275,2026-08-11 13:44:14,43.900001525878906,43.70000076293945,44.45000076293945,43.70000076293945,161790
6276,2026-08-11 13:44:14,19.350000381469727,19.350000381469727,19.350000381469727,19.350000381469727,1000
6279,2026-08-11 13:44:14,130.5,130.0,131.0,128.0,1278229
6284,2026-08-11 13:44:14,77.9000015258789,77.19999694824219,80.5,76.5,1252760
6290,2026-08-11 13:44:14,220.0,212.0,223.5,212.0,3032201
6291,2026-08-11 13:44:14,363.0,378.0,380.0,356.5,502486
6292,2026-08-11 13:44:14,65.69999694824219,60.900001525878906,66.0,60.29999923706055,941611
6294,2026-08-11 13:44:14,26.899999618530273,27.399999618530273,27.399999618530273,26.799999237060547,50253
6411,2026-08-11 13:44:14,78.0,77.80000305175781,79.19999694824219,76.69999694824219,457178
6417,2026-08-11 13:44:14,110.5,113.0,113.0,110.5,48566
6418,2026-08-11 13:44:14,32.79999923706055,33.20000076293945,33.20000076293945,32.04999923706055,52136
6419,2026-08-11 13:44:14,151.5,153.5,154.0,148.0,554226
6423,2026-08-11 13:44:14,80.0,79.4000015258789,81.5,79.4000015258789,42099
6425,2026-08-11 13:44:14,58.0,58.20000076293945,60.20000076293945,57.0,417403
6432,2026-08-11 13:44:14,74.19999694824219,70.5,74.69999694824219,70.5,1491368
6435,2026-08-11 13:44:14,259.0,255.0,264.5,253.0,466082
6441,2026-08-11 13:44:14,23.100000381469727,22.25,24.25,22.200000762939453,249355
6461,2026-08-11 13:44:14,15.899999618530273,15.949999809265137,16.049999237060547,15.800000190734863,108832
6462,2026-08-11 13:44:14,103.5,101.5,104.0,101.0,595699
6465,2026-08-11 13:44:14,47.45000076293945,47.25,48.0,46.5,117714
6469,2026-08-11 13:44:14,70.69999694824219,70.5999984741211,71.30000305175781,70.0,316061
6470,2026-08-11 13:44:14,42.349998474121094,42.650001525878906,42.650001525878906,42.099998474121094,31784
6474,2026-08-11 13:44:14,39.150001525878906,39.20000076293945,39.20000076293945,38.75,30094
6482,2026-08-11 13:44:14,27.5,27.5,27.5,27.5,9440
6485,2026-08-11 13:44:14,65.19999694824219,64.4000015258789,65.80000305175781,63.79999923706055,214131
6486,2026-08-11 13:44:14,74.80000305175781,74.69999694824219,75.0,74.5,21019
6488,2026-08-11 13:44:14,841.0,847.0,883.0,823.0,8239183
6492,2026-08-11 13:44:14,37.70000076293945,37.20000076293945,37.95000076293945,37.20000076293945,196093
6494,2026-08-11 13:44:14,54.79999923706055,55.29999923706055,55.29999923706055,54.29999923706055,91069
6496,2026-08-11 13:44:14,24.950000762939453,24.950000762939453,24.950000762939453,24.950000762939453,0
6498,2026-08-11 13:44:14,73.69999694824219,75.5,76.5,73.69999694824219,80647
6499,2026-08-11 13:44:14,61.099998474121094,59.0,62.0,59.0,191412
6506,2026-08-11 13:44:14,17.149999618530273,17.100000381469727,17.25,17.100000381469727,36443
6508,2026-08-11 13:44:14,26.100000381469727,26.5,26.799999237060547,26.100000381469727,16769
6509,2026-08-11 13:44:14,47.400001525878906,47.70000076293945,48.25,47.099998474121094,727852
6510,2026-08-11 13:44:14,2815.0,2780.0,2875.0,2770.0,288121
6512,2026-08-11 13:44:14,19.899999618530273,19.899999618530273,19.899999618530273,19.899999618530273,2313
6516,2026-08-11 13:44:14,60.70000076293945,60.5,61.099998474121094,60.0,35403
6517,2026-08-11 13:44:14,62.20000076293945,63.0,63.599998474121094,61.599998474121094,341181
6523,2026-08-11 13:44:14,90.19999694824219,90.0,90.30000305175781,89.9000015258789,25686
6527,2026-08-11 13:44:14,74.69999694824219,75.19999694824219,75.80000305175781,74.69999694824219,16057
6530,2026-08-11 13:44:14,80.4000015258789,81.0,84.30000305175781,80.0999984741211,1424654
6532,2026-08-11 13:44:14,85.19999694824219,82.5999984741211,85.19999694824219,81.9000015258789,399434
6535,2026-08-11 13:44:14,92.0,89.19999694824219,93.0,87.80000305175781,156259
6542,2026-08-11 13:44:14,45.900001525878906,47.54999923706055,47.54999923706055,45.75,7000
6538,2026-08-11 13:44:14,148.5,143.5,149.5,140.5,905496
6546,2026-08-11 13:44:14,62.099998474121094,61.70000076293945,62.5,60.599998474121094,191731
6547,2026-08-11 13:44:14,51.79999923706055,51.599998474121094,52.400001525878906,51.20000076293945,1820602
6556,2026-08-11 13:44:14,60.0,60.0,60.0,58.70000076293945,23534
6560,2026-08-11 13:44:14,32.150001525878906,32.5,32.5,32.150001525878906,4110
6548,2026-08-11 13:44:14,74.69999694824219,75.0999984741211,76.69999694824219,74.19999694824219,1629415
6561,2026-08-11 13:44:14,326.0,331.5,331.5,326.0,47405
6568,2026-08-11 13:44:14,140.0,141.0,141.0,137.0,76386
6569,2026-08-11 13:44:14,95.0999984741211,93.0,95.9000015258789,93.0,33976
6570,2026-08-11 13:44:14,57.20000076293945,57.79999923706055,57.900001525878906,56.099998474121094,306450
6574,2026-08-11 13:44:14,139.0,145.5,145.5,139.0,132843
6576,2026-08-11 13:44:14,79.0999984741211,79.5,79.5,78.80000305175781,38488
6577,2026-08-11 13:44:14,80.69999694824219,79.0,80.80000305175781,79.0,32722
6578,2026-08-11 13:44:14,18.399999618530273,18.5,18.700000762939453,18.25,25002
6584,2026-08-11 13:44:14,538.0,530.0,540.0,520.0,606741
6588,2026-08-11 13:44:14,88.69999694824219,89.5,90.5,85.5999984741211,650753
6590,2026-08-11 13:44:14,64.19999694824219,64.19999694824219,64.19999694824219,64.19999694824219,0
6593,2026-08-11 13:44:14,32.29999923706055,32.29999923706055,32.29999923706055,32.150001525878906,8636
6596,2026-08-11 13:44:14,87.19999694824219,87.30000305175781,87.30000305175781,86.4000015258789,37311
6597,2026-08-11 13:44:14,67.9000015258789,67.80000305175781,67.9000015258789,67.80000305175781,5000
6603,2026-08-11 13:44:14,26.899999618530273,26.850000381469727,27.299999237060547,26.100000381469727,1656893
6609,2026-08-11 13:44:14,39.20000076293945,39.29999923706055,39.849998474121094,39.0,106120
6612,2026-08-11 13:44:14,74.19999694824219,73.5,74.30000305175781,72.5999984741211,18914
6613,2026-08-11 13:44:14,261.0,267.0,270.5,260.0,472391
6615,2026-08-11 13:44:14,33.70000076293945,34.04999923706055,34.04999923706055,33.70000076293945,3850
6616,2026-08-11 13:44:14,8.760000228881836,8.649999618530273,8.760000228881836,8.649999618530273,10000
6617,2026-08-11 13:44:14,102.5,105.5,116.0,102.0,1878353
6620,2026-08-11 13:44:14,77.5,78.19999694824219,78.19999694824219,74.0,913003
6624,2026-08-11 13:44:14,43.54999923706055,43.54999923706055,43.54999923706055,43.54999923706055,0
6629,2026-08-11 13:44:14,111.0,111.5,111.5,109.0,18050
6637,2026-08-11 13:44:14,61.20000076293945,61.0,61.79999923706055,60.400001525878906,166363
6640,2026-08-11 13:44:14,943.0,1055.0,1105.0,943.0,607675
6642,2026-08-11 13:44:14,86.0,84.19999694824219,86.5,82.0,1437115
6643,2026-08-11 13:44:14,450.0,441.0,456.0,440.5,479724
6649,2026-08-11 13:44:14,35.5,36.349998474121094,36.400001525878906,35.0,33001
6651,2026-08-11 13:44:14,138.0,135.0,138.0,131.5,281543
6654,2026-08-11 13:44:14,173.0,182.0,182.0,170.0,19005
6662,2026-08-11 13:44:14,28.799999237060547,28.799999237060547,28.799999237060547,28.799999237060547,3050
6664,2026-08-11 13:44:14,354.5,357.5,362.0,349.0,334261
6667,2026-08-11 13:44:14,225.5,230.5,231.0,221.5,334509
6679,2026-08-11 13:44:14,211.0,217.5,218.0,211.0,184177
6680,2026-08-11 13:44:14,51.900001525878906,53.0,53.0,51.0,2004
6684,2026-08-11 13:44:14,50.099998474121094,49.95000076293945,50.5,48.54999923706055,160805
6683,2026-08-11 13:44:14,1265.0,1240.0,1280.0,1195.0,785396
6690,2026-08-11 13:44:14,164.0,165.0,165.5,164.0,19875
6692,2026-08-11 13:44:14,23.700000762939453,24.25,24.549999237060547,23.700000762939453,14270
6693,2026-08-11 13:44:14,175.0,183.0,183.0,170.0,1006981
6697,2026-08-11 13:44:14,40.54999923706055,40.79999923706055,41.5,40.349998474121094,29062
6703,2026-08-11 13:44:14,107.0,105.0,107.5,105.0,35586
6708,2026-08-11 13:44:14,37.79999923706055,38.0,38.0,37.79999923706055,1000
6712,2026-08-11 13:44:14,151.5,155.0,155.0,151.5,337721
6716,2026-08-11 13:44:14,104.5,107.0,109.5,101.5,1478266
6720,2026-08-11 13:44:14,140.5,143.5,143.5,139.0,12101
6721,2026-08-11 13:44:14,51.900001525878906,52.0,52.0,51.400001525878906,8220
6725,2026-08-11 13:44:14,243.5,251.0,251.0,239.0,96870
6727,2026-08-11 13:44:14,392.0,388.5,402.5,381.5,543619
6728,2026-08-11 13:44:14,105.0,106.0,106.0,104.5,27166
6730,2026-08-11 13:44:14,34.04999923706055,34.099998474121094,34.20000076293945,34.04999923706055,3000
6733,2026-08-11 13:44:14,25.700000762939453,25.399999618530273,26.049999237060547,25.399999618530273,47419
6732,2026-08-11 13:44:14,154.5,157.5,157.5,152.5,126082
6735,2026-08-11 13:44:14,64.4000015258789,64.4000015258789,65.0,63.79999923706055,55575
6739,2026-08-11 13:44:14,1005.0,1095.0,1100.0,1000.0,190034
6741,2026-08-11 13:44:14,55.5,56.0,56.0,55.400001525878906,210904
6751,2026-08-11 13:44:14,41.099998474121094,41.099998474121094,41.099998474121094,41.099998474121094,0
6752,2026-08-11 13:44:14,101.5,108.0,108.0,101.0,56779
6761,2026-08-11 13:44:14,174.0,168.0,178.5,165.5,1201194
6762,2026-08-11 13:44:14,170.0,171.0,171.0,170.0,1000
6763,2026-08-11 13:44:14,42.79999923706055,43.45000076293945,43.54999923706055,42.70000076293945,147297
6767,2026-08-11 13:44:14,24.899999618530273,24.899999618530273,24.899999618530273,24.899999618530273,1000
6785,2026-08-11 13:44:14,98.30000305175781,98.80000305175781,98.80000305175781,96.5,42905
6788,2026-08-11 13:44:14,355.0,351.5,357.0,346.0,168865
6791,2026-08-11 13:44:14,101.5,100.5,101.5,100.0,20087
6803,2026-08-11 13:44:14,271.0,270.0,271.0,269.0,55698
6804,2026-08-11 13:44:14,20.399999618530273,20.299999237060547,21.049999237060547,20.299999237060547,353515
6811,2026-08-11 13:44:14,230.0,233.0,233.0,228.0,91207
6821,2026-08-11 13:44:14,41.20000076293945,42.400001525878906,42.79999923706055,41.0,72747
6823,2026-08-11 13:44:14,62.5,63.79999923706055,64.5999984741211,60.5,298782
6829,2026-08-11 13:44:14,206.0,204.0,207.0,197.5,823244
6840,2026-08-11 13:44:14,68.19999694824219,66.9000015258789,68.30000305175781,65.5,72604
6841,2026-08-11 13:44:14,56.0,56.20000076293945,56.29999923706055,55.70000076293945,112978
6843,2026-08-11 13:44:14,40.0,40.0,40.0,40.0,0
6844,2026-08-11 13:44:14,60.400001525878906,60.29999923706055,60.599998474121094,60.29999923706055,10136
6846,2026-08-11 13:44:14,59.400001525878906,60.0,60.5,58.79999923706055,32110
6855,2026-08-11 13:44:14,117.0,117.5,117.5,117.0,5083
6856,2026-08-11 13:44:14,44.79999923706055,44.79999923706055,44.79999923706055,44.75,3000
6859,2026-08-11 13:44:14,99.19999694824219,100.5,100.5,98.19999694824219,19800
6870,2026-08-11 13:44:14,254.0,252.5,257.0,246.0,37730
6865,2026-08-11 13:44:14,25.25,25.25,25.25,24.700000762939453,6000
6872,2026-08-11 13:44:14,15.350000381469727,15.600000381469727,15.600000381469727,15.300000190734863,28999
6874,2026-08-11 13:44:14,78.0999984741211,79.5999984741211,79.5999984741211,77.5,62878
6877,2026-08-11 13:44:14,127.0,127.0,127.5,124.5,38603
6875,2026-08-11 13:44:14,32.099998474121094,33.0,33.0,31.0,138813
6881,2026-08-11 13:44:14,199.0,202.5,202.5,199.0,4147
6884,2026-08-11 13:44:14,31.799999237060547,31.25,31.799999237060547,31.25,1000
6894,2026-08-11 13:44:14,340.0,341.0,345.5,338.5,30698
6895,2026-08-11 13:44:14,118.0,120.0,120.0,117.5,16431
6899,2026-08-11 13:44:14,50.79999923706055,50.70000076293945,50.79999923706055,50.5,13199
6903,2026-08-11 13:44:14,316.0,312.5,319.0,308.5,263121
6907,2026-08-11 13:44:14,187.5,185.5,196.0,178.0,1902949
6910,2026-08-11 13:44:14,25.049999237060547,25.75,25.75,25.0,7006
6913,2026-08-11 13:44:14,146.0,148.0,148.0,140.5,375164
6922,2026-08-11 13:44:14,213.5,210.0,217.0,204.0,967627
6925,2026-08-11 13:44:14,53.400001525878906,54.400001525878906,54.400001525878906,53.400001525878906,6148
6929,2026-08-11 13:44:14,23.299999237060547,22.350000381469727,23.299999237060547,22.200000762939453,5000
6945,2026-08-11 13:44:14,114.5,104.5,116.5,102.5,832958
6953,2026-08-11 13:44:14,218.0,223.0,223.0,218.0,4938
6961,2026-08-11 13:44:14,51.599998474121094,52.0,52.0,51.599998474121094,6075
6967,2026-08-11 13:44:14,68.80000305175781,68.0,69.0999984741211,67.5999984741211,30000
6968,2026-08-11 13:44:14,44.150001525878906,44.04999923706055,44.5,43.849998474121094,34430
6971,2026-08-11 13:44:14,25.5,25.600000381469727,25.75,25.399999618530273,6000
6982,2026-08-11 13:44:14,49.0,49.0,49.0,48.5,8030
6983,2026-08-11 13:44:14,299.0,299.0,299.5,293.5,16087
6986,2026-08-11 13:44:14,44.400001525878906,44.400001525878906,44.45000076293945,43.599998474121094,22000
6996,2026-08-11 13:44:14,177.0,178.0,180.0,177.0,35925
6997,2026-08-11 13:44:14,68.19999694824219,69.69999694824219,69.69999694824219,68.19999694824219,1000
7402,2026-08-11 13:44:14,107.0,103.0,112.0,100.5,1045861
7547,2026-08-11 13:44:14,54.099998474121094,57.099998474121094,57.099998474121094,54.0,19263
7556,2026-08-11 13:44:14,223.0,221.0,223.0,217.0,20152
7584,2026-08-11 13:44:14,26.25,26.399999618530273,26.399999618530273,25.399999618530273,3000
7642,2026-08-11 13:44:14,79.19999694824219,79.9000015258789,80.19999694824219,78.0,9231
7703,2026-08-11 13:44:14,179.0,184.5,184.5,177.0,134491
7704,2026-08-11 13:44:14,63.099998474121094,62.20000076293945,65.0,61.79999923706055,77806
7708,2026-08-11 13:44:14,93.30000305175781,93.4000015258789,93.4000015258789,93.0,12624
7709,2026-08-11 13:44:14,71.5,72.4000015258789,72.4000015258789,71.4000015258789,11485
7712,2026-08-11 13:44:14,146.0,148.0,149.0,144.5,190039
7713,2026-08-11 13:44:14,70.5999984741211,70.0999984741211,72.0999984741211,70.0999984741211,29152
7714,2026-08-11 13:44:14,153.0,148.0,158.5,147.0,305339
7715,2026-08-11 13:44:14,34.099998474121094,34.70000076293945,34.70000076293945,33.70000076293945,41627
7717,2026-08-11 13:44:14,408.5,416.0,427.0,406.0,194558
7718,2026-08-11 13:44:14,47.349998474121094,47.5,47.95000076293945,47.349998474121094,15000
7723,2026-08-11 13:44:14,20.75,21.299999237060547,21.850000381469727,20.600000381469727,178907
7728,2026-08-11 13:44:14,614.0,595.0,614.0,585.0,9614
7734,2026-08-11 13:44:14,3255.0,3415.0,3445.0,3210.0,239769
7738,2026-08-11 13:44:14,169.0,167.0,169.5,167.0,6000
7743,2026-08-11 13:44:14,21.100000381469727,21.100000381469727,21.100000381469727,21.100000381469727,0
7744,2026-08-11 13:44:14,450.0,482.5,482.5,450.0,72019
7747,2026-08-11 13:44:14,116.0,116.0,116.0,116.0,0
7751,2026-08-11 13:44:14,1255.0,1310.0,1310.0,1255.0,313190
7753,2026-08-11 13:44:14,37.79999923706055,37.599998474121094,38.599998474121094,37.599998474121094,8372
7757,2026-08-11 13:44:14,91.0,91.5,91.5,91.0,9694
7767,2026-08-11 13:44:14,48.599998474121094,47.70000076293945,48.79999923706055,47.70000076293945,75270
7770,2026-08-11 13:44:14,39.75,39.75,39.75,39.75,0
7772,2026-08-11 13:44:14,90.0,91.69999694824219,91.69999694824219,88.5,43886
7777,2026-08-11 13:44:14,39.95000076293945,39.75,40.599998474121094,38.79999923706055,1527871
7782,2026-08-11 13:44:14,25.549999237060547,26.0,26.0,25.549999237060547,1000
7792,2026-08-11 13:44:14,211.0,214.5,217.5,209.5,116058
7794,2026-08-11 13:44:14,28.799999237060547,29.0,29.0,28.75,5000
7805,2026-08-11 13:44:14,683.0,688.0,690.0,662.0,71744
7810,2026-08-11 13:44:14,196.0,196.0,196.0,195.0,19252
7811,2026-08-11 13:44:14,71.0,71.0999984741211,71.19999694824219,71.0,37027
7814,2026-08-11 13:44:14,30.549999237060547,30.549999237060547,31.0,30.5,12104
7819,2026-08-11 13:44:14,34.099998474121094,34.29999923706055,34.29999923706055,33.95000076293945,21111
7820,2026-08-11 13:44:14,120.0,125.0,125.0,118.0,71302
7828,2026-08-11 13:44:14,1605.0,1580.0,1645.0,1550.0,148024
7839,2026-08-11 13:44:14,45.75,45.5,45.75,45.5,5000
7842,2026-08-11 13:44:14,91.80000305175781,91.5999984741211,98.9000015258789,90.0,169681
8024,2026-08-11 13:44:14,13.850000381469727,13.800000190734863,13.949999809265137,13.550000190734863,68820
8027,2026-08-11 13:44:14,181.0,182.0,186.5,177.0,1564761
8032,2026-08-11 13:44:14,37.95000076293945,37.900001525878906,38.150001525878906,37.599998474121094,65659
8034,2026-08-11 13:44:14,18.950000762939453,18.850000381469727,19.0,18.75,82230
8038,2026-08-11 13:44:14,32.099998474121094,32.849998474121094,32.849998474121094,31.850000381469727,141198
8040,2026-08-11 13:44:14,74.80000305175781,74.9000015258789,75.5,74.0999984741211,273653
8042,2026-08-11 13:44:14,116.0,114.5,125.0,114.0,14554598
8043,2026-08-11 13:44:14,147.5,134.5,147.5,132.0,12392431
8044,2026-08-11 13:44:14,26.850000381469727,27.299999237060547,27.399999618530273,26.700000762939453,331592
8047,2026-08-11 13:44:14,47.79999923706055,48.150001525878906,48.150001525878906,45.0,27700
8048,2026-08-11 13:44:14,52.5,52.400001525878906,54.0,51.29999923706055,67566
8049,2026-08-11 13:44:14,26.600000381469727,26.799999237060547,26.799999237060547,26.450000762939453,100264
8050,2026-08-11 13:44:14,61.599998474121094,64.5,64.69999694824219,61.599998474121094,6502833
8054,2026-08-11 13:44:14,84.5999984741211,84.9000015258789,86.0,83.0,592108
8059,2026-08-11 13:44:14,14.75,15.0,15.100000381469727,14.699999809265137,178418
8064,2026-08-11 13:44:14,102.5,101.5,106.0,99.9000015258789,2880874
8066,2026-08-11 13:44:14,14.600000381469727,14.649999618530273,14.649999618530273,14.600000381469727,14298
8067,2026-08-11 13:44:14,13.350000381469727,13.5,13.5,13.100000381469727,7000
8068,2026-08-11 13:44:14,18.049999237060547,18.25,18.299999237060547,17.899999618530273,88798
8069,2026-08-11 13:44:14,165.5,169.5,170.0,164.5,14760107
8071,2026-08-11 13:44:14,23.100000381469727,23.100000381469727,23.5,22.850000381469727,387104
8074,2026-08-11 13:44:14,56.400001525878906,57.20000076293945,60.5,56.0,1223935
8076,2026-08-11 13:44:14,23.700000762939453,24.200000762939453,24.299999237060547,23.450000762939453,914007
8077,2026-08-11 13:44:14,44.45000076293945,47.5,47.5,44.45000076293945,8000
8080,2026-08-11 13:44:14,28.049999237060547,27.299999237060547,29.450000762939453,27.299999237060547,11000
8083,2026-08-11 13:44:14,160.0,159.5,160.5,159.0,45504
8084,2026-08-11 13:44:14,52.79999923706055,48.5,52.79999923706055,48.04999923706055,956278
8085,2026-08-11 13:44:14,11.399999618530273,11.550000190734863,11.600000381469727,11.300000190734863,158527
8086,2026-08-11 13:44:14,116.5,119.0,120.5,116.0,3607962
8087,2026-08-11 13:44:14,29.399999618530273,28.5,29.399999618530273,28.5,4000
8088,2026-08-11 13:44:14,49.25,48.70000076293945,49.849998474121094,48.20000076293945,1106819
8089,2026-08-11 13:44:14,18.25,18.200000762939453,18.5,18.149999618530273,58604
8091,2026-08-11 13:44:14,241.5,236.5,242.0,236.5,308261
8092,2026-08-11 13:44:14,13.050000190734863,13.0,13.149999618530273,13.0,12003
8093,2026-08-11 13:44:14,21.700000762939453,22.5,22.600000381469727,21.700000762939453,12100
8096,2026-08-11 13:44:14,122.0,123.0,126.0,120.0,4418555
8097,2026-08-11 13:44:14,51.099998474121094,51.0,51.5,50.5,136008
8099,2026-08-11 13:44:14,57.29999923706055,57.599998474121094,57.900001525878906,57.099998474121094,36892
8102,2026-08-11 13:44:14,68.0999984741211,67.5,70.0999984741211,65.0,20000
8107,2026-08-11 13:44:14,12.149999618530273,12.0,12.5,11.800000190734863,166710
8109,2026-08-11 13:44:14,133.0,133.0,134.0,131.0,168941
8111,2026-08-11 13:44:14,58.0,58.20000076293945,59.20000076293945,56.5,2699317
8121,2026-08-11 13:44:14,30.149999618530273,29.899999618530273,30.799999237060547,29.200000762939453,979700
8147,2026-08-11 13:44:14,127.0,126.5,128.0,123.5,103406
8155,2026-08-11 13:44:14,315.5,308.0,318.5,306.5,605531
8171,2026-08-11 13:44:14,20.5,20.100000381469727,20.75,19.950000762939453,57450
8176,2026-08-11 13:44:14,9.760000228881836,9.819999694824219,9.819999694824219,9.75,65152
8182,2026-08-11 13:44:14,39.900001525878906,40.0,41.349998474121094,39.400001525878906,826597
8183,2026-08-11 13:44:14,30.149999618530273,30.049999237060547,30.25,29.799999237060547,103867
8227,2026-08-11 13:44:14,158.0,146.0,158.0,144.5,1015580
8234,2026-08-11 13:44:14,70.5,73.5,73.5,69.69999694824219,1036850
8240,2026-08-11 13:44:14,42.0,43.400001525878906,43.400001525878906,41.650001525878906,135455
8255,2026-08-11 13:44:14,142.0,144.0,145.0,140.5,288378
8272,2026-08-11 13:44:14,65.5,63.5,65.5,63.5,1022
8277,2026-08-11 13:44:14,8.050000190734863,7.820000171661377,8.050000190734863,7.820000171661377,40269
8279,2026-08-11 13:44:14,89.0,88.69999694824219,89.0,88.69999694824219,1000
8284,2026-08-11 13:44:14,62.70000076293945,62.79999923706055,63.099998474121094,62.70000076293945,23424
8289,2026-08-11 13:44:14,44.70000076293945,45.0,46.29999923706055,44.349998474121094,386657
8291,2026-08-11 13:44:14,38.900001525878906,41.849998474121094,41.849998474121094,38.04999923706055,40068
8299,2026-08-11 13:44:14,2090.0,2035.0,2100.0,2015.0,2817783
8342,2026-08-11 13:44:14,88.0999984741211,87.30000305175781,88.0999984741211,87.30000305175781,1000
8349,2026-08-11 13:44:14,39.400001525878906,39.75,39.75,39.400001525878906,54397
8354,2026-08-11 13:44:14,17.75,16.549999237060547,18.25,16.450000762939453,688749
8358,2026-08-11 13:44:14,380.5,346.0,380.5,346.0,26496378
8383,2026-08-11 13:44:14,68.80000305175781,68.4000015258789,69.5999984741211,65.30000305175781,2512968
8390,2026-08-11 13:44:14,99.0,99.0,102.0,96.0,613741
8401,2026-08-11 13:44:14,23.0,22.899999618530273,23.0,22.850000381469727,36659
8403,2026-08-11 13:44:14,19.299999237060547,19.200000762939453,19.450000762939453,19.0,358201
8409,2026-08-11 13:44:14,17.950000762939453,18.100000381469727,18.100000381469727,17.899999618530273,3001
8410,2026-08-11 13:44:14,31.799999237060547,31.75,31.799999237060547,31.75,4000
8415,2026-08-11 13:44:14,38.25,39.0,39.0,38.04999923706055,648791
8416,2026-08-11 13:44:14,169.0,169.5,169.5,169.0,2000
8421,2026-08-11 13:44:14,13.600000381469727,13.800000190734863,13.949999809265137,13.5,567623
8423,2026-08-11 13:44:14,18.0,18.049999237060547,18.100000381469727,17.850000381469727,5062
8424,2026-08-11 13:44:14,69.0,68.9000015258789,69.0,68.9000015258789,1000
8426,2026-08-11 13:44:14,21.149999618530273,21.5,21.950000762939453,21.049999237060547,66724
8431,2026-08-11 13:44:14,48.650001525878906,50.099998474121094,50.099998474121094,48.5,153857
8432,2026-08-11 13:44:14,50.5,50.79999923706055,50.79999923706055,50.099998474121094,19155
8433,2026-08-11 13:44:14,55.5,55.5,55.599998474121094,55.099998474121094,15350
8435,2026-08-11 13:44:14,53.70000076293945,54.70000076293945,54.70000076293945,53.599998474121094,12357
8436,2026-08-11 13:44:14,125.5,122.5,127.0,119.5,2647636
8437,2026-08-11 13:44:14,9.239999771118164,9.300000190734863,9.300000190734863,9.0,40331
8440,2026-08-11 13:44:14,19.700000762939453,19.850000381469727,19.850000381469727,19.25,29860
8444,2026-08-11 13:44:14,4.989999771118164,5.300000190734863,5.300000190734863,4.989999771118164,5000
8446,2026-08-11 13:44:14,85.5999984741211,85.9000015258789,86.0,85.5,30484
8450,2026-08-11 13:44:14,15.149999618530273,15.399999618530273,15.399999618530273,14.850000381469727,19635
8455,2026-08-11 13:44:14,24.649999618530273,24.649999618530273,24.649999618530273,24.649999618530273,0
8472,2026-08-11 13:44:14,72.5999984741211,72.5999984741211,72.5999984741211,72.5999984741211,0
8477,2026-08-11 13:44:14,15.550000190734863,15.949999809265137,15.949999809265137,15.5,30051
8489,2026-08-11 13:44:14,22.75,22.799999237060547,22.899999618530273,22.549999237060547,23887
8905,2026-08-11 13:44:14,34.599998474121094,34.75,34.75,34.599998474121094,7851
8906,2026-08-11 13:44:14,28.399999618530273,28.799999237060547,28.799999237060547,27.700000762939453,12505
8908,2026-08-11 13:44:14,39.79999923706055,40.0,40.04999923706055,39.79999923706055,27517
8916,2026-08-11 13:44:14,43.54999923706055,43.70000076293945,43.70000076293945,43.150001525878906,280636
8917,2026-08-11 13:44:14,53.0,53.0,53.0,53.0,0
8921,2026-08-11 13:44:14,17.149999618530273,17.149999618530273,17.149999618530273,17.149999618530273,0
8924,2026-08-11 13:44:14,51.70000076293945,51.70000076293945,51.70000076293945,51.29999923706055,65877
8927,2026-08-11 13:44:14,19.600000381469727,20.200000762939453,20.25,19.350000381469727,349521
8929,2026-08-11 13:44:14,13.449999809265137,13.550000190734863,14.0,13.399999618530273,9836
8930,2026-08-11 13:44:14,29.950000762939453,30.100000381469727,30.100000381469727,29.899999618530273,14041
8928,2026-08-11 13:44:14,23.600000381469727,23.5,23.850000381469727,23.149999618530273,33865
8931,2026-08-11 13:44:14,40.25,40.04999923706055,40.25,39.79999923706055,49465
8932,2026-08-11 13:44:14,105.5,100.0,106.5,100.0,2213874
8933,2026-08-11 13:44:14,4.599999904632568,4.519999980926514,4.75,4.519999980926514,262632
8935,2026-08-11 13:44:14,17.950000762939453,17.549999237060547,18.450000762939453,17.399999618530273,106616
8936,2026-08-11 13:44:14,52.0,52.20000076293945,52.400001525878906,51.900001525878906,808163
8937,2026-08-11 13:44:14,22.799999237060547,23.149999618530273,23.399999618530273,22.799999237060547,62620
8938,2026-08-11 13:44:14,52.79999923706055,52.900001525878906,53.0,52.5,87737
8941,2026-08-11 13:44:14,43.79999923706055,43.900001525878906,43.900001525878906,43.0,5000
8942,2026-08-11 13:44:14,39.5,38.45000076293945,40.0,38.45000076293945,310816
9949,2026-08-11 13:44:14,23.899999618530273,23.600000381469727,24.549999237060547,23.600000381469727,27117
9951,2026-08-11 13:44:14,52.70000076293945,53.099998474121094,53.29999923706055,52.70000076293945,18016
9950,2026-08-11 13:44:14,10.449999809265137,10.5,10.5,10.399999618530273,8040
9960,2026-08-11 13:44:14,30.799999237060547,30.799999237060547,31.0,30.799999237060547,24000
9962,2026-08-11 13:44:14,10.350000381469727,10.199999809265137,10.600000381469727,10.199999809265137,192479
7689,2026-08-11 13:44:14,172.0,172.5,175.0,169.5,121574
00929,2026-08-11 13:44:14,29.170000076293945,29.0,29.219999313354492,28.8799991607666,19470531
2237,2026-08-11 13:44:14,27.049999237060547,26.850000381469727,27.149999618530273,26.649999618530273,405954
7855,2026-08-11 13:44:14,43.79999923706055,44.0,45.0,42.0,10191882
