stock_code,trade_date,open,high,low,close,volume
1104,2026-09-18,26.700000762939453,26.899999618530273,26.649999618530273,26.899999618530273,735522
1101,2026-09-18,24.5,24.549999237060547,24.149999618530273,24.350000381469727,21534658
1103,2026-09-18,13.100000381469727,13.350000381469727,12.949999809265137,13.350000381469727,1454431
1102,2026-09-18,35.29999923706055,35.349998474121094,34.900001525878906,35.150001525878906,9910075
1108,2026-09-18,11.050000190734863,11.149999618530273,11.0,11.149999618530273,288776
1109,2026-09-18,13.399999618530273,13.449999809265137,13.350000381469727,13.399999618530273,113471
1110,2026-09-18,15.5,15.550000190734863,15.350000381469727,15.5,148064
1201,2026-09-18,12.100000381469727,12.149999618530273,11.550000190734863,11.550000190734863,9788361
1203,2026-09-18,43.45000076293945,46.849998474121094,42.5,45.95000076293945,25742
1210,2026-09-18,52.20000076293945,52.79999923706055,52.0,52.70000076293945,1875649
1213,2026-09-18,7.110000133514404,7.400000095367432,7.110000133514404,7.400000095367432,3002
1215,2026-09-18,107.5,109.5,107.0,109.5,652625
1216,2026-09-18,75.5,75.5,74.9000015258789,75.0,16565666
1218,2026-09-18,14.399999618530273,14.699999809265137,14.350000381469727,14.699999809265137,819265
1217,2026-09-18,9.989999771118164,10.0,9.949999809265137,9.979999542236328,437236
1219,2026-09-18,11.300000190734863,11.550000190734863,11.300000190734863,11.5,259128
1220,2026-09-18,10.850000381469727,10.850000381469727,10.75,10.850000381469727,67758
1225,2026-09-18,25.0,25.049999237060547,24.600000381469727,24.600000381469727,80282
1227,2026-09-18,28.200000762939453,28.549999237060547,28.149999618530273,28.450000762939453,997097
1229,2026-09-18,40.20000076293945,40.849998474121094,40.150001525878906,40.849998474121094,5037635
1231,2026-09-18,79.5,81.0,79.5,81.0,358862
1232,2026-09-18,155.0,155.5,154.0,155.5,89522
1233,2026-09-18,28.049999237060547,28.25,28.0,28.25,25055
1234,2026-09-18,33.349998474121094,33.400001525878906,33.099998474121094,33.099998474121094,66361
1235,2026-09-18,39.29999923706055,39.400001525878906,37.599998474121094,39.099998474121094,18989
1256,2026-09-18,171.5,172.0,170.0,172.0,36472
1236,2026-09-18,25.700000762939453,25.899999618530273,25.450000762939453,25.5,51750
1301,2026-09-18,65.4000015258789,65.5999984741211,64.19999694824219,65.0,28879980
1303,2026-09-18,240.5,245.0,234.0,238.0,81128882
1304,2026-09-18,12.600000381469727,12.600000381469727,12.25,12.25,2408861
1305,2026-09-18,12.350000381469727,12.350000381469727,11.949999809265137,11.949999809265137,1968118
1307,2026-09-18,30.799999237060547,30.850000381469727,30.450000762939453,30.549999237060547,310480
1308,2026-09-18,14.449999809265137,14.449999809265137,14.050000190734863,14.100000381469727,1183015
1309,2026-09-18,14.0,14.0,13.600000381469727,13.699999809265137,1972115
1310,2026-09-18,8.989999771118164,8.989999771118164,8.729999542236328,8.75,4526657
1312,2026-09-18,15.100000381469727,15.149999618530273,14.5,14.699999809265137,11926148
1313,2026-09-18,12.25,12.300000190734863,12.050000190734863,12.25,3374037
1314,2026-09-18,9.109999656677246,9.369999885559082,8.869999885559082,8.960000038146973,150981707
1315,2026-09-18,67.30000305175781,68.4000015258789,66.5999984741211,68.19999694824219,88662
1316,2026-09-18,11.149999618530273,11.25,10.699999809265137,10.75,3849707
1319,2026-09-18,80.30000305175781,80.5,79.5999984741211,80.5,1218666
1321,2026-09-18,33.0,33.0,32.54999923706055,32.70000076293945,92200
1323,2026-09-18,21.450000762939453,21.450000762939453,21.299999237060547,21.399999618530273,19417
1324,2026-09-18,10.0,10.050000190734863,9.989999771118164,9.989999771118164,26146
1325,2026-09-18,25.850000381469727,25.899999618530273,25.600000381469727,25.649999618530273,181589
1326,2026-09-18,69.0999984741211,69.19999694824219,67.0999984741211,68.0999984741211,24334026
1337,2026-09-18,4.460000038146973,4.5,4.400000095367432,4.449999809265137,511141
1338,2026-09-18,14.300000190734863,14.300000190734863,14.199999809265137,14.25,63747
1339,2026-09-18,42.95000076293945,43.5,42.900001525878906,43.29999923706055,90025
1340,2026-09-18,5.210000038146973,5.210000038146973,5.159999847412109,5.199999809265137,57783
1342,2026-09-18,101.0,102.0,100.5,102.0,120321
1402,2026-09-18,28.100000381469727,28.149999618530273,27.700000762939453,28.100000381469727,16202125
1409,2026-09-18,25.149999618530273,25.149999618530273,24.5,24.5,7550348
1410,2026-09-18,24.399999618530273,24.649999618530273,24.299999237060547,24.350000381469727,20005
1413,2026-09-18,9.109999656677246,9.289999961853027,9.039999961853027,9.239999771118164,35631
1414,2026-09-18,17.299999237060547,17.350000381469727,17.049999237060547,17.350000381469727,135448
1416,2026-09-18,11.300000190734863,11.5,11.300000190734863,11.5,248288
1417,2026-09-18,8.119999885559082,8.119999885559082,7.96999979019165,8.020000457763672,243621
1418,2026-09-18,17.549999237060547,17.75,17.399999618530273,17.649999618530273,23291
1419,2026-09-18,66.30000305175781,66.69999694824219,66.0,66.4000015258789,61757
1432,2026-09-18,15.0,15.050000190734863,14.949999809265137,15.0,46243
1434,2026-09-18,18.0,18.0,17.700000762939453,17.799999237060547,1562193
1435,2026-09-18,22.899999618530273,23.0,22.549999237060547,23.0,14034
1437,2026-09-18,32.5,33.099998474121094,32.45000076293945,33.099998474121094,326811
1436,2026-09-18,38.099998474121094,39.400001525878906,38.099998474121094,38.650001525878906,644482
1438,2026-09-18,22.200000762939453,22.75,22.0,22.399999618530273,90331
1439,2026-09-18,29.5,29.5,29.0,29.100000381469727,8044
1440,2026-09-18,13.550000190734863,13.550000190734863,13.300000190734863,13.449999809265137,1160622
1442,2026-09-18,31.0,31.549999237060547,30.899999618530273,31.399999618530273,1177635
1443,2026-09-18,23.950000762939453,23.950000762939453,23.450000762939453,23.5,9002
1445,2026-09-18,10.100000381469727,10.199999809265137,10.100000381469727,10.199999809265137,45601
1444,2026-09-18,7.03000020980835,7.050000190734863,6.809999942779541,6.809999942779541,1570931
1446,2026-09-18,13.800000190734863,13.850000381469727,13.649999618530273,13.75,179675
1447,2026-09-18,6.630000114440918,6.630000114440918,6.440000057220459,6.46999979019165,961602
1449,2026-09-18,12.300000190734863,12.449999809265137,12.199999809265137,12.300000190734863,265775
1451,2026-09-18,17.100000381469727,17.100000381469727,17.049999237060547,17.100000381469727,48430
1452,2026-09-18,10.800000190734863,10.850000381469727,10.75,10.800000190734863,59356
1453,2026-09-18,11.350000381469727,11.350000381469727,10.949999809265137,11.100000381469727,70272
1454,2026-09-18,12.899999618530273,12.899999618530273,12.550000190734863,12.600000381469727,13678
1455,2026-09-18,9.920000076293945,9.949999809265137,9.739999771118164,9.949999809265137,993365
1456,2026-09-18,14.199999809265137,14.399999618530273,14.0,14.050000190734863,93472
1457,2026-09-18,14.449999809265137,14.550000190734863,14.449999809265137,14.550000190734863,153691
1460,2026-09-18,6.380000114440918,6.400000095367432,6.349999904632568,6.380000114440918,154167
1459,2026-09-18,15.850000381469727,15.899999618530273,15.600000381469727,15.600000381469727,169666
1463,2026-09-18,17.399999618530273,17.5,17.299999237060547,17.5,31617
1464,2026-09-18,9.979999542236328,9.979999542236328,9.930000305175781,9.949999809265137,143950
1466,2026-09-18,15.050000190734863,15.050000190734863,14.850000381469727,15.0,201082
1465,2026-09-18,11.550000190734863,11.75,11.550000190734863,11.699999809265137,219714
1467,2026-09-18,8.289999961853027,8.289999961853027,8.100000381469727,8.100000381469727,108965
1468,2026-09-18,13.0,13.300000190734863,12.899999618530273,13.25,56000
1470,2026-09-18,24.100000381469727,24.5,24.100000381469727,24.5,10034
1471,2026-09-18,9.4399995803833,9.550000190734863,9.350000381469727,9.359999656677246,172852
1472,2026-09-18,87.0,87.69999694824219,86.9000015258789,87.4000015258789,102426
1473,2026-09-18,19.75,19.799999237060547,19.700000762939453,19.799999237060547,52748
1474,2026-09-18,10.100000381469727,10.100000381469727,9.90999984741211,10.050000190734863,48177
1475,2026-09-18,25.850000381469727,26.399999618530273,25.850000381469727,26.25,12000
1476,2026-09-18,284.5,285.5,282.0,282.0,1073097
1477,2026-09-18,193.0,194.5,192.0,194.0,2065737
1503,2026-09-18,199.0,200.0,197.0,199.5,1104178
1506,2026-09-18,9.8100004196167,9.829999923706055,9.699999809265137,9.760000228881836,104103
1504,2026-09-18,71.0,71.19999694824219,69.5,69.5,8174297
1512,2026-09-18,6.190000057220459,6.329999923706055,6.190000057220459,6.260000228881836,42370
1513,2026-09-18,166.5,167.5,165.0,167.0,2654562
1514,2026-09-18,102.0,102.0,100.5,101.5,681541
1515,2026-09-18,29.700000762939453,30.600000381469727,28.649999618530273,30.600000381469727,900400
1516,2026-09-18,13.350000381469727,13.649999618530273,13.050000190734863,13.600000381469727,178561
1517,2026-09-18,10.550000190734863,10.550000190734863,10.399999618530273,10.449999809265137,225979
1519,2026-09-18,713.0,722.0,712.0,721.0,1302458
1521,2026-09-18,25.200000762939453,25.200000762939453,24.950000762939453,24.950000762939453,19183
1522,2026-09-18,26.399999618530273,27.0,25.700000762939453,26.0,841184
1524,2026-09-18,26.25,26.350000381469727,26.100000381469727,26.100000381469727,256345
1525,2026-09-18,64.0999984741211,65.0,64.0,65.0,8020
1526,2026-09-18,14.850000381469727,15.199999809265137,14.800000190734863,15.0,171007
1527,2026-09-18,32.400001525878906,32.599998474121094,32.349998474121094,32.349998474121094,233752
1528,2026-09-18,24.100000381469727,24.700000762939453,23.600000381469727,24.600000381469727,7774236
1530,2026-09-18,27.299999237060547,27.299999237060547,27.0,27.0,23473
1529,2026-09-18,14.850000381469727,15.399999618530273,14.800000190734863,15.25,1378372
1531,2026-09-18,11.75,11.850000381469727,11.649999618530273,11.800000190734863,201140
1532,2026-09-18,22.600000381469727,22.899999618530273,22.600000381469727,22.850000381469727,543180
1535,2026-09-18,45.0,46.20000076293945,45.0,45.900001525878906,49483
1533,2026-09-18,31.25,31.25,30.399999618530273,30.549999237060547,96421
1537,2026-09-18,115.0,117.0,114.5,117.0,166475
1536,2026-09-18,46.70000076293945,46.900001525878906,46.20000076293945,46.349998474121094,952945
1539,2026-09-18,16.100000381469727,16.100000381469727,15.550000190734863,15.75,42179
1540,2026-09-18,19.75,19.75,19.5,19.649999618530273,55597
1541,2026-09-18,20.75,21.299999237060547,20.75,21.200000762939453,10000
1558,2026-09-18,109.0,111.0,109.0,111.0,139272
1560,2026-09-18,855.0,896.0,813.0,896.0,6130894
1563,2026-09-18,76.4000015258789,76.4000015258789,73.80000305175781,73.80000305175781,401201
1568,2026-09-18,30.549999237060547,30.899999618530273,29.899999618530273,30.649999618530273,296101
1583,2026-09-18,48.20000076293945,48.20000076293945,47.29999923706055,47.29999923706055,22145
1582,2026-09-18,70.80000305175781,71.30000305175781,70.5,70.9000015258789,267038
1587,2026-09-18,23.399999618530273,23.75,23.299999237060547,23.75,83581
1590,2026-09-18,1250.0,1270.0,1220.0,1220.0,1422506
1597,2026-09-18,140.5,140.5,137.0,138.5,639864
1598,2026-09-18,20.350000381469727,20.450000762939453,20.0,20.0,151006
1603,2026-09-18,30.350000381469727,30.350000381469727,30.100000381469727,30.299999237060547,110553
1604,2026-09-18,23.5,23.600000381469727,23.399999618530273,23.549999237060547,141543
1605,2026-09-18,37.5,37.54999923706055,36.650001525878906,37.099998474121094,31454200
1608,2026-09-18,36.20000076293945,36.400001525878906,35.70000076293945,35.79999923706055,1585270
1609,2026-09-18,37.95000076293945,38.0,37.5,38.0,3184691
1611,2026-09-18,11.449999809265137,11.699999809265137,11.100000381469727,11.100000381469727,7645317
1612,2026-09-18,35.099998474121094,35.099998474121094,34.75,35.04999923706055,425795
1614,2026-09-18,31.049999237060547,31.399999618530273,31.0,31.200000762939453,76576
1615,2026-09-18,43.150001525878906,43.400001525878906,42.70000076293945,42.70000076293945,112334
1616,2026-09-18,18.450000762939453,18.600000381469727,18.299999237060547,18.5,253796
1617,2026-09-18,18.700000762939453,18.850000381469727,18.350000381469727,18.549999237060547,376496
1618,2026-09-18,39.20000076293945,39.349998474121094,38.95000076293945,39.349998474121094,336318
1623,2026-09-18,205.5,208.5,202.0,208.5,89631
1626,2026-09-18,9.5600004196167,9.75,9.5600004196167,9.75,96251
1702,2026-09-18,32.75,32.95000076293945,32.650001525878906,32.95000076293945,187910
1707,2026-09-18,87.0999984741211,87.30000305175781,86.5999984741211,87.30000305175781,304532
1708,2026-09-18,51.5,51.5,50.400001525878906,50.70000076293945,2256673
1709,2026-09-18,41.849998474121094,42.0,38.70000076293945,39.20000076293945,48043169
1710,2026-09-18,16.649999618530273,16.700000762939453,16.049999237060547,16.350000381469727,5815576
1711,2026-09-18,40.150001525878906,40.20000076293945,39.099998474121094,39.400001525878906,2625159
1712,2026-09-18,39.849998474121094,40.04999923706055,39.650001525878906,40.04999923706055,587513
1713,2026-09-18,41.849998474121094,41.900001525878906,41.29999923706055,41.849998474121094,444605
1714,2026-09-18,16.25,16.25,15.649999618530273,15.699999809265137,7617505
1717,2026-09-18,72.0,72.5,70.80000305175781,71.4000015258789,6735966
1718,2026-09-18,11.050000190734863,11.050000190734863,10.600000381469727,10.600000381469727,13440608
1720,2026-09-18,56.099998474121094,56.29999923706055,55.900001525878906,56.0,142102
1721,2026-09-18,22.399999618530273,22.399999618530273,21.600000381469727,22.0,668279
1723,2026-09-18,81.19999694824219,81.5999984741211,80.5999984741211,80.5999984741211,505111
1722,2026-09-18,42.25,42.5,42.150001525878906,42.400001525878906,2818094
1725,2026-09-18,33.54999923706055,34.599998474121094,33.54999923706055,34.0,45317
1726,2026-09-18,78.0999984741211,78.0999984741211,76.80000305175781,76.9000015258789,18251
1727,2026-09-18,105.0,109.5,102.0,106.0,16525746
1730,2026-09-18,51.5,51.5,51.29999923706055,51.29999923706055,8458
1731,2026-09-18,20.950000762939453,20.950000762939453,20.799999237060547,20.899999618530273,73528
1732,2026-09-18,25.899999618530273,26.049999237060547,25.899999618530273,26.049999237060547,30089
1733,2026-09-18,30.700000762939453,30.700000762939453,30.149999618530273,30.149999618530273,83162
1734,2026-09-18,31.399999618530273,32.79999923706055,31.299999237060547,32.79999923706055,212010
1735,2026-09-18,19.850000381469727,20.649999618530273,19.799999237060547,20.549999237060547,88009
1736,2026-09-18,128.5,129.0,124.5,125.5,750975
1737,2026-09-18,30.5,30.649999618530273,29.299999237060547,29.299999237060547,4381295
1752,2026-09-18,31.299999237060547,31.450000762939453,31.299999237060547,31.350000381469727,30247
1760,2026-09-18,54.79999923706055,54.79999923706055,53.599998474121094,53.599998474121094,172160
1762,2026-09-18,33.79999923706055,34.099998474121094,33.5,34.099998474121094,53487
1773,2026-09-18,163.5,164.0,161.5,163.5,442781
1776,2026-09-18,18.600000381469727,18.899999618530273,18.100000381469727,18.299999237060547,141846
1783,2026-09-18,36.400001525878906,36.70000076293945,36.29999923706055,36.70000076293945,100099
1786,2026-09-18,43.75,44.650001525878906,43.400001525878906,43.54999923706055,245797
1789,2026-09-18,19.399999618530273,19.399999618530273,18.799999237060547,19.0,1040090
1795,2026-09-18,180.0,181.0,178.5,180.0,642387
1802,2026-09-18,59.5,61.29999923706055,57.900001525878906,58.79999923706055,33124270
1805,2026-09-18,10.300000190734863,10.300000190734863,10.100000381469727,10.199999809265137,68543
1806,2026-09-18,7.96999979019165,8.010000228881836,7.949999809265137,8.010000228881836,93275
1808,2026-09-18,36.0,37.150001525878906,35.099998474121094,35.900001525878906,4364689
1809,2026-09-18,38.0,39.099998474121094,37.5,38.599998474121094,2481392
1810,2026-09-18,23.950000762939453,24.100000381469727,23.700000762939453,24.049999237060547,1298740
1817,2026-09-18,40.25,40.45000076293945,40.25,40.45000076293945,45500
1903,2026-09-18,47.29999923706055,47.75,46.150001525878906,46.150001525878906,156742
1904,2026-09-18,24.899999618530273,25.0,24.700000762939453,24.75,1022706
1905,2026-09-18,13.5,13.5,13.25,13.25,1565204
1906,2026-09-18,10.949999809265137,11.0,10.75,10.899999618530273,75295
1907,2026-09-18,29.399999618530273,29.549999237060547,29.25,29.25,668149
1909,2026-09-18,10.300000190734863,10.350000381469727,10.149999618530273,10.149999618530273,1398323
2002,2026-09-18,18.799999237060547,18.850000381469727,18.700000762939453,18.75,25223586
2006,2026-09-18,83.0,89.0,82.9000015258789,87.5999984741211,4898777
2007,2026-09-18,6.920000076293945,6.920000076293945,6.880000114440918,6.909999847412109,116637
2009,2026-09-18,39.650001525878906,39.70000076293945,39.20000076293945,39.599998474121094,986953
2008,2026-09-18,30.899999618530273,31.149999618530273,30.549999237060547,30.950000762939453,18497
2010,2026-09-18,22.0,22.0,21.799999237060547,22.0,550792
2012,2026-09-18,14.100000381469727,14.199999809265137,14.0,14.199999809265137,52904
2013,2026-09-18,41.599998474121094,41.70000076293945,41.099998474121094,41.099998474121094,111766
2014,2026-09-18,16.549999237060547,16.649999618530273,16.450000762939453,16.549999237060547,1516713
2015,2026-09-18,64.19999694824219,65.0,64.19999694824219,65.0,187761
2017,2026-09-18,8.8100004196167,9.0,8.739999771118164,8.90999984741211,568048
2020,2026-09-18,21.5,21.700000762939453,21.399999618530273,21.399999618530273,244621
2022,2026-09-18,7.210000038146973,7.210000038146973,7.099999904632568,7.190000057220459,302097
2023,2026-09-18,13.850000381469727,13.850000381469727,13.600000381469727,13.600000381469727,1705754
2024,2026-09-18,12.850000381469727,13.0,12.850000381469727,13.0,14007
2025,2026-09-18,12.350000381469727,12.449999809265137,12.25,12.399999618530273,194185
2027,2026-09-18,47.29999923706055,47.650001525878906,46.900001525878906,47.349998474121094,12367551
2028,2026-09-18,15.649999618530273,15.75,15.600000381469727,15.699999809265137,32251
2029,2026-09-18,20.850000381469727,21.049999237060547,20.799999237060547,20.899999618530273,209408
2030,2026-09-18,23.75,24.950000762939453,23.450000762939453,24.950000762939453,6036323
2031,2026-09-18,44.25,45.0,44.25,45.0,811216
2032,2026-09-18,17.049999237060547,17.149999618530273,16.850000381469727,17.100000381469727,483364
2033,2026-09-18,32.45000076293945,33.900001525878906,31.5,33.900001525878906,4589593
2034,2026-09-18,21.0,21.450000762939453,20.899999618530273,21.450000762939453,2178455
2038,2026-09-18,12.100000381469727,12.199999809265137,12.050000190734863,12.149999618530273,102247
2049,2026-09-18,339.5,341.5,331.0,334.5,2664535
2059,2026-09-18,12600.0,12730.0,12230.0,12495.0,482183
2062,2026-09-18,18.100000381469727,18.299999237060547,18.100000381469727,18.299999237060547,99689
2069,2026-09-18,24.149999618530273,24.799999237060547,24.100000381469727,24.5,984154
2072,2026-09-18,130.0,132.5,130.0,130.0,244470
2101,2026-09-18,30.899999618530273,30.899999618530273,30.450000762939453,30.600000381469727,1380390
2102,2026-09-18,17.899999618530273,18.149999618530273,17.25,17.25,5936734
2103,2026-09-18,28.350000381469727,28.350000381469727,27.299999237060547,27.600000381469727,4411276
2104,2026-09-18,10.75,10.75,10.5,10.550000190734863,2583618
2105,2026-09-18,30.299999237060547,30.299999237060547,30.0,30.0,6633073
2106,2026-09-18,16.549999237060547,16.700000762939453,16.399999618530273,16.399999618530273,2189565
2107,2026-09-18,27.049999237060547,27.299999237060547,26.799999237060547,27.299999237060547,398264
2108,2026-09-18,29.049999237060547,29.100000381469727,28.600000381469727,28.600000381469727,510133
2109,2026-09-18,14.949999809265137,14.949999809265137,14.649999618530273,14.699999809265137,171162
2114,2026-09-18,89.4000015258789,89.80000305175781,89.0,89.5,16200
2115,2026-09-18,24.0,24.0,23.75,23.799999237060547,32006
2201,2026-09-18,30.75,30.75,29.600000381469727,29.600000381469727,12531334
2204,2026-09-18,52.900001525878906,53.0,52.5,52.70000076293945,579090
2206,2026-09-18,64.30000305175781,64.5999984741211,63.29999923706055,64.0999984741211,2450703
2207,2026-09-18,527.0,541.0,527.0,537.0,650265
2208,2026-09-18,19.049999237060547,19.149999618530273,19.0,19.149999618530273,1480221
2211,2026-09-18,80.80000305175781,80.80000305175781,80.4000015258789,80.80000305175781,313219
2227,2026-09-18,45.45000076293945,46.0,45.29999923706055,45.79999923706055,46890
2228,2026-09-18,75.4000015258789,78.0999984741211,73.4000015258789,73.4000015258789,1112935
2231,2026-09-18,91.5,92.0,90.5999984741211,91.19999694824219,158937
2233,2026-09-18,161.5,163.0,160.5,162.0,377826
2236,2026-09-18,118.0,118.5,114.0,116.5,202748
2239,2026-09-18,19.350000381469727,19.350000381469727,19.0,19.0,117000
2241,2026-09-18,33.900001525878906,34.599998474121094,33.75,34.45000076293945,391345
2243,2026-09-18,48.79999923706055,49.95000076293945,48.79999923706055,49.099998474121094,110806
2247,2026-09-18,231.0,232.5,230.0,231.5,35342
2248,2026-09-18,60.599998474121094,61.29999923706055,60.0,61.20000076293945,87082
2250,2026-09-18,56.099998474121094,58.79999923706055,56.0,57.70000076293945,83155
2301,2026-09-18,284.0,288.5,280.5,282.0,24095982
2302,2026-09-18,44.54999923706055,45.25,43.900001525878906,44.400001525878906,3611731
2303,2026-09-18,155.0,160.5,153.5,156.0,304492774
2305,2026-09-18,57.70000076293945,59.0,53.79999923706055,58.70000076293945,13467922
2308,2026-09-18,1730.0,1750.0,1715.0,1735.0,12673351
2312,2026-09-18,31.5,31.600000381469727,30.950000762939453,31.0,7919597
2313,2026-09-18,223.5,228.5,221.5,228.5,25747122
2314,2026-09-18,10.5,10.699999809265137,10.5,10.699999809265137,114307
2316,2026-09-18,158.0,159.5,155.0,156.5,1139367
2317,2026-09-18,252.5,253.0,249.0,250.5,44422531
2323,2026-09-18,10.850000381469727,10.850000381469727,10.649999618530273,10.699999809265137,4308153
2324,2026-09-18,38.0,38.25,37.349998474121094,37.70000076293945,52031744
2327,2026-09-18,543.0,550.0,533.0,550.0,26151583
2328,2026-09-18,47.20000076293945,47.20000076293945,46.20000076293945,46.400001525878906,1859054
2329,2026-09-18,43.5,44.349998474121094,43.25,44.349998474121094,5720655
2331,2026-09-18,19.149999618530273,19.25,18.899999618530273,18.899999618530273,853579
2330,2026-09-18,2460.0,2460.0,2435.0,2460.0,37087655
2332,2026-09-18,19.5,19.700000762939453,19.350000381469727,19.450000762939453,4542660
2337,2026-09-18,119.5,122.0,119.5,121.0,55863709
2338,2026-09-18,49.099998474121094,50.400001525878906,48.400001525878906,50.0,23134512
2340,2026-09-18,33.5,34.25,33.29999923706055,34.0,3573874
2342,2026-09-18,40.099998474121094,41.20000076293945,39.900001525878906,41.04999923706055,4759275
2344,2026-09-18,177.0,179.5,173.5,179.5,137220783
2345,2026-09-18,1810.0,1855.0,1810.0,1855.0,5824801
2347,2026-09-18,89.9000015258789,90.80000305175781,89.19999694824219,90.80000305175781,3379809
2348,2026-09-18,79.0,79.0,73.19999694824219,74.19999694824219,2164701
2349,2026-09-18,10.5,10.5,10.300000190734863,10.350000381469727,1671014
2351,2026-09-18,241.0,243.0,235.5,241.5,4351134
2352,2026-09-18,29.200000762939453,29.25,28.899999618530273,29.200000762939453,4270890
2353,2026-09-18,32.75,32.75,31.850000381469727,31.950000762939453,22918740
2354,2026-09-18,67.5,67.5,64.80000305175781,65.69999694824219,14119938
2355,2026-09-18,41.650001525878906,41.650001525878906,40.849998474121094,41.0,1157072
2356,2026-09-18,62.20000076293945,62.5,61.400001525878906,61.70000076293945,22070873
2357,2026-09-18,964.0,964.0,947.0,960.0,4507179
2359,2026-09-18,132.5,133.5,129.5,130.0,3261844
2360,2026-09-18,2135.0,2290.0,2135.0,2290.0,2561193
2362,2026-09-18,47.650001525878906,48.349998474121094,47.54999923706055,48.349998474121094,616205
2363,2026-09-18,54.29999923706055,55.20000076293945,53.599998474121094,53.70000076293945,11096099
2364,2026-09-18,65.5999984741211,66.0999984741211,64.19999694824219,64.5999984741211,165795
2365,2026-09-18,28.149999618530273,28.399999618530273,27.75,28.149999618530273,950951
2367,2026-09-18,41.0,41.29999923706055,40.599998474121094,40.75,2811520
2368,2026-09-18,978.0,1020.0,969.0,1020.0,11121177
2369,2026-09-18,30.850000381469727,31.850000381469727,30.75,31.0,11692197
2371,2026-09-18,29.850000381469727,29.850000381469727,28.899999618530273,29.200000762939453,22909354
2373,2026-09-18,53.0,53.099998474121094,52.5,53.099998474121094,24551
2374,2026-09-18,67.4000015258789,67.5,66.5999984741211,67.5,2130675
2375,2026-09-18,120.5,120.5,118.0,119.5,1292413
2376,2026-09-18,360.0,367.5,356.0,356.0,6584947
2377,2026-09-18,155.5,155.5,153.0,155.0,7099902
2379,2026-09-18,724.0,728.0,716.0,727.0,2526372
2380,2026-09-18,17.0,18.100000381469727,16.100000381469727,17.299999237060547,160269
2382,2026-09-18,346.5,346.5,340.0,343.0,21472344
2383,2026-09-18,4910.0,5000.0,4810.0,4890.0,3618480
2385,2026-09-18,106.0,107.0,105.0,106.0,6287387
2387,2026-09-18,36.349998474121094,36.849998474121094,36.150001525878906,36.849998474121094,253157
2388,2026-09-18,70.9000015258789,71.0999984741211,69.80000305175781,69.9000015258789,2787785
2390,2026-09-18,10.25,10.300000190734863,10.100000381469727,10.199999809265137,242847
2392,2026-09-18,42.29999923706055,42.5,41.599998474121094,41.95000076293945,1381924
2393,2026-09-18,63.599998474121094,64.4000015258789,63.29999923706055,64.4000015258789,2683726
2397,2026-09-18,60.29999923706055,61.400001525878906,59.400001525878906,61.400001525878906,227703
2395,2026-09-18,695.0,697.0,682.0,690.0,3361559
2401,2026-09-18,25.0,25.649999618530273,24.75,25.450000762939453,2917526
2402,2026-09-18,55.0,55.0,54.099998474121094,54.099998474121094,745430
2404,2026-09-18,1040.0,1130.0,1040.0,1125.0,3295895
2405,2026-09-18,15.0,15.199999809265137,14.850000381469727,15.199999809265137,1076361
2406,2026-09-18,27.100000381469727,28.049999237060547,26.549999237060547,27.649999618530273,4466466
2408,2026-09-18,508.0,525.0,508.0,525.0,79318936
2409,2026-09-18,30.75,30.799999237060547,29.5,30.350000381469727,347503953
2412,2026-09-18,145.0,145.5,144.0,145.5,27653784
2413,2026-09-18,53.70000076293945,55.0,52.400001525878906,53.099998474121094,9381678
2414,2026-09-18,53.0,53.29999923706055,52.20000076293945,53.29999923706055,112923
2415,2026-09-18,26.950000762939453,27.25,26.950000762939453,27.200000762939453,71371
2417,2026-09-18,39.099998474121094,39.25,38.650001525878906,39.20000076293945,324934
2419,2026-09-18,28.25,28.25,27.350000381469727,27.899999618530273,1337099
2420,2026-09-18,53.79999923706055,53.79999923706055,53.20000076293945,53.400001525878906,255599
2421,2026-09-18,164.5,169.0,164.5,167.0,3251427
2423,2026-09-18,73.0,74.5,73.0,73.80000305175781,56321
2424,2026-09-18,7.900000095367432,8.300000190734863,7.880000114440918,8.260000228881836,36920
2425,2026-09-18,37.0,37.0,36.25,37.0,364058
2426,2026-09-18,98.19999694824219,102.0,96.5,102.0,51110688
2427,2026-09-18,23.5,24.0,23.350000381469727,23.799999237060547,1481637
2428,2026-09-18,258.0,260.0,254.5,260.0,941740
2429,2026-09-18,30.049999237060547,31.299999237060547,30.049999237060547,31.149999618530273,182588
2430,2026-09-18,18.049999237060547,18.100000381469727,17.899999618530273,18.100000381469727,34951
2431,2026-09-18,9.930000305175781,10.149999618530273,9.930000305175781,10.149999618530273,79966
2433,2026-09-18,41.25,41.25,40.400001525878906,40.75,26543
2434,2026-09-18,60.79999923706055,62.5,60.599998474121094,62.0,408269
2436,2026-09-18,68.5,68.80000305175781,67.5999984741211,67.9000015258789,2221450
2438,2026-09-18,19.200000762939453,20.950000762939453,19.200000762939453,20.899999618530273,274609
2439,2026-09-18,78.0999984741211,79.0999984741211,77.69999694824219,78.19999694824219,1032638
2440,2026-09-18,14.199999809265137,14.350000381469727,14.100000381469727,14.350000381469727,197193
2441,2026-09-18,121.0,124.5,120.5,123.5,6209048
2442,2026-09-18,14.699999809265137,15.0,14.600000381469727,14.600000381469727,1578608
2444,2026-09-18,12.550000190734863,12.75,12.199999809265137,12.600000381469727,978530
2399,2026-09-18,49.29999923706055,49.70000076293945,48.0,48.45000076293945,7600462
2449,2026-09-18,276.5,291.5,274.0,291.5,60882971
2450,2026-09-18,28.350000381469727,28.350000381469727,28.200000762939453,28.299999237060547,141287
2451,2026-09-18,280.0,283.0,279.0,283.0,1427401
2453,2026-09-18,54.70000076293945,55.79999923706055,54.400001525878906,55.5,533803
2454,2026-09-18,4600.0,4735.0,4545.0,4710.0,9902031
2455,2026-09-18,545.0,563.0,520.0,556.0,19997532
2457,2026-09-18,22.350000381469727,22.450000762939453,22.049999237060547,22.049999237060547,978072
2458,2026-09-18,130.5,132.5,128.5,132.0,1463590
2459,2026-09-18,65.69999694824219,65.80000305175781,65.19999694824219,65.4000015258789,69227
2460,2026-09-18,28.899999618530273,30.049999237060547,28.899999618530273,29.75,216323
2461,2026-09-18,17.600000381469727,17.75,17.450000762939453,17.75,482851
2462,2026-09-18,19.799999237060547,19.799999237060547,19.299999237060547,19.450000762939453,216089
2464,2026-09-18,183.5,197.0,179.0,197.0,23660393
2465,2026-09-18,91.5,92.4000015258789,91.0,91.5999984741211,1057853
2466,2026-09-18,104.0,108.5,102.5,106.0,1512454
2467,2026-09-18,538.0,540.0,525.0,528.0,833207
2468,2026-09-18,41.70000076293945,45.849998474121094,41.20000076293945,45.849998474121094,12293748
2471,2026-09-18,52.79999923706055,53.70000076293945,52.29999923706055,53.099998474121094,862207
2472,2026-09-18,213.0,216.0,208.0,216.0,5798977
2474,2026-09-18,209.0,210.0,207.5,209.5,4937724
2476,2026-09-18,120.5,126.0,119.0,124.0,2009168
2477,2026-09-18,22.0,22.350000381469727,22.0,22.350000381469727,190328
2478,2026-09-18,121.0,122.0,118.5,120.5,1466193
2480,2026-09-18,163.0,165.0,162.0,165.0,651590
2481,2026-09-18,166.5,171.0,165.0,168.5,39800574
2483,2026-09-18,33.20000076293945,33.20000076293945,32.20000076293945,33.0,597524
2482,2026-09-18,16.0,16.200000762939453,15.899999618530273,16.049999237060547,83352
2484,2026-09-18,71.9000015258789,72.19999694824219,70.0,70.4000015258789,4116612
2485,2026-09-18,40.150001525878906,40.400001525878906,39.25,39.54999923706055,1445271
2486,2026-09-18,233.5,238.0,231.0,237.5,3764548
2488,2026-09-18,48.650001525878906,48.849998474121094,48.5,48.75,58274
2489,2026-09-18,43.650001525878906,44.5,42.650001525878906,44.150001525878906,77450885
2491,2026-09-18,40.599998474121094,42.5,40.599998474121094,41.29999923706055,1054922
2492,2026-09-18,305.0,311.0,300.0,309.5,15407148
2493,2026-09-18,195.0,195.0,186.0,192.5,9781426
2495,2026-09-18,38.29999923706055,39.099998474121094,37.79999923706055,38.04999923706055,1316054
2496,2026-09-18,55.29999923706055,55.29999923706055,55.29999923706055,55.29999923706055,1447
2498,2026-09-18,40.20000076293945,40.25,39.54999923706055,39.54999923706055,8052836
2497,2026-09-18,44.25,44.5,43.599998474121094,44.349998474121094,292126
2501,2026-09-18,22.549999237060547,22.850000381469727,21.549999237060547,21.799999237060547,6619291
2505,2026-09-18,17.600000381469727,17.75,16.700000762939453,16.700000762939453,5118349
2506,2026-09-18,8.630000114440918,8.640000343322754,8.199999809265137,8.199999809265137,1357733
2509,2026-09-18,15.0,15.5,14.699999809265137,14.899999618530273,224144
2504,2026-09-18,31.350000381469727,31.600000381469727,31.149999618530273,31.600000381469727,2207944
2511,2026-09-18,8.520000457763672,8.619999885559082,8.390000343322754,8.390000343322754,2007093
2515,2026-09-18,12.350000381469727,12.5,11.949999809265137,11.949999809265137,16615757
2514,2026-09-18,11.699999809265137,11.800000190734863,11.399999618530273,11.699999809265137,149594
2516,2026-09-18,14.550000190734863,14.699999809265137,14.550000190734863,14.600000381469727,99230
2520,2026-09-18,39.599998474121094,39.599998474121094,37.599998474121094,38.0,5221571
2524,2026-09-18,37.5,37.5,37.5,37.5,240152
2527,2026-09-18,44.75,45.95000076293945,44.75,45.79999923706055,1084866
2528,2026-09-18,20.0,20.450000762939453,19.700000762939453,19.700000762939453,992206
2530,2026-09-18,20.700000762939453,21.049999237060547,20.25,20.799999237060547,1530506
2534,2026-09-18,17.350000381469727,17.350000381469727,16.899999618530273,16.899999618530273,679031
2535,2026-09-18,91.9000015258789,91.9000015258789,89.80000305175781,90.30000305175781,225690
2536,2026-09-18,19.899999618530273,20.049999237060547,19.399999618530273,19.399999618530273,1028419
2537,2026-09-18,12.050000190734863,12.100000381469727,11.350000381469727,11.350000381469727,2795562
2538,2026-09-18,8.789999961853027,9.0,8.460000038146973,8.460000038146973,8988277
2539,2026-09-18,35.900001525878906,36.099998474121094,35.150001525878906,36.099998474121094,1830852
2540,2026-09-18,54.0,54.0,50.599998474121094,50.599998474121094,1749836
2542,2026-09-18,48.79999923706055,48.900001525878906,47.150001525878906,47.79999923706055,25253576
2543,2026-09-18,39.95000076293945,40.400001525878906,39.20000076293945,39.45000076293945,1831083
2545,2026-09-18,35.04999923706055,36.20000076293945,34.400001525878906,35.20000076293945,618840
2546,2026-09-18,108.5,108.5,106.0,106.5,242831
2547,2026-09-18,10.050000190734863,10.100000381469727,9.960000038146973,10.100000381469727,2132284
2597,2026-09-18,174.0,174.0,171.0,172.5,188824
2548,2026-09-18,98.0,98.5999984741211,95.80000305175781,96.5,4424136
2601,2026-09-18,6.300000190734863,6.300000190734863,5.920000076293945,5.920000076293945,15639635
2603,2026-09-18,242.0,245.5,238.5,240.5,10670341
2605,2026-09-18,37.150001525878906,37.599998474121094,36.099998474121094,36.099998474121094,9432503
2606,2026-09-18,77.30000305175781,77.5,75.69999694824219,77.4000015258789,2629833
2607,2026-09-18,53.5,53.70000076293945,53.29999923706055,53.29999923706055,486209
2608,2026-09-18,28.899999618530273,29.100000381469727,28.799999237060547,29.100000381469727,341731
2609,2026-09-18,61.5,63.099998474121094,60.29999923706055,61.0,47251323
2610,2026-09-18,20.350000381469727,20.350000381469727,20.049999237060547,20.149999618530273,24214636
2612,2026-09-18,63.599998474121094,63.79999923706055,62.5,62.79999923706055,306449
2611,2026-09-18,14.449999809265137,14.449999809265137,14.300000190734863,14.399999618530273,470320
2613,2026-09-18,22.25,22.5,22.100000381469727,22.100000381469727,181661
2614,2026-09-18,18.100000381469727,18.149999618530273,18.0,18.0,476973
2615,2026-09-18,118.0,125.0,115.0,120.5,30502496
2616,2026-09-18,13.300000190734863,13.350000381469727,13.25,13.300000190734863,63471
2617,2026-09-18,33.099998474121094,33.29999923706055,32.599998474121094,32.95000076293945,969136
2618,2026-09-18,42.04999923706055,42.099998474121094,41.20000076293945,41.75,33639946
2630,2026-09-18,47.5,47.70000076293945,47.0,47.29999923706055,527125
2633,2026-09-18,25.950000762939453,26.0,25.700000762939453,25.75,17805842
2634,2026-09-18,64.5,64.69999694824219,64.0,64.5999984741211,4516848
2636,2026-09-18,71.30000305175781,71.30000305175781,70.19999694824219,71.19999694824219,350329
2637,2026-09-18,102.0,103.5,100.5,102.0,2100526
2642,2026-09-18,20.5,20.5,20.399999618530273,20.399999618530273,38845
2645,2026-09-18,173.0,176.0,173.0,174.0,971757
2646,2026-09-18,20.149999618530273,20.600000381469727,20.049999237060547,20.600000381469727,9272571
2701,2026-09-18,10.449999809265137,10.449999809265137,10.350000381469727,10.399999618530273,35800
2702,2026-09-18,12.75,12.800000190734863,12.649999618530273,12.800000190734863,41755
2704,2026-09-18,46.04999923706055,46.04999923706055,45.54999923706055,45.75,79294
2705,2026-09-18,15.25,15.350000381469727,15.0,15.350000381469727,104324
2706,2026-09-18,12.149999618530273,12.199999809265137,12.149999618530273,12.149999618530273,124504
2707,2026-09-18,178.0,178.0,176.0,177.0,169101
2722,2026-09-18,21.5,21.5,21.0,21.25,29256
2723,2026-09-18,79.5,79.5,78.30000305175781,78.69999694824219,281267
2727,2026-09-18,227.0,227.5,226.5,227.0,207268
2731,2026-09-18,144.5,144.5,142.5,143.0,189482
2739,2026-09-18,37.150001525878906,37.25,36.75,37.0,44115
2748,2026-09-18,38.900001525878906,39.0,38.75,38.900001525878906,45473
2753,2026-09-18,178.5,181.0,178.5,180.0,142337
2762,2026-09-18,79.4000015258789,80.5999984741211,79.4000015258789,80.4000015258789,29170
2801,2026-09-18,29.700000762939453,29.700000762939453,28.799999237060547,28.950000762939453,45354877
2812,2026-09-18,19.5,19.5,19.200000762939453,19.350000381469727,24872918
2816,2026-09-18,41.400001525878906,41.400001525878906,40.150001525878906,40.45000076293945,533921
2820,2026-09-18,17.450000762939453,17.5,17.200000762939453,17.450000762939453,3762543
2832,2026-09-18,59.70000076293945,59.70000076293945,58.20000076293945,58.70000076293945,246552
2834,2026-09-18,18.75,18.75,18.200000762939453,18.350000381469727,79664813
2836,2026-09-18,12.5,12.550000190734863,12.300000190734863,12.399999618530273,3044370
2838,2026-09-18,21.899999618530273,21.899999618530273,21.299999237060547,21.399999618530273,2925976
2845,2026-09-18,13.75,13.75,13.449999809265137,13.550000190734863,12171106
2849,2026-09-18,15.899999618530273,16.25,15.850000381469727,16.25,380334
2850,2026-09-18,158.5,159.0,156.5,159.0,192569
2851,2026-09-18,47.45000076293945,47.45000076293945,46.099998474121094,47.0,2659927
2852,2026-09-18,28.25,28.299999237060547,28.0,28.299999237060547,501528
2855,2026-09-18,52.900001525878906,53.29999923706055,52.29999923706055,53.29999923706055,4495314
2880,2026-09-18,47.54999923706055,48.0,46.25,47.650001525878906,35458566
2881,2026-09-18,152.5,152.5,148.0,150.5,27828323
2882,2026-09-18,113.0,113.0,109.0,110.5,43401804
2883,2026-09-18,40.0,40.0,38.400001525878906,39.29999923706055,81439182
2884,2026-09-18,47.29999923706055,47.29999923706055,45.0,46.400001525878906,89721513
2885,2026-09-18,69.19999694824219,70.0,68.5999984741211,70.0,48692725
2886,2026-09-18,51.900001525878906,51.900001525878906,50.099998474121094,51.099998474121094,46941184
2887,2026-09-18,44.70000076293945,44.70000076293945,42.599998474121094,44.400001525878906,137286590
2889,2026-09-18,17.399999618530273,17.5,16.899999618530273,17.149999618530273,19903179
2890,2026-09-18,46.04999923706055,46.04999923706055,44.79999923706055,45.25,51002605
2891,2026-09-18,72.0,72.0,68.9000015258789,69.5,74753514
2892,2026-09-18,40.75,40.75,38.900001525878906,39.79999923706055,52416617
2897,2026-09-18,11.300000190734863,11.300000190734863,10.949999809265137,11.100000381469727,7025562
2901,2026-09-18,23.25,23.25,23.049999237060547,23.200000762939453,8546
2904,2026-09-18,12.550000190734863,12.550000190734863,12.5,12.5,21268
2903,2026-09-18,22.100000381469727,22.200000762939453,22.049999237060547,22.200000762939453,911691
2905,2026-09-18,18.75,18.75,18.149999618530273,18.450000762939453,2528517
2906,2026-09-18,13.800000190734863,13.899999618530273,13.699999809265137,13.850000381469727,95888
2908,2026-09-18,21.950000762939453,22.25,21.950000762939453,22.25,228214
2910,2026-09-18,23.5,23.799999237060547,23.149999618530273,23.649999618530273,16000
2911,2026-09-18,6.340000152587891,6.369999885559082,6.289999961853027,6.340000152587891,61803
2912,2026-09-18,217.5,217.5,214.5,216.5,2770231
2913,2026-09-18,11.100000381469727,11.149999618530273,10.899999618530273,10.899999618530273,1511217
2915,2026-09-18,59.29999923706055,59.5,58.70000076293945,59.0,2569389
2923,2026-09-18,25.200000762939453,27.100000381469727,24.799999237060547,27.100000381469727,352751
2929,2026-09-18,5.71999979019165,5.800000190734863,5.71999979019165,5.789999961853027,203473
2945,2026-09-18,40.04999923706055,40.04999923706055,39.900001525878906,40.0,16628
3002,2026-09-18,19.0,20.450000762939453,19.0,20.450000762939453,1196219
3003,2026-09-18,58.79999923706055,59.599998474121094,58.29999923706055,58.900001525878906,428161
3004,2026-09-18,118.0,119.5,117.0,119.5,192653
3005,2026-09-18,119.0,119.0,117.0,118.5,1632125
3006,2026-09-18,290.0,296.5,285.0,291.0,14214881
3008,2026-09-18,6280.0,6500.0,6150.0,6430.0,2808375
3010,2026-09-18,124.5,125.0,123.0,125.0,413905
3011,2026-09-18,10.0,10.100000381469727,9.880000114440918,9.979999542236328,579228
3013,2026-09-18,83.80000305175781,83.80000305175781,81.9000015258789,82.80000305175781,1020984
3014,2026-09-18,134.5,137.0,134.0,135.5,2363028
3015,2026-09-18,52.0,52.29999923706055,51.5,51.79999923706055,212293
3016,2026-09-18,116.5,119.0,115.0,116.5,11641462
3017,2026-09-18,3345.0,3450.0,3290.0,3430.0,3710579
3018,2026-09-18,11.649999618530273,12.0,11.649999618530273,12.0,28225
3019,2026-09-18,138.5,139.0,136.5,137.0,2243518
3021,2026-09-18,26.5,27.5,26.399999618530273,26.700000762939453,1142745
3022,2026-09-18,90.5,91.4000015258789,89.69999694824219,91.0,1090565
3023,2026-09-18,318.0,329.0,318.0,327.5,654700
3024,2026-09-18,15.5,15.600000381469727,14.899999618530273,15.100000381469727,3420374
3025,2026-09-18,51.5,51.70000076293945,51.29999923706055,51.599998474121094,74246
3026,2026-09-18,791.0,811.0,766.0,797.0,10334819
3027,2026-09-18,17.75,18.0,17.399999618530273,17.399999618530273,188134
3028,2026-09-18,61.29999923706055,62.0,61.29999923706055,61.79999923706055,550857
3029,2026-09-18,116.0,125.0,116.0,125.0,6848755
3030,2026-09-18,269.0,269.0,265.5,267.0,506021
3031,2026-09-18,27.0,28.700000762939453,26.100000381469727,28.450000762939453,9774545
3032,2026-09-18,76.0999984741211,76.5,75.0,75.0999984741211,491035
3033,2026-09-18,42.099998474121094,42.29999923706055,41.599998474121094,41.599998474121094,2450408
3034,2026-09-18,550.0,558.0,544.0,558.0,4722362
3035,2026-09-18,184.0,193.0,182.5,190.5,9141129
3036,2026-09-18,204.0,209.5,201.5,205.5,12618026
3037,2026-09-18,973.0,990.0,971.0,981.0,14413731
3038,2026-09-18,20.649999618530273,20.700000762939453,20.299999237060547,20.299999237060547,240409
3040,2026-09-18,34.150001525878906,34.54999923706055,33.5,34.45000076293945,189944
3041,2026-09-18,22.899999618530273,23.399999618530273,22.75,23.0,1098359
3042,2026-09-18,183.0,187.5,182.0,184.5,10339561
3043,2026-09-18,20.25,20.649999618530273,20.25,20.649999618530273,43471
3044,2026-09-18,509.0,518.0,505.0,518.0,4712815
3045,2026-09-18,124.5,125.5,123.0,124.0,18120057
3046,2026-09-18,53.599998474121094,53.79999923706055,53.0,53.79999923706055,143665
3047,2026-09-18,13.899999618530273,14.0,13.75,13.850000381469727,448822
3048,2026-09-18,51.20000076293945,51.20000076293945,50.599998474121094,51.0,619183
3049,2026-09-18,12.100000381469727,12.149999618530273,11.899999618530273,12.100000381469727,2701609
3050,2026-09-18,11.399999618530273,11.399999618530273,11.25,11.399999618530273,419740
3051,2026-09-18,22.100000381469727,22.600000381469727,21.850000381469727,22.600000381469727,709444
3052,2026-09-18,10.449999809265137,10.449999809265137,10.350000381469727,10.350000381469727,152280
3054,2026-09-18,57.70000076293945,58.099998474121094,57.20000076293945,57.79999923706055,50644
3055,2026-09-18,166.0,173.5,163.5,171.0,1885479
3056,2026-09-18,14.199999809265137,14.949999809265137,14.199999809265137,14.75,2778563
3057,2026-09-18,16.600000381469727,16.700000762939453,16.299999237060547,16.350000381469727,108965
3059,2026-09-18,38.5,38.54999923706055,38.04999923706055,38.150001525878906,935897
3058,2026-09-18,8.1899995803833,8.1899995803833,8.050000190734863,8.149999618530273,347999
3060,2026-09-18,27.100000381469727,27.100000381469727,26.549999237060547,26.700000762939453,381583
3062,2026-09-18,21.399999618530273,21.450000762939453,20.850000381469727,21.049999237060547,1107787
3090,2026-09-18,163.5,165.0,162.0,165.0,2065813
3092,2026-09-18,22.399999618530273,23.799999237060547,22.0,23.149999618530273,363805
3094,2026-09-18,48.79999923706055,51.70000076293945,48.599998474121094,51.70000076293945,17279352
3130,2026-09-18,208.0,209.5,208.0,209.5,65105
3135,2026-09-18,163.5,164.5,161.5,163.5,424631
3138,2026-09-18,105.5,113.0,105.0,108.0,3518094
3149,2026-09-18,63.20000076293945,63.79999923706055,62.0,63.79999923706055,7504589
3164,2026-09-18,15.75,16.0,15.75,15.850000381469727,16885
3167,2026-09-18,833.0,855.0,810.0,834.0,7029494
3168,2026-09-18,42.70000076293945,42.70000076293945,42.25,42.599998474121094,7022
3189,2026-09-18,828.0,850.0,815.0,832.0,16669690
3209,2026-09-18,45.900001525878906,45.900001525878906,45.45000076293945,45.79999923706055,440744
3229,2026-09-18,59.5,64.4000015258789,59.29999923706055,64.4000015258789,3939506
3231,2026-09-18,189.5,190.5,186.5,186.5,39960432
3257,2026-09-18,48.599998474121094,48.599998474121094,47.900001525878906,48.20000076293945,152999
3266,2026-09-18,14.149999618530273,14.149999618530273,13.75,14.0,88234
3296,2026-09-18,25.700000762939453,28.299999237060547,25.549999237060547,28.299999237060547,432033
3305,2026-09-18,102.0,103.0,101.5,102.5,562328
3308,2026-09-18,21.649999618530273,22.100000381469727,21.450000762939453,21.899999618530273,30021
3311,2026-09-18,37.0,38.79999923706055,36.75,38.70000076293945,1403775
3312,2026-09-18,49.900001525878906,51.5,49.150001525878906,51.099998474121094,1469974
3321,2026-09-18,17.100000381469727,18.0,17.100000381469727,18.0,172980
3338,2026-09-18,66.5,68.0999984741211,66.0,68.0,520164
3346,2026-09-18,22.299999237060547,22.299999237060547,22.299999237060547,22.299999237060547,903847
3376,2026-09-18,178.5,181.0,177.0,179.0,2484813
3380,2026-09-18,30.700000762939453,30.700000762939453,30.0,30.149999618530273,1522720
3406,2026-09-18,996.0,999.0,955.0,972.0,7957546
3413,2026-09-18,284.0,286.5,281.5,285.0,644160
3416,2026-09-18,163.0,163.0,160.5,162.5,155558
3419,2026-09-18,10.800000190734863,11.75,10.699999809265137,11.449999809265137,248112
3432,2026-09-18,15.550000190734863,15.550000190734863,15.399999618530273,15.550000190734863,137098
3437,2026-09-18,20.950000762939453,22.350000381469727,20.399999618530273,22.350000381469727,9843414
3443,2026-09-18,6600.0,7150.0,6510.0,7150.0,2665795
3447,2026-09-18,27.5,30.0,27.5,28.450000762939453,225440
3450,2026-09-18,538.0,565.0,525.0,538.0,11367037
3481,2026-09-18,49.400001525878906,49.400001525878906,48.25,48.25,126263615
3494,2026-09-18,7.699999809265137,7.699999809265137,7.110000133514404,7.300000190734863,296617
3501,2026-09-18,38.849998474121094,38.849998474121094,38.20000076293945,38.400001525878906,76111
3504,2026-09-18,79.69999694824219,81.30000305175781,79.19999694824219,80.5,1047419
3515,2026-09-18,213.5,215.0,210.5,212.0,329781
3518,2026-09-18,31.5,31.5,30.799999237060547,30.899999618530273,413945
3528,2026-09-18,83.19999694824219,85.19999694824219,82.80000305175781,83.80000305175781,254476
3530,2026-09-18,57.79999923706055,58.5,57.20000076293945,58.20000076293945,114001
3532,2026-09-18,457.0,461.0,438.5,447.5,6718667
3533,2026-09-18,1580.0,1615.0,1560.0,1585.0,690272
3535,2026-09-18,88.0,88.5,86.5,88.5,429698
3543,2026-09-18,45.400001525878906,45.400001525878906,44.099998474121094,44.29999923706055,950366
3545,2026-09-18,49.900001525878906,51.79999923706055,49.900001525878906,51.599998474121094,946159
3550,2026-09-18,23.0,24.75,22.899999618530273,23.700000762939453,2988992
3557,2026-09-18,23.25,23.25,22.75,23.149999618530273,37335
3563,2026-09-18,675.0,676.0,665.0,671.0,256196
3576,2026-09-18,16.5,17.100000381469727,16.25,17.100000381469727,13172940
3583,2026-09-18,706.0,708.0,693.0,702.0,454156
3588,2026-09-18,52.20000076293945,52.79999923706055,51.5,52.400001525878906,123948
3592,2026-09-18,226.0,226.0,223.5,224.5,222176
3593,2026-09-18,9.800000190734863,9.859999656677246,9.399999618530273,9.75,19202
3605,2026-09-18,149.5,154.0,142.0,154.0,38317220
3596,2026-09-18,155.5,157.0,154.0,155.5,834392
3607,2026-09-18,13.699999809265137,13.850000381469727,13.649999618530273,13.850000381469727,122008
3617,2026-09-18,247.5,249.5,244.5,246.0,323130
3622,2026-09-18,46.900001525878906,46.900001525878906,45.79999923706055,46.5,210394
3645,2026-09-18,70.19999694824219,70.19999694824219,68.4000015258789,68.69999694824219,892383
3652,2026-09-18,33.5,33.75,33.45000076293945,33.75,66030
3653,2026-09-18,5520.0,5650.0,5415.0,5525.0,1045790
3661,2026-09-18,3390.0,3540.0,3380.0,3540.0,5089299
3665,2026-09-18,2060.0,2210.0,2045.0,2210.0,6443131
3669,2026-09-18,33.20000076293945,33.20000076293945,32.400001525878906,32.70000076293945,70175
3673,2026-09-18,64.5,64.69999694824219,63.400001525878906,64.5,2382481
3679,2026-09-18,108.0,109.0,107.5,108.5,28638
3686,2026-09-18,14.149999618530273,14.350000381469727,14.100000381469727,14.300000190734863,137931
3694,2026-09-18,50.79999923706055,51.0,50.0,50.599998474121094,632190
3701,2026-09-18,41.5,42.04999923706055,41.099998474121094,41.099998474121094,475954
3702,2026-09-18,111.5,114.5,111.0,114.5,14917880
3703,2026-09-18,20.649999618530273,20.649999618530273,20.049999237060547,20.049999237060547,1567791
3704,2026-09-18,40.599998474121094,41.20000076293945,40.349998474121094,41.150001525878906,1895388
3705,2026-09-18,56.79999923706055,57.400001525878906,56.20000076293945,57.400001525878906,419048
3706,2026-09-18,81.5,81.5,79.5999984741211,80.5,5746642
3708,2026-09-18,97.0,97.5999984741211,96.5,96.69999694824219,1257392
3711,2026-09-18,631.0,643.0,627.0,638.0,26277732
3712,2026-09-18,21.0,21.200000762939453,20.600000381469727,20.600000381469727,455159
3714,2026-09-18,66.9000015258789,68.80000305175781,65.0,67.4000015258789,18676694
3715,2026-09-18,122.0,122.5,118.5,118.5,3389607
3716,2026-09-18,33.95000076293945,34.099998474121094,33.5,33.5,2720673
3717,2026-09-18,23.299999237060547,25.149999618530273,23.049999237060547,25.100000381469727,16962727
4104,2026-09-18,72.19999694824219,72.69999694824219,71.9000015258789,72.69999694824219,128340
4106,2026-09-18,24.600000381469727,24.600000381469727,24.299999237060547,24.549999237060547,81492
4108,2026-09-18,11.350000381469727,11.350000381469727,11.199999809265137,11.350000381469727,118913
4119,2026-09-18,60.70000076293945,60.70000076293945,58.099998474121094,58.20000076293945,183175
4137,2026-09-18,77.19999694824219,78.80000305175781,77.0,78.80000305175781,195608
4133,2026-09-18,20.600000381469727,20.75,20.299999237060547,20.649999618530273,116839
4142,2026-09-18,17.75,17.799999237060547,17.549999237060547,17.799999237060547,804983
4148,2026-09-18,32.599998474121094,33.20000076293945,32.599998474121094,33.20000076293945,16389
4164,2026-09-18,26.049999237060547,26.299999237060547,25.75,26.049999237060547,420493
4155,2026-09-18,14.850000381469727,15.149999618530273,14.850000381469727,15.149999618530273,351392
4169,2026-09-18,147.0,158.0,147.0,158.0,127412
4178,2026-09-18,16.700000762939453,17.0,16.450000762939453,17.0,178055
4190,2026-09-18,25.549999237060547,25.700000762939453,25.25,25.299999237060547,31211
4306,2026-09-18,14.75,14.800000190734863,14.550000190734863,14.800000190734863,920430
4414,2026-09-18,8.329999923706055,8.34000015258789,8.260000228881836,8.3100004196167,129426
4426,2026-09-18,7.559999942779541,7.659999847412109,7.5,7.630000114440918,76531
4438,2026-09-18,57.0,57.20000076293945,56.5,56.5,57128
4439,2026-09-18,94.80000305175781,95.19999694824219,93.80000305175781,93.80000305175781,8510
4440,2026-09-18,17.5,17.75,17.5,17.600000381469727,29072
4441,2026-09-18,172.5,174.0,171.5,172.0,55368
4526,2026-09-18,31.549999237060547,32.099998474121094,30.899999618530273,31.25,1287671
4532,2026-09-18,25.149999618530273,25.149999618530273,24.649999618530273,24.649999618530273,1757788
4536,2026-09-18,164.5,166.0,163.0,166.0,240300
4540,2026-09-18,59.29999923706055,59.79999923706055,58.900001525878906,59.29999923706055,1110182
4545,2026-09-18,33.20000076293945,33.5,33.04999923706055,33.5,73701
4551,2026-09-18,159.5,160.5,157.0,159.5,293018
4552,2026-09-18,16.149999618530273,16.149999618530273,15.699999809265137,15.949999809265137,237197
4555,2026-09-18,43.79999923706055,43.79999923706055,42.75,42.849998474121094,59535
4557,2026-09-18,50.0,50.79999923706055,49.849998474121094,49.849998474121094,29292
4560,2026-09-18,29.25,29.25,28.700000762939453,28.850000381469727,173000
4562,2026-09-18,29.950000762939453,30.200000762939453,29.75,30.100000381469727,93525
4564,2026-09-18,15.800000190734863,15.949999809265137,15.699999809265137,15.699999809265137,515056
4566,2026-09-18,65.4000015258789,65.4000015258789,64.30000305175781,64.5,466497
4569,2026-09-18,153.5,157.0,153.5,157.0,41237
4571,2026-09-18,150.5,152.0,150.0,151.5,49916
4572,2026-09-18,142.0,142.0,140.5,140.5,15713
4576,2026-09-18,236.0,240.0,229.0,240.0,2048518
4583,2026-09-18,424.0,436.5,422.5,431.5,85522
4585,2026-09-18,301.0,303.0,300.0,303.0,190052
4588,2026-09-18,55.099998474121094,55.79999923706055,54.900001525878906,55.20000076293945,77039
4720,2026-09-18,18.75,19.149999618530273,18.450000762939453,18.700000762939453,616418
4722,2026-09-18,185.0,189.5,182.5,189.5,1788683
4736,2026-09-18,134.0,134.0,131.0,133.0,256047
4737,2026-09-18,60.70000076293945,60.79999923706055,59.29999923706055,60.29999923706055,61578
4739,2026-09-18,80.5,80.5999984741211,79.0999984741211,79.5,769674
4746,2026-09-18,47.70000076293945,48.29999923706055,47.349998474121094,47.849998474121094,831399
4755,2026-09-18,115.0,115.0,111.5,113.0,378989
4763,2026-09-18,48.0,50.5,47.45000076293945,50.5,16369021
4764,2026-09-18,209.0,209.5,202.0,204.5,658807
4770,2026-09-18,242.0,255.5,242.0,251.0,2098972
4766,2026-09-18,344.0,346.0,342.0,346.0,139557
4771,2026-09-18,219.0,219.5,211.5,215.0,458619
4807,2026-09-18,29.899999618530273,31.399999618530273,29.5,31.399999618530273,189757
4904,2026-09-18,106.0,107.0,105.5,107.0,12613085
4906,2026-09-18,36.5,37.0,36.349998474121094,37.0,5381963
4912,2026-09-18,93.0999984741211,98.69999694824219,92.19999694824219,98.69999694824219,587265
4915,2026-09-18,64.5,65.9000015258789,64.4000015258789,65.5,5428623
4919,2026-09-18,118.0,126.5,117.0,126.5,6750164
4916,2026-09-18,105.0,107.5,102.5,105.5,15836741
4927,2026-09-18,43.849998474121094,44.25,42.79999923706055,44.25,4780276
4930,2026-09-18,16.149999618530273,16.200000762939453,16.149999618530273,16.200000762939453,276154
4934,2026-09-18,13.800000190734863,14.0,13.5,13.899999618530273,394368
4935,2026-09-18,32.150001525878906,34.70000076293945,31.5,34.45000076293945,409488
4938,2026-09-18,91.0,91.30000305175781,89.69999694824219,90.30000305175781,9035831
4942,2026-09-18,31.149999618530273,32.400001525878906,31.149999618530273,31.299999237060547,99360
4943,2026-09-18,7.679999828338623,7.679999828338623,7.0,7.179999828338623,56451
4949,2026-09-18,75.0999984741211,75.0999984741211,74.19999694824219,74.5999984741211,267174
4952,2026-09-18,47.849998474121094,48.20000076293945,47.45000076293945,47.900001525878906,202797
4956,2026-09-18,40.25,42.599998474121094,39.400001525878906,42.599998474121094,23937717
4958,2026-09-18,486.0,491.0,472.0,473.0,29733954
4960,2026-09-18,23.0,23.850000381469727,21.399999618530273,22.899999618530273,19059728
4961,2026-09-18,184.0,184.0,179.5,183.5,1181516
4967,2026-09-18,274.0,277.0,272.5,277.0,4110668
4968,2026-09-18,92.30000305175781,93.30000305175781,91.5,92.0,340935
4976,2026-09-18,35.95000076293945,36.79999923706055,35.900001525878906,36.599998474121094,928903
4977,2026-09-18,175.0,178.0,172.0,175.0,3416339
4989,2026-09-18,60.900001525878906,61.79999923706055,60.29999923706055,61.0,1843992
4999,2026-09-18,17.950000762939453,17.950000762939453,17.700000762939453,17.899999618530273,41320
4994,2026-09-18,81.5999984741211,82.9000015258789,79.0999984741211,80.69999694824219,54010
5007,2026-09-18,55.599998474121094,55.599998474121094,55.5,55.599998474121094,25074
5203,2026-09-18,58.29999923706055,59.0,58.0,58.0,163244
5215,2026-09-18,37.650001525878906,38.29999923706055,37.650001525878906,37.95000076293945,13355
5222,2026-09-18,104.0,104.5,102.5,103.5,171287
5225,2026-09-18,54.70000076293945,55.20000076293945,54.5,55.099998474121094,94531
5236,2026-09-18,133.0,135.0,133.0,134.0,61783
5234,2026-09-18,307.0,307.0,291.5,296.0,186830
5243,2026-09-18,90.0999984741211,90.5,88.80000305175781,90.30000305175781,589707
5244,2026-09-18,35.95000076293945,36.900001525878906,35.75,36.900001525878906,476052
5258,2026-09-18,42.79999923706055,42.79999923706055,42.29999923706055,42.29999923706055,136979
5269,2026-09-18,1490.0,1505.0,1480.0,1495.0,725589
5283,2026-09-18,53.29999923706055,56.29999923706055,52.70000076293945,56.29999923706055,99168
5284,2026-09-18,297.0,299.0,294.5,297.0,85040
5285,2026-09-18,89.0999984741211,93.30000305175781,87.69999694824219,93.30000305175781,2845612
5288,2026-09-18,188.5,190.5,184.5,189.0,138905
5292,2026-09-18,216.5,220.0,216.5,220.0,48691
5306,2026-09-18,89.80000305175781,89.80000305175781,88.0999984741211,88.0999984741211,56890
5388,2026-09-18,74.5999984741211,74.5999984741211,73.19999694824219,73.5999984741211,1857373
5434,2026-09-18,535.0,545.0,532.0,540.0,814951
5469,2026-09-18,74.0999984741211,74.0999984741211,72.80000305175781,72.80000305175781,1579681
5471,2026-09-18,51.599998474121094,52.400001525878906,50.900001525878906,52.099998474121094,872204
5484,2026-09-18,39.79999923706055,39.900001525878906,39.349998474121094,39.349998474121094,105404
5515,2026-09-18,50.29999923706055,50.29999923706055,49.79999923706055,49.900001525878906,184052
5519,2026-09-18,26.299999237060547,27.200000762939453,25.850000381469727,26.350000381469727,461116
5521,2026-09-18,10.699999809265137,10.699999809265137,10.600000381469727,10.699999809265137,1159114
5522,2026-09-18,62.79999923706055,62.900001525878906,61.29999923706055,62.20000076293945,1270565
5525,2026-09-18,22.200000762939453,22.450000762939453,22.149999618530273,22.25,109037
5531,2026-09-18,7.389999866485596,7.480000019073486,6.909999847412109,6.909999847412109,8585820
5533,2026-09-18,14.0,14.25,14.0,14.149999618530273,330107
5534,2026-09-18,78.0999984741211,78.4000015258789,75.69999694824219,76.4000015258789,1631939
5538,2026-09-18,35.70000076293945,35.70000076293945,35.25,35.45000076293945,32002
5546,2026-09-18,14.300000190734863,14.75,14.199999809265137,14.75,27244
5607,2026-09-18,52.79999923706055,53.29999923706055,52.5,53.0,527283
5608,2026-09-18,16.899999618530273,17.049999237060547,16.700000762939453,16.899999618530273,2051184
5706,2026-09-18,43.849998474121094,44.20000076293945,43.79999923706055,44.20000076293945,74335
5876,2026-09-18,49.79999923706055,49.79999923706055,48.650001525878906,49.45000076293945,9843360
5871,2026-09-18,113.0,113.0,111.0,112.0,7994060
5880,2026-09-18,27.5,27.5,27.049999237060547,27.299999237060547,30628342
5906,2026-09-18,42.79999923706055,42.79999923706055,41.099998474121094,42.25,4015
5907,2026-09-18,4.900000095367432,4.909999847412109,4.769999980926514,4.840000152587891,671269
6005,2026-09-18,31.5,31.600000381469727,31.200000762939453,31.5,8563118
6024,2026-09-18,61.599998474121094,61.599998474121094,60.900001525878906,61.20000076293945,151181
6108,2026-09-18,24.200000762939453,24.549999237060547,23.700000762939453,24.100000381469727,1675598
6112,2026-09-18,48.79999923706055,53.099998474121094,48.5,52.099998474121094,8922289
6115,2026-09-18,44.04999923706055,45.400001525878906,43.900001525878906,45.400001525878906,133413
6116,2026-09-18,14.199999809265137,14.25,13.850000381469727,14.0,15935272
6117,2026-09-18,61.900001525878906,61.900001525878906,60.79999923706055,60.900001525878906,141028
6120,2026-09-18,12.449999809265137,12.5,12.199999809265137,12.350000381469727,2167090
6128,2026-09-18,19.100000381469727,19.450000762939453,19.100000381469727,19.450000762939453,36106
6133,2026-09-18,26.049999237060547,27.700000762939453,25.5,27.450000762939453,12588309
6136,2026-09-18,24.850000381469727,24.899999618530273,24.649999618530273,24.899999618530273,130291
6139,2026-09-18,706.0,734.0,706.0,733.0,3693380
6141,2026-09-18,50.0,50.79999923706055,49.04999923706055,49.849998474121094,1515587
6142,2026-09-18,9.0,9.0,8.84000015258789,8.84000015258789,254700
6152,2026-09-18,14.75,15.149999618530273,14.699999809265137,15.050000190734863,1231001
6153,2026-09-18,17.450000762939453,17.5,17.0,17.0,2156157
6155,2026-09-18,56.599998474121094,57.0,55.79999923706055,56.79999923706055,642156
6165,2026-09-18,48.45000076293945,50.29999923706055,48.45000076293945,50.29999923706055,517834
6164,2026-09-18,12.0,12.449999809265137,11.800000190734863,12.25,1334869
6166,2026-09-18,113.5,114.5,112.0,114.5,619795
6168,2026-09-18,37.150001525878906,38.849998474121094,35.849998474121094,38.849998474121094,32653419
6177,2026-09-18,50.0,50.400001525878906,47.95000076293945,48.349998474121094,3332854
6176,2026-09-18,93.5999984741211,96.0999984741211,93.4000015258789,96.0999984741211,3782091
6183,2026-09-18,90.9000015258789,91.5,90.0,91.4000015258789,21449
6184,2026-09-18,39.599998474121094,42.0,39.599998474121094,40.79999923706055,791944
6189,2026-09-18,47.5,48.150001525878906,47.04999923706055,48.150001525878906,345057
6191,2026-09-18,82.9000015258789,83.19999694824219,82.5,83.19999694824219,936837
6192,2026-09-18,110.5,111.5,110.5,111.5,65887
6196,2026-09-18,526.0,541.0,521.0,540.0,2083701
6197,2026-09-18,310.0,323.5,309.0,320.5,3863714
6201,2026-09-18,44.79999923706055,48.95000076293945,44.79999923706055,46.400001525878906,80675
6202,2026-09-18,55.099998474121094,56.79999923706055,54.70000076293945,55.79999923706055,1197909
6205,2026-09-18,64.80000305175781,64.80000305175781,63.70000076293945,63.70000076293945,238614
6206,2026-09-18,142.0,142.0,138.0,138.5,885412
6209,2026-09-18,78.30000305175781,80.4000015258789,78.30000305175781,80.4000015258789,6145546
6213,2026-09-18,503.0,525.0,501.0,505.0,22149894
6214,2026-09-18,193.5,194.5,192.0,194.5,1562212
6215,2026-09-18,99.5999984741211,99.69999694824219,97.5,98.69999694824219,261369
6216,2026-09-18,19.549999237060547,19.549999237060547,19.299999237060547,19.299999237060547,92651
6224,2026-09-18,88.80000305175781,90.0,87.0,89.19999694824219,1291460
6225,2026-09-18,62.79999923706055,62.79999923706055,60.0,60.0,116964
6226,2026-09-18,44.04999923706055,48.0,42.29999923706055,45.70000076293945,127720501
6230,2026-09-18,113.5,113.5,111.5,113.0,49807
6235,2026-09-18,38.20000076293945,38.20000076293945,37.70000076293945,37.70000076293945,318333
6239,2026-09-18,280.0,285.0,278.0,284.0,20288570
6243,2026-09-18,37.95000076293945,38.20000076293945,37.400001525878906,38.099998474121094,231356
6257,2026-09-18,231.0,244.5,227.5,244.5,36521002
6269,2026-09-18,64.5,65.0,63.0,64.0999984741211,4065086
6271,2026-09-18,229.5,231.0,225.0,229.5,3288686
6272,2026-09-18,27.200000762939453,27.450000762939453,26.549999237060547,26.950000762939453,425089
6277,2026-09-18,78.5,79.0,78.0999984741211,78.9000015258789,120414
6278,2026-09-18,187.0,196.0,186.0,196.0,3899723
6281,2026-09-18,51.0,51.5,50.900001525878906,51.099998474121094,53586
6282,2026-09-18,43.25,43.5,42.849998474121094,42.849998474121094,2823327
6283,2026-09-18,17.950000762939453,18.649999618530273,17.899999618530273,18.5,170888
6285,2026-09-18,229.0,230.5,227.0,227.5,4298378
6405,2026-09-18,41.75,42.150001525878906,40.0,40.599998474121094,1247803
6409,2026-09-18,892.0,930.0,888.0,908.0,669048
6412,2026-09-18,74.5999984741211,74.5999984741211,74.0,74.0,614254
6414,2026-09-18,373.0,376.5,372.5,372.5,694228
6415,2026-09-18,419.0,437.5,414.5,437.5,3818429
6416,2026-09-18,119.5,121.0,117.5,120.0,907226
6426,2026-09-18,381.5,385.0,365.0,373.5,7264889
6431,2026-09-18,17.200000762939453,17.600000381469727,16.950000762939453,17.049999237060547,153322
6438,2026-09-18,147.0,149.5,146.5,148.5,228157
6442,2026-09-18,1545.0,1575.0,1510.0,1575.0,1878197
6443,2026-09-18,24.0,25.600000381469727,23.799999237060547,25.5,9935028
6446,2026-09-18,1205.0,1215.0,1180.0,1180.0,12656891
6449,2026-09-18,216.0,218.0,213.5,217.0,448629
6451,2026-09-18,427.5,443.5,421.0,443.5,4019630
6456,2026-09-18,65.0999984741211,65.9000015258789,64.19999694824219,65.4000015258789,1444475
6472,2026-09-18,426.0,448.0,423.0,444.5,1687340
6477,2026-09-18,34.45000076293945,34.79999923706055,33.900001525878906,34.349998474121094,516965
6491,2026-09-18,401.0,401.0,391.0,396.0,296221
6504,2026-09-18,37.45000076293945,37.45000076293945,36.95000076293945,37.20000076293945,22250
6505,2026-09-18,85.19999694824219,86.5,84.0999984741211,86.5,22183128
6515,2026-09-18,6255.0,6475.0,6210.0,6435.0,417753
6525,2026-09-18,131.0,136.0,130.5,135.5,1179743
6526,2026-09-18,643.0,691.0,640.0,691.0,2750138
6531,2026-09-18,940.0,969.0,939.0,968.0,2581052
6533,2026-09-18,255.0,276.0,250.0,270.5,4597849
6541,2026-09-18,31.5,33.5,31.5,32.5,965863
6552,2026-09-18,24.200000762939453,24.350000381469727,23.899999618530273,24.200000762939453,54968
6558,2026-09-18,23.950000762939453,24.0,23.549999237060547,23.899999618530273,131669
6573,2026-09-18,16.5,16.850000381469727,16.399999618530273,16.600000381469727,104729
6579,2026-09-18,153.0,153.0,151.0,152.0,245835
6581,2026-09-18,110.0,110.5,109.5,109.5,12000
6582,2026-09-18,31.299999237060547,31.5,31.049999237060547,31.5,80072
6585,2026-09-18,105.5,105.5,105.0,105.5,39622
6589,2026-09-18,51.20000076293945,52.70000076293945,50.20000076293945,52.70000076293945,1469455
6591,2026-09-18,42.5,43.900001525878906,42.5,43.900001525878906,91125
6592,2026-09-18,59.79999923706055,59.79999923706055,58.79999923706055,58.79999923706055,874807
6598,2026-09-18,27.700000762939453,28.799999237060547,27.700000762939453,28.549999237060547,139529
6605,2026-09-18,136.5,140.0,135.5,139.0,504691
6606,2026-09-18,25.200000762939453,25.549999237060547,25.0,25.549999237060547,43171
6614,2026-09-18,36.45000076293945,36.45000076293945,35.54999923706055,35.849998474121094,29332
6625,2026-09-18,75.0,75.5,74.19999694824219,75.0999984741211,40717
6655,2026-09-18,126.0,128.5,121.0,123.0,37040
6657,2026-09-18,34.5,34.5,33.650001525878906,33.650001525878906,186079
6658,2026-09-18,171.5,174.5,170.5,174.5,143291
6666,2026-09-18,45.400001525878906,45.400001525878906,44.400001525878906,44.849998474121094,16355
6668,2026-09-18,45.900001525878906,49.25,44.400001525878906,49.25,8868644
6669,2026-09-18,2195.0,2195.0,2115.0,2140.0,4248107
6670,2026-09-18,275.0,275.5,272.5,275.5,166665
6671,2026-09-18,22.950000762939453,23.049999237060547,22.950000762939453,23.049999237060547,13000
6672,2026-09-18,299.5,309.5,297.0,302.0,5883062
6674,2026-09-18,15.699999809265137,15.800000190734863,15.449999809265137,15.800000190734863,16000
6689,2026-09-18,66.19999694824219,68.4000015258789,65.5,66.80000305175781,1046438
6691,2026-09-18,619.0,650.0,617.0,650.0,1187896
6695,2026-09-18,49.849998474121094,50.79999923706055,49.650001525878906,50.599998474121094,506997
6698,2026-09-18,32.650001525878906,32.650001525878906,31.950000762939453,32.349998474121094,86034
6706,2026-09-18,146.0,150.0,142.5,149.5,6089807
6715,2026-09-18,398.0,433.0,394.0,433.0,4206573
6719,2026-09-18,184.5,186.5,182.5,184.5,535975
6722,2026-09-18,32.349998474121094,33.0,32.099998474121094,32.900001525878906,26000
6742,2026-09-18,52.70000076293945,56.29999923706055,51.20000076293945,54.70000076293945,4053745
6743,2026-09-18,29.200000762939453,29.5,28.950000762939453,29.399999618530273,262413
6753,2026-09-18,133.5,135.5,133.5,134.5,255926
6756,2026-09-18,96.5999984741211,97.80000305175781,95.80000305175781,97.80000305175781,73010
6754,2026-09-18,42.0,42.099998474121094,41.29999923706055,41.849998474121094,20010
6757,2026-09-18,54.29999923706055,54.29999923706055,53.20000076293945,54.0,617350
6768,2026-09-18,62.5,62.900001525878906,62.5,62.900001525878906,157393
6770,2026-09-18,73.0,74.0,72.69999694824219,74.0,173843324
6776,2026-09-18,52.0,52.400001525878906,51.900001525878906,52.29999923706055,48479
6781,2026-09-18,1015.0,1020.0,1005.0,1010.0,353501
6782,2026-09-18,250.0,250.0,238.0,240.0,450516
6789,2026-09-18,447.0,462.5,437.0,459.5,1101955
6790,2026-09-18,37.79999923706055,37.95000076293945,37.79999923706055,37.79999923706055,108809
6792,2026-09-18,59.099998474121094,60.0,58.900001525878906,59.400001525878906,37096
6794,2026-09-18,76.9000015258789,77.0,74.0,75.5,22001
6796,2026-09-18,51.20000076293945,52.20000076293945,50.5,52.0,39943
6799,2026-09-18,81.4000015258789,85.0999984741211,81.4000015258789,84.0999984741211,359500
6805,2026-09-18,2195.0,2295.0,2155.0,2295.0,1513886
6830,2026-09-18,523.0,563.0,516.0,563.0,2576258
6831,2026-09-18,539.0,548.0,520.0,535.0,1920163
6834,2026-09-18,104.0,110.5,100.0,110.5,6717680
6835,2026-09-18,30.700000762939453,31.200000762939453,30.700000762939453,30.950000762939453,9010
6838,2026-09-18,24.200000762939453,24.600000381469727,23.649999618530273,23.649999618530273,140741
6861,2026-09-18,216.0,229.5,216.0,229.5,1450527
6862,2026-09-18,131.5,132.5,131.0,131.0,63749
6863,2026-09-18,94.5,97.4000015258789,94.5,94.5,136494
6869,2026-09-18,68.9000015258789,70.9000015258789,68.0,68.0999984741211,665013
6873,2026-09-18,70.69999694824219,70.69999694824219,68.69999694824219,70.0999984741211,279047
6885,2026-09-18,29.799999237060547,31.600000381469727,29.049999237060547,31.600000381469727,1904117
6887,2026-09-18,38.29999923706055,38.900001525878906,37.599998474121094,38.900001525878906,16000
6890,2026-09-18,148.0,149.5,147.0,149.0,225193
6901,2026-09-18,15.5,15.5,15.199999809265137,15.449999809265137,990232
6902,2026-09-18,131.5,141.0,131.5,141.0,911702
6906,2026-09-18,82.69999694824219,84.4000015258789,82.0999984741211,84.4000015258789,54416
6909,2026-09-18,42.20000076293945,42.20000076293945,41.400001525878906,42.150001525878906,227963
6914,2026-09-18,122.0,122.0,120.5,121.5,47461
6916,2026-09-18,18.149999618530273,18.799999237060547,18.149999618530273,18.549999237060547,13000
6918,2026-09-18,75.0,75.30000305175781,75.0,75.19999694824219,4002
6919,2026-09-18,83.9000015258789,86.0,83.30000305175781,85.80000305175781,6131038
6923,2026-09-18,76.4000015258789,78.9000015258789,75.5,76.9000015258789,305560
6928,2026-09-18,46.900001525878906,47.29999923706055,46.5,47.150001525878906,27309
6931,2026-09-18,39.29999923706055,39.599998474121094,39.099998474121094,39.20000076293945,54099
6933,2026-09-18,355.0,360.5,332.0,342.0,3655749
6934,2026-09-18,77.4000015258789,82.0,76.0,76.80000305175781,183143
6936,2026-09-18,31.899999618530273,32.04999923706055,31.799999237060547,32.04999923706055,10422
6937,2026-09-18,299.0,305.0,293.0,303.5,733950
6944,2026-09-18,690.0,715.0,689.0,708.0,360522
6947,2026-09-18,67.19999694824219,67.69999694824219,67.0,67.69999694824219,146225
6952,2026-09-18,39.25,39.349998474121094,38.29999923706055,39.349998474121094,10495
6957,2026-09-18,274.5,279.0,267.5,270.5,342385
6958,2026-09-18,17.649999618530273,17.700000762939453,17.399999618530273,17.600000381469727,42239
6962,2026-09-18,31.149999618530273,31.299999237060547,30.850000381469727,30.899999618530273,1032957
6965,2026-09-18,70.80000305175781,71.0,70.19999694824219,71.0,16465
6994,2026-09-18,26.75,28.0,26.75,27.799999237060547,504775
7705,2026-09-18,29.950000762939453,30.399999618530273,29.850000381469727,30.100000381469727,51934
7711,2026-09-18,566.0,584.0,561.0,570.0,1808521
7721,2026-09-18,61.0,61.70000076293945,60.400001525878906,60.599998474121094,75565
7722,2026-09-18,265.5,267.0,262.5,262.5,41569
7736,2026-09-18,68.69999694824219,69.5,68.0999984741211,68.5999984741211,42205
7749,2026-09-18,359.0,360.5,356.0,360.5,121211
7750,2026-09-18,1935.0,1970.0,1915.0,1950.0,184403
7760,2026-09-18,32.79999923706055,33.25,32.79999923706055,32.79999923706055,17110
7765,2026-09-18,231.0,245.0,230.5,243.0,418192
7768,2026-09-18,266.5,286.0,264.0,286.0,102616
7769,2026-09-18,6225.0,6540.0,6140.0,6540.0,3180969
7780,2026-09-18,16.200000762939453,16.399999618530273,16.149999618530273,16.399999618530273,685299
7786,2026-09-18,119.0,120.5,119.0,120.0,153870
7788,2026-09-18,290.5,304.0,290.5,297.0,1428707
7791,2026-09-18,55.599998474121094,56.5,55.20000076293945,56.5,26461
7795,2026-09-18,495.0,506.0,483.5,487.0,1160408
7799,2026-09-18,513.0,524.0,488.0,504.0,2169137
7818,2026-09-18,60.099998474121094,60.099998474121094,59.70000076293945,60.0,35009
7822,2026-09-18,856.0,861.0,839.0,850.0,86194
7821,2026-09-18,39.0,39.099998474121094,38.45000076293945,39.099998474121094,106994
8011,2026-09-18,15.899999618530273,15.899999618530273,15.699999809265137,15.699999809265137,222124
8016,2026-09-18,282.0,282.0,277.5,281.0,597503
8021,2026-09-18,468.0,476.0,444.0,460.0,8279229
8028,2026-09-18,250.0,258.0,242.5,257.0,11259365
8033,2026-09-18,170.0,172.5,169.0,172.5,1579614
8039,2026-09-18,260.5,271.0,257.0,269.5,18837452
8045,2026-09-18,55.099998474121094,57.900001525878906,53.79999923706055,54.599998474121094,372784
8046,2026-09-18,1105.0,1120.0,1065.0,1100.0,10156130
8070,2026-09-18,50.599998474121094,50.70000076293945,49.900001525878906,50.70000076293945,1812103
8072,2026-09-18,27.0,28.600000381469727,26.899999618530273,27.799999237060547,891863
8081,2026-09-18,253.5,254.0,251.0,253.0,281779
8103,2026-09-18,127.0,130.5,122.5,129.5,19932875
8104,2026-09-18,30.399999618530273,31.700000762939453,30.100000381469727,31.0,1003797
8105,2026-09-18,14.649999618530273,14.800000190734863,14.600000381469727,14.800000190734863,1192355
8110,2026-09-18,44.5,47.400001525878906,44.5,47.400001525878906,15453276
8112,2026-09-18,83.5999984741211,83.9000015258789,82.9000015258789,83.0999984741211,4757360
8114,2026-09-18,180.0,180.0,177.5,179.0,302127
8131,2026-09-18,60.20000076293945,61.400001525878906,60.20000076293945,61.29999923706055,1948958
8150,2026-09-18,89.0,95.0999984741211,88.80000305175781,94.0,41307139
8163,2026-09-18,30.0,30.049999237060547,29.799999237060547,29.850000381469727,666651
8201,2026-09-18,11.800000190734863,12.350000381469727,11.75,12.050000190734863,52409
8210,2026-09-18,905.0,907.0,894.0,902.0,1069844
8213,2026-09-18,32.75,33.0,32.599998474121094,33.0,316571
8215,2026-09-18,27.299999237060547,28.299999237060547,26.299999237060547,27.350000381469727,6493171
8222,2026-09-18,35.099998474121094,35.54999923706055,34.900001525878906,35.54999923706055,210753
8249,2026-09-18,38.75,39.20000076293945,38.20000076293945,39.20000076293945,213875
8261,2026-09-18,172.5,177.0,169.5,177.0,4913591
8271,2026-09-18,208.0,209.0,204.5,205.5,1187194
8341,2026-09-18,74.5,75.30000305175781,74.4000015258789,75.30000305175781,153493
8367,2026-09-18,40.70000076293945,41.0,40.54999923706055,40.75,12998
8374,2026-09-18,78.30000305175781,78.30000305175781,77.0,77.0,141952
8404,2026-09-18,13.699999809265137,13.850000381469727,13.550000190734863,13.550000190734863,249762
8411,2026-09-18,12.600000381469727,12.649999618530273,12.5,12.600000381469727,99796
8422,2026-09-18,26.049999237060547,26.549999237060547,25.850000381469727,26.549999237060547,11496528
8429,2026-09-18,5.929999828338623,5.980000019073486,5.900000095367432,5.909999847412109,121398
8438,2026-09-18,69.5,69.5,67.80000305175781,68.5,77959
8442,2026-09-18,46.20000076293945,46.20000076293945,45.79999923706055,46.20000076293945,26433
8443,2026-09-18,11.149999618530273,11.199999809265137,11.100000381469727,11.199999809265137,21475
8454,2026-09-18,251.0,252.0,247.0,249.0,512395
8462,2026-09-18,161.5,162.5,160.0,162.0,24954
8463,2026-09-18,21.0,21.399999618530273,21.0,21.299999237060547,30997
8464,2026-09-18,377.5,379.0,369.5,370.0,1091817
8466,2026-09-18,13.899999618530273,14.350000381469727,13.899999618530273,14.350000381469727,18102
8473,2026-09-18,38.54999923706055,38.75,38.349998474121094,38.75,283229
8476,2026-09-18,20.0,20.0,19.399999618530273,19.75,265321
8478,2026-09-18,144.5,144.5,141.5,141.5,87368
8482,2026-09-18,47.900001525878906,48.29999923706055,47.849998474121094,47.849998474121094,7000
8488,2026-09-18,9.8100004196167,10.399999618530273,9.800000190734863,10.199999809265137,53000
8499,2026-09-18,254.5,259.5,252.0,255.5,34567
8926,2026-09-18,59.0,59.79999923706055,58.79999923706055,59.79999923706055,3059942
8940,2026-09-18,14.949999809265137,15.149999618530273,14.850000381469727,15.100000381469727,26017
8996,2026-09-18,1350.0,1430.0,1330.0,1430.0,2470296
9802,2026-09-18,65.5,65.5999984741211,64.9000015258789,64.9000015258789,389390
9902,2026-09-18,13.399999618530273,13.449999809265137,13.25,13.399999618530273,118998
9904,2026-09-18,24.899999618530273,24.899999618530273,24.600000381469727,24.700000762939453,19240588
9905,2026-09-18,21.399999618530273,21.399999618530273,21.200000762939453,21.299999237060547,140090
9906,2026-09-18,41.25,41.349998474121094,41.25,41.349998474121094,268632
9907,2026-09-18,15.050000190734863,15.050000190734863,14.850000381469727,15.0,1740877
9908,2026-09-18,29.049999237060547,29.149999618530273,29.0,29.0,125072
9911,2026-09-18,82.0,82.0,81.5,82.0,220389
9910,2026-09-18,69.30000305175781,69.30000305175781,68.0999984741211,68.4000015258789,1553437
9914,2026-09-18,68.0999984741211,68.0999984741211,67.5,67.5999984741211,1141391
9912,2026-09-18,12.850000381469727,13.100000381469727,12.850000381469727,13.100000381469727,18867
9917,2026-09-18,106.5,108.5,106.0,108.5,727240
9919,2026-09-18,14.050000190734863,14.050000190734863,13.949999809265137,14.0,85273
9921,2026-09-18,90.0999984741211,91.0,89.19999694824219,90.80000305175781,4656788
9924,2026-09-18,38.0,38.599998474121094,37.900001525878906,38.0,125768
9925,2026-09-18,39.70000076293945,39.70000076293945,39.45000076293945,39.650001525878906,406383
9926,2026-09-18,49.29999923706055,49.400001525878906,49.29999923706055,49.349998474121094,8144
9927,2026-09-18,69.80000305175781,70.0,69.69999694824219,70.0,49361
9928,2026-09-18,17.5,17.649999618530273,17.5,17.600000381469727,67173
9929,2026-09-18,11.199999809265137,11.300000190734863,11.100000381469727,11.300000190734863,7000
9930,2026-09-18,61.0,61.5,60.70000076293945,61.29999923706055,108295
9931,2026-09-18,34.099998474121094,34.099998474121094,33.79999923706055,34.099998474121094,29103
9933,2026-09-18,42.849998474121094,42.849998474121094,41.79999923706055,42.29999923706055,3170093
9934,2026-09-18,9.899999618530273,9.930000305175781,9.8100004196167,9.8100004196167,451961
9935,2026-09-18,18.149999618530273,18.350000381469727,18.100000381469727,18.25,299462
9937,2026-09-18,54.0,54.599998474121094,54.0,54.5,25005
9938,2026-09-18,38.04999923706055,38.20000076293945,37.70000076293945,37.70000076293945,1438052
9939,2026-09-18,126.5,127.0,125.5,127.0,638130
9940,2026-09-18,21.299999237060547,21.399999618530273,20.450000762939453,20.75,1246500
9941,2026-09-18,80.80000305175781,80.80000305175781,79.80000305175781,79.80000305175781,1374799
9942,2026-09-18,114.0,115.0,114.0,115.0,90308
9943,2026-09-18,50.79999923706055,51.20000076293945,50.400001525878906,50.400001525878906,110065
9944,2026-09-18,17.25,17.399999618530273,17.25,17.350000381469727,30633
9945,2026-09-18,29.649999618530273,29.649999618530273,28.700000762939453,28.950000762939453,11538391
9946,2026-09-18,18.0,18.25,16.700000762939453,16.700000762939453,1083958
9955,2026-09-18,23.700000762939453,23.700000762939453,23.399999618530273,23.5,100816
2254,2026-09-18,75.19999694824219,76.80000305175781,74.69999694824219,76.80000305175781,1697736
9958,2026-09-18,92.19999694824219,94.0,91.0999984741211,94.0,2648587
2258,2026-09-18,31.100000381469727,31.75,30.700000762939453,31.75,523668
2432,2026-09-18,27.450000762939453,27.549999237060547,27.149999618530273,27.450000762939453,17000
3150,2026-09-18,15.050000190734863,15.25,15.0,15.25,28000
4195,2026-09-18,13.100000381469727,13.25,13.100000381469727,13.149999618530273,56396
4582,2026-09-18,22.200000762939453,22.450000762939453,22.200000762939453,22.450000762939453,18560
4590,2026-09-18,90.69999694824219,91.0,89.5999984741211,91.0,175302
6534,2026-09-18,90.9000015258789,90.9000015258789,89.4000015258789,89.4000015258789,60011
6645,2026-09-18,12.550000190734863,12.600000381469727,12.5,12.600000381469727,47359
6771,2026-09-18,42.54999923706055,42.79999923706055,42.400001525878906,42.400001525878906,12000
6854,2026-09-18,91.0,94.5999984741211,90.5999984741211,93.5999984741211,328461
6908,2026-09-18,30.0,30.299999237060547,30.0,30.0,15000
6924,2026-09-18,132.5,136.0,132.5,134.5,26110
6949,2026-09-18,54.5,58.5,53.20000076293945,54.5,8249761
6951,2026-09-18,70.0999984741211,70.0999984741211,69.69999694824219,69.9000015258789,15210
6955,2026-09-18,95.0,96.0,95.0,95.0,6010
6988,2026-09-18,12.050000190734863,12.050000190734863,11.800000190734863,12.0,54000
6969,2026-09-18,32.650001525878906,34.5,32.650001525878906,33.20000076293945,44130
7610,2026-09-18,1820.0,1945.0,1765.0,1945.0,2602557
7631,2026-09-18,139.5,139.5,136.5,138.0,95706
7730,2026-09-18,175.5,177.5,173.5,175.0,75610
7740,2026-09-18,122.0,127.0,121.0,124.5,271275
7803,2026-09-18,18.799999237060547,19.299999237060547,18.799999237060547,18.899999618530273,76902
7823,2026-09-18,81.5,82.0999984741211,81.0,81.0,36006
7827,2026-09-18,151.5,162.5,150.5,162.0,467822
7835,2026-09-18,21.0,21.200000762939453,20.649999618530273,21.200000762939453,22557
8162,2026-09-18,60.20000076293945,61.099998474121094,59.5,61.0,111391
0050,2026-09-18,109.5999984741211,109.94999694824219,108.8499984741211,109.8499984741211,86346476
0051,2026-09-18,145.14999389648438,146.14999389648438,144.8000030517578,145.6999969482422,68754
0052,2026-09-18,63.54999923706055,63.849998474121094,63.20000076293945,63.79999923706055,16524893
0053,2026-09-18,244.14999389648438,246.8000030517578,244.14999389648438,246.8000030517578,91790
0055,2026-09-18,51.400001525878906,51.400001525878906,49.45000076293945,50.150001525878906,1765234
0056,2026-09-18,57.0,57.099998474121094,56.349998474121094,56.849998474121094,19109009
0057,2026-09-18,325.8500061035156,327.1499938964844,323.6499938964844,325.6499938964844,44701
0061,2026-09-18,23.989999771118164,24.1299991607666,23.889999389648438,24.1299991607666,81817
9103,2026-09-18,5.0,5.0,4.949999809265137,4.989999771118164,463884
9105,2026-09-18,8.479999542236328,8.510000228881836,8.350000381469727,8.369999885559082,12609212
9110,2026-09-18,2.990000009536743,3.0,2.990000009536743,3.0,2495
9136,2026-09-18,9.59000015258789,9.779999732971191,9.550000190734863,9.699999809265137,230000
1259,2026-09-18,64.5,68.0,63.599998474121094,68.0,90798
1264,2026-09-18,244.0,246.0,244.0,244.0,16544
1268,2026-09-18,172.5,174.0,172.5,174.0,26492
1295,2026-09-18,44.650001525878906,45.70000076293945,44.04999923706055,44.45000076293945,35403
1565,2026-09-18,97.5,98.0,95.5,98.0,240320
1336,2026-09-18,17.149999618530273,17.350000381469727,16.700000762939453,17.350000381469727,346071
1569,2026-09-18,52.0,57.0,52.0,55.5,5190466
1570,2026-09-18,32.20000076293945,32.5,32.0,32.29999923706055,45068
1584,2026-09-18,18.299999237060547,18.5,18.200000762939453,18.200000762939453,554543
1580,2026-09-18,96.5,98.4000015258789,96.0,98.4000015258789,143107
1586,2026-09-18,18.0,18.049999237060547,17.850000381469727,18.0,315687
1591,2026-09-18,39.099998474121094,42.900001525878906,39.099998474121094,41.70000076293945,558185
1593,2026-09-18,31.700000762939453,32.099998474121094,31.700000762939453,31.899999618530273,28747
1595,2026-09-18,66.0,67.5,64.80000305175781,65.69999694824219,250197
1599,2026-09-18,23.149999618530273,23.149999618530273,23.100000381469727,23.100000381469727,11852
1742,2026-09-18,17.850000381469727,17.850000381469727,17.450000762939453,17.549999237060547,46001
1780,2026-09-18,25.149999618530273,25.350000381469727,24.799999237060547,25.149999618530273,53000
1777,2026-09-18,73.5,74.30000305175781,73.30000305175781,74.30000305175781,38500
1781,2026-09-18,9.949999809265137,10.149999618530273,9.920000076293945,10.149999618530273,22288
1784,2026-09-18,58.70000076293945,59.0,58.0,58.0,61432
1785,2026-09-18,97.0999984741211,97.69999694824219,95.5,96.80000305175781,4088482
1788,2026-09-18,128.0,128.0,128.0,128.0,17030
1796,2026-09-18,29.799999237060547,29.799999237060547,29.5,29.600000381469727,11002
1799,2026-09-18,28.450000762939453,29.399999618530273,28.399999618530273,28.850000381469727,116569
2035,2026-09-18,27.0,27.0,27.0,27.0,1175
1815,2026-09-18,118.0,123.0,117.5,119.5,96673049
2061,2026-09-18,52.900001525878906,54.0,51.900001525878906,52.400001525878906,1972558
2065,2026-09-18,35.25,35.45000076293945,35.04999923706055,35.150001525878906,67056
2066,2026-09-18,53.79999923706055,53.79999923706055,52.29999923706055,52.70000076293945,73027
2067,2026-09-18,5.210000038146973,5.210000038146973,5.099999904632568,5.099999904632568,7130
2070,2026-09-18,62.099998474121094,62.400001525878906,61.5,61.599998474121094,76901
2221,2026-09-18,124.0,127.5,119.0,127.5,13591566
2596,2026-09-18,35.04999923706055,35.150001525878906,34.70000076293945,35.099998474121094,46523
2230,2026-09-18,21.950000762939453,22.0,21.399999618530273,21.399999618530273,221355
2640,2026-09-18,172.5,176.0,169.0,170.5,86903
2641,2026-09-18,17.649999618530273,17.649999618530273,17.5,17.549999237060547,1329480
2718,2026-09-18,40.70000076293945,40.70000076293945,40.150001525878906,40.70000076293945,15189
2719,2026-09-18,19.5,19.799999237060547,19.5,19.5,14200
2724,2026-09-18,10.75,11.649999618530273,10.75,11.649999618530273,41651
2726,2026-09-18,8.130000114440918,8.130000114440918,8.0,8.050000190734863,16000
2729,2026-09-18,156.0,157.0,155.5,156.5,64346
2732,2026-09-18,63.599998474121094,63.599998474121094,62.099998474121094,62.29999923706055,13680
2734,2026-09-18,14.550000190734863,14.75,14.5,14.5,31225
2736,2026-09-18,11.5,11.550000190734863,11.350000381469727,11.399999618530273,23701
2740,2026-09-18,31.5,31.5,31.5,31.5,1013
2743,2026-09-18,54.0,54.70000076293945,53.5,54.20000076293945,96311
2745,2026-09-18,84.5999984741211,84.5999984741211,84.0999984741211,84.5999984741211,42660
2752,2026-09-18,180.0,180.0,178.0,178.0,19235
2754,2026-09-18,69.0999984741211,69.9000015258789,68.9000015258789,68.9000015258789,23122
2756,2026-09-18,62.20000076293945,62.5,62.20000076293945,62.29999923706055,24317
2924,2026-09-18,17.950000762939453,17.950000762939453,17.950000762939453,17.950000762939453,1000
2916,2026-09-18,40.650001525878906,40.650001525878906,40.54999923706055,40.54999923706055,11268
2926,2026-09-18,30.0,30.0,29.549999237060547,30.0,21071
2941,2026-09-18,31.0,31.0,30.899999618530273,30.899999618530273,6000
3066,2026-09-18,28.549999237060547,30.75,27.5,29.899999618530273,7980380
3067,2026-09-18,17.0,17.0,16.450000762939453,16.899999618530273,3346
3071,2026-09-18,23.399999618530273,23.399999618530273,23.25,23.399999618530273,118814
3073,2026-09-18,20.899999618530273,20.899999618530273,20.0,20.549999237060547,53102
3078,2026-09-18,44.54999923706055,45.0,44.5,44.5,805742
3081,2026-09-18,2780.0,2915.0,2730.0,2880.0,3322537
3083,2026-09-18,22.0,22.5,21.899999618530273,22.399999618530273,55180
3085,2026-09-18,11.649999618530273,11.649999618530273,11.649999618530273,11.649999618530273,2426
3086,2026-09-18,29.399999618530273,29.399999618530273,28.899999618530273,28.899999618530273,73793
3088,2026-09-18,127.5,128.0,125.5,126.5,384614
3093,2026-09-18,44.25,45.04999923706055,44.20000076293945,44.75,146825
3095,2026-09-18,36.400001525878906,36.400001525878906,34.5,34.599998474121094,21226
3105,2026-09-18,487.5,502.0,467.0,500.0,44272828
3115,2026-09-18,8.430000305175781,8.430000305175781,7.78000020980835,7.989999771118164,55429
3114,2026-09-18,30.600000381469727,31.25,30.600000381469727,31.149999618530273,181816
3122,2026-09-18,24.5,24.5,24.200000762939453,24.299999237060547,14658
3128,2026-09-18,20.399999618530273,21.149999618530273,20.200000762939453,20.450000762939453,210036
3131,2026-09-18,2475.0,2475.0,2415.0,2445.0,220106
3141,2026-09-18,95.4000015258789,95.9000015258789,92.9000015258789,93.69999694824219,3318435
3147,2026-09-18,234.5,244.0,234.0,242.5,982775
3152,2026-09-18,222.5,224.0,220.0,224.0,66534
3158,2026-09-18,86.0,88.5,85.19999694824219,86.19999694824219,21182
3162,2026-09-18,73.19999694824219,77.80000305175781,73.19999694824219,76.9000015258789,2587019
3163,2026-09-18,656.0,673.0,652.0,665.0,1835232
3169,2026-09-18,102.5,104.0,102.0,103.5,80813
3171,2026-09-18,59.400001525878906,59.79999923706055,59.400001525878906,59.599998474121094,21390
3176,2026-09-18,40.0,40.0,38.20000076293945,38.20000076293945,1094204
3178,2026-09-18,64.0,69.0,63.599998474121094,69.0,1052791
3188,2026-09-18,24.649999618530273,24.950000762939453,23.950000762939453,24.0,243745
3191,2026-09-18,16.549999237060547,16.649999618530273,16.549999237060547,16.649999618530273,15021
3206,2026-09-18,34.75,35.29999923706055,34.75,35.0,43526
3207,2026-09-18,37.5,40.650001525878906,37.5,39.150001525878906,296595
3211,2026-09-18,368.0,369.0,361.5,368.0,1612753
3213,2026-09-18,125.0,125.0,123.5,124.5,78295
3218,2026-09-18,135.5,135.5,134.0,134.0,120928
3217,2026-09-18,128.5,130.5,128.0,130.5,243371
3219,2026-09-18,83.30000305175781,89.80000305175781,82.69999694824219,89.80000305175781,587554
3221,2026-09-18,47.75,48.0,47.04999923706055,47.5,608913
3224,2026-09-18,33.29999923706055,33.599998474121094,31.899999618530273,32.0,113119
3227,2026-09-18,184.0,186.0,182.5,186.0,609836
3226,2026-09-18,56.599998474121094,56.900001525878906,56.29999923706055,56.900001525878906,33020
3228,2026-09-18,165.5,168.5,164.5,167.0,174379
3230,2026-09-18,42.29999923706055,42.400001525878906,41.650001525878906,41.79999923706055,262277
3232,2026-09-18,21.100000381469727,21.399999618530273,21.049999237060547,21.149999618530273,31215
3234,2026-09-18,178.5,185.0,175.0,180.0,2698919
3236,2026-09-18,43.5,43.900001525878906,42.900001525878906,43.349998474121094,795679
3252,2026-09-18,15.300000190734863,15.350000381469727,15.25,15.300000190734863,62571
3259,2026-09-18,10.75,10.800000190734863,10.699999809265137,10.75,33861
3260,2026-09-18,399.5,401.5,395.0,396.5,6904759
3264,2026-09-18,251.0,268.5,250.5,268.5,29318025
3265,2026-09-18,173.0,182.0,171.5,180.0,2665340
3268,2026-09-18,18.100000381469727,18.700000762939453,18.100000381469727,18.5,75476
3272,2026-09-18,13.949999809265137,14.100000381469727,13.899999618530273,14.100000381469727,16990
3276,2026-09-18,13.800000190734863,13.949999809265137,13.800000190734863,13.949999809265137,20013
3284,2026-09-18,21.100000381469727,21.100000381469727,20.149999618530273,20.350000381469727,191328
3285,2026-09-18,40.0,41.0,40.0,40.75,11236
3287,2026-09-18,42.29999923706055,42.349998474121094,41.70000076293945,42.349998474121094,992534
3288,2026-09-18,20.049999237060547,20.450000762939453,19.649999618530273,20.200000762939453,27476
3289,2026-09-18,134.5,137.0,134.0,136.5,441667
3290,2026-09-18,46.79999923706055,47.099998474121094,46.20000076293945,46.29999923706055,455777
3293,2026-09-18,725.0,729.0,714.0,729.0,4149398
3294,2026-09-18,30.049999237060547,30.450000762939453,29.75,30.299999237060547,313499
3297,2026-09-18,30.75,33.099998474121094,30.25,33.099998474121094,1088806
3303,2026-09-18,48.599998474121094,49.099998474121094,48.25,49.099998474121094,199709
3306,2026-09-18,45.04999923706055,45.150001525878906,44.79999923706055,45.0,31620
3310,2026-09-18,69.0,69.0,68.80000305175781,68.80000305175781,3020
3313,2026-09-18,10.699999809265137,10.800000190734863,10.5,10.649999618530273,99004
3317,2026-09-18,55.900001525878906,56.20000076293945,55.20000076293945,56.20000076293945,366276
3322,2026-09-18,10.899999618530273,11.0,10.75,10.949999809265137,254466
3323,2026-09-18,27.75,27.75,27.149999618530273,27.200000762939453,206109
3324,2026-09-18,1480.0,1515.0,1420.0,1480.0,8384946
3325,2026-09-18,11.149999618530273,11.199999809265137,11.100000381469727,11.199999809265137,80373
3339,2026-09-18,44.900001525878906,46.900001525878906,44.5,45.349998474121094,3686419
3349,2026-09-18,19.549999237060547,20.0,19.549999237060547,20.0,33254
3357,2026-09-18,203.0,207.5,201.5,207.5,2763226
3354,2026-09-18,29.350000381469727,30.0,29.100000381469727,29.200000762939453,877182
3360,2026-09-18,14.649999618530273,14.800000190734863,14.550000190734863,14.800000190734863,233171
3362,2026-09-18,177.0,181.5,176.5,178.5,2688339
3372,2026-09-18,16.600000381469727,16.75,16.049999237060547,16.399999618530273,2214978
3363,2026-09-18,671.0,683.0,658.0,683.0,2633949
3373,2026-09-18,16.0,16.0,15.800000190734863,15.899999618530273,30872
3374,2026-09-18,440.0,444.5,418.5,444.5,13673153
3388,2026-09-18,81.0999984741211,81.80000305175781,81.0,81.5999984741211,212523
3379,2026-09-18,27.200000762939453,27.600000381469727,27.200000762939453,27.299999237060547,43616
3390,2026-09-18,22.0,22.25,21.75,22.200000762939453,124286
3402,2026-09-18,127.0,129.0,126.5,129.0,302738
3434,2026-09-18,31.200000762939453,33.20000076293945,31.0,32.599998474121094,605733
3430,2026-09-18,105.0,105.0,102.0,103.5,208295
3438,2026-09-18,62.5,63.900001525878906,62.099998474121094,63.20000076293945,75432
3441,2026-09-18,185.0,187.0,177.0,185.5,2904069
3444,2026-09-18,85.0999984741211,85.0999984741211,81.80000305175781,82.19999694824219,369045
3455,2026-09-18,255.0,256.0,243.0,255.5,2621398
3465,2026-09-18,29.0,29.25,29.0,29.25,9017
3466,2026-09-18,23.799999237060547,24.600000381469727,23.399999618530273,24.450000762939453,306447
3467,2026-09-18,76.0,77.4000015258789,73.4000015258789,77.4000015258789,1082372
3479,2026-09-18,131.5,132.5,129.5,131.5,423154
3483,2026-09-18,74.80000305175781,75.19999694824219,74.0999984741211,75.19999694824219,257757
3484,2026-09-18,46.150001525878906,46.75,45.599998474121094,46.75,145212
3485,2026-09-18,202.0,202.0,197.5,198.5,51763
3490,2026-09-18,45.349998474121094,45.75,43.849998474121094,44.349998474121094,4002883
3489,2026-09-18,22.299999237060547,23.25,22.149999618530273,22.25,84383
3491,2026-09-18,1515.0,1565.0,1475.0,1565.0,1621490
3498,2026-09-18,185.5,200.0,183.0,195.0,2499262
3499,2026-09-18,13.75,13.75,13.300000190734863,13.300000190734863,49812
3508,2026-09-18,21.700000762939453,23.75,21.649999618530273,23.75,672284
3511,2026-09-18,18.600000381469727,19.0,18.600000381469727,19.0,103385
3512,2026-09-18,19.100000381469727,19.450000762939453,19.0,19.149999618530273,101472
3516,2026-09-18,25.0,25.049999237060547,25.0,25.0,19839
3520,2026-09-18,17.299999237060547,17.600000381469727,17.299999237060547,17.5,46987
3521,2026-09-18,12.050000190734863,12.100000381469727,11.949999809265137,12.0,16413
3522,2026-09-18,13.300000190734863,13.350000381469727,13.100000381469727,13.300000190734863,160163
3523,2026-09-18,14.949999809265137,15.399999618530273,14.699999809265137,15.0,28228
3526,2026-09-18,266.0,271.0,266.0,271.0,193373
3527,2026-09-18,50.20000076293945,51.0,50.0,50.0,39325
3529,2026-09-18,2770.0,2890.0,2760.0,2845.0,1488708
3537,2026-09-18,53.29999923706055,53.5,52.79999923706055,53.29999923706055,151713
3540,2026-09-18,23.149999618530273,23.399999618530273,22.799999237060547,23.350000381469727,268102
3546,2026-09-18,71.9000015258789,74.0,71.9000015258789,74.0,116047
3541,2026-09-18,22.0,22.200000762939453,21.850000381469727,22.149999618530273,17031
3548,2026-09-18,79.5999984741211,80.5999984741211,78.5,80.5999984741211,157379
3551,2026-09-18,180.0,188.5,178.0,187.5,1479266
3552,2026-09-18,41.099998474121094,41.5,39.29999923706055,39.29999923706055,2886564
3555,2026-09-18,174.0,178.0,174.0,175.0,63471
3556,2026-09-18,57.400001525878906,57.70000076293945,56.900001525878906,57.599998474121094,155649
3558,2026-09-18,123.5,124.0,121.0,121.0,205400
3564,2026-09-18,49.04999923706055,51.0,48.04999923706055,49.849998474121094,340289
3567,2026-09-18,25.200000762939453,25.299999237060547,25.200000762939453,25.299999237060547,22502
3570,2026-09-18,170.0,172.0,169.5,170.5,58973
3577,2026-09-18,119.0,120.0,117.0,119.0,337744
3580,2026-09-18,95.30000305175781,97.5999984741211,94.0,96.80000305175781,1145494
3581,2026-09-18,98.19999694824219,103.0,96.30000305175781,102.0,329856
3587,2026-09-18,240.0,243.5,237.5,241.5,287459
3594,2026-09-18,46.70000076293945,47.29999923706055,46.20000076293945,46.75,362715
3597,2026-09-18,26.25,26.25,26.200000762939453,26.25,10190
3609,2026-09-18,21.850000381469727,22.299999237060547,21.600000381469727,21.899999618530273,146850
3611,2026-09-18,182.5,183.5,182.5,182.5,42668
3615,2026-09-18,36.29999923706055,37.5,36.25,36.900001525878906,963758
3623,2026-09-18,28.649999618530273,28.649999618530273,27.75,27.75,250436
3624,2026-09-18,122.0,126.5,117.0,126.0,17215144
3625,2026-09-18,11.600000381469727,11.800000190734863,11.399999618530273,11.5,92418
3628,2026-09-18,76.0,76.0,73.0,73.5,163343
3630,2026-09-18,26.0,26.100000381469727,25.850000381469727,25.850000381469727,451982
3631,2026-09-18,40.599998474121094,40.849998474121094,39.54999923706055,40.150001525878906,155484
3632,2026-09-18,7.199999809265137,7.199999809265137,7.079999923706055,7.079999923706055,12474
3646,2026-09-18,24.899999618530273,24.899999618530273,24.549999237060547,24.799999237060547,22155
3663,2026-09-18,62.099998474121094,62.099998474121094,60.29999923706055,61.20000076293945,370446
3666,2026-09-18,24.850000381469727,25.0,24.850000381469727,25.0,23031
3672,2026-09-18,11.649999618530273,12.050000190734863,11.649999618530273,12.050000190734863,3103
3675,2026-09-18,291.0,300.0,287.0,294.0,1479175
3680,2026-09-18,530.0,536.0,523.0,533.0,1482249
3684,2026-09-18,54.099998474121094,54.20000076293945,54.0,54.20000076293945,9670
3685,2026-09-18,35.70000076293945,36.150001525878906,35.349998474121094,35.900001525878906,631003
3687,2026-09-18,61.0,61.70000076293945,60.79999923706055,61.0,28341
3689,2026-09-18,109.5,110.0,108.5,109.5,416466
3691,2026-09-18,96.69999694824219,98.0999984741211,95.19999694824219,97.5,206760
3693,2026-09-18,717.0,721.0,693.0,704.0,1894931
3707,2026-09-18,62.599998474121094,63.29999923706055,62.0,62.900001525878906,2562905
3709,2026-09-18,63.5,63.599998474121094,62.79999923706055,63.400001525878906,165320
3713,2026-09-18,14.25,14.25,13.899999618530273,14.100000381469727,36253
4102,2026-09-18,18.899999618530273,19.0,18.549999237060547,18.799999237060547,29218
4105,2026-09-18,78.80000305175781,78.80000305175781,78.0999984741211,78.4000015258789,441467
4107,2026-09-18,112.0,112.0,111.5,112.0,30557
4109,2026-09-18,11.199999809265137,11.25,11.149999618530273,11.25,56222
4111,2026-09-18,28.799999237060547,28.899999618530273,28.799999237060547,28.799999237060547,15368
4113,2026-09-18,17.350000381469727,17.350000381469727,15.449999809265137,15.449999809265137,662686
4114,2026-09-18,29.700000762939453,29.799999237060547,29.5,29.799999237060547,825811
4116,2026-09-18,39.400001525878906,39.54999923706055,39.400001525878906,39.400001525878906,16300
4121,2026-09-18,12.699999809265137,12.850000381469727,12.699999809265137,12.75,15205
4123,2026-09-18,30.799999237060547,30.899999618530273,30.450000762939453,30.899999618530273,1484998
4126,2026-09-18,77.80000305175781,78.0999984741211,77.69999694824219,77.69999694824219,73283
4127,2026-09-18,60.400001525878906,61.400001525878906,59.599998474121094,61.400001525878906,122044
4128,2026-09-18,14.699999809265137,14.699999809265137,14.149999618530273,14.600000381469727,4190905
4129,2026-09-18,82.4000015258789,83.0,82.0,83.0,143750
4131,2026-09-18,31.5,31.5,30.0,31.399999618530273,14257
4138,2026-09-18,53.900001525878906,54.0,53.70000076293945,53.900001525878906,6086
4139,2026-09-18,41.95000076293945,42.349998474121094,41.099998474121094,42.0,36001
4147,2026-09-18,62.400001525878906,62.900001525878906,61.20000076293945,62.900001525878906,1154958
4154,2026-09-18,11.25,11.649999618530273,11.25,11.649999618530273,58260
4157,2026-09-18,9.09000015258789,9.100000381469727,8.989999771118164,9.0600004196167,726083
4160,2026-09-18,39.04999923706055,39.150001525878906,38.95000076293945,39.150001525878906,6002
4161,2026-09-18,22.25,22.25,22.200000762939453,22.25,22642
4162,2026-09-18,55.900001525878906,55.900001525878906,55.099998474121094,55.599998474121094,203613
4163,2026-09-18,133.5,133.5,132.0,132.5,20269
4166,2026-09-18,24.700000762939453,24.700000762939453,24.299999237060547,24.5,50000
4167,2026-09-18,19.450000762939453,19.649999618530273,19.200000762939453,19.649999618530273,993018
4168,2026-09-18,21.799999237060547,22.0,21.5,21.950000762939453,108978
4171,2026-09-18,16.299999237060547,16.5,16.299999237060547,16.450000762939453,26747
4173,2026-09-18,17.149999618530273,17.350000381469727,17.149999618530273,17.350000381469727,35505
4174,2026-09-18,27.549999237060547,29.299999237060547,27.200000762939453,27.200000762939453,3243604
4188,2026-09-18,13.5,14.5,13.5,14.0,97779
4192,2026-09-18,17.950000762939453,18.299999237060547,17.950000762939453,18.299999237060547,7056
4198,2026-09-18,49.45000076293945,49.45000076293945,49.45000076293945,49.45000076293945,1800
4205,2026-09-18,68.9000015258789,68.9000015258789,68.80000305175781,68.80000305175781,25231
4207,2026-09-18,19.5,19.5,19.299999237060547,19.399999618530273,133294
4303,2026-09-18,35.099998474121094,36.04999923706055,35.04999923706055,35.70000076293945,778072
4304,2026-09-18,17.25,17.25,17.25,17.25,122888
4402,2026-09-18,14.449999809265137,14.699999809265137,14.050000190734863,14.050000190734863,61007
4401,2026-09-18,14.100000381469727,14.100000381469727,13.649999618530273,14.100000381469727,112922
4406,2026-09-18,10.149999618530273,10.25,10.149999618530273,10.199999809265137,17030
4416,2026-09-18,11.25,12.149999618530273,11.149999618530273,12.149999618530273,4534672
4417,2026-09-18,50.099998474121094,50.5,49.75,50.20000076293945,150242
4419,2026-09-18,45.650001525878906,46.79999923706055,44.70000076293945,45.95000076293945,33405
4420,2026-09-18,36.0,36.25,35.650001525878906,36.099998474121094,38716
4430,2026-09-18,17.25,17.5,17.200000762939453,17.25,14629
4433,2026-09-18,18.149999618530273,18.149999618530273,17.950000762939453,18.100000381469727,84853
4442,2026-09-18,55.0,55.400001525878906,54.5,54.5,28801
4502,2026-09-18,15.649999618530273,15.75,15.600000381469727,15.75,14100
4503,2026-09-18,23.299999237060547,23.799999237060547,22.799999237060547,23.149999618530273,190237
4506,2026-09-18,120.0,120.0,119.0,119.5,51871
4510,2026-09-18,44.54999923706055,44.54999923706055,43.75,44.45000076293945,609028
4513,2026-09-18,16.450000762939453,16.899999618530273,16.100000381469727,16.200000762939453,438254
4523,2026-09-18,23.75,24.850000381469727,23.75,24.75,127286
4527,2026-09-18,40.70000076293945,40.75,40.70000076293945,40.70000076293945,13301
4528,2026-09-18,14.850000381469727,15.0,14.75,14.850000381469727,52455
4529,2026-09-18,3.4600000381469727,3.4600000381469727,3.440000057220459,3.440000057220459,20011
4533,2026-09-18,24.549999237060547,25.299999237060547,24.549999237060547,25.299999237060547,527619
4534,2026-09-18,28.5,30.149999618530273,28.5,29.350000381469727,693717
4538,2026-09-18,17.100000381469727,17.549999237060547,17.100000381469727,17.25,24000
4541,2026-09-18,57.900001525878906,62.5,57.900001525878906,62.0,1859747
4542,2026-09-18,291.0,298.0,275.0,275.0,1051507
4543,2026-09-18,28.5,28.600000381469727,28.100000381469727,28.600000381469727,59700
4549,2026-09-18,95.5999984741211,97.0,95.5,97.0,24092
4550,2026-09-18,24.100000381469727,24.200000762939453,24.100000381469727,24.200000762939453,4060
4554,2026-09-18,28.649999618530273,28.799999237060547,28.450000762939453,28.450000762939453,6261
4556,2026-09-18,84.4000015258789,88.30000305175781,82.5999984741211,83.19999694824219,594832
4558,2026-09-18,17.649999618530273,17.75,17.649999618530273,17.75,4000
4561,2026-09-18,41.04999923706055,41.29999923706055,40.29999923706055,41.099998474121094,81959
4563,2026-09-18,46.20000076293945,47.5,46.20000076293945,47.0,183433
4568,2026-09-18,39.599998474121094,39.599998474121094,39.599998474121094,39.599998474121094,1000
4577,2026-09-18,84.30000305175781,87.4000015258789,84.30000305175781,86.9000015258789,262057
4580,2026-09-18,81.30000305175781,81.5,81.0,81.30000305175781,33403
4609,2026-09-18,4.239999771118164,4.239999771118164,4.239999771118164,4.239999771118164,7000
4702,2026-09-18,9.34000015258789,9.380000114440918,9.319999694824219,9.380000114440918,60792
4706,2026-09-18,34.0,34.0,33.5,33.5,5350
4707,2026-09-18,27.0,28.25,27.0,28.0,1495249
4711,2026-09-18,16.5,16.549999237060547,16.450000762939453,16.450000762939453,26129
4714,2026-09-18,11.75,12.449999809265137,11.5,12.100000381469727,4026117
4716,2026-09-18,17.100000381469727,17.149999618530273,16.700000762939453,17.0,468831
4721,2026-09-18,74.0,74.0,72.69999694824219,74.0,295603
4726,2026-09-18,22.600000381469727,23.100000381469727,22.5,23.0,148366
4728,2026-09-18,390.5,406.0,390.0,406.0,24004
4729,2026-09-18,18.649999618530273,18.850000381469727,18.549999237060547,18.850000381469727,73300
4735,2026-09-18,35.849998474121094,36.099998474121094,35.849998474121094,35.95000076293945,37185
4741,2026-09-18,39.400001525878906,39.400001525878906,37.900001525878906,38.349998474121094,44533
4743,2026-09-18,44.650001525878906,44.95000076293945,43.900001525878906,44.0,1350803
4744,2026-09-18,30.399999618530273,30.399999618530273,29.549999237060547,29.600000381469727,87177
4745,2026-09-18,11.649999618530273,11.75,11.550000190734863,11.75,14025
4747,2026-09-18,24.049999237060547,24.299999237060547,24.049999237060547,24.049999237060547,19454
4749,2026-09-18,750.0,760.0,730.0,741.0,784592
4754,2026-09-18,37.400001525878906,37.45000076293945,37.20000076293945,37.45000076293945,18080
4760,2026-09-18,261.0,266.0,260.0,265.5,241644
4767,2026-09-18,28.299999237060547,28.299999237060547,28.0,28.0,3039
4768,2026-09-18,317.0,323.5,314.0,315.0,386051
4772,2026-09-18,244.5,250.0,239.5,250.0,558299
4806,2026-09-18,9.430000305175781,9.430000305175781,9.34000015258789,9.34000015258789,4650
4903,2026-09-18,34.599998474121094,37.599998474121094,34.29999923706055,37.599998474121094,2313539
4905,2026-09-18,77.0,79.19999694824219,77.0,78.4000015258789,14245
4907,2026-09-18,47.0,47.0,44.54999923706055,45.5,182176
4908,2026-09-18,240.0,248.5,232.5,243.5,7712458
4909,2026-09-18,34.5,35.29999923706055,34.150001525878906,35.29999923706055,274720
4923,2026-09-18,55.79999923706055,60.79999923706055,55.79999923706055,60.79999923706055,1873618
4911,2026-09-18,28.549999237060547,29.0,28.5,29.0,13694
4924,2026-09-18,13.800000190734863,15.649999618530273,13.800000190734863,15.5,583475
4931,2026-09-18,236.0,239.5,234.5,237.5,2278546
4933,2026-09-18,52.29999923706055,52.400001525878906,51.5,52.0,50838
4939,2026-09-18,78.5,79.30000305175781,77.19999694824219,78.30000305175781,4450719
4946,2026-09-18,89.80000305175781,91.9000015258789,89.80000305175781,90.0999984741211,9501
4950,2026-09-18,15.600000381469727,16.0,15.600000381469727,16.0,15908
4951,2026-09-18,83.0,90.69999694824219,82.9000015258789,90.69999694824219,794686
4953,2026-09-18,120.0,123.0,119.5,123.0,306846
4966,2026-09-18,560.0,568.0,553.0,568.0,823895
4971,2026-09-18,566.0,592.0,558.0,592.0,2176954
4972,2026-09-18,16.25,16.299999237060547,16.149999618530273,16.299999237060547,30133
4973,2026-09-18,140.0,141.5,138.5,139.5,554774
4974,2026-09-18,70.5999984741211,71.80000305175781,70.5999984741211,71.80000305175781,109002
4979,2026-09-18,578.0,611.0,571.0,611.0,10006571
4991,2026-09-18,450.5,474.0,450.5,474.0,7536419
4995,2026-09-18,50.5,51.099998474121094,50.29999923706055,51.099998474121094,26399
5009,2026-09-18,32.54999923706055,32.54999923706055,32.0,32.0,1736309
5011,2026-09-18,18.450000762939453,18.450000762939453,17.850000381469727,18.049999237060547,212444
5013,2026-09-18,29.200000762939453,29.399999618530273,29.200000762939453,29.200000762939453,21145
5014,2026-09-18,9.8100004196167,9.970000267028809,9.770000457763672,9.880000114440918,82218
5015,2026-09-18,21.350000381469727,21.700000762939453,21.299999237060547,21.700000762939453,16748
5016,2026-09-18,24.5,24.700000762939453,24.5,24.649999618530273,9500
5201,2026-09-18,29.450000762939453,29.450000762939453,28.399999618530273,28.799999237060547,15006
5202,2026-09-18,13.899999618530273,15.399999618530273,13.899999618530273,15.399999618530273,4922041
5206,2026-09-18,22.799999237060547,23.200000762939453,22.25,22.299999237060547,552026
5209,2026-09-18,177.0,177.0,173.5,174.5,92430
5210,2026-09-18,29.049999237060547,30.399999618530273,29.049999237060547,29.299999237060547,635402
5211,2026-09-18,20.5,20.600000381469727,20.450000762939453,20.549999237060547,29366
5212,2026-09-18,47.400001525878906,48.650001525878906,47.400001525878906,48.599998474121094,36972
5213,2026-09-18,21.100000381469727,21.25,20.299999237060547,20.299999237060547,600920
5223,2026-09-18,22.899999618530273,23.100000381469727,22.899999618530273,23.049999237060547,5096
5220,2026-09-18,19.75,19.75,19.649999618530273,19.75,14000
5227,2026-09-18,32.75,32.75,31.5,31.600000381469727,320410
5228,2026-09-18,39.70000076293945,40.79999923706055,39.400001525878906,40.349998474121094,188579
5230,2026-09-18,19.299999237060547,20.549999237060547,18.850000381469727,20.549999237060547,2565479
5245,2026-09-18,21.299999237060547,21.299999237060547,20.600000381469727,20.700000762939453,70388
5251,2026-09-18,30.25,32.599998474121094,29.700000762939453,31.700000762939453,1429254
5263,2026-09-18,89.9000015258789,92.30000305175781,89.5999984741211,89.9000015258789,157198
5272,2026-09-18,16.75,16.799999237060547,16.549999237060547,16.799999237060547,30108
5274,2026-09-18,18890.0,19500.0,18870.0,19290.0,258325
5276,2026-09-18,18.850000381469727,18.850000381469727,17.799999237060547,18.5,3000
5287,2026-09-18,136.5,139.0,136.5,139.0,186334
5289,2026-09-18,1290.0,1315.0,1280.0,1315.0,1271141
5278,2026-09-18,23.799999237060547,23.950000762939453,23.549999237060547,23.850000381469727,31178
5291,2026-09-18,58.900001525878906,59.29999923706055,58.29999923706055,58.29999923706055,241716
5301,2026-09-18,5.079999923706055,5.25,5.079999923706055,5.170000076293945,7005
5299,2026-09-18,95.0,96.69999694824219,94.5999984741211,96.69999694824219,181668
5302,2026-09-18,9.770000457763672,9.819999694824219,9.699999809265137,9.75,137842
5309,2026-09-18,51.099998474121094,51.5,50.599998474121094,51.5,848470
5310,2026-09-18,25.0,25.0,24.799999237060547,24.799999237060547,17001
5314,2026-09-18,28.850000381469727,30.5,28.799999237060547,30.5,124189409
5312,2026-09-18,90.0,91.19999694824219,90.0,91.0,13236
5315,2026-09-18,18.850000381469727,18.850000381469727,18.549999237060547,18.75,129894
5321,2026-09-18,70.5999984741211,73.69999694824219,70.30000305175781,72.0,363036
5324,2026-09-18,12.25,12.350000381469727,12.199999809265137,12.300000190734863,114217
5328,2026-09-18,53.400001525878906,53.5,52.29999923706055,53.099998474121094,1704995
5340,2026-09-18,82.69999694824219,86.19999694824219,82.5999984741211,83.0999984741211,3650743
5344,2026-09-18,13.199999809265137,13.199999809265137,12.800000190734863,13.050000190734863,132000
5345,2026-09-18,21.149999618530273,22.100000381469727,21.149999618530273,22.100000381469727,3184
5347,2026-09-18,169.0,174.0,167.0,172.0,32376510
5348,2026-09-18,16.450000762939453,16.5,15.949999809265137,16.399999618530273,6002
5351,2026-09-18,109.0,114.0,108.0,113.5,10729259
5353,2026-09-18,27.75,27.799999237060547,27.5,27.600000381469727,57100
5355,2026-09-18,6.929999828338623,6.989999771118164,6.820000171661377,6.989999771118164,124389
5356,2026-09-18,25.799999237060547,26.0,25.799999237060547,26.0,58927
5364,2026-09-18,8.319999694824219,8.449999809265137,8.319999694824219,8.350000381469727,31212
5381,2026-09-18,23.600000381469727,23.799999237060547,23.100000381469727,23.100000381469727,319364
5386,2026-09-18,287.0,294.0,286.0,294.0,971724
5392,2026-09-18,40.5,40.5,39.650001525878906,40.20000076293945,828841
5398,2026-09-18,14.149999618530273,14.350000381469727,13.899999618530273,13.899999618530273,81008
5403,2026-09-18,93.5,93.5,92.9000015258789,93.0,15612
5410,2026-09-18,33.400001525878906,33.400001525878906,33.04999923706055,33.25,171134
5425,2026-09-18,93.19999694824219,94.0999984741211,92.5,92.5999984741211,7204501
5426,2026-09-18,29.5,29.5,29.100000381469727,29.350000381469727,567940
5432,2026-09-18,146.5,160.0,146.5,160.0,243858
5439,2026-09-18,244.0,247.0,242.0,247.0,974547
5438,2026-09-18,16.399999618530273,16.450000762939453,16.25,16.299999237060547,45390
5443,2026-09-18,111.0,111.5,108.0,109.0,1648120
5450,2026-09-18,14.850000381469727,14.850000381469727,14.399999618530273,14.600000381469727,88947
5452,2026-09-18,27.350000381469727,27.350000381469727,26.549999237060547,27.299999237060547,345777
5455,2026-09-18,30.5,30.5,30.5,30.5,7000
5457,2026-09-18,24.950000762939453,24.950000762939453,23.299999237060547,23.299999237060547,4500371
5460,2026-09-18,17.899999618530273,17.899999618530273,17.200000762939453,17.399999618530273,103773
5464,2026-09-18,91.0,95.9000015258789,90.0999984741211,92.69999694824219,1032766
5465,2026-09-18,26.600000381469727,26.700000762939453,26.600000381469727,26.700000762939453,466696
5468,2026-09-18,24.600000381469727,25.100000381469727,24.600000381469727,24.799999237060547,143695
5474,2026-09-18,156.0,163.0,154.5,162.5,523516
5475,2026-09-18,175.0,180.0,171.5,179.0,7892301
5478,2026-09-18,97.5999984741211,97.5999984741211,97.5,97.5,41230
5481,2026-09-18,21.850000381469727,22.200000762939453,21.850000381469727,22.149999618530273,129116
5483,2026-09-18,187.0,190.0,180.5,187.5,19454168
5487,2026-09-18,29.549999237060547,30.200000762939453,29.399999618530273,29.649999618530273,30303
5489,2026-09-18,40.099998474121094,41.5,40.099998474121094,41.25,21000
5490,2026-09-18,25.700000762939453,25.700000762939453,25.299999237060547,25.399999618530273,227208
5488,2026-09-18,12.0,12.0,11.75,11.850000381469727,231714
5493,2026-09-18,87.0999984741211,87.30000305175781,85.5999984741211,86.9000015258789,80389
5508,2026-09-18,58.5,60.0,56.0,56.0,2584894
5511,2026-09-18,70.9000015258789,70.9000015258789,69.5999984741211,70.30000305175781,111484
5498,2026-09-18,50.900001525878906,52.0,50.79999923706055,51.79999923706055,822245
5512,2026-09-18,7.800000190734863,7.829999923706055,7.489999771118164,7.489999771118164,997666
5516,2026-09-18,11.75,12.0,11.75,11.850000381469727,22000
5514,2026-09-18,15.399999618530273,15.399999618530273,15.0,15.0,15301
5520,2026-09-18,82.0,82.0,82.0,82.0,1000
5529,2026-09-18,26.149999618530273,26.149999618530273,25.25,26.0,177783
5530,2026-09-18,50.099998474121094,50.099998474121094,48.900001525878906,48.900001525878906,282464
5536,2026-09-18,831.0,888.0,831.0,888.0,919146
5543,2026-09-18,28.149999618530273,28.149999618530273,26.5,26.5,19292
5547,2026-09-18,20.149999618530273,20.149999618530273,19.850000381469727,19.950000762939453,23986
5548,2026-09-18,20.399999618530273,20.399999618530273,20.100000381469727,20.149999618530273,34068
5603,2026-09-18,13.699999809265137,13.699999809265137,13.449999809265137,13.5,470858
5604,2026-09-18,31.100000381469727,31.100000381469727,30.899999618530273,31.049999237060547,15685
5701,2026-09-18,4.260000228881836,4.269999980926514,4.170000076293945,4.260000228881836,42171
5609,2026-09-18,78.5999984741211,79.19999694824219,78.5,79.19999694824219,139044
5704,2026-09-18,22.799999237060547,23.0,22.5,22.899999618530273,17691
5864,2026-09-18,34.95000076293945,35.45000076293945,34.79999923706055,35.150001525878906,3033207
5878,2026-09-18,38.20000076293945,38.20000076293945,38.150001525878906,38.150001525878906,4038
5903,2026-09-18,184.0,184.5,184.0,184.5,14765
5904,2026-09-18,71.80000305175781,72.0999984741211,71.0999984741211,72.0999984741211,5907184
5905,2026-09-18,7.449999809265137,7.449999809265137,7.309999942779541,7.380000114440918,236051
6015,2026-09-18,17.399999618530273,17.600000381469727,17.299999237060547,17.600000381469727,3172222
6016,2026-09-18,23.0,23.100000381469727,22.5,23.0,4049532
6020,2026-09-18,20.600000381469727,20.600000381469727,20.399999618530273,20.549999237060547,15031
6021,2026-09-18,45.29999923706055,45.79999923706055,45.0,45.45000076293945,428836
6023,2026-09-18,88.19999694824219,88.19999694824219,86.5,87.5,418473
6026,2026-09-18,15.5,15.550000190734863,15.350000381469727,15.5,839140
6101,2026-09-18,38.400001525878906,38.400001525878906,37.900001525878906,38.400001525878906,205399
6103,2026-09-18,37.95000076293945,38.95000076293945,36.79999923706055,38.95000076293945,148719
6104,2026-09-18,91.5,91.5999984741211,90.4000015258789,90.4000015258789,395909
6109,2026-09-18,10.350000381469727,10.600000381469727,10.199999809265137,10.399999618530273,65878
6111,2026-09-18,34.70000076293945,36.849998474121094,34.25,35.79999923706055,380779
6113,2026-09-18,22.200000762939453,22.5,22.149999618530273,22.299999237060547,112747
6114,2026-09-18,22.950000762939453,23.299999237060547,22.799999237060547,23.299999237060547,22102
6118,2026-09-18,15.199999809265137,15.199999809265137,15.100000381469727,15.149999618530273,50552
6121,2026-09-18,376.0,376.0,371.5,371.5,1766107
6122,2026-09-18,51.5,51.70000076293945,50.599998474121094,51.20000076293945,284519
6123,2026-09-18,43.20000076293945,43.20000076293945,42.900001525878906,43.150001525878906,13130
6124,2026-09-18,26.649999618530273,27.100000381469727,26.649999618530273,27.100000381469727,5785
6125,2026-09-18,48.650001525878906,50.20000076293945,48.400001525878906,50.20000076293945,510665
6126,2026-09-18,32.099998474121094,32.099998474121094,31.100000381469727,31.299999237060547,1224199
6127,2026-09-18,49.099998474121094,49.650001525878906,48.29999923706055,48.849998474121094,1315940
6129,2026-09-18,14.600000381469727,14.75,14.350000381469727,14.699999809265137,357514
6130,2026-09-18,24.25,24.299999237060547,23.649999618530273,23.850000381469727,97246
6134,2026-09-18,28.700000762939453,28.950000762939453,28.649999618530273,28.950000762939453,45245
6138,2026-09-18,272.5,277.5,271.5,276.0,549737
6140,2026-09-18,20.25,21.799999237060547,20.0,21.799999237060547,1206164
6143,2026-09-18,82.5,82.80000305175781,81.5999984741211,82.80000305175781,206655
6144,2026-09-18,12.649999618530273,13.100000381469727,12.600000381469727,12.850000381469727,21002
6146,2026-09-18,178.0,178.5,176.0,178.5,269217
6147,2026-09-18,217.0,229.0,213.0,229.0,73644637
6148,2026-09-18,36.25,39.849998474121094,35.900001525878906,39.849998474121094,9081556
6150,2026-09-18,62.79999923706055,62.79999923706055,61.29999923706055,61.29999923706055,161625
6151,2026-09-18,34.45000076293945,35.599998474121094,34.45000076293945,35.45000076293945,131775
6154,2026-09-18,14.100000381469727,14.100000381469727,14.0,14.100000381469727,10583
6156,2026-09-18,20.700000762939453,20.850000381469727,20.5,20.649999618530273,391857
6158,2026-09-18,17.25,17.25,16.850000381469727,17.200000762939453,52473
6160,2026-09-18,14.75,14.75,14.25,14.449999809265137,57131
6161,2026-09-18,48.900001525878906,48.900001525878906,48.400001525878906,48.79999923706055,87931
6163,2026-09-18,41.95000076293945,41.95000076293945,41.04999923706055,41.54999923706055,577041
6167,2026-09-18,10.25,10.350000381469727,10.149999618530273,10.300000190734863,161775
6169,2026-09-18,11.949999809265137,12.100000381469727,11.850000381469727,12.050000190734863,21230
6170,2026-09-18,48.29999923706055,48.29999923706055,47.849998474121094,47.900001525878906,155480
6171,2026-09-18,27.0,27.0,25.399999618530273,25.450000762939453,178075
6173,2026-09-18,309.0,314.0,300.0,314.0,18389840
6174,2026-09-18,44.45000076293945,44.95000076293945,44.349998474121094,44.95000076293945,364271
6175,2026-09-18,70.0,70.4000015258789,69.5999984741211,69.69999694824219,429992
6179,2026-09-18,41.599998474121094,41.900001525878906,37.75,37.900001525878906,29523179
6180,2026-09-18,41.0,41.0,40.70000076293945,40.70000076293945,180109
6182,2026-09-18,114.5,116.5,111.0,116.0,65069392
6185,2026-09-18,12.350000381469727,12.449999809265137,12.350000381469727,12.449999809265137,50454
6186,2026-09-18,30.700000762939453,31.299999237060547,29.950000762939453,29.950000762939453,3230795
6187,2026-09-18,1240.0,1255.0,1230.0,1250.0,1017579
6188,2026-09-18,62.5,62.599998474121094,61.70000076293945,62.599998474121094,688488
6190,2026-09-18,68.80000305175781,69.80000305175781,68.5,69.4000015258789,2847641
6194,2026-09-18,30.299999237060547,30.5,30.200000762939453,30.450000762939453,40004
6195,2026-09-18,27.700000762939453,27.700000762939453,27.700000762939453,27.700000762939453,5951
6199,2026-09-18,105.0,113.0,103.5,113.0,4225230
6203,2026-09-18,60.0,60.0,59.599998474121094,59.599998474121094,65406
6204,2026-09-18,107.0,110.0,101.5,110.0,980358
6207,2026-09-18,114.0,115.5,111.5,115.5,5435138
6208,2026-09-18,74.0999984741211,75.4000015258789,73.5999984741211,75.4000015258789,123590
6212,2026-09-18,32.29999923706055,32.599998474121094,32.29999923706055,32.599998474121094,6055
6217,2026-09-18,165.0,178.5,165.0,178.5,5229833
6218,2026-09-18,57.20000076293945,61.599998474121094,56.099998474121094,61.599998474121094,15499841
6220,2026-09-18,25.299999237060547,25.299999237060547,25.0,25.049999237060547,173417
6219,2026-09-18,12.199999809265137,12.300000190734863,12.149999618530273,12.300000190734863,71657
6221,2026-09-18,31.299999237060547,31.5,30.5,31.5,1639644
6222,2026-09-18,20.549999237060547,20.850000381469727,19.100000381469727,19.600000381469727,25027
6223,2026-09-18,5625.0,5840.0,5620.0,5800.0,819542
6227,2026-09-18,138.0,139.5,130.0,132.0,2287209
6228,2026-09-18,17.149999618530273,17.5,17.149999618530273,17.299999237060547,5120
6229,2026-09-18,23.399999618530273,23.5,23.299999237060547,23.5,28002
6231,2026-09-18,215.5,223.0,215.0,222.5,392361
6233,2026-09-18,20.5,20.799999237060547,20.399999618530273,20.700000762939453,90445
6234,2026-09-18,35.0,38.5,35.0,38.5,1260956
6236,2026-09-18,16.0,16.0,16.0,16.0,7069
6237,2026-09-18,34.0,34.5,33.599998474121094,34.0,185424
6240,2026-09-18,25.049999237060547,26.149999618530273,24.950000762939453,25.0,71114
6241,2026-09-18,15.75,15.899999618530273,15.199999809265137,15.899999618530273,181567
6244,2026-09-18,22.600000381469727,23.700000762939453,22.350000381469727,22.899999618530273,3088289
6245,2026-09-18,85.5999984741211,86.0999984741211,84.5,85.5999984741211,714383
6248,2026-09-18,16.799999237060547,16.899999618530273,16.799999237060547,16.850000381469727,37285
6259,2026-09-18,28.5,29.700000762939453,28.149999618530273,29.25,360506
6261,2026-09-18,75.80000305175781,79.4000015258789,75.80000305175781,79.19999694824219,759956
6263,2026-09-18,157.0,158.5,155.0,157.5,118424
6264,2026-09-18,6.03000020980835,6.03000020980835,6.0,6.010000228881836,92165
6265,2026-09-18,49.400001525878906,49.70000076293945,49.0,49.25,1083443
6266,2026-09-18,25.0,25.0,24.850000381469727,24.850000381469727,80396
6270,2026-09-18,28.600000381469727,29.600000381469727,28.600000381469727,29.299999237060547,251402
6274,2026-09-18,1365.0,1395.0,1335.0,1370.0,9606533
6275,2026-09-18,45.150001525878906,45.5,44.849998474121094,45.099998474121094,129082
6276,2026-09-18,20.700000762939453,20.700000762939453,19.850000381469727,19.850000381469727,14037
6279,2026-09-18,111.5,113.5,111.0,113.5,493255
6284,2026-09-18,76.30000305175781,76.30000305175781,75.5,76.0,322649
6290,2026-09-18,274.0,288.0,270.5,282.5,9230705
6291,2026-09-18,523.0,525.0,500.0,524.0,2440432
6292,2026-09-18,66.9000015258789,67.4000015258789,66.4000015258789,67.30000305175781,351870
6294,2026-09-18,28.649999618530273,28.649999618530273,28.649999618530273,28.649999618530273,5305
6411,2026-09-18,78.80000305175781,78.80000305175781,77.80000305175781,78.80000305175781,178461
6417,2026-09-18,104.0,105.0,103.0,104.0,43468
6418,2026-09-18,34.54999923706055,34.70000076293945,34.5,34.54999923706055,40112
6419,2026-09-18,153.5,154.0,152.0,153.5,119602
6423,2026-09-18,81.4000015258789,82.0,79.5999984741211,81.80000305175781,23919
6425,2026-09-18,63.70000076293945,68.5,63.70000076293945,68.19999694824219,1726480
6432,2026-09-18,54.0,58.79999923706055,53.20000076293945,58.79999923706055,983003
6435,2026-09-18,243.5,247.0,243.5,246.0,193777
6441,2026-09-18,23.799999237060547,24.149999618530273,22.899999618530273,22.899999618530273,336228
6461,2026-09-18,25.25,25.649999618530273,25.049999237060547,25.200000762939453,60531
6462,2026-09-18,97.80000305175781,99.19999694824219,97.0999984741211,97.0999984741211,497912
6465,2026-09-18,44.29999923706055,44.29999923706055,41.5,42.5,138588
6469,2026-09-18,64.30000305175781,65.4000015258789,64.0,65.4000015258789,450183
6470,2026-09-18,43.29999923706055,43.29999923706055,42.54999923706055,43.0,25288
6474,2026-09-18,35.650001525878906,35.650001525878906,35.599998474121094,35.599998474121094,9392
6482,2026-09-18,24.700000762939453,24.799999237060547,24.100000381469727,24.149999618530273,26000
6485,2026-09-18,60.5,65.30000305175781,60.099998474121094,65.30000305175781,1279024
6486,2026-09-18,81.30000305175781,81.30000305175781,80.69999694824219,80.69999694824219,52247
6488,2026-09-18,925.0,960.0,901.0,944.0,15847436
6492,2026-09-18,34.29999923706055,34.45000076293945,33.70000076293945,33.70000076293945,202060
6494,2026-09-18,50.29999923706055,51.5,49.79999923706055,51.5,115294
6496,2026-09-18,24.399999618530273,24.649999618530273,24.149999618530273,24.649999618530273,9440
6498,2026-09-18,66.0,67.0,65.9000015258789,66.9000015258789,102528
6499,2026-09-18,76.4000015258789,76.4000015258789,74.0999984741211,74.5,404544
6508,2026-09-18,25.600000381469727,27.0,25.600000381469727,26.5,260967
6509,2026-09-18,46.20000076293945,46.70000076293945,45.54999923706055,46.45000076293945,800218
6510,2026-09-18,3330.0,3520.0,3320.0,3520.0,481719
6516,2026-09-18,57.20000076293945,59.0,57.20000076293945,58.599998474121094,55180
6517,2026-09-18,64.4000015258789,65.9000015258789,63.79999923706055,65.0,359023
6523,2026-09-18,89.69999694824219,89.69999694824219,89.69999694824219,89.69999694824219,3527
6527,2026-09-18,75.0,75.5,73.5999984741211,74.5,21000
6530,2026-09-18,100.5,103.0,98.80000305175781,100.5,3064566
6532,2026-09-18,94.5,101.5,94.5,99.30000305175781,1392585
6535,2026-09-18,76.19999694824219,78.9000015258789,76.19999694824219,78.9000015258789,360523
6538,2026-09-18,352.5,388.0,348.5,388.0,2422671
6542,2026-09-18,42.04999923706055,42.29999923706055,41.599998474121094,41.849998474121094,5110
6546,2026-09-18,60.20000076293945,60.79999923706055,59.900001525878906,60.0,153725
6547,2026-09-18,60.5,61.0,58.5,59.70000076293945,4741677
6548,2026-09-18,73.5999984741211,75.5,72.80000305175781,74.80000305175781,5408082
6556,2026-09-18,61.599998474121094,61.599998474121094,61.099998474121094,61.099998474121094,3000
6560,2026-09-18,34.25,35.79999923706055,34.25,34.849998474121094,54558
6561,2026-09-18,315.5,317.0,314.5,317.0,26191
6568,2026-09-18,140.5,145.0,140.5,142.5,135174
6569,2026-09-18,90.19999694824219,91.0999984741211,90.19999694824219,91.0999984741211,22284
6570,2026-09-18,47.349998474121094,47.5,46.849998474121094,47.45000076293945,53603
6574,2026-09-18,120.0,121.5,119.5,120.5,48748
6576,2026-09-18,83.0999984741211,83.19999694824219,80.4000015258789,80.4000015258789,392027
6577,2026-09-18,78.80000305175781,79.5999984741211,78.5999984741211,79.0,44881
6578,2026-09-18,16.899999618530273,17.049999237060547,16.799999237060547,16.950000762939453,72108
6584,2026-09-18,560.0,576.0,554.0,576.0,882354
6588,2026-09-18,119.5,122.5,116.0,117.5,3938463
6590,2026-09-18,65.5,69.80000305175781,65.5,68.30000305175781,56007
6593,2026-09-18,31.299999237060547,32.0,31.299999237060547,31.850000381469727,13852
6596,2026-09-18,95.9000015258789,97.0,95.5999984741211,97.0,74285
6597,2026-09-18,68.0,70.0999984741211,67.0,70.0999984741211,14250
6603,2026-09-18,28.350000381469727,30.0,27.950000762939453,28.549999237060547,8940092
6609,2026-09-18,39.099998474121094,39.20000076293945,38.849998474121094,39.099998474121094,59091
6612,2026-09-18,71.30000305175781,71.80000305175781,71.0,71.0,11251
6613,2026-09-18,262.5,271.0,262.5,270.0,336371
6615,2026-09-18,33.599998474121094,33.900001525878906,33.599998474121094,33.849998474121094,8591
6616,2026-09-18,8.359999656677246,8.5,8.199999809265137,8.5,17000
6617,2026-09-18,143.0,144.5,139.5,143.0,881044
6620,2026-09-18,147.0,155.0,140.5,149.0,10038673
6624,2026-09-18,39.20000076293945,39.20000076293945,38.0,38.0,13081
6629,2026-09-18,104.5,104.5,102.0,104.0,9000
6637,2026-09-18,54.099998474121094,54.599998474121094,54.0,54.599998474121094,10050
6640,2026-09-18,1140.0,1205.0,1140.0,1180.0,523830
6642,2026-09-18,76.5999984741211,78.5,76.0999984741211,78.19999694824219,102915
6643,2026-09-18,450.0,458.0,439.5,458.0,945492
6651,2026-09-18,149.0,149.0,143.0,146.5,174425
6654,2026-09-18,200.0,201.5,196.0,197.5,34853
6661,2026-09-18,16.75,16.75,16.149999618530273,16.649999618530273,6000
6662,2026-09-18,28.0,28.5,27.799999237060547,28.5,6000
6664,2026-09-18,338.0,340.0,333.0,339.5,190507
6667,2026-09-18,242.0,262.0,242.0,262.0,1532724
6679,2026-09-18,198.0,198.5,196.5,197.5,112849
6683,2026-09-18,1600.0,1670.0,1570.0,1670.0,2929767
6684,2026-09-18,47.79999923706055,49.45000076293945,47.599998474121094,49.04999923706055,121116
6690,2026-09-18,179.0,190.0,178.5,186.5,551848
6692,2026-09-18,23.799999237060547,24.0,23.049999237060547,23.549999237060547,12511
6693,2026-09-18,183.0,186.5,180.5,183.5,917015
6697,2026-09-18,41.0,41.79999923706055,41.0,41.54999923706055,31049
6703,2026-09-18,100.0,101.0,99.9000015258789,101.0,15486
6708,2026-09-18,39.849998474121094,39.95000076293945,38.5,39.70000076293945,69346
6712,2026-09-18,159.5,159.5,157.5,158.5,173287
6716,2026-09-18,120.0,121.0,117.5,119.5,416093
6720,2026-09-18,128.0,130.5,127.0,129.0,28782
6725,2026-09-18,220.5,223.0,216.0,223.0,57414
6727,2026-09-18,483.0,487.0,474.0,487.0,806786
6728,2026-09-18,107.5,108.0,107.5,108.0,9040
6730,2026-09-18,31.799999237060547,31.899999618530273,31.799999237060547,31.799999237060547,5000
6732,2026-09-18,151.0,151.5,148.5,150.0,69715
6733,2026-09-18,25.700000762939453,25.700000762939453,25.200000762939453,25.5,52408
6735,2026-09-18,61.099998474121094,62.900001525878906,61.0,62.79999923706055,97983
6739,2026-09-18,1125.0,1180.0,1080.0,1150.0,341715
6741,2026-09-18,59.20000076293945,59.5,57.900001525878906,58.79999923706055,274539
6751,2026-09-18,42.599998474121094,42.849998474121094,42.0,42.79999923706055,12772
6752,2026-09-18,98.69999694824219,98.69999694824219,97.0,97.19999694824219,15276
6761,2026-09-18,163.5,167.5,162.0,167.5,115538
6762,2026-09-18,162.0,162.0,162.0,162.0,1681
6763,2026-09-18,41.400001525878906,41.400001525878906,40.900001525878906,41.349998474121094,151457
6767,2026-09-18,23.600000381469727,24.399999618530273,23.600000381469727,24.100000381469727,35000
6785,2026-09-18,104.5,108.0,99.0,99.0,231187
6788,2026-09-18,333.0,342.0,329.0,341.5,240275
6791,2026-09-18,101.5,101.5,100.0,101.0,16174
6803,2026-09-18,267.5,268.5,267.0,267.0,61072
6804,2026-09-18,18.450000762939453,18.450000762939453,18.149999618530273,18.149999618530273,81400
6811,2026-09-18,250.0,272.5,250.0,266.5,1099359
6821,2026-09-18,42.29999923706055,42.29999923706055,40.20000076293945,40.599998474121094,72886
6823,2026-09-18,60.29999923706055,60.29999923706055,59.20000076293945,59.20000076293945,10120
6829,2026-09-18,215.0,232.5,214.0,224.5,1024500
6840,2026-09-18,104.0,111.0,101.5,108.0,1470209
6841,2026-09-18,52.599998474121094,54.400001525878906,52.599998474121094,54.400001525878906,125193
6843,2026-09-18,39.650001525878906,39.650001525878906,38.54999923706055,39.25,8200
6844,2026-09-18,57.599998474121094,57.599998474121094,56.099998474121094,57.599998474121094,37650
6846,2026-09-18,58.900001525878906,59.400001525878906,58.20000076293945,59.0,14102
6856,2026-09-18,42.70000076293945,43.95000076293945,41.0,42.0,14172
6859,2026-09-18,121.0,121.5,119.5,121.0,23080
6865,2026-09-18,27.100000381469727,27.399999618530273,26.600000381469727,27.0,12634
6870,2026-09-18,327.5,327.5,312.0,312.0,64533
6872,2026-09-18,22.100000381469727,22.100000381469727,21.0,21.100000381469727,129521
6874,2026-09-18,69.0,69.9000015258789,69.0,69.0999984741211,27010
6875,2026-09-18,33.0,33.54999923706055,32.650001525878906,33.0,261102
6877,2026-09-18,116.0,120.0,116.0,119.5,39009
6881,2026-09-18,214.0,216.0,214.0,215.0,8317
6884,2026-09-18,30.799999237060547,31.0,30.799999237060547,31.0,6000
6894,2026-09-18,356.5,366.0,356.5,361.5,78713
6895,2026-09-18,146.5,147.5,143.0,143.0,27495
6899,2026-09-18,49.04999923706055,50.0,49.04999923706055,50.0,8092
6903,2026-09-18,300.5,309.0,298.0,309.0,255791
6904,2026-09-18,122.5,122.5,119.0,119.0,3000
6907,2026-09-18,182.0,192.0,182.0,186.5,1858094
6910,2026-09-18,25.100000381469727,25.75,25.100000381469727,25.75,35250
6913,2026-09-18,131.0,131.0,128.5,130.5,187329
6922,2026-09-18,189.0,189.5,185.5,188.0,54447
6925,2026-09-18,56.79999923706055,62.29999923706055,56.79999923706055,59.900001525878906,627016
6929,2026-09-18,21.899999618530273,22.049999237060547,21.899999618530273,22.049999237060547,3433
6945,2026-09-18,119.5,132.0,114.0,132.0,1212125
6953,2026-09-18,233.0,239.5,233.0,238.0,15796
6961,2026-09-18,48.099998474121094,48.29999923706055,47.5,48.0,71359
6967,2026-09-18,65.9000015258789,66.4000015258789,65.4000015258789,66.19999694824219,62267
6968,2026-09-18,41.5,41.599998474121094,41.20000076293945,41.5,67072
6982,2026-09-18,45.0,45.0,44.20000076293945,44.5,20380
6983,2026-09-18,354.0,355.0,344.5,355.0,32126
6986,2026-09-18,40.5,40.5,39.400001525878906,40.20000076293945,104500
6996,2026-09-18,171.5,173.0,171.0,173.0,43010
6997,2026-09-18,69.30000305175781,69.30000305175781,67.0,67.0,2000
7402,2026-09-18,100.5,101.0,100.0,101.0,120399
7547,2026-09-18,49.5,49.95000076293945,49.349998474121094,49.95000076293945,3021
7556,2026-09-18,250.0,262.0,250.0,262.0,100255
7584,2026-09-18,28.75,28.799999237060547,28.450000762939453,28.799999237060547,5656
7642,2026-09-18,70.0,73.0,70.0,71.30000305175781,20150
7703,2026-09-18,198.5,204.0,198.5,203.0,47333
7704,2026-09-18,61.70000076293945,62.5,60.70000076293945,62.099998474121094,43150
7708,2026-09-18,91.69999694824219,92.0,91.5999984741211,91.5999984741211,6565
7709,2026-09-18,80.69999694824219,82.5999984741211,80.0999984741211,81.80000305175781,91390
7712,2026-09-18,155.0,159.0,154.5,158.0,232422
7714,2026-09-18,177.0,186.0,174.5,179.5,455007
7716,2026-09-18,23.450000762939453,23.5,23.450000762939453,23.5,10000
7715,2026-09-18,28.200000762939453,28.5,27.799999237060547,28.0,25602
7717,2026-09-18,601.0,624.0,594.0,600.0,2124291
7718,2026-09-18,46.0,46.150001525878906,45.79999923706055,45.900001525878906,30145
7723,2026-09-18,18.75,18.799999237060547,18.700000762939453,18.799999237060547,14039
7728,2026-09-18,623.0,623.0,569.0,584.0,326660
7734,2026-09-18,2660.0,2675.0,2535.0,2670.0,649869
7738,2026-09-18,161.0,163.0,160.0,163.0,23199
7743,2026-09-18,25.049999237060547,25.200000762939453,24.5,25.0,61528
7744,2026-09-18,521.0,534.0,512.0,531.0,113031
7747,2026-09-18,114.0,114.0,114.0,114.0,1325
7751,2026-09-18,1445.0,1485.0,1445.0,1485.0,461572
7753,2026-09-18,35.5,36.099998474121094,35.400001525878906,35.95000076293945,13113
7757,2026-09-18,90.5,93.80000305175781,88.30000305175781,90.0,18353
7767,2026-09-18,46.25,46.849998474121094,46.20000076293945,46.400001525878906,35310
7770,2026-09-18,38.29999923706055,40.5,38.0,40.5,24578
7772,2026-09-18,148.0,160.5,147.0,155.5,1755354
7777,2026-09-18,36.400001525878906,36.400001525878906,35.45000076293945,35.95000076293945,2776541
7792,2026-09-18,320.0,344.0,320.0,339.0,1546674
7794,2026-09-18,30.700000762939453,31.0,30.649999618530273,31.0,40318
7805,2026-09-18,501.0,509.0,498.5,499.5,75016
7810,2026-09-18,219.5,220.0,216.5,218.5,19263
7811,2026-09-18,72.5,73.0,72.5,73.0,12071
7819,2026-09-18,34.29999923706055,34.95000076293945,34.29999923706055,34.349998474121094,34050
7820,2026-09-18,106.5,106.5,101.5,104.0,39926
7828,2026-09-18,2010.0,2125.0,2010.0,2125.0,554344
7839,2026-09-18,43.349998474121094,43.5,42.95000076293945,43.29999923706055,13000
7842,2026-09-18,94.0,96.4000015258789,93.80000305175781,96.4000015258789,3031
8027,2026-09-18,177.0,180.0,173.5,180.0,4036665
8024,2026-09-18,13.050000190734863,13.050000190734863,12.600000381469727,12.75,50005
8032,2026-09-18,34.849998474121094,35.400001525878906,34.79999923706055,35.400001525878906,22038
8034,2026-09-18,20.299999237060547,20.299999237060547,19.850000381469727,20.0,85509
8038,2026-09-18,32.75,32.75,31.850000381469727,31.899999618530273,161986
8040,2026-09-18,79.5,83.5,78.5,82.69999694824219,2294735
8042,2026-09-18,114.0,114.0,110.5,113.0,1603135
8043,2026-09-18,133.5,134.0,130.5,133.0,815295
8044,2026-09-18,24.200000762939453,24.799999237060547,23.5,23.5,4017464
8047,2026-09-18,46.5,46.5,45.0,45.099998474121094,5001
8048,2026-09-18,49.599998474121094,50.0,49.0,49.599998474121094,82133
8049,2026-09-18,24.450000762939453,24.549999237060547,24.450000762939453,24.549999237060547,47707
8050,2026-09-18,59.599998474121094,59.900001525878906,58.79999923706055,59.29999923706055,1271792
8054,2026-09-18,84.0999984741211,85.0999984741211,83.30000305175781,84.4000015258789,668434
8064,2026-09-18,127.5,136.0,125.0,136.0,26317885
8066,2026-09-18,15.0,15.350000381469727,14.949999809265137,15.350000381469727,30253
8067,2026-09-18,11.649999618530273,11.649999618530273,11.399999618530273,11.550000190734863,26150
8068,2026-09-18,16.149999618530273,16.149999618530273,15.850000381469727,16.149999618530273,69353
8069,2026-09-18,147.0,147.0,143.5,146.5,10196784
8071,2026-09-18,21.649999618530273,22.049999237060547,21.450000762939453,22.0,349151
8074,2026-09-18,50.5,50.599998474121094,49.95000076293945,50.099998474121094,202218
8076,2026-09-18,21.600000381469727,21.600000381469727,21.200000762939453,21.399999618530273,557176
8080,2026-09-18,28.75,28.75,28.75,28.75,4319
8084,2026-09-18,41.70000076293945,41.79999923706055,40.70000076293945,41.75,675471
8083,2026-09-18,157.5,158.0,156.0,158.0,60231
8085,2026-09-18,14.800000190734863,14.949999809265137,14.25,14.399999618530273,159333
8086,2026-09-18,110.0,111.5,107.5,111.0,2524309
8088,2026-09-18,42.599998474121094,42.900001525878906,42.25,42.70000076293945,313074
8089,2026-09-18,18.149999618530273,18.649999618530273,18.100000381469727,18.600000381469727,242671
8091,2026-09-18,216.0,216.5,214.0,215.0,261314
8092,2026-09-18,12.649999618530273,12.75,12.600000381469727,12.75,24323
8093,2026-09-18,25.399999618530273,25.399999618530273,24.399999618530273,25.149999618530273,23336
8096,2026-09-18,89.69999694824219,90.30000305175781,87.0999984741211,88.19999694824219,2198857
8097,2026-09-18,48.900001525878906,49.25,47.79999923706055,49.150001525878906,258298
8099,2026-09-18,59.70000076293945,60.0,59.400001525878906,60.0,45145
8107,2026-09-18,12.199999809265137,12.199999809265137,12.0,12.050000190734863,34867
8109,2026-09-18,131.5,134.0,130.5,134.0,382016
8111,2026-09-18,74.80000305175781,79.5999984741211,73.69999694824219,78.0,22864829
8121,2026-09-18,27.299999237060547,27.899999618530273,27.25,27.899999618530273,354222
8147,2026-09-18,132.5,134.0,131.5,134.0,109179
8155,2026-09-18,324.5,326.5,320.5,323.0,245900
8171,2026-09-18,20.149999618530273,20.200000762939453,20.0,20.049999237060547,95780
8176,2026-09-18,9.65999984741211,9.850000381469727,9.600000381469727,9.829999923706055,33293
8182,2026-09-18,39.79999923706055,39.79999923706055,39.099998474121094,39.5,287352
8183,2026-09-18,28.200000762939453,28.350000381469727,27.899999618530273,28.049999237060547,320030
8234,2026-09-18,63.0,63.0,61.599998474121094,62.5,372103
8227,2026-09-18,263.0,279.0,252.0,279.0,1620422
8240,2026-09-18,50.70000076293945,51.0,50.0,51.0,314582
8255,2026-09-18,137.0,137.0,135.5,136.0,167621
8272,2026-09-18,64.9000015258789,65.0,64.9000015258789,64.9000015258789,5018
8279,2026-09-18,79.0,79.0,78.69999694824219,78.9000015258789,7300
8284,2026-09-18,69.0999984741211,69.0999984741211,68.5,68.80000305175781,8210
8289,2026-09-18,43.20000076293945,44.25,43.20000076293945,44.20000076293945,294490
8291,2026-09-18,29.5,31.700000762939453,29.5,31.700000762939453,34849
8299,2026-09-18,2030.0,2140.0,2010.0,2140.0,6646400
8349,2026-09-18,38.349998474121094,38.400001525878906,37.45000076293945,37.900001525878906,162321
8354,2026-09-18,17.049999237060547,17.100000381469727,16.899999618530273,17.0,21334
8358,2026-09-18,487.5,499.5,484.0,499.5,4517729
8383,2026-09-18,67.0,69.0999984741211,66.5999984741211,68.5,1934235
8401,2026-09-18,22.899999618530273,22.899999618530273,22.700000762939453,22.75,8334
8390,2026-09-18,92.9000015258789,92.9000015258789,91.30000305175781,91.80000305175781,204506
8403,2026-09-18,19.049999237060547,19.049999237060547,18.950000762939453,19.0,34330
8409,2026-09-18,18.100000381469727,18.100000381469727,18.100000381469727,18.100000381469727,1006
8415,2026-09-18,34.849998474121094,35.099998474121094,34.349998474121094,34.349998474121094,4783392
8416,2026-09-18,172.5,172.5,170.5,170.5,2366
8421,2026-09-18,12.949999809265137,13.199999809265137,12.899999618530273,13.0,140785
8423,2026-09-18,17.950000762939453,17.950000762939453,17.850000381469727,17.850000381469727,7080
8426,2026-09-18,20.399999618530273,20.649999618530273,20.100000381469727,20.600000381469727,40002
8424,2026-09-18,69.0,69.4000015258789,69.0,69.30000305175781,4991
8431,2026-09-18,64.5,65.5999984741211,62.20000076293945,62.5,1888724
8432,2026-09-18,50.400001525878906,50.599998474121094,50.0,50.599998474121094,36152
8433,2026-09-18,53.400001525878906,53.599998474121094,53.29999923706055,53.400001525878906,24000
8435,2026-09-18,53.0,53.099998474121094,52.900001525878906,53.099998474121094,10944
8436,2026-09-18,104.5,105.0,103.5,103.5,659755
8437,2026-09-18,9.0,9.279999732971191,8.9399995803833,9.100000381469727,23528
8440,2026-09-18,19.950000762939453,20.200000762939453,19.850000381469727,20.049999237060547,41353
8444,2026-09-18,4.599999904632568,4.599999904632568,4.5,4.590000152587891,28000
8446,2026-09-18,85.0,85.0,84.4000015258789,84.69999694824219,51341
8450,2026-09-18,14.149999618530273,14.300000190734863,14.0,14.149999618530273,34845
8472,2026-09-18,76.0,76.80000305175781,76.0,76.0,6004
8455,2026-09-18,22.549999237060547,23.100000381469727,22.549999237060547,22.700000762939453,5073
8477,2026-09-18,15.0,15.0,14.949999809265137,15.0,6002
8489,2026-09-18,21.5,21.75,21.399999618530273,21.600000381469727,27970
8905,2026-09-18,34.900001525878906,34.95000076293945,34.849998474121094,34.849998474121094,7697
8906,2026-09-18,29.899999618530273,30.5,29.399999618530273,29.5,68220
8908,2026-09-18,40.25,40.25,40.150001525878906,40.150001525878906,3498
8916,2026-09-18,41.25,41.349998474121094,41.0,41.0,61221
8921,2026-09-18,16.850000381469727,16.850000381469727,16.850000381469727,16.850000381469727,1000
8924,2026-09-18,49.900001525878906,50.099998474121094,49.5,50.099998474121094,132749
8927,2026-09-18,18.799999237060547,19.200000762939453,18.399999618530273,18.399999618530273,241159
8930,2026-09-18,28.850000381469727,28.850000381469727,28.799999237060547,28.799999237060547,23630
8931,2026-09-18,43.04999923706055,43.45000076293945,43.0,43.0,30178
8932,2026-09-18,90.0999984741211,92.9000015258789,89.0999984741211,92.9000015258789,2054882
8933,2026-09-18,4.5,4.599999904632568,4.409999847412109,4.570000171661377,41476
8935,2026-09-18,17.350000381469727,17.700000762939453,17.299999237060547,17.700000762939453,81639
8936,2026-09-18,52.400001525878906,52.5,52.0,52.099998474121094,706172
8937,2026-09-18,27.799999237060547,29.350000381469727,27.799999237060547,28.600000381469727,66346
8938,2026-09-18,52.599998474121094,52.599998474121094,50.400001525878906,50.400001525878906,107960
8941,2026-09-18,43.79999923706055,43.849998474121094,42.900001525878906,43.79999923706055,5018
8942,2026-09-18,41.5,41.5,40.29999923706055,40.29999923706055,196946
9949,2026-09-18,24.149999618530273,24.149999618530273,23.950000762939453,24.0,49193
9950,2026-09-18,10.25,10.300000190734863,10.25,10.300000190734863,5000
9951,2026-09-18,48.400001525878906,48.70000076293945,48.150001525878906,48.45000076293945,49434
9960,2026-09-18,30.649999618530273,31.799999237060547,30.649999618530273,31.799999237060547,12612
9962,2026-09-18,10.0,10.0,9.9399995803833,10.0,31027
00929,2026-09-18,28.81999969482422,29.06999969482422,28.770000457763672,29.030000686645508,37145690
7689,2026-09-18,162.5,163.0,161.0,161.5,23114
2237,2026-09-18,27.25,27.399999618530273,27.149999618530273,27.149999618530273,65220
7855,2026-09-18,42.150001525878906,42.20000076293945,42.099998474121094,42.099998474121094,372414
3718,2026-09-18,64.5999984741211,67.0999984741211,64.5999984741211,67.0999984741211,3421653
7825,2026-09-18,82.0,84.80000305175781,78.69999694824219,79.69999694824219,628649
2938,2026-09-18,18.049999237060547,18.149999618530273,18.049999237060547,18.100000381469727,128264
1341,2026-09-18,60.0,60.0,59.70000076293945,59.70000076293945,3000
1423,2026-09-18,35.0,35.5,35.0,35.5,14645
2712,2026-09-18,13.5,13.550000190734863,13.449999809265137,13.5,6694
2939,2026-09-18,20.850000381469727,20.850000381469727,20.25,20.5,18006
4581,2026-09-18,48.29999923706055,48.29999923706055,48.29999923706055,48.29999923706055,2000
6464,2026-09-18,77.69999694824219,78.0,77.69999694824219,78.0,22144
6641,2026-09-18,17.049999237060547,17.200000762939453,17.049999237060547,17.100000381469727,11100
6807,2026-09-18,33.29999923706055,33.5,33.29999923706055,33.5,3000
7732,2026-09-18,34.099998474121094,34.45000076293945,34.099998474121094,34.45000076293945,3000
8467,2026-09-18,91.4000015258789,91.4000015258789,88.0,90.0,6635
8481,2026-09-18,41.04999923706055,41.04999923706055,41.04999923706055,41.04999923706055,2001
9918,2026-09-18,43.29999923706055,43.29999923706055,42.79999923706055,43.25,11303
6921,2026-09-18,63.79999923706055,63.79999923706055,63.599998474121094,63.599998474121094,2059
8487,2026-09-18,70.9000015258789,70.9000015258789,70.30000305175781,70.5999984741211,3232
1294,2026-09-18,51.5,51.5,51.400001525878906,51.5,7565
1813,2026-09-18,11.25,11.350000381469727,11.25,11.350000381469727,7580
2063,2026-09-18,24.0,24.0,23.899999618530273,23.899999618530273,31001
2643,2026-09-18,62.5,62.599998474121094,62.5,62.5,3460
2755,2026-09-18,98.30000305175781,98.4000015258789,98.19999694824219,98.4000015258789,13223
2937,2026-09-18,44.45000076293945,44.5,44.45000076293945,44.5,2102
2947,2026-09-18,60.099998474121094,60.20000076293945,60.099998474121094,60.20000076293945,2044
2948,2026-09-18,36.95000076293945,36.95000076293945,36.849998474121094,36.849998474121094,3309
3118,2026-09-18,31.649999618530273,31.649999618530273,31.649999618530273,31.649999618530273,2235
3205,2026-09-18,47.0,47.0,47.0,47.0,3306
3492,2026-09-18,18.950000762939453,19.0,18.950000762939453,19.0,3100
3531,2026-09-18,21.25,21.25,21.25,21.25,1635
3664,2026-09-18,8.149999618530273,8.399999618530273,8.149999618530273,8.399999618530273,39000
4120,2026-09-18,45.849998474121094,45.900001525878906,45.79999923706055,45.79999923706055,21020
4175,2026-09-18,51.5,51.5,51.20000076293945,51.20000076293945,3634
4183,2026-09-18,13.0,13.050000190734863,13.0,13.050000190734863,8000
4432,2026-09-18,15.5,15.600000381469727,15.449999809265137,15.600000381469727,7209
4530,2026-09-18,23.850000381469727,23.850000381469727,22.0,22.700000762939453,101837
4535,2026-09-18,27.100000381469727,27.100000381469727,27.100000381469727,27.100000381469727,1000
5703,2026-09-18,13.75,13.75,13.699999809265137,13.699999809265137,13003
6210,2026-09-18,16.799999237060547,17.549999237060547,16.700000762939453,17.549999237060547,13237
6242,2026-09-18,34.0,34.0,33.95000076293945,33.95000076293945,5248
6246,2026-09-18,12.899999618530273,12.899999618530273,12.649999618530273,12.649999618530273,3005
6506,2026-09-18,18.100000381469727,18.100000381469727,18.049999237060547,18.049999237060547,35001
6721,2026-09-18,51.0,51.0,51.0,51.0,1060
6855,2026-09-18,114.5,114.5,114.5,114.5,1003
6971,2026-09-18,24.700000762939453,24.700000762939453,24.399999618530273,24.399999618530273,17215
7713,2026-09-18,74.0,74.0,73.80000305175781,73.80000305175781,2194
7782,2026-09-18,25.549999237060547,25.799999237060547,24.5,25.799999237060547,14134
7814,2026-09-18,28.649999618530273,28.649999618530273,28.549999237060547,28.549999237060547,3043
8087,2026-09-18,24.0,24.0,23.350000381469727,23.5,44913
8410,2026-09-18,29.600000381469727,29.600000381469727,29.399999618530273,29.5,3300
8917,2026-09-18,52.20000076293945,52.20000076293945,52.20000076293945,52.20000076293945,2000
8928,2026-09-18,23.049999237060547,23.049999237060547,23.0,23.0,16250
8101,2026-09-18,11.800000190734863,11.800000190734863,11.800000190734863,11.800000190734863,1002
2064,2026-09-18,11.75,11.75,11.75,11.75,2000
3332,2026-09-18,60.70000076293945,60.70000076293945,60.70000076293945,60.70000076293945,1060
4153,2026-09-18,31.950000762939453,31.950000762939453,31.950000762939453,31.950000762939453,1100
5523,2026-09-18,30.299999237060547,30.350000381469727,30.299999237060547,30.350000381469727,6000
6028,2026-09-18,96.5,96.5,96.5,96.5,1240
6649,2026-09-18,35.75,35.75,35.75,35.75,1072
8102,2026-09-18,62.900001525878906,62.900001525878906,62.900001525878906,62.900001525878906,1000
